{
"type": "FeatureCollection",
"name": "priority_admin4",
"crs": { "type": "name", "properties": { "name": "urn:ogc:def:crs:OGC:1.3:CRS84" } },
"features": [
{ "type": "Feature", "properties": { "adm4_name": "Tat Gyi Kone", "adm4_name1": "တပ်ကြီးကုန်း", "adm4_name2": null, "adm4_name3": null, "adm4_pcode": "MMR013003001", "adm3_name": "Hmawbi", "adm3_name1": "မှော်ဘီ", "adm3_name2": null, "adm3_name3": null, "adm3_pcode": "MMR013003", "adm2_name": "Yangon (North)", "adm2_name1": "ရန်ကုန်(မြောက်ပိုင်း)", "adm2_name2": null, "adm2_name3": null, "adm2_pcode": "MMR013D001", "adm1_name": "Yangon", "adm1_name1": "ရန်ကုန်တိုင်းဒေသကြီး", "adm1_name2": null, "adm1_name3": null, "adm1_pcode": "MMR013", "adm0_name": "Myanmar", "adm0_name1": "မြန်မာနိုင်ငံ", "adm0_name2": null, "adm0_name3": null, "adm0_pcode": "MMR", "valid_on": "2024-02-15T00:00:00", "valid_to": null, "area_sqkm": 5.94095442, "version": "v01", "lang": "en", "lang1": "my", "lang2": null, "lang3": null, "adm4_ref_name": "Tat Gyi Kone", "center_lat": 17.0994525, "center_lon": 96.06629807 }, "geometry": { "type": "Polygon", "coordinates": [ [ [ 96.04563056000012, 17.112256224000078 ], [ 96.045905189000166, 17.111339709000163 ], [ 96.047216003000074, 17.106476785000154 ], [ 96.047223101000156, 17.106450452000047 ], [ 96.047874506000142, 17.104033834000063 ], [ 96.048290611000198, 17.102375706000032 ], [ 96.049040141000035, 17.103071699000168 ], [ 96.05022392300009, 17.104190045000109 ], [ 96.050509458000192, 17.10411271300012 ], [ 96.05094371000007, 17.103910459000076 ], [ 96.051098375000151, 17.103714153 ], [ 96.05141960200018, 17.102988418000109 ], [ 96.052317849000133, 17.100989670000104 ], [ 96.053727679000076, 17.097783347000131 ], [ 96.054090547000101, 17.09690889500007 ], [ 96.054245212000183, 17.09648654 ], [ 96.054661618000182, 17.095225426000127 ], [ 96.055434942000034, 17.092828119000103 ], [ 96.056289689000153, 17.090286279000111 ], [ 96.055300174000081, 17.090131954000015 ], [ 96.054307938000079, 17.089810726999985 ], [ 96.053860112000109, 17.089776879000055 ], [ 96.053080137000165, 17.089717928000084 ], [ 96.052216392000048, 17.08959657500003 ], [ 96.052043188000084, 17.089520110000024 ], [ 96.052307129000155, 17.089477539000143 ], [ 96.053768295000111, 17.089107377000062 ], [ 96.05688476600011, 17.088317871000129 ], [ 96.057445057, 17.088236670000072 ], [ 96.060875690999978, 17.087631263000162 ], [ 96.061134908000042, 17.087618302000067 ], [ 96.061342905000117, 17.087607902000116 ], [ 96.065557366, 17.087397180000039 ], [ 96.069536791000019, 17.090206185000056 ], [ 96.071643545000086, 17.09301519100012 ], [ 96.074686634000102, 17.095824196000081 ], [ 96.077963808000163, 17.098633201999974 ], [ 96.081240981000178, 17.100271788000043 ], [ 96.081274500000177, 17.100296927000045 ], [ 96.081282235, 17.100302729000191 ], [ 96.077880859000118, 17.102478027000075 ], [ 96.075683594000168, 17.104125976999967 ], [ 96.071472168000014, 17.107299805000025 ], [ 96.066528320000089, 17.109497070000032 ], [ 96.062046110000097, 17.11127372600015 ], [ 96.059939355000154, 17.112210062000145 ], [ 96.056194015000074, 17.11127372600015 ], [ 96.051044171000115, 17.11127372600015 ], [ 96.04683066299998, 17.111741894000147 ], [ 96.04563056000012, 17.112256224000078 ] ] ] } },
{ "type": "Feature", "properties": { "adm4_name": "Hla Pa Dar", "adm4_name1": "လှပဒါး", "adm4_name2": null, "adm4_name3": null, "adm4_pcode": "MMR013003002", "adm3_name": "Hmawbi", "adm3_name1": "မှော်ဘီ", "adm3_name2": null, "adm3_name3": null, "adm3_pcode": "MMR013003", "adm2_name": "Yangon (North)", "adm2_name1": "ရန်ကုန်(မြောက်ပိုင်း)", "adm2_name2": null, "adm2_name3": null, "adm2_pcode": "MMR013D001", "adm1_name": "Yangon", "adm1_name1": "ရန်ကုန်တိုင်းဒေသကြီး", "adm1_name2": null, "adm1_name3": null, "adm1_pcode": "MMR013", "adm0_name": "Myanmar", "adm0_name1": "မြန်မာနိုင်ငံ", "adm0_name2": null, "adm0_name3": null, "adm0_pcode": "MMR", "valid_on": "2024-02-15T00:00:00", "valid_to": null, "area_sqkm": 9.72910749, "version": "v01", "lang": "en", "lang1": "my", "lang2": null, "lang3": null, "adm4_ref_name": "Hla Pa Dar", "center_lat": 17.08954942, "center_lon": 96.00653524000001 }, "geometry": { "type": "Polygon", "coordinates": [ [ [ 96.024908417000177, 17.090292327000043 ], [ 96.024108887000068, 17.090698241999974 ], [ 96.02368164100011, 17.091125488000159 ], [ 96.022705078, 17.091918945000032 ], [ 96.019470215000183, 17.092895508000083 ], [ 96.015930176000097, 17.094299316000047 ], [ 96.014287075000141, 17.094870830000104 ], [ 96.013122559000067, 17.095275879000098 ], [ 96.013002144000097, 17.0957575380001 ], [ 96.012512207000157, 17.097717285000158 ], [ 96.011291504000155, 17.100891113000046 ], [ 96.008483887000125, 17.102294922000112 ], [ 96.005920409999987, 17.102294922000112 ], [ 96.00329589800009, 17.102905273000033 ], [ 96.001281738000102, 17.105712891 ], [ 95.999694824000073, 17.105895996000129 ], [ 95.999338370000032, 17.108034720000035 ], [ 95.999311653000063, 17.107996553000135 ], [ 95.99934254700014, 17.107718505000037 ], [ 95.999545737000062, 17.105889799000067 ], [ 95.998141234000116, 17.104251213000055 ], [ 95.997204899000167, 17.10237854200011 ], [ 95.996268564000047, 17.101910375000159 ], [ 95.99580039600005, 17.099335453000094 ], [ 95.995566312000051, 17.096760531000029 ], [ 95.9950981450001, 17.094185610000068 ], [ 95.989714217000142, 17.092547023000122 ], [ 95.988075631000129, 17.090908436000177 ], [ 95.987607463000131, 17.08809943100016 ], [ 95.990650552000091, 17.083885923000082 ], [ 95.994629977000102, 17.079672414000072 ], [ 95.997673066000118, 17.077097493000053 ], [ 96.001652491000129, 17.074288487 ], [ 96.005865999000036, 17.076395241000057 ], [ 96.007270502000154, 17.076863409000055 ], [ 96.010547675000169, 17.075458906000108 ], [ 96.014293016000181, 17.074288487 ], [ 96.018506524000088, 17.073586236000097 ], [ 96.022485948, 17.072415817000149 ], [ 96.023663824000153, 17.071987498000112 ], [ 96.023689078000075, 17.071978314999967 ], [ 96.025060870000061, 17.071479482000029 ], [ 96.02506862700011, 17.071479482000029 ], [ 96.025085449000073, 17.071472168000128 ], [ 96.027893066000104, 17.071472168000128 ], [ 96.028067723000106, 17.071553675000018 ], [ 96.029742546000193, 17.07218173300015 ], [ 96.030287876000045, 17.073454170000161 ], [ 96.030517578, 17.07391357400013 ], [ 96.031068128000072, 17.074607746000027 ], [ 96.031921387000068, 17.075683594000054 ], [ 96.031989604000159, 17.075683594000054 ], [ 96.02649020500013, 17.082301514000164 ], [ 96.022357865000174, 17.087148085000138 ], [ 96.024694054000122, 17.089107224000145 ], [ 96.024787556000035, 17.089185636000082 ], [ 96.02565515900011, 17.089913212000056 ], [ 96.024908417000177, 17.090292327000043 ] ] ] } },
{ "type": "Feature", "properties": { "adm4_name": "Min", "adm4_name1": "မင်း", "adm4_name2": null, "adm4_name3": null, "adm4_pcode": "MMR013003003", "adm3_name": "Hmawbi", "adm3_name1": "မှော်ဘီ", "adm3_name2": null, "adm3_name3": null, "adm3_pcode": "MMR013003", "adm2_name": "Yangon (North)", "adm2_name1": "ရန်ကုန်(မြောက်ပိုင်း)", "adm2_name2": null, "adm2_name3": null, "adm2_pcode": "MMR013D001", "adm1_name": "Yangon", "adm1_name1": "ရန်ကုန်တိုင်းဒေသကြီး", "adm1_name2": null, "adm1_name3": null, "adm1_pcode": "MMR013", "adm0_name": "Myanmar", "adm0_name1": "မြန်မာနိုင်ငံ", "adm0_name2": null, "adm0_name3": null, "adm0_pcode": "MMR", "valid_on": "2024-02-15T00:00:00", "valid_to": null, "area_sqkm": 11.80305013, "version": "v01", "lang": "en", "lang1": "my", "lang2": null, "lang3": null, "adm4_ref_name": "Min", "center_lat": 17.08599268, "center_lon": 95.98093607 }, "geometry": { "type": "Polygon", "coordinates": [ [ [ 96.014397145000146, 17.060041031000139 ], [ 96.017211575000147, 17.062252369000134 ], [ 96.01733610500014, 17.062350214000162 ], [ 96.019267300000138, 17.063508931000172 ], [ 96.020847362000154, 17.064456968 ], [ 96.021233571000039, 17.064714441000092 ], [ 96.021465294000109, 17.064868923000063 ], [ 96.02146778600013, 17.064870584000118 ], [ 96.021486045000131, 17.064882757000191 ], [ 96.021549613000104, 17.064925135000124 ], [ 96.021612397000126, 17.065063260000102 ], [ 96.021806892000143, 17.065341111000066 ], [ 96.021911621000186, 17.065490723000039 ], [ 96.022593618000201, 17.067221947000064 ], [ 96.022720032, 17.067500057000188 ], [ 96.022777639000083, 17.067816895000135 ], [ 96.02318820000005, 17.070074979000083 ], [ 96.023595250000142, 17.071621770000093 ], [ 96.023689078000075, 17.071978314999967 ], [ 96.023663824000153, 17.071987498000112 ], [ 96.022485948, 17.072415817000149 ], [ 96.018506524000088, 17.073586236000097 ], [ 96.014293016000181, 17.074288487 ], [ 96.010547675000169, 17.075458906000108 ], [ 96.007270502000154, 17.076863409000055 ], [ 96.005865999000036, 17.076395241000057 ], [ 96.001652491000129, 17.074288487 ], [ 95.997673066000118, 17.077097493000053 ], [ 95.994629977000102, 17.079672414000072 ], [ 95.990650552000091, 17.083885923000082 ], [ 95.987607463000131, 17.08809943100016 ], [ 95.988075631000129, 17.090908436000177 ], [ 95.989714217000142, 17.092547023000122 ], [ 95.9950981450001, 17.094185610000068 ], [ 95.995566312000051, 17.096760531000029 ], [ 95.99580039600005, 17.099335453000094 ], [ 95.996268564000047, 17.101910375000159 ], [ 95.997204899000167, 17.10237854200011 ], [ 95.998141234000116, 17.104251213000055 ], [ 95.999545737000062, 17.105889799000067 ], [ 95.99934254700014, 17.107718505000037 ], [ 95.994402250000178, 17.109866460000035 ], [ 95.991352804000144, 17.104953464000175 ], [ 95.988777882000079, 17.100505872000042 ], [ 95.98713929600018, 17.098399117999975 ], [ 95.984798458000114, 17.096526447000031 ], [ 95.98292578700017, 17.094887861000188 ], [ 95.98198945200005, 17.092781107000121 ], [ 95.980584949000104, 17.090206185000056 ], [ 95.978244111000038, 17.089972101000058 ], [ 95.975669190000076, 17.092312939000124 ], [ 95.968178508000051, 17.094419693000134 ], [ 95.963965000000144, 17.094419693000134 ], [ 95.959985576000065, 17.094185610000068 ], [ 95.957313967000061, 17.092938859000185 ], [ 95.959283324000182, 17.091844772000172 ], [ 95.962560497000197, 17.091142520000176 ], [ 95.967710341000156, 17.089738017000059 ], [ 95.971689765000065, 17.087397180000039 ], [ 95.973796519000132, 17.084588173999975 ], [ 95.97496693800008, 17.081311001000188 ], [ 95.974732855000127, 17.078736079000123 ], [ 95.972626100000184, 17.076863409000055 ], [ 95.972157933000062, 17.073352152000041 ], [ 95.972157933000062, 17.070309063000082 ], [ 95.972860184000183, 17.067734141000187 ], [ 95.977067366000142, 17.066626988000166 ], [ 95.979648613999984, 17.068904560000135 ], [ 95.985266625000065, 17.068436392000137 ], [ 95.987607463000131, 17.067734141000187 ], [ 95.996268564000047, 17.065861471000119 ], [ 96.000950239000076, 17.065393303000121 ], [ 96.004929664000088, 17.06352063300011 ], [ 96.00937725600005, 17.060477543 ], [ 96.014308621000112, 17.060048729000073 ], [ 96.014397145000146, 17.060041031000139 ] ] ] } },
{ "type": "Feature", "properties": { "adm4_name": "Pet Tan", "adm4_name1": "ပက်တန်း", "adm4_name2": null, "adm4_name3": null, "adm4_pcode": "MMR013003004", "adm3_name": "Hmawbi", "adm3_name1": "မှော်ဘီ", "adm3_name2": null, "adm3_name3": null, "adm3_pcode": "MMR013003", "adm2_name": "Yangon (North)", "adm2_name1": "ရန်ကုန်(မြောက်ပိုင်း)", "adm2_name2": null, "adm2_name3": null, "adm2_pcode": "MMR013D001", "adm1_name": "Yangon", "adm1_name1": "ရန်ကုန်တိုင်းဒေသကြီး", "adm1_name2": null, "adm1_name3": null, "adm1_pcode": "MMR013", "adm0_name": "Myanmar", "adm0_name1": "မြန်မာနိုင်ငံ", "adm0_name2": null, "adm0_name3": null, "adm0_pcode": "MMR", "valid_on": "2024-02-15T00:00:00", "valid_to": null, "area_sqkm": 9.91315082, "version": "v01", "lang": "en", "lang1": "my", "lang2": null, "lang3": null, "adm4_ref_name": "Pet Tan", "center_lat": 17.0516994, "center_lon": 95.99150073 }, "geometry": { "type": "Polygon", "coordinates": [ [ [ 95.978109897000138, 17.041850709000187 ], [ 95.980320301000063, 17.041255601000103 ], [ 95.981490720000181, 17.040787433000105 ], [ 95.983129307000127, 17.040085181999984 ], [ 95.987108731000035, 17.039851097999986 ], [ 95.988747318000037, 17.037042092000092 ], [ 95.99038590400005, 17.03540350600008 ], [ 95.991790407000167, 17.034233087000132 ], [ 95.994131245000062, 17.033530835000136 ], [ 95.996430929999974, 17.033038046000115 ], [ 95.996736731000169, 17.033557907000045 ], [ 95.998141234000116, 17.037303248000057 ], [ 95.999077569000065, 17.041048588000137 ], [ 96.0000607180001, 17.041891286000066 ], [ 96.00071615600018, 17.042453091000084 ], [ 96.002361069000131, 17.043158053000127 ], [ 96.003993329000195, 17.043857594000031 ], [ 96.006610813, 17.044730089000041 ], [ 96.006802334000156, 17.04479392900015 ], [ 96.007738669000105, 17.047368851000044 ], [ 96.007270502000154, 17.050177856 ], [ 96.007036418000155, 17.054391365000015 ], [ 96.008440921000101, 17.056732203000081 ], [ 96.01031359100017, 17.058604873000149 ], [ 96.012186262000114, 17.059307124000043 ], [ 96.014058932000182, 17.059775292000097 ], [ 96.014107060000072, 17.059813107000082 ], [ 96.014109605000158, 17.059815107000077 ], [ 96.014397145000146, 17.060041031000139 ], [ 96.014308621000112, 17.060048729000073 ], [ 96.00937725600005, 17.060477543 ], [ 96.004929664000088, 17.06352063300011 ], [ 96.000950239000076, 17.065393303000121 ], [ 95.996268564000047, 17.065861471000119 ], [ 95.987607463000131, 17.067734141000187 ], [ 95.985266625000065, 17.068436392000137 ], [ 95.979648613999984, 17.068904560000135 ], [ 95.977067366000142, 17.066626988000166 ], [ 95.977307776000146, 17.066563722000069 ], [ 95.977775944000143, 17.064691052 ], [ 95.97707369200009, 17.059307124000043 ], [ 95.975435106000077, 17.053220946000067 ], [ 95.976327550000178, 17.049651168000139 ], [ 95.976605525000195, 17.048539270000163 ], [ 95.977541860000144, 17.0454961800001 ], [ 95.978244111000038, 17.041984924000189 ], [ 95.978109897000138, 17.041850709000187 ] ] ] } },
{ "type": "Feature", "properties": { "adm4_name": "Shwe Hlay Gyi", "adm4_name1": "ရွှေလှေကြီး", "adm4_name2": null, "adm4_name3": null, "adm4_pcode": "MMR013003005", "adm3_name": "Hmawbi", "adm3_name1": "မှော်ဘီ", "adm3_name2": null, "adm3_name3": null, "adm3_pcode": "MMR013003", "adm2_name": "Yangon (North)", "adm2_name1": "ရန်ကုန်(မြောက်ပိုင်း)", "adm2_name2": null, "adm2_name3": null, "adm2_pcode": "MMR013D001", "adm1_name": "Yangon", "adm1_name1": "ရန်ကုန်တိုင်းဒေသကြီး", "adm1_name2": null, "adm1_name3": null, "adm1_pcode": "MMR013", "adm0_name": "Myanmar", "adm0_name1": "မြန်မာနိုင်ငံ", "adm0_name2": null, "adm0_name3": null, "adm0_pcode": "MMR", "valid_on": "2024-02-15T00:00:00", "valid_to": null, "area_sqkm": 1.70557728, "version": "v01", "lang": "en", "lang1": "my", "lang2": null, "lang3": null, "adm4_ref_name": "Shwe Hlay Gyi", "center_lat": 17.03611929, "center_lon": 95.98079022 }, "geometry": { "type": "Polygon", "coordinates": [ [ [ 95.996430929999974, 17.033038046000115 ], [ 95.994131245000062, 17.033530835000136 ], [ 95.991790407000167, 17.034233087000132 ], [ 95.99038590400005, 17.03540350600008 ], [ 95.988747318000037, 17.037042092000092 ], [ 95.987108731000035, 17.039851097999986 ], [ 95.983129307000127, 17.040085181999984 ], [ 95.981490720000181, 17.040787433000105 ], [ 95.980320301000063, 17.041255601000103 ], [ 95.978109897000138, 17.041850709000187 ], [ 95.975435106000077, 17.039175918000069 ], [ 95.972626100000184, 17.03683508000006 ], [ 95.970519346000117, 17.034728326000163 ], [ 95.969170315000156, 17.032275542000093 ], [ 95.969133161000116, 17.032155880000118 ], [ 95.969355535000034, 17.032077748000063 ], [ 95.971823280000194, 17.03121070800006 ], [ 95.976106831000152, 17.032034571000111 ], [ 95.978076724000175, 17.032413445000032 ], [ 95.979185843000153, 17.032626763999986 ], [ 95.982589983000082, 17.033281489000103 ], [ 95.98436773200018, 17.033623407000107 ], [ 95.98503927600018, 17.033752566999965 ], [ 95.985088202000099, 17.033761976000164 ], [ 95.987057918, 17.03414081700015 ], [ 95.987108518000127, 17.03411623900007 ], [ 95.990961007000124, 17.032245019000129 ], [ 95.994523558000083, 17.030514627000116 ], [ 95.994681209000078, 17.030438053000182 ], [ 95.994865853000078, 17.030348367000045 ], [ 95.99490164600013, 17.030438263 ], [ 95.995042227000113, 17.0306772510001 ], [ 95.996430929999974, 17.033038046000115 ] ] ] } },
{ "type": "Feature", "properties": { "adm4_name": "Pa Thi", "adm4_name1": "ပသီ", "adm4_name2": null, "adm4_name3": null, "adm4_pcode": "MMR013003006", "adm3_name": "Hmawbi", "adm3_name1": "မှော်ဘီ", "adm3_name2": null, "adm3_name3": null, "adm3_pcode": "MMR013003", "adm2_name": "Yangon (North)", "adm2_name1": "ရန်ကုန်(မြောက်ပိုင်း)", "adm2_name2": null, "adm2_name3": null, "adm2_pcode": "MMR013D001", "adm1_name": "Yangon", "adm1_name1": "ရန်ကုန်တိုင်းဒေသကြီး", "adm1_name2": null, "adm1_name3": null, "adm1_pcode": "MMR013", "adm0_name": "Myanmar", "adm0_name1": "မြန်မာနိုင်ငံ", "adm0_name2": null, "adm0_name3": null, "adm0_pcode": "MMR", "valid_on": "2024-02-15T00:00:00", "valid_to": null, "area_sqkm": 4.55052231, "version": "v01", "lang": "en", "lang1": "my", "lang2": null, "lang3": null, "adm4_ref_name": "Pa Thi", "center_lat": 17.04228586, "center_lon": 95.96277254 }, "geometry": { "type": "Polygon", "coordinates": [ [ [ 95.964199084000143, 17.04970968900011 ], [ 95.959985576000065, 17.050880108000058 ], [ 95.956708402000118, 17.052050527000176 ], [ 95.954133481000156, 17.05275277800007 ], [ 95.953174541000067, 17.052900307000129 ], [ 95.95310695400002, 17.052926872000114 ], [ 95.954037996000181, 17.051212344000191 ], [ 95.954275942000152, 17.049725181000156 ], [ 95.953800050000041, 17.047286234000012 ], [ 95.952431859000058, 17.045561125 ], [ 95.950944696000192, 17.044549854000138 ], [ 95.94838508800018, 17.04410181999998 ], [ 95.947732424000151, 17.043479096000169 ], [ 95.947316018000151, 17.042586798000059 ], [ 95.947494478000181, 17.041397068000038 ], [ 95.948267803000135, 17.040147851000143 ], [ 95.949695479000127, 17.038422742000137 ], [ 95.952610319000087, 17.036697632000028 ], [ 95.957250268000053, 17.035507902000177 ], [ 95.960983150000175, 17.035019385000169 ], [ 95.966372008000178, 17.033126011000036 ], [ 95.969133161000116, 17.032155880000118 ], [ 95.969170315000156, 17.032275542000093 ], [ 95.970519346000117, 17.034728326000163 ], [ 95.972626100000184, 17.03683508000006 ], [ 95.975435106000077, 17.039175918000069 ], [ 95.978109897000138, 17.041850709000187 ], [ 95.978244111000038, 17.041984924000189 ], [ 95.977541860000144, 17.0454961800001 ], [ 95.976605525000195, 17.048539270000163 ], [ 95.976327550000178, 17.049651168000139 ], [ 95.975669190000076, 17.049475605000111 ], [ 95.970987514000115, 17.048773354000161 ], [ 95.967008089000103, 17.048773354000161 ], [ 95.964199084000143, 17.04970968900011 ] ] ] } },
{ "type": "Feature", "properties": { "adm4_name": "Chaung Wa", "adm4_name1": "ချောင်းဝ", "adm4_name2": null, "adm4_name3": null, "adm4_pcode": "MMR013003007", "adm3_name": "Hmawbi", "adm3_name1": "မှော်ဘီ", "adm3_name2": null, "adm3_name3": null, "adm3_pcode": "MMR013003", "adm2_name": "Yangon (North)", "adm2_name1": "ရန်ကုန်(မြောက်ပိုင်း)", "adm2_name2": null, "adm2_name3": null, "adm2_pcode": "MMR013D001", "adm1_name": "Yangon", "adm1_name1": "ရန်ကုန်တိုင်းဒေသကြီး", "adm1_name2": null, "adm1_name3": null, "adm1_pcode": "MMR013", "adm0_name": "Myanmar", "adm0_name1": "မြန်မာနိုင်ငံ", "adm0_name2": null, "adm0_name3": null, "adm0_pcode": "MMR", "valid_on": "2024-02-15T00:00:00", "valid_to": null, "area_sqkm": 7.17235378, "version": "v01", "lang": "en", "lang1": "my", "lang2": null, "lang3": null, "adm4_ref_name": "Chaung Wa", "center_lat": 17.07942479, "center_lon": 95.96452174 }, "geometry": { "type": "Polygon", "coordinates": [ [ [ 95.950077348000036, 17.093382490000067 ], [ 95.948755589000143, 17.092113990000087 ], [ 95.944187024000087, 17.09078149100003 ], [ 95.941712384000141, 17.090067653000119 ], [ 95.939000908000139, 17.089685509000105 ], [ 95.936525159000041, 17.089972475000081 ], [ 95.935240250000049, 17.089972475000081 ], [ 95.933479449000117, 17.089782118000016 ], [ 95.933051146000082, 17.08892551200006 ], [ 95.933289092000052, 17.087735781000106 ], [ 95.933656901, 17.086698403000071 ], [ 95.935131221000177, 17.081546836000086 ], [ 95.934902367000063, 17.077342296000154 ], [ 95.9349600070002, 17.076492107999968 ], [ 95.93499844500019, 17.075925143000063 ], [ 95.936641705000056, 17.076588194000124 ], [ 95.939589721000118, 17.078474924000091 ], [ 95.941930559000184, 17.080113510000103 ], [ 95.950591659000054, 17.081049846000155 ], [ 95.956911922000074, 17.078240840000092 ], [ 95.958784592000143, 17.075431834000028 ], [ 95.960891346000039, 17.071452410000063 ], [ 95.963466268000104, 17.068643404 ], [ 95.972361452000143, 17.065834399000039 ], [ 95.977067366000142, 17.066626988000166 ], [ 95.972860184000183, 17.067734141000187 ], [ 95.972157933000062, 17.070309063000082 ], [ 95.972157933000062, 17.073352152000041 ], [ 95.972626100000184, 17.076863409000055 ], [ 95.974732855000127, 17.078736079000123 ], [ 95.97496693800008, 17.081311001000188 ], [ 95.973796519000132, 17.084588173999975 ], [ 95.971689765000065, 17.087397180000039 ], [ 95.967710341000156, 17.089738017000059 ], [ 95.962560497000197, 17.091142520000176 ], [ 95.959283324000182, 17.091844772000172 ], [ 95.957313967000061, 17.092938859000185 ], [ 95.956474319000051, 17.092547023000122 ], [ 95.953431229000159, 17.092547023000122 ], [ 95.950388140000143, 17.09301519100012 ], [ 95.950077348000036, 17.093382490000067 ] ] ] } },
{ "type": "Feature", "properties": { "adm4_name": "Hmaw Bi Chaung Wa", "adm4_name1": "မှော်ဘီချောင်းဝ", "adm4_name2": null, "adm4_name3": null, "adm4_pcode": "MMR013003008", "adm3_name": "Hmawbi", "adm3_name1": "မှော်ဘီ", "adm3_name2": null, "adm3_name3": null, "adm3_pcode": "MMR013003", "adm2_name": "Yangon (North)", "adm2_name1": "ရန်ကုန်(မြောက်ပိုင်း)", "adm2_name2": null, "adm2_name3": null, "adm2_pcode": "MMR013D001", "adm1_name": "Yangon", "adm1_name1": "ရန်ကုန်တိုင်းဒေသကြီး", "adm1_name2": null, "adm1_name3": null, "adm1_pcode": "MMR013", "adm0_name": "Myanmar", "adm0_name1": "မြန်မာနိုင်ငံ", "adm0_name2": null, "adm0_name3": null, "adm0_pcode": "MMR", "valid_on": "2024-02-15T00:00:00", "valid_to": null, "area_sqkm": 9.57273386, "version": "v01", "lang": "en", "lang1": "my", "lang2": null, "lang3": null, "adm4_ref_name": "Hmaw Bi Chaung Wa", "center_lat": 17.06526273, "center_lon": 95.958691 }, "geometry": { "type": "Polygon", "coordinates": [ [ [ 95.963466268000104, 17.068643404 ], [ 95.960891346000039, 17.071452410000063 ], [ 95.958784592000143, 17.075431834000028 ], [ 95.956911922000074, 17.078240840000092 ], [ 95.950591659000054, 17.081049846000155 ], [ 95.941930559000184, 17.080113510000103 ], [ 95.939589721000118, 17.078474924000091 ], [ 95.936641705000056, 17.076588194000124 ], [ 95.93499844500019, 17.075925143000063 ], [ 95.935140313000034, 17.073832591000098 ], [ 95.936567990000128, 17.06966853400013 ], [ 95.93799566600012, 17.067348559000095 ], [ 95.941445885, 17.063243989000114 ], [ 95.943884832000151, 17.060448123000072 ], [ 95.94660328100008, 17.057236715999977 ], [ 95.950051973000143, 17.05591721900015 ], [ 95.953072532000022, 17.053477505999979 ], [ 95.95310695400002, 17.052926872000114 ], [ 95.953174541000067, 17.052900307000129 ], [ 95.954133481000156, 17.05275277800007 ], [ 95.956708402000118, 17.052050527000176 ], [ 95.959985576000065, 17.050880108000058 ], [ 95.964199084000143, 17.04970968900011 ], [ 95.967008089000103, 17.048773354000161 ], [ 95.970987514000115, 17.048773354000161 ], [ 95.975669190000076, 17.049475605000111 ], [ 95.976327550000178, 17.049651168000139 ], [ 95.975435106000077, 17.053220946000067 ], [ 95.97707369200009, 17.059307124000043 ], [ 95.977775944000143, 17.064691052 ], [ 95.977307776000146, 17.066563722000069 ], [ 95.977067366000142, 17.066626988000166 ], [ 95.972361452000143, 17.065834399000039 ], [ 95.963466268000104, 17.068643404 ] ] ] } },
{ "type": "Feature", "properties": { "adm4_name": "Hnaw Kone", "adm4_name1": "နှောကုန်း", "adm4_name2": null, "adm4_name3": null, "adm4_pcode": "MMR013003009", "adm3_name": "Hmawbi", "adm3_name1": "မှော်ဘီ", "adm3_name2": null, "adm3_name3": null, "adm3_pcode": "MMR013003", "adm2_name": "Yangon (North)", "adm2_name1": "ရန်ကုန်(မြောက်ပိုင်း)", "adm2_name2": null, "adm2_name3": null, "adm2_pcode": "MMR013D001", "adm1_name": "Yangon", "adm1_name1": "ရန်ကုန်တိုင်းဒေသကြီး", "adm1_name2": null, "adm1_name3": null, "adm1_pcode": "MMR013", "adm0_name": "Myanmar", "adm0_name1": "မြန်မာနိုင်ငံ", "adm0_name2": null, "adm0_name3": null, "adm0_pcode": "MMR", "valid_on": "2024-02-15T00:00:00", "valid_to": null, "area_sqkm": 10.44659899, "version": "v01", "lang": "en", "lang1": "my", "lang2": null, "lang3": null, "adm4_ref_name": "Hnaw Kone", "center_lat": 17.1058898, "center_lon": 95.97051733000001 }, "geometry": { "type": "Polygon", "coordinates": [ [ [ 95.945479196000065, 17.102698354000097 ], [ 95.945757468000181, 17.102536029000078 ], [ 95.948422464000032, 17.100204157 ], [ 95.949517016000186, 17.09887165900011 ], [ 95.950516390000132, 17.096920501000113 ], [ 95.950754336000102, 17.095397646000151 ], [ 95.950077348000036, 17.093382490000067 ], [ 95.950388140000143, 17.09301519100012 ], [ 95.953431229000159, 17.092547023000122 ], [ 95.956474319000051, 17.092547023000122 ], [ 95.957313967000061, 17.092938859000185 ], [ 95.959985576000065, 17.094185610000068 ], [ 95.963965000000144, 17.094419693000134 ], [ 95.968178508000051, 17.094419693000134 ], [ 95.975669190000076, 17.092312939000124 ], [ 95.978244111000038, 17.089972101000058 ], [ 95.980584949000104, 17.090206185000056 ], [ 95.98198945200005, 17.092781107000121 ], [ 95.98292578700017, 17.094887861000188 ], [ 95.984798458000114, 17.096526447000031 ], [ 95.98713929600018, 17.098399117999975 ], [ 95.988777882000079, 17.100505872000042 ], [ 95.991352804000144, 17.104953464000175 ], [ 95.994402250000178, 17.109866460000035 ], [ 95.994395893000103, 17.109869224000079 ], [ 95.992055055000037, 17.111975978000146 ], [ 95.98198945200005, 17.116891738000106 ], [ 95.975903273000199, 17.119466659000068 ], [ 95.971823403000087, 17.121582148000073 ], [ 95.969583011, 17.11829624000012 ], [ 95.966539922000038, 17.114784983000106 ], [ 95.963730916000145, 17.111741894000147 ], [ 95.962165240000104, 17.110698109 ], [ 95.960921911000128, 17.109869224000079 ], [ 95.960512263000169, 17.110051290000058 ], [ 95.958815157000117, 17.110805559000028 ], [ 95.958079464000093, 17.112644788000068 ], [ 95.957878821000065, 17.113146397000094 ], [ 95.957410654000171, 17.115019067000162 ], [ 95.955772067, 17.115955402000054 ], [ 95.954367564000052, 17.113848648000044 ], [ 95.953197146000036, 17.110805559000028 ], [ 95.950856308000141, 17.106826134000187 ], [ 95.947345051000184, 17.104953464000175 ], [ 95.945479196000065, 17.102698354000097 ] ] ] } },
{ "type": "Feature", "properties": { "adm4_name": "Bant Bway Kone", "adm4_name1": "ဘန့်ဘွေးကုန်း", "adm4_name2": null, "adm4_name3": null, "adm4_pcode": "MMR013003010", "adm3_name": "Hmawbi", "adm3_name1": "မှော်ဘီ", "adm3_name2": null, "adm3_name3": null, "adm3_pcode": "MMR013003", "adm2_name": "Yangon (North)", "adm2_name1": "ရန်ကုန်(မြောက်ပိုင်း)", "adm2_name2": null, "adm2_name3": null, "adm2_pcode": "MMR013D001", "adm1_name": "Yangon", "adm1_name1": "ရန်ကုန်တိုင်းဒေသကြီး", "adm1_name2": null, "adm1_name3": null, "adm1_pcode": "MMR013", "adm0_name": "Myanmar", "adm0_name1": "မြန်မာနိုင်ငံ", "adm0_name2": null, "adm0_name3": null, "adm0_pcode": "MMR", "valid_on": "2024-02-15T00:00:00", "valid_to": null, "area_sqkm": 7.35366489, "version": "v01", "lang": "en", "lang1": "my", "lang2": null, "lang3": null, "adm4_ref_name": "Bant Bway Kone", "center_lat": 17.11070137, "center_lon": 96.00961168000001 }, "geometry": { "type": "Polygon", "coordinates": [ [ [ 96.022705078, 17.091918945000032 ], [ 96.02368164100011, 17.091125488000159 ], [ 96.024108887000068, 17.090698241999974 ], [ 96.024908417000177, 17.090292327000043 ], [ 96.02565515900011, 17.089913212000056 ], [ 96.028697505000139, 17.092464537000012 ], [ 96.024475098000096, 17.094581932000153 ], [ 96.022945932000084, 17.095348757000124 ], [ 96.0205835430001, 17.09653341600017 ], [ 96.016919173000133, 17.098175244000117 ], [ 96.01653845900006, 17.098508368000125 ], [ 96.016229129000067, 17.099150823000116 ], [ 96.015896005000172, 17.099912250000102 ], [ 96.015586675000179, 17.100340553000137 ], [ 96.015253550000068, 17.100745062000101 ], [ 96.014872836000166, 17.101173365000136 ], [ 96.014634890000195, 17.101482694000026 ], [ 96.015490102000115, 17.103279465000128 ], [ 96.015685065000127, 17.103665583000065 ], [ 96.016011928000125, 17.10431292300018 ], [ 96.017273448000196, 17.107404340000073 ], [ 96.01637826000001, 17.108486043000141 ], [ 96.017136356000037, 17.109101945000134 ], [ 96.017415942000071, 17.109411275000127 ], [ 96.01766578600018, 17.109899064000103 ], [ 96.017879937000032, 17.110601005000149 ], [ 96.01807624300011, 17.111374330000103 ], [ 96.018105986000194, 17.111862120000126 ], [ 96.018082191000076, 17.112230936000117 ], [ 96.018748440000195, 17.11326005300009 ], [ 96.019188641000142, 17.113450410000098 ], [ 96.019753763000153, 17.113545587999965 ], [ 96.02040216600011, 17.113640767000163 ], [ 96.020807857000193, 17.113777311000092 ], [ 96.021599810000055, 17.114949847000105 ], [ 96.021961488000159, 17.115254418000177 ], [ 96.022208952000199, 17.115425739000045 ], [ 96.02277050500004, 17.115711275000024 ], [ 96.023474825000051, 17.116034881000189 ], [ 96.02399830700017, 17.116044399000089 ], [ 96.024455163000141, 17.115777900000126 ], [ 96.025273698000092, 17.11499743600001 ], [ 96.025787661000095, 17.115349597000147 ], [ 96.026356340000177, 17.115627474000121 ], [ 96.026829607000138, 17.116166951000082 ], [ 96.027586276000136, 17.116702330000066 ], [ 96.027891105000037, 17.116282345000059 ], [ 96.028125720000162, 17.11596727500006 ], [ 96.028423152000073, 17.115533023000012 ], [ 96.028708688000108, 17.115306974000077 ], [ 96.029392783000105, 17.114944107000156 ], [ 96.029690215000016, 17.114765647000127 ], [ 96.030128256000125, 17.114493362000076 ], [ 96.030589672000133, 17.11431883 ], [ 96.030861360000017, 17.114216063000129 ], [ 96.031309028000123, 17.114216063000129 ], [ 96.032146269000066, 17.114216063000129 ], [ 96.033359793999978, 17.11404474200009 ], [ 96.034021548000055, 17.114028460000156 ], [ 96.033907334000162, 17.114342549000128 ], [ 96.033878781000055, 17.114642361000051 ], [ 96.033691596000097, 17.114892998000073 ], [ 96.033762627000044, 17.115099160000113 ], [ 96.033821673000091, 17.115270539000164 ], [ 96.034107209000126, 17.115575110000066 ], [ 96.034335637000197, 17.115974859000175 ], [ 96.036975667000149, 17.116038312000171 ], [ 96.037986938000017, 17.116038312000171 ], [ 96.038486625000075, 17.116169182000021 ], [ 96.038560968000127, 17.116104131000043 ], [ 96.03867698200014, 17.116002620000074 ], [ 96.039301833000195, 17.11632834 ], [ 96.039795328000082, 17.116585588000191 ], [ 96.041008853000051, 17.117132864000155 ], [ 96.041663205000191, 17.117513578000057 ], [ 96.042646529000194, 17.117681203000132 ], [ 96.042383071000074, 17.118998492000173 ], [ 96.043009577000021, 17.124167171000124 ], [ 96.043273926000154, 17.126708984000061 ], [ 96.043591239000193, 17.127946507000047 ], [ 96.043849381000086, 17.129108145000032 ], [ 96.043090820000089, 17.129516602000024 ], [ 96.0386962890002, 17.130920410000158 ], [ 96.034729004000155, 17.131530762000011 ], [ 96.030090332000043, 17.130676270000038 ], [ 96.025329590000126, 17.131530762000011 ], [ 96.025234465000153, 17.131369338000184 ], [ 96.025167885000144, 17.131427234000171 ], [ 96.02318820000005, 17.128127760000041 ], [ 96.020409728000175, 17.124494373000061 ], [ 96.020080566000104, 17.124084473000039 ], [ 96.017089844000111, 17.12048339800009 ], [ 96.015686035000044, 17.118530273000033 ], [ 96.013122559000067, 17.116516112999989 ], [ 96.012011473000143, 17.115034666000099 ], [ 96.011291504000155, 17.114074707000157 ], [ 96.007873535000044, 17.11267089800009 ], [ 96.007029679000027, 17.112581549000083 ], [ 96.002685547000169, 17.1121215820001 ], [ 96.001414586000067, 17.110801738000134 ], [ 96.00109863300014, 17.110473633000083 ], [ 96.000194106000151, 17.109257200000059 ], [ 95.999328613000046, 17.108093262000068 ], [ 95.999338370000032, 17.108034720000035 ], [ 95.999694824000073, 17.105895996000129 ], [ 96.001281738000102, 17.105712891 ], [ 96.00329589800009, 17.102905273000033 ], [ 96.005920409999987, 17.102294922000112 ], [ 96.008483887000125, 17.102294922000112 ], [ 96.011291504000155, 17.100891113000046 ], [ 96.012512207000157, 17.097717285000158 ], [ 96.013002144000097, 17.0957575380001 ], [ 96.013122559000067, 17.095275879000098 ], [ 96.014287075000141, 17.094870830000104 ], [ 96.015930176000097, 17.094299316000047 ], [ 96.019470215000183, 17.092895508000083 ], [ 96.022705078, 17.091918945000032 ] ] ] } },
{ "type": "Feature", "properties": { "adm4_name": "Hle Ngoke Chaung", "adm4_name1": "လှည်းငုတ်ချောင်း", "adm4_name2": null, "adm4_name3": null, "adm4_pcode": "MMR013003011", "adm3_name": "Hmawbi", "adm3_name1": "မှော်ဘီ", "adm3_name2": null, "adm3_name3": null, "adm3_pcode": "MMR013003", "adm2_name": "Yangon (North)", "adm2_name1": "ရန်ကုန်(မြောက်ပိုင်း)", "adm2_name2": null, "adm2_name3": null, "adm2_pcode": "MMR013D001", "adm1_name": "Yangon", "adm1_name1": "ရန်ကုန်တိုင်းဒေသကြီး", "adm1_name2": null, "adm1_name3": null, "adm1_pcode": "MMR013", "adm0_name": "Myanmar", "adm0_name1": "မြန်မာနိုင်ငံ", "adm0_name2": null, "adm0_name3": null, "adm0_pcode": "MMR", "valid_on": "2024-02-15T00:00:00", "valid_to": null, "area_sqkm": 21.67850574, "version": "v01", "lang": "en", "lang1": "my", "lang2": null, "lang3": null, "adm4_ref_name": "Hle Ngoke Chaung", "center_lat": 17.13862075, "center_lon": 96.00342849 }, "geometry": { "type": "Polygon", "coordinates": [ [ [ 96.025167885000144, 17.131427234000171 ], [ 96.022521973000039, 17.133728027000018 ], [ 96.022094727000081, 17.139282227000024 ], [ 96.021301270000038, 17.148071289000029 ], [ 96.019897461000141, 17.155883789000029 ], [ 96.018493652000075, 17.160888672000112 ], [ 96.017883301000154, 17.164306641000053 ], [ 96.016479492000087, 17.169921875000114 ], [ 96.012654429, 17.169326507000108 ], [ 96.012377372000117, 17.169104862000154 ], [ 96.011484010000117, 17.168390172000159 ], [ 96.009936509000056, 17.167616422000094 ], [ 96.009696108000128, 17.167496220999965 ], [ 96.009704590000126, 17.167480469000111 ], [ 96.007972753000104, 17.165347082999972 ], [ 96.005865999000036, 17.162069910000184 ], [ 96.004227413000194, 17.158792737000169 ], [ 96.003056994000076, 17.155515563999984 ], [ 96.001652491000129, 17.154345145000036 ], [ 95.999311653000063, 17.154813312000158 ], [ 95.996268564000047, 17.155047396000157 ], [ 95.994161809000104, 17.154579228000159 ], [ 95.992289139000036, 17.15364289300004 ], [ 95.989714217000142, 17.152472474000092 ], [ 95.987373379000132, 17.151067971000145 ], [ 95.986437044000184, 17.150733566000099 ], [ 95.986437044000184, 17.149429385000133 ], [ 95.986202960000185, 17.147556715000064 ], [ 95.985734793000063, 17.145215877 ], [ 95.985032541000066, 17.142640955000104 ], [ 95.985032541000066, 17.140066033000039 ], [ 95.984564374000115, 17.137959279000029 ], [ 95.981287201000157, 17.135852525000132 ], [ 95.978478195000037, 17.133511687000066 ], [ 95.974264687000129, 17.131404933 ], [ 95.973795028000097, 17.131154448000188 ], [ 95.973094268000182, 17.123446084000079 ], [ 95.971823403000087, 17.121582148000073 ], [ 95.975903273000199, 17.119466659000068 ], [ 95.98198945200005, 17.116891738000106 ], [ 95.992055055000037, 17.111975978000146 ], [ 95.994395893000103, 17.109869224000079 ], [ 95.994402250000178, 17.109866460000035 ], [ 95.99934254700014, 17.107718505000037 ], [ 95.999311653000063, 17.107996553000135 ], [ 95.999338370000032, 17.108034720000035 ], [ 95.999328613000046, 17.108093262000068 ], [ 96.000194106000151, 17.109257200000059 ], [ 96.00109863300014, 17.110473633000083 ], [ 96.001414586000067, 17.110801738000134 ], [ 96.002685547000169, 17.1121215820001 ], [ 96.007029679000027, 17.112581549000083 ], [ 96.007873535000044, 17.11267089800009 ], [ 96.011291504000155, 17.114074707000157 ], [ 96.012011473000143, 17.115034666000099 ], [ 96.013122559000067, 17.116516112999989 ], [ 96.015686035000044, 17.118530273000033 ], [ 96.017089844000111, 17.12048339800009 ], [ 96.020080566000104, 17.124084473000039 ], [ 96.020409728000175, 17.124494373000061 ], [ 96.02318820000005, 17.128127760000041 ], [ 96.025167885000144, 17.131427234000171 ] ] ] } },
{ "type": "Feature", "properties": { "adm4_name": "Hpu Gyi", "adm4_name1": "ဖူးကြီး", "adm4_name2": null, "adm4_name3": null, "adm4_pcode": "MMR013003012", "adm3_name": "Hmawbi", "adm3_name1": "မှော်ဘီ", "adm3_name2": null, "adm3_name3": null, "adm3_pcode": "MMR013003", "adm2_name": "Yangon (North)", "adm2_name1": "ရန်ကုန်(မြောက်ပိုင်း)", "adm2_name2": null, "adm2_name3": null, "adm2_pcode": "MMR013D001", "adm1_name": "Yangon", "adm1_name1": "ရန်ကုန်တိုင်းဒေသကြီး", "adm1_name2": null, "adm1_name3": null, "adm1_pcode": "MMR013", "adm0_name": "Myanmar", "adm0_name1": "မြန်မာနိုင်ငံ", "adm0_name2": null, "adm0_name3": null, "adm0_pcode": "MMR", "valid_on": "2024-02-15T00:00:00", "valid_to": null, "area_sqkm": 36.38673929, "version": "v01", "lang": "en", "lang1": "my", "lang2": null, "lang3": null, "adm4_ref_name": "Hpu Gyi", "center_lat": 17.23996825, "center_lon": 96.00281294 }, "geometry": { "type": "Polygon", "coordinates": [ [ [ 96.038812574000133, 17.245931972000164 ], [ 96.038752652000142, 17.245960171000092 ], [ 96.021918292000123, 17.2538822570001 ], [ 96.013911560000054, 17.26283905300005 ], [ 96.008308825000199, 17.269106599000111 ], [ 96.008072715000196, 17.269370725000158 ], [ 96.004632463000121, 17.273219190000134 ], [ 95.996429079000109, 17.278785833000029 ], [ 95.989985860000161, 17.27857095000013 ], [ 95.988891769000134, 17.278534462000096 ], [ 95.987653745000046, 17.278493174000062 ], [ 95.987639842000021, 17.278492711000126 ], [ 95.98486586700011, 17.27682819100005 ], [ 95.983276998000179, 17.275874793000071 ], [ 95.98324526600004, 17.275855753000087 ], [ 95.984169621000035, 17.270053337000149 ], [ 95.98471145000002, 17.266652137999984 ], [ 95.984799969000164, 17.266096479000112 ], [ 95.985570062000193, 17.261262408999983 ], [ 95.985579948000122, 17.261200350000081 ], [ 95.981689756000151, 17.260423800000183 ], [ 95.980511138000111, 17.260188527000139 ], [ 95.975335226000141, 17.259155325000108 ], [ 95.972713130000102, 17.255658923000169 ], [ 95.972698512000136, 17.255639431000134 ], [ 95.972491369000124, 17.25473306900011 ], [ 95.97035488500012, 17.245384821000073 ], [ 95.967321980000065, 17.244019895000122 ], [ 95.967264583000201, 17.243994065000095 ], [ 95.973094268000182, 17.234635886000035 ], [ 95.977775944000143, 17.226911121000114 ], [ 95.979648613999984, 17.225740702000166 ], [ 95.981755368000051, 17.22714520400001 ], [ 95.985266625000065, 17.23135871300002 ], [ 95.986405516000048, 17.230219822000038 ], [ 95.986877441000104, 17.229675293000014 ], [ 95.98547363300014, 17.223876953000058 ], [ 95.984449187999985, 17.219293910000033 ], [ 95.98446145000014, 17.219295294000119 ], [ 95.984353909000049, 17.218822113000158 ], [ 95.984330290000116, 17.218718187999968 ], [ 95.984741034000194, 17.216767153000148 ], [ 95.985266625000065, 17.214270596000063 ], [ 95.985266625000065, 17.209120752000103 ], [ 95.985285473000033, 17.209108972000024 ], [ 95.989011966000078, 17.206779914000037 ], [ 95.990678951000064, 17.204186826000068 ], [ 95.991088867000201, 17.203491210999971 ], [ 95.991475527000034, 17.203383805000158 ], [ 95.993225474000155, 17.202800490000129 ], [ 95.993225474000155, 17.202897709000069 ], [ 95.993225474000155, 17.204439075999971 ], [ 95.99328613300014, 17.204456061000087 ], [ 95.999077569000065, 17.206077663000144 ], [ 96.004114398000127, 17.207252923 ], [ 96.006100083000035, 17.20771625000009 ], [ 96.007382227000107, 17.207823095000094 ], [ 96.014527099000077, 17.208418500999983 ], [ 96.018272440000089, 17.210291171000051 ], [ 96.018480676000081, 17.21048338900016 ], [ 96.021301270000038, 17.213073730000133 ], [ 96.021312382000076, 17.213097272000141 ], [ 96.021315529000049, 17.213100177000115 ], [ 96.021571669000139, 17.213646609000023 ], [ 96.024902344000111, 17.220703125000171 ], [ 96.028686523000147, 17.227478027000132 ], [ 96.03272861500011, 17.234445317000166 ], [ 96.033253803000036, 17.235338137000156 ], [ 96.03398710800019, 17.236650366000106 ], [ 96.037719727000024, 17.24328613299997 ], [ 96.038812574000133, 17.245931972000164 ] ] ] } },
{ "type": "Feature", "properties": { "adm4_name": "Let Pan Tan Su", "adm4_name1": "လက်ပံတန်းစု", "adm4_name2": null, "adm4_name3": null, "adm4_pcode": "MMR013003013", "adm3_name": "Hmawbi", "adm3_name1": "မှော်ဘီ", "adm3_name2": null, "adm3_name3": null, "adm3_pcode": "MMR013003", "adm2_name": "Yangon (North)", "adm2_name1": "ရန်ကုန်(မြောက်ပိုင်း)", "adm2_name2": null, "adm2_name3": null, "adm2_pcode": "MMR013D001", "adm1_name": "Yangon", "adm1_name1": "ရန်ကုန်တိုင်းဒေသကြီး", "adm1_name2": null, "adm1_name3": null, "adm1_pcode": "MMR013", "adm0_name": "Myanmar", "adm0_name1": "မြန်မာနိုင်ငံ", "adm0_name2": null, "adm0_name3": null, "adm0_pcode": "MMR", "valid_on": "2024-02-15T00:00:00", "valid_to": null, "area_sqkm": 45.50826343, "version": "v01", "lang": "en", "lang1": "my", "lang2": null, "lang3": null, "adm4_ref_name": "Let Pan Tan Su", "center_lat": 17.20440073, "center_lon": 96.04723729 }, "geometry": { "type": "Polygon", "coordinates": [ [ [ 96.062611583000091, 17.214393406000113 ], [ 96.062512688000197, 17.214396937000117 ], [ 96.056196986000032, 17.214622411000107 ], [ 96.056489875000011, 17.219896196000093 ], [ 96.056974573000161, 17.222389262000149 ], [ 96.058540523000033, 17.230443791000027 ], [ 96.058469017000164, 17.230515298000171 ], [ 96.057421881000039, 17.231562446000112 ], [ 96.052387950000195, 17.236596441000188 ], [ 96.0468213380002, 17.242163126000037 ], [ 96.038812574000133, 17.245931972000164 ], [ 96.037719727000024, 17.24328613299997 ], [ 96.03398710800019, 17.236650366000106 ], [ 96.033253803000036, 17.235338137000156 ], [ 96.03272861500011, 17.234445317000166 ], [ 96.028686523000147, 17.227478027000132 ], [ 96.024902344000111, 17.220703125000171 ], [ 96.021571669000139, 17.213646609000023 ], [ 96.021315529000049, 17.213100177000115 ], [ 96.021312382000076, 17.213097272000141 ], [ 96.021301270000038, 17.213073730000133 ], [ 96.018480676000081, 17.21048338900016 ], [ 96.018272440000089, 17.210291171000051 ], [ 96.014527099000077, 17.208418500999983 ], [ 96.007382227000107, 17.207823095000094 ], [ 96.006100083000035, 17.20771625000009 ], [ 96.004114398000127, 17.207252923 ], [ 95.999077569000065, 17.206077663000144 ], [ 95.99328613300014, 17.204456061000087 ], [ 95.993225474000155, 17.204439075999971 ], [ 95.993225474000155, 17.202897709000069 ], [ 95.99328613300014, 17.202880859000118 ], [ 95.994079590000126, 17.200927734000061 ], [ 95.995910645000038, 17.198730469000054 ], [ 95.996756530000141, 17.19821781100012 ], [ 95.996845421000103, 17.198163937000118 ], [ 95.997924805000082, 17.197509766000053 ], [ 96.00109863300014, 17.197509766000053 ], [ 96.00329589800009, 17.195922852000024 ], [ 96.006286621000186, 17.194519043000128 ], [ 96.011291504000155, 17.195312500000171 ], [ 96.014282227000081, 17.196472168000184 ], [ 96.019897461000141, 17.198730469000054 ], [ 96.027282715000126, 17.200317383000083 ], [ 96.030700684000067, 17.201293945000089 ], [ 96.033874512000125, 17.202697754000155 ], [ 96.036315918000184, 17.203125000000171 ], [ 96.039916992000201, 17.197326659999987 ], [ 96.042724609000061, 17.190917969000111 ], [ 96.045104980000133, 17.185119629000098 ], [ 96.0465087890002, 17.181518555000082 ], [ 96.047119141000053, 17.177490234000118 ], [ 96.048095703000058, 17.172485352000081 ], [ 96.051513672000169, 17.172485352000081 ], [ 96.055114746000186, 17.173522949000187 ], [ 96.061889648000147, 17.176696777000075 ], [ 96.065917969000111, 17.178283691000104 ], [ 96.067687988000102, 17.177490234000118 ], [ 96.074279785000101, 17.173278809000067 ], [ 96.077514648000147, 17.170715332000157 ], [ 96.081481934000124, 17.167907715000126 ], [ 96.084289551000154, 17.16491699200003 ], [ 96.087707520000095, 17.16351318400001 ], [ 96.092285156000116, 17.162902832000157 ], [ 96.094909668000184, 17.16351318400001 ], [ 96.094921923000072, 17.163517780000063 ], [ 96.095600309000076, 17.163800441000092 ], [ 96.09515860800019, 17.164568222000128 ], [ 96.094791729000121, 17.165725607000013 ], [ 96.094068025000126, 17.16800865800019 ], [ 96.093687053, 17.170697499000028 ], [ 96.093687092000096, 17.170697914000129 ], [ 96.09387206100007, 17.172628161000034 ], [ 96.093888859, 17.172803454000075 ], [ 96.096437178000087, 17.174410280000188 ], [ 96.09645958100009, 17.174424406000071 ], [ 96.096465914000191, 17.174437618000127 ], [ 96.096495173, 17.174498661000086 ], [ 96.097706917000096, 17.177026691000037 ], [ 96.098802025000111, 17.179981749000092 ], [ 96.099554310000087, 17.182011726000098 ], [ 96.102087648000065, 17.185140986000022 ], [ 96.102624512000091, 17.18580413799998 ], [ 96.10252161000011, 17.186685698000133 ], [ 96.102392070000064, 17.187795450000124 ], [ 96.100385366000125, 17.194550852000191 ], [ 96.100385711000058, 17.194551318000038 ], [ 96.101762623000127, 17.196412588000044 ], [ 96.101762632000032, 17.196412850000058 ], [ 96.101815503000068, 17.198002615000064 ], [ 96.101876286, 17.199830284000029 ], [ 96.101616942000021, 17.201162585000077 ], [ 96.101602984000124, 17.201396255000191 ], [ 96.101528079000047, 17.202650208000136 ], [ 96.101517660000184, 17.202824627000098 ], [ 96.101487746000032, 17.202986033000116 ], [ 96.101370268000039, 17.203619915000161 ], [ 96.10124343800004, 17.20430425 ], [ 96.101232663000133, 17.204362390000028 ], [ 96.101699542000119, 17.205450743000142 ], [ 96.10169960200011, 17.205451610000125 ], [ 96.102400994000106, 17.215578728000139 ], [ 96.099141047999979, 17.217516872999965 ], [ 96.098445532000198, 17.217930379999984 ], [ 96.097392426999988, 17.217194834000054 ], [ 96.091775993000169, 17.21774971200017 ], [ 96.091326892000041, 17.217794081000022 ], [ 96.087838200000078, 17.218138749000104 ], [ 96.085081133000131, 17.216925533999984 ], [ 96.080513885000016, 17.214915770000175 ], [ 96.076773802000105, 17.216874876000077 ], [ 96.075681440000153, 17.217447070000162 ], [ 96.074361362000161, 17.218138544000169 ], [ 96.072172712000111, 17.217301631000112 ], [ 96.064400284000044, 17.21432954900007 ], [ 96.062611583000091, 17.214393406000113 ] ] ] } },
{ "type": "Feature", "properties": { "adm4_name": "War Pa Taw", "adm4_name1": "ဝါးပတော", "adm4_name2": null, "adm4_name3": null, "adm4_pcode": "MMR013003014", "adm3_name": "Hmawbi", "adm3_name1": "မှော်ဘီ", "adm3_name2": null, "adm3_name3": null, "adm3_pcode": "MMR013003", "adm2_name": "Yangon (North)", "adm2_name1": "ရန်ကုန်(မြောက်ပိုင်း)", "adm2_name2": null, "adm2_name3": null, "adm2_pcode": "MMR013D001", "adm1_name": "Yangon", "adm1_name1": "ရန်ကုန်တိုင်းဒေသကြီး", "adm1_name2": null, "adm1_name3": null, "adm1_pcode": "MMR013", "adm0_name": "Myanmar", "adm0_name1": "မြန်မာနိုင်ငံ", "adm0_name2": null, "adm0_name3": null, "adm0_pcode": "MMR", "valid_on": "2024-02-15T00:00:00", "valid_to": null, "area_sqkm": 14.69511957, "version": "v01", "lang": "en", "lang1": "my", "lang2": null, "lang3": null, "adm4_ref_name": "War Pa Taw", "center_lat": 17.18576713, "center_lon": 96.01900547 }, "geometry": { "type": "Polygon", "coordinates": [ [ [ 95.994310339000151, 17.181869594999966 ], [ 95.996761242000161, 17.182744918000026 ], [ 95.997314453000172, 17.182922363000046 ], [ 95.999877930000082, 17.183288574000073 ], [ 96.001522, 17.183288574000073 ], [ 96.004695580000089, 17.18313745100005 ], [ 96.006568250000157, 17.18313745100005 ], [ 96.007504586000152, 17.181732948000104 ], [ 96.008909088000053, 17.177987608000024 ], [ 96.008909088000053, 17.175646770000128 ], [ 96.008909088000053, 17.172837764000064 ], [ 96.008909088000053, 17.170262843000103 ], [ 96.009143172000051, 17.16815608800016 ], [ 96.009611340000049, 17.167453837000039 ], [ 96.009696108000128, 17.167496220999965 ], [ 96.009936509000056, 17.167616422000094 ], [ 96.011484010000117, 17.168390172000159 ], [ 96.012377372000117, 17.169104862000154 ], [ 96.012654429, 17.169326507000108 ], [ 96.016479492000087, 17.169921875000114 ], [ 96.021484375000171, 17.170104980000076 ], [ 96.024719238000046, 17.168273926000097 ], [ 96.029479980000133, 17.167297363000046 ], [ 96.032897949000073, 17.168273926000097 ], [ 96.036071777000132, 17.169128418000128 ], [ 96.0386962890002, 17.170104980000076 ], [ 96.042724609000061, 17.171081543000184 ], [ 96.048095703000058, 17.172485352000081 ], [ 96.047119141000053, 17.177490234000118 ], [ 96.0465087890002, 17.181518555000082 ], [ 96.045104980000133, 17.185119629000098 ], [ 96.042724609000061, 17.190917969000111 ], [ 96.039916992000201, 17.197326659999987 ], [ 96.036315918000184, 17.203125000000171 ], [ 96.033874512000125, 17.202697754000155 ], [ 96.030700684000067, 17.201293945000089 ], [ 96.027282715000126, 17.200317383000083 ], [ 96.019897461000141, 17.198730469000054 ], [ 96.014282227000081, 17.196472168000184 ], [ 96.011291504000155, 17.195312500000171 ], [ 96.006286621000186, 17.194519043000128 ], [ 96.00329589800009, 17.195922852000024 ], [ 96.00109863300014, 17.197509766000053 ], [ 95.997924805000082, 17.197509766000053 ], [ 95.996845421000103, 17.198163937000118 ], [ 95.996756530000141, 17.19821781100012 ], [ 95.996546423000041, 17.19716727600013 ], [ 95.996525672000189, 17.197063522000064 ], [ 95.99650264700017, 17.196948395000049 ], [ 95.997438983000166, 17.192968970000038 ], [ 95.997438983000166, 17.189925881000079 ], [ 95.997647074999975, 17.188885415000129 ], [ 95.997673066000118, 17.188755462000131 ], [ 95.9950981450001, 17.187350959000185 ], [ 95.993496070000162, 17.186435488000029 ], [ 95.993459558000154, 17.186414624000065 ], [ 95.992523223000035, 17.18430787 ], [ 95.992675781000059, 17.182934847000183 ], [ 95.992747407000138, 17.182290213000158 ], [ 95.99275730700009, 17.182201116000158 ], [ 95.993927725999981, 17.181732948000104 ], [ 95.994310339000151, 17.181869594999966 ] ] ] } },
{ "type": "Feature", "properties": { "adm4_name": "War Net Chaung Bu Tar", "adm4_name1": "ဝါးနက်ချောင်းဘူတာ", "adm4_name2": null, "adm4_name3": null, "adm4_pcode": "MMR013003015", "adm3_name": "Hmawbi", "adm3_name1": "မှော်ဘီ", "adm3_name2": null, "adm3_name3": null, "adm3_pcode": "MMR013003", "adm2_name": "Yangon (North)", "adm2_name1": "ရန်ကုန်(မြောက်ပိုင်း)", "adm2_name2": null, "adm2_name3": null, "adm2_pcode": "MMR013D001", "adm1_name": "Yangon", "adm1_name1": "ရန်ကုန်တိုင်းဒေသကြီး", "adm1_name2": null, "adm1_name3": null, "adm1_pcode": "MMR013", "adm0_name": "Myanmar", "adm0_name1": "မြန်မာနိုင်ငံ", "adm0_name2": null, "adm0_name3": null, "adm0_pcode": "MMR", "valid_on": "2024-02-15T00:00:00", "valid_to": null, "area_sqkm": 20.76362292, "version": "v01", "lang": "en", "lang1": "my", "lang2": null, "lang3": null, "adm4_ref_name": "War Net Chaung Bu Tar", "center_lat": 17.15374456, "center_lon": 96.04295072 }, "geometry": { "type": "Polygon", "coordinates": [ [ [ 96.080941294000127, 17.151908139000057 ], [ 96.080958494000129, 17.151964038000131 ], [ 96.081468480000069, 17.153621494000163 ], [ 96.081475064000074, 17.15364289300004 ], [ 96.081533157000194, 17.153846219000172 ], [ 96.082411400000126, 17.156920066000055 ], [ 96.082411400000126, 17.160431323000012 ], [ 96.082994768000049, 17.162375885000188 ], [ 96.08312988300014, 17.162902832000157 ], [ 96.084289551000154, 17.16491699200003 ], [ 96.081481934000124, 17.167907715000126 ], [ 96.077514648000147, 17.170715332000157 ], [ 96.074279785000101, 17.173278809000067 ], [ 96.067687988000102, 17.177490234000118 ], [ 96.065917969000111, 17.178283691000104 ], [ 96.061889648000147, 17.176696777000075 ], [ 96.055114746000186, 17.173522949000187 ], [ 96.051513672000169, 17.172485352000081 ], [ 96.048095703000058, 17.172485352000081 ], [ 96.042724609000061, 17.171081543000184 ], [ 96.0386962890002, 17.170104980000076 ], [ 96.036071777000132, 17.169128418000128 ], [ 96.032897949000073, 17.168273926000097 ], [ 96.029479980000133, 17.167297363000046 ], [ 96.024719238000046, 17.168273926000097 ], [ 96.021484375000171, 17.170104980000076 ], [ 96.016479492000087, 17.169921875000114 ], [ 96.017883301000154, 17.164306641000053 ], [ 96.018493652000075, 17.160888672000112 ], [ 96.019897461000141, 17.155883789000029 ], [ 96.021301270000038, 17.148071289000029 ], [ 96.022094727000081, 17.139282227000024 ], [ 96.022521973000039, 17.133728027000018 ], [ 96.025167885000144, 17.131427234000171 ], [ 96.025234465000153, 17.131369338000184 ], [ 96.025329590000126, 17.131530762000011 ], [ 96.030090332000043, 17.130676270000038 ], [ 96.034729004000155, 17.131530762000011 ], [ 96.0386962890002, 17.130920410000158 ], [ 96.043090820000089, 17.129516602000024 ], [ 96.043849381000086, 17.129108145000032 ], [ 96.045192076000035, 17.135150273000136 ], [ 96.046362495000153, 17.141938703000108 ], [ 96.045952773000181, 17.1483576870001 ], [ 96.046087017000104, 17.148416419000171 ], [ 96.05268275800006, 17.151302054999974 ], [ 96.059471188000032, 17.152472474000092 ], [ 96.066259618000061, 17.153876977000039 ], [ 96.078431975000115, 17.152706558000091 ], [ 96.080941294000127, 17.151908139000057 ] ] ] } },
{ "type": "Feature", "properties": { "adm4_name": "Auk War Net Chaung", "adm4_name1": "အောက်ဝါးနက်ချောင်း", "adm4_name2": null, "adm4_name3": null, "adm4_pcode": "MMR013003016", "adm3_name": "Hmawbi", "adm3_name1": "မှော်ဘီ", "adm3_name2": null, "adm3_name3": null, "adm3_pcode": "MMR013003", "adm2_name": "Yangon (North)", "adm2_name1": "ရန်ကုန်(မြောက်ပိုင်း)", "adm2_name2": null, "adm2_name3": null, "adm2_pcode": "MMR013D001", "adm1_name": "Yangon", "adm1_name1": "ရန်ကုန်တိုင်းဒေသကြီး", "adm1_name2": null, "adm1_name3": null, "adm1_pcode": "MMR013", "adm0_name": "Myanmar", "adm0_name1": "မြန်မာနိုင်ငံ", "adm0_name2": null, "adm0_name3": null, "adm0_pcode": "MMR", "valid_on": "2024-02-15T00:00:00", "valid_to": null, "area_sqkm": 12.75689077, "version": "v01", "lang": "en", "lang1": "my", "lang2": null, "lang3": null, "adm4_ref_name": "Auk War Net Chaung", "center_lat": 17.13141809, "center_lon": 96.05679051 }, "geometry": { "type": "Polygon", "coordinates": [ [ [ 96.042383071000074, 17.118998492000173 ], [ 96.042646529000194, 17.117681203000132 ], [ 96.04416754600004, 17.117940489000091 ], [ 96.044519730000047, 17.116545930000086 ], [ 96.044824301000062, 17.114946932000123 ], [ 96.04563056000012, 17.112256224000078 ], [ 96.04683066299998, 17.111741894000147 ], [ 96.051044171000115, 17.11127372600015 ], [ 96.056194015000074, 17.11127372600015 ], [ 96.059939355000154, 17.112210062000145 ], [ 96.062046110000097, 17.11127372600015 ], [ 96.066528320000089, 17.109497070000032 ], [ 96.066284180000139, 17.111877441000104 ], [ 96.066101074000073, 17.115112305000025 ], [ 96.066284180000139, 17.120910644999981 ], [ 96.066284180000139, 17.124694824000187 ], [ 96.068115234000118, 17.129089355000076 ], [ 96.070312500000171, 17.133728027000018 ], [ 96.072082520000095, 17.138488770000038 ], [ 96.075874775000045, 17.141257719000066 ], [ 96.078197891000059, 17.144045458000051 ], [ 96.079602394, 17.147322631000065 ], [ 96.080538729000125, 17.15059980400008 ], [ 96.080941294000127, 17.151908139000057 ], [ 96.078431975000115, 17.152706558000091 ], [ 96.066259618000061, 17.153876977000039 ], [ 96.059471188000032, 17.152472474000092 ], [ 96.05268275800006, 17.151302054999974 ], [ 96.046087017000104, 17.148416419000171 ], [ 96.045952773000181, 17.1483576870001 ], [ 96.046362495000153, 17.141938703000108 ], [ 96.045192076000035, 17.135150273000136 ], [ 96.043849381000086, 17.129108145000032 ], [ 96.043591239000193, 17.127946507000047 ], [ 96.043273926000154, 17.126708984000061 ], [ 96.043009577000021, 17.124167171000124 ], [ 96.042383071000074, 17.118998492000173 ] ] ] } },
{ "type": "Feature", "properties": { "adm4_name": "Ku Lar Kone (U Htun Hla Ah Su)", "adm4_name1": "ကုလားကုန်း (ဦးထွန်းလှအစု)", "adm4_name2": null, "adm4_name3": null, "adm4_pcode": "MMR013003018", "adm3_name": "Hmawbi", "adm3_name1": "မှော်ဘီ", "adm3_name2": null, "adm3_name3": null, "adm3_pcode": "MMR013003", "adm2_name": "Yangon (North)", "adm2_name1": "ရန်ကုန်(မြောက်ပိုင်း)", "adm2_name2": null, "adm2_name3": null, "adm2_pcode": "MMR013D001", "adm1_name": "Yangon", "adm1_name1": "ရန်ကုန်တိုင်းဒေသကြီး", "adm1_name2": null, "adm1_name3": null, "adm1_pcode": "MMR013", "adm0_name": "Myanmar", "adm0_name1": "မြန်မာနိုင်ငံ", "adm0_name2": null, "adm0_name3": null, "adm0_pcode": "MMR", "valid_on": "2024-02-15T00:00:00", "valid_to": null, "area_sqkm": 8.19886431, "version": "v01", "lang": "en", "lang1": "my", "lang2": null, "lang3": null, "adm4_ref_name": "Ku Lar Kone (U Htun Hla Ah Su)", "center_lat": 17.16686863, "center_lon": 95.99319032 }, "geometry": { "type": "Polygon", "coordinates": [ [ [ 95.974414373000059, 17.163907547000065 ], [ 95.974498771000128, 17.162303994000183 ], [ 95.97496693800008, 17.159729072000118 ], [ 95.975903273000199, 17.157622318000051 ], [ 95.978010028000142, 17.155749647000107 ], [ 95.981287201000157, 17.154579228000159 ], [ 95.985500709000064, 17.153876977000039 ], [ 95.986437044000184, 17.15294064200009 ], [ 95.986437044000184, 17.150733566000099 ], [ 95.987373379000132, 17.151067971000145 ], [ 95.989714217000142, 17.152472474000092 ], [ 95.992289139000036, 17.15364289300004 ], [ 95.994161809000104, 17.154579228000159 ], [ 95.996268564000047, 17.155047396000157 ], [ 95.999311653000063, 17.154813312000158 ], [ 96.001652491000129, 17.154345145000036 ], [ 96.003056994000076, 17.155515563999984 ], [ 96.004227413000194, 17.158792737000169 ], [ 96.005865999000036, 17.162069910000184 ], [ 96.007972753000104, 17.165347082999972 ], [ 96.009704590000126, 17.167480469000111 ], [ 96.009696108000128, 17.167496220999965 ], [ 96.009611340000049, 17.167453837000039 ], [ 96.009143172000051, 17.16815608800016 ], [ 96.008909088000053, 17.170262843000103 ], [ 96.008909088000053, 17.172837764000064 ], [ 96.008909088000053, 17.175646770000128 ], [ 96.008909088000053, 17.177987608000024 ], [ 96.007504586000152, 17.181732948000104 ], [ 96.006568250000157, 17.18313745100005 ], [ 96.004695580000089, 17.18313745100005 ], [ 96.001522, 17.183288574000073 ], [ 95.999877930000082, 17.183288574000073 ], [ 95.997314453000172, 17.182922363000046 ], [ 95.996761242000161, 17.182744918000026 ], [ 95.994310339000151, 17.181869594999966 ], [ 95.993225474000155, 17.180094362000091 ], [ 95.992289139000036, 17.178221691000147 ], [ 95.992055055000037, 17.173774099000184 ], [ 95.990182385000196, 17.170262843000103 ], [ 95.987607463000131, 17.171433261000118 ], [ 95.983159871000169, 17.170965094000053 ], [ 95.979882697999983, 17.170028759000104 ], [ 95.977541860000144, 17.170028759000104 ], [ 95.976605525000195, 17.169326507000108 ], [ 95.977307776000146, 17.166283418000091 ], [ 95.976605525000195, 17.164410748000023 ], [ 95.974732855000127, 17.163708496000027 ], [ 95.974414373000059, 17.163907547000065 ] ] ] } },
{ "type": "Feature", "properties": { "adm4_name": "Myo Chaung", "adm4_name1": "မြို့ချောင်း", "adm4_name2": null, "adm4_name3": null, "adm4_pcode": "MMR013003019", "adm3_name": "Hmawbi", "adm3_name1": "မှော်ဘီ", "adm3_name2": null, "adm3_name3": null, "adm3_pcode": "MMR013003", "adm2_name": "Yangon (North)", "adm2_name1": "ရန်ကုန်(မြောက်ပိုင်း)", "adm2_name2": null, "adm2_name3": null, "adm2_pcode": "MMR013D001", "adm1_name": "Yangon", "adm1_name1": "ရန်ကုန်တိုင်းဒေသကြီး", "adm1_name2": null, "adm1_name3": null, "adm1_pcode": "MMR013", "adm0_name": "Myanmar", "adm0_name1": "မြန်မာနိုင်ငံ", "adm0_name2": null, "adm0_name3": null, "adm0_pcode": "MMR", "valid_on": "2024-02-15T00:00:00", "valid_to": null, "area_sqkm": 9.52138712, "version": "v01", "lang": "en", "lang1": "my", "lang2": null, "lang3": null, "adm4_ref_name": "Myo Chaung", "center_lat": 17.12296308, "center_lon": 95.95230801 }, "geometry": { "type": "Polygon", "coordinates": [ [ [ 95.973795028000097, 17.131154448000188 ], [ 95.973796519000132, 17.131170849 ], [ 95.971689765000065, 17.134448022000186 ], [ 95.96911484300017, 17.139363782000146 ], [ 95.967008089000103, 17.141704619999985 ], [ 95.963228942000171, 17.14303843600004 ], [ 95.961744472000078, 17.141285551000067 ], [ 95.961255255000196, 17.138874708000174 ], [ 95.960031260000108, 17.13414716799997 ], [ 95.959460189000197, 17.131482172000119 ], [ 95.958214729000133, 17.128985240000077 ], [ 95.957761789000187, 17.127522795000175 ], [ 95.957710720000136, 17.127491753000072 ], [ 95.954368249000026, 17.125460026000098 ], [ 95.954361134000067, 17.125455895000187 ], [ 95.954054231000157, 17.125269303000039 ], [ 95.954034805000163, 17.12525749200006 ], [ 95.95402147700014, 17.125276322000161 ], [ 95.951005727000165, 17.125922552000191 ], [ 95.945069445000172, 17.127526954000075 ], [ 95.940067582000097, 17.127603650000026 ], [ 95.93623709100018, 17.127676353000084 ], [ 95.933463933000041, 17.126936844000056 ], [ 95.932929199000057, 17.125700082000037 ], [ 95.932274847000087, 17.124450864999972 ], [ 95.931713512000101, 17.122480067000026 ], [ 95.931590752000034, 17.121089875999985 ], [ 95.932126131000189, 17.12007860500006 ], [ 95.933821497000167, 17.118204780000042 ], [ 95.935844039000187, 17.116985306 ], [ 95.93786658099998, 17.115914548000092 ], [ 95.938610162000145, 17.115034148000063 ], [ 95.939181233000056, 17.11417754200005 ], [ 95.939258607000056, 17.112169825000137 ], [ 95.938582730000178, 17.111492322000117 ], [ 95.938419805000137, 17.110560761000045 ], [ 95.936801772000081, 17.108562014000142 ], [ 95.935849987000097, 17.107039159000124 ], [ 95.935496586999989, 17.105978955000182 ], [ 95.935469274000127, 17.105897017000132 ], [ 95.935469274000127, 17.104754876000072 ], [ 95.936188560000176, 17.1042624050001 ], [ 95.936687586000062, 17.103920739000046 ], [ 95.937780046000057, 17.104217132000144 ], [ 95.941618831000142, 17.104361626000014 ], [ 95.942142221000097, 17.104222449000133 ], [ 95.943473185000073, 17.103868526999975 ], [ 95.945479196000065, 17.102698354000097 ], [ 95.947345051000184, 17.104953464000175 ], [ 95.950856308000141, 17.106826134000187 ], [ 95.953197146000036, 17.110805559000028 ], [ 95.954367564000052, 17.113848648000044 ], [ 95.955772067, 17.115955402000054 ], [ 95.957410654000171, 17.115019067000162 ], [ 95.957878821000065, 17.113146397000094 ], [ 95.958079464000093, 17.112644788000068 ], [ 95.958815157000117, 17.110805559000028 ], [ 95.960512263000169, 17.110051290000058 ], [ 95.960921911000128, 17.109869224000079 ], [ 95.962165240000104, 17.110698109 ], [ 95.963730916000145, 17.111741894000147 ], [ 95.966539922000038, 17.114784983000106 ], [ 95.969583011, 17.11829624000012 ], [ 95.971823403000087, 17.121582148000073 ], [ 95.973094268000182, 17.123446084000079 ], [ 95.973795028000097, 17.131154448000188 ] ] ] } },
{ "type": "Feature", "properties": { "adm4_name": "Kan Ka Lay (M)", "adm4_name1": "ကံကလေး (အမ်)", "adm4_name2": null, "adm4_name3": null, "adm4_pcode": "MMR013003020", "adm3_name": "Hmawbi", "adm3_name1": "မှော်ဘီ", "adm3_name2": null, "adm3_name3": null, "adm3_pcode": "MMR013003", "adm2_name": "Yangon (North)", "adm2_name1": "ရန်ကုန်(မြောက်ပိုင်း)", "adm2_name2": null, "adm2_name3": null, "adm2_pcode": "MMR013D001", "adm1_name": "Yangon", "adm1_name1": "ရန်ကုန်တိုင်းဒေသကြီး", "adm1_name2": null, "adm1_name3": null, "adm1_pcode": "MMR013", "adm0_name": "Myanmar", "adm0_name1": "မြန်မာနိုင်ငံ", "adm0_name2": null, "adm0_name3": null, "adm0_pcode": "MMR", "valid_on": "2024-02-15T00:00:00", "valid_to": null, "area_sqkm": 7.00591612, "version": "v01", "lang": "en", "lang1": "my", "lang2": null, "lang3": null, "adm4_ref_name": "Kan Ka Lay (M)", "center_lat": 17.15034018, "center_lon": 95.97687601 }, "geometry": { "type": "Polygon", "coordinates": [ [ [ 95.963228942000171, 17.14303843600004 ], [ 95.967008089000103, 17.141704619999985 ], [ 95.96911484300017, 17.139363782000146 ], [ 95.971689765000065, 17.134448022000186 ], [ 95.973796519000132, 17.131170849 ], [ 95.973795028000097, 17.131154448000188 ], [ 95.974264687000129, 17.131404933 ], [ 95.978478195000037, 17.133511687000066 ], [ 95.981287201000157, 17.135852525000132 ], [ 95.984564374000115, 17.137959279000029 ], [ 95.985032541000066, 17.140066033000039 ], [ 95.985032541000066, 17.142640955000104 ], [ 95.985734793000063, 17.145215877 ], [ 95.986202960000185, 17.147556715000064 ], [ 95.986437044000184, 17.149429385000133 ], [ 95.986437044000184, 17.150733566000099 ], [ 95.986437044000184, 17.15294064200009 ], [ 95.985500709000064, 17.153876977000039 ], [ 95.981287201000157, 17.154579228000159 ], [ 95.978010028000142, 17.155749647000107 ], [ 95.975903273000199, 17.157622318000051 ], [ 95.97496693800008, 17.159729072000118 ], [ 95.974498771000128, 17.162303994000183 ], [ 95.974414373000059, 17.163907547000065 ], [ 95.972860184000183, 17.164878915000145 ], [ 95.968646676000105, 17.169092424000155 ], [ 95.967008089000103, 17.16815608800016 ], [ 95.964433168000141, 17.167453837000039 ], [ 95.961858246000077, 17.166049334000093 ], [ 95.959751492, 17.163942580000025 ], [ 95.958112905000064, 17.162538077000079 ], [ 95.956709, 17.162601891000065 ], [ 95.956636126000035, 17.161071546000187 ], [ 95.955760127000076, 17.159583606000126 ], [ 95.955879100000061, 17.15785849700012 ], [ 95.95629550600006, 17.156549794000114 ], [ 95.957425750000141, 17.155419550000033 ], [ 95.958912913000177, 17.154467765000106 ], [ 95.960459563000086, 17.154110846000151 ], [ 95.962412707000055, 17.154088546000082 ], [ 95.964445160000082, 17.153991873000166 ], [ 95.966477548, 17.152281950000145 ], [ 95.967185088000122, 17.151475016000177 ], [ 95.96736, 17.149946789000126 ], [ 95.966765134000184, 17.14798373400015 ], [ 95.965932323000118, 17.146912977000113 ], [ 95.963951963000056, 17.144563734000144 ], [ 95.963228942000171, 17.14303843600004 ] ] ] } },
{ "type": "Feature", "properties": { "adm4_name": "Myaung Ta Kar", "adm4_name1": "မြောင်းတကာ", "adm4_name2": null, "adm4_name3": null, "adm4_pcode": "MMR013003021", "adm3_name": "Hmawbi", "adm3_name1": "မှော်ဘီ", "adm3_name2": null, "adm3_name3": null, "adm3_pcode": "MMR013003", "adm2_name": "Yangon (North)", "adm2_name1": "ရန်ကုန်(မြောက်ပိုင်း)", "adm2_name2": null, "adm2_name3": null, "adm2_pcode": "MMR013D001", "adm1_name": "Yangon", "adm1_name1": "ရန်ကုန်တိုင်းဒေသကြီး", "adm1_name2": null, "adm1_name3": null, "adm1_pcode": "MMR013", "adm0_name": "Myanmar", "adm0_name1": "မြန်မာနိုင်ငံ", "adm0_name2": null, "adm0_name3": null, "adm0_pcode": "MMR", "valid_on": "2024-02-15T00:00:00", "valid_to": null, "area_sqkm": 21.11520661, "version": "v01", "lang": "en", "lang1": "my", "lang2": null, "lang3": null, "adm4_ref_name": "Myaung Ta Kar", "center_lat": 17.18805321, "center_lon": 95.96425726 }, "geometry": { "type": "Polygon", "coordinates": [ [ [ 95.975097656000059, 17.212280273000147 ], [ 95.973083496000186, 17.212524413999972 ], [ 95.970520019999981, 17.209899902000075 ], [ 95.969909668000128, 17.207702637000125 ], [ 95.969726563000165, 17.20227050800014 ], [ 95.968505859000061, 17.198913574000017 ], [ 95.965698242000201, 17.196289063000052 ], [ 95.962707520000038, 17.193298340000126 ], [ 95.960693359000061, 17.191284180000082 ], [ 95.957702637000068, 17.189514160000044 ], [ 95.951110840000069, 17.189514160000044 ], [ 95.947082520000038, 17.191711426000097 ], [ 95.942871094000111, 17.193481445000089 ], [ 95.93890380900018, 17.195678710999971 ], [ 95.936279297000112, 17.197082520000038 ], [ 95.934326172000056, 17.197875977000081 ], [ 95.934082031000059, 17.196716309000067 ], [ 95.932128906000173, 17.19250488300014 ], [ 95.932128906000173, 17.185750471000119 ], [ 95.932955274000165, 17.186090740000111 ], [ 95.933283786000175, 17.185827931000119 ], [ 95.934218074000171, 17.185953586000096 ], [ 95.935188894000021, 17.185496730000125 ], [ 95.935588643000187, 17.184868552000069 ], [ 95.935820425000145, 17.183798619000072 ], [ 95.935820425000145, 17.18007392200019 ], [ 95.936137679000126, 17.179379379000181 ], [ 95.936188267000034, 17.177273313000171 ], [ 95.936816445000147, 17.175902743000108 ], [ 95.938664930000073, 17.173846636000064 ], [ 95.94013137900015, 17.172574045000033 ], [ 95.9417276530001, 17.171905249000133 ], [ 95.943440864000138, 17.17167682000013 ], [ 95.945108604000154, 17.171913934000031 ], [ 95.946296218000157, 17.173218711000061 ], [ 95.94715282400017, 17.174018210000042 ], [ 95.948694714, 17.174703495000188 ], [ 95.950065284000061, 17.174703495000188 ], [ 95.950900194000042, 17.173930430000098 ], [ 95.951607175000049, 17.173275818000093 ], [ 95.953377494000051, 17.171791035000069 ], [ 95.954919384000107, 17.169620966000025 ], [ 95.956004419000067, 17.167679326000155 ], [ 95.956709, 17.162601891000065 ], [ 95.958112905000064, 17.162538077000079 ], [ 95.959751492, 17.163942580000025 ], [ 95.961858246000077, 17.166049334000093 ], [ 95.964433168000141, 17.167453837000039 ], [ 95.967008089000103, 17.16815608800016 ], [ 95.968646676000105, 17.169092424000155 ], [ 95.972860184000183, 17.164878915000145 ], [ 95.974414373000059, 17.163907547000065 ], [ 95.974732855000127, 17.163708496000027 ], [ 95.976605525000195, 17.164410748000023 ], [ 95.977307776000146, 17.166283418000091 ], [ 95.976605525000195, 17.169326507000108 ], [ 95.977541860000144, 17.170028759000104 ], [ 95.979882697999983, 17.170028759000104 ], [ 95.983159871000169, 17.170965094000053 ], [ 95.987607463000131, 17.171433261000118 ], [ 95.990182385000196, 17.170262843000103 ], [ 95.992055055000037, 17.173774099000184 ], [ 95.992289139000036, 17.178221691000147 ], [ 95.993225474000155, 17.180094362000091 ], [ 95.994310339000151, 17.181869594999966 ], [ 95.993927725999981, 17.181732948000104 ], [ 95.99275730700009, 17.182201116000158 ], [ 95.992747407000138, 17.182290213000158 ], [ 95.992675781000059, 17.182934847000183 ], [ 95.992523223000035, 17.18430787 ], [ 95.993459558000154, 17.186414624000065 ], [ 95.993496070000162, 17.186435488000029 ], [ 95.9950981450001, 17.187350959000185 ], [ 95.997673066000118, 17.188755462000131 ], [ 95.997647074999975, 17.188885415000129 ], [ 95.997438983000166, 17.189925881000079 ], [ 95.997438983000166, 17.192968970000038 ], [ 95.99650264700017, 17.196948395000049 ], [ 95.996525672000189, 17.197063522000064 ], [ 95.996546423000041, 17.19716727600013 ], [ 95.996756530000141, 17.19821781100012 ], [ 95.995910645000038, 17.198730469000054 ], [ 95.994079590000126, 17.200927734000061 ], [ 95.99328613300014, 17.202880859000118 ], [ 95.993225474000155, 17.202897709000069 ], [ 95.993225474000155, 17.202800490000129 ], [ 95.991475527000034, 17.203383805000158 ], [ 95.991088867000201, 17.203491210999971 ], [ 95.990678951000064, 17.204186826000068 ], [ 95.989011966000078, 17.206779914000037 ], [ 95.985285473000033, 17.209108972000024 ], [ 95.982482910000044, 17.210510254000155 ], [ 95.980102539000143, 17.211120605000133 ], [ 95.977478027000075, 17.210876465000183 ], [ 95.975097656000059, 17.212280273000147 ] ] ] } },
{ "type": "Feature", "properties": { "adm4_name": "Nyaung Kone", "adm4_name1": "ညောင်ကုန်း", "adm4_name2": null, "adm4_name3": null, "adm4_pcode": "MMR013003022", "adm3_name": "Hmawbi", "adm3_name1": "မှော်ဘီ", "adm3_name2": null, "adm3_name3": null, "adm3_pcode": "MMR013003", "adm2_name": "Yangon (North)", "adm2_name1": "ရန်ကုန်(မြောက်ပိုင်း)", "adm2_name2": null, "adm2_name3": null, "adm2_pcode": "MMR013D001", "adm1_name": "Yangon", "adm1_name1": "ရန်ကုန်တိုင်းဒေသကြီး", "adm1_name2": null, "adm1_name3": null, "adm1_pcode": "MMR013", "adm0_name": "Myanmar", "adm0_name1": "မြန်မာနိုင်ငံ", "adm0_name2": null, "adm0_name3": null, "adm0_pcode": "MMR", "valid_on": "2024-02-15T00:00:00", "valid_to": null, "area_sqkm": 8.78583498, "version": "v01", "lang": "en", "lang1": "my", "lang2": null, "lang3": null, "adm4_ref_name": "Nyaung Kone", "center_lat": 17.20367432, "center_lon": 95.95196102 }, "geometry": { "type": "Polygon", "coordinates": [ [ [ 95.985285473000033, 17.209108972000024 ], [ 95.985266625000065, 17.209120752000103 ], [ 95.985266625000065, 17.214270596000063 ], [ 95.984741034000194, 17.216767153000148 ], [ 95.984330290000116, 17.218718187999968 ], [ 95.984353909000049, 17.218822113000158 ], [ 95.98446145000014, 17.219295294000119 ], [ 95.984449187999985, 17.219293910000033 ], [ 95.984439092000059, 17.219248744000026 ], [ 95.983215482000048, 17.21915462000004 ], [ 95.980712891000053, 17.218872070000089 ], [ 95.979333978000057, 17.219035670000153 ], [ 95.97707369200009, 17.21918635500009 ], [ 95.9743913060002, 17.217249077000019 ], [ 95.972900391000053, 17.216125488000046 ], [ 95.968688965000126, 17.214477539000029 ], [ 95.967459144000031, 17.213515070000085 ], [ 95.965837669999985, 17.212163842 ], [ 95.963315322000199, 17.210272080000152 ], [ 95.963073730000133, 17.21008300800014 ], [ 95.959899902000075, 17.206481934000067 ], [ 95.955078125000171, 17.205078125 ], [ 95.953845444000024, 17.205329693000067 ], [ 95.952026727000089, 17.20560949500009 ], [ 95.948983637000197, 17.206779914000037 ], [ 95.947110967000185, 17.208652584999982 ], [ 95.947106153000107, 17.208658431000117 ], [ 95.946938209000052, 17.208862363000151 ], [ 95.94383379400017, 17.212632009000117 ], [ 95.941492956000104, 17.216143266000131 ], [ 95.941460233000157, 17.216161115000091 ], [ 95.936279297000112, 17.218872070000089 ], [ 95.935362533000102, 17.21905033000013 ], [ 95.934002274000079, 17.21918635500009 ], [ 95.933632605000128, 17.218984718 ], [ 95.933443543000124, 17.218881593000106 ], [ 95.933457678000138, 17.218784826 ], [ 95.933471680000082, 17.218688965000126 ], [ 95.932678223000039, 17.213928223000039 ], [ 95.933898926000097, 17.207519531000059 ], [ 95.934326172000056, 17.200927734000061 ], [ 95.934326172000056, 17.197875977000081 ], [ 95.936279297000112, 17.197082520000038 ], [ 95.93890380900018, 17.195678710999971 ], [ 95.942871094000111, 17.193481445000089 ], [ 95.947082520000038, 17.191711426000097 ], [ 95.951110840000069, 17.189514160000044 ], [ 95.957702637000068, 17.189514160000044 ], [ 95.960693359000061, 17.191284180000082 ], [ 95.962707520000038, 17.193298340000126 ], [ 95.965698242000201, 17.196289063000052 ], [ 95.968505859000061, 17.198913574000017 ], [ 95.969726563000165, 17.20227050800014 ], [ 95.969909668000128, 17.207702637000125 ], [ 95.970520019999981, 17.209899902000075 ], [ 95.973083496000186, 17.212524413999972 ], [ 95.975097656000059, 17.212280273000147 ], [ 95.977478027000075, 17.210876465000183 ], [ 95.980102539000143, 17.211120605000133 ], [ 95.982482910000044, 17.210510254000155 ], [ 95.985285473000033, 17.209108972000024 ] ] ] } },
{ "type": "Feature", "properties": { "adm4_name": "Myit Kyoe", "adm4_name1": "မြစ်ကျိုး", "adm4_name2": null, "adm4_name3": null, "adm4_pcode": "MMR013003023", "adm3_name": "Hmawbi", "adm3_name1": "မှော်ဘီ", "adm3_name2": null, "adm3_name3": null, "adm3_pcode": "MMR013003", "adm2_name": "Yangon (North)", "adm2_name1": "ရန်ကုန်(မြောက်ပိုင်း)", "adm2_name2": null, "adm2_name3": null, "adm2_pcode": "MMR013D001", "adm1_name": "Yangon", "adm1_name1": "ရန်ကုန်တိုင်းဒေသကြီး", "adm1_name2": null, "adm1_name3": null, "adm1_pcode": "MMR013", "adm0_name": "Myanmar", "adm0_name1": "မြန်မာနိုင်ငံ", "adm0_name2": null, "adm0_name3": null, "adm0_pcode": "MMR", "valid_on": "2024-02-15T00:00:00", "valid_to": null, "area_sqkm": 14.30058927, "version": "v01", "lang": "en", "lang1": "my", "lang2": null, "lang3": null, "adm4_ref_name": "Myit Kyoe", "center_lat": 17.20995759, "center_lon": 95.91832471 }, "geometry": { "type": "Polygon", "coordinates": [ [ [ 95.904180536000183, 17.232526311000186 ], [ 95.903614636000043, 17.230796909000105 ], [ 95.903614636000043, 17.229559589000019 ], [ 95.903995350000116, 17.227798788000086 ], [ 95.905449815000111, 17.225629832000038 ], [ 95.908601484000201, 17.222191650000127 ], [ 95.909747545000073, 17.219039984000176 ], [ 95.909423593000099, 17.216448375000027 ], [ 95.908468736000088, 17.214983011000129 ], [ 95.907440809000036, 17.213669548000041 ], [ 95.904378798000039, 17.211828242000138 ], [ 95.903443315000175, 17.210699981000118 ], [ 95.902986458000157, 17.209215197 ], [ 95.903157779000196, 17.208301484000174 ], [ 95.903957278000178, 17.207616199000029 ], [ 95.905541742000196, 17.207487451000077 ], [ 95.906869739000172, 17.206988022000019 ], [ 95.90774193600015, 17.205287257000066 ], [ 95.907936422000091, 17.204217589000052 ], [ 95.907155274000104, 17.202248135000161 ], [ 95.906983953000065, 17.200249388000088 ], [ 95.907269488000111, 17.198022213000115 ], [ 95.908011880000117, 17.1953952880001 ], [ 95.909096913999974, 17.19305389800013 ], [ 95.91092434, 17.191169365000121 ], [ 95.913037301000145, 17.190141438000069 ], [ 95.915020498, 17.189395567000076 ], [ 95.916914633000147, 17.188237869000034 ], [ 95.918627845000174, 17.18641044300017 ], [ 95.92045527099998, 17.184925659000044 ], [ 95.922682447000057, 17.184126160000062 ], [ 95.925652014000036, 17.183212447000074 ], [ 95.928450260000091, 17.183155340000042 ], [ 95.930106365000086, 17.183669304000091 ], [ 95.931648256000187, 17.184468803000073 ], [ 95.933283786000175, 17.185827931000119 ], [ 95.932955274000165, 17.186090740000111 ], [ 95.932128906000173, 17.185750471000119 ], [ 95.932128906000173, 17.19250488300014 ], [ 95.934082031000059, 17.196716309000067 ], [ 95.934326172000056, 17.197875977000081 ], [ 95.934326172000056, 17.200927734000061 ], [ 95.933898926000097, 17.207519531000059 ], [ 95.932678223000039, 17.213928223000039 ], [ 95.933471680000082, 17.218688965000126 ], [ 95.933457678000138, 17.218784826 ], [ 95.933443543000124, 17.218881593000106 ], [ 95.932678223000039, 17.224121094000111 ], [ 95.928710938000165, 17.229309081999986 ], [ 95.924945872000194, 17.234895954000081 ], [ 95.92264142700003, 17.232617056000151 ], [ 95.920024369000032, 17.233158203000073 ], [ 95.909888298999988, 17.235943187000089 ], [ 95.908467977999976, 17.235092931000111 ], [ 95.906946319000156, 17.234182010000154 ], [ 95.904180536000183, 17.232526311000186 ] ] ] } },
{ "type": "Feature", "properties": { "adm4_name": "Shwe Mya Yar Kone", "adm4_name1": "ရွှေမြယာကုန်း", "adm4_name2": null, "adm4_name3": null, "adm4_pcode": "MMR013003024", "adm3_name": "Hmawbi", "adm3_name1": "မှော်ဘီ", "adm3_name2": null, "adm3_name3": null, "adm3_pcode": "MMR013003", "adm2_name": "Yangon (North)", "adm2_name1": "ရန်ကုန်(မြောက်ပိုင်း)", "adm2_name2": null, "adm2_name3": null, "adm2_pcode": "MMR013D001", "adm1_name": "Yangon", "adm1_name1": "ရန်ကုန်တိုင်းဒေသကြီး", "adm1_name2": null, "adm1_name3": null, "adm1_pcode": "MMR013", "adm0_name": "Myanmar", "adm0_name1": "မြန်မာနိုင်ငံ", "adm0_name2": null, "adm0_name3": null, "adm0_pcode": "MMR", "valid_on": "2024-02-15T00:00:00", "valid_to": null, "area_sqkm": 14.84577836, "version": "v01", "lang": "en", "lang1": "my", "lang2": null, "lang3": null, "adm4_ref_name": "Shwe Mya Yar Kone", "center_lat": 17.2249309, "center_lon": 95.95889388000001 }, "geometry": { "type": "Polygon", "coordinates": [ [ [ 95.984449187999985, 17.219293910000033 ], [ 95.98547363300014, 17.223876953000058 ], [ 95.986877441000104, 17.229675293000014 ], [ 95.986405516000048, 17.230219822000038 ], [ 95.985266625000065, 17.23135871300002 ], [ 95.981755368000051, 17.22714520400001 ], [ 95.979648613999984, 17.225740702000166 ], [ 95.977775944000143, 17.226911121000114 ], [ 95.973094268000182, 17.234635886000035 ], [ 95.967264583000201, 17.243994065000095 ], [ 95.960322819000169, 17.240870002000179 ], [ 95.958635984000125, 17.240110861000176 ], [ 95.957177662000049, 17.239331844999981 ], [ 95.947909949000177, 17.23438115700003 ], [ 95.947452188000057, 17.234475863000057 ], [ 95.946682975000101, 17.23463500500003 ], [ 95.944794143000138, 17.235025785000062 ], [ 95.941990844000088, 17.235605759000066 ], [ 95.932805424000037, 17.237506130000043 ], [ 95.928928325000129, 17.238475385000186 ], [ 95.928858251000179, 17.238492903000065 ], [ 95.928638656000032, 17.238547801000152 ], [ 95.925508672000035, 17.23545251500019 ], [ 95.924945872000194, 17.234895954000081 ], [ 95.928710938000165, 17.229309081999986 ], [ 95.932678223000039, 17.224121094000111 ], [ 95.933443543000124, 17.218881593000106 ], [ 95.933632605000128, 17.218984718 ], [ 95.934002274000079, 17.21918635500009 ], [ 95.935362533000102, 17.21905033000013 ], [ 95.936279297000112, 17.218872070000089 ], [ 95.941460233000157, 17.216161115000091 ], [ 95.941492956000104, 17.216143266000131 ], [ 95.94383379400017, 17.212632009000117 ], [ 95.946938209000052, 17.208862363000151 ], [ 95.947106153000107, 17.208658431000117 ], [ 95.947110967000185, 17.208652584999982 ], [ 95.948983637000197, 17.206779914000037 ], [ 95.952026727000089, 17.20560949500009 ], [ 95.953845444000024, 17.205329693000067 ], [ 95.955078125000171, 17.205078125 ], [ 95.959899902000075, 17.206481934000067 ], [ 95.963073730000133, 17.21008300800014 ], [ 95.963315322000199, 17.210272080000152 ], [ 95.965837669999985, 17.212163842 ], [ 95.967459144000031, 17.213515070000085 ], [ 95.968688965000126, 17.214477539000029 ], [ 95.972900391000053, 17.216125488000046 ], [ 95.9743913060002, 17.217249077000019 ], [ 95.97707369200009, 17.21918635500009 ], [ 95.979333978000057, 17.219035670000153 ], [ 95.980712891000053, 17.218872070000089 ], [ 95.983215482000048, 17.21915462000004 ], [ 95.984439092000059, 17.219248744000026 ], [ 95.984449187999985, 17.219293910000033 ] ] ] } },
{ "type": "Feature", "properties": { "adm4_name": "Pauk Kone", "adm4_name1": "ပေါက်ကုန်း", "adm4_name2": null, "adm4_name3": null, "adm4_pcode": "MMR013003025", "adm3_name": "Hmawbi", "adm3_name1": "မှော်ဘီ", "adm3_name2": null, "adm3_name3": null, "adm3_pcode": "MMR013003", "adm2_name": "Yangon (North)", "adm2_name1": "ရန်ကုန်(မြောက်ပိုင်း)", "adm2_name2": null, "adm2_name3": null, "adm2_pcode": "MMR013D001", "adm1_name": "Yangon", "adm1_name1": "ရန်ကုန်တိုင်းဒေသကြီး", "adm1_name2": null, "adm1_name3": null, "adm1_pcode": "MMR013", "adm0_name": "Myanmar", "adm0_name1": "မြန်မာနိုင်ငံ", "adm0_name2": null, "adm0_name3": null, "adm0_pcode": "MMR", "valid_on": "2024-02-15T00:00:00", "valid_to": null, "area_sqkm": 6.75583491, "version": "v01", "lang": "en", "lang1": "my", "lang2": null, "lang3": null, "adm4_ref_name": "Pauk Kone", "center_lat": 17.07615544, "center_lon": 96.046468 }, "geometry": { "type": "Polygon", "coordinates": [ [ [ 96.052043188000084, 17.089520110000024 ], [ 96.051686890000099, 17.089362813000093 ], [ 96.051594794000096, 17.089365646000033 ], [ 96.049748332000092, 17.089156254000102 ], [ 96.048777512000072, 17.089042040000095 ], [ 96.048305691, 17.089068252000118 ], [ 96.047806061000074, 17.089419067000108 ], [ 96.047437066000157, 17.089438596000036 ], [ 96.046556844000179, 17.089547558000163 ], [ 96.04560030100015, 17.089747433000127 ], [ 96.04543127300002, 17.089802004000092 ], [ 96.045252694999988, 17.08985965800008 ], [ 96.044837124000196, 17.089993824000146 ], [ 96.044672311000113, 17.090022261000115 ], [ 96.044700302000024, 17.08988048100008 ], [ 96.04473268300012, 17.089716466000141 ], [ 96.044841371000075, 17.089165938000065 ], [ 96.045000677000132, 17.08835901700013 ], [ 96.044856160000165, 17.088337718999981 ], [ 96.044540251000058, 17.088426831999982 ], [ 96.044293977000109, 17.08843397000004 ], [ 96.044165486, 17.088587446000133 ], [ 96.044069118000039, 17.089322699000149 ], [ 96.043992347000199, 17.089512605000039 ], [ 96.043933488, 17.08965820300017 ], [ 96.04386791200011, 17.089727325000013 ], [ 96.043801428000108, 17.089797402000045 ], [ 96.043275392000112, 17.089699327 ], [ 96.042537935000098, 17.08956183500004 ], [ 96.042500561, 17.089670217000105 ], [ 96.042359475000069, 17.090079368000147 ], [ 96.042295404000185, 17.090039165000064 ], [ 96.042164211000056, 17.089962447000119 ], [ 96.041526515000101, 17.089410412 ], [ 96.041588381000054, 17.089205778000121 ], [ 96.040630237000187, 17.088889754000093 ], [ 96.040927665000083, 17.088250835999986 ], [ 96.041119364000053, 17.08783903900013 ], [ 96.041507458000183, 17.087005355000088 ], [ 96.041658165000115, 17.086681613999986 ], [ 96.043606256000089, 17.083372861000043 ], [ 96.038377060000187, 17.079572128999985 ], [ 96.035635531000082, 17.077462343000036 ], [ 96.033324161000166, 17.075683594000054 ], [ 96.032510157000104, 17.075057165000032 ], [ 96.031989604000159, 17.075683594000054 ], [ 96.031921387000068, 17.075683594000054 ], [ 96.031068128000072, 17.074607746000027 ], [ 96.030517578, 17.07391357400013 ], [ 96.030287876000045, 17.073454170000161 ], [ 96.029742546000193, 17.07218173300015 ], [ 96.028067723000106, 17.071553675000018 ], [ 96.027893066000104, 17.071472168000128 ], [ 96.025085449000073, 17.071472168000128 ], [ 96.02506862700011, 17.071479482000029 ], [ 96.025060870000061, 17.071479482000029 ], [ 96.023689078000075, 17.071978314999967 ], [ 96.023595250000142, 17.071621770000093 ], [ 96.02318820000005, 17.070074979000083 ], [ 96.022777639000083, 17.067816895000135 ], [ 96.022720032, 17.067500057000188 ], [ 96.022593618000201, 17.067221947000064 ], [ 96.021911621000186, 17.065490723000039 ], [ 96.023555436000038, 17.065395886999966 ], [ 96.025085449000073, 17.065307617000144 ], [ 96.025295258000085, 17.065216396000153 ], [ 96.02648925800014, 17.064697266 ], [ 96.029135710000105, 17.063459409000188 ], [ 96.030273437000176, 17.062927246000129 ], [ 96.031576252000036, 17.062530737000088 ], [ 96.031677246000072, 17.062500000000114 ], [ 96.034912109000118, 17.062500000000114 ], [ 96.038085937000176, 17.061706543000071 ], [ 96.042480469000111, 17.061523437000062 ], [ 96.047119141000053, 17.063110351999967 ], [ 96.048522949000073, 17.062927246000129 ], [ 96.047912598000096, 17.064880371000129 ], [ 96.047617701000092, 17.066818269000066 ], [ 96.047485352000081, 17.067687987999989 ], [ 96.047365092000064, 17.068397521000179 ], [ 96.046875, 17.071289062000062 ], [ 96.048522949000073, 17.073730469 ], [ 96.051086426000154, 17.07452392600004 ], [ 96.057128906000059, 17.072082519999981 ], [ 96.058288574000073, 17.070678711000085 ], [ 96.0584050450002, 17.070651833 ], [ 96.059875488000102, 17.070312500000114 ], [ 96.061279297000169, 17.070922852000137 ], [ 96.059326172000112, 17.075500487999989 ], [ 96.058762771000147, 17.076627291000079 ], [ 96.057128906000059, 17.079895019999981 ], [ 96.056091309000067, 17.082275391000053 ], [ 96.056518555000082, 17.084472656 ], [ 96.059509277000075, 17.084472656 ], [ 96.059644221000099, 17.084423927000159 ], [ 96.063467609000043, 17.083043258999965 ], [ 96.062514277000048, 17.084354089999977 ], [ 96.062333328000079, 17.084856725000122 ], [ 96.061134908000042, 17.087618302000067 ], [ 96.060875690999978, 17.087631263000162 ], [ 96.057445057, 17.088236670000072 ], [ 96.05688476600011, 17.088317871000129 ], [ 96.053768295000111, 17.089107377000062 ], [ 96.052307129000155, 17.089477539000143 ], [ 96.052043188000084, 17.089520110000024 ] ] ] } },
{ "type": "Feature", "properties": { "adm4_name": "Than Day Pin", "adm4_name1": "သန္ဒေပင်", "adm4_name2": null, "adm4_name3": null, "adm4_pcode": "MMR013003026", "adm3_name": "Hmawbi", "adm3_name1": "မှော်ဘီ", "adm3_name2": null, "adm3_name3": null, "adm3_pcode": "MMR013003", "adm2_name": "Yangon (North)", "adm2_name1": "ရန်ကုန်(မြောက်ပိုင်း)", "adm2_name2": null, "adm2_name3": null, "adm2_pcode": "MMR013D001", "adm1_name": "Yangon", "adm1_name1": "ရန်ကုန်တိုင်းဒေသကြီး", "adm1_name2": null, "adm1_name3": null, "adm1_pcode": "MMR013", "adm0_name": "Myanmar", "adm0_name1": "မြန်မာနိုင်ငံ", "adm0_name2": null, "adm0_name3": null, "adm0_pcode": "MMR", "valid_on": "2024-02-15T00:00:00", "valid_to": null, "area_sqkm": 10.83248183, "version": "v01", "lang": "en", "lang1": "my", "lang2": null, "lang3": null, "adm4_ref_name": "Than Day Pin", "center_lat": 17.08291539, "center_lon": 96.09708921 }, "geometry": { "type": "Polygon", "coordinates": [ [ [ 96.097290039000086, 17.086914062000062 ], [ 96.094116211000198, 17.090881348000039 ], [ 96.089294434000124, 17.095275879000098 ], [ 96.08312988300014, 17.099121094000054 ], [ 96.081783490000191, 17.099982159000149 ], [ 96.081282235, 17.100302729000191 ], [ 96.081274500000177, 17.100296927000045 ], [ 96.081240981000178, 17.100271788000043 ], [ 96.08015685100014, 17.09823904600006 ], [ 96.079284668000014, 17.096679687000119 ], [ 96.077880859000118, 17.091918945000032 ], [ 96.078578699000161, 17.090153823000151 ], [ 96.078900143000112, 17.089269850000107 ], [ 96.081709148000073, 17.085290425000096 ], [ 96.085220405000086, 17.082013252000081 ], [ 96.091774751000059, 17.075692990000107 ], [ 96.096456427000192, 17.071713565000096 ], [ 96.096711791000189, 17.071500762000028 ], [ 96.099265433000085, 17.069372727000029 ], [ 96.100734865000163, 17.067609408000067 ], [ 96.101606271000151, 17.066563722000069 ], [ 96.102014582000095, 17.066233184000055 ], [ 96.102851002000193, 17.065556082 ], [ 96.102652359, 17.066231155000025 ], [ 96.102645884000083, 17.06629656399997 ], [ 96.102581024000074, 17.066951752000023 ], [ 96.102546970000105, 17.067911546000062 ], [ 96.102529525000136, 17.068403244000024 ], [ 96.102513503000068, 17.068559008000136 ], [ 96.10242907200012, 17.069379807000132 ], [ 96.102383416000066, 17.069574780000153 ], [ 96.102273941000135, 17.070042292000096 ], [ 96.102173996000147, 17.071390152000106 ], [ 96.102174313000091, 17.071391827000127 ], [ 96.102173996000147, 17.071396101000119 ], [ 96.10231208800019, 17.072125980000067 ], [ 96.102547387000186, 17.072722070000168 ], [ 96.102731705000167, 17.073189009000146 ], [ 96.102845662000107, 17.07348242900008 ], [ 96.103052902, 17.074016036000103 ], [ 96.103570939000178, 17.074838865000061 ], [ 96.103832067000099, 17.075361846000078 ], [ 96.103833911000095, 17.075362822000159 ], [ 96.103836105000084, 17.075363984000091 ], [ 96.103842712000187, 17.075367480000182 ], [ 96.103849374, 17.075371006000125 ], [ 96.104161929000043, 17.075771226000029 ], [ 96.104168233, 17.075789896000174 ], [ 96.1042216620001, 17.075948122999989 ], [ 96.1042250590001, 17.075958183000125 ], [ 96.104900995000094, 17.07677609600006 ], [ 96.105440139999985, 17.077276457000153 ], [ 96.106202126000198, 17.078165282000043 ], [ 96.107633591000024, 17.079439390000118 ], [ 96.108123780000199, 17.079833257000132 ], [ 96.108692169000051, 17.080648649000068 ], [ 96.108951927000078, 17.081063732000075 ], [ 96.109159470000066, 17.081395377000035 ], [ 96.109204146000025, 17.081499110000038 ], [ 96.109603882000101, 17.082427252000059 ], [ 96.109756541000195, 17.082659611000054 ], [ 96.110122045000082, 17.083215940000116 ], [ 96.110937882000144, 17.084019697000144 ], [ 96.11102934500019, 17.084234017000085 ], [ 96.111362457000041, 17.085014570000112 ], [ 96.111942291000048, 17.085704076000127 ], [ 96.112024373000054, 17.085871379000025 ], [ 96.112441063000063, 17.086720693000132 ], [ 96.112849555000139, 17.087114297000028 ], [ 96.112859726000181, 17.087124098 ], [ 96.113111359000129, 17.088125351000031 ], [ 96.113132477000079, 17.088209380000137 ], [ 96.113186904000088, 17.088285725000105 ], [ 96.113416671000152, 17.088608015000148 ], [ 96.113617324000131, 17.08929466 ], [ 96.11425666800011, 17.089868391000152 ], [ 96.114575068000192, 17.089991478000115 ], [ 96.114806902000169, 17.090220586999976 ], [ 96.114899635000143, 17.090312231000098 ], [ 96.115221659000099, 17.0904244460001 ], [ 96.115543366000168, 17.090437163000161 ], [ 96.115910213000063, 17.090469588000076 ], [ 96.116158703, 17.090518155000098 ], [ 96.116217613000117, 17.090529668999977 ], [ 96.116221404000157, 17.09052761900017 ], [ 96.116477013000065, 17.090389479000123 ], [ 96.11667197200012, 17.090058789000125 ], [ 96.116672148000134, 17.09005849000016 ], [ 96.116703033000135, 17.090006102000075 ], [ 96.116932060000124, 17.089605740000025 ], [ 96.1169528960001, 17.089569319000134 ], [ 96.116995430000088, 17.089488446000075 ], [ 96.117165565, 17.089164961000051 ], [ 96.11740112300015, 17.088858832000028 ], [ 96.117651749000117, 17.088603438000064 ], [ 96.117853350000189, 17.088299532000121 ], [ 96.117873510000038, 17.088269143 ], [ 96.117892189000088, 17.088255303000096 ], [ 96.118171692000033, 17.088048209000021 ], [ 96.118450800000062, 17.087898482000128 ], [ 96.118750890000172, 17.087778955000147 ], [ 96.118885719000048, 17.087753533000125 ], [ 96.119072914000185, 17.087718237000047 ], [ 96.119382858000051, 17.087696302000097 ], [ 96.119756698000117, 17.087693442000045 ], [ 96.120437241000161, 17.087534559000176 ], [ 96.120489889000112, 17.087459255000113 ], [ 96.120734215000084, 17.087109792000092 ], [ 96.121015549000049, 17.086916673000189 ], [ 96.12107181600004, 17.086878050000109 ], [ 96.121146012000111, 17.086846387000037 ], [ 96.121442795000064, 17.086719740000149 ], [ 96.121461220000072, 17.08670959300008 ], [ 96.12146245100007, 17.086708916000134 ], [ 96.121603209, 17.086631403000013 ], [ 96.121790885999985, 17.086528052000119 ], [ 96.121797603000118, 17.086514196 ], [ 96.121927261000167, 17.086246717000165 ], [ 96.121927176999975, 17.086240939000049 ], [ 96.121927261000167, 17.086240768000152 ], [ 96.121922572000074, 17.085915261000082 ], [ 96.121982956000068, 17.085503615000164 ], [ 96.122282409000093, 17.08519971100003 ], [ 96.12234230100006, 17.085138930000085 ], [ 96.122377300000039, 17.085081232000107 ], [ 96.122622299000113, 17.084677350999982 ], [ 96.122673369000097, 17.084301508000067 ], [ 96.122680664000086, 17.084247816000072 ], [ 96.122681739000086, 17.084219933000156 ], [ 96.122692489000087, 17.083941115000187 ], [ 96.122783661000142, 17.083649545000071 ], [ 96.122940064000034, 17.083442916000081 ], [ 96.122981644000106, 17.08338798300008 ], [ 96.123068924000052, 17.083313291000138 ], [ 96.123272578000012, 17.083139011000071 ], [ 96.123540878000199, 17.082979048000084 ], [ 96.123905997000122, 17.082851741000127 ], [ 96.123971939000057, 17.082828749000157 ], [ 96.124412537000126, 17.082706678000079 ], [ 96.124841689999982, 17.082618940000145 ], [ 96.12537193300011, 17.0826049530001 ], [ 96.126046498000051, 17.082461902000091 ], [ 96.126366794000091, 17.082038497000156 ], [ 96.12651062000009, 17.081848372000138 ], [ 96.126724573000104, 17.081614669000089 ], [ 96.12682056500006, 17.081509817000097 ], [ 96.126955606000138, 17.081395451000049 ], [ 96.127019882000127, 17.081341016000067 ], [ 96.127312343000085, 17.081098147000148 ], [ 96.127538510000193, 17.080942384000139 ], [ 96.127543131000152, 17.080939202000081 ], [ 96.127651309000044, 17.0808979950001 ], [ 96.127836227000046, 17.080827558000067 ], [ 96.127915232000134, 17.080813221000028 ], [ 96.128110886000115, 17.080777714000192 ], [ 96.128498078, 17.080768811999974 ], [ 96.12850194300006, 17.080768888000023 ], [ 96.128505730000143, 17.080768964000185 ], [ 96.128881455000055, 17.080776442000115 ], [ 96.128885308000065, 17.080776362000108 ], [ 96.128888467000081, 17.08077629700017 ], [ 96.129068463000067, 17.080772586000137 ], [ 96.12925148, 17.080768811999974 ], [ 96.129261677000045, 17.080768811999974 ], [ 96.129265757000042, 17.080768811999974 ], [ 96.129458890000137, 17.080768811999974 ], [ 96.129652023, 17.080768811999974 ], [ 96.130070368000077, 17.080785342000127 ], [ 96.130072430000098, 17.080785047000177 ], [ 96.130073462000155, 17.08078489899998 ], [ 96.130101761000105, 17.080780857000036 ], [ 96.130413056000179, 17.080736387000059 ], [ 96.130709966000097, 17.080689975000155 ], [ 96.131010055000104, 17.080688703000192 ], [ 96.131024331000049, 17.080688703000192 ], [ 96.131334305000109, 17.080688703000192 ], [ 96.131642342000134, 17.080685842000037 ], [ 96.132052994000162, 17.08061927600005 ], [ 96.132491112000196, 17.080299605000164 ], [ 96.132515868000098, 17.080250411000179 ], [ 96.132688522000194, 17.079907326000125 ], [ 96.132749513000135, 17.079522282000084 ], [ 96.132751465000126, 17.079509963000191 ], [ 96.132761849000133, 17.079463020000105 ], [ 96.132813772000077, 17.079228310000076 ], [ 96.13292662300006, 17.079050064000057 ], [ 96.13297176400016, 17.078978765000102 ], [ 96.133039847000191, 17.078900259000022 ], [ 96.133162817000084, 17.078758467 ], [ 96.133399963000159, 17.078568685000107 ], [ 96.133590699000138, 17.07846145000002 ], [ 96.133829117000118, 17.078327406000142 ], [ 96.133941412000127, 17.078254211000058 ], [ 96.134188461, 17.078093183000021 ], [ 96.134366989000057, 17.077724683000099 ], [ 96.13455227500009, 17.077289808000103 ], [ 96.134838740000077, 17.0772631050001 ], [ 96.134840167000107, 17.077264302000117 ], [ 96.134927638000192, 17.077337692000128 ], [ 96.135071754000194, 17.077458609000132 ], [ 96.135174026000129, 17.077563291000047 ], [ 96.13531456000004, 17.077707136000129 ], [ 96.135622024000043, 17.077879179000092 ], [ 96.135959244000105, 17.078088606000108 ], [ 96.136513710000145, 17.078166235000026 ], [ 96.136930466000138, 17.078178632000061 ], [ 96.137315750000027, 17.078264464000085 ], [ 96.137322423000171, 17.078264326000067 ], [ 96.137328821000153, 17.078264195000145 ], [ 96.137434080000048, 17.078262032000055 ], [ 96.137594223000065, 17.07825874100007 ], [ 96.137604393000061, 17.078258825000034 ], [ 96.137941519000037, 17.078261624000049 ], [ 96.138053895000098, 17.078262556000084 ], [ 96.138055578000149, 17.078262540000082 ], [ 96.138060692000067, 17.078262494000114 ], [ 96.138471604000131, 17.07825874100007 ], [ 96.138473075000149, 17.07825885800014 ], [ 96.138702600000045, 17.078277098000058 ], [ 96.138855616000114, 17.078289259000087 ], [ 96.138973307000128, 17.07831129900012 ], [ 96.139385223000147, 17.078388441000129 ], [ 96.139803886000038, 17.078542936000019 ], [ 96.14009819000006, 17.07885154600018 ], [ 96.140102077000108, 17.078851063000059 ], [ 96.140110954000022, 17.078849959000138 ], [ 96.140176400000144, 17.078841820999969 ], [ 96.140329349000069, 17.081079011000156 ], [ 96.140236029000164, 17.081096817000059 ], [ 96.140252277000116, 17.081135987000096 ], [ 96.140319824000073, 17.081298828000172 ], [ 96.141296387000182, 17.083923340000069 ], [ 96.141906738000102, 17.087524414000086 ], [ 96.143127441000161, 17.092895508000083 ], [ 96.145315402000051, 17.097696866000149 ], [ 96.145324707000043, 17.097717285000158 ], [ 96.139892578000115, 17.097717285000158 ], [ 96.135259421000171, 17.09760827000008 ], [ 96.129516602000081, 17.097473145000038 ], [ 96.115722656000116, 17.096679687000119 ], [ 96.111511230000133, 17.095886230000076 ], [ 96.111694336000198, 17.093688965000069 ], [ 96.107299805000139, 17.089477539000143 ], [ 96.10162072300011, 17.086966787000051 ], [ 96.101501465000183, 17.086914062000062 ], [ 96.101464143000101, 17.086897793000048 ], [ 96.099121094000111, 17.085876465000069 ], [ 96.097290039000086, 17.086914062000062 ] ] ] } },
{ "type": "Feature", "properties": { "adm4_name": "Boe Daw Na Kone", "adm4_name1": "ဘိုးဒေါနကုန်း", "adm4_name2": null, "adm4_name3": null, "adm4_pcode": "MMR013003028", "adm3_name": "Hmawbi", "adm3_name1": "မှော်ဘီ", "adm3_name2": null, "adm3_name3": null, "adm3_pcode": "MMR013003", "adm2_name": "Yangon (North)", "adm2_name1": "ရန်ကုန်(မြောက်ပိုင်း)", "adm2_name2": null, "adm2_name3": null, "adm2_pcode": "MMR013D001", "adm1_name": "Yangon", "adm1_name1": "ရန်ကုန်တိုင်းဒေသကြီး", "adm1_name2": null, "adm1_name3": null, "adm1_pcode": "MMR013", "adm0_name": "Myanmar", "adm0_name1": "မြန်မာနိုင်ငံ", "adm0_name2": null, "adm0_name3": null, "adm0_pcode": "MMR", "valid_on": "2024-02-15T00:00:00", "valid_to": null, "area_sqkm": 20.43140297, "version": "v01", "lang": "en", "lang1": "my", "lang2": null, "lang3": null, "adm4_ref_name": "Boe Daw Na Kone", "center_lat": 17.13603219, "center_lon": 96.09729769 }, "geometry": { "type": "Polygon", "coordinates": [ [ [ 96.087707520000095, 17.16351318400001 ], [ 96.084289551000154, 17.16491699200003 ], [ 96.08312988300014, 17.162902832000157 ], [ 96.082994768000049, 17.162375885000188 ], [ 96.082411400000126, 17.160431323000012 ], [ 96.082411400000126, 17.156920066000055 ], [ 96.081533157000194, 17.153846219000172 ], [ 96.081475064000074, 17.15364289300004 ], [ 96.081468480000069, 17.153621494000163 ], [ 96.080958494000129, 17.151964038000131 ], [ 96.080941294000127, 17.151908139000057 ], [ 96.080538729000125, 17.15059980400008 ], [ 96.079602394, 17.147322631000065 ], [ 96.078197891000059, 17.144045458000051 ], [ 96.075874775000045, 17.141257719000066 ], [ 96.072082520000095, 17.138488770000038 ], [ 96.072112122000078, 17.138427754000134 ], [ 96.072111713000083, 17.138427447000026 ], [ 96.074920718000101, 17.132341268000118 ], [ 96.078197891000059, 17.130468598000107 ], [ 96.082645483000192, 17.130468598000107 ], [ 96.083581819000017, 17.12906409500016 ], [ 96.085454489000085, 17.125786922000145 ], [ 96.087327159000154, 17.125084670000149 ], [ 96.090160633000096, 17.125242085000082 ], [ 96.091540668000164, 17.125318754000148 ], [ 96.091570539000031, 17.12530083200005 ], [ 96.092711087000112, 17.124616503000027 ], [ 96.093881506000059, 17.121573413000135 ], [ 96.094817841000122, 17.118530324000119 ], [ 96.094817841000122, 17.115019067000162 ], [ 96.095754176000071, 17.109166972000082 ], [ 96.096640456000046, 17.106064991000039 ], [ 96.096689944000047, 17.105891783000061 ], [ 96.09669051100019, 17.105889799000067 ], [ 96.099967684000035, 17.104485296000121 ], [ 96.105285645000095, 17.104125976999967 ], [ 96.111877441000161, 17.105895996000129 ], [ 96.11352539100011, 17.109924316000047 ], [ 96.114929199000073, 17.116699219000054 ], [ 96.119689941000161, 17.120910644999981 ], [ 96.123718262000125, 17.123718262000068 ], [ 96.127205198000183, 17.127796203000059 ], [ 96.130400537000128, 17.129257857000027 ], [ 96.125071413000114, 17.133165880000149 ], [ 96.124429069000087, 17.133636932000059 ], [ 96.108427041000141, 17.146200078000163 ], [ 96.108426922000035, 17.146200172000022 ], [ 96.108014181000101, 17.149877795000066 ], [ 96.106824291000066, 17.152746463000142 ], [ 96.104627377000156, 17.156694280000181 ], [ 96.100083433000066, 17.159654702000182 ], [ 96.097921188000157, 17.161241051000047 ], [ 96.09629915000005, 17.162729213000091 ], [ 96.096124238000129, 17.162889727000049 ], [ 96.095600309000076, 17.163800441000092 ], [ 96.094921923000072, 17.163517780000063 ], [ 96.094909668000184, 17.16351318400001 ], [ 96.092285156000116, 17.162902832000157 ], [ 96.087707520000095, 17.16351318400001 ] ] ] } },
{ "type": "Feature", "properties": { "adm4_name": "Nyaung Hnit Pin", "adm4_name1": "ညောင်နှစ်ပင်", "adm4_name2": null, "adm4_name3": null, "adm4_pcode": "MMR013003029", "adm3_name": "Hmawbi", "adm3_name1": "မှော်ဘီ", "adm3_name2": null, "adm3_name3": null, "adm3_pcode": "MMR013003", "adm2_name": "Yangon (North)", "adm2_name1": "ရန်ကုန်(မြောက်ပိုင်း)", "adm2_name2": null, "adm2_name3": null, "adm2_pcode": "MMR013D001", "adm1_name": "Yangon", "adm1_name1": "ရန်ကုန်တိုင်းဒေသကြီး", "adm1_name2": null, "adm1_name3": null, "adm1_pcode": "MMR013", "adm0_name": "Myanmar", "adm0_name1": "မြန်မာနိုင်ငံ", "adm0_name2": null, "adm0_name3": null, "adm0_pcode": "MMR", "valid_on": "2024-02-15T00:00:00", "valid_to": null, "area_sqkm": 15.4186201, "version": "v01", "lang": "en", "lang1": "my", "lang2": null, "lang3": null, "adm4_ref_name": "Nyaung Hnit Pin", "center_lat": 17.11322152, "center_lon": 96.13608496000001 }, "geometry": { "type": "Polygon", "coordinates": [ [ [ 96.115722656000116, 17.096679687000119 ], [ 96.129516602000081, 17.097473145000038 ], [ 96.135259421000171, 17.09760827000008 ], [ 96.139892578000115, 17.097717285000158 ], [ 96.145324707000043, 17.097717285000158 ], [ 96.148498535000101, 17.097717285000158 ], [ 96.151127237000196, 17.098088732000065 ], [ 96.154113770000095, 17.098510741999974 ], [ 96.155187909000063, 17.098679408000066 ], [ 96.158082590000049, 17.099133945000119 ], [ 96.160307255000191, 17.099538430000109 ], [ 96.161403696000036, 17.099737782999966 ], [ 96.161403741000129, 17.099737786999981 ], [ 96.161424769000064, 17.10025618200018 ], [ 96.161493161000067, 17.101942227000109 ], [ 96.161768124000162, 17.103391501000146 ], [ 96.161768178000159, 17.103391783000177 ], [ 96.16176858, 17.103393903000153 ], [ 96.161971363000191, 17.104462726000065 ], [ 96.16200826100004, 17.104657209000038 ], [ 96.162014776000149, 17.104795418000037 ], [ 96.162248358999989, 17.109751067 ], [ 96.153888306999988, 17.116518729000063 ], [ 96.153239207000126, 17.11814147900003 ], [ 96.149940624000124, 17.126387935000025 ], [ 96.148314938000112, 17.130452151000043 ], [ 96.14043879500008, 17.129927074000022 ], [ 96.130400537000128, 17.129257857000027 ], [ 96.127205198000183, 17.127796203000059 ], [ 96.123718262000125, 17.123718262000068 ], [ 96.119689941000161, 17.120910644999981 ], [ 96.114929199000073, 17.116699219000054 ], [ 96.11352539100011, 17.109924316000047 ], [ 96.111877441000161, 17.105895996000129 ], [ 96.105285645000095, 17.104125976999967 ], [ 96.10852050800014, 17.101684570000032 ], [ 96.111511230000133, 17.095886230000076 ], [ 96.115722656000116, 17.096679687000119 ] ] ] } },
{ "type": "Feature", "properties": { "adm4_name": "Yoe Gyi", "adm4_name1": "ရိုးကြီး", "adm4_name2": null, "adm4_name3": null, "adm4_pcode": "MMR013003030", "adm3_name": "Hmawbi", "adm3_name1": "မှော်ဘီ", "adm3_name2": null, "adm3_name3": null, "adm3_pcode": "MMR013003", "adm2_name": "Yangon (North)", "adm2_name1": "ရန်ကုန်(မြောက်ပိုင်း)", "adm2_name2": null, "adm2_name3": null, "adm2_pcode": "MMR013D001", "adm1_name": "Yangon", "adm1_name1": "ရန်ကုန်တိုင်းဒေသကြီး", "adm1_name2": null, "adm1_name3": null, "adm1_pcode": "MMR013", "adm0_name": "Myanmar", "adm0_name1": "မြန်မာနိုင်ငံ", "adm0_name2": null, "adm0_name3": null, "adm0_pcode": "MMR", "valid_on": "2024-02-15T00:00:00", "valid_to": null, "area_sqkm": 5.03116845, "version": "v01", "lang": "en", "lang1": "my", "lang2": null, "lang3": null, "adm4_ref_name": "Yoe Gyi", "center_lat": 17.02454568, "center_lon": 96.04412317000001 }, "geometry": { "type": "Polygon", "coordinates": [ [ [ 96.05549176300002, 17.016235706000032 ], [ 96.05549176300002, 17.020917382000164 ], [ 96.055295671000181, 17.021819405000087 ], [ 96.05432134400013, 17.026301309000019 ], [ 96.054087261000177, 17.03028073400003 ], [ 96.053226658000142, 17.034239504000027 ], [ 96.050688405000187, 17.036052543000039 ], [ 96.050576004, 17.03613282900011 ], [ 96.048001082000098, 17.034494242000164 ], [ 96.047326216000044, 17.034387685000127 ], [ 96.046816144000161, 17.03430714700005 ], [ 96.043553490000193, 17.033791991000044 ], [ 96.040276317000178, 17.033791991000044 ], [ 96.037467311000114, 17.033791991000044 ], [ 96.036952326000062, 17.034135314000139 ], [ 96.034658306000154, 17.035664661000112 ], [ 96.032551552000086, 17.036600996 ], [ 96.03114704900014, 17.03683508000006 ], [ 96.031381133000139, 17.031451152999978 ], [ 96.032551552000086, 17.027237645000071 ], [ 96.034190138000156, 17.022790052000062 ], [ 96.035360557000047, 17.019746963000046 ], [ 96.038169563000167, 17.017172041000151 ], [ 96.040510401, 17.013894867999966 ], [ 96.043319406000194, 17.012022198000125 ], [ 96.047298831000035, 17.013426701000071 ], [ 96.051746423000111, 17.01459712000019 ], [ 96.055023596000126, 17.01529937100014 ], [ 96.055299246000175, 17.01517686 ], [ 96.05549176300002, 17.016235706000032 ] ] ] } },
{ "type": "Feature", "properties": { "adm4_name": "Moe Kyoe Pyit", "adm4_name1": "မိုးကြိုးပစ်", "adm4_name2": null, "adm4_name3": null, "adm4_pcode": "MMR013003031", "adm3_name": "Hmawbi", "adm3_name1": "မှော်ဘီ", "adm3_name2": null, "adm3_name3": null, "adm3_pcode": "MMR013003", "adm2_name": "Yangon (North)", "adm2_name1": "ရန်ကုန်(မြောက်ပိုင်း)", "adm2_name2": null, "adm2_name3": null, "adm2_pcode": "MMR013D001", "adm1_name": "Yangon", "adm1_name1": "ရန်ကုန်တိုင်းဒေသကြီး", "adm1_name2": null, "adm1_name3": null, "adm1_pcode": "MMR013", "adm0_name": "Myanmar", "adm0_name1": "မြန်မာနိုင်ငံ", "adm0_name2": null, "adm0_name3": null, "adm0_pcode": "MMR", "valid_on": "2024-02-15T00:00:00", "valid_to": null, "area_sqkm": 8.79900446, "version": "v01", "lang": "en", "lang1": "my", "lang2": null, "lang3": null, "adm4_ref_name": "Moe Kyoe Pyit", "center_lat": 17.04941647, "center_lon": 96.03773863000001 }, "geometry": { "type": "Polygon", "coordinates": [ [ [ 96.048522949000073, 17.062927246000129 ], [ 96.047119141000053, 17.063110351999967 ], [ 96.042480469000111, 17.061523437000062 ], [ 96.038085937000176, 17.061706543000071 ], [ 96.034912109000118, 17.062500000000114 ], [ 96.031677246000072, 17.062500000000114 ], [ 96.031576252000036, 17.062530737000088 ], [ 96.030273437000176, 17.062927246000129 ], [ 96.029135710000105, 17.063459409000188 ], [ 96.02648925800014, 17.064697266 ], [ 96.025295258000085, 17.065216396000153 ], [ 96.025085449000073, 17.065307617000144 ], [ 96.023555436000038, 17.065395886999966 ], [ 96.021911621000186, 17.065490723000039 ], [ 96.021806892000143, 17.065341111000066 ], [ 96.021612397000126, 17.065063260000102 ], [ 96.021549613000104, 17.064925135000124 ], [ 96.021486045000131, 17.064882757000191 ], [ 96.02146778600013, 17.064870584000118 ], [ 96.021465294000109, 17.064868923000063 ], [ 96.021233571000039, 17.064714441000092 ], [ 96.020847362000154, 17.064456968 ], [ 96.019267300000138, 17.063508931000172 ], [ 96.01733610500014, 17.062350214000162 ], [ 96.017211575000147, 17.062252369000134 ], [ 96.014397145000146, 17.060041031000139 ], [ 96.014109605000158, 17.059815107000077 ], [ 96.014107060000072, 17.059813107000082 ], [ 96.014058932000182, 17.059775292000097 ], [ 96.014527099000077, 17.056498119000082 ], [ 96.015463435000129, 17.054157281000016 ], [ 96.01548410700002, 17.05412420600004 ], [ 96.015615869000101, 17.053913386000033 ], [ 96.01663385400002, 17.052284610000072 ], [ 96.021783697000103, 17.049943773000109 ], [ 96.025099375000138, 17.04861750200007 ], [ 96.02529495400006, 17.048539270000163 ], [ 96.025599152000041, 17.048425196000153 ], [ 96.030912965000141, 17.046432516000095 ], [ 96.031776558000104, 17.046062404000054 ], [ 96.032551552000086, 17.045730264000099 ], [ 96.03315204200004, 17.0444435 ], [ 96.03430175800014, 17.042297363000159 ], [ 96.035705566000104, 17.038330078000115 ], [ 96.035888672000169, 17.036499023000033 ], [ 96.035875080000096, 17.036489724000035 ], [ 96.035818235000079, 17.036450829000103 ], [ 96.035828725000101, 17.036366912 ], [ 96.034746980000193, 17.035717865000038 ], [ 96.034658306000154, 17.035664661000112 ], [ 96.036952326000062, 17.034135314000139 ], [ 96.037467311000114, 17.033791991000044 ], [ 96.040276317000178, 17.033791991000044 ], [ 96.043553490000193, 17.033791991000044 ], [ 96.046816144000161, 17.03430714700005 ], [ 96.047326216000044, 17.034387685000127 ], [ 96.048001082000098, 17.034494242000164 ], [ 96.050576004, 17.03613282900011 ], [ 96.050688405000187, 17.036052543000039 ], [ 96.053226658000142, 17.034239504000027 ], [ 96.053293595000071, 17.034191691999979 ], [ 96.053283691000161, 17.034301758000026 ], [ 96.052622250000013, 17.035659451000186 ], [ 96.05212402300009, 17.036682129000098 ], [ 96.051551041000153, 17.038085937000062 ], [ 96.050903320000089, 17.039672852000024 ], [ 96.0506416730002, 17.041280111000049 ], [ 96.050476074000073, 17.042297363000159 ], [ 96.050789766000094, 17.043090820000032 ], [ 96.051513672000169, 17.044921875000057 ], [ 96.052673340000183, 17.048889160000158 ], [ 96.051086426000154, 17.051696777000188 ], [ 96.050825478000036, 17.053497314000026 ], [ 96.050476074000073, 17.055908203000115 ], [ 96.050079346000132, 17.057098389000032 ], [ 96.049682617000087, 17.058288574000187 ], [ 96.050109863000102, 17.060302734 ], [ 96.048706055000082, 17.062683105000076 ], [ 96.049316406000059, 17.062500000000114 ], [ 96.048522949000073, 17.062927246000129 ] ] ] } },
{ "type": "Feature", "properties": { "adm4_name": "Yae Paw Theit", "adm4_name1": "ရေပေါ်သဲ့", "adm4_name2": null, "adm4_name3": null, "adm4_pcode": "MMR013003032", "adm3_name": "Hmawbi", "adm3_name1": "မှော်ဘီ", "adm3_name2": null, "adm3_name3": null, "adm3_pcode": "MMR013003", "adm2_name": "Yangon (North)", "adm2_name1": "ရန်ကုန်(မြောက်ပိုင်း)", "adm2_name2": null, "adm2_name3": null, "adm2_pcode": "MMR013D001", "adm1_name": "Yangon", "adm1_name1": "ရန်ကုန်တိုင်းဒေသကြီး", "adm1_name2": null, "adm1_name3": null, "adm1_pcode": "MMR013", "adm0_name": "Myanmar", "adm0_name1": "မြန်မာနိုင်ငံ", "adm0_name2": null, "adm0_name3": null, "adm0_pcode": "MMR", "valid_on": "2024-02-15T00:00:00", "valid_to": null, "area_sqkm": 24.55229266, "version": "v01", "lang": "en", "lang1": "my", "lang2": null, "lang3": null, "adm4_ref_name": "Yae Paw Theit", "center_lat": 17.02126851, "center_lon": 96.01931273 }, "geometry": { "type": "Polygon", "coordinates": [ [ [ 96.034658306000154, 17.035664661000112 ], [ 96.034746980000193, 17.035717865000038 ], [ 96.035828725000101, 17.036366912 ], [ 96.035818235000079, 17.036450829000103 ], [ 96.035875080000096, 17.036489724000035 ], [ 96.035888672000169, 17.036499023000033 ], [ 96.035705566000104, 17.038330078000115 ], [ 96.03430175800014, 17.042297363000159 ], [ 96.03315204200004, 17.0444435 ], [ 96.032551552000086, 17.045730264000099 ], [ 96.031776558000104, 17.046062404000054 ], [ 96.030912965000141, 17.046432516000095 ], [ 96.025599152000041, 17.048425196000153 ], [ 96.02529495400006, 17.048539270000163 ], [ 96.025099375000138, 17.04861750200007 ], [ 96.021783697000103, 17.049943773000109 ], [ 96.01663385400002, 17.052284610000072 ], [ 96.015615869000101, 17.053913386000033 ], [ 96.01548410700002, 17.05412420600004 ], [ 96.015463435000129, 17.054157281000016 ], [ 96.014527099000077, 17.056498119000082 ], [ 96.014058932000182, 17.059775292000097 ], [ 96.012186262000114, 17.059307124000043 ], [ 96.01031359100017, 17.058604873000149 ], [ 96.008440921000101, 17.056732203000081 ], [ 96.007036418000155, 17.054391365000015 ], [ 96.007270502000154, 17.050177856 ], [ 96.007738669000105, 17.047368851000044 ], [ 96.006802334000156, 17.04479392900015 ], [ 96.006610813, 17.044730089000041 ], [ 96.003993329000195, 17.043857594000031 ], [ 96.002361069000131, 17.043158053000127 ], [ 96.00071615600018, 17.042453091000084 ], [ 96.0000607180001, 17.041891286000066 ], [ 95.999077569000065, 17.041048588000137 ], [ 95.998141234000116, 17.037303248000057 ], [ 95.996736731000169, 17.033557907000045 ], [ 95.996430929999974, 17.033038046000115 ], [ 95.995042227000113, 17.0306772510001 ], [ 95.99490164600013, 17.030438263 ], [ 95.994865853000078, 17.030348367000045 ], [ 95.99534506700013, 17.030115606000038 ], [ 95.997096012000156, 17.02926514100011 ], [ 95.99731211500017, 17.029160176000062 ], [ 96.00247824500002, 17.023735667000039 ], [ 96.00317171100005, 17.023007518999975 ], [ 96.007023973000116, 17.01313254900009 ], [ 96.007970554000167, 17.01070606400009 ], [ 96.007970752000176, 17.010705558000097 ], [ 96.008108671000173, 17.010479104000183 ], [ 96.008253739000054, 17.010240914000178 ], [ 96.013780563000125, 17.001166277000095 ], [ 96.01394555100012, 17.001001648000056 ], [ 96.013945780000199, 17.00100142000008 ], [ 96.020476968000082, 16.994484446000172 ], [ 96.032357638, 16.982629633999977 ], [ 96.032358220000106, 16.982630012000016 ], [ 96.032358507000197, 16.982630198000038 ], [ 96.035270544000184, 16.984519286000022 ], [ 96.036836746000063, 16.985535308000067 ], [ 96.037007303000053, 16.985940008000171 ], [ 96.037026035000054, 16.985984457000029 ], [ 96.037172317000056, 16.986331558000074 ], [ 96.038070679000157, 16.987892151000153 ], [ 96.03845977800006, 16.988752365999972 ], [ 96.038739204000137, 16.989880562000053 ], [ 96.03882916800012, 16.990850449000106 ], [ 96.038730621000184, 16.992059708000056 ], [ 96.038472176000028, 16.993190765000122 ], [ 96.038449547000198, 16.993556457000182 ], [ 96.038362503000144, 16.994466782000131 ], [ 96.038412094000023, 16.995031357000187 ], [ 96.038422267000101, 16.995661418 ], [ 96.038591385000075, 16.996362686000111 ], [ 96.038592580000056, 16.996367527000075 ], [ 96.038597981000066, 16.996389413000088 ], [ 96.038802464000185, 16.997217890000172 ], [ 96.038850307000132, 16.997411728000031 ], [ 96.039062500000057, 16.997911453000086 ], [ 96.039306641000053, 16.998305003000155 ], [ 96.039612452000085, 16.998358408000058 ], [ 96.040508271000192, 16.99810028100012 ], [ 96.04136085500005, 16.997812271000043 ], [ 96.041999817000146, 16.997692107999967 ], [ 96.042657853000094, 16.997582626000167 ], [ 96.043439865000096, 16.997592926000152 ], [ 96.04417292300019, 16.997728984 ], [ 96.045081139000047, 16.997679711000103 ], [ 96.045993805000023, 16.997520447000056 ], [ 96.046625900000038, 16.997444534000124 ], [ 96.046772045000125, 16.997507282000129 ], [ 96.046904882000035, 16.99756431600008 ], [ 96.047122955000191, 16.997926712000037 ], [ 96.046977997000113, 16.998280844000192 ], [ 96.046496410000145, 16.998801724000145 ], [ 96.046339035000187, 16.998971939000114 ], [ 96.046006393000198, 16.999374008000075 ], [ 96.045968374000154, 16.999799093000149 ], [ 96.045982716000083, 16.999815701000102 ], [ 96.046109484000112, 16.99996250099997 ], [ 96.046225866000157, 17.000097275000144 ], [ 96.047103882000158, 17.000282288000051 ], [ 96.047800064000171, 17.000441551 ], [ 96.048313141000108, 17.000633240000127 ], [ 96.048889797000186, 17.000862758000153 ], [ 96.049139023000066, 17.001039505000108 ], [ 96.049309561000143, 17.001153107000107 ], [ 96.049623490000045, 17.001362229000165 ], [ 96.049999237000179, 17.001733780000109 ], [ 96.050158818000114, 17.00214258799997 ], [ 96.050210953000089, 17.002561569000079 ], [ 96.050242830000172, 17.002835102000063 ], [ 96.050270080000075, 17.003068924000047 ], [ 96.050327682000045, 17.003335190000087 ], [ 96.050508500000092, 17.00357399000012 ], [ 96.050828170999978, 17.003782273000013 ], [ 96.05125511100016, 17.003910651000183 ], [ 96.051322938000169, 17.003931046000162 ], [ 96.051498253000034, 17.003972263000094 ], [ 96.051610946000039, 17.003998756999977 ], [ 96.051740522999978, 17.004019216000188 ], [ 96.052082062000125, 17.004073143000085 ], [ 96.052420617000109, 17.004177094000113 ], [ 96.052701950000028, 17.00429153500005 ], [ 96.052723756000091, 17.004306865000103 ], [ 96.053016663000051, 17.004512787000067 ], [ 96.05330562600011, 17.004769325000154 ], [ 96.05357170100018, 17.00495974200004 ], [ 96.054280282000093, 17.005261422000103 ], [ 96.054444143000069, 17.005364228000076 ], [ 96.054628372000082, 17.005479812000033 ], [ 96.055071738000038, 17.00576704700012 ], [ 96.055337906000034, 17.005939484000066 ], [ 96.05559539799998, 17.006123543000115 ], [ 96.055812835000154, 17.006403856000134 ], [ 96.05587132800008, 17.006479263000074 ], [ 96.055896759000177, 17.006832123000152 ], [ 96.055687332000161, 17.007094955000014 ], [ 96.055371284000103, 17.007215500000143 ], [ 96.054589588999988, 17.007373174000065 ], [ 96.054263433000187, 17.007537206000109 ], [ 96.054058075000057, 17.007841746000111 ], [ 96.054134751000049, 17.008150101000126 ], [ 96.054264450000176, 17.008403397000109 ], [ 96.054792404000182, 17.00909233100009 ], [ 96.055749893000097, 17.010381698000117 ], [ 96.055910874000176, 17.010630417000186 ], [ 96.055962245000046, 17.010982513000158 ], [ 96.055868149000105, 17.011349996000092 ], [ 96.055679322, 17.011632920000068 ], [ 96.055478096000058, 17.011946678000072 ], [ 96.055385590000071, 17.012194315000045 ], [ 96.055438614000195, 17.012629318000108 ], [ 96.055449649000138, 17.012645746000032 ], [ 96.055531817000144, 17.012768069000117 ], [ 96.056832829000143, 17.013100953000105 ], [ 96.056849162000162, 17.013105132000192 ], [ 96.057064057000105, 17.01310920700007 ], [ 96.057650884000054, 17.013103485000158 ], [ 96.058112144000063, 17.012959480000063 ], [ 96.05851237000013, 17.012788136999973 ], [ 96.05891927100015, 17.012730916000123 ], [ 96.059261322000111, 17.012889227000187 ], [ 96.059434255000099, 17.013197581000099 ], [ 96.059453130000179, 17.013296119000074 ], [ 96.058862465000061, 17.013334573000066 ], [ 96.058858523000083, 17.013594778000027 ], [ 96.058858401000066, 17.013595013000156 ], [ 96.055299246000175, 17.01517686 ], [ 96.055023596000126, 17.01529937100014 ], [ 96.051746423000111, 17.01459712000019 ], [ 96.047298831000035, 17.013426701000071 ], [ 96.043319406000194, 17.012022198000125 ], [ 96.040510401, 17.013894867999966 ], [ 96.038169563000167, 17.017172041000151 ], [ 96.035360557000047, 17.019746963000046 ], [ 96.034190138000156, 17.022790052000062 ], [ 96.032551552000086, 17.027237645000071 ], [ 96.031381133000139, 17.031451152999978 ], [ 96.03114704900014, 17.03683508000006 ], [ 96.032551552000086, 17.036600996 ], [ 96.034658306000154, 17.035664661000112 ] ] ] } },
{ "type": "Feature", "properties": { "adm4_name": "Yin Taik Pin", "adm4_name1": "ယင်းတိုက်ပင်", "adm4_name2": null, "adm4_name3": null, "adm4_pcode": "MMR013003033", "adm3_name": "Hmawbi", "adm3_name1": "မှော်ဘီ", "adm3_name2": null, "adm3_name3": null, "adm3_pcode": "MMR013003", "adm2_name": "Yangon (North)", "adm2_name1": "ရန်ကုန်(မြောက်ပိုင်း)", "adm2_name2": null, "adm2_name3": null, "adm2_pcode": "MMR013D001", "adm1_name": "Yangon", "adm1_name1": "ရန်ကုန်တိုင်းဒေသကြီး", "adm1_name2": null, "adm1_name3": null, "adm1_pcode": "MMR013", "adm0_name": "Myanmar", "adm0_name1": "မြန်မာနိုင်ငံ", "adm0_name2": null, "adm0_name3": null, "adm0_pcode": "MMR", "valid_on": "2024-02-15T00:00:00", "valid_to": null, "area_sqkm": 4.90790968, "version": "v01", "lang": "en", "lang1": "my", "lang2": null, "lang3": null, "adm4_ref_name": "Yin Taik Pin", "center_lat": 17.06029891, "center_lon": 96.08613124 }, "geometry": { "type": "Polygon", "coordinates": [ [ [ 96.099265433000085, 17.069372727000029 ], [ 96.096711791000189, 17.071500762000028 ], [ 96.09598826000007, 17.070777229999976 ], [ 96.093881506000059, 17.069372727000029 ], [ 96.091306584000165, 17.069138644000134 ], [ 96.089199830000098, 17.069840895000084 ], [ 96.086858992000032, 17.069372727000029 ], [ 96.08381590200014, 17.070777229999976 ], [ 96.081709148000073, 17.071479482000029 ], [ 96.077495640000166, 17.071479482000029 ], [ 96.073282132000031, 17.070543145999977 ], [ 96.072345797000139, 17.070074979000083 ], [ 96.072243057000151, 17.06915031900013 ], [ 96.072326660000044, 17.069091797000056 ], [ 96.072280632000115, 17.068907689000127 ], [ 96.072164470000132, 17.068443034000154 ], [ 96.072093268000117, 17.068158224 ], [ 96.072082520000095, 17.068115234 ], [ 96.072086757000193, 17.068109267000125 ], [ 96.07212188800014, 17.068059798000036 ], [ 96.074711119000085, 17.064413737999985 ], [ 96.075073242000087, 17.06390380900018 ], [ 96.075080521000075, 17.063885137000057 ], [ 96.075103874000149, 17.06382523200017 ], [ 96.075293092000152, 17.063339846000133 ], [ 96.075981178000063, 17.061275588000058 ], [ 96.076325221000047, 17.060243459 ], [ 96.076893020000057, 17.058783404000053 ], [ 96.07752633500013, 17.057154881000088 ], [ 96.077963808000163, 17.056029951000085 ], [ 96.07936831, 17.050646024 ], [ 96.079756467000095, 17.04974032500013 ], [ 96.080078125000057, 17.049072266 ], [ 96.082519531000059, 17.049316406000173 ], [ 96.085013805000017, 17.049588508999989 ], [ 96.085922657000083, 17.04970968900011 ], [ 96.087554150000187, 17.049872838000169 ], [ 96.088263494000046, 17.049943773000109 ], [ 96.088288442000191, 17.04993129900015 ], [ 96.088300915000048, 17.049925062000057 ], [ 96.088317871000015, 17.049926758000026 ], [ 96.089615043000094, 17.049314204000154 ], [ 96.089621787000112, 17.049447143000066 ], [ 96.089644241000201, 17.049889755000095 ], [ 96.090040207000072, 17.05148124700014 ], [ 96.09041849800019, 17.052638372000047 ], [ 96.090932846000157, 17.053892136 ], [ 96.091516495000178, 17.055112002000044 ], [ 96.091758728000059, 17.055618286000026 ], [ 96.092045574000167, 17.056176695000147 ], [ 96.092224121000129, 17.056524277000108 ], [ 96.09253343000006, 17.05706151600009 ], [ 96.092842738000058, 17.057598750000125 ], [ 96.093470891000095, 17.058293025000069 ], [ 96.094142533000024, 17.059198379000065 ], [ 96.094932556000117, 17.059642792000147 ], [ 96.096042215000182, 17.060354363000101 ], [ 96.096079460000169, 17.060378247000131 ], [ 96.096333504000029, 17.060541153000145 ], [ 96.098251978000178, 17.061459224000146 ], [ 96.098257237000155, 17.061460856999986 ], [ 96.098264535000055, 17.061464349000119 ], [ 96.098266255000169, 17.061465172999988 ], [ 96.098756145000038, 17.061617303000162 ], [ 96.099212538000074, 17.061759032000055 ], [ 96.10051822700018, 17.062427521000075 ], [ 96.100525283000025, 17.062429773000076 ], [ 96.100871443000074, 17.062540238000054 ], [ 96.101121902000102, 17.06262016300019 ], [ 96.102416611000024, 17.062966538000182 ], [ 96.102418594000142, 17.062969198000189 ], [ 96.102487573000076, 17.063061707000145 ], [ 96.102579880000121, 17.063185501000078 ], [ 96.102633041, 17.063372593000111 ], [ 96.102678299000047, 17.063531876000013 ], [ 96.102739768000049, 17.063653277000071 ], [ 96.102744605000169, 17.063662830000055 ], [ 96.102830887000039, 17.06383323700004 ], [ 96.103034871000034, 17.064151400000128 ], [ 96.103094082000041, 17.064243755000064 ], [ 96.103165858000125, 17.064355707000061 ], [ 96.103194809000115, 17.064400864000163 ], [ 96.1031935970002, 17.064404922000165 ], [ 96.103007234000131, 17.065028558000051 ], [ 96.103002221000168, 17.065045337000129 ], [ 96.102941513000133, 17.065248489000055 ], [ 96.102941139999984, 17.065249759000153 ], [ 96.102919375000056, 17.065323723000063 ], [ 96.102851002000193, 17.065556082 ], [ 96.102014582000095, 17.066233184000055 ], [ 96.101606271000151, 17.066563722000069 ], [ 96.100734865000163, 17.067609408000067 ], [ 96.099265433000085, 17.069372727000029 ] ] ] } },
{ "type": "Feature", "properties": { "adm4_name": "Thar Yar Kone", "adm4_name1": "သာယာကုန်း", "adm4_name2": null, "adm4_name3": null, "adm4_pcode": "MMR013003034", "adm3_name": "Hmawbi", "adm3_name1": "မှော်ဘီ", "adm3_name2": null, "adm3_name3": null, "adm3_pcode": "MMR013003", "adm2_name": "Yangon (North)", "adm2_name1": "ရန်ကုန်(မြောက်ပိုင်း)", "adm2_name2": null, "adm2_name3": null, "adm2_pcode": "MMR013D001", "adm1_name": "Yangon", "adm1_name1": "ရန်ကုန်တိုင်းဒေသကြီး", "adm1_name2": null, "adm1_name3": null, "adm1_pcode": "MMR013", "adm0_name": "Myanmar", "adm0_name1": "မြန်မာနိုင်ငံ", "adm0_name2": null, "adm0_name3": null, "adm0_pcode": "MMR", "valid_on": "2024-02-15T00:00:00", "valid_to": null, "area_sqkm": 5.99461032, "version": "v01", "lang": "en", "lang1": "my", "lang2": null, "lang3": null, "adm4_ref_name": "Thar Yar Kone", "center_lat": 17.0454164, "center_lon": 96.06040981 }, "geometry": { "type": "Polygon", "coordinates": [ [ [ 96.072082520000095, 17.028686523000033 ], [ 96.0718994140002, 17.032714844 ], [ 96.071472168000014, 17.036071777000018 ], [ 96.070495605000133, 17.039672852000024 ], [ 96.070087413000124, 17.041280112000095 ], [ 96.069519043000184, 17.043518066 ], [ 96.069068215000186, 17.045910921000029 ], [ 96.068725586000141, 17.047729492000144 ], [ 96.067871094000168, 17.049072266 ], [ 96.065673828000058, 17.049316406000173 ], [ 96.062683105000133, 17.050720215000013 ], [ 96.062407273000076, 17.052154540000117 ], [ 96.062072754000042, 17.053894043000071 ], [ 96.063110352000081, 17.0554809570001 ], [ 96.064086914000029, 17.058288574000187 ], [ 96.063995362000128, 17.059692382000151 ], [ 96.063903809000067, 17.061096191000047 ], [ 96.055480957000043, 17.060485840000069 ], [ 96.052490234000118, 17.061279297000112 ], [ 96.049316406000059, 17.062500000000114 ], [ 96.048706055000082, 17.062683105000076 ], [ 96.050109863000102, 17.060302734 ], [ 96.049682617000087, 17.058288574000187 ], [ 96.050079346000132, 17.057098389000032 ], [ 96.050476074000073, 17.055908203000115 ], [ 96.050825478000036, 17.053497314000026 ], [ 96.051086426000154, 17.051696777000188 ], [ 96.052673340000183, 17.048889160000158 ], [ 96.051513672000169, 17.044921875000057 ], [ 96.050789766000094, 17.043090820000032 ], [ 96.050476074000073, 17.042297363000159 ], [ 96.0506416730002, 17.041280111000049 ], [ 96.050903320000089, 17.039672852000024 ], [ 96.051551041000153, 17.038085937000062 ], [ 96.05212402300009, 17.036682129000098 ], [ 96.052622250000013, 17.035659451000186 ], [ 96.053283691000161, 17.034301758000026 ], [ 96.053293595000071, 17.034191691999979 ], [ 96.053853177000178, 17.033791991000044 ], [ 96.054175042000054, 17.03293368400017 ], [ 96.054555428000128, 17.0319193200001 ], [ 96.055725847000076, 17.030748901000152 ], [ 96.057598518000191, 17.029812566000032 ], [ 96.059939356000086, 17.029519961000062 ], [ 96.0613438580001, 17.029344399000138 ], [ 96.065557366, 17.029110315000082 ], [ 96.069297606000077, 17.029110315000082 ], [ 96.06930270700002, 17.029110315000082 ], [ 96.069328891000055, 17.029105554000182 ], [ 96.072082520000095, 17.028686523000033 ] ] ] } },
{ "type": "Feature", "properties": { "adm4_name": "Thea Kone", "adm4_name1": "သဲကုန်း", "adm4_name2": null, "adm4_name3": null, "adm4_pcode": "MMR013003035", "adm3_name": "Hmawbi", "adm3_name1": "မှော်ဘီ", "adm3_name2": null, "adm3_name3": null, "adm3_pcode": "MMR013003", "adm2_name": "Yangon (North)", "adm2_name1": "ရန်ကုန်(မြောက်ပိုင်း)", "adm2_name2": null, "adm2_name3": null, "adm2_pcode": "MMR013D001", "adm1_name": "Yangon", "adm1_name1": "ရန်ကုန်တိုင်းဒေသကြီး", "adm1_name2": null, "adm1_name3": null, "adm1_pcode": "MMR013", "adm0_name": "Myanmar", "adm0_name1": "မြန်မာနိုင်ငံ", "adm0_name2": null, "adm0_name3": null, "adm0_pcode": "MMR", "valid_on": "2024-02-15T00:00:00", "valid_to": null, "area_sqkm": 2.85139662, "version": "v01", "lang": "en", "lang1": "my", "lang2": null, "lang3": null, "adm4_ref_name": "Thea Kone", "center_lat": 17.02443221, "center_lon": 96.0643194 }, "geometry": { "type": "Polygon", "coordinates": [ [ [ 96.0613438580001, 17.029344399000138 ], [ 96.059939356000086, 17.029519961000062 ], [ 96.057598518000191, 17.029812566000032 ], [ 96.055725847000076, 17.030748901000152 ], [ 96.054555428000128, 17.0319193200001 ], [ 96.054175042000054, 17.03293368400017 ], [ 96.053853177000178, 17.033791991000044 ], [ 96.053293595000071, 17.034191691999979 ], [ 96.053226658000142, 17.034239504000027 ], [ 96.054087261000177, 17.03028073400003 ], [ 96.05432134400013, 17.026301309000019 ], [ 96.055295671000181, 17.021819405000087 ], [ 96.05549176300002, 17.020917382000164 ], [ 96.05549176300002, 17.016235706000032 ], [ 96.055299246000175, 17.01517686 ], [ 96.058858401000066, 17.013595013000156 ], [ 96.058858523000083, 17.013594778000027 ], [ 96.058862465000061, 17.013334573000066 ], [ 96.059453130000179, 17.013296119000074 ], [ 96.059502041000201, 17.013551468000173 ], [ 96.059520721000183, 17.013648987000181 ], [ 96.059574798000085, 17.013974506000181 ], [ 96.0596179960001, 17.014234542000054 ], [ 96.059671402000106, 17.014586131000101 ], [ 96.05960922200012, 17.014752896000118 ], [ 96.059547042000133, 17.014919662000068 ], [ 96.059370041000136, 17.015130997000028 ], [ 96.059151077000138, 17.01532859800011 ], [ 96.058940888000052, 17.015619278000031 ], [ 96.058919907000188, 17.015939712999966 ], [ 96.058919907000188, 17.016435623000177 ], [ 96.058944524000196, 17.016696023 ], [ 96.059505050000041, 17.016958099000021 ], [ 96.059810638000101, 17.016861598000162 ], [ 96.060208003000184, 17.016893387000039 ], [ 96.060216648000107, 17.016897860000142 ], [ 96.060455704000162, 17.017021560000046 ], [ 96.060791968999979, 17.017113686000016 ], [ 96.061129252000114, 17.017176310000082 ], [ 96.061356545000194, 17.017334938000033 ], [ 96.061548233000053, 17.017565728000136 ], [ 96.061833672000148, 17.017783572000042 ], [ 96.061925957000199, 17.017798998000103 ], [ 96.061944764000089, 17.017802142000164 ], [ 96.062122843000168, 17.01783191100003 ], [ 96.062911233000193, 17.01796369900012 ], [ 96.062994639000181, 17.018171310000128 ], [ 96.063109716000042, 17.018334071000027 ], [ 96.063256164000052, 17.018443489000049 ], [ 96.063265610000144, 17.018450546000167 ], [ 96.063671493000072, 17.018298721000122 ], [ 96.063851833000058, 17.018119502000104 ], [ 96.064039993000165, 17.017932510000094 ], [ 96.064091873, 17.017650222000043 ], [ 96.064279557000077, 17.017334801000118 ], [ 96.064586384000165, 17.017613950000055 ], [ 96.064598720000106, 17.01762517300017 ], [ 96.06494102500011, 17.017734146000066 ], [ 96.065282822000029, 17.017767906000188 ], [ 96.065742493000187, 17.017898559000059 ], [ 96.066160202000162, 17.01802444499998 ], [ 96.066570918000025, 17.018044154000108 ], [ 96.066632171000037, 17.018061080000109 ], [ 96.066996575000189, 17.018161774000077 ], [ 96.067307472000039, 17.018289565999964 ], [ 96.067635218000191, 17.018309275000092 ], [ 96.067978952000033, 17.018431859000145 ], [ 96.068113032000099, 17.01847967499998 ], [ 96.068162918000155, 17.018497467000032 ], [ 96.068597793000151, 17.018680573000097 ], [ 96.068678649000105, 17.018701626000166 ], [ 96.068942070000105, 17.018770217000053 ], [ 96.069307238000135, 17.018829719 ], [ 96.069382985000118, 17.018842062000033 ], [ 96.069731713000181, 17.018723488000035 ], [ 96.069965744000115, 17.018510055000036 ], [ 96.070246505000171, 17.018345261000093 ], [ 96.070514297000102, 17.018262863000189 ], [ 96.070695877000048, 17.018078995000053 ], [ 96.070710953, 17.018027299000039 ], [ 96.070719351000037, 17.017998502000069 ], [ 96.075758519000033, 17.016924381000081 ], [ 96.075813589000177, 17.016935974999967 ], [ 96.076026256000091, 17.016980746000058 ], [ 96.076258123000173, 17.017029561000072 ], [ 96.07585705300005, 17.018576544000098 ], [ 96.075394205000123, 17.020582218000129 ], [ 96.075073242000087, 17.02172851600011 ], [ 96.074714516000085, 17.022563102000106 ], [ 96.072082520000095, 17.028686523000033 ], [ 96.069328891000055, 17.029105554000182 ], [ 96.06930270700002, 17.029110315000082 ], [ 96.069297606000077, 17.029110315000082 ], [ 96.065557366, 17.029110315000082 ], [ 96.0613438580001, 17.029344399000138 ] ] ] } },
{ "type": "Feature", "properties": { "adm4_name": "Leik Poke Taw Ywar Gyi", "adm4_name1": "လိပ်ပုတ်တောရွာကြီး", "adm4_name2": null, "adm4_name3": null, "adm4_pcode": "MMR013003036", "adm3_name": "Hmawbi", "adm3_name1": "မှော်ဘီ", "adm3_name2": null, "adm3_name3": null, "adm3_pcode": "MMR013003", "adm2_name": "Yangon (North)", "adm2_name1": "ရန်ကုန်(မြောက်ပိုင်း)", "adm2_name2": null, "adm2_name3": null, "adm2_pcode": "MMR013D001", "adm1_name": "Yangon", "adm1_name1": "ရန်ကုန်တိုင်းဒေသကြီး", "adm1_name2": null, "adm1_name3": null, "adm1_pcode": "MMR013", "adm0_name": "Myanmar", "adm0_name1": "မြန်မာနိုင်ငံ", "adm0_name2": null, "adm0_name3": null, "adm0_pcode": "MMR", "valid_on": "2024-02-15T00:00:00", "valid_to": null, "area_sqkm": 13.89440935, "version": "v01", "lang": "en", "lang1": "my", "lang2": null, "lang3": null, "adm4_ref_name": "Leik Poke Taw Ywar Gyi", "center_lat": 17.05143738, "center_lon": 96.07085353 }, "geometry": { "type": "Polygon", "coordinates": [ [ [ 96.063467609000043, 17.083043258999965 ], [ 96.059644221000099, 17.084423927000159 ], [ 96.059509277000075, 17.084472656 ], [ 96.056518555000082, 17.084472656 ], [ 96.056091309000067, 17.082275391000053 ], [ 96.057128906000059, 17.079895019999981 ], [ 96.058762771000147, 17.076627291000079 ], [ 96.059326172000112, 17.075500487999989 ], [ 96.061279297000169, 17.070922852000137 ], [ 96.059875488000102, 17.070312500000114 ], [ 96.0584050450002, 17.070651833 ], [ 96.058288574000073, 17.070678711000085 ], [ 96.057128906000059, 17.072082519999981 ], [ 96.051086426000154, 17.07452392600004 ], [ 96.048522949000073, 17.073730469 ], [ 96.046875, 17.071289062000062 ], [ 96.047365092000064, 17.068397521000179 ], [ 96.047485352000081, 17.067687987999989 ], [ 96.047617701000092, 17.066818269000066 ], [ 96.047912598000096, 17.064880371000129 ], [ 96.048522949000073, 17.062927246000129 ], [ 96.049316406000059, 17.062500000000114 ], [ 96.052490234000118, 17.061279297000112 ], [ 96.055480957000043, 17.060485840000069 ], [ 96.063903809000067, 17.061096191000047 ], [ 96.063995362000128, 17.059692382000151 ], [ 96.064086914000029, 17.058288574000187 ], [ 96.063110352000081, 17.0554809570001 ], [ 96.062072754000042, 17.053894043000071 ], [ 96.062407273000076, 17.052154540000117 ], [ 96.062683105000133, 17.050720215000013 ], [ 96.065673828000058, 17.049316406000173 ], [ 96.067871094000168, 17.049072266 ], [ 96.068725586000141, 17.047729492000144 ], [ 96.069068215000186, 17.045910921000029 ], [ 96.069519043000184, 17.043518066 ], [ 96.070087413000124, 17.041280112000095 ], [ 96.070495605000133, 17.039672852000024 ], [ 96.071472168000014, 17.036071777000018 ], [ 96.0718994140002, 17.032714844 ], [ 96.072082520000095, 17.028686523000033 ], [ 96.074714516000085, 17.022563102000106 ], [ 96.075073242000087, 17.02172851600011 ], [ 96.075394205000123, 17.020582218000129 ], [ 96.07585705300005, 17.018576544000098 ], [ 96.076258123000173, 17.017029561000072 ], [ 96.078940535000072, 17.017594281000129 ], [ 96.083462344, 17.017426805000127 ], [ 96.084969616000194, 17.018766601000095 ], [ 96.085304564000012, 17.021613669000146 ], [ 96.087371235000035, 17.023089862000177 ], [ 96.08882152800004, 17.024125784999967 ], [ 96.090526649000196, 17.024456883000028 ], [ 96.0919847790002, 17.024740021000184 ], [ 96.0929679850002, 17.025299234000158 ], [ 96.092984500000057, 17.025308628000062 ], [ 96.093351050000194, 17.025502132999975 ], [ 96.094938039000169, 17.02633991700003 ], [ 96.094938214000081, 17.026341732000105 ], [ 96.094938368000101, 17.026340091000066 ], [ 96.095513568000058, 17.025555958000098 ], [ 96.095509212000081, 17.0267505650001 ], [ 96.095332718, 17.028290176000041 ], [ 96.095333023000137, 17.028293461000032 ], [ 96.09543800300014, 17.029422378999982 ], [ 96.095437618000176, 17.029424189000167 ], [ 96.095042547000105, 17.031282425000086 ], [ 96.095019777000175, 17.031481055000143 ], [ 96.094846725000025, 17.03299064700019 ], [ 96.093624115000125, 17.035268784000095 ], [ 96.092561722000085, 17.037427902000047 ], [ 96.092335818000038, 17.037751105000041 ], [ 96.091592789000117, 17.038814163000097 ], [ 96.091416316000164, 17.039254946000085 ], [ 96.09100036600006, 17.04029388400005 ], [ 96.090749740000092, 17.042090224000162 ], [ 96.09019470200019, 17.043534597000018 ], [ 96.089893819000054, 17.04487403000013 ], [ 96.089793524000186, 17.045320511 ], [ 96.089788148000082, 17.045373901000175 ], [ 96.089662552, 17.046621323000181 ], [ 96.089562098000044, 17.048270544000104 ], [ 96.089562263000175, 17.04827378900012 ], [ 96.089615043000094, 17.049314204000154 ], [ 96.088317871000015, 17.049926758000026 ], [ 96.088300915000048, 17.049925062000057 ], [ 96.088288442000191, 17.04993129900015 ], [ 96.088263494000046, 17.049943773000109 ], [ 96.087554150000187, 17.049872838000169 ], [ 96.085922657000083, 17.04970968900011 ], [ 96.085013805000017, 17.049588508999989 ], [ 96.082519531000059, 17.049316406000173 ], [ 96.080078125000057, 17.049072266 ], [ 96.079756467000095, 17.04974032500013 ], [ 96.07936831, 17.050646024 ], [ 96.077963808000163, 17.056029951000085 ], [ 96.07752633500013, 17.057154881000088 ], [ 96.076893020000057, 17.058783404000053 ], [ 96.076325221000047, 17.060243459 ], [ 96.075981178000063, 17.061275588000058 ], [ 96.075293092000152, 17.063339846000133 ], [ 96.075103874000149, 17.06382523200017 ], [ 96.075080521000075, 17.063885137000057 ], [ 96.075073242000087, 17.06390380900018 ], [ 96.074711119000085, 17.064413737999985 ], [ 96.07212188800014, 17.068059798000036 ], [ 96.072086757000193, 17.068109267000125 ], [ 96.072082520000095, 17.068115234 ], [ 96.072093268000117, 17.068158224 ], [ 96.072164470000132, 17.068443034000154 ], [ 96.072280632000115, 17.068907689000127 ], [ 96.072326660000044, 17.069091797000056 ], [ 96.072243057000151, 17.06915031900013 ], [ 96.071716309000067, 17.069519043000071 ], [ 96.069091797000169, 17.073730469 ], [ 96.066711426000154, 17.078308105000076 ], [ 96.064514160000044, 17.081909180000025 ], [ 96.064023225000199, 17.082694676000187 ], [ 96.063903809000067, 17.082885741999974 ], [ 96.063794759000132, 17.08292512100013 ], [ 96.063467609000043, 17.083043258999965 ] ] ] } },
{ "type": "Feature", "properties": { "adm4_name": "Ah Hta Yu", "adm4_name1": "အထယု", "adm4_name2": null, "adm4_name3": null, "adm4_pcode": "MMR013003037", "adm3_name": "Hmawbi", "adm3_name1": "မှော်ဘီ", "adm3_name2": null, "adm3_name3": null, "adm3_pcode": "MMR013003", "adm2_name": "Yangon (North)", "adm2_name1": "ရန်ကုန်(မြောက်ပိုင်း)", "adm2_name2": null, "adm2_name3": null, "adm2_pcode": "MMR013D001", "adm1_name": "Yangon", "adm1_name1": "ရန်ကုန်တိုင်းဒေသကြီး", "adm1_name2": null, "adm1_name3": null, "adm1_pcode": "MMR013", "adm0_name": "Myanmar", "adm0_name1": "မြန်မာနိုင်ငံ", "adm0_name2": null, "adm0_name3": null, "adm0_pcode": "MMR", "valid_on": "2024-02-15T00:00:00", "valid_to": null, "area_sqkm": 8.83796886, "version": "v01", "lang": "en", "lang1": "my", "lang2": null, "lang3": null, "adm4_ref_name": "Ah Hta Yu", "center_lat": 17.08171923, "center_lon": 96.15480758 }, "geometry": { "type": "Polygon", "coordinates": [ [ [ 96.169046079000054, 17.069475024000099 ], [ 96.169159344000093, 17.069703912000023 ], [ 96.169461327000135, 17.070314165000127 ], [ 96.169466700000157, 17.070344327000157 ], [ 96.169572740000035, 17.070939550000105 ], [ 96.16957283000005, 17.070940018000158 ], [ 96.169605797000031, 17.071021706000181 ], [ 96.169608136000136, 17.071027516000129 ], [ 96.169835104000072, 17.071591502000047 ], [ 96.16993708200016, 17.072128873 ], [ 96.169946671000162, 17.072179794000078 ], [ 96.169934880000142, 17.072239308000178 ], [ 96.169932671000083, 17.072250458000042 ], [ 96.169866012000114, 17.072583657000166 ], [ 96.169653686000174, 17.072840592000034 ], [ 96.169427528000085, 17.073114267 ], [ 96.169092032000037, 17.073464755000032 ], [ 96.16894435800009, 17.073590499000147 ], [ 96.168922599000155, 17.073609027000089 ], [ 96.168756236000149, 17.073750684000174 ], [ 96.168723357000033, 17.073817152000174 ], [ 96.168694685000105, 17.073875113000099 ], [ 96.168554016000144, 17.074159486000099 ], [ 96.168535095000038, 17.074358006000182 ], [ 96.168821229000116, 17.074712917000113 ], [ 96.169009291000066, 17.074863362000031 ], [ 96.169164176000152, 17.074987267000097 ], [ 96.169202306000102, 17.075011588000052 ], [ 96.169321766000053, 17.075087786000154 ], [ 96.169439329000113, 17.075162774000148 ], [ 96.169616368000106, 17.075308472000131 ], [ 96.169618081000124, 17.075309881000123 ], [ 96.169619823000119, 17.075311315000079 ], [ 96.169705586000191, 17.075532422000151 ], [ 96.169751490000067, 17.075780682000072 ], [ 96.169820352999977, 17.076050775000169 ], [ 96.169820621000042, 17.07605106200009 ], [ 96.17000605200019, 17.076249755000106 ], [ 96.170064811000145, 17.076312715000142 ], [ 96.170169577000138, 17.076424976000112 ], [ 96.170262426000079, 17.076524465000091 ], [ 96.170476608000058, 17.07666754000013 ], [ 96.170482532000165, 17.076671497000177 ], [ 96.170500037000124, 17.076683191000086 ], [ 96.170557876000032, 17.076721828000188 ], [ 96.170605703000149, 17.076753776000146 ], [ 96.17065892700009, 17.07682938500011 ], [ 96.170684527000105, 17.076865752000174 ], [ 96.170702931, 17.076891896 ], [ 96.170724112000073, 17.076921985000126 ], [ 96.170788327000139, 17.077013208000096 ], [ 96.170793437000043, 17.077020467000068 ], [ 96.170793455000023, 17.077020533999985 ], [ 96.170872883000072, 17.07731399100004 ], [ 96.17084697100006, 17.077557705000117 ], [ 96.170747530000085, 17.077865306000092 ], [ 96.170747738999978, 17.077865641000017 ], [ 96.170972503000144, 17.07822537800007 ], [ 96.1710021990001, 17.078272908000088 ], [ 96.171003903000042, 17.078275636000114 ], [ 96.171006393000084, 17.078279620999979 ], [ 96.170106354000154, 17.080690336999965 ], [ 96.168743606000191, 17.082139632000064 ], [ 96.168062231000192, 17.082864280000024 ], [ 96.167406226000196, 17.083443977000115 ], [ 96.167224291000139, 17.083789528000182 ], [ 96.166776422000112, 17.084640170000057 ], [ 96.166498403000105, 17.085168213000088 ], [ 96.166486180999982, 17.085183918999974 ], [ 96.166309740000031, 17.085410663000118 ], [ 96.165388196000038, 17.086594940000111 ], [ 96.16411358300013, 17.089387516999977 ], [ 96.164263935000179, 17.089754863 ], [ 96.164283093000165, 17.089801671000146 ], [ 96.164401162000047, 17.090090138000107 ], [ 96.164953427000171, 17.091439451000099 ], [ 96.164914547000194, 17.0917582780001 ], [ 96.164831814000138, 17.092436711000062 ], [ 96.164733723000154, 17.093241079000165 ], [ 96.164643479000119, 17.093981105000125 ], [ 96.163215243000082, 17.095741641000131 ], [ 96.162282989000062, 17.096890798000061 ], [ 96.16219041100004, 17.097067980000134 ], [ 96.161464961000036, 17.098456387 ], [ 96.161387516000104, 17.098604607000027 ], [ 96.161366995000094, 17.098643880000168 ], [ 96.16135991800013, 17.098657424000066 ], [ 96.16139763100017, 17.099587163000137 ], [ 96.161403741000129, 17.099737786999981 ], [ 96.161403696000036, 17.099737782999966 ], [ 96.160307255000191, 17.099538430000109 ], [ 96.158082590000049, 17.099133945000119 ], [ 96.155187909000063, 17.098679408000066 ], [ 96.154113770000095, 17.098510741999974 ], [ 96.151127237000196, 17.098088732000065 ], [ 96.148498535000101, 17.097717285000158 ], [ 96.145324707000043, 17.097717285000158 ], [ 96.145315402000051, 17.097696866000149 ], [ 96.143127441000161, 17.092895508000083 ], [ 96.141906738000102, 17.087524414000086 ], [ 96.141296387000182, 17.083923340000069 ], [ 96.140319824000073, 17.081298828000172 ], [ 96.140252277000116, 17.081135987000096 ], [ 96.140236029000164, 17.081096817000059 ], [ 96.140329349000069, 17.081079011000156 ], [ 96.140176400000144, 17.078841820999969 ], [ 96.1403865810002, 17.078815687000144 ], [ 96.1406742100001, 17.078667676000066 ], [ 96.141042710000022, 17.078567732000124 ], [ 96.141622544000086, 17.078447569000048 ], [ 96.141890843000169, 17.078375725000114 ], [ 96.142150243000117, 17.078276543000129 ], [ 96.142456055000196, 17.07809852400004 ], [ 96.142719269000111, 17.077876318000108 ], [ 96.142898739000032, 17.077685378000126 ], [ 96.142972946000043, 17.07760642900007 ], [ 96.143039677000161, 17.077526280000086 ], [ 96.143213272000025, 17.07731778200008 ], [ 96.143453598000065, 17.07710670300014 ], [ 96.14371299700008, 17.076908339000056 ], [ 96.1439695360001, 17.076697577 ], [ 96.144207001000098, 17.07646964900016 ], [ 96.144336224000085, 17.076263655 ], [ 96.144465447000186, 17.076057661 ], [ 96.144501844000104, 17.076022888000068 ], [ 96.144771576000039, 17.075765201000138 ], [ 96.145119349000083, 17.075596082000118 ], [ 96.145598412000027, 17.07529949100018 ], [ 96.145911217000105, 17.075137365000046 ], [ 96.146145285999978, 17.074882530000025 ], [ 96.146240870000099, 17.074778466000112 ], [ 96.14651069700011, 17.074522627000022 ], [ 96.146891276000076, 17.07425394500018 ], [ 96.147201539000093, 17.074136008000096 ], [ 96.147332550000158, 17.07406736500019 ], [ 96.147540093000032, 17.07395862400017 ], [ 96.147630055000036, 17.073866181000028 ], [ 96.147816848000105, 17.073674238000081 ], [ 96.147908211000129, 17.073340643000108 ], [ 96.147909164999987, 17.073077111000146 ], [ 96.147909144000096, 17.073076936 ], [ 96.147909164999987, 17.073071162000076 ], [ 96.147905092000144, 17.073037088000092 ], [ 96.147871017000057, 17.072751999000047 ], [ 96.147834004000117, 17.072443801000134 ], [ 96.147833633000175, 17.072440719000042 ], [ 96.14788303000006, 17.072058075000029 ], [ 96.147883733000015, 17.072052638 ], [ 96.147944586, 17.071843738000155 ], [ 96.147968928000068, 17.071760177000044 ], [ 96.147969942000145, 17.071751057000029 ], [ 96.147993755000073, 17.071536733000073 ], [ 96.147997206000127, 17.071505677000118 ], [ 96.147997665000048, 17.071501541000146 ], [ 96.147970406000184, 17.071393984000053 ], [ 96.147960251000143, 17.071353913 ], [ 96.147926487, 17.071220687 ], [ 96.147850037000069, 17.070919037000124 ], [ 96.147803280000062, 17.070747752000045 ], [ 96.147774218000109, 17.070641289000037 ], [ 96.147774124000136, 17.070640946000083 ], [ 96.147779402000197, 17.070325768000146 ], [ 96.147779465000099, 17.070322037000096 ], [ 96.147771836000118, 17.07005119300004 ], [ 96.147746819000076, 17.069757253000091 ], [ 96.147872543000176, 17.069433058000186 ], [ 96.148160934000146, 17.069198835000066 ], [ 96.148417282000025, 17.069071425000175 ], [ 96.148756643000127, 17.068990553000049 ], [ 96.148756844000047, 17.068990505000045 ], [ 96.148759842000118, 17.068989790000103 ], [ 96.148763827000039, 17.068992243000025 ], [ 96.149084091000077, 17.069189299000129 ], [ 96.149306810000098, 17.069320025000138 ], [ 96.149347305000163, 17.069343794000076 ], [ 96.149734878000174, 17.069470442000068 ], [ 96.149739737000118, 17.069467365000094 ], [ 96.149989128000072, 17.069309462000035 ], [ 96.150059700000043, 17.069041479000191 ], [ 96.150079727, 17.068729628000028 ], [ 96.150103708000131, 17.068459529000165 ], [ 96.150103887000057, 17.068457512000066 ], [ 96.150174439000011, 17.068226032000098 ], [ 96.150180817000034, 17.068205107000097 ], [ 96.15033340400015, 17.067945707000092 ], [ 96.150527955000143, 17.067644346000122 ], [ 96.150743484000145, 17.067455519000077 ], [ 96.150960922000195, 17.067257155000163 ], [ 96.151256180000075, 17.066968764000023 ], [ 96.15139879200018, 17.066941252000049 ], [ 96.151643753000087, 17.066893995000157 ], [ 96.151648142, 17.066895903000102 ], [ 96.151723429000128, 17.066928622000091 ], [ 96.152011235000145, 17.067053704000102 ], [ 96.152117838000152, 17.067110599000102 ], [ 96.152316666000104, 17.067216718999987 ], [ 96.152600479000057, 17.067272414000115 ], [ 96.152603325000086, 17.067271291000111 ], [ 96.152605224000183, 17.067270543 ], [ 96.152677089000179, 17.067242210000074 ], [ 96.15289268500004, 17.067157210000175 ], [ 96.152980423000031, 17.066772688000128 ], [ 96.153115139000192, 17.066574228000036 ], [ 96.153298060000111, 17.066304752000121 ], [ 96.153606796000076, 17.066132581000033 ], [ 96.153885269000114, 17.06584876800008 ], [ 96.153943063000099, 17.065438497000116 ], [ 96.153942445000041, 17.065436935000037 ], [ 96.153763962000141, 17.064985884000066 ], [ 96.153728296000168, 17.064431926000054 ], [ 96.153728104000152, 17.064428938 ], [ 96.153728455000135, 17.064428431000067 ], [ 96.154013316000146, 17.064015933 ], [ 96.154348374000165, 17.06382964900007 ], [ 96.154877345000159, 17.063497133999988 ], [ 96.154891310000153, 17.063497329000086 ], [ 96.155109596000102, 17.063500390000115 ], [ 96.155820846000154, 17.063510359000134 ], [ 96.157231013000171, 17.063956170000154 ], [ 96.15838966300015, 17.064210737000167 ], [ 96.15920305200018, 17.064692724000167 ], [ 96.160118007000165, 17.06506937000006 ], [ 96.160992304999979, 17.065429279000114 ], [ 96.161078220000093, 17.065455019000069 ], [ 96.162248612000099, 17.065805662000059 ], [ 96.163440705000085, 17.066087950000167 ], [ 96.163459698000167, 17.06609219000012 ], [ 96.164861679000069, 17.066405205000024 ], [ 96.165872574000105, 17.066548893000174 ], [ 96.166105738000056, 17.066606042000046 ], [ 96.166107952000061, 17.066606584000056 ], [ 96.16613392000005, 17.066682704000129 ], [ 96.166134968000165, 17.066685778000021 ], [ 96.166137877000153, 17.066689323000048 ], [ 96.166316855000048, 17.066907475 ], [ 96.166317019000019, 17.066907914000126 ], [ 96.166474921000145, 17.067330374000107 ], [ 96.166475021000167, 17.06733043700018 ], [ 96.166475296000101, 17.067331314000171 ], [ 96.167812240000046, 17.068173283000135 ], [ 96.168474197000194, 17.068590164000057 ], [ 96.168630600000085, 17.068727493000154 ], [ 96.168753064000043, 17.068948788000057 ], [ 96.168848038000135, 17.069120407000128 ], [ 96.168965087000117, 17.069329744000129 ], [ 96.169046079000054, 17.069475024000099 ] ] ] } },
{ "type": "Feature", "properties": { "adm4_name": "In Hlyat", "adm4_name1": "အင်လျက်", "adm4_name2": null, "adm4_name3": null, "adm4_pcode": "MMR013003038", "adm3_name": "Hmawbi", "adm3_name1": "မှော်ဘီ", "adm3_name2": null, "adm3_name3": null, "adm3_pcode": "MMR013003", "adm2_name": "Yangon (North)", "adm2_name1": "ရန်ကုန်(မြောက်ပိုင်း)", "adm2_name2": null, "adm2_name3": null, "adm2_pcode": "MMR013D001", "adm1_name": "Yangon", "adm1_name1": "ရန်ကုန်တိုင်းဒေသကြီး", "adm1_name2": null, "adm1_name3": null, "adm1_pcode": "MMR013", "adm0_name": "Myanmar", "adm0_name1": "မြန်မာနိုင်ငံ", "adm0_name2": null, "adm0_name3": null, "adm0_pcode": "MMR", "valid_on": "2024-02-15T00:00:00", "valid_to": null, "area_sqkm": 5.44308815, "version": "v01", "lang": "en", "lang1": "my", "lang2": null, "lang3": null, "adm4_ref_name": "In Hlyat", "center_lat": 17.08460541, "center_lon": 96.07243345000001 }, "geometry": { "type": "Polygon", "coordinates": [ [ [ 96.096711791000189, 17.071500762000028 ], [ 96.096456427000192, 17.071713565000096 ], [ 96.091774751000059, 17.075692990000107 ], [ 96.085220405000086, 17.082013252000081 ], [ 96.081709148000073, 17.085290425000096 ], [ 96.078900143000112, 17.089269850000107 ], [ 96.078578699000161, 17.090153823000151 ], [ 96.077880859000118, 17.091918945000032 ], [ 96.079284668000014, 17.096679687000119 ], [ 96.08015685100014, 17.09823904600006 ], [ 96.081240981000178, 17.100271788000043 ], [ 96.077963808000163, 17.098633201999974 ], [ 96.074686634000102, 17.095824196000081 ], [ 96.071643545000086, 17.09301519100012 ], [ 96.069536791000019, 17.090206185000056 ], [ 96.065557366, 17.087397180000039 ], [ 96.061342905000117, 17.087607902000116 ], [ 96.061134908000042, 17.087618302000067 ], [ 96.062333328000079, 17.084856725000122 ], [ 96.062514277000048, 17.084354089999977 ], [ 96.063467609000043, 17.083043258999965 ], [ 96.063794759000132, 17.08292512100013 ], [ 96.063903809000067, 17.082885741999974 ], [ 96.064023225000199, 17.082694676000187 ], [ 96.064514160000044, 17.081909180000025 ], [ 96.066711426000154, 17.078308105000076 ], [ 96.069091797000169, 17.073730469 ], [ 96.071716309000067, 17.069519043000071 ], [ 96.072243057000151, 17.06915031900013 ], [ 96.072345797000139, 17.070074979000083 ], [ 96.073282132000031, 17.070543145999977 ], [ 96.077495640000166, 17.071479482000029 ], [ 96.081709148000073, 17.071479482000029 ], [ 96.08381590200014, 17.070777229999976 ], [ 96.086858992000032, 17.069372727000029 ], [ 96.089199830000098, 17.069840895000084 ], [ 96.091306584000165, 17.069138644000134 ], [ 96.093881506000059, 17.069372727000029 ], [ 96.09598826000007, 17.070777229999976 ], [ 96.096711791000189, 17.071500762000028 ] ] ] } },
{ "type": "Feature", "properties": { "adm4_name": "Sat Thwar Taw", "adm4_name1": "ဆတ်သွားတော", "adm4_name2": null, "adm4_name3": null, "adm4_pcode": "MMR013003039", "adm3_name": "Hmawbi", "adm3_name1": "မှော်ဘီ", "adm3_name2": null, "adm3_name3": null, "adm3_pcode": "MMR013003", "adm2_name": "Yangon (North)", "adm2_name1": "ရန်ကုန်(မြောက်ပိုင်း)", "adm2_name2": null, "adm2_name3": null, "adm2_pcode": "MMR013D001", "adm1_name": "Yangon", "adm1_name1": "ရန်ကုန်တိုင်းဒေသကြီး", "adm1_name2": null, "adm1_name3": null, "adm1_pcode": "MMR013", "adm0_name": "Myanmar", "adm0_name1": "မြန်မာနိုင်ငံ", "adm0_name2": null, "adm0_name3": null, "adm0_pcode": "MMR", "valid_on": "2024-02-15T00:00:00", "valid_to": null, "area_sqkm": 12.5089693, "version": "v01", "lang": "en", "lang1": "my", "lang2": null, "lang3": null, "adm4_ref_name": "Sat Thwar Taw", "center_lat": 17.11344825, "center_lon": 96.08063222 }, "geometry": { "type": "Polygon", "coordinates": [ [ [ 96.105285645000095, 17.104125976999967 ], [ 96.099967684000035, 17.104485296000121 ], [ 96.09669051100019, 17.105889799000067 ], [ 96.096689944000047, 17.105891783000061 ], [ 96.096640456000046, 17.106064991000039 ], [ 96.095754176000071, 17.109166972000082 ], [ 96.094817841000122, 17.115019067000162 ], [ 96.094817841000122, 17.118530324000119 ], [ 96.093881506000059, 17.121573413000135 ], [ 96.092711087000112, 17.124616503000027 ], [ 96.091570539000031, 17.12530083200005 ], [ 96.091540668000164, 17.125318754000148 ], [ 96.090160633000096, 17.125242085000082 ], [ 96.087327159000154, 17.125084670000149 ], [ 96.085454489000085, 17.125786922000145 ], [ 96.083581819000017, 17.12906409500016 ], [ 96.082645483000192, 17.130468598000107 ], [ 96.078197891000059, 17.130468598000107 ], [ 96.074920718000101, 17.132341268000118 ], [ 96.072111713000083, 17.138427447000026 ], [ 96.072112122000078, 17.138427754000134 ], [ 96.072082520000095, 17.138488770000038 ], [ 96.070312500000171, 17.133728027000018 ], [ 96.068115234000118, 17.129089355000076 ], [ 96.066284180000139, 17.124694824000187 ], [ 96.066284180000139, 17.120910644999981 ], [ 96.066101074000073, 17.115112305000025 ], [ 96.066284180000139, 17.111877441000104 ], [ 96.066528320000089, 17.109497070000032 ], [ 96.071472168000014, 17.107299805000025 ], [ 96.075683594000168, 17.104125976999967 ], [ 96.077880859000118, 17.102478027000075 ], [ 96.081282235, 17.100302729000191 ], [ 96.081783490000191, 17.099982159000149 ], [ 96.08312988300014, 17.099121094000054 ], [ 96.089294434000124, 17.095275879000098 ], [ 96.094116211000198, 17.090881348000039 ], [ 96.097290039000086, 17.086914062000062 ], [ 96.099121094000111, 17.085876465000069 ], [ 96.101464143000101, 17.086897793000048 ], [ 96.101501465000183, 17.086914062000062 ], [ 96.10162072300011, 17.086966787000051 ], [ 96.107299805000139, 17.089477539000143 ], [ 96.111694336000198, 17.093688965000069 ], [ 96.111511230000133, 17.095886230000076 ], [ 96.10852050800014, 17.101684570000032 ], [ 96.105285645000095, 17.104125976999967 ] ] ] } },
{ "type": "Feature", "properties": { "adm4_name": "Urban", "adm4_name1": null, "adm4_name2": null, "adm4_name3": null, "adm4_pcode": "MMR013003701", "adm3_name": "Hmawbi", "adm3_name1": "မှော်ဘီ", "adm3_name2": null, "adm3_name3": null, "adm3_pcode": "MMR013003", "adm2_name": "Yangon (North)", "adm2_name1": "ရန်ကုန်(မြောက်ပိုင်း)", "adm2_name2": null, "adm2_name3": null, "adm2_pcode": "MMR013D001", "adm1_name": "Yangon", "adm1_name1": "ရန်ကုန်တိုင်းဒေသကြီး", "adm1_name2": null, "adm1_name3": null, "adm1_pcode": "MMR013", "adm0_name": "Myanmar", "adm0_name1": "မြန်မာနိုင်ငံ", "adm0_name2": null, "adm0_name3": null, "adm0_pcode": "MMR", "valid_on": "2024-02-15T00:00:00", "valid_to": null, "area_sqkm": 11.75390462, "version": "v01", "lang": "en", "lang1": "my", "lang2": null, "lang3": null, "adm4_ref_name": "Urban", "center_lat": 17.09650998, "center_lon": 96.03743346 }, "geometry": { "type": "Polygon", "coordinates": [ [ [ 96.04563056000012, 17.112256224000078 ], [ 96.044824301000062, 17.114946932000123 ], [ 96.044519730000047, 17.116545930000086 ], [ 96.04416754600004, 17.117940489000091 ], [ 96.042646529000194, 17.117681203000132 ], [ 96.041663205000191, 17.117513578000057 ], [ 96.041008853000051, 17.117132864000155 ], [ 96.039795328000082, 17.116585588000191 ], [ 96.039301833000195, 17.11632834 ], [ 96.03867698200014, 17.116002620000074 ], [ 96.038560968000127, 17.116104131000043 ], [ 96.038486625000075, 17.116169182000021 ], [ 96.037986938000017, 17.116038312000171 ], [ 96.036975667000149, 17.116038312000171 ], [ 96.034335637000197, 17.115974859000175 ], [ 96.034107209000126, 17.115575110000066 ], [ 96.033821673000091, 17.115270539000164 ], [ 96.033762627000044, 17.115099160000113 ], [ 96.033691596000097, 17.114892998000073 ], [ 96.033878781000055, 17.114642361000051 ], [ 96.033907334000162, 17.114342549000128 ], [ 96.034021548000055, 17.114028460000156 ], [ 96.033359793999978, 17.11404474200009 ], [ 96.032146269000066, 17.114216063000129 ], [ 96.031309028000123, 17.114216063000129 ], [ 96.030861360000017, 17.114216063000129 ], [ 96.030589672000133, 17.11431883 ], [ 96.030128256000125, 17.114493362000076 ], [ 96.029690215000016, 17.114765647000127 ], [ 96.029392783000105, 17.114944107000156 ], [ 96.028708688000108, 17.115306974000077 ], [ 96.028423152000073, 17.115533023000012 ], [ 96.028125720000162, 17.11596727500006 ], [ 96.027891105000037, 17.116282345000059 ], [ 96.027586276000136, 17.116702330000066 ], [ 96.026829607000138, 17.116166951000082 ], [ 96.026356340000177, 17.115627474000121 ], [ 96.025787661000095, 17.115349597000147 ], [ 96.025273698000092, 17.11499743600001 ], [ 96.024455163000141, 17.115777900000126 ], [ 96.02399830700017, 17.116044399000089 ], [ 96.023474825000051, 17.116034881000189 ], [ 96.02277050500004, 17.115711275000024 ], [ 96.022208952000199, 17.115425739000045 ], [ 96.021961488000159, 17.115254418000177 ], [ 96.021599810000055, 17.114949847000105 ], [ 96.020807857000193, 17.113777311000092 ], [ 96.02040216600011, 17.113640767000163 ], [ 96.019753763000153, 17.113545587999965 ], [ 96.019188641000142, 17.113450410000098 ], [ 96.018748440000195, 17.11326005300009 ], [ 96.018082191000076, 17.112230936000117 ], [ 96.018105986000194, 17.111862120000126 ], [ 96.01807624300011, 17.111374330000103 ], [ 96.017879937000032, 17.110601005000149 ], [ 96.01766578600018, 17.109899064000103 ], [ 96.017415942000071, 17.109411275000127 ], [ 96.017136356000037, 17.109101945000134 ], [ 96.01637826000001, 17.108486043000141 ], [ 96.017273448000196, 17.107404340000073 ], [ 96.016011928000125, 17.10431292300018 ], [ 96.015685065000127, 17.103665583000065 ], [ 96.015490102000115, 17.103279465000128 ], [ 96.014634890000195, 17.101482694000026 ], [ 96.014872836000166, 17.101173365000136 ], [ 96.015253550000068, 17.100745062000101 ], [ 96.015586675000179, 17.100340553000137 ], [ 96.015896005000172, 17.099912250000102 ], [ 96.016229129000067, 17.099150823000116 ], [ 96.01653845900006, 17.098508368000125 ], [ 96.016919173000133, 17.098175244000117 ], [ 96.0205835430001, 17.09653341600017 ], [ 96.022945932000084, 17.095348757000124 ], [ 96.024475098000096, 17.094581932000153 ], [ 96.028697505000139, 17.092464537000012 ], [ 96.02565515900011, 17.089913212000056 ], [ 96.024787556000035, 17.089185636000082 ], [ 96.024694054000122, 17.089107224000145 ], [ 96.022357865000174, 17.087148085000138 ], [ 96.02649020500013, 17.082301514000164 ], [ 96.031989604000159, 17.075683594000054 ], [ 96.032510157000104, 17.075057165000032 ], [ 96.033324161000166, 17.075683594000054 ], [ 96.035635531000082, 17.077462343000036 ], [ 96.038377060000187, 17.079572128999985 ], [ 96.043606256000089, 17.083372861000043 ], [ 96.041658165000115, 17.086681613999986 ], [ 96.041507458000183, 17.087005355000088 ], [ 96.041119364000053, 17.08783903900013 ], [ 96.040927665000083, 17.088250835999986 ], [ 96.040630237000187, 17.088889754000093 ], [ 96.041588381000054, 17.089205778000121 ], [ 96.041526515000101, 17.089410412 ], [ 96.042164211000056, 17.089962447000119 ], [ 96.042295404000185, 17.090039165000064 ], [ 96.042359475000069, 17.090079368000147 ], [ 96.042500561, 17.089670217000105 ], [ 96.042537935000098, 17.08956183500004 ], [ 96.043275392000112, 17.089699327 ], [ 96.043801428000108, 17.089797402000045 ], [ 96.04386791200011, 17.089727325000013 ], [ 96.043933488, 17.08965820300017 ], [ 96.043992347000199, 17.089512605000039 ], [ 96.044069118000039, 17.089322699000149 ], [ 96.044165486, 17.088587446000133 ], [ 96.044293977000109, 17.08843397000004 ], [ 96.044540251000058, 17.088426831999982 ], [ 96.044856160000165, 17.088337718999981 ], [ 96.045000677000132, 17.08835901700013 ], [ 96.044841371000075, 17.089165938000065 ], [ 96.04473268300012, 17.089716466000141 ], [ 96.044700302000024, 17.08988048100008 ], [ 96.044672311000113, 17.090022261000115 ], [ 96.044837124000196, 17.089993824000146 ], [ 96.045252694999988, 17.08985965800008 ], [ 96.04543127300002, 17.089802004000092 ], [ 96.04560030100015, 17.089747433000127 ], [ 96.046556844000179, 17.089547558000163 ], [ 96.047437066000157, 17.089438596000036 ], [ 96.047806061000074, 17.089419067000108 ], [ 96.048305691, 17.089068252000118 ], [ 96.048777512000072, 17.089042040000095 ], [ 96.049748332000092, 17.089156254000102 ], [ 96.051594794000096, 17.089365646000033 ], [ 96.051686890000099, 17.089362813000093 ], [ 96.052043188000084, 17.089520110000024 ], [ 96.052216392000048, 17.08959657500003 ], [ 96.053080137000165, 17.089717928000084 ], [ 96.053860112000109, 17.089776879000055 ], [ 96.054307938000079, 17.089810726999985 ], [ 96.055300174000081, 17.090131954000015 ], [ 96.056289689000153, 17.090286279000111 ], [ 96.055434942000034, 17.092828119000103 ], [ 96.054661618000182, 17.095225426000127 ], [ 96.054245212000183, 17.09648654 ], [ 96.054090547000101, 17.09690889500007 ], [ 96.053727679000076, 17.097783347000131 ], [ 96.052317849000133, 17.100989670000104 ], [ 96.05141960200018, 17.102988418000109 ], [ 96.051098375000151, 17.103714153 ], [ 96.05094371000007, 17.103910459000076 ], [ 96.050509458000192, 17.10411271300012 ], [ 96.05022392300009, 17.104190045000109 ], [ 96.049040141000035, 17.103071699000168 ], [ 96.048290611000198, 17.102375706000032 ], [ 96.047874506000142, 17.104033834000063 ], [ 96.047223101000156, 17.106450452000047 ], [ 96.047216003000074, 17.106476785000154 ], [ 96.045905189000166, 17.111339709000163 ], [ 96.04563056000012, 17.112256224000078 ] ] ] } },
{ "type": "Feature", "properties": { "adm4_name": "Win Kha Nee", "adm4_name1": "ဝင်းခနီး", "adm4_name2": null, "adm4_name3": null, "adm4_pcode": "MMR013023001", "adm3_name": "Thanlyin", "adm3_name1": "သန်လျင်", "adm3_name2": null, "adm3_name3": null, "adm3_pcode": "MMR013023", "adm2_name": "Yangon (South)", "adm2_name1": "ရန်ကုန်(တောင်ပိုင်း)", "adm2_name2": null, "adm2_name3": null, "adm2_pcode": "MMR013D003", "adm1_name": "Yangon", "adm1_name1": "ရန်ကုန်တိုင်းဒေသကြီး", "adm1_name2": null, "adm1_name3": null, "adm1_pcode": "MMR013", "adm0_name": "Myanmar", "adm0_name1": "မြန်မာနိုင်ငံ", "adm0_name2": null, "adm0_name3": null, "adm0_pcode": "MMR", "valid_on": "2024-02-15T00:00:00", "valid_to": null, "area_sqkm": 14.38460654, "version": "v01", "lang": "en", "lang1": "my", "lang2": null, "lang3": null, "adm4_ref_name": "Win Kha Nee", "center_lat": 16.95968324, "center_lon": 96.38392133000001 }, "geometry": { "type": "Polygon", "coordinates": [ [ [ 96.395060247000117, 16.97583055500013 ], [ 96.392900734000079, 16.976454504000117 ], [ 96.388332169000194, 16.978072537000173 ], [ 96.38319253300017, 16.978738786000122 ], [ 96.379290217000062, 16.977977358000032 ], [ 96.378706167000075, 16.977501466000092 ], [ 96.376720399000078, 16.975883433000035 ], [ 96.3739602240002, 16.972647366000047 ], [ 96.36901094500007, 16.969696834 ], [ 96.36434720200009, 16.967127016 ], [ 96.361682205000136, 16.96379577099998 ], [ 96.361015957000063, 16.960369346999983 ], [ 96.360920778000093, 16.956467031000045 ], [ 96.361191239, 16.955595681000091 ], [ 96.361832533000154, 16.953529615000036 ], [ 96.361956166000141, 16.953131308000025 ], [ 96.362186057000088, 16.952410917000179 ], [ 96.362186518000044, 16.952409474000149 ], [ 96.362186634000011, 16.952409108000097 ], [ 96.362242860000094, 16.952207659000067 ], [ 96.362258984000164, 16.952149888000179 ], [ 96.362722101000031, 16.950490616000025 ], [ 96.363250903000051, 16.949392798000133 ], [ 96.363286717, 16.949318446 ], [ 96.363359494000065, 16.949167358000125 ], [ 96.363404510000066, 16.949079691000065 ], [ 96.363431631000083, 16.949026875000129 ], [ 96.363431911000134, 16.949026329000105 ], [ 96.363493845000107, 16.948905716000127 ], [ 96.363912151000079, 16.948091084000055 ], [ 96.364270145000035, 16.947338519000084 ], [ 96.364579819000085, 16.946687531 ], [ 96.365327881000155, 16.945504614000129 ], [ 96.366506574000084, 16.943891107000127 ], [ 96.366968883000197, 16.942751910000084 ], [ 96.369806576000087, 16.943411968000191 ], [ 96.369812396000043, 16.943396222000104 ], [ 96.369872223000073, 16.943420994 ], [ 96.370058880000158, 16.943498280000028 ], [ 96.371024701000067, 16.943750652000119 ], [ 96.37196184000004, 16.943995530000109 ], [ 96.372917764000135, 16.944350860000043 ], [ 96.373961280000117, 16.94473875000017 ], [ 96.37422267300019, 16.944734437000079 ], [ 96.3747630000002, 16.944725520000134 ], [ 96.375564720000114, 16.944712200000083 ], [ 96.376265639999986, 16.944700680000039 ], [ 96.378917039999976, 16.944656760000157 ], [ 96.383109240000124, 16.942942080000023 ], [ 96.384996000000115, 16.942170420000139 ], [ 96.388938720000169, 16.942526010000051 ], [ 96.390384840000081, 16.941870450000181 ], [ 96.39183096000005, 16.941214980000098 ], [ 96.392711880000093, 16.94155113000005 ], [ 96.393133251000052, 16.94171198600003 ], [ 96.393592440000134, 16.941887280000117 ], [ 96.395695920000094, 16.945360470000082 ], [ 96.39792, 16.94742822000012 ], [ 96.398943120000183, 16.94755152 ], [ 96.399965880000025, 16.947674820000088 ], [ 96.400949760000117, 16.947295110000141 ], [ 96.40300644000007, 16.946501490000173 ], [ 96.405521400000168, 16.945556940000188 ], [ 96.406916400000114, 16.945033050000177 ], [ 96.408442800000103, 16.94479707 ], [ 96.40996956000015, 16.944561090000036 ], [ 96.410554620000084, 16.94433908700006 ], [ 96.410707200000104, 16.94428119000014 ], [ 96.41080021700003, 16.944353719 ], [ 96.410569542000076, 16.945199702000139 ], [ 96.41050889100012, 16.946916437000141 ], [ 96.410088894000069, 16.948457991000168 ], [ 96.409391003000167, 16.949739533000127 ], [ 96.408891292000135, 16.950788199000044 ], [ 96.408075102000055, 16.952550127000166 ], [ 96.407152336000138, 16.954542419000177 ], [ 96.406881525000188, 16.955663727 ], [ 96.40667088400005, 16.957467953000105 ], [ 96.406793213000128, 16.95899713600005 ], [ 96.406899620000161, 16.960450820000062 ], [ 96.40653735900014, 16.961324549000153 ], [ 96.405309565000152, 16.961935261000065 ], [ 96.403798732000098, 16.962984280000057 ], [ 96.403390640000111, 16.963364761000037 ], [ 96.402028262000158, 16.963320030000148 ], [ 96.40074268300009, 16.962827342000082 ], [ 96.399030373000187, 16.962552467000137 ], [ 96.398546445000136, 16.96313317400012 ], [ 96.398512330000017, 16.963148278000176 ], [ 96.397652962000166, 16.963528742 ], [ 96.396940468000196, 16.96387680100014 ], [ 96.395624454000199, 16.96336920300007 ], [ 96.393655270000181, 16.96290414900011 ], [ 96.392824381000082, 16.963967965000052 ], [ 96.393143671000189, 16.965321835000111 ], [ 96.393385083999988, 16.966034993000164 ], [ 96.394082106000099, 16.96764878800019 ], [ 96.394628603000115, 16.968957434000117 ], [ 96.395097720000138, 16.971242202000155 ], [ 96.395097982000152, 16.972498949000112 ], [ 96.395098011000073, 16.972638568000036 ], [ 96.395027570000195, 16.97318201700017 ], [ 96.395060247000117, 16.97583055500013 ] ] ] } },
{ "type": "Feature", "properties": { "adm4_name": "Hpar Ku (East)", "adm4_name1": "ဖားကူး (အရှေ့)", "adm4_name2": null, "adm4_name3": null, "adm4_pcode": "MMR013023002", "adm3_name": "Thanlyin", "adm3_name1": "သန်လျင်", "adm3_name2": null, "adm3_name3": null, "adm3_pcode": "MMR013023", "adm2_name": "Yangon (South)", "adm2_name1": "ရန်ကုန်(တောင်ပိုင်း)", "adm2_name2": null, "adm2_name3": null, "adm2_pcode": "MMR013D003", "adm1_name": "Yangon", "adm1_name1": "ရန်ကုန်တိုင်းဒေသကြီး", "adm1_name2": null, "adm1_name3": null, "adm1_pcode": "MMR013", "adm0_name": "Myanmar", "adm0_name1": "မြန်မာနိုင်ငံ", "adm0_name2": null, "adm0_name3": null, "adm0_pcode": "MMR", "valid_on": "2024-02-15T00:00:00", "valid_to": null, "area_sqkm": 13.89179016, "version": "v01", "lang": "en", "lang1": "my", "lang2": null, "lang3": null, "adm4_ref_name": "Hpar Ku (East)", "center_lat": 16.92744427, "center_lon": 96.39829519 }, "geometry": { "type": "Polygon", "coordinates": [ [ [ 96.410554620000084, 16.94433908700006 ], [ 96.40996956000015, 16.944561090000036 ], [ 96.408442800000103, 16.94479707 ], [ 96.406916400000114, 16.945033050000177 ], [ 96.405521400000168, 16.945556940000188 ], [ 96.40300644000007, 16.946501490000173 ], [ 96.400949760000117, 16.947295110000141 ], [ 96.399965880000025, 16.947674820000088 ], [ 96.398943120000183, 16.94755152 ], [ 96.39792, 16.94742822000012 ], [ 96.395695920000094, 16.945360470000082 ], [ 96.393592440000134, 16.941887280000117 ], [ 96.393133251000052, 16.94171198600003 ], [ 96.392711880000093, 16.94155113000005 ], [ 96.39183096000005, 16.941214980000098 ], [ 96.390384840000081, 16.941870450000181 ], [ 96.388938720000169, 16.942526010000051 ], [ 96.384996000000115, 16.942170420000139 ], [ 96.383109240000124, 16.942942080000023 ], [ 96.378917039999976, 16.944656760000157 ], [ 96.376265639999986, 16.944700680000039 ], [ 96.375564720000114, 16.944712200000083 ], [ 96.3747630000002, 16.944725520000134 ], [ 96.37422267300019, 16.944734437000079 ], [ 96.373961280000117, 16.94473875000017 ], [ 96.372917764000135, 16.944350860000043 ], [ 96.37196184000004, 16.943995530000109 ], [ 96.371024701000067, 16.943750652000119 ], [ 96.370058880000158, 16.943498280000028 ], [ 96.369872223000073, 16.943420994 ], [ 96.369812396000043, 16.943396222000104 ], [ 96.369806576000087, 16.943411968000191 ], [ 96.366968883000197, 16.942751910000084 ], [ 96.367154087000074, 16.942295542000181 ], [ 96.367559079000046, 16.941297581000129 ], [ 96.368043581000165, 16.938890121000043 ], [ 96.368302734000167, 16.936788177000039 ], [ 96.368329699000185, 16.936559466 ], [ 96.368114180000191, 16.934674593000125 ], [ 96.36807801700013, 16.934358323000083 ], [ 96.367702050000048, 16.932927077000102 ], [ 96.371062113000164, 16.932089056000166 ], [ 96.371091579000108, 16.932192183000097 ], [ 96.372386640000059, 16.931571210000129 ], [ 96.37275996, 16.931285820000141 ], [ 96.373133280000161, 16.931000430000154 ], [ 96.37384932000009, 16.930286910000063 ], [ 96.374565720000021, 16.929573480000045 ], [ 96.37599780000005, 16.928146530000106 ], [ 96.378890040000101, 16.926835769999968 ], [ 96.381063720000157, 16.926098130000071 ], [ 96.385440960000153, 16.926306210000064 ], [ 96.387405120000096, 16.9260983100001 ], [ 96.389369640000098, 16.925890230000107 ], [ 96.389064360000077, 16.925123520000056 ], [ 96.389184960000136, 16.923718260000157 ], [ 96.389463600000056, 16.923012030000166 ], [ 96.389742600000091, 16.922305800000174 ], [ 96.391617120000092, 16.921152090000078 ], [ 96.393903480000063, 16.918588260000092 ], [ 96.395785560000036, 16.917855299999985 ], [ 96.398091720000082, 16.916413770000077 ], [ 96.401013120000187, 16.914716370000178 ], [ 96.400875953000138, 16.914174842000136 ], [ 96.400738800000056, 16.913633400000094 ], [ 96.400747440000032, 16.913350440000102 ], [ 96.400700033000135, 16.912999986000102 ], [ 96.400224814000183, 16.909486949000097 ], [ 96.401103308000188, 16.909650303000149 ], [ 96.402253913000095, 16.909864258000141 ], [ 96.40420951100009, 16.90981491600013 ], [ 96.405157044000021, 16.90979100900006 ], [ 96.407353728000089, 16.90949751200003 ], [ 96.40972805500013, 16.908537522000131 ], [ 96.409806467000067, 16.908505818000037 ], [ 96.410533849000046, 16.908462661000101 ], [ 96.41255752700016, 16.908342590000188 ], [ 96.414677864000168, 16.908662305000064 ], [ 96.416136998000127, 16.909350532000076 ], [ 96.416432894000081, 16.909490098000106 ], [ 96.417749306000076, 16.91181701000005 ], [ 96.418107694000071, 16.914038813000161 ], [ 96.418115427000089, 16.914086736000115 ], [ 96.418030857000019, 16.91437838700017 ], [ 96.41798528400011, 16.914535553 ], [ 96.417436165000197, 16.916429273000062 ], [ 96.417394648000084, 16.916521877000093 ], [ 96.416620433000048, 16.918248785000117 ], [ 96.416288488000191, 16.919717694000099 ], [ 96.416334359000189, 16.92043105700003 ], [ 96.416864223000118, 16.921101678000184 ], [ 96.417305696000142, 16.921382563000066 ], [ 96.41816537200009, 16.921929525000053 ], [ 96.418244903000186, 16.922159568000154 ], [ 96.4183082670001, 16.922342846000049 ], [ 96.41843808200008, 16.922718334000024 ], [ 96.418667986000059, 16.923383322000177 ], [ 96.418929173000095, 16.924579138000126 ], [ 96.419122162000178, 16.925462716000084 ], [ 96.419183933000056, 16.926698903000101 ], [ 96.418927973, 16.928052775000083 ], [ 96.418065943000101, 16.928883949000067 ], [ 96.417836897000143, 16.929276819999984 ], [ 96.417279756000141, 16.929727578000154 ], [ 96.415491301000031, 16.930718941 ], [ 96.415174706000073, 16.931562432000078 ], [ 96.415142728000092, 16.932003596000186 ], [ 96.415132438000114, 16.93214555000003 ], [ 96.415070866000178, 16.933106511000062 ], [ 96.415093110000043, 16.933481530999984 ], [ 96.415135418000034, 16.934194854000111 ], [ 96.414544198000101, 16.934678277000046 ], [ 96.413953862000142, 16.935479189999967 ], [ 96.413983847000054, 16.93722335800004 ], [ 96.413530218000062, 16.938401995000163 ], [ 96.412957290000065, 16.939203188000079 ], [ 96.412927522000132, 16.939873757000043 ], [ 96.412720047000107, 16.94043867 ], [ 96.412564481000175, 16.940862245000119 ], [ 96.412369542000135, 16.941265183999974 ], [ 96.412049802000126, 16.941926083000055 ], [ 96.411779441000078, 16.942319068000131 ], [ 96.4114129740002, 16.942987333000133 ], [ 96.410886845000107, 16.944036019 ], [ 96.41080021700003, 16.944353719 ], [ 96.410707200000104, 16.94428119000014 ], [ 96.410554620000084, 16.94433908700006 ] ] ] } },
{ "type": "Feature", "properties": { "adm4_name": "Hpar Ku (West)", "adm4_name1": "ဖားကူး (အနောက်)", "adm4_name2": null, "adm4_name3": null, "adm4_pcode": "MMR013023003", "adm3_name": "Thanlyin", "adm3_name1": "သန်လျင်", "adm3_name2": null, "adm3_name3": null, "adm3_pcode": "MMR013023", "adm2_name": "Yangon (South)", "adm2_name1": "ရန်ကုန်(တောင်ပိုင်း)", "adm2_name2": null, "adm2_name3": null, "adm2_pcode": "MMR013D003", "adm1_name": "Yangon", "adm1_name1": "ရန်ကုန်တိုင်းဒေသကြီး", "adm1_name2": null, "adm1_name3": null, "adm1_pcode": "MMR013", "adm0_name": "Myanmar", "adm0_name1": "မြန်မာနိုင်ငံ", "adm0_name2": null, "adm0_name3": null, "adm0_pcode": "MMR", "valid_on": "2024-02-15T00:00:00", "valid_to": null, "area_sqkm": 6.51615157, "version": "v01", "lang": "en", "lang1": "my", "lang2": null, "lang3": null, "adm4_ref_name": "Hpar Ku (West)", "center_lat": 16.9211901, "center_lon": 96.3747723 }, "geometry": { "type": "Polygon", "coordinates": [ [ [ 96.400224814000183, 16.909486949000097 ], [ 96.400700033000135, 16.912999986000102 ], [ 96.400747440000032, 16.913350440000102 ], [ 96.400738800000056, 16.913633400000094 ], [ 96.400875953000138, 16.914174842000136 ], [ 96.401013120000187, 16.914716370000178 ], [ 96.398091720000082, 16.916413770000077 ], [ 96.395785560000036, 16.917855299999985 ], [ 96.393903480000063, 16.918588260000092 ], [ 96.391617120000092, 16.921152090000078 ], [ 96.389742600000091, 16.922305800000174 ], [ 96.389463600000056, 16.923012030000166 ], [ 96.389184960000136, 16.923718260000157 ], [ 96.389064360000077, 16.925123520000056 ], [ 96.389369640000098, 16.925890230000107 ], [ 96.387405120000096, 16.9260983100001 ], [ 96.385440960000153, 16.926306210000064 ], [ 96.381063720000157, 16.926098130000071 ], [ 96.378890040000101, 16.926835769999968 ], [ 96.37599780000005, 16.928146530000106 ], [ 96.374565720000021, 16.929573480000045 ], [ 96.37384932000009, 16.930286910000063 ], [ 96.373133280000161, 16.931000430000154 ], [ 96.37275996, 16.931285820000141 ], [ 96.372386640000059, 16.931571210000129 ], [ 96.371091579000108, 16.932192183000097 ], [ 96.371062113000164, 16.932089056000166 ], [ 96.367702050000048, 16.932927077000102 ], [ 96.367677244000106, 16.932832641000118 ], [ 96.367379608000192, 16.931959339000173 ], [ 96.367072216000167, 16.931384182000102 ], [ 96.366883967000092, 16.93103195000009 ], [ 96.366699939000171, 16.930758940000032 ], [ 96.366330975000039, 16.930211572000076 ], [ 96.366037315000028, 16.93000420900006 ], [ 96.365899022000065, 16.929906556000049 ], [ 96.36582799200005, 16.929856399000073 ], [ 96.365763255000104, 16.929810562000114 ], [ 96.365632682000069, 16.929718108000088 ], [ 96.36535429700001, 16.929520995000019 ], [ 96.362998491000155, 16.928157751000015 ], [ 96.362946223999984, 16.928127504000088 ], [ 96.362474086000191, 16.927854291000131 ], [ 96.362018319000072, 16.927589546000036 ], [ 96.361966370000118, 16.927559369999983 ], [ 96.361271128000112, 16.927155520000156 ], [ 96.360990506000178, 16.926992513000073 ], [ 96.360892617000161, 16.926933351000173 ], [ 96.360532048000096, 16.926715431000048 ], [ 96.359342258000083, 16.925996350000162 ], [ 96.357858689000125, 16.925134569000022 ], [ 96.357292158000064, 16.924787320000121 ], [ 96.356321346000016, 16.924192272000141 ], [ 96.355465341000183, 16.923586806000117 ], [ 96.357953188000067, 16.921228105000068 ], [ 96.359518080000043, 16.919577630000049 ], [ 96.359626440000113, 16.917470910000191 ], [ 96.360327720000043, 16.915915710000093 ], [ 96.361487280000063, 16.915545810000026 ], [ 96.362646840000082, 16.915175910000187 ], [ 96.365554200000133, 16.914707100000101 ], [ 96.369790320000163, 16.915198590000102 ], [ 96.372862919999989, 16.915849470000126 ], [ 96.372862919999989, 16.915849380000111 ], [ 96.374742480000123, 16.91497647 ], [ 96.376169880000077, 16.91326899000012 ], [ 96.377627160000031, 16.9132449600001 ], [ 96.378642360000185, 16.912947509999981 ], [ 96.380574480000178, 16.910950950000029 ], [ 96.382752840000137, 16.91049393000003 ], [ 96.385526640000137, 16.910728650000067 ], [ 96.388310520000061, 16.911524520000057 ], [ 96.38989596000016, 16.910668170000065 ], [ 96.390558360000057, 16.90973109000015 ], [ 96.39262915900008, 16.909768812999971 ], [ 96.39417424300018, 16.909971292000137 ], [ 96.394956105000063, 16.910053965000145 ], [ 96.39568500200005, 16.910131037000099 ], [ 96.396642815000178, 16.91011996400016 ], [ 96.397016331000145, 16.910115647000055 ], [ 96.397035560000063, 16.910109787000124 ], [ 96.397192219000146, 16.910062045000075 ], [ 96.398018916000069, 16.909810113000049 ], [ 96.400224814000183, 16.909486949000097 ] ] ] } },
{ "type": "Feature", "properties": { "adm4_name": "Day Zat", "adm4_name1": "ဒေးဇတ်", "adm4_name2": null, "adm4_name3": null, "adm4_pcode": "MMR013023004", "adm3_name": "Thanlyin", "adm3_name1": "သန်လျင်", "adm3_name2": null, "adm3_name3": null, "adm3_pcode": "MMR013023", "adm2_name": "Yangon (South)", "adm2_name1": "ရန်ကုန်(တောင်ပိုင်း)", "adm2_name2": null, "adm2_name3": null, "adm2_pcode": "MMR013D003", "adm1_name": "Yangon", "adm1_name1": "ရန်ကုန်တိုင်းဒေသကြီး", "adm1_name2": null, "adm1_name3": null, "adm1_pcode": "MMR013", "adm0_name": "Myanmar", "adm0_name1": "မြန်မာနိုင်ငံ", "adm0_name2": null, "adm0_name3": null, "adm0_pcode": "MMR", "valid_on": "2024-02-15T00:00:00", "valid_to": null, "area_sqkm": 19.52518397, "version": "v01", "lang": "en", "lang1": "my", "lang2": null, "lang3": null, "adm4_ref_name": "Day Zat", "center_lat": 16.89883338, "center_lon": 96.36783237 }, "geometry": { "type": "Polygon", "coordinates": [ [ [ 96.362646840000082, 16.915175910000187 ], [ 96.361487280000063, 16.915545810000026 ], [ 96.360327720000043, 16.915915710000093 ], [ 96.359626440000113, 16.917470910000191 ], [ 96.359518080000043, 16.919577630000049 ], [ 96.357953188000067, 16.921228105000068 ], [ 96.355465341000183, 16.923586806000117 ], [ 96.354828755000085, 16.923136539000097 ], [ 96.354757465000034, 16.92308611500016 ], [ 96.354725516000144, 16.923057043000085 ], [ 96.354281527000126, 16.922653045000061 ], [ 96.354271223000126, 16.92264367000007 ], [ 96.354177440000115, 16.92255833500019 ], [ 96.35339516800002, 16.921846523999989 ], [ 96.353392407000058, 16.921843732000127 ], [ 96.352773278000086, 16.921217830000046 ], [ 96.352281675000199, 16.920720847000041 ], [ 96.350641222000093, 16.919126167000059 ], [ 96.350633602000187, 16.919118467000146 ], [ 96.349917872000105, 16.918395198000098 ], [ 96.349259405000055, 16.917729795000184 ], [ 96.349252395000178, 16.917722711000124 ], [ 96.348623245000169, 16.917051298000104 ], [ 96.34861302000013, 16.917040385000178 ], [ 96.34847102000009, 16.916888847000052 ], [ 96.348239552000166, 16.916641829000071 ], [ 96.348222883000119, 16.916624040999977 ], [ 96.347143340000059, 16.915200704000085 ], [ 96.346536752000134, 16.914243177000174 ], [ 96.346262240000158, 16.913737299000047 ], [ 96.3460172730002, 16.913285867000184 ], [ 96.345994333000078, 16.913246387000129 ], [ 96.345448866000197, 16.912307599000087 ], [ 96.344968849000168, 16.911481458000026 ], [ 96.344353891000083, 16.910539946000085 ], [ 96.343949798000153, 16.909921272000076 ], [ 96.343206390000091, 16.908525601000122 ], [ 96.342516775000149, 16.907377789 ], [ 96.342517121000185, 16.907376857000145 ], [ 96.342634772000054, 16.907059844000116 ], [ 96.343738690000066, 16.904085310000028 ], [ 96.343634011, 16.903072479000173 ], [ 96.343594078000194, 16.902686092000067 ], [ 96.343075947000045, 16.900835618000087 ], [ 96.342102022000176, 16.899203139000122 ], [ 96.341697664000151, 16.898302871000055 ], [ 96.341151453000123, 16.89646849900015 ], [ 96.339599581000186, 16.895003157000019 ], [ 96.339906972000108, 16.894553637000172 ], [ 96.339919320000092, 16.894535579999967 ], [ 96.343808040000113, 16.892611110000075 ], [ 96.343910172000051, 16.892424875000074 ], [ 96.344584560000044, 16.891195139999979 ], [ 96.345361440000033, 16.889779170000111 ], [ 96.346045440000125, 16.887241980000113 ], [ 96.346456560000036, 16.885761750000029 ], [ 96.346867680000173, 16.88428161000013 ], [ 96.346952640000097, 16.883049150000147 ], [ 96.347037240000134, 16.881816780000122 ], [ 96.347081941, 16.881169582000041 ], [ 96.347099880000201, 16.880909850000023 ], [ 96.346168136000188, 16.878876760000026 ], [ 96.345887040000036, 16.878263400000094 ], [ 96.346074797000199, 16.876977503000035 ], [ 96.346277280000152, 16.875590760000136 ], [ 96.346614258000159, 16.874971152 ], [ 96.347124360000066, 16.874033220000058 ], [ 96.348740852000049, 16.873886847000108 ], [ 96.349015800000075, 16.873861950000105 ], [ 96.349060816000076, 16.87388804200009 ], [ 96.349345920000189, 16.87405329000012 ], [ 96.35137200000014, 16.875226710000049 ], [ 96.353130240000155, 16.875759240000036 ], [ 96.355607040000109, 16.875718740000082 ], [ 96.359541120000188, 16.87565421000005 ], [ 96.360530736000158, 16.875388198000053 ], [ 96.361342997000122, 16.875169860000142 ], [ 96.362877240000159, 16.874757450000118 ], [ 96.363543205000099, 16.874746495000181 ], [ 96.364261440000121, 16.874734680000188 ], [ 96.364953720000187, 16.874723340000116 ], [ 96.365172126000118, 16.874719761000108 ], [ 96.365645640000082, 16.874712 ], [ 96.366772829000183, 16.874693470000125 ], [ 96.367539960000101, 16.874680860000183 ], [ 96.367898246000095, 16.87512511000017 ], [ 96.367986720000147, 16.875234810000165 ], [ 96.368433840000193, 16.875788759999978 ], [ 96.368151240000088, 16.876284570000166 ], [ 96.36800976000012, 16.876532430000054 ], [ 96.367868640000154, 16.876780380000127 ], [ 96.36772914900007, 16.876877848000049 ], [ 96.367670168000075, 16.876919060000091 ], [ 96.366468326000074, 16.877758832000097 ], [ 96.364989360000095, 16.878792240000166 ], [ 96.365353680000055, 16.8787863 ], [ 96.365718000000186, 16.87878027000005 ], [ 96.369373080000116, 16.879421790000038 ], [ 96.373576797, 16.880340504 ], [ 96.373745051000071, 16.880424964999975 ], [ 96.374081655000055, 16.880593934000046 ], [ 96.375040982000087, 16.880734982000149 ], [ 96.375849451000136, 16.880853849000118 ], [ 96.376019387000156, 16.880878834000157 ], [ 96.37608240100019, 16.880888099000117 ], [ 96.376174331000186, 16.880901614999971 ], [ 96.376546416000167, 16.880956321999975 ], [ 96.376589095000043, 16.880995915000142 ], [ 96.376953404000062, 16.881333901000062 ], [ 96.377862598000149, 16.88217740500005 ], [ 96.378069348000054, 16.882979052 ], [ 96.378331745000139, 16.883996455999977 ], [ 96.378488737000168, 16.885367584000107 ], [ 96.378530034000107, 16.885728254000128 ], [ 96.377866212000072, 16.887750446000098 ], [ 96.377804857000058, 16.889001637000149 ], [ 96.377807062000159, 16.889004208000074 ], [ 96.378789822000158, 16.890150151000114 ], [ 96.379318106000142, 16.890216672000065 ], [ 96.380059571000118, 16.890310037000063 ], [ 96.38027442200007, 16.890352667 ], [ 96.381283046000192, 16.890552796000122 ], [ 96.382905791000098, 16.890874779000058 ], [ 96.385629187000177, 16.891980336000131 ], [ 96.387609504000125, 16.89279312300016 ], [ 96.388687616000198, 16.892969084000072 ], [ 96.389149242000201, 16.893044427000177 ], [ 96.390162681000106, 16.893209832000082 ], [ 96.391504793000138, 16.893428880999977 ], [ 96.392846907000148, 16.8936479300001 ], [ 96.393280805000188, 16.893802660000119 ], [ 96.393651988000045, 16.893935026000065 ], [ 96.393995144000201, 16.894057397000154 ], [ 96.394193476999988, 16.894128124000019 ], [ 96.394209013000079, 16.895028908000143 ], [ 96.393819314000041, 16.896935874000178 ], [ 96.393629047000047, 16.897960683000122 ], [ 96.393606042000158, 16.898084593000078 ], [ 96.393668177000052, 16.898463623 ], [ 96.393834947000187, 16.899480930999971 ], [ 96.394303455000056, 16.900830739000128 ], [ 96.394471608, 16.901315202000148 ], [ 96.394654468000056, 16.903134437000119 ], [ 96.394502577000196, 16.904791008000132 ], [ 96.394639820000066, 16.906087234000097 ], [ 96.39457471500009, 16.906568238000091 ], [ 96.394445037000025, 16.907526305999966 ], [ 96.393793403000132, 16.908692598000187 ], [ 96.39262915900008, 16.909768812999971 ], [ 96.390558360000057, 16.90973109000015 ], [ 96.38989596000016, 16.910668170000065 ], [ 96.388310520000061, 16.911524520000057 ], [ 96.385526640000137, 16.910728650000067 ], [ 96.382752840000137, 16.91049393000003 ], [ 96.380574480000178, 16.910950950000029 ], [ 96.378642360000185, 16.912947509999981 ], [ 96.377627160000031, 16.9132449600001 ], [ 96.376169880000077, 16.91326899000012 ], [ 96.374742480000123, 16.91497647 ], [ 96.372862919999989, 16.915849380000111 ], [ 96.372862919999989, 16.915849470000126 ], [ 96.369790320000163, 16.915198590000102 ], [ 96.365554200000133, 16.914707100000101 ], [ 96.362646840000082, 16.915175910000187 ] ] ] } },
{ "type": "Feature", "properties": { "adm4_name": "Yone Tha Pyay Kan", "adm4_name1": "ရုံးသပြေကန်", "adm4_name2": null, "adm4_name3": null, "adm4_pcode": "MMR013023005", "adm3_name": "Thanlyin", "adm3_name1": "သန်လျင်", "adm3_name2": null, "adm3_name3": null, "adm3_pcode": "MMR013023", "adm2_name": "Yangon (South)", "adm2_name1": "ရန်ကုန်(တောင်ပိုင်း)", "adm2_name2": null, "adm2_name3": null, "adm2_pcode": "MMR013D003", "adm1_name": "Yangon", "adm1_name1": "ရန်ကုန်တိုင်းဒေသကြီး", "adm1_name2": null, "adm1_name3": null, "adm1_pcode": "MMR013", "adm0_name": "Myanmar", "adm0_name1": "မြန်မာနိုင်ငံ", "adm0_name2": null, "adm0_name3": null, "adm0_pcode": "MMR", "valid_on": "2024-02-15T00:00:00", "valid_to": null, "area_sqkm": 12.63523223, "version": "v01", "lang": "en", "lang1": "my", "lang2": null, "lang3": null, "adm4_ref_name": "Yone Tha Pyay Kan", "center_lat": 16.82631842, "center_lon": 96.3514798 }, "geometry": { "type": "Polygon", "coordinates": [ [ [ 96.366821040000161, 16.829997930000047 ], [ 96.366659040000059, 16.830088290000049 ], [ 96.366496680000125, 16.83017865000005 ], [ 96.366171960000088, 16.830359460000125 ], [ 96.364468440000167, 16.83291330000003 ], [ 96.363056520000043, 16.835462370000073 ], [ 96.36223716000012, 16.838563050000118 ], [ 96.362291519999985, 16.841649420000067 ], [ 96.362613720000184, 16.843398210000146 ], [ 96.362936280000042, 16.845147 ], [ 96.362810280000133, 16.846271730000069 ], [ 96.360354720000146, 16.84821366000017 ], [ 96.360210000000109, 16.847639820000097 ], [ 96.360060600000168, 16.846678800000177 ], [ 96.359268600000178, 16.845147360000112 ], [ 96.358315319999974, 16.844497020000119 ], [ 96.357218040000134, 16.844004900000073 ], [ 96.356367, 16.843310370000154 ], [ 96.354715680000083, 16.842274740000107 ], [ 96.35298516000006, 16.841764530000148 ], [ 96.349882320000177, 16.84102176000016 ], [ 96.348333600000103, 16.840806210000096 ], [ 96.346141200000091, 16.840799460000085 ], [ 96.344803800000079, 16.840877940000155 ], [ 96.343911360000163, 16.841175930000134 ], [ 96.343312680000167, 16.841440710000029 ], [ 96.342656040000179, 16.841748960000132 ], [ 96.341451120000158, 16.84266129000008 ], [ 96.340291560000139, 16.843657860000121 ], [ 96.339386160000174, 16.844055120000121 ], [ 96.338593800000183, 16.844181390000131 ], [ 96.337620360000074, 16.844055570000023 ], [ 96.335620920000054, 16.84330875 ], [ 96.333932160000131, 16.842656070000032 ], [ 96.332331960000033, 16.84200195000011 ], [ 96.331261320000124, 16.841367540000022 ], [ 96.329648880000093, 16.840033470000094 ], [ 96.328655640000136, 16.83877437000001 ], [ 96.327954720000093, 16.837397100000089 ], [ 96.327748080000049, 16.836996150000175 ], [ 96.329493360000185, 16.836851700000125 ], [ 96.330312720000109, 16.835785920000035 ], [ 96.331131720000201, 16.834720140000115 ], [ 96.333442920000152, 16.833559950000051 ], [ 96.335457840000061, 16.832123910000064 ], [ 96.336003600000083, 16.830009990000121 ], [ 96.336122760000194, 16.829357940000023 ], [ 96.336241920000077, 16.828705890000037 ], [ 96.336801360000038, 16.82564670000005 ], [ 96.336591840000096, 16.822001520000072 ], [ 96.335663760000045, 16.818929280000077 ], [ 96.33535272000006, 16.817811660000189 ], [ 96.335041680000074, 16.816694040000073 ], [ 96.334419960000162, 16.814458800000068 ], [ 96.332965920000106, 16.814622780000093 ], [ 96.330790800000102, 16.815219390000095 ], [ 96.328467360000047, 16.815678030000015 ], [ 96.327462600000047, 16.816536269999972 ], [ 96.326766000000134, 16.818371910000167 ], [ 96.326059680000128, 16.819646400000124 ], [ 96.32547720000008, 16.819655850000174 ], [ 96.324894360000144, 16.819665210000039 ], [ 96.324306840000077, 16.819394130000035 ], [ 96.323719320000123, 16.819122960000129 ], [ 96.324066720000076, 16.817117580000115 ], [ 96.324049800000125, 16.81613550000003 ], [ 96.323527800000079, 16.815442230000031 ], [ 96.323266800000169, 16.815095640000152 ], [ 96.323005800000033, 16.814749050000103 ], [ 96.321522240000036, 16.813229310000111 ], [ 96.324270120000051, 16.812062190000177 ], [ 96.326805600000057, 16.811249310000051 ], [ 96.32934108, 16.810436430000095 ], [ 96.332666760000052, 16.808979149999971 ], [ 96.334834320000141, 16.807961700000192 ], [ 96.336750960000131, 16.807158720000189 ], [ 96.339632040000083, 16.805287620000058 ], [ 96.340355280000097, 16.804995210000016 ], [ 96.341229360000114, 16.804980990000104 ], [ 96.341666040000177, 16.804973880000034 ], [ 96.342103080000072, 16.804966770000021 ], [ 96.345038160000115, 16.806182040000181 ], [ 96.345925560000182, 16.806939390000139 ], [ 96.346813320000081, 16.807696740000097 ], [ 96.349575600000037, 16.807371119999971 ], [ 96.352777440000068, 16.807178520000036 ], [ 96.355399320000117, 16.807135770000059 ], [ 96.35714712000015, 16.807107149999979 ], [ 96.357475440000144, 16.807136940000134 ], [ 96.357803760000138, 16.807166640000105 ], [ 96.358132080000132, 16.807196340000075 ], [ 96.358460400000126, 16.807226040000046 ], [ 96.358926960000133, 16.80890238 ], [ 96.358291560000168, 16.812736110000174 ], [ 96.356902680000189, 16.818056910000053 ], [ 96.357261240000184, 16.82082261000005 ], [ 96.358582080000019, 16.821362340000121 ], [ 96.362379000000146, 16.821861480000052 ], [ 96.365294640000172, 16.821954090000077 ], [ 96.365739240000153, 16.82236773 ], [ 96.366183480000132, 16.822781460000158 ], [ 96.36635412000004, 16.824181950000025 ], [ 96.366306240000199, 16.825586040000019 ], [ 96.36625800000013, 16.826990130000013 ], [ 96.366576600000201, 16.828528500000118 ], [ 96.366821040000161, 16.829997930000047 ] ] ] } },
{ "type": "Feature", "properties": { "adm4_name": "Min Ga Lun", "adm4_name1": "မင်္ဂလွန်း", "adm4_name2": null, "adm4_name3": null, "adm4_pcode": "MMR013023006", "adm3_name": "Thanlyin", "adm3_name1": "သန်လျင်", "adm3_name2": null, "adm3_name3": null, "adm3_pcode": "MMR013023", "adm2_name": "Yangon (South)", "adm2_name1": "ရန်ကုန်(တောင်ပိုင်း)", "adm2_name2": null, "adm2_name3": null, "adm2_pcode": "MMR013D003", "adm1_name": "Yangon", "adm1_name1": "ရန်ကုန်တိုင်းဒေသကြီး", "adm1_name2": null, "adm1_name3": null, "adm1_pcode": "MMR013", "adm0_name": "Myanmar", "adm0_name1": "မြန်မာနိုင်ငံ", "adm0_name2": null, "adm0_name3": null, "adm0_pcode": "MMR", "valid_on": "2024-02-15T00:00:00", "valid_to": null, "area_sqkm": 23.81217318, "version": "v01", "lang": "en", "lang1": "my", "lang2": null, "lang3": null, "adm4_ref_name": "Min Ga Lun", "center_lat": 16.80815799, "center_lon": 96.38430655000001 }, "geometry": { "type": "Polygon", "coordinates": [ [ [ 96.434740309000063, 16.80324684600015 ], [ 96.434641796000165, 16.803442257000086 ], [ 96.4345003950001, 16.804361361000076 ], [ 96.434288294000055, 16.805421867000064 ], [ 96.432023776000051, 16.806884368000055 ], [ 96.430894676000094, 16.807613578000144 ], [ 96.429480671000078, 16.806906574000095 ], [ 96.425380051000047, 16.806199572000025 ], [ 96.413360994000072, 16.806411673000071 ], [ 96.409537683000053, 16.807427995000182 ], [ 96.410158549000073, 16.808702403999973 ], [ 96.411611510000114, 16.811626774000047 ], [ 96.413078813000084, 16.814159049000011 ], [ 96.414095871000086, 16.815914285000133 ], [ 96.414738362000037, 16.817316759000164 ], [ 96.414940430000058, 16.817757845000074 ], [ 96.414849351000043, 16.819150324000077 ], [ 96.41441410900012, 16.821397623000109 ], [ 96.414055191000045, 16.823450703 ], [ 96.414048111, 16.823597858000028 ], [ 96.413999391000061, 16.82461080600018 ], [ 96.414416630000062, 16.82530074400006 ], [ 96.415110709000032, 16.825755064000134 ], [ 96.41576195000016, 16.826094005000073 ], [ 96.416258030000165, 16.826705645 ], [ 96.416737588000046, 16.827412454000182 ], [ 96.416881551000131, 16.827624634000131 ], [ 96.417015469000034, 16.828241136000145 ], [ 96.417025190000061, 16.82870472500008 ], [ 96.416793704999975, 16.829171644000041 ], [ 96.415469630000132, 16.829382874000146 ], [ 96.413981391000164, 16.829441734 ], [ 96.412655870000037, 16.829575656000088 ], [ 96.412273560000187, 16.829580873000054 ], [ 96.41189087500004, 16.829586096000071 ], [ 96.411441591000198, 16.82928297300009 ], [ 96.41099231000004, 16.828979946000175 ], [ 96.409813670000062, 16.828454885000156 ], [ 96.4090317510001, 16.827653975000146 ], [ 96.40816702900014, 16.826738226000145 ], [ 96.407761305000122, 16.826589096000077 ], [ 96.40711979200006, 16.826713748000088 ], [ 96.406804434000094, 16.827027210000097 ], [ 96.40665646900004, 16.827647494000075 ], [ 96.40647646900004, 16.828654774000086 ], [ 96.406268866, 16.828978420000055 ], [ 96.40616867100016, 16.829315915000166 ], [ 96.405866988000184, 16.830286120000096 ], [ 96.405592668000054, 16.830637652 ], [ 96.402132350000045, 16.830723158000183 ], [ 96.401418473000092, 16.831235160000062 ], [ 96.401347909000094, 16.831699926000169 ], [ 96.401368431000037, 16.832665715000076 ], [ 96.401519629000063, 16.833352415000036 ], [ 96.401168280000036, 16.833365730000139 ], [ 96.401167200000145, 16.83334611000015 ], [ 96.401153160000035, 16.8330249 ], [ 96.400751760000048, 16.833019770000135 ], [ 96.4007467200002, 16.832584440000176 ], [ 96.400710720000063, 16.83233793 ], [ 96.400674720000097, 16.83209142000004 ], [ 96.400628639999979, 16.831873170000108 ], [ 96.399659160000056, 16.83183060000016 ], [ 96.39869004000019, 16.831788029999984 ], [ 96.395796720000078, 16.832958570000017 ], [ 96.394201920000114, 16.833405870000092 ], [ 96.392455200000143, 16.833504960000141 ], [ 96.390708480000058, 16.833603960000119 ], [ 96.386770440000191, 16.833388410000055 ], [ 96.383730960000037, 16.833647970000072 ], [ 96.382697040000096, 16.83373626000008 ], [ 96.382300680000185, 16.833988350000141 ], [ 96.381904320000103, 16.834240440000031 ], [ 96.37771932000004, 16.832414970000173 ], [ 96.375521880000122, 16.831749420000165 ], [ 96.374190960000135, 16.830648720000056 ], [ 96.373496160000172, 16.830484739999974 ], [ 96.372801, 16.83032076000012 ], [ 96.371411040000169, 16.829992800000127 ], [ 96.370975080000107, 16.830070110000122 ], [ 96.370539480000161, 16.830147420000117 ], [ 96.370103520000157, 16.830224730000168 ], [ 96.369667920000154, 16.830302040000163 ], [ 96.367470480000065, 16.829636490000155 ], [ 96.366821040000161, 16.829997930000047 ], [ 96.366576600000201, 16.828528500000118 ], [ 96.36625800000013, 16.826990130000013 ], [ 96.366306240000199, 16.825586040000019 ], [ 96.36635412000004, 16.824181950000025 ], [ 96.366183480000132, 16.822781460000158 ], [ 96.365739240000153, 16.82236773 ], [ 96.365294640000172, 16.821954090000077 ], [ 96.362379000000146, 16.821861480000052 ], [ 96.358582080000019, 16.821362340000121 ], [ 96.357261240000184, 16.82082261000005 ], [ 96.356902680000189, 16.818056910000053 ], [ 96.358291560000168, 16.812736110000174 ], [ 96.358926960000133, 16.80890238 ], [ 96.358460400000126, 16.807226040000046 ], [ 96.358132080000132, 16.807196340000075 ], [ 96.357803760000138, 16.807166640000105 ], [ 96.359639040000104, 16.805908710000153 ], [ 96.36147432000007, 16.80465087000016 ], [ 96.362901360000194, 16.802943570000082 ], [ 96.364328040000089, 16.801236270000061 ], [ 96.365772, 16.800510960000111 ], [ 96.366494160000116, 16.800148260000128 ], [ 96.367216320000182, 16.799785650000103 ], [ 96.369250320000049, 16.799471640000093 ], [ 96.372474120000163, 16.800541470000155 ], [ 96.374003400000049, 16.800516360000188 ], [ 96.375532680000106, 16.80049125000005 ], [ 96.379171200000087, 16.80029109000003 ], [ 96.383103480000159, 16.800226469999984 ], [ 96.383903400000122, 16.800143130000038 ], [ 96.38430336000016, 16.800101460000121 ], [ 96.389474400000097, 16.802025930000013 ], [ 96.389901360000067, 16.801489350000054 ], [ 96.39010944000006, 16.800889500000153 ], [ 96.390963360000171, 16.799816250000163 ], [ 96.394263120000176, 16.79695533000006 ], [ 96.395025600000054, 16.795123380000177 ], [ 96.39649836000001, 16.791586020000068 ], [ 96.39667656, 16.79006529000003 ], [ 96.397257240000101, 16.785118529999977 ], [ 96.397414920000188, 16.782937290000177 ], [ 96.397609987000067, 16.783000746000084 ], [ 96.398656827000195, 16.784394594000105 ], [ 96.398737886000049, 16.784399091000068 ], [ 96.400754697000195, 16.784510967000074 ], [ 96.401486558000101, 16.784551564000139 ], [ 96.403692193000097, 16.783967948000168 ], [ 96.404752104000124, 16.784127723000154 ], [ 96.406446413000083, 16.785844025000074 ], [ 96.407661633000089, 16.787329595000074 ], [ 96.407838101000095, 16.787545324000064 ], [ 96.409154822000062, 16.789331710000056 ], [ 96.410955204000174, 16.791440779000027 ], [ 96.410757068000123, 16.792303409 ], [ 96.411475072000201, 16.793329684000128 ], [ 96.412039193000055, 16.794759243000158 ], [ 96.413955162000036, 16.795130215000142 ], [ 96.417114728000172, 16.795741971000098 ], [ 96.423281360000033, 16.799369402000139 ], [ 96.424557544000152, 16.800120098999969 ], [ 96.430326380000167, 16.802338722000172 ], [ 96.431976945000031, 16.802678310000033 ], [ 96.434740309000063, 16.80324684600015 ] ] ] } },
{ "type": "Feature", "properties": { "adm4_name": "Baw Tha Pyay Kan", "adm4_name1": "ဘောသပြေကန်", "adm4_name2": null, "adm4_name3": null, "adm4_pcode": "MMR013023007", "adm3_name": "Thanlyin", "adm3_name1": "သန်လျင်", "adm3_name2": null, "adm3_name3": null, "adm3_pcode": "MMR013023", "adm2_name": "Yangon (South)", "adm2_name1": "ရန်ကုန်(တောင်ပိုင်း)", "adm2_name2": null, "adm2_name3": null, "adm2_pcode": "MMR013D003", "adm1_name": "Yangon", "adm1_name1": "ရန်ကုန်တိုင်းဒေသကြီး", "adm1_name2": null, "adm1_name3": null, "adm1_pcode": "MMR013", "adm0_name": "Myanmar", "adm0_name1": "မြန်မာနိုင်ငံ", "adm0_name2": null, "adm0_name3": null, "adm0_pcode": "MMR", "valid_on": "2024-02-15T00:00:00", "valid_to": null, "area_sqkm": 22.31398908, "version": "v01", "lang": "en", "lang1": "my", "lang2": null, "lang3": null, "adm4_ref_name": "Baw Tha Pyay Kan", "center_lat": 16.7849618, "center_lon": 96.35439638 }, "geometry": { "type": "Polygon", "coordinates": [ [ [ 96.34542840000006, 16.770250710000141 ], [ 96.347318760000178, 16.77007962 ], [ 96.348551760000021, 16.769778929999973 ], [ 96.349784760000091, 16.769478240000183 ], [ 96.35211468000017, 16.76944026000001 ], [ 96.354881640000087, 16.769395260000067 ], [ 96.356192040000167, 16.769373840000071 ], [ 96.359408640000026, 16.767988290000176 ], [ 96.364453680000054, 16.764958980000131 ], [ 96.3674794800001, 16.763085270000033 ], [ 96.369656040000052, 16.762628610000093 ], [ 96.370884, 16.762047210000105 ], [ 96.372111960000041, 16.761465810000118 ], [ 96.376334400000189, 16.762328460000106 ], [ 96.378675120000082, 16.76324988000016 ], [ 96.380915760000164, 16.765110360000051 ], [ 96.381230400000106, 16.766887320000023 ], [ 96.381247320000057, 16.76784501000003 ], [ 96.381282600000134, 16.769844990000138 ], [ 96.381572759999983, 16.77216087000005 ], [ 96.381603, 16.773097770000163 ], [ 96.382480680000185, 16.773293790000025 ], [ 96.385345200000188, 16.774650000000122 ], [ 96.384707279999986, 16.775642790000063 ], [ 96.384949200000108, 16.776971910000043 ], [ 96.385191120000059, 16.77830103000008 ], [ 96.383656440000095, 16.782115139999974 ], [ 96.38345232000006, 16.787029950000033 ], [ 96.383983680000199, 16.79235362999998 ], [ 96.383322720000194, 16.79615334000016 ], [ 96.383646360000171, 16.797972239999979 ], [ 96.384174840000185, 16.799016060000042 ], [ 96.384703320000199, 16.800059790000091 ], [ 96.384503160000179, 16.800080579999985 ], [ 96.38430336000016, 16.800101460000121 ], [ 96.383903400000122, 16.800143130000038 ], [ 96.383103480000159, 16.800226469999984 ], [ 96.379171200000087, 16.80029109000003 ], [ 96.375532680000106, 16.80049125000005 ], [ 96.374003400000049, 16.800516360000188 ], [ 96.372474120000163, 16.800541470000155 ], [ 96.369250320000049, 16.799471640000093 ], [ 96.367216320000182, 16.799785650000103 ], [ 96.366494160000116, 16.800148260000128 ], [ 96.365772, 16.800510960000111 ], [ 96.364328040000089, 16.801236270000061 ], [ 96.362901360000194, 16.802943570000082 ], [ 96.36147432000007, 16.80465087000016 ], [ 96.359639040000104, 16.805908710000153 ], [ 96.357803760000138, 16.807166640000105 ], [ 96.357475440000144, 16.807136940000134 ], [ 96.35714712000015, 16.807107149999979 ], [ 96.355399320000117, 16.807135770000059 ], [ 96.352777440000068, 16.807178520000036 ], [ 96.349575600000037, 16.807371119999971 ], [ 96.346813320000081, 16.807696740000097 ], [ 96.345925560000182, 16.806939390000139 ], [ 96.345038160000115, 16.806182040000181 ], [ 96.342103080000072, 16.804966770000021 ], [ 96.341666040000177, 16.804973880000034 ], [ 96.341229360000114, 16.804980990000104 ], [ 96.340355280000097, 16.804995210000016 ], [ 96.339632040000083, 16.805287620000058 ], [ 96.336750960000131, 16.807158720000189 ], [ 96.334834320000141, 16.807961700000192 ], [ 96.334449480000103, 16.80677514000007 ], [ 96.33406428, 16.805588490000105 ], [ 96.333610320000105, 16.804613520000089 ], [ 96.332981040000107, 16.801957440000024 ], [ 96.332781600000146, 16.798873320000155 ], [ 96.331572360000109, 16.796366910000074 ], [ 96.3304153200001, 16.794771840000067 ], [ 96.329048040000146, 16.791566310000064 ], [ 96.328388808000113, 16.790437172000054 ], [ 96.326044920000129, 16.786422540000046 ], [ 96.325517880000064, 16.785448740000106 ], [ 96.32499120000017, 16.784474850000038 ], [ 96.323937480000041, 16.782527250000157 ], [ 96.321743280000021, 16.782001289999982 ], [ 96.321618068000134, 16.781498392000117 ], [ 96.321430080000084, 16.780743360000031 ], [ 96.321116880000091, 16.779485430000022 ], [ 96.321386160000145, 16.778218050000135 ], [ 96.321182040000167, 16.774853310000083 ], [ 96.321145320000142, 16.772748840000077 ], [ 96.322727880000173, 16.771600710000087 ], [ 96.323819760000049, 16.771583070000077 ], [ 96.324912, 16.77156543000018 ], [ 96.326380440000037, 16.772243310000135 ], [ 96.326429400000166, 16.775049240000158 ], [ 96.326624880000168, 16.77581793000013 ], [ 96.32682036000017, 16.77658662000016 ], [ 96.32721132, 16.778124000000162 ], [ 96.329867040000011, 16.78004568 ], [ 96.33065868000017, 16.78046463000004 ], [ 96.331806720000088, 16.781072220000055 ], [ 96.332954760000064, 16.781679720000056 ], [ 96.335287200000153, 16.781782229999976 ], [ 96.33907368000007, 16.781720850000056 ], [ 96.340220640000155, 16.780649670000059 ], [ 96.341367240000125, 16.779578580000077 ], [ 96.34394664000007, 16.777151010000125 ], [ 96.344336880000185, 16.774478370000168 ], [ 96.344305200000065, 16.772654610000075 ], [ 96.344654400000138, 16.771806900000115 ], [ 96.345003600000098, 16.770959280000113 ], [ 96.345216000000107, 16.77060495000012 ], [ 96.34542840000006, 16.770250710000141 ] ] ] } },
{ "type": "Feature", "properties": { "adm4_name": "Kayin Seik", "adm4_name1": "ကရင်ဆိပ်", "adm4_name2": null, "adm4_name3": null, "adm4_pcode": "MMR013023008", "adm3_name": "Thanlyin", "adm3_name1": "သန်လျင်", "adm3_name2": null, "adm3_name3": null, "adm3_pcode": "MMR013023", "adm2_name": "Yangon (South)", "adm2_name1": "ရန်ကုန်(တောင်ပိုင်း)", "adm2_name2": null, "adm2_name3": null, "adm2_pcode": "MMR013D003", "adm1_name": "Yangon", "adm1_name1": "ရန်ကုန်တိုင်းဒေသကြီး", "adm1_name2": null, "adm1_name3": null, "adm1_pcode": "MMR013", "adm0_name": "Myanmar", "adm0_name1": "မြန်မာနိုင်ငံ", "adm0_name2": null, "adm0_name3": null, "adm0_pcode": "MMR", "valid_on": "2024-02-15T00:00:00", "valid_to": null, "area_sqkm": 22.1705193, "version": "v01", "lang": "en", "lang1": "my", "lang2": null, "lang3": null, "adm4_ref_name": "Kayin Seik", "center_lat": 16.76373466, "center_lon": 96.39003456 }, "geometry": { "type": "Polygon", "coordinates": [ [ [ 96.397609987000067, 16.783000746000084 ], [ 96.397414920000188, 16.782937290000177 ], [ 96.397257240000101, 16.785118529999977 ], [ 96.39667656, 16.79006529000003 ], [ 96.39649836000001, 16.791586020000068 ], [ 96.395025600000054, 16.795123380000177 ], [ 96.394263120000176, 16.79695533000006 ], [ 96.390963360000171, 16.799816250000163 ], [ 96.39010944000006, 16.800889500000153 ], [ 96.389901360000067, 16.801489350000054 ], [ 96.389474400000097, 16.802025930000013 ], [ 96.38430336000016, 16.800101460000121 ], [ 96.384503160000179, 16.800080579999985 ], [ 96.384703320000199, 16.800059790000091 ], [ 96.384174840000185, 16.799016060000042 ], [ 96.383646360000171, 16.797972239999979 ], [ 96.383322720000194, 16.79615334000016 ], [ 96.383983680000199, 16.79235362999998 ], [ 96.38345232000006, 16.787029950000033 ], [ 96.383656440000095, 16.782115139999974 ], [ 96.385191120000059, 16.77830103000008 ], [ 96.384949200000108, 16.776971910000043 ], [ 96.384707279999986, 16.775642790000063 ], [ 96.385345200000188, 16.774650000000122 ], [ 96.382480680000185, 16.773293790000025 ], [ 96.381603, 16.773097770000163 ], [ 96.381572759999983, 16.77216087000005 ], [ 96.381282600000134, 16.769844990000138 ], [ 96.381247320000057, 16.76784501000003 ], [ 96.381230400000106, 16.766887320000023 ], [ 96.380915760000164, 16.765110360000051 ], [ 96.378675120000082, 16.76324988000016 ], [ 96.376334400000189, 16.762328460000106 ], [ 96.372111960000041, 16.761465810000118 ], [ 96.372003600000141, 16.760772990000191 ], [ 96.371455320000052, 16.757266680000157 ], [ 96.370524720000162, 16.754054400000143 ], [ 96.370355520000032, 16.752724020000187 ], [ 96.370186320000073, 16.75139364000006 ], [ 96.370759080000198, 16.750822950000099 ], [ 96.371331480000151, 16.750252260000138 ], [ 96.368430240000066, 16.751446830000191 ], [ 96.367427280000015, 16.751859750000051 ], [ 96.363207360000104, 16.752069000000176 ], [ 96.3589896000002, 16.752418470000123 ], [ 96.357397680000076, 16.753005720000033 ], [ 96.35580576000018, 16.753592970000113 ], [ 96.355248120000056, 16.752935430000093 ], [ 96.354690480000102, 16.752277980000031 ], [ 96.353574840000192, 16.750962990000119 ], [ 96.353273880000131, 16.75040652000007 ], [ 96.352760520000118, 16.750204380000071 ], [ 96.35250384, 16.750103310000043 ], [ 96.352247160000104, 16.750002240000015 ], [ 96.354367560000014, 16.746319170000106 ], [ 96.355479240000193, 16.745293170000139 ], [ 96.35685804000002, 16.744020480000188 ], [ 96.358237200000133, 16.742747880000024 ], [ 96.358665960000053, 16.742284830000074 ], [ 96.359094720000201, 16.74182178000018 ], [ 96.359952240000098, 16.740895680000108 ], [ 96.36084252, 16.7406588 ], [ 96.360882480000157, 16.73936604 ], [ 96.360922440000081, 16.738073190000136 ], [ 96.361462800000197, 16.735678830000097 ], [ 96.362003520000144, 16.733284380000043 ], [ 96.362672400000065, 16.729905510000094 ], [ 96.362653864000151, 16.729650646000152 ], [ 96.371144384000104, 16.728318798000089 ], [ 96.373771261000115, 16.7272242680001 ], [ 96.375303606000159, 16.725910829000043 ], [ 96.378587200000084, 16.728318798000089 ], [ 96.387781269000072, 16.728318798000089 ], [ 96.396153549000189, 16.727297976000159 ], [ 96.397238031000199, 16.727165746000026 ], [ 96.397322068000165, 16.727155500000094 ], [ 96.398043108000138, 16.72706758400011 ], [ 96.400766248000195, 16.72673555200015 ], [ 96.401607594000154, 16.727946023000015 ], [ 96.402741601000116, 16.72957755800013 ], [ 96.402804019000143, 16.730137561 ], [ 96.403150652000136, 16.733247494000182 ], [ 96.403261884000074, 16.73441521500007 ], [ 96.403374892000045, 16.735601593000183 ], [ 96.403368153000088, 16.735672272000102 ], [ 96.403260003000184, 16.736806558000126 ], [ 96.403172651000091, 16.737722706000113 ], [ 96.402421642000036, 16.74008013800011 ], [ 96.401997744000141, 16.74161349200017 ], [ 96.403179856000065, 16.743522787000131 ], [ 96.403306164000185, 16.7437267950001 ], [ 96.405950501000063, 16.748239280000178 ], [ 96.405416217000095, 16.748366491000127 ], [ 96.401353468000082, 16.749333813000078 ], [ 96.398726590000194, 16.749990533000073 ], [ 96.397934084000156, 16.753953074000094 ], [ 96.399034193000148, 16.755574256000102 ], [ 96.40091565400013, 16.764219449000166 ], [ 96.401353468000082, 16.766846326000177 ], [ 96.397194246000026, 16.772318984000037 ], [ 96.394723404000047, 16.779230360000042 ], [ 96.395826110000201, 16.779507951000028 ], [ 96.396734466, 16.781835015000183 ], [ 96.397609987000067, 16.783000746000084 ] ] ] } },
{ "type": "Feature", "properties": { "adm4_name": "Tha Pyay Kone", "adm4_name1": "သပြေကုန်း", "adm4_name2": null, "adm4_name3": null, "adm4_pcode": "MMR013023009", "adm3_name": "Thanlyin", "adm3_name1": "သန်လျင်", "adm3_name2": null, "adm3_name3": null, "adm3_pcode": "MMR013023", "adm2_name": "Yangon (South)", "adm2_name1": "ရန်ကုန်(တောင်ပိုင်း)", "adm2_name2": null, "adm2_name3": null, "adm2_pcode": "MMR013D003", "adm1_name": "Yangon", "adm1_name1": "ရန်ကုန်တိုင်းဒေသကြီး", "adm1_name2": null, "adm1_name3": null, "adm1_pcode": "MMR013", "adm0_name": "Myanmar", "adm0_name1": "မြန်မာနိုင်ငံ", "adm0_name2": null, "adm0_name3": null, "adm0_pcode": "MMR", "valid_on": "2024-02-15T00:00:00", "valid_to": null, "area_sqkm": 4.59002389, "version": "v01", "lang": "en", "lang1": "my", "lang2": null, "lang3": null, "adm4_ref_name": "Tha Pyay Kone", "center_lat": 16.87028273, "center_lon": 96.37268425000001 }, "geometry": { "type": "Polygon", "coordinates": [ [ [ 96.390642589000038, 16.872899311000083 ], [ 96.390194749000102, 16.872724983000069 ], [ 96.387225111000078, 16.871241783000073 ], [ 96.385150069000133, 16.87022757200009 ], [ 96.383865581000066, 16.869306611000013 ], [ 96.38219914900003, 16.870488392000027 ], [ 96.382296349000114, 16.871260053000185 ], [ 96.382869471000106, 16.871716084000184 ], [ 96.383442941000112, 16.872172118000037 ], [ 96.382807191000097, 16.872567121000145 ], [ 96.381681471000036, 16.872659555000155 ], [ 96.380322471, 16.873141685000064 ], [ 96.380163350000089, 16.873221061999971 ], [ 96.380417870000201, 16.873836035000181 ], [ 96.381475910000177, 16.874362803000054 ], [ 96.381881629000077, 16.874511933000122 ], [ 96.381816110000045, 16.87520844300019 ], [ 96.38182259000007, 16.875517504000129 ], [ 96.38166959, 16.875906034000081 ], [ 96.38164607900012, 16.876969079000048 ], [ 96.381628551000063, 16.87776165300005 ], [ 96.381409671000085, 16.878846693000128 ], [ 96.381446020000169, 16.879158271000165 ], [ 96.381446030000177, 16.879158364000091 ], [ 96.381508311000061, 16.879695574000095 ], [ 96.381518020999977, 16.880159170000127 ], [ 96.38104174900019, 16.88047479100004 ], [ 96.381051465000098, 16.880938380000089 ], [ 96.381061181000064, 16.881401982999989 ], [ 96.380745829000034, 16.881715440000107 ], [ 96.379777789000059, 16.88165118500018 ], [ 96.376589095000043, 16.880995915000142 ], [ 96.376546416000167, 16.880956321999975 ], [ 96.376174331000186, 16.880901614999971 ], [ 96.37608240100019, 16.880888099000117 ], [ 96.376019387000156, 16.880878834000157 ], [ 96.375849451000136, 16.880853849000118 ], [ 96.375040982000087, 16.880734982000149 ], [ 96.374081655000055, 16.880593934000046 ], [ 96.373745051000071, 16.880424964999975 ], [ 96.373576797, 16.880340504 ], [ 96.369373080000116, 16.879421790000038 ], [ 96.365718000000186, 16.87878027000005 ], [ 96.365353680000055, 16.8787863 ], [ 96.364989360000095, 16.878792240000166 ], [ 96.366468326000074, 16.877758832000097 ], [ 96.367670168000075, 16.876919060000091 ], [ 96.36772914900007, 16.876877848000049 ], [ 96.367868640000154, 16.876780380000127 ], [ 96.36800976000012, 16.876532430000054 ], [ 96.368151240000088, 16.876284570000166 ], [ 96.368433840000193, 16.875788759999978 ], [ 96.367986720000147, 16.875234810000165 ], [ 96.367898246000095, 16.87512511000017 ], [ 96.367539960000101, 16.874680860000183 ], [ 96.366772829000183, 16.874693470000125 ], [ 96.365645640000082, 16.874712 ], [ 96.365172126000118, 16.874719761000108 ], [ 96.364953720000187, 16.874723340000116 ], [ 96.364261440000121, 16.874734680000188 ], [ 96.364304640000114, 16.873050060000025 ], [ 96.364153440000052, 16.872736770000074 ], [ 96.364001880000103, 16.87242357000008 ], [ 96.36369948000015, 16.871797080000135 ], [ 96.363096840000196, 16.870684320000066 ], [ 96.362494200000071, 16.86957156 ], [ 96.361878960000183, 16.867757429999983 ], [ 96.3618418800001, 16.865653050000162 ], [ 96.363691200000176, 16.863096780000035 ], [ 96.364178600000173, 16.861862499000154 ], [ 96.364527840000108, 16.86097809000006 ], [ 96.36458328000009, 16.859994930000084 ], [ 96.364719720000039, 16.858865610000066 ], [ 96.365238840000131, 16.85950173000009 ], [ 96.365671200000065, 16.859813400000121 ], [ 96.366242160000013, 16.860484170000063 ], [ 96.366826440000068, 16.861083840000106 ], [ 96.366886458000067, 16.861131937999971 ], [ 96.367796640000051, 16.86186135000014 ], [ 96.36837840000004, 16.862291010000149 ], [ 96.368944320000139, 16.862678460000041 ], [ 96.369434640000065, 16.862953770000104 ], [ 96.369956640000055, 16.86334185000004 ], [ 96.370302960000117, 16.86377538000005 ], [ 96.370602480000059, 16.864082190000033 ], [ 96.370944480000105, 16.864289100000121 ], [ 96.371312760000194, 16.864297200000067 ], [ 96.371925120000071, 16.86398958000018 ], [ 96.372638640000105, 16.863552810000101 ], [ 96.373157040000194, 16.862920830000064 ], [ 96.373479600000053, 16.86240963 ], [ 96.373774440000091, 16.862060520000114 ], [ 96.374207520000084, 16.861585860000048 ], [ 96.374980080000057, 16.861176360000115 ], [ 96.375987360000067, 16.860734730000161 ], [ 96.377217120000012, 16.860374370000045 ], [ 96.379759440000043, 16.860220740000102 ], [ 96.380481240000108, 16.860235590000059 ], [ 96.381488160000117, 16.860601530000167 ], [ 96.382293840000159, 16.861225770000146 ], [ 96.382730520000052, 16.86178539000008 ], [ 96.38297856000014, 16.86248973000005 ], [ 96.383179080000048, 16.862996430000067 ], [ 96.384826080000039, 16.863309990000062 ], [ 96.38674020000019, 16.864400970000133 ], [ 96.388360200000079, 16.865356500000132 ], [ 96.388666560000047, 16.866193410000108 ], [ 96.389220240000043, 16.868118960000061 ], [ 96.391063072000065, 16.868996375000108 ], [ 96.391431861000115, 16.870337887000062 ], [ 96.391460150000057, 16.870440785000085 ], [ 96.391489665000108, 16.871831652000139 ], [ 96.390642589000038, 16.872899311000083 ] ] ] } },
{ "type": "Feature", "properties": { "adm4_name": "Bagan Taung", "adm4_name1": "ပုဂံတောင်", "adm4_name2": null, "adm4_name3": null, "adm4_pcode": "MMR013023010", "adm3_name": "Thanlyin", "adm3_name1": "သန်လျင်", "adm3_name2": null, "adm3_name3": null, "adm3_pcode": "MMR013023", "adm2_name": "Yangon (South)", "adm2_name1": "ရန်ကုန်(တောင်ပိုင်း)", "adm2_name2": null, "adm2_name3": null, "adm2_pcode": "MMR013D003", "adm1_name": "Yangon", "adm1_name1": "ရန်ကုန်တိုင်းဒေသကြီး", "adm1_name2": null, "adm1_name3": null, "adm1_pcode": "MMR013", "adm0_name": "Myanmar", "adm0_name1": "မြန်မာနိုင်ငံ", "adm0_name2": null, "adm0_name3": null, "adm0_pcode": "MMR", "valid_on": "2024-02-15T00:00:00", "valid_to": null, "area_sqkm": 13.75066726, "version": "v01", "lang": "en", "lang1": "my", "lang2": null, "lang3": null, "adm4_ref_name": "Bagan Taung", "center_lat": 16.84934051, "center_lon": 96.38296676 }, "geometry": { "type": "Polygon", "coordinates": [ [ [ 96.361890840000058, 16.855327260000024 ], [ 96.361441200000172, 16.854859980000128 ], [ 96.361001280000039, 16.854116220000037 ], [ 96.360530760000188, 16.853287950000038 ], [ 96.360309360000144, 16.852413150000132 ], [ 96.360204960000033, 16.85150802000004 ], [ 96.360194907000164, 16.851325069000097 ], [ 96.360161400000152, 16.8507153 ], [ 96.360201720000134, 16.849666080000077 ], [ 96.360248880000086, 16.848999360000164 ], [ 96.360354720000146, 16.84821366000017 ], [ 96.362810280000133, 16.846271730000069 ], [ 96.362936280000042, 16.845147 ], [ 96.362613720000184, 16.843398210000146 ], [ 96.362291519999985, 16.841649420000067 ], [ 96.36223716000012, 16.838563050000118 ], [ 96.363056520000043, 16.835462370000073 ], [ 96.364468440000167, 16.83291330000003 ], [ 96.366171960000088, 16.830359460000125 ], [ 96.366496680000125, 16.83017865000005 ], [ 96.366659040000059, 16.830088290000049 ], [ 96.366821040000161, 16.829997930000047 ], [ 96.367470480000065, 16.829636490000155 ], [ 96.369667920000154, 16.830302040000163 ], [ 96.370103520000157, 16.830224730000168 ], [ 96.370539480000161, 16.830147420000117 ], [ 96.370975080000107, 16.830070110000122 ], [ 96.371411040000169, 16.829992800000127 ], [ 96.372801, 16.83032076000012 ], [ 96.373496160000172, 16.830484739999974 ], [ 96.374190960000135, 16.830648720000056 ], [ 96.375521880000122, 16.831749420000165 ], [ 96.37771932000004, 16.832414970000173 ], [ 96.381904320000103, 16.834240440000031 ], [ 96.382300680000185, 16.833988350000141 ], [ 96.382697040000096, 16.83373626000008 ], [ 96.383730960000037, 16.833647970000072 ], [ 96.386770440000191, 16.833388410000055 ], [ 96.390708480000058, 16.833603960000119 ], [ 96.392455200000143, 16.833504960000141 ], [ 96.394201920000114, 16.833405870000092 ], [ 96.395796720000078, 16.832958570000017 ], [ 96.39869004000019, 16.831788029999984 ], [ 96.399659160000056, 16.83183060000016 ], [ 96.400628639999979, 16.831873170000108 ], [ 96.400674720000097, 16.83209142000004 ], [ 96.400710720000063, 16.83233793 ], [ 96.4007467200002, 16.832584440000176 ], [ 96.400751760000048, 16.833019770000135 ], [ 96.401153160000035, 16.8330249 ], [ 96.401167200000145, 16.83334611000015 ], [ 96.401168280000036, 16.833365730000139 ], [ 96.401519629000063, 16.833352415000036 ], [ 96.401521069000012, 16.834170876000144 ], [ 96.40129679000006, 16.834985466000035 ], [ 96.40123990800015, 16.836106960000109 ], [ 96.400847511000052, 16.83657603 ], [ 96.400670751000177, 16.837737755000148 ], [ 96.400758229000132, 16.838065082000128 ], [ 96.40084571, 16.838392415000101 ], [ 96.403203350000069, 16.839442534000057 ], [ 96.404107670000087, 16.840319135000016 ], [ 96.405993711000065, 16.843810326000153 ], [ 96.406265509000036, 16.845236555000099 ], [ 96.405886064000128, 16.846323759000029 ], [ 96.405370193000181, 16.846678533000045 ], [ 96.405384230000038, 16.847335355000041 ], [ 96.405888591000064, 16.848333275000186 ], [ 96.406096307000041, 16.848639639000112 ], [ 96.405663592000053, 16.849109251000073 ], [ 96.405753950000076, 16.849571765000178 ], [ 96.405566389000057, 16.85023128600011 ], [ 96.405697791000136, 16.850731864000124 ], [ 96.405633707000163, 16.851505688000032 ], [ 96.40523879400007, 16.851858840000148 ], [ 96.405090826000048, 16.852479211 ], [ 96.40468762800009, 16.852446004000058 ], [ 96.40411990500013, 16.852260517000047 ], [ 96.403480916000092, 16.852500992000159 ], [ 96.403114426000172, 16.852312714 ], [ 96.402388310000106, 16.852245307000032 ], [ 96.401671912000154, 16.852641488000017 ], [ 96.401242430000138, 16.853265633999968 ], [ 96.401207866000163, 16.853536620000057 ], [ 96.40015883, 16.85343483500003 ], [ 96.399475915000096, 16.853521414 ], [ 96.399524509000059, 16.853907244000141 ], [ 96.399933467000096, 16.854210817000137 ], [ 96.399696230000131, 16.854407283000057 ], [ 96.400102201000038, 16.857930371000066 ], [ 96.396400444999983, 16.860174963000134 ], [ 96.393325798000092, 16.859175511000046 ], [ 96.388737303000141, 16.855139827000073 ], [ 96.388736766000136, 16.85513935400013 ], [ 96.388736804000189, 16.855140834000053 ], [ 96.388896237000097, 16.861401783000019 ], [ 96.388896354000053, 16.861406372000147 ], [ 96.389023671000189, 16.861894295000127 ], [ 96.390140750000171, 16.865639734000126 ], [ 96.391063072000065, 16.868996375000108 ], [ 96.389220240000043, 16.868118960000061 ], [ 96.388666560000047, 16.866193410000108 ], [ 96.388360200000079, 16.865356500000132 ], [ 96.38674020000019, 16.864400970000133 ], [ 96.384826080000039, 16.863309990000062 ], [ 96.383179080000048, 16.862996430000067 ], [ 96.38297856000014, 16.86248973000005 ], [ 96.382730520000052, 16.86178539000008 ], [ 96.382293840000159, 16.861225770000146 ], [ 96.381488160000117, 16.860601530000167 ], [ 96.380481240000108, 16.860235590000059 ], [ 96.379759440000043, 16.860220740000102 ], [ 96.377217120000012, 16.860374370000045 ], [ 96.375987360000067, 16.860734730000161 ], [ 96.374980080000057, 16.861176360000115 ], [ 96.374207520000084, 16.861585860000048 ], [ 96.373774440000091, 16.862060520000114 ], [ 96.373479600000053, 16.86240963 ], [ 96.373157040000194, 16.862920830000064 ], [ 96.372638640000105, 16.863552810000101 ], [ 96.371925120000071, 16.86398958000018 ], [ 96.371312760000194, 16.864297200000067 ], [ 96.370944480000105, 16.864289100000121 ], [ 96.370602480000059, 16.864082190000033 ], [ 96.370302960000117, 16.86377538000005 ], [ 96.369956640000055, 16.86334185000004 ], [ 96.369434640000065, 16.862953770000104 ], [ 96.368944320000139, 16.862678460000041 ], [ 96.36837840000004, 16.862291010000149 ], [ 96.367796640000051, 16.86186135000014 ], [ 96.366886458000067, 16.861131937999971 ], [ 96.366826440000068, 16.861083840000106 ], [ 96.366242160000013, 16.860484170000063 ], [ 96.365671200000065, 16.859813400000121 ], [ 96.365238840000131, 16.85950173000009 ], [ 96.364719720000039, 16.858865610000066 ], [ 96.364122480000162, 16.857954360000178 ], [ 96.363649080000073, 16.857388350000065 ], [ 96.363198360000069, 16.856864370000039 ], [ 96.362816040000041, 16.85646684 ], [ 96.362289360000034, 16.855795350000051 ], [ 96.361890840000058, 16.855327260000024 ] ] ] } },
{ "type": "Feature", "properties": { "adm4_name": "Ah Lun Soke", "adm4_name1": "အလွန်းဆုတ်", "adm4_name2": null, "adm4_name3": null, "adm4_pcode": "MMR013023011", "adm3_name": "Thanlyin", "adm3_name1": "သန်လျင်", "adm3_name2": null, "adm3_name3": null, "adm3_pcode": "MMR013023", "adm2_name": "Yangon (South)", "adm2_name1": "ရန်ကုန်(တောင်ပိုင်း)", "adm2_name2": null, "adm2_name3": null, "adm2_pcode": "MMR013D003", "adm1_name": "Yangon", "adm1_name1": "ရန်ကုန်တိုင်းဒေသကြီး", "adm1_name2": null, "adm1_name3": null, "adm1_pcode": "MMR013", "adm0_name": "Myanmar", "adm0_name1": "မြန်မာနိုင်ငံ", "adm0_name2": null, "adm0_name3": null, "adm0_pcode": "MMR", "valid_on": "2024-02-15T00:00:00", "valid_to": null, "area_sqkm": 13.8744832, "version": "v01", "lang": "en", "lang1": "my", "lang2": null, "lang3": null, "adm4_ref_name": "Ah Lun Soke", "center_lat": 16.69703288, "center_lon": 96.25479524000001 }, "geometry": { "type": "Polygon", "coordinates": [ [ [ 96.26142204000007, 16.696914750000133 ], [ 96.261326640000163, 16.697151000000133 ], [ 96.261231600000144, 16.697387250000133 ], [ 96.260996160000161, 16.698190860000011 ], [ 96.261352559999978, 16.699625190000063 ], [ 96.261793200000056, 16.701138089999972 ], [ 96.261480360000121, 16.702263000000187 ], [ 96.260969160000059, 16.7028858 ], [ 96.260748480000132, 16.70315445 ], [ 96.259433040000147, 16.70389524 ], [ 96.25878828000009, 16.705025280000086 ], [ 96.258318840000186, 16.70671260000006 ], [ 96.257180160000075, 16.708090500000026 ], [ 96.257126160000098, 16.70859135000012 ], [ 96.257072520000065, 16.709092110000142 ], [ 96.256204200000184, 16.712313570000049 ], [ 96.257062800000142, 16.716957840000077 ], [ 96.257543040000087, 16.718891220000046 ], [ 96.257732040000121, 16.719651810000073 ], [ 96.257273040000143, 16.720394310000017 ], [ 96.255431280000153, 16.723373040000126 ], [ 96.253654320000066, 16.720649100000173 ], [ 96.25130568000003, 16.719935580000083 ], [ 96.24964212000009, 16.718794290000176 ], [ 96.249509280000098, 16.71831 ], [ 96.249376440000106, 16.71782571000017 ], [ 96.249110760000178, 16.716857130000108 ], [ 96.249187440000128, 16.716495960000088 ], [ 96.249264480000079, 16.716134790000012 ], [ 96.248324520000153, 16.714549620000128 ], [ 96.248287800000128, 16.712390340000184 ], [ 96.248541960000182, 16.711659270000098 ], [ 96.248795760000064, 16.710928200000183 ], [ 96.249263760000019, 16.709267790000126 ], [ 96.249731760000031, 16.70760738000007 ], [ 96.249292560000129, 16.704684270000143 ], [ 96.249072960000035, 16.703222760000187 ], [ 96.248853360000169, 16.701761250000061 ], [ 96.247550520000061, 16.698476159999984 ], [ 96.248413079999978, 16.696605870000155 ], [ 96.248844360000135, 16.695670770000049 ], [ 96.249275640000121, 16.694735670000114 ], [ 96.248972520000109, 16.69398048 ], [ 96.248539800000174, 16.692947280000112 ], [ 96.248767680000185, 16.691703750000102 ], [ 96.248995920000084, 16.690460220000034 ], [ 96.248313, 16.689351060000149 ], [ 96.247770480000099, 16.689159540000105 ], [ 96.247227600000144, 16.688968110000076 ], [ 96.24615408000011, 16.689304890000017 ], [ 96.244993800000032, 16.689403170000162 ], [ 96.24448872, 16.688971080000101 ], [ 96.243983280000123, 16.688538990000097 ], [ 96.244048800000201, 16.687498050000102 ], [ 96.244516800000042, 16.685730810000052 ], [ 96.245155440000133, 16.685304930000029 ], [ 96.243539760000033, 16.684411860000182 ], [ 96.241824720000011, 16.683463710000069 ], [ 96.240109680000046, 16.682515560000127 ], [ 96.236814549000201, 16.680495230000133 ], [ 96.238665935000085, 16.676852634 ], [ 96.239065834000201, 16.676065834000099 ], [ 96.240892489000089, 16.674626078000188 ], [ 96.242202729000155, 16.673315839000054 ], [ 96.242804724000109, 16.672661596000182 ], [ 96.242805053000041, 16.672661799000082 ], [ 96.242817626000146, 16.672648147000018 ], [ 96.242841203000012, 16.672666314000026 ], [ 96.242957745000069, 16.672756113999981 ], [ 96.243940232000114, 16.673513156000126 ], [ 96.244336129000089, 16.67381821000015 ], [ 96.244652639000151, 16.673838505000106 ], [ 96.245527446000153, 16.673894599000164 ], [ 96.246696961, 16.67453990100006 ], [ 96.247082872000078, 16.674752835000106 ], [ 96.247476610000149, 16.674970087000133 ], [ 96.24849470800018, 16.675187613 ], [ 96.248862688000088, 16.675266235000095 ], [ 96.249852551000174, 16.675477729000022 ], [ 96.250821209000037, 16.675191084 ], [ 96.253255649000039, 16.674470685000188 ], [ 96.256554159000075, 16.674419140000111 ], [ 96.257440091000035, 16.674405295000099 ], [ 96.258423031000177, 16.674715897000056 ], [ 96.260602466000137, 16.675404581 ], [ 96.26216008300014, 16.675276686000188 ], [ 96.263123998000196, 16.675197541000102 ], [ 96.263619433000088, 16.675156861000119 ], [ 96.263729624000064, 16.675177972000029 ], [ 96.263741860000152, 16.675180317000127 ], [ 96.264813760000038, 16.675385683000059 ], [ 96.265183719000163, 16.67736174300012 ], [ 96.266156282000111, 16.678644037000026 ], [ 96.267334892000065, 16.678133570000114 ], [ 96.268755135999982, 16.677518449000104 ], [ 96.270568793000052, 16.676608560000091 ], [ 96.271644102000096, 16.676069092000034 ], [ 96.271662264000042, 16.676059980000161 ], [ 96.271841519000191, 16.675970049999989 ], [ 96.272382302000096, 16.675698746000137 ], [ 96.272442469000168, 16.6755856690001 ], [ 96.2724900340001, 16.675496278000082 ], [ 96.272770959000184, 16.674968311000157 ], [ 96.273671366000144, 16.673276096000052 ], [ 96.275049333000027, 16.671934407000151 ], [ 96.277478306000035, 16.67080909900011 ], [ 96.283429131999981, 16.673403453 ], [ 96.283840232999978, 16.673582679999981 ], [ 96.294873471000187, 16.678392791000022 ], [ 96.294375, 16.679169000000172 ], [ 96.293942640000182, 16.679650320000064 ], [ 96.293115000000114, 16.682329890000062 ], [ 96.292911600000139, 16.683210270000075 ], [ 96.2927082, 16.684090650000087 ], [ 96.292301760000157, 16.685851320000097 ], [ 96.287846760000093, 16.689290400000061 ], [ 96.286033080000152, 16.689670020000051 ], [ 96.28421940000004, 16.69004973 ], [ 96.280432200000178, 16.689969540000163 ], [ 96.279532560000177, 16.690580190000048 ], [ 96.278632920000177, 16.691190930000118 ], [ 96.276833640000177, 16.69241232000013 ], [ 96.273676440000031, 16.69512887999997 ], [ 96.273057600000186, 16.695138690000078 ], [ 96.27274835999998, 16.695143550000125 ], [ 96.272438760000171, 16.695148410000172 ], [ 96.271820280000156, 16.69515822000011 ], [ 96.271201440000084, 16.695168030000048 ], [ 96.269280480000134, 16.693514370000173 ], [ 96.2673984, 16.694175600000165 ], [ 96.265516680000133, 16.694836920000171 ], [ 96.264331920000132, 16.696253969999987 ], [ 96.264089640000179, 16.696543500000132 ], [ 96.262850880000144, 16.696492920000026 ], [ 96.26161248, 16.696442340000146 ], [ 96.26142204000007, 16.696914750000133 ] ] ] } },
{ "type": "Feature", "properties": { "adm4_name": "Kyaung Kone Seik Gyi (a) Gya Mar", "adm4_name1": "ကျောင်းကုန်းဆိပ်ကြီး (ခ) ဂျမား", "adm4_name2": null, "adm4_name3": null, "adm4_pcode": "MMR013023012", "adm3_name": "Thanlyin", "adm3_name1": "သန်လျင်", "adm3_name2": null, "adm3_name3": null, "adm3_pcode": "MMR013023", "adm2_name": "Yangon (South)", "adm2_name1": "ရန်ကုန်(တောင်ပိုင်း)", "adm2_name2": null, "adm2_name3": null, "adm2_pcode": "MMR013D003", "adm1_name": "Yangon", "adm1_name1": "ရန်ကုန်တိုင်းဒေသကြီး", "adm1_name2": null, "adm1_name3": null, "adm1_pcode": "MMR013", "adm0_name": "Myanmar", "adm0_name1": "မြန်မာနိုင်ငံ", "adm0_name2": null, "adm0_name3": null, "adm0_pcode": "MMR", "valid_on": "2024-02-15T00:00:00", "valid_to": null, "area_sqkm": 13.18580539, "version": "v01", "lang": "en", "lang1": "my", "lang2": null, "lang3": null, "adm4_ref_name": "Kyaung Kone Seik Gyi (a) Gya Mar", "center_lat": 16.70843759, "center_lon": 96.23762929 }, "geometry": { "type": "Polygon", "coordinates": [ [ [ 96.259647960000166, 16.732145969999976 ], [ 96.25978332, 16.732477440000082 ], [ 96.257128680000108, 16.734145500000068 ], [ 96.256062360000158, 16.735037939999984 ], [ 96.255384480000032, 16.735412340000096 ], [ 96.254480160000185, 16.735911930000043 ], [ 96.254028, 16.736161680000066 ], [ 96.25357584000011, 16.736411520000161 ], [ 96.251505120000047, 16.736915520000082 ], [ 96.250645080000083, 16.73712486 ], [ 96.249007080000126, 16.737484230000064 ], [ 96.248572200000183, 16.737365970000099 ], [ 96.248137320000069, 16.737247710000076 ], [ 96.245586, 16.734786120000138 ], [ 96.244601760000137, 16.732883520000087 ], [ 96.244459920000111, 16.732176930000094 ], [ 96.244318080000085, 16.731470340000044 ], [ 96.24120624, 16.731686070000137 ], [ 96.23781756000011, 16.730905320000033 ], [ 96.237295920000122, 16.730896770000015 ], [ 96.235220519999984, 16.730862660000071 ], [ 96.231849120000106, 16.731082260000107 ], [ 96.229548360000194, 16.730659620000097 ], [ 96.227442000000167, 16.730272620000051 ], [ 96.227346517000171, 16.730244264000021 ], [ 96.227400517000035, 16.729287298000088 ], [ 96.227981969000155, 16.727013630000101 ], [ 96.227996533000123, 16.724904505000097 ], [ 96.226826330000051, 16.719758572000046 ], [ 96.226646267000149, 16.718966751000153 ], [ 96.225775458000101, 16.712341626000068 ], [ 96.225778514000183, 16.711790524000151 ], [ 96.225471556, 16.709456282000076 ], [ 96.225484838000057, 16.709409502000142 ], [ 96.226464813000064, 16.705958366 ], [ 96.227858782000169, 16.700890076000064 ], [ 96.227739094000071, 16.700326038000128 ], [ 96.229069587000083, 16.694657821000192 ], [ 96.228863152000145, 16.694216267000058 ], [ 96.229152498000133, 16.693683678000127 ], [ 96.231486664000158, 16.689054432000091 ], [ 96.232850199000097, 16.68635019900006 ], [ 96.233292075000065, 16.685633518000031 ], [ 96.235615367000094, 16.681865367000057 ], [ 96.236138531000051, 16.681349817000068 ], [ 96.236622697000143, 16.680872697000041 ], [ 96.236814549000201, 16.680495230000133 ], [ 96.240109680000046, 16.682515560000127 ], [ 96.241824720000011, 16.683463710000069 ], [ 96.243539760000033, 16.684411860000182 ], [ 96.245155440000133, 16.685304930000029 ], [ 96.244516800000042, 16.685730810000052 ], [ 96.244048800000201, 16.687498050000102 ], [ 96.243983280000123, 16.688538990000097 ], [ 96.24448872, 16.688971080000101 ], [ 96.244993800000032, 16.689403170000162 ], [ 96.24615408000011, 16.689304890000017 ], [ 96.247227600000144, 16.688968110000076 ], [ 96.247770480000099, 16.689159540000105 ], [ 96.248313, 16.689351060000149 ], [ 96.248995920000084, 16.690460220000034 ], [ 96.248767680000185, 16.691703750000102 ], [ 96.248539800000174, 16.692947280000112 ], [ 96.248972520000109, 16.69398048 ], [ 96.249275640000121, 16.694735670000114 ], [ 96.248844360000135, 16.695670770000049 ], [ 96.248413079999978, 16.696605870000155 ], [ 96.247550520000061, 16.698476159999984 ], [ 96.248853360000169, 16.701761250000061 ], [ 96.249072960000035, 16.703222760000187 ], [ 96.249292560000129, 16.704684270000143 ], [ 96.249731760000031, 16.70760738000007 ], [ 96.249263760000019, 16.709267790000126 ], [ 96.248795760000064, 16.710928200000183 ], [ 96.248541960000182, 16.711659270000098 ], [ 96.248287800000128, 16.712390340000184 ], [ 96.248324520000153, 16.714549620000128 ], [ 96.249264480000079, 16.716134790000012 ], [ 96.249187440000128, 16.716495960000088 ], [ 96.249110760000178, 16.716857130000108 ], [ 96.249376440000106, 16.71782571000017 ], [ 96.249509280000098, 16.71831 ], [ 96.24964212000009, 16.718794290000176 ], [ 96.25130568000003, 16.719935580000083 ], [ 96.253654320000066, 16.720649100000173 ], [ 96.255431280000153, 16.723373040000126 ], [ 96.256998360000182, 16.729018920000101 ], [ 96.257885040000133, 16.730255880000129 ], [ 96.259647960000166, 16.732145969999976 ] ] ] } },
{ "type": "Feature", "properties": { "adm4_name": "Let Yet San", "adm4_name1": "လက်ယက်စမ်း", "adm4_name2": null, "adm4_name3": null, "adm4_pcode": "MMR013023013", "adm3_name": "Thanlyin", "adm3_name1": "သန်လျင်", "adm3_name2": null, "adm3_name3": null, "adm3_pcode": "MMR013023", "adm2_name": "Yangon (South)", "adm2_name1": "ရန်ကုန်(တောင်ပိုင်း)", "adm2_name2": null, "adm2_name3": null, "adm2_pcode": "MMR013D003", "adm1_name": "Yangon", "adm1_name1": "ရန်ကုန်တိုင်းဒေသကြီး", "adm1_name2": null, "adm1_name3": null, "adm1_pcode": "MMR013", "adm0_name": "Myanmar", "adm0_name1": "မြန်မာနိုင်ငံ", "adm0_name2": null, "adm0_name3": null, "adm0_pcode": "MMR", "valid_on": "2024-02-15T00:00:00", "valid_to": null, "area_sqkm": 14.25142257, "version": "v01", "lang": "en", "lang1": "my", "lang2": null, "lang3": null, "adm4_ref_name": "Let Yet San", "center_lat": 16.69991115, "center_lon": 96.30239784 }, "geometry": { "type": "Polygon", "coordinates": [ [ [ 96.294873471000187, 16.678392791000022 ], [ 96.295671747000142, 16.678740812000115 ], [ 96.295928414000173, 16.678852710000115 ], [ 96.298652093000044, 16.680623102000084 ], [ 96.307718030000103, 16.68651596 ], [ 96.31927843, 16.694030220000059 ], [ 96.327579755000045, 16.698180882000088 ], [ 96.32939677100012, 16.699089389000051 ], [ 96.336513879000108, 16.70283523500018 ], [ 96.334961760000056, 16.702749810000114 ], [ 96.334688160000155, 16.70243661000012 ], [ 96.334369200000197, 16.702071840000144 ], [ 96.3337914, 16.702167150000037 ], [ 96.328395360000115, 16.701692760000071 ], [ 96.324748559999989, 16.701330510000105 ], [ 96.322938480000175, 16.701920910000126 ], [ 96.322033800000099, 16.7022162 ], [ 96.321128760000192, 16.702511400000105 ], [ 96.320002680000073, 16.704774810000174 ], [ 96.319199880000099, 16.70885748000012 ], [ 96.319238760000133, 16.711102260000189 ], [ 96.31876968, 16.711355340000182 ], [ 96.319665360000045, 16.711569000000111 ], [ 96.320561040000086, 16.711782659999983 ], [ 96.323761440000055, 16.711590870000123 ], [ 96.322055760000126, 16.714003950000119 ], [ 96.319905840000047, 16.716003210000167 ], [ 96.316174080000053, 16.719150599999978 ], [ 96.314465880000114, 16.721423460000096 ], [ 96.313921560000153, 16.721537400000102 ], [ 96.313377600000081, 16.721651430000122 ], [ 96.312289320000104, 16.721879399999978 ], [ 96.310247400000094, 16.721701650000057 ], [ 96.308205480000083, 16.721523810000065 ], [ 96.306661800000086, 16.721241840000175 ], [ 96.30511848000009, 16.720959780000101 ], [ 96.303968640000164, 16.720749720000128 ], [ 96.30170352000016, 16.72029477000018 ], [ 96.299438400000156, 16.71983973000016 ], [ 96.296055840000065, 16.717929030000164 ], [ 96.293561760000102, 16.716846150000094 ], [ 96.295529880000061, 16.71274494000005 ], [ 96.297097680000093, 16.710755220000067 ], [ 96.298927560000152, 16.707077190000064 ], [ 96.298308360000078, 16.707051990000082 ], [ 96.297688800000174, 16.707026790000157 ], [ 96.296450400000197, 16.706976390000079 ], [ 96.293240280000134, 16.706606580000027 ], [ 96.29044056000015, 16.704686430000152 ], [ 96.287364000000139, 16.703612730000089 ], [ 96.28398324, 16.702351290000024 ], [ 96.283328760000018, 16.702107030000036 ], [ 96.282673920000036, 16.701862860000119 ], [ 96.281433, 16.701672060000135 ], [ 96.280192080000063, 16.701481260000151 ], [ 96.279359400000089, 16.703880210000023 ], [ 96.278790240000035, 16.704661140000155 ], [ 96.277805280000109, 16.705524420000188 ], [ 96.277340520000166, 16.705051830000173 ], [ 96.276876120000111, 16.704579240000157 ], [ 96.276013200000136, 16.70267304000015 ], [ 96.275089080000043, 16.702007760000185 ], [ 96.274281600000052, 16.700732910000056 ], [ 96.273153720000153, 16.698645629999987 ], [ 96.272438760000171, 16.695148410000172 ], [ 96.27274835999998, 16.695143550000125 ], [ 96.273057600000186, 16.695138690000078 ], [ 96.273676440000031, 16.69512887999997 ], [ 96.276833640000177, 16.69241232000013 ], [ 96.278632920000177, 16.691190930000118 ], [ 96.279532560000177, 16.690580190000048 ], [ 96.280432200000178, 16.689969540000163 ], [ 96.28421940000004, 16.69004973 ], [ 96.286033080000152, 16.689670020000051 ], [ 96.287846760000093, 16.689290400000061 ], [ 96.292301760000157, 16.685851320000097 ], [ 96.2927082, 16.684090650000087 ], [ 96.292911600000139, 16.683210270000075 ], [ 96.293115000000114, 16.682329890000062 ], [ 96.293942640000182, 16.679650320000064 ], [ 96.294375, 16.679169000000172 ], [ 96.294873471000187, 16.678392791000022 ] ] ] } },
{ "type": "Feature", "properties": { "adm4_name": "Thu Htay Kwin", "adm4_name1": "သူဌေးကွင်း", "adm4_name2": null, "adm4_name3": null, "adm4_pcode": "MMR013023014", "adm3_name": "Thanlyin", "adm3_name1": "သန်လျင်", "adm3_name2": null, "adm3_name3": null, "adm3_pcode": "MMR013023", "adm2_name": "Yangon (South)", "adm2_name1": "ရန်ကုန်(တောင်ပိုင်း)", "adm2_name2": null, "adm2_name3": null, "adm2_pcode": "MMR013D003", "adm1_name": "Yangon", "adm1_name1": "ရန်ကုန်တိုင်းဒေသကြီး", "adm1_name2": null, "adm1_name3": null, "adm1_pcode": "MMR013", "adm0_name": "Myanmar", "adm0_name1": "မြန်မာနိုင်ငံ", "adm0_name2": null, "adm0_name3": null, "adm0_pcode": "MMR", "valid_on": "2024-02-15T00:00:00", "valid_to": null, "area_sqkm": 11.3123048, "version": "v01", "lang": "en", "lang1": "my", "lang2": null, "lang3": null, "adm4_ref_name": "Thu Htay Kwin", "center_lat": 16.74751127, "center_lon": 96.34133915 }, "geometry": { "type": "Polygon", "coordinates": [ [ [ 96.340502880000031, 16.728020370000081 ], [ 96.342536520000067, 16.727706720000072 ], [ 96.344851320000089, 16.726827240000091 ], [ 96.344720280000104, 16.727671350000151 ], [ 96.344589240000118, 16.728515459999983 ], [ 96.3449704800002, 16.729491600000131 ], [ 96.34535172000011, 16.730467740000051 ], [ 96.346019160000083, 16.73115858 ], [ 96.346686600000112, 16.731849420000174 ], [ 96.34932432, 16.732788930000083 ], [ 96.351241680000044, 16.734161160000099 ], [ 96.352273080000089, 16.734846060000109 ], [ 96.35330448000019, 16.735530960000119 ], [ 96.355547640000168, 16.738862400000073 ], [ 96.355998000000113, 16.739626860000101 ], [ 96.356448, 16.740391410000086 ], [ 96.359094720000201, 16.74182178000018 ], [ 96.358665960000053, 16.742284830000074 ], [ 96.358237200000133, 16.742747880000024 ], [ 96.35685804000002, 16.744020480000188 ], [ 96.355479240000193, 16.745293170000139 ], [ 96.354367560000014, 16.746319170000106 ], [ 96.352247160000104, 16.750002240000015 ], [ 96.35250384, 16.750103310000043 ], [ 96.352760520000118, 16.750204380000071 ], [ 96.353273880000131, 16.75040652000007 ], [ 96.353574840000192, 16.750962990000119 ], [ 96.354690480000102, 16.752277980000031 ], [ 96.355248120000056, 16.752935430000093 ], [ 96.35580576000018, 16.753592970000113 ], [ 96.357397680000076, 16.753005720000033 ], [ 96.3589896000002, 16.752418470000123 ], [ 96.363207360000104, 16.752069000000176 ], [ 96.367427280000015, 16.751859750000051 ], [ 96.368430240000066, 16.751446830000191 ], [ 96.371331480000151, 16.750252260000138 ], [ 96.370759080000198, 16.750822950000099 ], [ 96.370186320000073, 16.75139364000006 ], [ 96.370355520000032, 16.752724020000187 ], [ 96.370524720000162, 16.754054400000143 ], [ 96.371455320000052, 16.757266680000157 ], [ 96.372003600000141, 16.760772990000191 ], [ 96.372111960000041, 16.761465810000118 ], [ 96.370884, 16.762047210000105 ], [ 96.369656040000052, 16.762628610000093 ], [ 96.3674794800001, 16.763085270000033 ], [ 96.364453680000054, 16.764958980000131 ], [ 96.359408640000026, 16.767988290000176 ], [ 96.356192040000167, 16.769373840000071 ], [ 96.354881640000087, 16.769395260000067 ], [ 96.35211468000017, 16.76944026000001 ], [ 96.349784760000091, 16.769478240000183 ], [ 96.348551760000021, 16.769778929999973 ], [ 96.347318760000178, 16.77007962 ], [ 96.34542840000006, 16.770250710000141 ], [ 96.343093440000132, 16.770007980000116 ], [ 96.342501240000161, 16.769456280000099 ], [ 96.341908680000188, 16.76890458000014 ], [ 96.340714200000093, 16.767239940000081 ], [ 96.339490560000115, 16.763891760000149 ], [ 96.337703880000106, 16.761675420000074 ], [ 96.337955880000152, 16.759426050000116 ], [ 96.337716840000098, 16.75823706000017 ], [ 96.337477440000157, 16.75704807 ], [ 96.335858520000158, 16.756092000000137 ], [ 96.333953400000098, 16.755421140000067 ], [ 96.332215680000047, 16.75601064000017 ], [ 96.329631240000083, 16.758157410000138 ], [ 96.326240760000189, 16.755826500000182 ], [ 96.325503840000124, 16.75534725000017 ], [ 96.324767280000117, 16.754867910000087 ], [ 96.326064360000146, 16.751970180000171 ], [ 96.328483560000109, 16.748703360000036 ], [ 96.32988360000013, 16.745453100000077 ], [ 96.331773960000078, 16.745282190000125 ], [ 96.335123040000042, 16.745228100000077 ], [ 96.337178640000161, 16.746177150000108 ], [ 96.33771540000015, 16.745642190000069 ], [ 96.338252160000138, 16.745107230000031 ], [ 96.339326040000174, 16.744037399999968 ], [ 96.34044168000014, 16.741212660000031 ], [ 96.340691520000178, 16.73882289 ], [ 96.339773880000109, 16.736311800000067 ], [ 96.33946716000014, 16.735439700000029 ], [ 96.339160800000172, 16.734567600000162 ], [ 96.338547720000065, 16.732823310000072 ], [ 96.338647080000158, 16.730155350000132 ], [ 96.339072600000179, 16.729516980000085 ], [ 96.339498480000088, 16.728878610000038 ], [ 96.340502880000031, 16.728020370000081 ] ] ] } },
{ "type": "Feature", "properties": { "adm4_name": "Sit Pin Kwin", "adm4_name1": "စစ်ပင်ကွင်း", "adm4_name2": null, "adm4_name3": null, "adm4_pcode": "MMR013023015", "adm3_name": "Thanlyin", "adm3_name1": "သန်လျင်", "adm3_name2": null, "adm3_name3": null, "adm3_pcode": "MMR013023", "adm2_name": "Yangon (South)", "adm2_name1": "ရန်ကုန်(တောင်ပိုင်း)", "adm2_name2": null, "adm2_name3": null, "adm2_pcode": "MMR013D003", "adm1_name": "Yangon", "adm1_name1": "ရန်ကုန်တိုင်းဒေသကြီး", "adm1_name2": null, "adm1_name3": null, "adm1_pcode": "MMR013", "adm0_name": "Myanmar", "adm0_name1": "မြန်မာနိုင်ငံ", "adm0_name2": null, "adm0_name3": null, "adm0_pcode": "MMR", "valid_on": "2024-02-15T00:00:00", "valid_to": null, "area_sqkm": 17.02972906, "version": "v01", "lang": "en", "lang1": "my", "lang2": null, "lang3": null, "adm4_ref_name": "Sit Pin Kwin", "center_lat": 16.74687128, "center_lon": 96.31558205 }, "geometry": { "type": "Polygon", "coordinates": [ [ [ 96.323761440000055, 16.711590870000123 ], [ 96.327255240000113, 16.711534530000108 ], [ 96.328711080000119, 16.711511130000076 ], [ 96.330788280000036, 16.713722970000163 ], [ 96.330553200000111, 16.716954419999979 ], [ 96.327961920000121, 16.718680260000156 ], [ 96.325544520000165, 16.720704360000127 ], [ 96.324373440000045, 16.721685090000108 ], [ 96.324190920000035, 16.722407880000048 ], [ 96.323555880000072, 16.724925990000031 ], [ 96.324444000000199, 16.725753720000114 ], [ 96.325644960000091, 16.727839380000034 ], [ 96.325521480000191, 16.729104330000041 ], [ 96.324923520000084, 16.73241183000016 ], [ 96.325323120000121, 16.732370340000102 ], [ 96.325723080000159, 16.73232876000003 ], [ 96.328948320000052, 16.733539800000017 ], [ 96.331212360000166, 16.733924280000053 ], [ 96.333476400000052, 16.734308670000075 ], [ 96.336104400000067, 16.734687210000118 ], [ 96.339160800000172, 16.734567600000162 ], [ 96.33946716000014, 16.735439700000029 ], [ 96.339773880000109, 16.736311800000067 ], [ 96.340691520000178, 16.73882289 ], [ 96.34044168000014, 16.741212660000031 ], [ 96.339326040000174, 16.744037399999968 ], [ 96.338252160000138, 16.745107230000031 ], [ 96.33771540000015, 16.745642190000069 ], [ 96.337178640000161, 16.746177150000108 ], [ 96.335123040000042, 16.745228100000077 ], [ 96.331773960000078, 16.745282190000125 ], [ 96.32988360000013, 16.745453100000077 ], [ 96.328483560000109, 16.748703360000036 ], [ 96.326064360000146, 16.751970180000171 ], [ 96.324767280000117, 16.754867910000087 ], [ 96.325503840000124, 16.75534725000017 ], [ 96.326240760000189, 16.755826500000182 ], [ 96.329631240000083, 16.758157410000138 ], [ 96.332215680000047, 16.75601064000017 ], [ 96.333953400000098, 16.755421140000067 ], [ 96.335858520000158, 16.756092000000137 ], [ 96.337477440000157, 16.75704807 ], [ 96.337716840000098, 16.75823706000017 ], [ 96.337955880000152, 16.759426050000116 ], [ 96.337703880000106, 16.761675420000074 ], [ 96.339490560000115, 16.763891760000149 ], [ 96.340714200000093, 16.767239940000081 ], [ 96.341908680000188, 16.76890458000014 ], [ 96.342501240000161, 16.769456280000099 ], [ 96.343093440000132, 16.770007980000116 ], [ 96.34542840000006, 16.770250710000141 ], [ 96.345216000000107, 16.77060495000012 ], [ 96.345003600000098, 16.770959280000113 ], [ 96.344654400000138, 16.771806900000115 ], [ 96.344305200000065, 16.772654610000075 ], [ 96.344336880000185, 16.774478370000168 ], [ 96.34394664000007, 16.777151010000125 ], [ 96.341367240000125, 16.779578580000077 ], [ 96.340220640000155, 16.780649670000059 ], [ 96.33907368000007, 16.781720850000056 ], [ 96.335287200000153, 16.781782229999976 ], [ 96.332954760000064, 16.781679720000056 ], [ 96.331806720000088, 16.781072220000055 ], [ 96.33065868000017, 16.78046463000004 ], [ 96.329867040000011, 16.78004568 ], [ 96.32721132, 16.778124000000162 ], [ 96.32682036000017, 16.77658662000016 ], [ 96.326624880000168, 16.77581793000013 ], [ 96.326429400000166, 16.775049240000158 ], [ 96.326380440000037, 16.772243310000135 ], [ 96.324912, 16.77156543000018 ], [ 96.323819760000049, 16.771583070000077 ], [ 96.322727880000173, 16.771600710000087 ], [ 96.321145320000142, 16.772748840000077 ], [ 96.319521360000067, 16.77151206000002 ], [ 96.317892720000145, 16.769994660000066 ], [ 96.316118280000012, 16.768479510000134 ], [ 96.315504120000185, 16.766665020000119 ], [ 96.314889960000187, 16.764850530000047 ], [ 96.313108680000084, 16.762914540000111 ], [ 96.31293624000017, 16.761373650000166 ], [ 96.31058940000014, 16.760429010000166 ], [ 96.30910872000004, 16.759049400000038 ], [ 96.308672040000147, 16.759056420000093 ], [ 96.308660520000103, 16.757337510000184 ], [ 96.309085680000067, 16.755611580000163 ], [ 96.309772560000056, 16.753214790000129 ], [ 96.310469160000139, 16.751379240000119 ], [ 96.30694260000007, 16.74961146000004 ], [ 96.305104440000036, 16.748588430000098 ], [ 96.303265920000115, 16.747565400000042 ], [ 96.300033480000195, 16.745933070000149 ], [ 96.301648800000066, 16.742468970000061 ], [ 96.30287820000018, 16.739832060000026 ], [ 96.303264120000165, 16.73900478000013 ], [ 96.305348520000109, 16.736464800000135 ], [ 96.305831640000122, 16.735876290000078 ], [ 96.308704799999987, 16.733584800000017 ], [ 96.309413640000059, 16.732450709999966 ], [ 96.310122120000017, 16.731316710000158 ], [ 96.312138840000102, 16.73002125000005 ], [ 96.314217120000137, 16.728093360000059 ], [ 96.3136940400002, 16.727329890000135 ], [ 96.31409436000007, 16.725218490000032 ], [ 96.314465880000114, 16.721423460000096 ], [ 96.316174080000053, 16.719150599999978 ], [ 96.319905840000047, 16.716003210000167 ], [ 96.322055760000126, 16.714003950000119 ], [ 96.323761440000055, 16.711590870000123 ] ] ] } },
{ "type": "Feature", "properties": { "adm4_name": "Ba Yet", "adm4_name1": "ဘယက်", "adm4_name2": null, "adm4_name3": null, "adm4_pcode": "MMR013023016", "adm3_name": "Thanlyin", "adm3_name1": "သန်လျင်", "adm3_name2": null, "adm3_name3": null, "adm3_pcode": "MMR013023", "adm2_name": "Yangon (South)", "adm2_name1": "ရန်ကုန်(တောင်ပိုင်း)", "adm2_name2": null, "adm2_name3": null, "adm2_pcode": "MMR013D003", "adm1_name": "Yangon", "adm1_name1": "ရန်ကုန်တိုင်းဒေသကြီး", "adm1_name2": null, "adm1_name3": null, "adm1_pcode": "MMR013", "adm0_name": "Myanmar", "adm0_name1": "မြန်မာနိုင်ငံ", "adm0_name2": null, "adm0_name3": null, "adm0_pcode": "MMR", "valid_on": "2024-02-15T00:00:00", "valid_to": null, "area_sqkm": 8.28692606, "version": "v01", "lang": "en", "lang1": "my", "lang2": null, "lang3": null, "adm4_ref_name": "Ba Yet", "center_lat": 16.76617137, "center_lon": 96.30216885 }, "geometry": { "type": "Polygon", "coordinates": [ [ [ 96.301550520000148, 16.785273420000181 ], [ 96.300810000000126, 16.784583570000109 ], [ 96.300069840000162, 16.783893810000109 ], [ 96.299885520000032, 16.781651370000191 ], [ 96.30022536000007, 16.780242510000107 ], [ 96.300565200000108, 16.778833740000096 ], [ 96.30104832000012, 16.778352330000075 ], [ 96.302283480000199, 16.777122120000058 ], [ 96.302540879999981, 16.77515328000004 ], [ 96.302806560000136, 16.773675480000179 ], [ 96.301162440000155, 16.771245930000021 ], [ 96.299973000000136, 16.769861640000101 ], [ 96.298633440000174, 16.768198980000022 ], [ 96.298044840000159, 16.767857610000021 ], [ 96.297456240000088, 16.767516150000176 ], [ 96.297236640000051, 16.767539010000121 ], [ 96.294257280000124, 16.767848070000127 ], [ 96.292292400000065, 16.767949680000186 ], [ 96.29032752, 16.768051200000059 ], [ 96.289297200000021, 16.767436140000143 ], [ 96.288266880000037, 16.766821080000057 ], [ 96.289558200000158, 16.765677720000099 ], [ 96.290849520000052, 16.764534450000042 ], [ 96.292417680000142, 16.762544640000044 ], [ 96.29335224, 16.76182797000007 ], [ 96.294286800000066, 16.76111139000011 ], [ 96.295521960000144, 16.760951280000029 ], [ 96.296757480000053, 16.760791170000118 ], [ 96.298366680000129, 16.761186450000139 ], [ 96.299975880000034, 16.761581640000145 ], [ 96.30083376000016, 16.760655720000102 ], [ 96.301262880000138, 16.760192760000166 ], [ 96.301691640000058, 16.759729800000059 ], [ 96.302724480000109, 16.760485080000024 ], [ 96.301266120000037, 16.757724060000157 ], [ 96.2959266000002, 16.755555870000023 ], [ 96.29044164000004, 16.75399077000003 ], [ 96.288220080000087, 16.751772540000161 ], [ 96.287256360000129, 16.750135170000021 ], [ 96.2847414000002, 16.748973269999965 ], [ 96.282288000000108, 16.747339140000122 ], [ 96.283940760000064, 16.746049710000023 ], [ 96.285593520000191, 16.744760370000108 ], [ 96.286014000000193, 16.744841370000074 ], [ 96.286434120000138, 16.74492237000004 ], [ 96.287274360000197, 16.745084370000086 ], [ 96.288954840000144, 16.745408460000078 ], [ 96.292943640000146, 16.745344740000121 ], [ 96.29405136000014, 16.745327100000111 ], [ 96.300033480000195, 16.745933070000149 ], [ 96.303265920000115, 16.747565400000042 ], [ 96.305104440000036, 16.748588430000098 ], [ 96.30694260000007, 16.74961146000004 ], [ 96.310469160000139, 16.751379240000119 ], [ 96.309772560000056, 16.753214790000129 ], [ 96.309085680000067, 16.755611580000163 ], [ 96.308660520000103, 16.757337510000184 ], [ 96.308672040000147, 16.759056420000093 ], [ 96.30910872000004, 16.759049400000038 ], [ 96.31058940000014, 16.760429010000166 ], [ 96.31293624000017, 16.761373650000166 ], [ 96.313108680000084, 16.762914540000111 ], [ 96.314889960000187, 16.764850530000047 ], [ 96.315504120000185, 16.766665020000119 ], [ 96.316118280000012, 16.768479510000134 ], [ 96.317892720000145, 16.769994660000066 ], [ 96.319521360000067, 16.77151206000002 ], [ 96.321145320000142, 16.772748840000077 ], [ 96.321182040000167, 16.774853310000083 ], [ 96.321386160000145, 16.778218050000135 ], [ 96.321116880000091, 16.779485430000022 ], [ 96.321430080000084, 16.780743360000031 ], [ 96.321391097000117, 16.78076081 ], [ 96.321086631000128, 16.780897104000132 ], [ 96.319809496000062, 16.781468751000091 ], [ 96.318122567000046, 16.781357350000178 ], [ 96.315533714000139, 16.781814206000149 ], [ 96.313706288000105, 16.782194920000052 ], [ 96.311231647999989, 16.78276599000003 ], [ 96.309518436000189, 16.783184776000041 ], [ 96.307310296000082, 16.783184776000041 ], [ 96.306586940000102, 16.783451275000175 ], [ 96.30578744100012, 16.784859916000073 ], [ 96.305026013000031, 16.785430986999984 ], [ 96.30434072900016, 16.785963986000127 ], [ 96.303122444000167, 16.786458914000036 ], [ 96.302358986000058, 16.786656882999978 ], [ 96.301550520000148, 16.785273420000181 ] ] ] } },
{ "type": "Feature", "properties": { "adm4_name": "Nga Byay Ma", "adm4_name1": "ငါးဗြေမ", "adm4_name2": null, "adm4_name3": null, "adm4_pcode": "MMR013023017", "adm3_name": "Thanlyin", "adm3_name1": "သန်လျင်", "adm3_name2": null, "adm3_name3": null, "adm3_pcode": "MMR013023", "adm2_name": "Yangon (South)", "adm2_name1": "ရန်ကုန်(တောင်ပိုင်း)", "adm2_name2": null, "adm2_name3": null, "adm2_pcode": "MMR013D003", "adm1_name": "Yangon", "adm1_name1": "ရန်ကုန်တိုင်းဒေသကြီး", "adm1_name2": null, "adm1_name3": null, "adm1_pcode": "MMR013", "adm0_name": "Myanmar", "adm0_name1": "မြန်မာနိုင်ငံ", "adm0_name2": null, "adm0_name3": null, "adm0_pcode": "MMR", "valid_on": "2024-02-15T00:00:00", "valid_to": null, "area_sqkm": 11.43127184, "version": "v01", "lang": "en", "lang1": "my", "lang2": null, "lang3": null, "adm4_ref_name": "Nga Byay Ma", "center_lat": 16.79428487, "center_lon": 96.30594306 }, "geometry": { "type": "Polygon", "coordinates": [ [ [ 96.2883223460002, 16.804781797000032 ], [ 96.286553640000079, 16.804810079999982 ], [ 96.284153026000013, 16.805257876000098 ], [ 96.284084760000042, 16.805270610000093 ], [ 96.283687929000166, 16.805482621000124 ], [ 96.280116424000198, 16.807390736000173 ], [ 96.279512304000093, 16.807955365000112 ], [ 96.278766893000181, 16.806873172000167 ], [ 96.277711439000029, 16.805340855000111 ], [ 96.277180282000074, 16.804569717999982 ], [ 96.275055939000083, 16.802944061000062 ], [ 96.273430170000097, 16.800819814000079 ], [ 96.270546532000083, 16.798605678 ], [ 96.269789462000119, 16.79802437900014 ], [ 96.269620270000189, 16.797701053000026 ], [ 96.269109645000128, 16.797400445000051 ], [ 96.270342990000131, 16.79605290100011 ], [ 96.272208487000171, 16.794187404000184 ], [ 96.273693271000127, 16.792931048000185 ], [ 96.276205982000079, 16.792778762000182 ], [ 96.278033408000113, 16.79395897500001 ], [ 96.280203476999986, 16.794415830999981 ], [ 96.281347841000184, 16.794382338000162 ], [ 96.282525830000054, 16.794035118000011 ], [ 96.283515686000044, 16.79308333400013 ], [ 96.28488625500006, 16.792283834999978 ], [ 96.286409111000069, 16.791712764000067 ], [ 96.287018252000109, 16.790875193000147 ], [ 96.287703537000084, 16.789047767000113 ], [ 96.288084251000157, 16.787220341000079 ], [ 96.288731464000136, 16.786420842000098 ], [ 96.290025892000131, 16.785773629000118 ], [ 96.291701032000162, 16.785392915000045 ], [ 96.292728959000044, 16.785583272000054 ], [ 96.293794958000035, 16.78584977200012 ], [ 96.294594457000187, 16.786877700000048 ], [ 96.295850811000037, 16.787524913000027 ], [ 96.297183310000094, 16.787372627000082 ], [ 96.298477737000155, 16.786877700000048 ], [ 96.300000592000117, 16.7865731280001 ], [ 96.302358986000058, 16.786656882999978 ], [ 96.303122444000167, 16.786458914000036 ], [ 96.30434072900016, 16.785963986000127 ], [ 96.305026013000031, 16.785430986999984 ], [ 96.30578744100012, 16.784859916000073 ], [ 96.306586940000102, 16.783451275000175 ], [ 96.307310296000082, 16.783184776000041 ], [ 96.309518436000189, 16.783184776000041 ], [ 96.311231647999989, 16.78276599000003 ], [ 96.313706288000105, 16.782194920000052 ], [ 96.315533714000139, 16.781814206000149 ], [ 96.318122567000046, 16.781357350000178 ], [ 96.319809496000062, 16.781468751000091 ], [ 96.321086631000128, 16.780897104000132 ], [ 96.321391097000117, 16.78076081 ], [ 96.321430080000084, 16.780743360000031 ], [ 96.321618068000134, 16.781498392000117 ], [ 96.321743280000021, 16.782001289999982 ], [ 96.323937480000041, 16.782527250000157 ], [ 96.32499120000017, 16.784474850000038 ], [ 96.325517880000064, 16.785448740000106 ], [ 96.326044920000129, 16.786422540000046 ], [ 96.328388808000113, 16.790437172000054 ], [ 96.329048040000146, 16.791566310000064 ], [ 96.3304153200001, 16.794771840000067 ], [ 96.331572360000109, 16.796366910000074 ], [ 96.330927099000064, 16.79682680600007 ], [ 96.330845520000139, 16.796884950000106 ], [ 96.330617485000062, 16.797047499000143 ], [ 96.328550520000192, 16.798520880000126 ], [ 96.325792920000083, 16.799126850000164 ], [ 96.321924, 16.80283809000008 ], [ 96.316961760000197, 16.802356860000032 ], [ 96.31381675, 16.802407588000165 ], [ 96.3127378800001, 16.802424990000191 ], [ 96.311845241000071, 16.802505622000126 ], [ 96.310846800000149, 16.802595810000128 ], [ 96.30990144000009, 16.802681220000068 ], [ 96.309666079000067, 16.802702476000036 ], [ 96.308955720000142, 16.80276663 ], [ 96.308880396000177, 16.802724729000033 ], [ 96.307852320000165, 16.802152830000068 ], [ 96.30674928000002, 16.801539120000086 ], [ 96.306542639999975, 16.802244090000158 ], [ 96.306336360000159, 16.80294906 ], [ 96.306210360000193, 16.804073790000189 ], [ 96.303462120000177, 16.805240730000094 ], [ 96.301119600000163, 16.804576620000034 ], [ 96.30028346600011, 16.805340001000047 ], [ 96.299398440000061, 16.806148020000023 ], [ 96.296633280000037, 16.806332700000041 ], [ 96.296065026000122, 16.80627754000011 ], [ 96.295392720000109, 16.806212280000011 ], [ 96.294613717, 16.806136661999972 ], [ 96.294152160000124, 16.806091859999981 ], [ 96.291124560000071, 16.805387340000152 ], [ 96.290554303000079, 16.805254629000103 ], [ 96.290202600000157, 16.805172780000191 ], [ 96.289730328000189, 16.805010740000057 ], [ 96.289030080000146, 16.804770480000116 ], [ 96.2883223460002, 16.804781797000032 ] ] ] } },
{ "type": "Feature", "properties": { "adm4_name": "Nga/Pa", "adm4_name1": "င/ပ", "adm4_name2": null, "adm4_name3": null, "adm4_pcode": "MMR013023018", "adm3_name": "Thanlyin", "adm3_name1": "သန်လျင်", "adm3_name2": null, "adm3_name3": null, "adm3_pcode": "MMR013023", "adm2_name": "Yangon (South)", "adm2_name1": "ရန်ကုန်(တောင်ပိုင်း)", "adm2_name2": null, "adm2_name3": null, "adm2_pcode": "MMR013D003", "adm1_name": "Yangon", "adm1_name1": "ရန်ကုန်တိုင်းဒေသကြီး", "adm1_name2": null, "adm1_name3": null, "adm1_pcode": "MMR013", "adm0_name": "Myanmar", "adm0_name1": "မြန်မာနိုင်ငံ", "adm0_name2": null, "adm0_name3": null, "adm0_pcode": "MMR", "valid_on": "2024-02-15T00:00:00", "valid_to": null, "area_sqkm": 4.7385609, "version": "v01", "lang": "en", "lang1": "my", "lang2": null, "lang3": null, "adm4_ref_name": "Nga/Pa", "center_lat": 16.78371498, "center_lon": 96.27390262 }, "geometry": { "type": "Polygon", "coordinates": [ [ [ 96.268564859000151, 16.79707972600005 ], [ 96.265474154000117, 16.795589564000011 ], [ 96.264690458000132, 16.795019603000014 ], [ 96.261030694, 16.79189281400005 ], [ 96.261221324000132, 16.79161498700006 ], [ 96.261641280000106, 16.790625450000164 ], [ 96.262037280000186, 16.789763160000064 ], [ 96.262729560000082, 16.787646990000098 ], [ 96.263439479999988, 16.786159829999974 ], [ 96.263573400000098, 16.785879390000048 ], [ 96.265645920000168, 16.783530840000083 ], [ 96.265982160000078, 16.781911560000026 ], [ 96.267049560000089, 16.780421070000159 ], [ 96.2684769600001, 16.778714310000169 ], [ 96.268615920000059, 16.778326140000047 ], [ 96.268755240000189, 16.777937970000039 ], [ 96.268636800000138, 16.777413630000183 ], [ 96.268518720000145, 16.776889200000141 ], [ 96.270103800000015, 16.775881650000088 ], [ 96.270218280000108, 16.774055370000156 ], [ 96.271641, 16.772067990000039 ], [ 96.272197200000051, 16.770515400000022 ], [ 96.272481240000104, 16.770089880000114 ], [ 96.272765280000158, 16.769664360000093 ], [ 96.273604440000156, 16.769756250000057 ], [ 96.274443600000097, 16.769848140000022 ], [ 96.276772800000117, 16.769740950000028 ], [ 96.277357080000115, 16.769836889999965 ], [ 96.27794136000017, 16.76993283000013 ], [ 96.278823720000162, 16.770410010000148 ], [ 96.280295400000057, 16.77129876000015 ], [ 96.280687080000121, 16.770766230000163 ], [ 96.281078400000183, 16.770233700000119 ], [ 96.281944920000115, 16.76979891000002 ], [ 96.282674280000094, 16.7698574100001 ], [ 96.283171800000048, 16.770200400000022 ], [ 96.283669320000172, 16.770543299999986 ], [ 96.28428096000016, 16.772217570000123 ], [ 96.284005200000081, 16.773134220000145 ], [ 96.283729800000174, 16.774050780000152 ], [ 96.283030680000081, 16.775746020000042 ], [ 96.282981720000123, 16.777150200000051 ], [ 96.282933120000166, 16.77855438000006 ], [ 96.283695240000156, 16.780506930000172 ], [ 96.283563840000113, 16.781351130000189 ], [ 96.283432800000128, 16.782195240000078 ], [ 96.282187200000067, 16.783899120000171 ], [ 96.282062640000106, 16.785129150000159 ], [ 96.281938080000089, 16.786359090000133 ], [ 96.28140384000011, 16.78917438000019 ], [ 96.28085376000007, 16.791077790000145 ], [ 96.281014680000055, 16.791952320000178 ], [ 96.281175240000039, 16.79282685000004 ], [ 96.281335440000134, 16.793666370000096 ], [ 96.281347841000184, 16.794382338000162 ], [ 96.280203476999986, 16.794415830999981 ], [ 96.278033408000113, 16.79395897500001 ], [ 96.276205982000079, 16.792778762000182 ], [ 96.273693271000127, 16.792931048000185 ], [ 96.272208487000171, 16.794187404000184 ], [ 96.270342990000131, 16.79605290100011 ], [ 96.269109645000128, 16.797400445000051 ], [ 96.268564859000151, 16.79707972600005 ] ] ] } },
{ "type": "Feature", "properties": { "adm4_name": "Tha Nat Pin", "adm4_name1": "သနပ်ပင်", "adm4_name2": null, "adm4_name3": null, "adm4_pcode": "MMR013023019", "adm3_name": "Thanlyin", "adm3_name1": "သန်လျင်", "adm3_name2": null, "adm3_name3": null, "adm3_pcode": "MMR013023", "adm2_name": "Yangon (South)", "adm2_name1": "ရန်ကုန်(တောင်ပိုင်း)", "adm2_name2": null, "adm2_name3": null, "adm2_pcode": "MMR013D003", "adm1_name": "Yangon", "adm1_name1": "ရန်ကုန်တိုင်းဒေသကြီး", "adm1_name2": null, "adm1_name3": null, "adm1_pcode": "MMR013", "adm0_name": "Myanmar", "adm0_name1": "မြန်မာနိုင်ငံ", "adm0_name2": null, "adm0_name3": null, "adm0_pcode": "MMR", "valid_on": "2024-02-15T00:00:00", "valid_to": null, "area_sqkm": 4.31754436, "version": "v01", "lang": "en", "lang1": "my", "lang2": null, "lang3": null, "adm4_ref_name": "Tha Nat Pin", "center_lat": 16.78092903, "center_lon": 96.29184465 }, "geometry": { "type": "Polygon", "coordinates": [ [ [ 96.281335440000134, 16.793666370000096 ], [ 96.281175240000039, 16.79282685000004 ], [ 96.281014680000055, 16.791952320000178 ], [ 96.28085376000007, 16.791077790000145 ], [ 96.28140384000011, 16.78917438000019 ], [ 96.281938080000089, 16.786359090000133 ], [ 96.282062640000106, 16.785129150000159 ], [ 96.282187200000067, 16.783899120000171 ], [ 96.283432800000128, 16.782195240000078 ], [ 96.283563840000113, 16.781351130000189 ], [ 96.283695240000156, 16.780506930000172 ], [ 96.282933120000166, 16.77855438000006 ], [ 96.282981720000123, 16.777150200000051 ], [ 96.283030680000081, 16.775746020000042 ], [ 96.283729800000174, 16.774050780000152 ], [ 96.284005200000081, 16.773134220000145 ], [ 96.28428096000016, 16.772217570000123 ], [ 96.283669320000172, 16.770543299999986 ], [ 96.284283120000111, 16.770217770000045 ], [ 96.284896560000107, 16.769892150000146 ], [ 96.286123440000154, 16.769241090000094 ], [ 96.288266880000037, 16.766821080000057 ], [ 96.289297200000021, 16.767436140000143 ], [ 96.29032752, 16.768051200000059 ], [ 96.292292400000065, 16.767949680000186 ], [ 96.294257280000124, 16.767848070000127 ], [ 96.297236640000051, 16.767539010000121 ], [ 96.297456240000088, 16.767516150000176 ], [ 96.298044840000159, 16.767857610000021 ], [ 96.298633440000174, 16.768198980000022 ], [ 96.299973000000136, 16.769861640000101 ], [ 96.301162440000155, 16.771245930000021 ], [ 96.302806560000136, 16.773675480000179 ], [ 96.302540879999981, 16.77515328000004 ], [ 96.302283480000199, 16.777122120000058 ], [ 96.30104832000012, 16.778352330000075 ], [ 96.300565200000108, 16.778833740000096 ], [ 96.30022536000007, 16.780242510000107 ], [ 96.299885520000032, 16.781651370000191 ], [ 96.300069840000162, 16.783893810000109 ], [ 96.300810000000126, 16.784583570000109 ], [ 96.301550520000148, 16.785273420000181 ], [ 96.302358986000058, 16.786656882999978 ], [ 96.300000592000117, 16.7865731280001 ], [ 96.298477737000155, 16.786877700000048 ], [ 96.297183310000094, 16.787372627000082 ], [ 96.295850811000037, 16.787524913000027 ], [ 96.294594457000187, 16.786877700000048 ], [ 96.293794958000035, 16.78584977200012 ], [ 96.292728959000044, 16.785583272000054 ], [ 96.291701032000162, 16.785392915000045 ], [ 96.290025892000131, 16.785773629000118 ], [ 96.288731464000136, 16.786420842000098 ], [ 96.288084251000157, 16.787220341000079 ], [ 96.287703537000084, 16.789047767000113 ], [ 96.287018252000109, 16.790875193000147 ], [ 96.286409111000069, 16.791712764000067 ], [ 96.28488625500006, 16.792283834999978 ], [ 96.283515686000044, 16.79308333400013 ], [ 96.282525830000054, 16.794035118000011 ], [ 96.281347841000184, 16.794382338000162 ], [ 96.281335440000134, 16.793666370000096 ] ] ] } },
{ "type": "Feature", "properties": { "adm4_name": "Bo Gyoke", "adm4_name1": "ဗိုလ်ချုပ်", "adm4_name2": null, "adm4_name3": null, "adm4_pcode": "MMR013023020", "adm3_name": "Thanlyin", "adm3_name1": "သန်လျင်", "adm3_name2": null, "adm3_name3": null, "adm3_pcode": "MMR013023", "adm2_name": "Yangon (South)", "adm2_name1": "ရန်ကုန်(တောင်ပိုင်း)", "adm2_name2": null, "adm2_name3": null, "adm2_pcode": "MMR013D003", "adm1_name": "Yangon", "adm1_name1": "ရန်ကုန်တိုင်းဒေသကြီး", "adm1_name2": null, "adm1_name3": null, "adm1_pcode": "MMR013", "adm0_name": "Myanmar", "adm0_name1": "မြန်မာနိုင်ငံ", "adm0_name2": null, "adm0_name3": null, "adm0_pcode": "MMR", "valid_on": "2024-02-15T00:00:00", "valid_to": null, "area_sqkm": 9.77297497, "version": "v01", "lang": "en", "lang1": "my", "lang2": null, "lang3": null, "adm4_ref_name": "Bo Gyoke", "center_lat": 16.74640109, "center_lon": 96.23469597 }, "geometry": { "type": "Polygon", "coordinates": [ [ [ 96.248290882, 16.748197030000085 ], [ 96.248291332000065, 16.74822347700001 ], [ 96.248289755000201, 16.748248917000183 ], [ 96.248287689, 16.748282231000076 ], [ 96.248281477000035, 16.748402989000169 ], [ 96.248248046000185, 16.748551273000146 ], [ 96.248239692000197, 16.74857643900009 ], [ 96.248235954000108, 16.748585180000021 ], [ 96.248217720000184, 16.748627815000077 ], [ 96.248207983000157, 16.748650582000096 ], [ 96.248202265000032, 16.748663951000083 ], [ 96.248179169000082, 16.748736086000065 ], [ 96.248167739000053, 16.748796218999985 ], [ 96.248154253000166, 16.748878039000033 ], [ 96.248125221000066, 16.748951559000034 ], [ 96.248118670000167, 16.748975260000179 ], [ 96.248118275000195, 16.748976691 ], [ 96.24810164600018, 16.749036856000089 ], [ 96.248093169000072, 16.749092848000089 ], [ 96.248091870000053, 16.749127589000068 ], [ 96.248092543000041, 16.749195831 ], [ 96.248092958000143, 16.749237884000024 ], [ 96.248101981000104, 16.749299659000087 ], [ 96.24810775900005, 16.749325334000162 ], [ 96.24810797300006, 16.749326286000041 ], [ 96.248119299000109, 16.749376610000127 ], [ 96.248146244000111, 16.749437081999986 ], [ 96.248167639000201, 16.749465363000127 ], [ 96.248176931000103, 16.749477646000173 ], [ 96.248189724000156, 16.749494557000048 ], [ 96.248210591000031, 16.749522141 ], [ 96.248224369000127, 16.749540354000032 ], [ 96.248266417000195, 16.749573283000188 ], [ 96.248412839000082, 16.749640590000126 ], [ 96.248495953000031, 16.749674858000105 ], [ 96.248643985000172, 16.749730241000179 ], [ 96.248715205000053, 16.749756431000037 ], [ 96.248805575000063, 16.74978630600009 ], [ 96.248875754000096, 16.749812616000156 ], [ 96.249056748000157, 16.749899188000029 ], [ 96.249139206000052, 16.749938822000104 ], [ 96.249184619000175, 16.74996008300019 ], [ 96.249274319000108, 16.749992106000093 ], [ 96.249392821000129, 16.75004455200019 ], [ 96.249439786000039, 16.750084366000067 ], [ 96.249489231000155, 16.750114312000051 ], [ 96.249580402000106, 16.750190457000087 ], [ 96.249675738000178, 16.750274849000107 ], [ 96.249742316000038, 16.750339048 ], [ 96.249872240000116, 16.750467831000094 ], [ 96.249974885000142, 16.750566844000048 ], [ 96.25004906800018, 16.750650251000081 ], [ 96.250060570000073, 16.75066250600014 ], [ 96.250167493000106, 16.750819247000038 ], [ 96.250187713000173, 16.750848886000085 ], [ 96.250221779000185, 16.750904046000073 ], [ 96.250223937000158, 16.750907540000185 ], [ 96.250281238000184, 16.75100032 ], [ 96.25037011500018, 16.75114916299998 ], [ 96.250408283000127, 16.751239169000144 ], [ 96.250420822000194, 16.75127979500013 ], [ 96.250428829000043, 16.751329238000039 ], [ 96.250431756000069, 16.751347313000053 ], [ 96.250436891000049, 16.751420533000044 ], [ 96.250433260000193, 16.751490564999983 ], [ 96.250428818000159, 16.751525727000057 ], [ 96.250425362000044, 16.751550968000117 ], [ 96.250410495000153, 16.751607322000154 ], [ 96.25040156600005, 16.751641165000024 ], [ 96.250375598000176, 16.751739594000071 ], [ 96.25037418800008, 16.751744875999975 ], [ 96.250366004000114, 16.751775534000046 ], [ 96.250324381000155, 16.751931453000054 ], [ 96.250206753000157, 16.752226289000134 ], [ 96.250160007000034, 16.752343457000052 ], [ 96.250141384000187, 16.752390136000088 ], [ 96.250092702000074, 16.752503368000021 ], [ 96.250077258000033, 16.752530495000087 ], [ 96.250044430000173, 16.752588158000151 ], [ 96.250035733000061, 16.752600487000166 ], [ 96.250030472000049, 16.752607946000182 ], [ 96.249991039000065, 16.752663848000168 ], [ 96.2499260620001, 16.752736945000095 ], [ 96.249773263000179, 16.752891663000128 ], [ 96.24974058100014, 16.752924754999981 ], [ 96.249736315000121, 16.752929567000024 ], [ 96.249660356000163, 16.753015259000051 ], [ 96.249588799000037, 16.753109220000056 ], [ 96.249567395000042, 16.753139350000083 ], [ 96.249534307000147, 16.753185927000118 ], [ 96.249525944000084, 16.753197699 ], [ 96.249503247000064, 16.753221250000081 ], [ 96.249483411000199, 16.753241835000097 ], [ 96.249437460000195, 16.753282403000128 ], [ 96.249366697000141, 16.753315921000024 ], [ 96.249333773000046, 16.753329245000089 ], [ 96.249250585000084, 16.753351977000023 ], [ 96.249155963000078, 16.753387651000082 ], [ 96.249118624000118, 16.753402773000118 ], [ 96.248986065000054, 16.753456458000016 ], [ 96.248891104000108, 16.753496192000114 ], [ 96.24882444900004, 16.75352943900009 ], [ 96.24878779300019, 16.753554573000088 ], [ 96.248759981000035, 16.753573644000141 ], [ 96.248702833000095, 16.753623726 ], [ 96.248668481000095, 16.753672486000141 ], [ 96.248639289000153, 16.753733959000158 ], [ 96.24861579800006, 16.753822691000039 ], [ 96.248560684000154, 16.753959498000086 ], [ 96.24848023200002, 16.754076951000116 ], [ 96.248477126000125, 16.754073813000048 ], [ 96.248421954000037, 16.754030066000041 ], [ 96.248351749000165, 16.753996871000084 ], [ 96.248278301000141, 16.753982271000098 ], [ 96.248249538000152, 16.753981887000066 ], [ 96.248206875000051, 16.753982273000076 ], [ 96.248139306999974, 16.753989973000046 ], [ 96.248078695000117, 16.753996811000036 ], [ 96.248009997000111, 16.754014053000049 ], [ 96.247889310000176, 16.754043293000166 ], [ 96.247789691000037, 16.754067835000058 ], [ 96.247284845000195, 16.754192206000141 ], [ 96.247170083000071, 16.754217197000173 ], [ 96.247111268000083, 16.754230005000181 ], [ 96.247080242000038, 16.754236761000186 ], [ 96.2469697370002, 16.754263959000127 ], [ 96.246868901000198, 16.754281393000156 ], [ 96.24684144600019, 16.75428614000009 ], [ 96.246716172000106, 16.754305494000107 ], [ 96.246656635000079, 16.754306610000015 ], [ 96.246542615000067, 16.75430222 ], [ 96.246400962000109, 16.754287902999977 ], [ 96.246132146000093, 16.754235933000132 ], [ 96.246098244000109, 16.754229378000048 ], [ 96.245873323000069, 16.754184419000126 ], [ 96.245842047000167, 16.754178167000134 ], [ 96.245789349000063, 16.754169181000123 ], [ 96.245600374000162, 16.754136958 ], [ 96.245265335000056, 16.754083217000129 ], [ 96.245162260000143, 16.754069272000095 ], [ 96.245180511000115, 16.754228913000077 ], [ 96.24518388100006, 16.754272279000133 ], [ 96.245190179000076, 16.754353337000055 ], [ 96.245192457000087, 16.754558807000024 ], [ 96.245191802000079, 16.754604292000124 ], [ 96.245191648000059, 16.754615026000124 ], [ 96.245190978000039, 16.754661536000071 ], [ 96.245186904000036, 16.754733156000157 ], [ 96.245183248000103, 16.754797441000051 ], [ 96.245161729000188, 16.754973245000031 ], [ 96.245155891000081, 16.755012655000087 ], [ 96.24514316300008, 16.755069832000117 ], [ 96.245110296000121, 16.755147767000096 ], [ 96.245073640000101, 16.75521322600008 ], [ 96.245048750000137, 16.755248419000054 ], [ 96.245032122000055, 16.755271930000163 ], [ 96.244990824000183, 16.755315343000063 ], [ 96.244967828000199, 16.755333215000121 ], [ 96.244943671000101, 16.755351989000076 ], [ 96.244889589000024, 16.755387586000097 ], [ 96.24484143900014, 16.755422743999986 ], [ 96.2443792790001, 16.75576020900013 ], [ 96.244147608000048, 16.755923222000035 ], [ 96.2441444480001, 16.755925445000116 ], [ 96.244082796000157, 16.755968826000071 ], [ 96.243933127000162, 16.756074139000191 ], [ 96.243860260000076, 16.756125411000141 ], [ 96.243830079000134, 16.756146648000026 ], [ 96.243458967000151, 16.756428420000077 ], [ 96.243443089000095, 16.756440737000105 ], [ 96.243404223000084, 16.756470887000148 ], [ 96.243350585000087, 16.756512496000084 ], [ 96.24307691000007, 16.756724797000174 ], [ 96.243026567000072, 16.756763850000141 ], [ 96.242852753000079, 16.756900598000072 ], [ 96.242774940000118, 16.756961817000047 ], [ 96.242725543000063, 16.7570006790001 ], [ 96.242631151000069, 16.757073953000088 ], [ 96.242537933000165, 16.75714631600016 ], [ 96.242455569000072, 16.757216897000035 ], [ 96.24237239200005, 16.75727504300005 ], [ 96.242322916000035, 16.75730381700015 ], [ 96.242279202000134, 16.75732924 ], [ 96.242205321000199, 16.757372208 ], [ 96.242162474000111, 16.757395384000176 ], [ 96.242066475000058, 16.757447309000099 ], [ 96.242047607000075, 16.757457515000056 ], [ 96.241782744000091, 16.75753862900018 ], [ 96.241490710000107, 16.757673546999968 ], [ 96.241310240000075, 16.757757406999986 ], [ 96.241310008000085, 16.75775751499998 ], [ 96.240941907000092, 16.757928562000018 ], [ 96.24055437800007, 16.758110857000133 ], [ 96.240553759000136, 16.758111148000069 ], [ 96.240538883000113, 16.758118146000072 ], [ 96.239860131000114, 16.758440461000191 ], [ 96.239858820000109, 16.758441083000093 ], [ 96.239718973000151, 16.758507491000046 ], [ 96.2396926360002, 16.758519744000125 ], [ 96.239623618000167, 16.758551855000178 ], [ 96.239239707000138, 16.75875746100013 ], [ 96.239078839000115, 16.758844048000128 ], [ 96.238875153000151, 16.75895368200014 ], [ 96.238845795000032, 16.758969211000078 ], [ 96.238764913000068, 16.759011993000058 ], [ 96.238686990000133, 16.75905321 ], [ 96.238561999000183, 16.75911932300005 ], [ 96.238556348000145, 16.759122312000045 ], [ 96.238533264000182, 16.759134522000181 ], [ 96.238385366000045, 16.759209002000091 ], [ 96.238257553000039, 16.759266548000085 ], [ 96.238188757000046, 16.759290475 ], [ 96.238093235000122, 16.759310223000057 ], [ 96.238015678000181, 16.759322564000115 ], [ 96.237940103000028, 16.759334932000058 ], [ 96.237823726000101, 16.759356311000147 ], [ 96.237726289000136, 16.759371253000097 ], [ 96.237611234000099, 16.759369710999977 ], [ 96.237460680000083, 16.759353356000133 ], [ 96.23720527800009, 16.759315524000044 ], [ 96.237065814000118, 16.759286892000148 ], [ 96.23697200200013, 16.759256961000062 ], [ 96.236969226000099, 16.759256188000109 ], [ 96.236899873000141, 16.759236879000184 ], [ 96.236824817000127, 16.759235873000137 ], [ 96.236817577000068, 16.759235776000025 ], [ 96.236397688000068, 16.759170553000047 ], [ 96.236149596000132, 16.759119771000087 ], [ 96.235701503000087, 16.759029652000038 ], [ 96.235525354000174, 16.758999573000096 ], [ 96.235441170000172, 16.758989841000187 ], [ 96.235383809000098, 16.75897760200013 ], [ 96.235340389000044, 16.758961727000155 ], [ 96.23528502500011, 16.758948559000146 ], [ 96.23522550000007, 16.758948716000077 ], [ 96.235157957000069, 16.758954501000119 ], [ 96.235066473000131, 16.758969521000097 ], [ 96.234958030000143, 16.758991005000098 ], [ 96.23492130000011, 16.75900174200018 ], [ 96.234919024000135, 16.759002406999969 ], [ 96.234776712000041, 16.75904400800016 ], [ 96.234283675000199, 16.759180756999967 ], [ 96.233907291000151, 16.759277018000034 ], [ 96.233210107000048, 16.759467416000177 ], [ 96.232719052000164, 16.759604188000139 ], [ 96.232204246000038, 16.759736816999975 ], [ 96.231846748000123, 16.759830459999989 ], [ 96.231645536000144, 16.759887014000071 ], [ 96.231316857000024, 16.759977221000156 ], [ 96.230932397000061, 16.760082925 ], [ 96.230539, 16.760190200000125 ], [ 96.230498152000052, 16.760201339000048 ], [ 96.229947319000075, 16.760355461000188 ], [ 96.22964755300012, 16.760435537999967 ], [ 96.229337745000066, 16.760524083000121 ], [ 96.228862693000053, 16.76065150300019 ], [ 96.228503181000121, 16.760747024000182 ], [ 96.227842882000118, 16.760924518000138 ], [ 96.227452483000036, 16.761029178000058 ], [ 96.227118854000082, 16.761118354000189 ], [ 96.226749380000058, 16.761216605000016 ], [ 96.226398737000068, 16.761316065000074 ], [ 96.226104851000116, 16.761400995000031 ], [ 96.22575306400006, 16.761510951000048 ], [ 96.225694226000144, 16.761532142000135 ], [ 96.225648323000144, 16.76155063900012 ], [ 96.225608566000176, 16.761555839000039 ], [ 96.225554000000102, 16.761556059000043 ], [ 96.225487337000175, 16.761569498000028 ], [ 96.225331076000145, 16.761604669000178 ], [ 96.225003535000099, 16.761684366000111 ], [ 96.22478854700006, 16.761733082000035 ], [ 96.224688555000171, 16.761747047000028 ], [ 96.224648557000023, 16.761760172000152 ], [ 96.224198597000111, 16.761907821000023 ], [ 96.222784576000095, 16.762289692000081 ], [ 96.221709230000101, 16.762575014000106 ], [ 96.221497904000046, 16.762531114000183 ], [ 96.221284461000039, 16.762427995999985 ], [ 96.220677239000111, 16.762186007000139 ], [ 96.220353464000198, 16.762041983000131 ], [ 96.220055903000173, 16.761902880000093 ], [ 96.219843100000105, 16.761803257000111 ], [ 96.219404288000192, 16.761605491000068 ], [ 96.219268342000134, 16.761544222000055 ], [ 96.21894598900019, 16.76147362800009 ], [ 96.218591010000068, 16.761424159000171 ], [ 96.218364180000094, 16.761416976000191 ], [ 96.218121764000102, 16.761404313000128 ], [ 96.2179747200002, 16.761401020000108 ], [ 96.217838386000096, 16.761410976000036 ], [ 96.217801572000099, 16.761414413000068 ], [ 96.217774206000115, 16.761423223000065 ], [ 96.217754949000039, 16.761436076000166 ], [ 96.217734238000048, 16.761455462000185 ], [ 96.217710736000015, 16.761480064000068 ], [ 96.217683103000127, 16.76150721800019 ], [ 96.217662488000144, 16.761520054000187 ], [ 96.217636461000041, 16.761530198000116 ], [ 96.217595498000094, 16.761537506000025 ], [ 96.21754088, 16.761547265000047 ], [ 96.217476547000103, 16.761569997000151 ], [ 96.217253736000089, 16.76164754000007 ], [ 96.217157020000059, 16.761711593000143 ], [ 96.217143449000105, 16.761647143000118 ], [ 96.217101035000155, 16.761646569999982 ], [ 96.216970636000099, 16.76165356700011 ], [ 96.216803629000196, 16.761677584999973 ], [ 96.216673060000176, 16.761696257000096 ], [ 96.216551707000178, 16.761706295000067 ], [ 96.216502976000129, 16.761710370000117 ], [ 96.216308578, 16.761755559000051 ], [ 96.21624366900005, 16.761783364000109 ], [ 96.216251096000065, 16.761831954000058 ], [ 96.216226936, 16.761878184000182 ], [ 96.216185163000034, 16.761909350000053 ], [ 96.216148079000163, 16.761941985000021 ], [ 96.216105701, 16.76197320600005 ], [ 96.21602803900015, 16.761991844000136 ], [ 96.215947041000049, 16.762005270000031 ], [ 96.215881774000081, 16.762031583000123 ], [ 96.215829350000149, 16.762081953000063 ], [ 96.215819742000065, 16.762127337000095 ], [ 96.215658370000028, 16.762139556000136 ], [ 96.215773625000054, 16.75871614 ], [ 96.216045988000133, 16.757728007000026 ], [ 96.216165437000143, 16.757294646000162 ], [ 96.216146371000036, 16.755956420000132 ], [ 96.216134467000074, 16.755120937000186 ], [ 96.216233187000114, 16.754424271000062 ], [ 96.21652162100014, 16.752388777000078 ], [ 96.216576261000057, 16.752003182000067 ], [ 96.217155801000047, 16.750655972000118 ], [ 96.219175725000184, 16.748480831 ], [ 96.22106807199998, 16.746443071000158 ], [ 96.223418050000134, 16.742543050000165 ], [ 96.224669723000034, 16.741169711000111 ], [ 96.226375379000103, 16.736154676000012 ], [ 96.226557073000038, 16.73447516300007 ], [ 96.2272083860002, 16.732692148000069 ], [ 96.227346517000171, 16.730244264000021 ], [ 96.227442000000167, 16.730272620000051 ], [ 96.229548360000194, 16.730659620000097 ], [ 96.231849120000106, 16.731082260000107 ], [ 96.235220519999984, 16.730862660000071 ], [ 96.237295920000122, 16.730896770000015 ], [ 96.23781756000011, 16.730905320000033 ], [ 96.24120624, 16.731686070000137 ], [ 96.244318080000085, 16.731470340000044 ], [ 96.244459920000111, 16.732176930000094 ], [ 96.244601760000137, 16.732883520000087 ], [ 96.245586, 16.734786120000138 ], [ 96.248137320000069, 16.737247710000076 ], [ 96.248572200000183, 16.737365970000099 ], [ 96.249007080000126, 16.737484230000064 ], [ 96.250645080000083, 16.73712486 ], [ 96.251505120000047, 16.736915520000082 ], [ 96.25357584000011, 16.736411520000161 ], [ 96.254028, 16.736161680000066 ], [ 96.254480160000185, 16.735911930000043 ], [ 96.255384480000032, 16.735412340000096 ], [ 96.256062360000158, 16.735037939999984 ], [ 96.257128680000108, 16.734145500000068 ], [ 96.25978332, 16.732477440000082 ], [ 96.25991868, 16.732808910000131 ], [ 96.260955840000065, 16.737795990000109 ], [ 96.261316200000181, 16.737986880000108 ], [ 96.261496200000181, 16.738082280000185 ], [ 96.256858222000119, 16.741738073000079 ], [ 96.256787592000137, 16.741793745000052 ], [ 96.256788209000092, 16.741759954000031 ], [ 96.256365341000105, 16.741735608000113 ], [ 96.255997006000086, 16.741710207999972 ], [ 96.255907636000131, 16.741699848 ], [ 96.255674980000094, 16.741683037000143 ], [ 96.255463089000045, 16.741667727000106 ], [ 96.255159814000081, 16.741665805000139 ], [ 96.255046242000105, 16.74184956400012 ], [ 96.254914346000191, 16.742050915 ], [ 96.254863200000045, 16.742145181000183 ], [ 96.254837575000181, 16.74221551200003 ], [ 96.254816408000124, 16.742277236000177 ], [ 96.254818690000093, 16.742352253000092 ], [ 96.254828381000095, 16.742486036000059 ], [ 96.25482854400002, 16.742587556000103 ], [ 96.254830432000176, 16.742632848000142 ], [ 96.254794238000045, 16.742635383000049 ], [ 96.254769493000197, 16.742637116000139 ], [ 96.2543838160002, 16.742664130000037 ], [ 96.254234431000157, 16.742674057000045 ], [ 96.254069832000141, 16.742684995000104 ], [ 96.254032123000115, 16.742687501000091 ], [ 96.253557668000042, 16.742720823000013 ], [ 96.253511671000069, 16.742724054 ], [ 96.253458247000083, 16.742727806000175 ], [ 96.25342550400012, 16.742734047000056 ], [ 96.253283213000145, 16.74276117300019 ], [ 96.253004210000086, 16.742758401000117 ], [ 96.252638368000191, 16.742764051000051 ], [ 96.252538545, 16.742765593000172 ], [ 96.252189914000041, 16.742747522 ], [ 96.252082012000187, 16.742741928999976 ], [ 96.252016772000104, 16.742743504000032 ], [ 96.251849429000174, 16.7427475450001 ], [ 96.251628532000097, 16.742752879000022 ], [ 96.251406425000141, 16.742759926000133 ], [ 96.251319777000049, 16.742762676000041 ], [ 96.251211796000121, 16.742752976000133 ], [ 96.251192324000101, 16.742747590000022 ], [ 96.251148267000076, 16.74273540500019 ], [ 96.251108746999989, 16.742720869000038 ], [ 96.251050872000121, 16.742699582000114 ], [ 96.250954218000118, 16.742643468000097 ], [ 96.250779848000093, 16.742505262000066 ], [ 96.250750639000046, 16.742482112000062 ], [ 96.250742208000133, 16.742475429000137 ], [ 96.250714250000158, 16.742537029000118 ], [ 96.250711586000079, 16.742542898000124 ], [ 96.250684456000158, 16.742661367999972 ], [ 96.250684403000093, 16.742662289000179 ], [ 96.250682718, 16.742717559000084 ], [ 96.250681800000109, 16.742747626000039 ], [ 96.250681013000133, 16.742773417000137 ], [ 96.250677029000201, 16.742904018000161 ], [ 96.250647395000044, 16.742897461999974 ], [ 96.250639682000042, 16.74289575500012 ], [ 96.250588224000182, 16.742879979000065 ], [ 96.250481869, 16.742847372000085 ], [ 96.250373069000091, 16.742809854000029 ], [ 96.250250907000066, 16.742768413000078 ], [ 96.250141251000059, 16.742731213000184 ], [ 96.250120934000108, 16.742723061000049 ], [ 96.249995228000159, 16.742672622000043 ], [ 96.249865684000099, 16.742625579000162 ], [ 96.24978882400012, 16.742591512000047 ], [ 96.249714969000138, 16.742552764000038 ], [ 96.249531323000042, 16.742467885000053 ], [ 96.249339577000171, 16.742388859000073 ], [ 96.249303994000172, 16.742380563000097 ], [ 96.249255519000144, 16.742369262000182 ], [ 96.249251593000167, 16.742369904000043 ], [ 96.24925132300018, 16.742370889000028 ], [ 96.249250437000114, 16.742374117000111 ], [ 96.249249420000069, 16.742394009000179 ], [ 96.249248928000043, 16.742402810000101 ], [ 96.249245164000115, 16.742410511000116 ], [ 96.24923718600013, 16.742421919000151 ], [ 96.249260063000179, 16.742681214000015 ], [ 96.249256938000201, 16.742681251000135 ], [ 96.24910831800014, 16.742682967000064 ], [ 96.248882203000164, 16.742679007000106 ], [ 96.2486205780001, 16.742680591000067 ], [ 96.248621005000075, 16.742702388 ], [ 96.248543517000201, 16.742688407000173 ], [ 96.248176835000095, 16.742601186000172 ], [ 96.247940443000061, 16.742543546000036 ], [ 96.24762371900016, 16.742475662000061 ], [ 96.24728977500007, 16.742412674000036 ], [ 96.247047305000081, 16.742369821000125 ], [ 96.246975316000032, 16.742356991000122 ], [ 96.246900383000138, 16.742354373000069 ], [ 96.246825017000162, 16.742357582000068 ], [ 96.246826175000081, 16.742393741000114 ], [ 96.246809505000101, 16.742463650000161 ], [ 96.246738101000062, 16.74263221800004 ], [ 96.24675007400009, 16.742748672000118 ], [ 96.246769653000172, 16.742816906000087 ], [ 96.246802747000061, 16.742871480000133 ], [ 96.246860186000106, 16.742934555000147 ], [ 96.246900757, 16.742972860000179 ], [ 96.246952773000032, 16.743040937000046 ], [ 96.246999355000185, 16.743137854000167 ], [ 96.24702943200009, 16.743225110000083 ], [ 96.247157017000063, 16.74358123900015 ], [ 96.247173946000146, 16.743629613000053 ], [ 96.247246240000095, 16.743776909000189 ], [ 96.247369903000106, 16.743990386000178 ], [ 96.247474050000108, 16.744135511000025 ], [ 96.247543019000034, 16.744223402999978 ], [ 96.247573476000184, 16.744284231000051 ], [ 96.247590609000042, 16.744335979000084 ], [ 96.247592135, 16.74443418300001 ], [ 96.247554626000181, 16.744632797000122 ], [ 96.247567015000072, 16.744724537000081 ], [ 96.247593080000172, 16.744750375000081 ], [ 96.247638722000033, 16.744776474000048 ], [ 96.247849808000126, 16.744825669000079 ], [ 96.248116388000142, 16.744875486000069 ], [ 96.248410019000175, 16.744918986000073 ], [ 96.248512964999975, 16.744936431000042 ], [ 96.248522087000026, 16.744937977000177 ], [ 96.248559475000093, 16.744944313000133 ], [ 96.248572436000018, 16.744946509000158 ], [ 96.24855992300013, 16.745006978999982 ], [ 96.248559558000011, 16.745008742000039 ], [ 96.248545035000177, 16.745078923999984 ], [ 96.248494803000085, 16.745321681000121 ], [ 96.248489751000193, 16.745382537000182 ], [ 96.24848968800012, 16.745383294000135 ], [ 96.248486243000116, 16.745424786 ], [ 96.248485330000108, 16.745435787000133 ], [ 96.248432745000116, 16.745763529000044 ], [ 96.248431587000198, 16.745770748000041 ], [ 96.248410586000148, 16.745901634000063 ], [ 96.248387178000144, 16.746007564000081 ], [ 96.248380979999979, 16.746035612000128 ], [ 96.248358898000106, 16.746135536000054 ], [ 96.248337661000051, 16.746231637000051 ], [ 96.248330396000085, 16.746264513000142 ], [ 96.248317579000172, 16.74632251100013 ], [ 96.248308730000076, 16.74635911200005 ], [ 96.248267160000182, 16.746531024000092 ], [ 96.24826032600015, 16.746665935000124 ], [ 96.248257054000078, 16.746825440000066 ], [ 96.248263932999976, 16.746976937999989 ], [ 96.248269693000111, 16.747257403000049 ], [ 96.248282712000048, 16.747715892000031 ], [ 96.248290716000156, 16.748187257000041 ], [ 96.248290882, 16.748197030000085 ] ] ] } },
{ "type": "Feature", "properties": { "adm4_name": "Nyaung Thone Pin", "adm4_name1": "ညောင်သုံးပင်", "adm4_name2": null, "adm4_name3": null, "adm4_pcode": "MMR013023021", "adm3_name": "Thanlyin", "adm3_name1": "သန်လျင်", "adm3_name2": null, "adm3_name3": null, "adm3_pcode": "MMR013023", "adm2_name": "Yangon (South)", "adm2_name1": "ရန်ကုန်(တောင်ပိုင်း)", "adm2_name2": null, "adm2_name3": null, "adm2_pcode": "MMR013D003", "adm1_name": "Yangon", "adm1_name1": "ရန်ကုန်တိုင်းဒေသကြီး", "adm1_name2": null, "adm1_name3": null, "adm1_pcode": "MMR013", "adm0_name": "Myanmar", "adm0_name1": "မြန်မာနိုင်ငံ", "adm0_name2": null, "adm0_name3": null, "adm0_pcode": "MMR", "valid_on": "2024-02-15T00:00:00", "valid_to": null, "area_sqkm": 11.06467784, "version": "v01", "lang": "en", "lang1": "my", "lang2": null, "lang3": null, "adm4_ref_name": "Nyaung Thone Pin", "center_lat": 16.76884289, "center_lon": 96.27182451 }, "geometry": { "type": "Polygon", "coordinates": [ [ [ 96.283669320000172, 16.770543299999986 ], [ 96.283171800000048, 16.770200400000022 ], [ 96.282674280000094, 16.7698574100001 ], [ 96.281944920000115, 16.76979891000002 ], [ 96.281078400000183, 16.770233700000119 ], [ 96.280687080000121, 16.770766230000163 ], [ 96.280295400000057, 16.77129876000015 ], [ 96.278823720000162, 16.770410010000148 ], [ 96.27794136000017, 16.76993283000013 ], [ 96.277357080000115, 16.769836889999965 ], [ 96.276772800000117, 16.769740950000028 ], [ 96.274443600000097, 16.769848140000022 ], [ 96.273604440000156, 16.769756250000057 ], [ 96.272765280000158, 16.769664360000093 ], [ 96.272481240000104, 16.770089880000114 ], [ 96.272197200000051, 16.770515400000022 ], [ 96.271641, 16.772067990000039 ], [ 96.270218280000108, 16.774055370000156 ], [ 96.270103800000015, 16.775881650000088 ], [ 96.268518720000145, 16.776889200000141 ], [ 96.268636800000138, 16.777413630000183 ], [ 96.268755240000189, 16.777937970000039 ], [ 96.268615920000059, 16.778326140000047 ], [ 96.2684769600001, 16.778714310000169 ], [ 96.267049560000089, 16.780421070000159 ], [ 96.265982160000078, 16.781911560000026 ], [ 96.265645920000168, 16.783530840000083 ], [ 96.263573400000098, 16.785879390000048 ], [ 96.263439479999988, 16.786159829999974 ], [ 96.262729560000082, 16.787646990000098 ], [ 96.262037280000186, 16.789763160000064 ], [ 96.261641280000106, 16.790625450000164 ], [ 96.261221324000132, 16.79161498700006 ], [ 96.261030694, 16.79189281400005 ], [ 96.259768689000111, 16.790814596000189 ], [ 96.257545790000165, 16.789283185000045 ], [ 96.255792682000049, 16.788397143000111 ], [ 96.253731269000127, 16.787355280000156 ], [ 96.251195894000034, 16.787037455000018 ], [ 96.247720546000096, 16.786601800000142 ], [ 96.247794117000012, 16.786510803000169 ], [ 96.247845434000112, 16.786453438000137 ], [ 96.247852545000057, 16.786445490000176 ], [ 96.248004545000015, 16.786284085000034 ], [ 96.248027262000051, 16.786260766000169 ], [ 96.248029682000094, 16.786258282000119 ], [ 96.248211004000154, 16.786136597000109 ], [ 96.248213101000033, 16.786137005000171 ], [ 96.248235848000093, 16.786121856000022 ], [ 96.248528643000043, 16.785935359000177 ], [ 96.248578322000185, 16.785907850000115 ], [ 96.248681317000091, 16.785878844000024 ], [ 96.248748874000057, 16.785868353000126 ], [ 96.24886050200007, 16.785876475000066 ], [ 96.248947343000054, 16.785894761000179 ], [ 96.249133308000069, 16.785931359000188 ], [ 96.24921151500007, 16.785952291000115 ], [ 96.249232225000185, 16.785893089000012 ], [ 96.249239569000054, 16.785883401000149 ], [ 96.24927572100006, 16.785844845000156 ], [ 96.249322017000168, 16.785813424000082 ], [ 96.24935346500007, 16.785738715000036 ], [ 96.24939204400016, 16.785544414000071 ], [ 96.249430972000198, 16.785342533000119 ], [ 96.249444484000094, 16.785239884000077 ], [ 96.249478460000034, 16.785109020000107 ], [ 96.249486938000189, 16.784867843000143 ], [ 96.249483362000092, 16.784679421000135 ], [ 96.249477433000038, 16.784567147000132 ], [ 96.24946458900007, 16.784503999000037 ], [ 96.249440438000079, 16.784390430000144 ], [ 96.249397293000186, 16.784077979000131 ], [ 96.249380070000086, 16.783924784000135 ], [ 96.249332392000042, 16.783500705000165 ], [ 96.249282090000122, 16.783060496000076 ], [ 96.249266545000182, 16.782936920000111 ], [ 96.249234921000038, 16.7826855080001 ], [ 96.249217906000126, 16.782550239000045 ], [ 96.249184702000093, 16.782342687999972 ], [ 96.249154383000132, 16.782184132 ], [ 96.249146486000086, 16.782111443000133 ], [ 96.249162862000048, 16.782057249000104 ], [ 96.249191015000122, 16.782008026000028 ], [ 96.249321736000013, 16.781874462000133 ], [ 96.249402142000122, 16.78180571300004 ], [ 96.249447056000122, 16.781767310000191 ], [ 96.24961040300019, 16.781631101000187 ], [ 96.249728413000184, 16.78151393800016 ], [ 96.24975979200002, 16.781472374000089 ], [ 96.249800592000042, 16.781413257000111 ], [ 96.249943733000066, 16.781271921000155 ], [ 96.250113393000106, 16.781127347000051 ], [ 96.250222921000102, 16.781026088000147 ], [ 96.250533641000061, 16.780738826000174 ], [ 96.2508845750001, 16.780385338000031 ], [ 96.251058319000094, 16.780228147000116 ], [ 96.251068531000044, 16.780212280000114 ], [ 96.251191425000115, 16.780021351000016 ], [ 96.25146993900006, 16.779578257000139 ], [ 96.251514367000198, 16.779508106000094 ], [ 96.251615648000097, 16.77934818600005 ], [ 96.251614095000093, 16.779319439000062 ], [ 96.251620767000077, 16.779290671000183 ], [ 96.251726612000084, 16.779088826000077 ], [ 96.251855949, 16.778873644000043 ], [ 96.251937558000122, 16.778775558000063 ], [ 96.251972165000041, 16.778727771000149 ], [ 96.251994921000176, 16.778692817999968 ], [ 96.252002971000081, 16.778659664000088 ], [ 96.252059196000062, 16.778499325000041 ], [ 96.252151893000189, 16.778325151000047 ], [ 96.252354905000118, 16.777963105000083 ], [ 96.252442290000147, 16.777771921000067 ], [ 96.252486480000073, 16.777675221999971 ], [ 96.252486950000105, 16.777674197000181 ], [ 96.252516366000066, 16.77759988300005 ], [ 96.252653481000095, 16.777345297000124 ], [ 96.252657229000079, 16.777338337000117 ], [ 96.252670619000128, 16.77728382500004 ], [ 96.252671572999986, 16.777257322000025 ], [ 96.252662692000058, 16.777237315999969 ], [ 96.252640618000044, 16.777218240000025 ], [ 96.252550169000074, 16.777164853000102 ], [ 96.252524231000052, 16.777146984000183 ], [ 96.25249034300009, 16.777127645000064 ], [ 96.252449644000194, 16.777101492000099 ], [ 96.252440696000178, 16.777086220000115 ], [ 96.252439191000121, 16.777077046000045 ], [ 96.252441982000107, 16.77706508700004 ], [ 96.252516448000051, 16.776963742000078 ], [ 96.252523496000094, 16.776954998000065 ], [ 96.252528238000139, 16.776937564000036 ], [ 96.252532524000117, 16.776925716000164 ], [ 96.252536537000196, 16.776919774000191 ], [ 96.25257391700012, 16.776864417000127 ], [ 96.252708052000116, 16.776657667999984 ], [ 96.252717966000034, 16.776642149000054 ], [ 96.252780168000186, 16.776544783000134 ], [ 96.252869599000064, 16.776402697000151 ], [ 96.252914630000134, 16.776331152000182 ], [ 96.252973096000176, 16.776238889000069 ], [ 96.252975483000114, 16.776232292000145 ], [ 96.252972324000098, 16.776212915000031 ], [ 96.252962162000131, 16.776202283000089 ], [ 96.252942356000119, 16.776184894000153 ], [ 96.252937470000063, 16.776166046000185 ], [ 96.25296733100015, 16.776118522000161 ], [ 96.252969138000196, 16.776115646999983 ], [ 96.253099235000036, 16.775925148000113 ], [ 96.253242120000039, 16.775727206999989 ], [ 96.253276734000053, 16.775688211000158 ], [ 96.253400121000084, 16.775524559000132 ], [ 96.253423836000138, 16.775493106000113 ], [ 96.253441634000012, 16.775469499 ], [ 96.253481776000172, 16.775427499000102 ], [ 96.253640130000122, 16.775256634000073 ], [ 96.253643933000149, 16.775231273000031 ], [ 96.253648261000194, 16.775209234000044 ], [ 96.253736987000025, 16.775091035000116 ], [ 96.253751996000119, 16.775071980000064 ], [ 96.253766846000133, 16.775063971 ], [ 96.253783906000137, 16.775061672000106 ], [ 96.253803831000084, 16.775065095000116 ], [ 96.253816276000123, 16.775064945000111 ], [ 96.253874746000179, 16.77500214000014 ], [ 96.253937961000133, 16.774938185999986 ], [ 96.254004690000102, 16.774850646000061 ], [ 96.254028278000078, 16.774819701000069 ], [ 96.254055175000076, 16.774785679999979 ], [ 96.254083573000116, 16.774749762000056 ], [ 96.254131695000183, 16.774749676000056 ], [ 96.254191995000042, 16.77466570200005 ], [ 96.254268297000124, 16.774537932000101 ], [ 96.254291668, 16.774498796000046 ], [ 96.254321590000188, 16.774448693000124 ], [ 96.254364026000133, 16.774439980000182 ], [ 96.254424645000086, 16.774427535000143 ], [ 96.254519595000147, 16.77428957300009 ], [ 96.254542750000041, 16.774250317000053 ], [ 96.254605172000197, 16.774144492000062 ], [ 96.254624271000125, 16.774051689000089 ], [ 96.254741425000191, 16.773825261000013 ], [ 96.254813220000187, 16.773834835000116 ], [ 96.254910843000175, 16.77371931100015 ], [ 96.254953696000086, 16.773678372000063 ], [ 96.254862079000077, 16.773638426000105 ], [ 96.254859064000073, 16.773635912000088 ], [ 96.25467980500008, 16.77357136500018 ], [ 96.25432559800015, 16.773449450000101 ], [ 96.254174307000198, 16.77337064600016 ], [ 96.254070966000086, 16.773304635000102 ], [ 96.253995783000164, 16.773247747000028 ], [ 96.25395913400007, 16.773220021000043 ], [ 96.253964704000168, 16.773214881000172 ], [ 96.253981611000199, 16.773193771000024 ], [ 96.254121985000097, 16.773018495000088 ], [ 96.254271001000177, 16.772836802000029 ], [ 96.254351775000089, 16.77272863800016 ], [ 96.254429610000045, 16.772615600000051 ], [ 96.254522994000183, 16.772475016000158 ], [ 96.254565641000056, 16.772401086000059 ], [ 96.254591701000095, 16.772341414000095 ], [ 96.254647110000121, 16.772260639000081 ], [ 96.254706856000098, 16.772176370000125 ], [ 96.2547714640001, 16.772098857000174 ], [ 96.254831886000147, 16.772036581000179 ], [ 96.254921349000142, 16.77195557500005 ], [ 96.255047166000168, 16.771830132000048 ], [ 96.255098034000127, 16.771782464000012 ], [ 96.255139686, 16.771743433000097 ], [ 96.255285671000138, 16.771595320000188 ], [ 96.255406308000033, 16.77148510000012 ], [ 96.255588679000141, 16.771312740000042 ], [ 96.255641657000069, 16.771262671000102 ], [ 96.255794765000132, 16.771108813000183 ], [ 96.255858715000102, 16.771044551000159 ], [ 96.255864125000187, 16.771039114000189 ], [ 96.25600422600013, 16.770886142000109 ], [ 96.256161477000092, 16.770713328000056 ], [ 96.25636095100009, 16.770501889000059 ], [ 96.256428288000052, 16.770441615000038 ], [ 96.256495707000056, 16.770375608000165 ], [ 96.256591147000108, 16.770292770000026 ], [ 96.256666653000138, 16.770216357000038 ], [ 96.256716244000074, 16.770148200000165 ], [ 96.2567613760001, 16.770089372000086 ], [ 96.256817608000119, 16.769984795000084 ], [ 96.256856867000067, 16.769909791000089 ], [ 96.256923498000162, 16.769709504000105 ], [ 96.25701444200007, 16.76943310300004 ], [ 96.257031371000153, 16.76938014000001 ], [ 96.257071868000196, 16.769245845 ], [ 96.25713489300017, 16.769002002000036 ], [ 96.257162493000124, 16.768876206000073 ], [ 96.257183291000104, 16.768809577000184 ], [ 96.257309026000087, 16.76848214100005 ], [ 96.257481947000088, 16.768098544000054 ], [ 96.257556111000042, 16.767921475000037 ], [ 96.257643261000112, 16.767722182000171 ], [ 96.25765714400012, 16.767693250000093 ], [ 96.257801498000163, 16.767434940000044 ], [ 96.257950976000132, 16.767064700000105 ], [ 96.257997058000171, 16.766968489000078 ], [ 96.258055535000153, 16.766903318000118 ], [ 96.258138105000057, 16.76681839600019 ], [ 96.258210399000177, 16.76675818700005 ], [ 96.258421057000191, 16.766596596000113 ], [ 96.258660822000024, 16.76641149500017 ], [ 96.258747222000068, 16.766336182000089 ], [ 96.258846805000076, 16.766240972 ], [ 96.258921384000132, 16.766159766000044 ], [ 96.258955752000134, 16.766115301000184 ], [ 96.258986318000154, 16.766059316000053 ], [ 96.259061965000114, 16.76590357300006 ], [ 96.259185356000103, 16.765670090000185 ], [ 96.259245098000065, 16.765585820000126 ], [ 96.259323081000048, 16.765469473000053 ], [ 96.259411985000099, 16.765432246000046 ], [ 96.259508762000053, 16.765394346000107 ], [ 96.259666775000028, 16.765320334000023 ], [ 96.25967136800017, 16.765318427000125 ], [ 96.259684870000058, 16.765309815000137 ], [ 96.259740782000051, 16.765274153 ], [ 96.259742645000131, 16.765272965000122 ], [ 96.259744005000073, 16.765271692000113 ], [ 96.259798512000032, 16.765220668000154 ], [ 96.259867008000185, 16.765128759000106 ], [ 96.259900536000146, 16.765072849999967 ], [ 96.260004430000038, 16.764796040000022 ], [ 96.260088448000033, 16.76456420400018 ], [ 96.260115549000034, 16.764489419000142 ], [ 96.26020150700009, 16.764168755000071 ], [ 96.260241508000092, 16.764019534000056 ], [ 96.260297110000067, 16.763776660000019 ], [ 96.260402401000192, 16.76336620100011 ], [ 96.260426081000162, 16.763298224000039 ], [ 96.260508739000102, 16.763060951000057 ], [ 96.260594427000058, 16.762796982000168 ], [ 96.260620474000177, 16.762711346000174 ], [ 96.260672630000045, 16.762622476000104 ], [ 96.260691936000057, 16.762589580000054 ], [ 96.260845073000041, 16.762365226000156 ], [ 96.260856723000074, 16.762348157000076 ], [ 96.261200029000065, 16.76196239 ], [ 96.261341456000139, 16.761792306000132 ], [ 96.261412257000075, 16.761655733000111 ], [ 96.261420673000032, 16.761633338000138 ], [ 96.261447999000154, 16.761463636000144 ], [ 96.261490722000076, 16.761124147000032 ], [ 96.261504645000059, 16.761033245000135 ], [ 96.261571238000158, 16.760793190000072 ], [ 96.261590950000198, 16.760738799000137 ], [ 96.261591390000035, 16.760738094000146 ], [ 96.261670022000146, 16.760612119000143 ], [ 96.261724979000178, 16.760532355000066 ], [ 96.261775364000187, 16.760459225999966 ], [ 96.261847424000109, 16.760338362000141 ], [ 96.261861291000059, 16.760305599000162 ], [ 96.261899837000101, 16.760214527000073 ], [ 96.261981822, 16.760003246999986 ], [ 96.262158395000142, 16.759656366000172 ], [ 96.262230727000087, 16.759516555000062 ], [ 96.262314092000167, 16.759385144000134 ], [ 96.26234901100014, 16.759330098000191 ], [ 96.262378027000011, 16.759284383000022 ], [ 96.262664608000193, 16.758832869000173 ], [ 96.262683042000106, 16.758803826000133 ], [ 96.262734673000068, 16.758722782 ], [ 96.26299804000007, 16.75829153900014 ], [ 96.263236533000168, 16.75789957000012 ], [ 96.263360197000111, 16.757965144000025 ], [ 96.263375748000044, 16.75794474200012 ], [ 96.263491293000129, 16.75779314600004 ], [ 96.263519825000174, 16.75775571000014 ], [ 96.263529319000099, 16.757743254000161 ], [ 96.263530257000127, 16.757742023000162 ], [ 96.263586169000178, 16.757668667000132 ], [ 96.26372385600007, 16.757488019999982 ], [ 96.263836357000059, 16.757340417000137 ], [ 96.263999795000075, 16.757183848000068 ], [ 96.264030903, 16.757154046999972 ], [ 96.264036652000016, 16.75714853900007 ], [ 96.264054549000036, 16.757131395000044 ], [ 96.264368590000174, 16.756830551000064 ], [ 96.264393826000116, 16.756806374000064 ], [ 96.264624192000156, 16.756474248000131 ], [ 96.264883051000197, 16.756101038000168 ], [ 96.265079842000034, 16.755821959000059 ], [ 96.265230643000166, 16.755616021000094 ], [ 96.265331878000097, 16.755474990000039 ], [ 96.265448995000099, 16.755311690000042 ], [ 96.265577480000161, 16.755138596000108 ], [ 96.265657499000099, 16.755030794000106 ], [ 96.265685805000146, 16.754992588000107 ], [ 96.265935341000045, 16.754655773000025 ], [ 96.266059556000073, 16.754500446000065 ], [ 96.266159179000056, 16.754375869000171 ], [ 96.266397083000015, 16.754084103000025 ], [ 96.266520215000071, 16.753938762000132 ], [ 96.266540507000173, 16.753914809000037 ], [ 96.266566878000162, 16.753883681000104 ], [ 96.266579137000178, 16.753869210000062 ], [ 96.266587382000068, 16.753856379000183 ], [ 96.266734537000048, 16.753627345000041 ], [ 96.266788499000086, 16.753526900000168 ], [ 96.266840569000124, 16.7534226840001 ], [ 96.266849193000155, 16.753402543999982 ], [ 96.266891074000114, 16.753304738999987 ], [ 96.266921267000043, 16.753233953000176 ], [ 96.266927935000069, 16.753210417 ], [ 96.266937657000199, 16.753176096000118 ], [ 96.26697283600015, 16.753028569000037 ], [ 96.266995409000174, 16.752946441 ], [ 96.267005724000057, 16.752905366000107 ], [ 96.267021819000036, 16.752868112000044 ], [ 96.267094217000135, 16.752716744000111 ], [ 96.267182610000077, 16.752521216000105 ], [ 96.267252640000038, 16.752385391000132 ], [ 96.267293039000094, 16.752327932000071 ], [ 96.267298314000072, 16.752320429000065 ], [ 96.267310317000124, 16.752304392000099 ], [ 96.267339962000165, 16.752264782 ], [ 96.267377426000053, 16.752229686000135 ], [ 96.267452387000105, 16.752177225000139 ], [ 96.267507116000104, 16.752159217999974 ], [ 96.267538425000168, 16.752146519000064 ], [ 96.267553272000043, 16.752134004000027 ], [ 96.267558117000192, 16.75212991900014 ], [ 96.267566104000196, 16.752118351000092 ], [ 96.26759784799998, 16.752072372999976 ], [ 96.267715526000131, 16.75187333100007 ], [ 96.267730785000083, 16.751853565000033 ], [ 96.267737431000114, 16.751844955000024 ], [ 96.267741293000029, 16.751839952000012 ], [ 96.26776887200009, 16.751815964000173 ], [ 96.267783198000075, 16.751806538000096 ], [ 96.267821897000147, 16.751781074000121 ], [ 96.26802089500012, 16.751666219000128 ], [ 96.268203283000105, 16.751554657000156 ], [ 96.268345205000116, 16.751459940000018 ], [ 96.268393464000098, 16.751422975000082 ], [ 96.268627550000133, 16.751255360000187 ], [ 96.26874090300015, 16.751169565000055 ], [ 96.268777755000201, 16.751141672000188 ], [ 96.268812418000152, 16.751115436000134 ], [ 96.268837560000065, 16.751101475000155 ], [ 96.268867637000142, 16.751096714000028 ], [ 96.26899172800006, 16.751103016000172 ], [ 96.26903256900016, 16.751105091000056 ], [ 96.269056143000114, 16.751105403000111 ], [ 96.269080863000056, 16.751100571000052 ], [ 96.269098200000144, 16.75108738400013 ], [ 96.2691188820001, 16.751064953000139 ], [ 96.269132921999983, 16.751046078000059 ], [ 96.269203222000158, 16.750951570000097 ], [ 96.269276416000139, 16.750853170000084 ], [ 96.269403099000044, 16.750679540000135 ], [ 96.269437328000151, 16.75063262600014 ], [ 96.269566307000048, 16.750482489999968 ], [ 96.269622056000173, 16.750420447000067 ], [ 96.269700325000144, 16.750340610000137 ], [ 96.269863811000164, 16.750174426000058 ], [ 96.270000882000033, 16.750057882000021 ], [ 96.270126132000087, 16.749964853000051 ], [ 96.270187984000074, 16.749914928000123 ], [ 96.270214841000097, 16.749893248000092 ], [ 96.270218073000194, 16.749890640000046 ], [ 96.270228825000174, 16.749881961000142 ], [ 96.270235585000194, 16.749876505000032 ], [ 96.270242588000144, 16.749865877000047 ], [ 96.270253200000127, 16.749849772000061 ], [ 96.270271051000122, 16.749806447000083 ], [ 96.270276866000131, 16.749783725000157 ], [ 96.270285780000165, 16.749748887000123 ], [ 96.2703020470002, 16.749655115 ], [ 96.270335311999986, 16.749548506000167 ], [ 96.270393035000097, 16.749396342000182 ], [ 96.272252481000123, 16.748704605000057 ], [ 96.272504880000099, 16.748102451000136 ], [ 96.2728452, 16.747290540000051 ], [ 96.274450080000122, 16.745792130000041 ], [ 96.274795680000125, 16.745918580000023 ], [ 96.280478640000126, 16.747999470000082 ], [ 96.281383320000032, 16.747669260000123 ], [ 96.282288000000108, 16.747339140000122 ], [ 96.2847414000002, 16.748973269999965 ], [ 96.287256360000129, 16.750135170000021 ], [ 96.288220080000087, 16.751772540000161 ], [ 96.29044164000004, 16.75399077000003 ], [ 96.2959266000002, 16.755555870000023 ], [ 96.301266120000037, 16.757724060000157 ], [ 96.302724480000109, 16.760485080000024 ], [ 96.301691640000058, 16.759729800000059 ], [ 96.301262880000138, 16.760192760000166 ], [ 96.30083376000016, 16.760655720000102 ], [ 96.299975880000034, 16.761581640000145 ], [ 96.298366680000129, 16.761186450000139 ], [ 96.296757480000053, 16.760791170000118 ], [ 96.295521960000144, 16.760951280000029 ], [ 96.294286800000066, 16.76111139000011 ], [ 96.29335224, 16.76182797000007 ], [ 96.292417680000142, 16.762544640000044 ], [ 96.290849520000052, 16.764534450000042 ], [ 96.289558200000158, 16.765677720000099 ], [ 96.288266880000037, 16.766821080000057 ], [ 96.286123440000154, 16.769241090000094 ], [ 96.284896560000107, 16.769892150000146 ], [ 96.284283120000111, 16.770217770000045 ], [ 96.283669320000172, 16.770543299999986 ] ] ] } },
{ "type": "Feature", "properties": { "adm4_name": "Hpa Yar Kone", "adm4_name1": "ဘုရားကုန်း", "adm4_name2": null, "adm4_name3": null, "adm4_pcode": "MMR013023022", "adm3_name": "Thanlyin", "adm3_name1": "သန်လျင်", "adm3_name2": null, "adm3_name3": null, "adm3_pcode": "MMR013023", "adm2_name": "Yangon (South)", "adm2_name1": "ရန်ကုန်(တောင်ပိုင်း)", "adm2_name2": null, "adm2_name3": null, "adm2_pcode": "MMR013D003", "adm1_name": "Yangon", "adm1_name1": "ရန်ကုန်တိုင်းဒေသကြီး", "adm1_name2": null, "adm1_name3": null, "adm1_pcode": "MMR013", "adm0_name": "Myanmar", "adm0_name1": "မြန်မာနိုင်ငံ", "adm0_name2": null, "adm0_name3": null, "adm0_pcode": "MMR", "valid_on": "2024-02-15T00:00:00", "valid_to": null, "area_sqkm": 23.78022245, "version": "v01", "lang": "en", "lang1": "my", "lang2": null, "lang3": null, "adm4_ref_name": "Hpa Yar Kone", "center_lat": 16.72147364, "center_lon": 96.28226824 }, "geometry": { "type": "Polygon", "coordinates": [ [ [ 96.282288000000108, 16.747339140000122 ], [ 96.281383320000032, 16.747669260000123 ], [ 96.280478640000126, 16.747999470000082 ], [ 96.274795680000125, 16.745918580000023 ], [ 96.274450080000122, 16.745792130000041 ], [ 96.2728452, 16.747290540000051 ], [ 96.272504880000099, 16.748102451000136 ], [ 96.272252481000123, 16.748704605000057 ], [ 96.270393035000097, 16.749396342000182 ], [ 96.269361404000051, 16.748696419000112 ], [ 96.268518443000062, 16.747983697999985 ], [ 96.268051547000141, 16.747612398 ], [ 96.267990327000064, 16.747571275999974 ], [ 96.26792381100006, 16.747526595000124 ], [ 96.267824554000129, 16.747495995000065 ], [ 96.267761835000158, 16.747476659000085 ], [ 96.267697030000193, 16.747429922000038 ], [ 96.267679613000098, 16.747311904000185 ], [ 96.267624748000117, 16.747264843000096 ], [ 96.267455043000155, 16.747131758000023 ], [ 96.267227670000125, 16.746953450000035 ], [ 96.266619431000152, 16.746477048000031 ], [ 96.266417329000092, 16.746319530000164 ], [ 96.266329130000031, 16.746243809000191 ], [ 96.266284353000117, 16.746183955000049 ], [ 96.266197546000114, 16.746010762000026 ], [ 96.266171137000185, 16.745971374000135 ], [ 96.266155377000132, 16.745947867000041 ], [ 96.265900772000066, 16.745747251000125 ], [ 96.265543059000095, 16.745465392000028 ], [ 96.265339424, 16.745304938000061 ], [ 96.265327479000177, 16.745299465000016 ], [ 96.265291910000144, 16.745283168000014 ], [ 96.26545748500007, 16.74500694000011 ], [ 96.265887047000092, 16.744290304000117 ], [ 96.264398984000195, 16.743428276000031 ], [ 96.263648631000194, 16.743006136000076 ], [ 96.263082791000102, 16.742687995000153 ], [ 96.262597561000064, 16.742585977000033 ], [ 96.262275003000013, 16.742522118000181 ], [ 96.2622907880002, 16.742073279000067 ], [ 96.261349911000025, 16.742045504000032 ], [ 96.261183556000049, 16.74204144600003 ], [ 96.261013481000077, 16.74203908200019 ], [ 96.260855922000133, 16.742035140000041 ], [ 96.260687237000127, 16.742026696000039 ], [ 96.260463565000066, 16.742018195000128 ], [ 96.260268694000047, 16.742011908000052 ], [ 96.260103347000097, 16.742012287000023 ], [ 96.259835567000152, 16.742012898000155 ], [ 96.25964524800014, 16.742012003000184 ], [ 96.259479436999982, 16.742011222000031 ], [ 96.259395422000068, 16.742010827000058 ], [ 96.258532859000184, 16.74200470400018 ], [ 96.257943486000045, 16.741999067000165 ], [ 96.257078412000055, 16.741975089000164 ], [ 96.257029441000157, 16.741972655000097 ], [ 96.256752465000147, 16.741958886000134 ], [ 96.256785326000113, 16.741917962000116 ], [ 96.256787592000137, 16.741793745000052 ], [ 96.256858222000119, 16.741738073000079 ], [ 96.261496200000181, 16.738082280000185 ], [ 96.261316200000181, 16.737986880000108 ], [ 96.260955840000065, 16.737795990000109 ], [ 96.25991868, 16.732808910000131 ], [ 96.25978332, 16.732477440000082 ], [ 96.259647960000166, 16.732145969999976 ], [ 96.257885040000133, 16.730255880000129 ], [ 96.256998360000182, 16.729018920000101 ], [ 96.255431280000153, 16.723373040000126 ], [ 96.257273040000143, 16.720394310000017 ], [ 96.257732040000121, 16.719651810000073 ], [ 96.257543040000087, 16.718891220000046 ], [ 96.257062800000142, 16.716957840000077 ], [ 96.256204200000184, 16.712313570000049 ], [ 96.257072520000065, 16.709092110000142 ], [ 96.257126160000098, 16.70859135000012 ], [ 96.257180160000075, 16.708090500000026 ], [ 96.258318840000186, 16.70671260000006 ], [ 96.25878828000009, 16.705025280000086 ], [ 96.259433040000147, 16.70389524 ], [ 96.260748480000132, 16.70315445 ], [ 96.260969160000059, 16.7028858 ], [ 96.261480360000121, 16.702263000000187 ], [ 96.261793200000056, 16.701138089999972 ], [ 96.261352559999978, 16.699625190000063 ], [ 96.260996160000161, 16.698190860000011 ], [ 96.261231600000144, 16.697387250000133 ], [ 96.261326640000163, 16.697151000000133 ], [ 96.26142204000007, 16.696914750000133 ], [ 96.26161248, 16.696442340000146 ], [ 96.262850880000144, 16.696492920000026 ], [ 96.264089640000179, 16.696543500000132 ], [ 96.264331920000132, 16.696253969999987 ], [ 96.265516680000133, 16.694836920000171 ], [ 96.2673984, 16.694175600000165 ], [ 96.269280480000134, 16.693514370000173 ], [ 96.271201440000084, 16.695168030000048 ], [ 96.271820280000156, 16.69515822000011 ], [ 96.272438760000171, 16.695148410000172 ], [ 96.273153720000153, 16.698645629999987 ], [ 96.274281600000052, 16.700732910000056 ], [ 96.275089080000043, 16.702007760000185 ], [ 96.276013200000136, 16.70267304000015 ], [ 96.276876120000111, 16.704579240000157 ], [ 96.277340520000166, 16.705051830000173 ], [ 96.277805280000109, 16.705524420000188 ], [ 96.278790240000035, 16.704661140000155 ], [ 96.279359400000089, 16.703880210000023 ], [ 96.280192080000063, 16.701481260000151 ], [ 96.281433, 16.701672060000135 ], [ 96.282673920000036, 16.701862860000119 ], [ 96.283328760000018, 16.702107030000036 ], [ 96.28398324, 16.702351290000024 ], [ 96.287364000000139, 16.703612730000089 ], [ 96.29044056000015, 16.704686430000152 ], [ 96.293240280000134, 16.706606580000027 ], [ 96.296450400000197, 16.706976390000079 ], [ 96.297688800000174, 16.707026790000157 ], [ 96.298308360000078, 16.707051990000082 ], [ 96.298927560000152, 16.707077190000064 ], [ 96.297097680000093, 16.710755220000067 ], [ 96.295529880000061, 16.71274494000005 ], [ 96.293561760000102, 16.716846150000094 ], [ 96.296055840000065, 16.717929030000164 ], [ 96.299438400000156, 16.71983973000016 ], [ 96.30170352000016, 16.72029477000018 ], [ 96.303968640000164, 16.720749720000128 ], [ 96.30511848000009, 16.720959780000101 ], [ 96.306661800000086, 16.721241840000175 ], [ 96.308205480000083, 16.721523810000065 ], [ 96.310247400000094, 16.721701650000057 ], [ 96.312289320000104, 16.721879399999978 ], [ 96.313377600000081, 16.721651430000122 ], [ 96.313921560000153, 16.721537400000102 ], [ 96.314465880000114, 16.721423460000096 ], [ 96.31409436000007, 16.725218490000032 ], [ 96.3136940400002, 16.727329890000135 ], [ 96.314217120000137, 16.728093360000059 ], [ 96.312138840000102, 16.73002125000005 ], [ 96.310122120000017, 16.731316710000158 ], [ 96.309413640000059, 16.732450709999966 ], [ 96.308704799999987, 16.733584800000017 ], [ 96.305831640000122, 16.735876290000078 ], [ 96.305348520000109, 16.736464800000135 ], [ 96.303264120000165, 16.73900478000013 ], [ 96.30287820000018, 16.739832060000026 ], [ 96.301648800000066, 16.742468970000061 ], [ 96.300033480000195, 16.745933070000149 ], [ 96.29405136000014, 16.745327100000111 ], [ 96.292943640000146, 16.745344740000121 ], [ 96.288954840000144, 16.745408460000078 ], [ 96.287274360000197, 16.745084370000086 ], [ 96.286434120000138, 16.74492237000004 ], [ 96.286014000000193, 16.744841370000074 ], [ 96.285593520000191, 16.744760370000108 ], [ 96.283940760000064, 16.746049710000023 ], [ 96.282288000000108, 16.747339140000122 ] ] ] } },
{ "type": "Feature", "properties": { "adm4_name": "La Har Yet", "adm4_name1": "လဟာယက်", "adm4_name2": null, "adm4_name3": null, "adm4_pcode": "MMR013023023", "adm3_name": "Thanlyin", "adm3_name1": "သန်လျင်", "adm3_name2": null, "adm3_name3": null, "adm3_pcode": "MMR013023", "adm2_name": "Yangon (South)", "adm2_name1": "ရန်ကုန်(တောင်ပိုင်း)", "adm2_name2": null, "adm2_name3": null, "adm2_pcode": "MMR013D003", "adm1_name": "Yangon", "adm1_name1": "ရန်ကုန်တိုင်းဒေသကြီး", "adm1_name2": null, "adm1_name3": null, "adm1_pcode": "MMR013", "adm0_name": "Myanmar", "adm0_name1": "မြန်မာနိုင်ငံ", "adm0_name2": null, "adm0_name3": null, "adm0_pcode": "MMR", "valid_on": "2024-02-15T00:00:00", "valid_to": null, "area_sqkm": 16.99280207, "version": "v01", "lang": "en", "lang1": "my", "lang2": null, "lang3": null, "adm4_ref_name": "La Har Yet", "center_lat": 16.8712407, "center_lon": 96.33951754 }, "geometry": { "type": "Polygon", "coordinates": [ [ [ 96.348740852000049, 16.873886847000108 ], [ 96.347124360000066, 16.874033220000058 ], [ 96.346614258000159, 16.874971152 ], [ 96.346277280000152, 16.875590760000136 ], [ 96.346074797000199, 16.876977503000035 ], [ 96.345887040000036, 16.878263400000094 ], [ 96.346168136000188, 16.878876760000026 ], [ 96.347099880000201, 16.880909850000023 ], [ 96.347081941, 16.881169582000041 ], [ 96.347037240000134, 16.881816780000122 ], [ 96.346952640000097, 16.883049150000147 ], [ 96.346867680000173, 16.88428161000013 ], [ 96.346456560000036, 16.885761750000029 ], [ 96.346045440000125, 16.887241980000113 ], [ 96.345361440000033, 16.889779170000111 ], [ 96.344584560000044, 16.891195139999979 ], [ 96.343910172000051, 16.892424875000074 ], [ 96.343808040000113, 16.892611110000075 ], [ 96.339919320000092, 16.894535579999967 ], [ 96.339906972000108, 16.894553637000172 ], [ 96.339599581000186, 16.895003157000019 ], [ 96.339522880000118, 16.89484827900003 ], [ 96.339202852000142, 16.894202071 ], [ 96.338798494000059, 16.893301802000053 ], [ 96.338302584000076, 16.892901259000041 ], [ 96.337898227000096, 16.892500717000132 ], [ 96.337501497000119, 16.892100172000085 ], [ 96.336700412000198, 16.891302901000131 ], [ 96.335800142000153, 16.890803176000077 ], [ 96.334999057000175, 16.890402632000132 ], [ 96.334602327000027, 16.89000208900012 ], [ 96.334197970000105, 16.889601546000108 ], [ 96.333702059000188, 16.889201004000029 ], [ 96.333297701000106, 16.888800459000038 ], [ 96.332900972000061, 16.888300734000154 ], [ 96.332496615000082, 16.887900192000075 ], [ 96.331703157000163, 16.887503462000097 ], [ 96.330627293000134, 16.886495373000059 ], [ 96.329974594000021, 16.885883791000083 ], [ 96.328085938000072, 16.885078698000029 ], [ 96.327903719, 16.885001022000154 ], [ 96.327848534000168, 16.884946358000093 ], [ 96.327499362000083, 16.884600479000142 ], [ 96.326698275000126, 16.884199934000151 ], [ 96.325798006000127, 16.883803205999982 ], [ 96.324996920000103, 16.883303481000098 ], [ 96.32420346400005, 16.88290293700004 ], [ 96.323799105000035, 16.882502394000028 ], [ 96.323303194000118, 16.882101851000186 ], [ 96.322502109000197, 16.88170130900005 ], [ 96.322193963000132, 16.881547236000017 ], [ 96.32170102200007, 16.881300765000162 ], [ 96.320800753000128, 16.880801039 ], [ 96.319999667000104, 16.880400497000096 ], [ 96.319602939000163, 16.879999952999981 ], [ 96.319198580000148, 16.879603224000107 ], [ 96.318298311000035, 16.879202681000095 ], [ 96.317497225000182, 16.878702957000144 ], [ 96.317100497000013, 16.878302412000153 ], [ 96.316916799000126, 16.877931483000111 ], [ 96.316703769000071, 16.877501327 ], [ 96.316574266000089, 16.877244766000047 ], [ 96.31629940900018, 16.876700239000172 ], [ 96.3160323580002, 16.876215439000021 ], [ 96.315803500000072, 16.875799972000038 ], [ 96.315804401000094, 16.875778855000135 ], [ 96.315851379000037, 16.874679133000086 ], [ 96.315798959000176, 16.874361184000179 ], [ 96.315335372999982, 16.865433776000145 ], [ 96.315481084000055, 16.862562014 ], [ 96.315148658999988, 16.85844421600018 ], [ 96.314636708000194, 16.852102608000052 ], [ 96.31872828000013, 16.85242683000007 ], [ 96.3194551200001, 16.852586580000093 ], [ 96.322529880000104, 16.8532272 ], [ 96.325957080000194, 16.853625630000124 ], [ 96.326451000000191, 16.853481090000059 ], [ 96.327592200000083, 16.853147190000129 ], [ 96.328746360000196, 16.85279592 ], [ 96.329892960000052, 16.852446900000132 ], [ 96.333054480000158, 16.850666070000045 ], [ 96.336338040000044, 16.84908981000018 ], [ 96.337425960000189, 16.848791459999973 ], [ 96.338513520000106, 16.848493019999978 ], [ 96.339244680000036, 16.84862145000011 ], [ 96.339975480000078, 16.848749880000128 ], [ 96.342187680000166, 16.850257560000159 ], [ 96.343443360000151, 16.851219390000153 ], [ 96.344699040000137, 16.852181220000148 ], [ 96.345321120000108, 16.852346460000149 ], [ 96.34594356000008, 16.85251170000015 ], [ 96.347188080000194, 16.85284227000011 ], [ 96.34886820000014, 16.853095440000118 ], [ 96.3497084400002, 16.853222070000129 ], [ 96.350548680000088, 16.85334870000014 ], [ 96.352020000000152, 16.853692680000165 ], [ 96.357279960000142, 16.854922440000109 ], [ 96.35962824000012, 16.855866270000035 ], [ 96.360431040000094, 16.855923330000167 ], [ 96.360832080000023, 16.85595186 ], [ 96.361890840000058, 16.855327260000024 ], [ 96.362289360000034, 16.855795350000051 ], [ 96.362816040000041, 16.85646684 ], [ 96.363198360000069, 16.856864370000039 ], [ 96.363649080000073, 16.857388350000065 ], [ 96.364122480000162, 16.857954360000178 ], [ 96.364719720000039, 16.858865610000066 ], [ 96.36458328000009, 16.859994930000084 ], [ 96.364527840000108, 16.86097809000006 ], [ 96.364178600000173, 16.861862499000154 ], [ 96.363691200000176, 16.863096780000035 ], [ 96.3618418800001, 16.865653050000162 ], [ 96.361878960000183, 16.867757429999983 ], [ 96.362494200000071, 16.86957156 ], [ 96.363096840000196, 16.870684320000066 ], [ 96.36369948000015, 16.871797080000135 ], [ 96.364001880000103, 16.87242357000008 ], [ 96.364153440000052, 16.872736770000074 ], [ 96.364304640000114, 16.873050060000025 ], [ 96.364261440000121, 16.874734680000188 ], [ 96.363543205000099, 16.874746495000181 ], [ 96.362877240000159, 16.874757450000118 ], [ 96.361342997000122, 16.875169860000142 ], [ 96.360530736000158, 16.875388198000053 ], [ 96.359541120000188, 16.87565421000005 ], [ 96.355607040000109, 16.875718740000082 ], [ 96.353130240000155, 16.875759240000036 ], [ 96.35137200000014, 16.875226710000049 ], [ 96.349345920000189, 16.87405329000012 ], [ 96.349060816000076, 16.87388804200009 ], [ 96.349015800000075, 16.873861950000105 ], [ 96.348740852000049, 16.873886847000108 ] ] ] } },
{ "type": "Feature", "properties": { "adm4_name": "Ka Dat Hpyar", "adm4_name1": "ကဒတ်ဖျာ", "adm4_name2": null, "adm4_name3": null, "adm4_pcode": "MMR013023024", "adm3_name": "Thanlyin", "adm3_name1": "သန်လျင်", "adm3_name2": null, "adm3_name3": null, "adm3_pcode": "MMR013023", "adm2_name": "Yangon (South)", "adm2_name1": "ရန်ကုန်(တောင်ပိုင်း)", "adm2_name2": null, "adm2_name3": null, "adm2_pcode": "MMR013D003", "adm1_name": "Yangon", "adm1_name1": "ရန်ကုန်တိုင်းဒေသကြီး", "adm1_name2": null, "adm1_name3": null, "adm1_pcode": "MMR013", "adm0_name": "Myanmar", "adm0_name1": "မြန်မာနိုင်ငံ", "adm0_name2": null, "adm0_name3": null, "adm0_pcode": "MMR", "valid_on": "2024-02-15T00:00:00", "valid_to": null, "area_sqkm": 6.26371344, "version": "v01", "lang": "en", "lang1": "my", "lang2": null, "lang3": null, "adm4_ref_name": "Ka Dat Hpyar", "center_lat": 16.84562323, "center_lon": 96.33651895 }, "geometry": { "type": "Polygon", "coordinates": [ [ [ 96.360248880000086, 16.848999360000164 ], [ 96.360201720000134, 16.849666080000077 ], [ 96.360161400000152, 16.8507153 ], [ 96.360194907000164, 16.851325069000097 ], [ 96.360204960000033, 16.85150802000004 ], [ 96.360309360000144, 16.852413150000132 ], [ 96.360530760000188, 16.853287950000038 ], [ 96.361001280000039, 16.854116220000037 ], [ 96.361441200000172, 16.854859980000128 ], [ 96.361890840000058, 16.855327260000024 ], [ 96.360832080000023, 16.85595186 ], [ 96.360431040000094, 16.855923330000167 ], [ 96.35962824000012, 16.855866270000035 ], [ 96.357279960000142, 16.854922440000109 ], [ 96.352020000000152, 16.853692680000165 ], [ 96.350548680000088, 16.85334870000014 ], [ 96.3497084400002, 16.853222070000129 ], [ 96.34886820000014, 16.853095440000118 ], [ 96.347188080000194, 16.85284227000011 ], [ 96.34594356000008, 16.85251170000015 ], [ 96.345321120000108, 16.852346460000149 ], [ 96.344699040000137, 16.852181220000148 ], [ 96.343443360000151, 16.851219390000153 ], [ 96.342187680000166, 16.850257560000159 ], [ 96.339975480000078, 16.848749880000128 ], [ 96.339244680000036, 16.84862145000011 ], [ 96.338513520000106, 16.848493019999978 ], [ 96.337425960000189, 16.848791459999973 ], [ 96.336338040000044, 16.84908981000018 ], [ 96.333054480000158, 16.850666070000045 ], [ 96.329892960000052, 16.852446900000132 ], [ 96.328746360000196, 16.85279592 ], [ 96.327592200000083, 16.853147190000129 ], [ 96.326451000000191, 16.853481090000059 ], [ 96.325957080000194, 16.853625630000124 ], [ 96.322529880000104, 16.8532272 ], [ 96.3194551200001, 16.852586580000093 ], [ 96.31872828000013, 16.85242683000007 ], [ 96.314636708000194, 16.852102608000052 ], [ 96.314457943000036, 16.849888211000064 ], [ 96.313817783000047, 16.848075075000111 ], [ 96.313650887000051, 16.846099109000079 ], [ 96.312759384000117, 16.842776514000036 ], [ 96.312729122000121, 16.842663726000126 ], [ 96.312267725000197, 16.840944118000152 ], [ 96.312253132000137, 16.840652034000129 ], [ 96.312323621000189, 16.840636221000125 ], [ 96.312433320000139, 16.840614960000096 ], [ 96.313989960000129, 16.841505600000062 ], [ 96.314434200000107, 16.841668500000026 ], [ 96.315081120000173, 16.84162971 ], [ 96.315810120000094, 16.841249549999986 ], [ 96.318630720000101, 16.839305190000061 ], [ 96.32107368000004, 16.837650360000112 ], [ 96.321929759999989, 16.837114680000184 ], [ 96.323608080000156, 16.836192360000098 ], [ 96.324390720000054, 16.835499540000114 ], [ 96.325211880000154, 16.835344560000124 ], [ 96.326572320000082, 16.835747580000032 ], [ 96.327465840000116, 16.836356520000152 ], [ 96.327748080000049, 16.836996150000175 ], [ 96.327954720000093, 16.837397100000089 ], [ 96.328655640000136, 16.83877437000001 ], [ 96.329648880000093, 16.840033470000094 ], [ 96.331261320000124, 16.841367540000022 ], [ 96.332331960000033, 16.84200195000011 ], [ 96.333932160000131, 16.842656070000032 ], [ 96.335620920000054, 16.84330875 ], [ 96.337620360000074, 16.844055570000023 ], [ 96.338593800000183, 16.844181390000131 ], [ 96.339386160000174, 16.844055120000121 ], [ 96.340291560000139, 16.843657860000121 ], [ 96.341451120000158, 16.84266129000008 ], [ 96.342656040000179, 16.841748960000132 ], [ 96.343312680000167, 16.841440710000029 ], [ 96.343911360000163, 16.841175930000134 ], [ 96.344803800000079, 16.840877940000155 ], [ 96.346141200000091, 16.840799460000085 ], [ 96.348333600000103, 16.840806210000096 ], [ 96.349882320000177, 16.84102176000016 ], [ 96.35298516000006, 16.841764530000148 ], [ 96.354715680000083, 16.842274740000107 ], [ 96.356367, 16.843310370000154 ], [ 96.357218040000134, 16.844004900000073 ], [ 96.358315319999974, 16.844497020000119 ], [ 96.359268600000178, 16.845147360000112 ], [ 96.360060600000168, 16.846678800000177 ], [ 96.360210000000109, 16.847639820000097 ], [ 96.360354720000146, 16.84821366000017 ], [ 96.360248880000086, 16.848999360000164 ] ] ] } },
{ "type": "Feature", "properties": { "adm4_name": "Nyaung Lay Pin", "adm4_name1": "ညောင်လေးပင်", "adm4_name2": null, "adm4_name3": null, "adm4_pcode": "MMR013023025", "adm3_name": "Thanlyin", "adm3_name1": "သန်လျင်", "adm3_name2": null, "adm3_name3": null, "adm3_pcode": "MMR013023", "adm2_name": "Yangon (South)", "adm2_name1": "ရန်ကုန်(တောင်ပိုင်း)", "adm2_name2": null, "adm2_name3": null, "adm2_pcode": "MMR013D003", "adm1_name": "Yangon", "adm1_name1": "ရန်ကုန်တိုင်းဒေသကြီး", "adm1_name2": null, "adm1_name3": null, "adm1_pcode": "MMR013", "adm0_name": "Myanmar", "adm0_name1": "မြန်မာနိုင်ငံ", "adm0_name2": null, "adm0_name3": null, "adm0_pcode": "MMR", "valid_on": "2024-02-15T00:00:00", "valid_to": null, "area_sqkm": 7.63569037, "version": "v01", "lang": "en", "lang1": "my", "lang2": null, "lang3": null, "adm4_ref_name": "Nyaung Lay Pin", "center_lat": 16.82662817, "center_lon": 96.32164621 }, "geometry": { "type": "Polygon", "coordinates": [ [ [ 96.315810120000094, 16.841249549999986 ], [ 96.315081120000173, 16.84162971 ], [ 96.314434200000107, 16.841668500000026 ], [ 96.313989960000129, 16.841505600000062 ], [ 96.312433320000139, 16.840614960000096 ], [ 96.312323621000189, 16.840636221000125 ], [ 96.312253132000137, 16.840652034000129 ], [ 96.312228607000179, 16.840161150000029 ], [ 96.311988447000033, 16.838960352000129 ], [ 96.311269211000194, 16.8355679820001 ], [ 96.311118423000153, 16.834856773000126 ], [ 96.310866104000127, 16.833843882999986 ], [ 96.310658037000053, 16.833008641 ], [ 96.310326448000069, 16.832415381000146 ], [ 96.308433192999985, 16.829028096000059 ], [ 96.307640370000058, 16.827609630000154 ], [ 96.304285505, 16.824214485000141 ], [ 96.302152343999978, 16.82309692900003 ], [ 96.301952534000179, 16.823029457000132 ], [ 96.300039076000132, 16.822383323000167 ], [ 96.299674884000183, 16.822038060000125 ], [ 96.299593075000075, 16.822022499000127 ], [ 96.299609846000124, 16.821976402000132 ], [ 96.299699040000064, 16.821731250000141 ], [ 96.299699253000142, 16.821731144000125 ], [ 96.29969920100018, 16.821730837000189 ], [ 96.300088200000118, 16.820731980000062 ], [ 96.300928080000119, 16.818753780000122 ], [ 96.302804760000186, 16.81774128 ], [ 96.304564800000151, 16.81841457000013 ], [ 96.305550480000136, 16.816434030000039 ], [ 96.306055560000175, 16.816145220000124 ], [ 96.306307920000108, 16.816000860000088 ], [ 96.306560280000042, 16.815856410000038 ], [ 96.309624240000062, 16.8160878 ], [ 96.312952440000117, 16.814771100000144 ], [ 96.316114680000112, 16.814210850000109 ], [ 96.31643868000009, 16.81415352 ], [ 96.317750880000119, 16.814202480000176 ], [ 96.319063080000149, 16.814251440000135 ], [ 96.321522240000036, 16.813229310000111 ], [ 96.323005800000033, 16.814749050000103 ], [ 96.323266800000169, 16.815095640000152 ], [ 96.323527800000079, 16.815442230000031 ], [ 96.324049800000125, 16.81613550000003 ], [ 96.324066720000076, 16.817117580000115 ], [ 96.323719320000123, 16.819122960000129 ], [ 96.324306840000077, 16.819394130000035 ], [ 96.324894360000144, 16.819665210000039 ], [ 96.32547720000008, 16.819655850000174 ], [ 96.326059680000128, 16.819646400000124 ], [ 96.326766000000134, 16.818371910000167 ], [ 96.327462600000047, 16.816536269999972 ], [ 96.328467360000047, 16.815678030000015 ], [ 96.330790800000102, 16.815219390000095 ], [ 96.332965920000106, 16.814622780000093 ], [ 96.334419960000162, 16.814458800000068 ], [ 96.335041680000074, 16.816694040000073 ], [ 96.33535272000006, 16.817811660000189 ], [ 96.335663760000045, 16.818929280000077 ], [ 96.336591840000096, 16.822001520000072 ], [ 96.336801360000038, 16.82564670000005 ], [ 96.336241920000077, 16.828705890000037 ], [ 96.336122760000194, 16.829357940000023 ], [ 96.336003600000083, 16.830009990000121 ], [ 96.335457840000061, 16.832123910000064 ], [ 96.333442920000152, 16.833559950000051 ], [ 96.331131720000201, 16.834720140000115 ], [ 96.330312720000109, 16.835785920000035 ], [ 96.329493360000185, 16.836851700000125 ], [ 96.327748080000049, 16.836996150000175 ], [ 96.327465840000116, 16.836356520000152 ], [ 96.326572320000082, 16.835747580000032 ], [ 96.325211880000154, 16.835344560000124 ], [ 96.324390720000054, 16.835499540000114 ], [ 96.323608080000156, 16.836192360000098 ], [ 96.321929759999989, 16.837114680000184 ], [ 96.32107368000004, 16.837650360000112 ], [ 96.318630720000101, 16.839305190000061 ], [ 96.315810120000094, 16.841249549999986 ] ] ] } },
{ "type": "Feature", "properties": { "adm4_name": "Ku Lar Wea", "adm4_name1": "ကုလားဝဲ", "adm4_name2": null, "adm4_name3": null, "adm4_pcode": "MMR013023026", "adm3_name": "Thanlyin", "adm3_name1": "သန်လျင်", "adm3_name2": null, "adm3_name3": null, "adm3_pcode": "MMR013023", "adm2_name": "Yangon (South)", "adm2_name1": "ရန်ကုန်(တောင်ပိုင်း)", "adm2_name2": null, "adm2_name3": null, "adm2_pcode": "MMR013D003", "adm1_name": "Yangon", "adm1_name1": "ရန်ကုန်တိုင်းဒေသကြီး", "adm1_name2": null, "adm1_name3": null, "adm1_pcode": "MMR013", "adm0_name": "Myanmar", "adm0_name1": "မြန်မာနိုင်ငံ", "adm0_name2": null, "adm0_name3": null, "adm0_pcode": "MMR", "valid_on": "2024-02-15T00:00:00", "valid_to": null, "area_sqkm": 8.13721614, "version": "v01", "lang": "en", "lang1": "my", "lang2": null, "lang3": null, "adm4_ref_name": "Ku Lar Wea", "center_lat": 16.80934036, "center_lon": 96.30615436 }, "geometry": { "type": "Polygon", "coordinates": [ [ [ 96.300088200000118, 16.820731980000062 ], [ 96.29969920100018, 16.821730837000189 ], [ 96.299699253000142, 16.821731144000125 ], [ 96.299699040000064, 16.821731250000141 ], [ 96.299609846000124, 16.821976402000132 ], [ 96.299321564000081, 16.821703102000072 ], [ 96.295011573000068, 16.820974600000056 ], [ 96.292277246000083, 16.820512427000097 ], [ 96.28704080100016, 16.820643241000084 ], [ 96.285225184000126, 16.820688599000107 ], [ 96.284395923000147, 16.82112508300014 ], [ 96.283650106000152, 16.820866804 ], [ 96.283004099000095, 16.818676943000071 ], [ 96.282829643000071, 16.818085565 ], [ 96.282903687000157, 16.817658947000041 ], [ 96.28270461000011, 16.815640667000025 ], [ 96.282336553000107, 16.813894308000044 ], [ 96.282194932000039, 16.813222340000038 ], [ 96.280715089000068, 16.809701578000045 ], [ 96.279512304000093, 16.807955365000112 ], [ 96.280116424000198, 16.807390736000173 ], [ 96.283687929000166, 16.805482621000124 ], [ 96.284084760000042, 16.805270610000093 ], [ 96.284153026000013, 16.805257876000098 ], [ 96.286553640000079, 16.804810079999982 ], [ 96.2883223460002, 16.804781797000032 ], [ 96.289030080000146, 16.804770480000116 ], [ 96.289730328000189, 16.805010740000057 ], [ 96.290202600000157, 16.805172780000191 ], [ 96.290554303000079, 16.805254629000103 ], [ 96.291124560000071, 16.805387340000152 ], [ 96.294152160000124, 16.806091859999981 ], [ 96.294613717, 16.806136661999972 ], [ 96.295392720000109, 16.806212280000011 ], [ 96.296065026000122, 16.80627754000011 ], [ 96.296633280000037, 16.806332700000041 ], [ 96.299398440000061, 16.806148020000023 ], [ 96.30028346600011, 16.805340001000047 ], [ 96.301119600000163, 16.804576620000034 ], [ 96.303462120000177, 16.805240730000094 ], [ 96.306210360000193, 16.804073790000189 ], [ 96.306336360000159, 16.80294906 ], [ 96.306542639999975, 16.802244090000158 ], [ 96.30674928000002, 16.801539120000086 ], [ 96.307852320000165, 16.802152830000068 ], [ 96.308880396000177, 16.802724729000033 ], [ 96.308955720000142, 16.80276663 ], [ 96.309666079000067, 16.802702476000036 ], [ 96.30990144000009, 16.802681220000068 ], [ 96.310846800000149, 16.802595810000128 ], [ 96.311845241000071, 16.802505622000126 ], [ 96.3127378800001, 16.802424990000191 ], [ 96.31381675, 16.802407588000165 ], [ 96.316961760000197, 16.802356860000032 ], [ 96.321924, 16.80283809000008 ], [ 96.325792920000083, 16.799126850000164 ], [ 96.328550520000192, 16.798520880000126 ], [ 96.330617485000062, 16.797047499000143 ], [ 96.330845520000139, 16.796884950000106 ], [ 96.330927099000064, 16.79682680600007 ], [ 96.331572360000109, 16.796366910000074 ], [ 96.332781600000146, 16.798873320000155 ], [ 96.332981040000107, 16.801957440000024 ], [ 96.333610320000105, 16.804613520000089 ], [ 96.33406428, 16.805588490000105 ], [ 96.334449480000103, 16.80677514000007 ], [ 96.334834320000141, 16.807961700000192 ], [ 96.332666760000052, 16.808979149999971 ], [ 96.32934108, 16.810436430000095 ], [ 96.326805600000057, 16.811249310000051 ], [ 96.324270120000051, 16.812062190000177 ], [ 96.321522240000036, 16.813229310000111 ], [ 96.319063080000149, 16.814251440000135 ], [ 96.317750880000119, 16.814202480000176 ], [ 96.31643868000009, 16.81415352 ], [ 96.316114680000112, 16.814210850000109 ], [ 96.312952440000117, 16.814771100000144 ], [ 96.309624240000062, 16.8160878 ], [ 96.306560280000042, 16.815856410000038 ], [ 96.306307920000108, 16.816000860000088 ], [ 96.306055560000175, 16.816145220000124 ], [ 96.305550480000136, 16.816434030000039 ], [ 96.304564800000151, 16.81841457000013 ], [ 96.302804760000186, 16.81774128 ], [ 96.300928080000119, 16.818753780000122 ], [ 96.300088200000118, 16.820731980000062 ] ] ] } },
{ "type": "Feature", "properties": { "adm4_name": "Say Lone Gyi", "adm4_name1": "ဆေးလုံးကြီး", "adm4_name2": null, "adm4_name3": null, "adm4_pcode": "MMR013023027", "adm3_name": "Thanlyin", "adm3_name1": "သန်လျင်", "adm3_name2": null, "adm3_name3": null, "adm3_pcode": "MMR013023", "adm2_name": "Yangon (South)", "adm2_name1": "ရန်ကုန်(တောင်ပိုင်း)", "adm2_name2": null, "adm2_name3": null, "adm2_pcode": "MMR013D003", "adm1_name": "Yangon", "adm1_name1": "ရန်ကုန်တိုင်းဒေသကြီး", "adm1_name2": null, "adm1_name3": null, "adm1_pcode": "MMR013", "adm0_name": "Myanmar", "adm0_name1": "မြန်မာနိုင်ငံ", "adm0_name2": null, "adm0_name3": null, "adm0_pcode": "MMR", "valid_on": "2024-02-15T00:00:00", "valid_to": null, "area_sqkm": 5.2758048, "version": "v01", "lang": "en", "lang1": "my", "lang2": null, "lang3": null, "adm4_ref_name": "Say Lone Gyi", "center_lat": 16.71781734, "center_lon": 96.33265051 }, "geometry": { "type": "Polygon", "coordinates": [ [ [ 96.339160800000172, 16.734567600000162 ], [ 96.336104400000067, 16.734687210000118 ], [ 96.333476400000052, 16.734308670000075 ], [ 96.331212360000166, 16.733924280000053 ], [ 96.328948320000052, 16.733539800000017 ], [ 96.325723080000159, 16.73232876000003 ], [ 96.325323120000121, 16.732370340000102 ], [ 96.324923520000084, 16.73241183000016 ], [ 96.325521480000191, 16.729104330000041 ], [ 96.325644960000091, 16.727839380000034 ], [ 96.324444000000199, 16.725753720000114 ], [ 96.323555880000072, 16.724925990000031 ], [ 96.324190920000035, 16.722407880000048 ], [ 96.324373440000045, 16.721685090000108 ], [ 96.325544520000165, 16.720704360000127 ], [ 96.327961920000121, 16.718680260000156 ], [ 96.330553200000111, 16.716954419999979 ], [ 96.330788280000036, 16.713722970000163 ], [ 96.328711080000119, 16.711511130000076 ], [ 96.327255240000113, 16.711534530000108 ], [ 96.323761440000055, 16.711590870000123 ], [ 96.320561040000086, 16.711782659999983 ], [ 96.319665360000045, 16.711569000000111 ], [ 96.31876968, 16.711355340000182 ], [ 96.319238760000133, 16.711102260000189 ], [ 96.319199880000099, 16.70885748000012 ], [ 96.320002680000073, 16.704774810000174 ], [ 96.321128760000192, 16.702511400000105 ], [ 96.322033800000099, 16.7022162 ], [ 96.322938480000175, 16.701920910000126 ], [ 96.324748559999989, 16.701330510000105 ], [ 96.328395360000115, 16.701692760000071 ], [ 96.3337914, 16.702167150000037 ], [ 96.334369200000197, 16.702071840000144 ], [ 96.334688160000155, 16.70243661000012 ], [ 96.334961760000056, 16.702749810000114 ], [ 96.336513879000108, 16.70283523500018 ], [ 96.337198547000128, 16.702872918000025 ], [ 96.340843802000165, 16.701905808999982 ], [ 96.340990160000047, 16.702765489000058 ], [ 96.340993218000108, 16.702783452000062 ], [ 96.341172544000187, 16.703974002000166 ], [ 96.341367846000196, 16.705270610000127 ], [ 96.341993165000133, 16.706906925999988 ], [ 96.343433232, 16.709961980000173 ], [ 96.343279560000099, 16.710002190000125 ], [ 96.34048848000009, 16.710478920000128 ], [ 96.338818080000067, 16.710716430000048 ], [ 96.337147680000044, 16.710953940000024 ], [ 96.336732960000063, 16.712223660000063 ], [ 96.336308160000044, 16.712932230000092 ], [ 96.33588372000014, 16.713640710000107 ], [ 96.33561192000019, 16.714767780000102 ], [ 96.335779680000201, 16.716028050000091 ], [ 96.336275040000146, 16.719388110000125 ], [ 96.336316440000019, 16.721773110000072 ], [ 96.336780120000014, 16.723309229999984 ], [ 96.338561400000174, 16.725245130000133 ], [ 96.340046760000121, 16.726905090000173 ], [ 96.34027500000019, 16.727462730000127 ], [ 96.340502880000031, 16.728020370000081 ], [ 96.339498480000088, 16.728878610000038 ], [ 96.339072600000179, 16.729516980000085 ], [ 96.338647080000158, 16.730155350000132 ], [ 96.338547720000065, 16.732823310000072 ], [ 96.339160800000172, 16.734567600000162 ] ] ] } },
{ "type": "Feature", "properties": { "adm4_name": "Chaung Sauk", "adm4_name1": "ချောင်းစောက်", "adm4_name2": null, "adm4_name3": null, "adm4_pcode": "MMR013023028", "adm3_name": "Thanlyin", "adm3_name1": "သန်လျင်", "adm3_name2": null, "adm3_name3": null, "adm3_pcode": "MMR013023", "adm2_name": "Yangon (South)", "adm2_name1": "ရန်ကုန်(တောင်ပိုင်း)", "adm2_name2": null, "adm2_name3": null, "adm2_pcode": "MMR013D003", "adm1_name": "Yangon", "adm1_name1": "ရန်ကုန်တိုင်းဒေသကြီး", "adm1_name2": null, "adm1_name3": null, "adm1_pcode": "MMR013", "adm0_name": "Myanmar", "adm0_name1": "မြန်မာနိုင်ငံ", "adm0_name2": null, "adm0_name3": null, "adm0_pcode": "MMR", "valid_on": "2024-02-15T00:00:00", "valid_to": null, "area_sqkm": 5.06967406, "version": "v01", "lang": "en", "lang1": "my", "lang2": null, "lang3": null, "adm4_ref_name": "Chaung Sauk", "center_lat": 16.72603619, "center_lon": 96.34715545 }, "geometry": { "type": "Polygon", "coordinates": [ [ [ 96.362653864000151, 16.729650646000152 ], [ 96.362672400000065, 16.729905510000094 ], [ 96.362003520000144, 16.733284380000043 ], [ 96.361462800000197, 16.735678830000097 ], [ 96.360922440000081, 16.738073190000136 ], [ 96.360882480000157, 16.73936604 ], [ 96.36084252, 16.7406588 ], [ 96.359952240000098, 16.740895680000108 ], [ 96.359094720000201, 16.74182178000018 ], [ 96.356448, 16.740391410000086 ], [ 96.355998000000113, 16.739626860000101 ], [ 96.355547640000168, 16.738862400000073 ], [ 96.35330448000019, 16.735530960000119 ], [ 96.352273080000089, 16.734846060000109 ], [ 96.351241680000044, 16.734161160000099 ], [ 96.34932432, 16.732788930000083 ], [ 96.346686600000112, 16.731849420000174 ], [ 96.346019160000083, 16.73115858 ], [ 96.34535172000011, 16.730467740000051 ], [ 96.3449704800002, 16.729491600000131 ], [ 96.344589240000118, 16.728515459999983 ], [ 96.344720280000104, 16.727671350000151 ], [ 96.344851320000089, 16.726827240000091 ], [ 96.342536520000067, 16.727706720000072 ], [ 96.340502880000031, 16.728020370000081 ], [ 96.34027500000019, 16.727462730000127 ], [ 96.340046760000121, 16.726905090000173 ], [ 96.338561400000174, 16.725245130000133 ], [ 96.336780120000014, 16.723309229999984 ], [ 96.336316440000019, 16.721773110000072 ], [ 96.336275040000146, 16.719388110000125 ], [ 96.335779680000201, 16.716028050000091 ], [ 96.33561192000019, 16.714767780000102 ], [ 96.33588372000014, 16.713640710000107 ], [ 96.336308160000044, 16.712932230000092 ], [ 96.336732960000063, 16.712223660000063 ], [ 96.337147680000044, 16.710953940000024 ], [ 96.338818080000067, 16.710716430000048 ], [ 96.34048848000009, 16.710478920000128 ], [ 96.343279560000099, 16.710002190000125 ], [ 96.343433232, 16.709961980000173 ], [ 96.344656708000173, 16.712557538000169 ], [ 96.351442807000069, 16.714746602000105 ], [ 96.352806439000119, 16.71532387600007 ], [ 96.357164902000193, 16.717168970000159 ], [ 96.357222155000045, 16.717082252000068 ], [ 96.358369985000195, 16.717656168000133 ], [ 96.358669420000183, 16.717805886000122 ], [ 96.358669420000183, 16.720432764 ], [ 96.358669420000183, 16.722402922000128 ], [ 96.356248976000074, 16.724016553000183 ], [ 96.354069685000184, 16.72766207899997 ], [ 96.356602732000056, 16.728694061000112 ], [ 96.359980157000166, 16.730070051000098 ], [ 96.362653864000151, 16.729650646000152 ] ] ] } },
{ "type": "Feature", "properties": { "adm4_name": "Urban", "adm4_name1": null, "adm4_name2": null, "adm4_name3": null, "adm4_pcode": "MMR013023701", "adm3_name": "Thanlyin", "adm3_name1": "သန်လျင်", "adm3_name2": null, "adm3_name3": null, "adm3_pcode": "MMR013023", "adm2_name": "Yangon (South)", "adm2_name1": "ရန်ကုန်(တောင်ပိုင်း)", "adm2_name2": null, "adm2_name3": null, "adm2_pcode": "MMR013D003", "adm1_name": "Yangon", "adm1_name1": "ရန်ကုန်တိုင်းဒေသကြီး", "adm1_name2": null, "adm1_name3": null, "adm1_pcode": "MMR013", "adm0_name": "Myanmar", "adm0_name1": "မြန်မာနိုင်ငံ", "adm0_name2": null, "adm0_name3": null, "adm0_pcode": "MMR", "valid_on": "2024-02-15T00:00:00", "valid_to": null, "area_sqkm": 14.36475175, "version": "v01", "lang": "en", "lang1": "my", "lang2": null, "lang3": null, "adm4_ref_name": "Urban", "center_lat": 16.76409414, "center_lon": 96.23790704 }, "geometry": { "type": "Polygon", "coordinates": [ [ [ 96.248029682000094, 16.786258282000119 ], [ 96.248027262000051, 16.786260766000169 ], [ 96.248004545000015, 16.786284085000034 ], [ 96.247852545000057, 16.786445490000176 ], [ 96.247845434000112, 16.786453438000137 ], [ 96.247794117000012, 16.786510803000169 ], [ 96.247720546000096, 16.786601800000142 ], [ 96.247623990000079, 16.786589696000021 ], [ 96.247280648000071, 16.786546656000041 ], [ 96.246905990000187, 16.786499690000028 ], [ 96.24579303500019, 16.786360175000141 ], [ 96.24439803100006, 16.786185303000082 ], [ 96.238723591000053, 16.784101221000128 ], [ 96.234228688000201, 16.783444793000172 ], [ 96.227344222000056, 16.781405778000078 ], [ 96.222594437000112, 16.778986861000078 ], [ 96.220055923000189, 16.777694075000056 ], [ 96.217086079000126, 16.774508450000155 ], [ 96.216389708000179, 16.772718823000162 ], [ 96.215510411000139, 16.76653436700002 ], [ 96.215658370000028, 16.762139556000136 ], [ 96.215819742000065, 16.762127337000095 ], [ 96.215829350000149, 16.762081953000063 ], [ 96.215881774000081, 16.762031583000123 ], [ 96.215947041000049, 16.762005270000031 ], [ 96.21602803900015, 16.761991844000136 ], [ 96.216105701, 16.76197320600005 ], [ 96.216148079000163, 16.761941985000021 ], [ 96.216185163000034, 16.761909350000053 ], [ 96.216226936, 16.761878184000182 ], [ 96.216251096000065, 16.761831954000058 ], [ 96.21624366900005, 16.761783364000109 ], [ 96.216308578, 16.761755559000051 ], [ 96.216502976000129, 16.761710370000117 ], [ 96.216551707000178, 16.761706295000067 ], [ 96.216673060000176, 16.761696257000096 ], [ 96.216803629000196, 16.761677584999973 ], [ 96.216970636000099, 16.76165356700011 ], [ 96.217101035000155, 16.761646569999982 ], [ 96.217143449000105, 16.761647143000118 ], [ 96.217157020000059, 16.761711593000143 ], [ 96.217253736000089, 16.76164754000007 ], [ 96.217476547000103, 16.761569997000151 ], [ 96.21754088, 16.761547265000047 ], [ 96.217595498000094, 16.761537506000025 ], [ 96.217636461000041, 16.761530198000116 ], [ 96.217662488000144, 16.761520054000187 ], [ 96.217683103000127, 16.76150721800019 ], [ 96.217710736000015, 16.761480064000068 ], [ 96.217734238000048, 16.761455462000185 ], [ 96.217754949000039, 16.761436076000166 ], [ 96.217774206000115, 16.761423223000065 ], [ 96.217801572000099, 16.761414413000068 ], [ 96.217838386000096, 16.761410976000036 ], [ 96.2179747200002, 16.761401020000108 ], [ 96.218121764000102, 16.761404313000128 ], [ 96.218364180000094, 16.761416976000191 ], [ 96.218591010000068, 16.761424159000171 ], [ 96.21894598900019, 16.76147362800009 ], [ 96.219268342000134, 16.761544222000055 ], [ 96.219404288000192, 16.761605491000068 ], [ 96.219843100000105, 16.761803257000111 ], [ 96.220055903000173, 16.761902880000093 ], [ 96.220353464000198, 16.762041983000131 ], [ 96.220677239000111, 16.762186007000139 ], [ 96.221284461000039, 16.762427995999985 ], [ 96.221497904000046, 16.762531114000183 ], [ 96.221709230000101, 16.762575014000106 ], [ 96.222784576000095, 16.762289692000081 ], [ 96.224198597000111, 16.761907821000023 ], [ 96.224648557000023, 16.761760172000152 ], [ 96.224688555000171, 16.761747047000028 ], [ 96.22478854700006, 16.761733082000035 ], [ 96.225003535000099, 16.761684366000111 ], [ 96.225331076000145, 16.761604669000178 ], [ 96.225487337000175, 16.761569498000028 ], [ 96.225554000000102, 16.761556059000043 ], [ 96.225608566000176, 16.761555839000039 ], [ 96.225648323000144, 16.76155063900012 ], [ 96.225694226000144, 16.761532142000135 ], [ 96.22575306400006, 16.761510951000048 ], [ 96.226104851000116, 16.761400995000031 ], [ 96.226398737000068, 16.761316065000074 ], [ 96.226749380000058, 16.761216605000016 ], [ 96.227118854000082, 16.761118354000189 ], [ 96.227452483000036, 16.761029178000058 ], [ 96.227842882000118, 16.760924518000138 ], [ 96.228503181000121, 16.760747024000182 ], [ 96.228862693000053, 16.76065150300019 ], [ 96.229337745000066, 16.760524083000121 ], [ 96.22964755300012, 16.760435537999967 ], [ 96.229947319000075, 16.760355461000188 ], [ 96.230498152000052, 16.760201339000048 ], [ 96.230539, 16.760190200000125 ], [ 96.230932397000061, 16.760082925 ], [ 96.231316857000024, 16.759977221000156 ], [ 96.231645536000144, 16.759887014000071 ], [ 96.231846748000123, 16.759830459999989 ], [ 96.232204246000038, 16.759736816999975 ], [ 96.232719052000164, 16.759604188000139 ], [ 96.233210107000048, 16.759467416000177 ], [ 96.233907291000151, 16.759277018000034 ], [ 96.234283675000199, 16.759180756999967 ], [ 96.234776712000041, 16.75904400800016 ], [ 96.234919024000135, 16.759002406999969 ], [ 96.23492130000011, 16.75900174200018 ], [ 96.234958030000143, 16.758991005000098 ], [ 96.235066473000131, 16.758969521000097 ], [ 96.235157957000069, 16.758954501000119 ], [ 96.23522550000007, 16.758948716000077 ], [ 96.23528502500011, 16.758948559000146 ], [ 96.235340389000044, 16.758961727000155 ], [ 96.235383809000098, 16.75897760200013 ], [ 96.235441170000172, 16.758989841000187 ], [ 96.235525354000174, 16.758999573000096 ], [ 96.235701503000087, 16.759029652000038 ], [ 96.236149596000132, 16.759119771000087 ], [ 96.236397688000068, 16.759170553000047 ], [ 96.236817577000068, 16.759235776000025 ], [ 96.236824817000127, 16.759235873000137 ], [ 96.236899873000141, 16.759236879000184 ], [ 96.236969226000099, 16.759256188000109 ], [ 96.23697200200013, 16.759256961000062 ], [ 96.237065814000118, 16.759286892000148 ], [ 96.23720527800009, 16.759315524000044 ], [ 96.237460680000083, 16.759353356000133 ], [ 96.237611234000099, 16.759369710999977 ], [ 96.237726289000136, 16.759371253000097 ], [ 96.237823726000101, 16.759356311000147 ], [ 96.237940103000028, 16.759334932000058 ], [ 96.238015678000181, 16.759322564000115 ], [ 96.238093235000122, 16.759310223000057 ], [ 96.238188757000046, 16.759290475 ], [ 96.238257553000039, 16.759266548000085 ], [ 96.238385366000045, 16.759209002000091 ], [ 96.238533264000182, 16.759134522000181 ], [ 96.238556348000145, 16.759122312000045 ], [ 96.238561999000183, 16.75911932300005 ], [ 96.238686990000133, 16.75905321 ], [ 96.238764913000068, 16.759011993000058 ], [ 96.238845795000032, 16.758969211000078 ], [ 96.238875153000151, 16.75895368200014 ], [ 96.239078839000115, 16.758844048000128 ], [ 96.239239707000138, 16.75875746100013 ], [ 96.239623618000167, 16.758551855000178 ], [ 96.2396926360002, 16.758519744000125 ], [ 96.239718973000151, 16.758507491000046 ], [ 96.239858820000109, 16.758441083000093 ], [ 96.239860131000114, 16.758440461000191 ], [ 96.240538883000113, 16.758118146000072 ], [ 96.240553759000136, 16.758111148000069 ], [ 96.24055437800007, 16.758110857000133 ], [ 96.240941907000092, 16.757928562000018 ], [ 96.241310008000085, 16.75775751499998 ], [ 96.241310240000075, 16.757757406999986 ], [ 96.241490710000107, 16.757673546999968 ], [ 96.241782744000091, 16.75753862900018 ], [ 96.242047607000075, 16.757457515000056 ], [ 96.242066475000058, 16.757447309000099 ], [ 96.242162474000111, 16.757395384000176 ], [ 96.242205321000199, 16.757372208 ], [ 96.242279202000134, 16.75732924 ], [ 96.242322916000035, 16.75730381700015 ], [ 96.24237239200005, 16.75727504300005 ], [ 96.242455569000072, 16.757216897000035 ], [ 96.242537933000165, 16.75714631600016 ], [ 96.242631151000069, 16.757073953000088 ], [ 96.242725543000063, 16.7570006790001 ], [ 96.242774940000118, 16.756961817000047 ], [ 96.242852753000079, 16.756900598000072 ], [ 96.243026567000072, 16.756763850000141 ], [ 96.24307691000007, 16.756724797000174 ], [ 96.243350585000087, 16.756512496000084 ], [ 96.243404223000084, 16.756470887000148 ], [ 96.243443089000095, 16.756440737000105 ], [ 96.243458967000151, 16.756428420000077 ], [ 96.243830079000134, 16.756146648000026 ], [ 96.243860260000076, 16.756125411000141 ], [ 96.243933127000162, 16.756074139000191 ], [ 96.244082796000157, 16.755968826000071 ], [ 96.2441444480001, 16.755925445000116 ], [ 96.244147608000048, 16.755923222000035 ], [ 96.2443792790001, 16.75576020900013 ], [ 96.24484143900014, 16.755422743999986 ], [ 96.244889589000024, 16.755387586000097 ], [ 96.244943671000101, 16.755351989000076 ], [ 96.244967828000199, 16.755333215000121 ], [ 96.244990824000183, 16.755315343000063 ], [ 96.245032122000055, 16.755271930000163 ], [ 96.245048750000137, 16.755248419000054 ], [ 96.245073640000101, 16.75521322600008 ], [ 96.245110296000121, 16.755147767000096 ], [ 96.24514316300008, 16.755069832000117 ], [ 96.245155891000081, 16.755012655000087 ], [ 96.245161729000188, 16.754973245000031 ], [ 96.245183248000103, 16.754797441000051 ], [ 96.245186904000036, 16.754733156000157 ], [ 96.245190978000039, 16.754661536000071 ], [ 96.245191648000059, 16.754615026000124 ], [ 96.245191802000079, 16.754604292000124 ], [ 96.245192457000087, 16.754558807000024 ], [ 96.245190179000076, 16.754353337000055 ], [ 96.24518388100006, 16.754272279000133 ], [ 96.245180511000115, 16.754228913000077 ], [ 96.245162260000143, 16.754069272000095 ], [ 96.245265335000056, 16.754083217000129 ], [ 96.245600374000162, 16.754136958 ], [ 96.245789349000063, 16.754169181000123 ], [ 96.245842047000167, 16.754178167000134 ], [ 96.245873323000069, 16.754184419000126 ], [ 96.246098244000109, 16.754229378000048 ], [ 96.246132146000093, 16.754235933000132 ], [ 96.246400962000109, 16.754287902999977 ], [ 96.246542615000067, 16.75430222 ], [ 96.246656635000079, 16.754306610000015 ], [ 96.246716172000106, 16.754305494000107 ], [ 96.24684144600019, 16.75428614000009 ], [ 96.246868901000198, 16.754281393000156 ], [ 96.2469697370002, 16.754263959000127 ], [ 96.247080242000038, 16.754236761000186 ], [ 96.247111268000083, 16.754230005000181 ], [ 96.247170083000071, 16.754217197000173 ], [ 96.247284845000195, 16.754192206000141 ], [ 96.247789691000037, 16.754067835000058 ], [ 96.247889310000176, 16.754043293000166 ], [ 96.248009997000111, 16.754014053000049 ], [ 96.248078695000117, 16.753996811000036 ], [ 96.248139306999974, 16.753989973000046 ], [ 96.248206875000051, 16.753982273000076 ], [ 96.248249538000152, 16.753981887000066 ], [ 96.248278301000141, 16.753982271000098 ], [ 96.248351749000165, 16.753996871000084 ], [ 96.248421954000037, 16.754030066000041 ], [ 96.248477126000125, 16.754073813000048 ], [ 96.24848023200002, 16.754076951000116 ], [ 96.248560684000154, 16.753959498000086 ], [ 96.24861579800006, 16.753822691000039 ], [ 96.248639289000153, 16.753733959000158 ], [ 96.248668481000095, 16.753672486000141 ], [ 96.248702833000095, 16.753623726 ], [ 96.248759981000035, 16.753573644000141 ], [ 96.24878779300019, 16.753554573000088 ], [ 96.24882444900004, 16.75352943900009 ], [ 96.248891104000108, 16.753496192000114 ], [ 96.248986065000054, 16.753456458000016 ], [ 96.249118624000118, 16.753402773000118 ], [ 96.249155963000078, 16.753387651000082 ], [ 96.249250585000084, 16.753351977000023 ], [ 96.249333773000046, 16.753329245000089 ], [ 96.249366697000141, 16.753315921000024 ], [ 96.249437460000195, 16.753282403000128 ], [ 96.249483411000199, 16.753241835000097 ], [ 96.249503247000064, 16.753221250000081 ], [ 96.249525944000084, 16.753197699 ], [ 96.249534307000147, 16.753185927000118 ], [ 96.249567395000042, 16.753139350000083 ], [ 96.249588799000037, 16.753109220000056 ], [ 96.249660356000163, 16.753015259000051 ], [ 96.249736315000121, 16.752929567000024 ], [ 96.24974058100014, 16.752924754999981 ], [ 96.249773263000179, 16.752891663000128 ], [ 96.2499260620001, 16.752736945000095 ], [ 96.249991039000065, 16.752663848000168 ], [ 96.250030472000049, 16.752607946000182 ], [ 96.250035733000061, 16.752600487000166 ], [ 96.250044430000173, 16.752588158000151 ], [ 96.250077258000033, 16.752530495000087 ], [ 96.250092702000074, 16.752503368000021 ], [ 96.250141384000187, 16.752390136000088 ], [ 96.250160007000034, 16.752343457000052 ], [ 96.250206753000157, 16.752226289000134 ], [ 96.250324381000155, 16.751931453000054 ], [ 96.250366004000114, 16.751775534000046 ], [ 96.25037418800008, 16.751744875999975 ], [ 96.250375598000176, 16.751739594000071 ], [ 96.25040156600005, 16.751641165000024 ], [ 96.250410495000153, 16.751607322000154 ], [ 96.250425362000044, 16.751550968000117 ], [ 96.250428818000159, 16.751525727000057 ], [ 96.250433260000193, 16.751490564999983 ], [ 96.250436891000049, 16.751420533000044 ], [ 96.250431756000069, 16.751347313000053 ], [ 96.250428829000043, 16.751329238000039 ], [ 96.250420822000194, 16.75127979500013 ], [ 96.250408283000127, 16.751239169000144 ], [ 96.25037011500018, 16.75114916299998 ], [ 96.250281238000184, 16.75100032 ], [ 96.250223937000158, 16.750907540000185 ], [ 96.250221779000185, 16.750904046000073 ], [ 96.250187713000173, 16.750848886000085 ], [ 96.250167493000106, 16.750819247000038 ], [ 96.250060570000073, 16.75066250600014 ], [ 96.25004906800018, 16.750650251000081 ], [ 96.249974885000142, 16.750566844000048 ], [ 96.249872240000116, 16.750467831000094 ], [ 96.249742316000038, 16.750339048 ], [ 96.249675738000178, 16.750274849000107 ], [ 96.249580402000106, 16.750190457000087 ], [ 96.249489231000155, 16.750114312000051 ], [ 96.249439786000039, 16.750084366000067 ], [ 96.249392821000129, 16.75004455200019 ], [ 96.249274319000108, 16.749992106000093 ], [ 96.249184619000175, 16.74996008300019 ], [ 96.249139206000052, 16.749938822000104 ], [ 96.249056748000157, 16.749899188000029 ], [ 96.248875754000096, 16.749812616000156 ], [ 96.248805575000063, 16.74978630600009 ], [ 96.248715205000053, 16.749756431000037 ], [ 96.248643985000172, 16.749730241000179 ], [ 96.248495953000031, 16.749674858000105 ], [ 96.248412839000082, 16.749640590000126 ], [ 96.248266417000195, 16.749573283000188 ], [ 96.248224369000127, 16.749540354000032 ], [ 96.248210591000031, 16.749522141 ], [ 96.248189724000156, 16.749494557000048 ], [ 96.248176931000103, 16.749477646000173 ], [ 96.248167639000201, 16.749465363000127 ], [ 96.248146244000111, 16.749437081999986 ], [ 96.248119299000109, 16.749376610000127 ], [ 96.24810797300006, 16.749326286000041 ], [ 96.24810775900005, 16.749325334000162 ], [ 96.248101981000104, 16.749299659000087 ], [ 96.248092958000143, 16.749237884000024 ], [ 96.248092543000041, 16.749195831 ], [ 96.248091870000053, 16.749127589000068 ], [ 96.248093169000072, 16.749092848000089 ], [ 96.24810164600018, 16.749036856000089 ], [ 96.248118275000195, 16.748976691 ], [ 96.248118670000167, 16.748975260000179 ], [ 96.248125221000066, 16.748951559000034 ], [ 96.248154253000166, 16.748878039000033 ], [ 96.248167739000053, 16.748796218999985 ], [ 96.248179169000082, 16.748736086000065 ], [ 96.248202265000032, 16.748663951000083 ], [ 96.248207983000157, 16.748650582000096 ], [ 96.248217720000184, 16.748627815000077 ], [ 96.248235954000108, 16.748585180000021 ], [ 96.248239692000197, 16.74857643900009 ], [ 96.248248046000185, 16.748551273000146 ], [ 96.248281477000035, 16.748402989000169 ], [ 96.248287689, 16.748282231000076 ], [ 96.248289755000201, 16.748248917000183 ], [ 96.248291332000065, 16.74822347700001 ], [ 96.248290882, 16.748197030000085 ], [ 96.248292676000176, 16.748187217000066 ], [ 96.248290716000156, 16.748187257000041 ], [ 96.248282712000048, 16.747715892000031 ], [ 96.248269693000111, 16.747257403000049 ], [ 96.248263932999976, 16.746976937999989 ], [ 96.248257054000078, 16.746825440000066 ], [ 96.24826032600015, 16.746665935000124 ], [ 96.248267160000182, 16.746531024000092 ], [ 96.248308730000076, 16.74635911200005 ], [ 96.248317579000172, 16.74632251100013 ], [ 96.248330396000085, 16.746264513000142 ], [ 96.248337661000051, 16.746231637000051 ], [ 96.248358898000106, 16.746135536000054 ], [ 96.248380979999979, 16.746035612000128 ], [ 96.248387178000144, 16.746007564000081 ], [ 96.248410586000148, 16.745901634000063 ], [ 96.248431587000198, 16.745770748000041 ], [ 96.248432745000116, 16.745763529000044 ], [ 96.248485330000108, 16.745435787000133 ], [ 96.248486243000116, 16.745424786 ], [ 96.24848968800012, 16.745383294000135 ], [ 96.248489751000193, 16.745382537000182 ], [ 96.248494803000085, 16.745321681000121 ], [ 96.248545035000177, 16.745078923999984 ], [ 96.248559558000011, 16.745008742000039 ], [ 96.24855992300013, 16.745006978999982 ], [ 96.248572436000018, 16.744946509000158 ], [ 96.248559475000093, 16.744944313000133 ], [ 96.248522087000026, 16.744937977000177 ], [ 96.248512964999975, 16.744936431000042 ], [ 96.248410019000175, 16.744918986000073 ], [ 96.248116388000142, 16.744875486000069 ], [ 96.247849808000126, 16.744825669000079 ], [ 96.247638722000033, 16.744776474000048 ], [ 96.247593080000172, 16.744750375000081 ], [ 96.247567015000072, 16.744724537000081 ], [ 96.247554626000181, 16.744632797000122 ], [ 96.247592135, 16.74443418300001 ], [ 96.247590609000042, 16.744335979000084 ], [ 96.247573476000184, 16.744284231000051 ], [ 96.247543019000034, 16.744223402999978 ], [ 96.247474050000108, 16.744135511000025 ], [ 96.247369903000106, 16.743990386000178 ], [ 96.247246240000095, 16.743776909000189 ], [ 96.247173946000146, 16.743629613000053 ], [ 96.247157017000063, 16.74358123900015 ], [ 96.24702943200009, 16.743225110000083 ], [ 96.246999355000185, 16.743137854000167 ], [ 96.246952773000032, 16.743040937000046 ], [ 96.246900757, 16.742972860000179 ], [ 96.246860186000106, 16.742934555000147 ], [ 96.246802747000061, 16.742871480000133 ], [ 96.246769653000172, 16.742816906000087 ], [ 96.24675007400009, 16.742748672000118 ], [ 96.246738101000062, 16.74263221800004 ], [ 96.246809505000101, 16.742463650000161 ], [ 96.246826175000081, 16.742393741000114 ], [ 96.246825017000162, 16.742357582000068 ], [ 96.246900383000138, 16.742354373000069 ], [ 96.246975316000032, 16.742356991000122 ], [ 96.247047305000081, 16.742369821000125 ], [ 96.24728977500007, 16.742412674000036 ], [ 96.24762371900016, 16.742475662000061 ], [ 96.247940443000061, 16.742543546000036 ], [ 96.248176835000095, 16.742601186000172 ], [ 96.248543517000201, 16.742688407000173 ], [ 96.248621005000075, 16.742702388 ], [ 96.2486205780001, 16.742680591000067 ], [ 96.248882203000164, 16.742679007000106 ], [ 96.24910831800014, 16.742682967000064 ], [ 96.249256938000201, 16.742681251000135 ], [ 96.249260063000179, 16.742681214000015 ], [ 96.24923718600013, 16.742421919000151 ], [ 96.249245164000115, 16.742410511000116 ], [ 96.249248928000043, 16.742402810000101 ], [ 96.249249420000069, 16.742394009000179 ], [ 96.249250437000114, 16.742374117000111 ], [ 96.24925132300018, 16.742370889000028 ], [ 96.249251593000167, 16.742369904000043 ], [ 96.249255519000144, 16.742369262000182 ], [ 96.249303994000172, 16.742380563000097 ], [ 96.249339577000171, 16.742388859000073 ], [ 96.249531323000042, 16.742467885000053 ], [ 96.249714969000138, 16.742552764000038 ], [ 96.24978882400012, 16.742591512000047 ], [ 96.249865684000099, 16.742625579000162 ], [ 96.249995228000159, 16.742672622000043 ], [ 96.250120934000108, 16.742723061000049 ], [ 96.250141251000059, 16.742731213000184 ], [ 96.250250907000066, 16.742768413000078 ], [ 96.250373069000091, 16.742809854000029 ], [ 96.250481869, 16.742847372000085 ], [ 96.250588224000182, 16.742879979000065 ], [ 96.250639682000042, 16.74289575500012 ], [ 96.250647395000044, 16.742897461999974 ], [ 96.250677029000201, 16.742904018000161 ], [ 96.250681013000133, 16.742773417000137 ], [ 96.250681800000109, 16.742747626000039 ], [ 96.250682718, 16.742717559000084 ], [ 96.250684403000093, 16.742662289000179 ], [ 96.250684456000158, 16.742661367999972 ], [ 96.250711586000079, 16.742542898000124 ], [ 96.250714250000158, 16.742537029000118 ], [ 96.250742208000133, 16.742475429000137 ], [ 96.250750639000046, 16.742482112000062 ], [ 96.250779848000093, 16.742505262000066 ], [ 96.250954218000118, 16.742643468000097 ], [ 96.251050872000121, 16.742699582000114 ], [ 96.251108746999989, 16.742720869000038 ], [ 96.251148267000076, 16.74273540500019 ], [ 96.251192324000101, 16.742747590000022 ], [ 96.251211796000121, 16.742752976000133 ], [ 96.251319777000049, 16.742762676000041 ], [ 96.251406425000141, 16.742759926000133 ], [ 96.251628532000097, 16.742752879000022 ], [ 96.251849429000174, 16.7427475450001 ], [ 96.252016772000104, 16.742743504000032 ], [ 96.252082012000187, 16.742741928999976 ], [ 96.252189914000041, 16.742747522 ], [ 96.252538545, 16.742765593000172 ], [ 96.252638368000191, 16.742764051000051 ], [ 96.253004210000086, 16.742758401000117 ], [ 96.253283213000145, 16.74276117300019 ], [ 96.25342550400012, 16.742734047000056 ], [ 96.253458247000083, 16.742727806000175 ], [ 96.253511671000069, 16.742724054 ], [ 96.253557668000042, 16.742720823000013 ], [ 96.254032123000115, 16.742687501000091 ], [ 96.254069832000141, 16.742684995000104 ], [ 96.254234431000157, 16.742674057000045 ], [ 96.2543838160002, 16.742664130000037 ], [ 96.254769493000197, 16.742637116000139 ], [ 96.254794238000045, 16.742635383000049 ], [ 96.254830432000176, 16.742632848000142 ], [ 96.25482854400002, 16.742587556000103 ], [ 96.254828381000095, 16.742486036000059 ], [ 96.254818690000093, 16.742352253000092 ], [ 96.254816408000124, 16.742277236000177 ], [ 96.254837575000181, 16.74221551200003 ], [ 96.254863200000045, 16.742145181000183 ], [ 96.254914346000191, 16.742050915 ], [ 96.255046242000105, 16.74184956400012 ], [ 96.255159814000081, 16.741665805000139 ], [ 96.255463089000045, 16.741667727000106 ], [ 96.255674980000094, 16.741683037000143 ], [ 96.255907636000131, 16.741699848 ], [ 96.255997006000086, 16.741710207999972 ], [ 96.256365341000105, 16.741735608000113 ], [ 96.256788209000092, 16.741759954000031 ], [ 96.256787592000137, 16.741793745000052 ], [ 96.256785326000113, 16.741917962000116 ], [ 96.256752465000147, 16.741958886000134 ], [ 96.257029441000157, 16.741972655000097 ], [ 96.257078412000055, 16.741975089000164 ], [ 96.257943486000045, 16.741999067000165 ], [ 96.258532859000184, 16.74200470400018 ], [ 96.259395422000068, 16.742010827000058 ], [ 96.259479436999982, 16.742011222000031 ], [ 96.25964524800014, 16.742012003000184 ], [ 96.259835567000152, 16.742012898000155 ], [ 96.260103347000097, 16.742012287000023 ], [ 96.260268694000047, 16.742011908000052 ], [ 96.260463565000066, 16.742018195000128 ], [ 96.260687237000127, 16.742026696000039 ], [ 96.260855922000133, 16.742035140000041 ], [ 96.261013481000077, 16.74203908200019 ], [ 96.261183556000049, 16.74204144600003 ], [ 96.261349911000025, 16.742045504000032 ], [ 96.2622907880002, 16.742073279000067 ], [ 96.262275003000013, 16.742522118000181 ], [ 96.262597561000064, 16.742585977000033 ], [ 96.263082791000102, 16.742687995000153 ], [ 96.263648631000194, 16.743006136000076 ], [ 96.264398984000195, 16.743428276000031 ], [ 96.265887047000092, 16.744290304000117 ], [ 96.26545748500007, 16.74500694000011 ], [ 96.265291910000144, 16.745283168000014 ], [ 96.265327479000177, 16.745299465000016 ], [ 96.265339424, 16.745304938000061 ], [ 96.265543059000095, 16.745465392000028 ], [ 96.265900772000066, 16.745747251000125 ], [ 96.266155377000132, 16.745947867000041 ], [ 96.266171137000185, 16.745971374000135 ], [ 96.266197546000114, 16.746010762000026 ], [ 96.266284353000117, 16.746183955000049 ], [ 96.266329130000031, 16.746243809000191 ], [ 96.266417329000092, 16.746319530000164 ], [ 96.266619431000152, 16.746477048000031 ], [ 96.267227670000125, 16.746953450000035 ], [ 96.267455043000155, 16.747131758000023 ], [ 96.267624748000117, 16.747264843000096 ], [ 96.267679613000098, 16.747311904000185 ], [ 96.267697030000193, 16.747429922000038 ], [ 96.267761835000158, 16.747476659000085 ], [ 96.267824554000129, 16.747495995000065 ], [ 96.26792381100006, 16.747526595000124 ], [ 96.267990327000064, 16.747571275999974 ], [ 96.268051547000141, 16.747612398 ], [ 96.268518443000062, 16.747983697999985 ], [ 96.269361404000051, 16.748696419000112 ], [ 96.270393035000097, 16.749396342000182 ], [ 96.270335311999986, 16.749548506000167 ], [ 96.2703020470002, 16.749655115 ], [ 96.270285780000165, 16.749748887000123 ], [ 96.270276866000131, 16.749783725000157 ], [ 96.270271051000122, 16.749806447000083 ], [ 96.270253200000127, 16.749849772000061 ], [ 96.270242588000144, 16.749865877000047 ], [ 96.270235585000194, 16.749876505000032 ], [ 96.270228825000174, 16.749881961000142 ], [ 96.270218073000194, 16.749890640000046 ], [ 96.270214841000097, 16.749893248000092 ], [ 96.270187984000074, 16.749914928000123 ], [ 96.270126132000087, 16.749964853000051 ], [ 96.270000882000033, 16.750057882000021 ], [ 96.269863811000164, 16.750174426000058 ], [ 96.269700325000144, 16.750340610000137 ], [ 96.269622056000173, 16.750420447000067 ], [ 96.269566307000048, 16.750482489999968 ], [ 96.269437328000151, 16.75063262600014 ], [ 96.269403099000044, 16.750679540000135 ], [ 96.269276416000139, 16.750853170000084 ], [ 96.269203222000158, 16.750951570000097 ], [ 96.269132921999983, 16.751046078000059 ], [ 96.2691188820001, 16.751064953000139 ], [ 96.269098200000144, 16.75108738400013 ], [ 96.269080863000056, 16.751100571000052 ], [ 96.269056143000114, 16.751105403000111 ], [ 96.26903256900016, 16.751105091000056 ], [ 96.26899172800006, 16.751103016000172 ], [ 96.268867637000142, 16.751096714000028 ], [ 96.268837560000065, 16.751101475000155 ], [ 96.268812418000152, 16.751115436000134 ], [ 96.268777755000201, 16.751141672000188 ], [ 96.26874090300015, 16.751169565000055 ], [ 96.268627550000133, 16.751255360000187 ], [ 96.268393464000098, 16.751422975000082 ], [ 96.268345205000116, 16.751459940000018 ], [ 96.268203283000105, 16.751554657000156 ], [ 96.26802089500012, 16.751666219000128 ], [ 96.267821897000147, 16.751781074000121 ], [ 96.267783198000075, 16.751806538000096 ], [ 96.26776887200009, 16.751815964000173 ], [ 96.267741293000029, 16.751839952000012 ], [ 96.267737431000114, 16.751844955000024 ], [ 96.267730785000083, 16.751853565000033 ], [ 96.267715526000131, 16.75187333100007 ], [ 96.26759784799998, 16.752072372999976 ], [ 96.267566104000196, 16.752118351000092 ], [ 96.267558117000192, 16.75212991900014 ], [ 96.267553272000043, 16.752134004000027 ], [ 96.267538425000168, 16.752146519000064 ], [ 96.267507116000104, 16.752159217999974 ], [ 96.267452387000105, 16.752177225000139 ], [ 96.267377426000053, 16.752229686000135 ], [ 96.267339962000165, 16.752264782 ], [ 96.267310317000124, 16.752304392000099 ], [ 96.267298314000072, 16.752320429000065 ], [ 96.267293039000094, 16.752327932000071 ], [ 96.267252640000038, 16.752385391000132 ], [ 96.267182610000077, 16.752521216000105 ], [ 96.267094217000135, 16.752716744000111 ], [ 96.267021819000036, 16.752868112000044 ], [ 96.267005724000057, 16.752905366000107 ], [ 96.266995409000174, 16.752946441 ], [ 96.26697283600015, 16.753028569000037 ], [ 96.266937657000199, 16.753176096000118 ], [ 96.266927935000069, 16.753210417 ], [ 96.266921267000043, 16.753233953000176 ], [ 96.266891074000114, 16.753304738999987 ], [ 96.266849193000155, 16.753402543999982 ], [ 96.266840569000124, 16.7534226840001 ], [ 96.266788499000086, 16.753526900000168 ], [ 96.266734537000048, 16.753627345000041 ], [ 96.266587382000068, 16.753856379000183 ], [ 96.266579137000178, 16.753869210000062 ], [ 96.266566878000162, 16.753883681000104 ], [ 96.266540507000173, 16.753914809000037 ], [ 96.266520215000071, 16.753938762000132 ], [ 96.266397083000015, 16.754084103000025 ], [ 96.266159179000056, 16.754375869000171 ], [ 96.266059556000073, 16.754500446000065 ], [ 96.265935341000045, 16.754655773000025 ], [ 96.265685805000146, 16.754992588000107 ], [ 96.265657499000099, 16.755030794000106 ], [ 96.265577480000161, 16.755138596000108 ], [ 96.265448995000099, 16.755311690000042 ], [ 96.265331878000097, 16.755474990000039 ], [ 96.265230643000166, 16.755616021000094 ], [ 96.265079842000034, 16.755821959000059 ], [ 96.264883051000197, 16.756101038000168 ], [ 96.264624192000156, 16.756474248000131 ], [ 96.264393826000116, 16.756806374000064 ], [ 96.264368590000174, 16.756830551000064 ], [ 96.264054549000036, 16.757131395000044 ], [ 96.264036652000016, 16.75714853900007 ], [ 96.264030903, 16.757154046999972 ], [ 96.263999795000075, 16.757183848000068 ], [ 96.263836357000059, 16.757340417000137 ], [ 96.26372385600007, 16.757488019999982 ], [ 96.263586169000178, 16.757668667000132 ], [ 96.263530257000127, 16.757742023000162 ], [ 96.263529319000099, 16.757743254000161 ], [ 96.263519825000174, 16.75775571000014 ], [ 96.263491293000129, 16.75779314600004 ], [ 96.263375748000044, 16.75794474200012 ], [ 96.263360197000111, 16.757965144000025 ], [ 96.263236533000168, 16.75789957000012 ], [ 96.26299804000007, 16.75829153900014 ], [ 96.262734673000068, 16.758722782 ], [ 96.262683042000106, 16.758803826000133 ], [ 96.262664608000193, 16.758832869000173 ], [ 96.262378027000011, 16.759284383000022 ], [ 96.26234901100014, 16.759330098000191 ], [ 96.262314092000167, 16.759385144000134 ], [ 96.262230727000087, 16.759516555000062 ], [ 96.262158395000142, 16.759656366000172 ], [ 96.261981822, 16.760003246999986 ], [ 96.261899837000101, 16.760214527000073 ], [ 96.261861291000059, 16.760305599000162 ], [ 96.261847424000109, 16.760338362000141 ], [ 96.261775364000187, 16.760459225999966 ], [ 96.261724979000178, 16.760532355000066 ], [ 96.261670022000146, 16.760612119000143 ], [ 96.261591390000035, 16.760738094000146 ], [ 96.261590950000198, 16.760738799000137 ], [ 96.261571238000158, 16.760793190000072 ], [ 96.261504645000059, 16.761033245000135 ], [ 96.261490722000076, 16.761124147000032 ], [ 96.261447999000154, 16.761463636000144 ], [ 96.261420673000032, 16.761633338000138 ], [ 96.261412257000075, 16.761655733000111 ], [ 96.261341456000139, 16.761792306000132 ], [ 96.261200029000065, 16.76196239 ], [ 96.260856723000074, 16.762348157000076 ], [ 96.260845073000041, 16.762365226000156 ], [ 96.260691936000057, 16.762589580000054 ], [ 96.260672630000045, 16.762622476000104 ], [ 96.260620474000177, 16.762711346000174 ], [ 96.260594427000058, 16.762796982000168 ], [ 96.260508739000102, 16.763060951000057 ], [ 96.260426081000162, 16.763298224000039 ], [ 96.260402401000192, 16.76336620100011 ], [ 96.260297110000067, 16.763776660000019 ], [ 96.260241508000092, 16.764019534000056 ], [ 96.26020150700009, 16.764168755000071 ], [ 96.260115549000034, 16.764489419000142 ], [ 96.260088448000033, 16.76456420400018 ], [ 96.260004430000038, 16.764796040000022 ], [ 96.259900536000146, 16.765072849999967 ], [ 96.259867008000185, 16.765128759000106 ], [ 96.259798512000032, 16.765220668000154 ], [ 96.259744005000073, 16.765271692000113 ], [ 96.259742645000131, 16.765272965000122 ], [ 96.259740782000051, 16.765274153 ], [ 96.259684870000058, 16.765309815000137 ], [ 96.25967136800017, 16.765318427000125 ], [ 96.259666775000028, 16.765320334000023 ], [ 96.259508762000053, 16.765394346000107 ], [ 96.259411985000099, 16.765432246000046 ], [ 96.259323081000048, 16.765469473000053 ], [ 96.259245098000065, 16.765585820000126 ], [ 96.259185356000103, 16.765670090000185 ], [ 96.259061965000114, 16.76590357300006 ], [ 96.258986318000154, 16.766059316000053 ], [ 96.258955752000134, 16.766115301000184 ], [ 96.258921384000132, 16.766159766000044 ], [ 96.258846805000076, 16.766240972 ], [ 96.258747222000068, 16.766336182000089 ], [ 96.258660822000024, 16.76641149500017 ], [ 96.258421057000191, 16.766596596000113 ], [ 96.258210399000177, 16.76675818700005 ], [ 96.258138105000057, 16.76681839600019 ], [ 96.258055535000153, 16.766903318000118 ], [ 96.257997058000171, 16.766968489000078 ], [ 96.257950976000132, 16.767064700000105 ], [ 96.257801498000163, 16.767434940000044 ], [ 96.25765714400012, 16.767693250000093 ], [ 96.257643261000112, 16.767722182000171 ], [ 96.257556111000042, 16.767921475000037 ], [ 96.257481947000088, 16.768098544000054 ], [ 96.257309026000087, 16.76848214100005 ], [ 96.257183291000104, 16.768809577000184 ], [ 96.257162493000124, 16.768876206000073 ], [ 96.25713489300017, 16.769002002000036 ], [ 96.257071868000196, 16.769245845 ], [ 96.257031371000153, 16.76938014000001 ], [ 96.25701444200007, 16.76943310300004 ], [ 96.256923498000162, 16.769709504000105 ], [ 96.256856867000067, 16.769909791000089 ], [ 96.256817608000119, 16.769984795000084 ], [ 96.2567613760001, 16.770089372000086 ], [ 96.256716244000074, 16.770148200000165 ], [ 96.256666653000138, 16.770216357000038 ], [ 96.256591147000108, 16.770292770000026 ], [ 96.256495707000056, 16.770375608000165 ], [ 96.256428288000052, 16.770441615000038 ], [ 96.25636095100009, 16.770501889000059 ], [ 96.256161477000092, 16.770713328000056 ], [ 96.25600422600013, 16.770886142000109 ], [ 96.255864125000187, 16.771039114000189 ], [ 96.255858715000102, 16.771044551000159 ], [ 96.255794765000132, 16.771108813000183 ], [ 96.255641657000069, 16.771262671000102 ], [ 96.255588679000141, 16.771312740000042 ], [ 96.255406308000033, 16.77148510000012 ], [ 96.255285671000138, 16.771595320000188 ], [ 96.255139686, 16.771743433000097 ], [ 96.255098034000127, 16.771782464000012 ], [ 96.255047166000168, 16.771830132000048 ], [ 96.254921349000142, 16.77195557500005 ], [ 96.254831886000147, 16.772036581000179 ], [ 96.2547714640001, 16.772098857000174 ], [ 96.254706856000098, 16.772176370000125 ], [ 96.254647110000121, 16.772260639000081 ], [ 96.254591701000095, 16.772341414000095 ], [ 96.254565641000056, 16.772401086000059 ], [ 96.254522994000183, 16.772475016000158 ], [ 96.254429610000045, 16.772615600000051 ], [ 96.254351775000089, 16.77272863800016 ], [ 96.254271001000177, 16.772836802000029 ], [ 96.254121985000097, 16.773018495000088 ], [ 96.253981611000199, 16.773193771000024 ], [ 96.253964704000168, 16.773214881000172 ], [ 96.25395913400007, 16.773220021000043 ], [ 96.253995783000164, 16.773247747000028 ], [ 96.254070966000086, 16.773304635000102 ], [ 96.254174307000198, 16.77337064600016 ], [ 96.25432559800015, 16.773449450000101 ], [ 96.25467980500008, 16.77357136500018 ], [ 96.254859064000073, 16.773635912000088 ], [ 96.254862079000077, 16.773638426000105 ], [ 96.254953696000086, 16.773678372000063 ], [ 96.254910843000175, 16.77371931100015 ], [ 96.254813220000187, 16.773834835000116 ], [ 96.254741425000191, 16.773825261000013 ], [ 96.254624271000125, 16.774051689000089 ], [ 96.254605172000197, 16.774144492000062 ], [ 96.254542750000041, 16.774250317000053 ], [ 96.254519595000147, 16.77428957300009 ], [ 96.254424645000086, 16.774427535000143 ], [ 96.254364026000133, 16.774439980000182 ], [ 96.254321590000188, 16.774448693000124 ], [ 96.254291668, 16.774498796000046 ], [ 96.254268297000124, 16.774537932000101 ], [ 96.254191995000042, 16.77466570200005 ], [ 96.254131695000183, 16.774749676000056 ], [ 96.254083573000116, 16.774749762000056 ], [ 96.254055175000076, 16.774785679999979 ], [ 96.254028278000078, 16.774819701000069 ], [ 96.254004690000102, 16.774850646000061 ], [ 96.253937961000133, 16.774938185999986 ], [ 96.253874746000179, 16.77500214000014 ], [ 96.253816276000123, 16.775064945000111 ], [ 96.253803831000084, 16.775065095000116 ], [ 96.253783906000137, 16.775061672000106 ], [ 96.253766846000133, 16.775063971 ], [ 96.253751996000119, 16.775071980000064 ], [ 96.253736987000025, 16.775091035000116 ], [ 96.253648261000194, 16.775209234000044 ], [ 96.253643933000149, 16.775231273000031 ], [ 96.253640130000122, 16.775256634000073 ], [ 96.253481776000172, 16.775427499000102 ], [ 96.253441634000012, 16.775469499 ], [ 96.253423836000138, 16.775493106000113 ], [ 96.253400121000084, 16.775524559000132 ], [ 96.253276734000053, 16.775688211000158 ], [ 96.253242120000039, 16.775727206999989 ], [ 96.253099235000036, 16.775925148000113 ], [ 96.252969138000196, 16.776115646999983 ], [ 96.25296733100015, 16.776118522000161 ], [ 96.252937470000063, 16.776166046000185 ], [ 96.252942356000119, 16.776184894000153 ], [ 96.252962162000131, 16.776202283000089 ], [ 96.252972324000098, 16.776212915000031 ], [ 96.252975483000114, 16.776232292000145 ], [ 96.252973096000176, 16.776238889000069 ], [ 96.252914630000134, 16.776331152000182 ], [ 96.252869599000064, 16.776402697000151 ], [ 96.252780168000186, 16.776544783000134 ], [ 96.252717966000034, 16.776642149000054 ], [ 96.252708052000116, 16.776657667999984 ], [ 96.25257391700012, 16.776864417000127 ], [ 96.252536537000196, 16.776919774000191 ], [ 96.252532524000117, 16.776925716000164 ], [ 96.252528238000139, 16.776937564000036 ], [ 96.252523496000094, 16.776954998000065 ], [ 96.252516448000051, 16.776963742000078 ], [ 96.252441982000107, 16.77706508700004 ], [ 96.252439191000121, 16.777077046000045 ], [ 96.252440696000178, 16.777086220000115 ], [ 96.252449644000194, 16.777101492000099 ], [ 96.25249034300009, 16.777127645000064 ], [ 96.252524231000052, 16.777146984000183 ], [ 96.252550169000074, 16.777164853000102 ], [ 96.252640618000044, 16.777218240000025 ], [ 96.252662692000058, 16.777237315999969 ], [ 96.252671572999986, 16.777257322000025 ], [ 96.252670619000128, 16.77728382500004 ], [ 96.252657229000079, 16.777338337000117 ], [ 96.252653481000095, 16.777345297000124 ], [ 96.252516366000066, 16.77759988300005 ], [ 96.252486950000105, 16.777674197000181 ], [ 96.252486480000073, 16.777675221999971 ], [ 96.252442290000147, 16.777771921000067 ], [ 96.252354905000118, 16.777963105000083 ], [ 96.252151893000189, 16.778325151000047 ], [ 96.252059196000062, 16.778499325000041 ], [ 96.252002971000081, 16.778659664000088 ], [ 96.251994921000176, 16.778692817999968 ], [ 96.251972165000041, 16.778727771000149 ], [ 96.251937558000122, 16.778775558000063 ], [ 96.251855949, 16.778873644000043 ], [ 96.251726612000084, 16.779088826000077 ], [ 96.251620767000077, 16.779290671000183 ], [ 96.251614095000093, 16.779319439000062 ], [ 96.251615648000097, 16.77934818600005 ], [ 96.251514367000198, 16.779508106000094 ], [ 96.25146993900006, 16.779578257000139 ], [ 96.251191425000115, 16.780021351000016 ], [ 96.251068531000044, 16.780212280000114 ], [ 96.251058319000094, 16.780228147000116 ], [ 96.2508845750001, 16.780385338000031 ], [ 96.250533641000061, 16.780738826000174 ], [ 96.250222921000102, 16.781026088000147 ], [ 96.250113393000106, 16.781127347000051 ], [ 96.249943733000066, 16.781271921000155 ], [ 96.249800592000042, 16.781413257000111 ], [ 96.24975979200002, 16.781472374000089 ], [ 96.249728413000184, 16.78151393800016 ], [ 96.24961040300019, 16.781631101000187 ], [ 96.249447056000122, 16.781767310000191 ], [ 96.249402142000122, 16.78180571300004 ], [ 96.249321736000013, 16.781874462000133 ], [ 96.249191015000122, 16.782008026000028 ], [ 96.249162862000048, 16.782057249000104 ], [ 96.249146486000086, 16.782111443000133 ], [ 96.249154383000132, 16.782184132 ], [ 96.249184702000093, 16.782342687999972 ], [ 96.249217906000126, 16.782550239000045 ], [ 96.249234921000038, 16.7826855080001 ], [ 96.249266545000182, 16.782936920000111 ], [ 96.249282090000122, 16.783060496000076 ], [ 96.249332392000042, 16.783500705000165 ], [ 96.249380070000086, 16.783924784000135 ], [ 96.249397293000186, 16.784077979000131 ], [ 96.249440438000079, 16.784390430000144 ], [ 96.24946458900007, 16.784503999000037 ], [ 96.249477433000038, 16.784567147000132 ], [ 96.249483362000092, 16.784679421000135 ], [ 96.249486938000189, 16.784867843000143 ], [ 96.249478460000034, 16.785109020000107 ], [ 96.249444484000094, 16.785239884000077 ], [ 96.249430972000198, 16.785342533000119 ], [ 96.24939204400016, 16.785544414000071 ], [ 96.24935346500007, 16.785738715000036 ], [ 96.249322017000168, 16.785813424000082 ], [ 96.24927572100006, 16.785844845000156 ], [ 96.249239569000054, 16.785883401000149 ], [ 96.249232225000185, 16.785893089000012 ], [ 96.24921151500007, 16.785952291000115 ], [ 96.249133308000069, 16.785931359000188 ], [ 96.248947343000054, 16.785894761000179 ], [ 96.24886050200007, 16.785876475000066 ], [ 96.248748874000057, 16.785868353000126 ], [ 96.248681317000091, 16.785878844000024 ], [ 96.248578322000185, 16.785907850000115 ], [ 96.248528643000043, 16.785935359000177 ], [ 96.248235848000093, 16.786121856000022 ], [ 96.248213101000033, 16.786137005000171 ], [ 96.248211004000154, 16.786136597000109 ], [ 96.248029682000094, 16.786258282000119 ] ] ] } },
{ "type": "Feature", "properties": { "adm4_name": "Kan Pyaung", "adm4_name1": "ကန်ပြောင်", "adm4_name2": null, "adm4_name3": null, "adm4_pcode": "MMR013024001", "adm3_name": "Kyauktan", "adm3_name1": "ကျောက်တန်း", "adm3_name2": null, "adm3_name3": null, "adm3_pcode": "MMR013024", "adm2_name": "Yangon (South)", "adm2_name1": "ရန်ကုန်(တောင်ပိုင်း)", "adm2_name2": null, "adm2_name3": null, "adm2_pcode": "MMR013D003", "adm1_name": "Yangon", "adm1_name1": "ရန်ကုန်တိုင်းဒေသကြီး", "adm1_name2": null, "adm1_name3": null, "adm1_pcode": "MMR013", "adm0_name": "Myanmar", "adm0_name1": "မြန်မာနိုင်ငံ", "adm0_name2": null, "adm0_name3": null, "adm0_pcode": "MMR", "valid_on": "2024-02-15T00:00:00", "valid_to": null, "area_sqkm": 23.63545358, "version": "v01", "lang": "en", "lang1": "my", "lang2": null, "lang3": null, "adm4_ref_name": "Kan Pyaung", "center_lat": 16.69168419, "center_lon": 96.40163755 }, "geometry": { "type": "Polygon", "coordinates": [ [ [ 96.415013351000141, 16.706654551000156 ], [ 96.414928366000083, 16.707079472999965 ], [ 96.414052741000035, 16.709487442000182 ], [ 96.409674611000185, 16.711895414000082 ], [ 96.406172111000103, 16.71320885300014 ], [ 96.405953203000081, 16.716054635999967 ], [ 96.405077578000032, 16.720870575000106 ], [ 96.400766248000195, 16.72673555200015 ], [ 96.400650209000105, 16.72663992400004 ], [ 96.400339454000061, 16.726383833999989 ], [ 96.399430953000092, 16.72563517500015 ], [ 96.39817933400019, 16.724603767000076 ], [ 96.397723088000134, 16.724536514000135 ], [ 96.397210881000092, 16.724461012000063 ], [ 96.396945190000054, 16.724423818000048 ], [ 96.396664680000129, 16.723532250000176 ], [ 96.396096600000192, 16.723405889999981 ], [ 96.395528520000084, 16.723279530000013 ], [ 96.395517720000043, 16.72259841000016 ], [ 96.395190120000166, 16.719878970000025 ], [ 96.395884200000182, 16.719049350000148 ], [ 96.396869880000054, 16.718759640000144 ], [ 96.397276320000117, 16.717662540000163 ], [ 96.39774516000017, 16.717426691000071 ], [ 96.397837560000141, 16.717380210000044 ], [ 96.397932334000188, 16.717378557000188 ], [ 96.398544600000037, 16.717367880000097 ], [ 96.398557006000033, 16.717316915000083 ], [ 96.398611200000062, 16.717094280000026 ], [ 96.398677440000199, 16.716820590000111 ], [ 96.398650216000078, 16.716770206000035 ], [ 96.397948080000049, 16.715470769999968 ], [ 96.39748800000018, 16.713298620000046 ], [ 96.397043760000031, 16.712080110000102 ], [ 96.395326920000116, 16.710883650000028 ], [ 96.39478492100011, 16.710163604000172 ], [ 96.3943146000002, 16.709538780000173 ], [ 96.394975200000147, 16.706665890000124 ], [ 96.393414960000143, 16.706420460000061 ], [ 96.392072028000086, 16.70615080500005 ], [ 96.39029268000013, 16.705793520000043 ], [ 96.390161981000062, 16.705805491999968 ], [ 96.388456320000046, 16.705961730000126 ], [ 96.388445138000179, 16.705275565000136 ], [ 96.388429680000172, 16.704327060000082 ], [ 96.387716160000082, 16.703930700000114 ], [ 96.385031280000192, 16.704113580000183 ], [ 96.383956779000187, 16.704132221000179 ], [ 96.383324520000144, 16.704143190000138 ], [ 96.383194130000049, 16.704145454000127 ], [ 96.382909800000164, 16.70415039 ], [ 96.382654612000181, 16.703229051000051 ], [ 96.38245908000016, 16.702523100000178 ], [ 96.382457531000114, 16.70242534900018 ], [ 96.382456920000152, 16.702386840000088 ], [ 96.382462837, 16.702302496000073 ], [ 96.382571760000076, 16.70074983 ], [ 96.382042831000092, 16.698750300000142 ], [ 96.381818280000061, 16.697901420000051 ], [ 96.381674640000085, 16.697767680000027 ], [ 96.381618658000093, 16.697715557000038 ], [ 96.381531000000109, 16.697633940000117 ], [ 96.379237630000034, 16.69624922200012 ], [ 96.37538832000007, 16.693925040000011 ], [ 96.375760200000116, 16.692489 ], [ 96.37707996000006, 16.691174550000028 ], [ 96.377509800000098, 16.690133790000061 ], [ 96.377817230000119, 16.688866056000165 ], [ 96.37784532000012, 16.688750220000145 ], [ 96.378282360000071, 16.688139840000076 ], [ 96.379445520000047, 16.688205810000056 ], [ 96.37988112, 16.687509390000173 ], [ 96.379869960000178, 16.68682071 ], [ 96.379867451000052, 16.686665897000069 ], [ 96.379858800000136, 16.686132030000067 ], [ 96.38038656000009, 16.685606250000092 ], [ 96.380193139000141, 16.685160871999983 ], [ 96.380015400000104, 16.684751610000035 ], [ 96.380811360000052, 16.684221150000042 ], [ 96.380892360000189, 16.683703110000181 ], [ 96.380909210000141, 16.683595339000021 ], [ 96.380973360000155, 16.683185070000093 ], [ 96.381861480000111, 16.682825250000178 ], [ 96.382387800000117, 16.682213340000033 ], [ 96.383278800000141, 16.682025690000103 ], [ 96.384057840000082, 16.680462210000087 ], [ 96.38439588000017, 16.679250810000042 ], [ 96.385011480000117, 16.678637370000047 ], [ 96.385906800000157, 16.67870793000003 ], [ 96.38672616000008, 16.679640960000143 ], [ 96.386687280000046, 16.68274155 ], [ 96.387234480000188, 16.683420960000092 ], [ 96.387946560000159, 16.683236370000088 ], [ 96.388734240000133, 16.68218939999997 ], [ 96.389525880000065, 16.681400640000106 ], [ 96.390155520000121, 16.681648050000149 ], [ 96.39277740000017, 16.679220750000013 ], [ 96.394005360000165, 16.678067760000033 ], [ 96.393952440000078, 16.673042610000095 ], [ 96.392398680000099, 16.671387150000044 ], [ 96.393592440000134, 16.66826712 ], [ 96.3950191200002, 16.66656099000005 ], [ 96.395705280000129, 16.664027130000022 ], [ 96.399494640000114, 16.664521680000064 ], [ 96.401345760000197, 16.662107610000191 ], [ 96.402756600000032, 16.659421020000138 ], [ 96.404900760000146, 16.657141950000039 ], [ 96.404890680000051, 16.656511590000093 ], [ 96.407962920000045, 16.656564870000068 ], [ 96.411456720000103, 16.657442640000056 ], [ 96.416181, 16.656957900000066 ], [ 96.419796120000171, 16.656760620000114 ], [ 96.422285160000058, 16.655778450000184 ], [ 96.425768160000132, 16.655985720000103 ], [ 96.424711920000107, 16.659490409999989 ], [ 96.424453440000036, 16.66070172000002 ], [ 96.426275400000179, 16.66147428 ], [ 96.427580400000124, 16.664669460000084 ], [ 96.425821440000107, 16.666367760000071 ], [ 96.423195960000101, 16.668902880000019 ], [ 96.419885040000054, 16.670703960000026 ], [ 96.416852400000153, 16.672500090000142 ], [ 96.416790479999975, 16.672970430000134 ], [ 96.416728560000195, 16.673440859999971 ], [ 96.421216320000099, 16.67550771000009 ], [ 96.426537120000148, 16.677425790000029 ], [ 96.428111760000036, 16.680079800000044 ], [ 96.429017670000064, 16.680605210000181 ], [ 96.431346346000169, 16.681467425 ], [ 96.430908534000196, 16.684094300000027 ], [ 96.425012197000171, 16.686101354000186 ], [ 96.426530404000118, 16.689566960000036 ], [ 96.426749313000187, 16.692193838000151 ], [ 96.424779154000191, 16.695696341000144 ], [ 96.424998060000178, 16.697447589999967 ], [ 96.423246810000023, 16.701169001000153 ], [ 96.415585086000078, 16.703795876000186 ], [ 96.415013351000141, 16.706654551000156 ] ] ] } },
{ "type": "Feature", "properties": { "adm4_name": "Pi La Khat", "adm4_name1": "ပီလခတ်", "adm4_name2": null, "adm4_name3": null, "adm4_pcode": "MMR013024002", "adm3_name": "Kyauktan", "adm3_name1": "ကျောက်တန်း", "adm3_name2": null, "adm3_name3": null, "adm3_pcode": "MMR013024", "adm2_name": "Yangon (South)", "adm2_name1": "ရန်ကုန်(တောင်ပိုင်း)", "adm2_name2": null, "adm2_name3": null, "adm2_pcode": "MMR013D003", "adm1_name": "Yangon", "adm1_name1": "ရန်ကုန်တိုင်းဒေသကြီး", "adm1_name2": null, "adm1_name3": null, "adm1_pcode": "MMR013", "adm0_name": "Myanmar", "adm0_name1": "မြန်မာနိုင်ငံ", "adm0_name2": null, "adm0_name3": null, "adm0_pcode": "MMR", "valid_on": "2024-02-15T00:00:00", "valid_to": null, "area_sqkm": 10.14430127, "version": "v01", "lang": "en", "lang1": "my", "lang2": null, "lang3": null, "adm4_ref_name": "Pi La Khat", "center_lat": 16.65225711, "center_lon": 96.38552126 }, "geometry": { "type": "Polygon", "coordinates": [ [ [ 96.404890680000051, 16.656511590000093 ], [ 96.404900760000146, 16.657141950000039 ], [ 96.402756600000032, 16.659421020000138 ], [ 96.401345760000197, 16.662107610000191 ], [ 96.399494640000114, 16.664521680000064 ], [ 96.395705280000129, 16.664027130000022 ], [ 96.3950191200002, 16.66656099000005 ], [ 96.393592440000134, 16.66826712 ], [ 96.386352840000086, 16.665870150000103 ], [ 96.385550400000113, 16.665604380000161 ], [ 96.38377164000002, 16.663533480000012 ], [ 96.382315440000184, 16.663418640000145 ], [ 96.380445600000201, 16.664711940000188 ], [ 96.375247560000162, 16.667043660000047 ], [ 96.374331719000111, 16.666518331000191 ], [ 96.372164880000184, 16.665275430000122 ], [ 96.369464160000177, 16.660137870000085 ], [ 96.367886640000052, 16.659103410000114 ], [ 96.368365800000049, 16.656946470000037 ], [ 96.368816160000051, 16.654395240000156 ], [ 96.368750910000131, 16.65406909800015 ], [ 96.368215680000105, 16.651393830000131 ], [ 96.3664149600001, 16.648542450000093 ], [ 96.366264840000156, 16.646591520000129 ], [ 96.36746544000016, 16.64103888000011 ], [ 96.369866640000055, 16.638787799999989 ], [ 96.372051480000039, 16.637523030000182 ], [ 96.372470160000034, 16.639069049999989 ], [ 96.374215800000059, 16.639109010000084 ], [ 96.376163760000111, 16.638164730000142 ], [ 96.377334840000174, 16.638634890000162 ], [ 96.377859360000059, 16.639606620000052 ], [ 96.379104240000061, 16.640145540000049 ], [ 96.380974800000104, 16.638922260000129 ], [ 96.38199, 16.638764670000057 ], [ 96.384464280000145, 16.639005240000074 ], [ 96.3850485600002, 16.639062030000105 ], [ 96.387949440000057, 16.638591510000083 ], [ 96.387824519999981, 16.639854659999969 ], [ 96.388704720000192, 16.640329770000051 ], [ 96.38893728000005, 16.64123652000012 ], [ 96.388302600000145, 16.642438380000044 ], [ 96.389401680000105, 16.642979820000107 ], [ 96.390127440000128, 16.6428972 ], [ 96.390853200000151, 16.642814580000106 ], [ 96.391739160000043, 16.643639880000023 ], [ 96.395232960000158, 16.64385948000006 ], [ 96.397679160000052, 16.642275840000138 ], [ 96.398703720000071, 16.642678320000016 ], [ 96.403980600000068, 16.645248720000097 ], [ 96.403172040000129, 16.649185770000031 ], [ 96.402508560000115, 16.65312038999997 ], [ 96.404880240000068, 16.655881320000162 ], [ 96.404890680000051, 16.656511590000093 ] ] ] } },
{ "type": "Feature", "properties": { "adm4_name": "Kyon Kan", "adm4_name1": "ကျုံကန်", "adm4_name2": null, "adm4_name3": null, "adm4_pcode": "MMR013024003", "adm3_name": "Kyauktan", "adm3_name1": "ကျောက်တန်း", "adm3_name2": null, "adm3_name3": null, "adm3_pcode": "MMR013024", "adm2_name": "Yangon (South)", "adm2_name1": "ရန်ကုန်(တောင်ပိုင်း)", "adm2_name2": null, "adm2_name3": null, "adm2_pcode": "MMR013D003", "adm1_name": "Yangon", "adm1_name1": "ရန်ကုန်တိုင်းဒေသကြီး", "adm1_name2": null, "adm1_name3": null, "adm1_pcode": "MMR013", "adm0_name": "Myanmar", "adm0_name1": "မြန်မာနိုင်ငံ", "adm0_name2": null, "adm0_name3": null, "adm0_pcode": "MMR", "valid_on": "2024-02-15T00:00:00", "valid_to": null, "area_sqkm": 17.18221611, "version": "v01", "lang": "en", "lang1": "my", "lang2": null, "lang3": null, "adm4_ref_name": "Kyon Kan", "center_lat": 16.66009607, "center_lon": 96.4413178 }, "geometry": { "type": "Polygon", "coordinates": [ [ [ 96.403980600000068, 16.645248720000097 ], [ 96.404241600000148, 16.643422710000152 ], [ 96.40812563999998, 16.640833140000098 ], [ 96.414757920000056, 16.637355000000127 ], [ 96.414572520000149, 16.638584850000086 ], [ 96.419882520000044, 16.639116930000057 ], [ 96.430313880000199, 16.639487010000096 ], [ 96.430569840000032, 16.638750630000118 ], [ 96.430826880000154, 16.638057270000104 ], [ 96.431273280000141, 16.638049440000032 ], [ 96.431531760000041, 16.63744212000006 ], [ 96.43178988000011, 16.636834890000046 ], [ 96.431924520000052, 16.636875570000029 ], [ 96.432546960000195, 16.636692419999974 ], [ 96.435307800000032, 16.638839730000029 ], [ 96.436635120000062, 16.638041520000058 ], [ 96.438495960000182, 16.637061690000166 ], [ 96.440899320000085, 16.636502790000122 ], [ 96.442951320000077, 16.6362945300001 ], [ 96.443928, 16.636191570000108 ], [ 96.444896760000063, 16.636001760000056 ], [ 96.444904319999978, 16.636088610000115 ], [ 96.445179000000167, 16.639203870000131 ], [ 96.445192320000046, 16.640015040000094 ], [ 96.445229760000132, 16.642285290000189 ], [ 96.448286880000126, 16.642511640000066 ], [ 96.450232320000111, 16.645839930000136 ], [ 96.45173928000014, 16.649035740000045 ], [ 96.455087280000043, 16.649256870000045 ], [ 96.45712020000019, 16.649080830000059 ], [ 96.456767400000103, 16.654130730000077 ], [ 96.457119359000046, 16.654979076000131 ], [ 96.457979160000036, 16.657051500000023 ], [ 96.458052927000153, 16.659138971000118 ], [ 96.458052927000153, 16.662203660000159 ], [ 96.456520583000042, 16.663079287000016 ], [ 96.452799172000084, 16.661984754000173 ], [ 96.451923546999978, 16.66811413400012 ], [ 96.44951557800016, 16.669646478000118 ], [ 96.447107606000031, 16.66811413400012 ], [ 96.444699636000109, 16.673805700000173 ], [ 96.44229166700012, 16.673367887000097 ], [ 96.439664789000176, 16.676870389000158 ], [ 96.439472446000138, 16.676913132000038 ], [ 96.437694631000056, 16.677308203000166 ], [ 96.434907834000114, 16.678059798000049 ], [ 96.436819006000178, 16.6823430500001 ], [ 96.435943381000129, 16.683437580000032 ], [ 96.435505567000121, 16.681248517000029 ], [ 96.431346346000169, 16.681467425 ], [ 96.429017670000064, 16.680605210000181 ], [ 96.428111760000036, 16.680079800000044 ], [ 96.426537120000148, 16.677425790000029 ], [ 96.421216320000099, 16.67550771000009 ], [ 96.416728560000195, 16.673440859999971 ], [ 96.416790479999975, 16.672970430000134 ], [ 96.416852400000153, 16.672500090000142 ], [ 96.419885040000054, 16.670703960000026 ], [ 96.423195960000101, 16.668902880000019 ], [ 96.425821440000107, 16.666367760000071 ], [ 96.427580400000124, 16.664669460000084 ], [ 96.426275400000179, 16.66147428 ], [ 96.424453440000036, 16.66070172000002 ], [ 96.424711920000107, 16.659490409999989 ], [ 96.425768160000132, 16.655985720000103 ], [ 96.422285160000058, 16.655778450000184 ], [ 96.419796120000171, 16.656760620000114 ], [ 96.416181, 16.656957900000066 ], [ 96.411456720000103, 16.657442640000056 ], [ 96.407962920000045, 16.656564870000068 ], [ 96.404890680000051, 16.656511590000093 ], [ 96.404880240000068, 16.655881320000162 ], [ 96.402508560000115, 16.65312038999997 ], [ 96.403172040000129, 16.649185770000031 ], [ 96.403980600000068, 16.645248720000097 ] ] ] } },
{ "type": "Feature", "properties": { "adm4_name": "Wea Gyi", "adm4_name1": "ဝဲကြီး", "adm4_name2": null, "adm4_name3": null, "adm4_pcode": "MMR013024004", "adm3_name": "Kyauktan", "adm3_name1": "ကျောက်တန်း", "adm3_name2": null, "adm3_name3": null, "adm3_pcode": "MMR013024", "adm2_name": "Yangon (South)", "adm2_name1": "ရန်ကုန်(တောင်ပိုင်း)", "adm2_name2": null, "adm2_name3": null, "adm2_pcode": "MMR013D003", "adm1_name": "Yangon", "adm1_name1": "ရန်ကုန်တိုင်းဒေသကြီး", "adm1_name2": null, "adm1_name3": null, "adm1_pcode": "MMR013", "adm0_name": "Myanmar", "adm0_name1": "မြန်မာနိုင်ငံ", "adm0_name2": null, "adm0_name3": null, "adm0_pcode": "MMR", "valid_on": "2024-02-15T00:00:00", "valid_to": null, "area_sqkm": 9.65535627, "version": "v01", "lang": "en", "lang1": "my", "lang2": null, "lang3": null, "adm4_ref_name": "Wea Gyi", "center_lat": 16.63822764, "center_lon": 96.45431781000001 }, "geometry": { "type": "Polygon", "coordinates": [ [ [ 96.473978684000087, 16.652531837000026 ], [ 96.472039728000084, 16.653405816000145 ], [ 96.470040982000057, 16.654719279 ], [ 96.468727519000197, 16.656089848000022 ], [ 96.468042234000052, 16.657460418000085 ], [ 96.466785878000053, 16.659687593000058 ], [ 96.465785708000055, 16.660543966000148 ], [ 96.464981304000105, 16.661232718000122 ], [ 96.463163194000117, 16.662407973000086 ], [ 96.461892837999983, 16.661172823000015 ], [ 96.461555430000146, 16.660233504000189 ], [ 96.460338936000028, 16.659853349000116 ], [ 96.458052927000153, 16.659138971000118 ], [ 96.457979160000036, 16.657051500000023 ], [ 96.457119359000046, 16.654979076000131 ], [ 96.456767400000103, 16.654130730000077 ], [ 96.45712020000019, 16.649080830000059 ], [ 96.455087280000043, 16.649256870000045 ], [ 96.45173928000014, 16.649035740000045 ], [ 96.450232320000111, 16.645839930000136 ], [ 96.448286880000126, 16.642511640000066 ], [ 96.445229760000132, 16.642285290000189 ], [ 96.445192320000046, 16.640015040000094 ], [ 96.445179000000167, 16.639203870000131 ], [ 96.444904319999978, 16.636088610000115 ], [ 96.444896760000063, 16.636001760000056 ], [ 96.444821520000062, 16.635147210000071 ], [ 96.444166320000022, 16.630675380000071 ], [ 96.440829840000049, 16.631154270000081 ], [ 96.437202840000111, 16.631638290000126 ], [ 96.438885120000066, 16.627825980000011 ], [ 96.441321600000038, 16.625681640000039 ], [ 96.440715000000125, 16.624151100000063 ], [ 96.441209022000123, 16.61969176700012 ], [ 96.442241663000061, 16.620829498000035 ], [ 96.44483565600018, 16.620829498000035 ], [ 96.446731561000092, 16.619967378000126 ], [ 96.448459620000165, 16.617895997000062 ], [ 96.449137684000164, 16.617489756000111 ], [ 96.449325556000076, 16.617377199000146 ], [ 96.449494920000063, 16.617445019000058 ], [ 96.451049798000099, 16.61806765700004 ], [ 96.45294951700015, 16.618929779000155 ], [ 96.456058497000186, 16.618414794999978 ], [ 96.45951079800011, 16.616686736000133 ], [ 96.463138573000151, 16.614268220000042 ], [ 96.46503829400001, 16.613230621000071 ], [ 96.46664848, 16.613280514 ], [ 96.46786576400001, 16.612950659000148 ], [ 96.469027940999979, 16.61396460900005 ], [ 96.469801266000104, 16.615243568999972 ], [ 96.470098698000015, 16.616671246000067 ], [ 96.470128442000032, 16.617771746000187 ], [ 96.469831009000188, 16.618664044000127 ], [ 96.468789995, 16.619615829000054 ], [ 96.466767452999989, 16.620299924000108 ], [ 96.464131363000035, 16.620405353000024 ], [ 96.463635120000106, 16.620524820000071 ], [ 96.461225640000066, 16.620923249999976 ], [ 96.460738560000095, 16.621416540000098 ], [ 96.460617240000147, 16.622199540000054 ], [ 96.460828200000037, 16.623022230000117 ], [ 96.462034560000177, 16.624106730000108 ], [ 96.463905120000049, 16.625251170000126 ], [ 96.465683331000037, 16.627000044000056 ], [ 96.466022280000061, 16.627436100000068 ], [ 96.466416840000022, 16.62836805000012 ], [ 96.466421880000098, 16.630792920000033 ], [ 96.465264120000086, 16.634451600000034 ], [ 96.464466000000129, 16.636082130000148 ], [ 96.463859040000159, 16.63725141000009 ], [ 96.463087920000135, 16.639631100000145 ], [ 96.463252440000076, 16.641166410000153 ], [ 96.464514960000088, 16.643606670000111 ], [ 96.466701240000134, 16.646129460000111 ], [ 96.468707160000179, 16.648293510000087 ], [ 96.469349400000056, 16.650084330000141 ], [ 96.471168616999989, 16.651054091000162 ], [ 96.473978684000087, 16.652531837000026 ] ] ] } },
{ "type": "Feature", "properties": { "adm4_name": "Ywar Thit Gyi", "adm4_name1": "ရွာသစ်ကြီး", "adm4_name2": null, "adm4_name3": null, "adm4_pcode": "MMR013024005", "adm3_name": "Kyauktan", "adm3_name1": "ကျောက်တန်း", "adm3_name2": null, "adm3_name3": null, "adm3_pcode": "MMR013024", "adm2_name": "Yangon (South)", "adm2_name1": "ရန်ကုန်(တောင်ပိုင်း)", "adm2_name2": null, "adm2_name3": null, "adm2_pcode": "MMR013D003", "adm1_name": "Yangon", "adm1_name1": "ရန်ကုန်တိုင်းဒေသကြီး", "adm1_name2": null, "adm1_name3": null, "adm1_pcode": "MMR013", "adm0_name": "Myanmar", "adm0_name1": "မြန်မာနိုင်ငံ", "adm0_name2": null, "adm0_name3": null, "adm0_pcode": "MMR", "valid_on": "2024-02-15T00:00:00", "valid_to": null, "area_sqkm": 7.3685031, "version": "v01", "lang": "en", "lang1": "my", "lang2": null, "lang3": null, "adm4_ref_name": "Ywar Thit Gyi", "center_lat": 16.62691392, "center_lon": 96.42749099 }, "geometry": { "type": "Polygon", "coordinates": [ [ [ 96.444896760000063, 16.636001760000056 ], [ 96.443928, 16.636191570000108 ], [ 96.442951320000077, 16.6362945300001 ], [ 96.440899320000085, 16.636502790000122 ], [ 96.438495960000182, 16.637061690000166 ], [ 96.436635120000062, 16.638041520000058 ], [ 96.435307800000032, 16.638839730000029 ], [ 96.432546960000195, 16.636692419999974 ], [ 96.431924520000052, 16.636875570000029 ], [ 96.43178988000011, 16.636834890000046 ], [ 96.431531760000041, 16.63744212000006 ], [ 96.431273280000141, 16.638049440000032 ], [ 96.430826880000154, 16.638057270000104 ], [ 96.430569840000032, 16.638750630000118 ], [ 96.430313880000199, 16.639487010000096 ], [ 96.419882520000044, 16.639116930000057 ], [ 96.414572520000149, 16.638584850000086 ], [ 96.414757920000056, 16.637355000000127 ], [ 96.41454192000009, 16.633015470000032 ], [ 96.4139446800001, 16.632045090000076 ], [ 96.414762960000076, 16.63049538000007 ], [ 96.415214040000137, 16.629641100000129 ], [ 96.415009200000043, 16.626001860000088 ], [ 96.411343320000128, 16.624104300000113 ], [ 96.410691359999987, 16.619772240000145 ], [ 96.410407680000162, 16.615934730000049 ], [ 96.410276827000075, 16.6139902540001 ], [ 96.411678307000045, 16.614958680000143 ], [ 96.416858665000063, 16.620139037 ], [ 96.418758386000093, 16.620829498000035 ], [ 96.421348565000073, 16.620310700000118 ], [ 96.422901148000051, 16.619105256000012 ], [ 96.423419946000138, 16.616515077000031 ], [ 96.425006861000099, 16.614176666000105 ], [ 96.42773818400002, 16.613577759000179 ], [ 96.430328362000125, 16.613577759000179 ], [ 96.434818259999986, 16.613577759000179 ], [ 96.438270561000081, 16.615649140000073 ], [ 96.440517418000127, 16.618929779000155 ], [ 96.441209022000123, 16.61969176700012 ], [ 96.440715000000125, 16.624151100000063 ], [ 96.441321600000038, 16.625681640000039 ], [ 96.438885120000066, 16.627825980000011 ], [ 96.437202840000111, 16.631638290000126 ], [ 96.440829840000049, 16.631154270000081 ], [ 96.444166320000022, 16.630675380000071 ], [ 96.444821520000062, 16.635147210000071 ], [ 96.444896760000063, 16.636001760000056 ] ] ] } },
{ "type": "Feature", "properties": { "adm4_name": "Kyan Pin", "adm4_name1": "ကြံပင်", "adm4_name2": null, "adm4_name3": null, "adm4_pcode": "MMR013024006", "adm3_name": "Kyauktan", "adm3_name1": "ကျောက်တန်း", "adm3_name2": null, "adm3_name3": null, "adm3_pcode": "MMR013024", "adm2_name": "Yangon (South)", "adm2_name1": "ရန်ကုန်(တောင်ပိုင်း)", "adm2_name2": null, "adm2_name3": null, "adm2_pcode": "MMR013D003", "adm1_name": "Yangon", "adm1_name1": "ရန်ကုန်တိုင်းဒေသကြီး", "adm1_name2": null, "adm1_name3": null, "adm1_pcode": "MMR013", "adm0_name": "Myanmar", "adm0_name1": "မြန်မာနိုင်ငံ", "adm0_name2": null, "adm0_name3": null, "adm0_pcode": "MMR", "valid_on": "2024-02-15T00:00:00", "valid_to": null, "area_sqkm": 9.95136688, "version": "v01", "lang": "en", "lang1": "my", "lang2": null, "lang3": null, "adm4_ref_name": "Kyan Pin", "center_lat": 16.62782148, "center_lon": 96.39577491 }, "geometry": { "type": "Polygon", "coordinates": [ [ [ 96.403980600000068, 16.645248720000097 ], [ 96.398703720000071, 16.642678320000016 ], [ 96.397679160000052, 16.642275840000138 ], [ 96.395232960000158, 16.64385948000006 ], [ 96.391739160000043, 16.643639880000023 ], [ 96.390853200000151, 16.642814580000106 ], [ 96.390127440000128, 16.6428972 ], [ 96.389401680000105, 16.642979820000107 ], [ 96.388302600000145, 16.642438380000044 ], [ 96.38893728000005, 16.64123652000012 ], [ 96.388704720000192, 16.640329770000051 ], [ 96.387824519999981, 16.639854659999969 ], [ 96.387949440000057, 16.638591510000083 ], [ 96.3850485600002, 16.639062030000105 ], [ 96.384464280000145, 16.639005240000074 ], [ 96.38199, 16.638764670000057 ], [ 96.380974800000104, 16.638922260000129 ], [ 96.379104240000061, 16.640145540000049 ], [ 96.377859360000059, 16.639606620000052 ], [ 96.377334840000174, 16.638634890000162 ], [ 96.376163760000111, 16.638164730000142 ], [ 96.374215800000059, 16.639109010000084 ], [ 96.372470160000034, 16.639069049999989 ], [ 96.372051480000039, 16.637523030000182 ], [ 96.371620200000052, 16.635931200000073 ], [ 96.369919111000058, 16.633463386000187 ], [ 96.369759, 16.633231110000111 ], [ 96.36972774700007, 16.63317449200008 ], [ 96.369593138000198, 16.632930639000051 ], [ 96.373168938000106, 16.631365692000145 ], [ 96.379383080000196, 16.624628938000171 ], [ 96.382148736000033, 16.622729219000121 ], [ 96.390781397000126, 16.622557557000107 ], [ 96.395618433000152, 16.619620239000085 ], [ 96.406497949000084, 16.613749419000158 ], [ 96.409431450000056, 16.613406097 ], [ 96.410276827000075, 16.6139902540001 ], [ 96.410407680000162, 16.615934730000049 ], [ 96.410691359999987, 16.619772240000145 ], [ 96.411343320000128, 16.624104300000113 ], [ 96.415009200000043, 16.626001860000088 ], [ 96.415214040000137, 16.629641100000129 ], [ 96.414762960000076, 16.63049538000007 ], [ 96.4139446800001, 16.632045090000076 ], [ 96.41454192000009, 16.633015470000032 ], [ 96.414757920000056, 16.637355000000127 ], [ 96.40812563999998, 16.640833140000098 ], [ 96.404241600000148, 16.643422710000152 ], [ 96.403980600000068, 16.645248720000097 ] ] ] } },
{ "type": "Feature", "properties": { "adm4_name": "Thaung Gyi", "adm4_name1": "သောင်ကြီး", "adm4_name2": null, "adm4_name3": null, "adm4_pcode": "MMR013024007", "adm3_name": "Kyauktan", "adm3_name1": "ကျောက်တန်း", "adm3_name2": null, "adm3_name3": null, "adm3_pcode": "MMR013024", "adm2_name": "Yangon (South)", "adm2_name1": "ရန်ကုန်(တောင်ပိုင်း)", "adm2_name2": null, "adm2_name3": null, "adm2_pcode": "MMR013D003", "adm1_name": "Yangon", "adm1_name1": "ရန်ကုန်တိုင်းဒေသကြီး", "adm1_name2": null, "adm1_name3": null, "adm1_pcode": "MMR013", "adm0_name": "Myanmar", "adm0_name1": "မြန်မာနိုင်ငံ", "adm0_name2": null, "adm0_name3": null, "adm0_pcode": "MMR", "valid_on": "2024-02-15T00:00:00", "valid_to": null, "area_sqkm": 8.95732404, "version": "v01", "lang": "en", "lang1": "my", "lang2": null, "lang3": null, "adm4_ref_name": "Thaung Gyi", "center_lat": 16.64641284, "center_lon": 96.34804173000001 }, "geometry": { "type": "Polygon", "coordinates": [ [ [ 96.343757095000058, 16.631710993000013 ], [ 96.344204836000074, 16.631807190000075 ], [ 96.345900460000053, 16.631793909000123 ], [ 96.346227182000064, 16.631793909000123 ], [ 96.346187861000146, 16.631958740000186 ], [ 96.346887615000128, 16.631876042000101 ], [ 96.347844953999981, 16.631762902000162 ], [ 96.348300926000093, 16.631709014000137 ], [ 96.351581568000086, 16.631537354000159 ], [ 96.352443688, 16.632056152000075 ], [ 96.354690545000039, 16.632574950000048 ], [ 96.357280724000191, 16.633089937000079 ], [ 96.360389703000124, 16.632918275000122 ], [ 96.362979882000104, 16.632746613000108 ], [ 96.364707941000177, 16.633265411000025 ], [ 96.368366235, 16.633467592000159 ], [ 96.369593138000198, 16.632930639000051 ], [ 96.36972774700007, 16.63317449200008 ], [ 96.369759, 16.633231110000111 ], [ 96.369919111000058, 16.633463386000187 ], [ 96.371620200000052, 16.635931200000073 ], [ 96.372051480000039, 16.637523030000182 ], [ 96.369866640000055, 16.638787799999989 ], [ 96.36746544000016, 16.64103888000011 ], [ 96.366264840000156, 16.646591520000129 ], [ 96.3664149600001, 16.648542450000093 ], [ 96.368215680000105, 16.651393830000131 ], [ 96.368750910000131, 16.65406909800015 ], [ 96.368816160000051, 16.654395240000156 ], [ 96.368365800000049, 16.656946470000037 ], [ 96.367886640000052, 16.659103410000114 ], [ 96.367730760000086, 16.659001260000025 ], [ 96.366965760000028, 16.65849951000007 ], [ 96.363814320000074, 16.661496240000076 ], [ 96.362058240000067, 16.660825830000022 ], [ 96.361590600000113, 16.658872290000033 ], [ 96.363111240000137, 16.653942180000115 ], [ 96.360462720000044, 16.652026170000056 ], [ 96.355642320000186, 16.650707760000046 ], [ 96.352159680000113, 16.651187910000147 ], [ 96.349384080000164, 16.650394830000096 ], [ 96.348494949000042, 16.650738378000085 ], [ 96.349457632000053, 16.651931961000173 ], [ 96.350099183999987, 16.653131981000172 ], [ 96.350801835000141, 16.653658817000064 ], [ 96.35101568500005, 16.654566142000078 ], [ 96.3506490850001, 16.655707609999979 ], [ 96.350313034000123, 16.656410047000122 ], [ 96.349335432000032, 16.656527120000135 ], [ 96.346280427000124, 16.656000292000044 ], [ 96.34548612500015, 16.655590537000023 ], [ 96.34545557500013, 16.65436126200018 ], [ 96.34548612500015, 16.653161249999982 ], [ 96.345460886000126, 16.653145382000105 ], [ 96.345403899000075, 16.65310955200016 ], [ 96.344783356000164, 16.652719400000024 ], [ 96.344508523000059, 16.652546606000101 ], [ 96.344157650000113, 16.652484546000153 ], [ 96.34408225500016, 16.652471211000034 ], [ 96.343806424000149, 16.652422424000122 ], [ 96.342522769000084, 16.652195380000023 ], [ 96.341209117000119, 16.651931961000173 ], [ 96.340881838000143, 16.651734537000152 ], [ 96.340384266000171, 16.65143438900003 ], [ 96.340033038000058, 16.651151021000032 ], [ 96.339803815000039, 16.650966085000164 ], [ 96.337329260000161, 16.650556318000099 ], [ 96.336107258000141, 16.650527049000061 ], [ 96.334640856000135, 16.650322165000034 ], [ 96.333113353000158, 16.650029474000064 ], [ 96.332105201000047, 16.649824589000048 ], [ 96.331163229000083, 16.649633154000128 ], [ 96.331097049000107, 16.649619705000134 ], [ 96.330816370000036, 16.648946511000076 ], [ 96.329991519000089, 16.648858703000087 ], [ 96.329319418000182, 16.648829434000049 ], [ 96.328861166000138, 16.648448931000075 ], [ 96.328738967000049, 16.647805003000087 ], [ 96.329136117000019, 16.646926916000041 ], [ 96.33000378800017, 16.646234159000187 ], [ 96.330235919000074, 16.646048824 ], [ 96.330816370000036, 16.645478062000052 ], [ 96.33130517100011, 16.644804854000142 ], [ 96.331824522000147, 16.644409709 ], [ 96.332100927000056, 16.644089132000033 ], [ 96.332404973000166, 16.643736497000077 ], [ 96.333015974000148, 16.642697403999989 ], [ 96.33341312500005, 16.641936376000103 ], [ 96.333428400000173, 16.641380237000192 ], [ 96.333306200000038, 16.640838731000144 ], [ 96.333046524, 16.640326496000114 ], [ 96.333015974000148, 16.639989883000055 ], [ 96.333214550000093, 16.63941910300008 ], [ 96.333474225000145, 16.638760510000054 ], [ 96.333275650000132, 16.638306810000188 ], [ 96.332725748000144, 16.638043371000151 ], [ 96.332175848000077, 16.637984829000061 ], [ 96.331442646000198, 16.637838473000045 ], [ 96.331014946000153, 16.637428678000163 ], [ 96.331014946000153, 16.63690179800011 ], [ 96.331289896000158, 16.636433459000159 ], [ 96.332206398000153, 16.63617001700004 ], [ 96.332344548000037, 16.636155310000163 ], [ 96.333032349000177, 16.636082087000034 ], [ 96.333306200000038, 16.636052932000041 ], [ 96.334222701000101, 16.635965118000058 ], [ 96.334711502000118, 16.63564313400002 ], [ 96.335047553000095, 16.635086977000128 ], [ 96.335261403000061, 16.634150287000068 ], [ 96.33520368600017, 16.63362491800001 ], [ 96.335178717000133, 16.633015988000125 ], [ 96.33604049000013, 16.632918275000122 ], [ 96.340011589000142, 16.631365692000145 ], [ 96.342948906000117, 16.631537354000159 ], [ 96.343757095000058, 16.631710993000013 ] ] ] } },
{ "type": "Feature", "properties": { "adm4_name": "Kayin Chaung", "adm4_name1": "ကရင်ချောင်", "adm4_name2": null, "adm4_name3": null, "adm4_pcode": "MMR013024008", "adm3_name": "Kyauktan", "adm3_name1": "ကျောက်တန်း", "adm3_name2": null, "adm3_name3": null, "adm3_pcode": "MMR013024", "adm2_name": "Yangon (South)", "adm2_name1": "ရန်ကုန်(တောင်ပိုင်း)", "adm2_name2": null, "adm2_name3": null, "adm2_pcode": "MMR013D003", "adm1_name": "Yangon", "adm1_name1": "ရန်ကုန်တိုင်းဒေသကြီး", "adm1_name2": null, "adm1_name3": null, "adm1_pcode": "MMR013", "adm0_name": "Myanmar", "adm0_name1": "မြန်မာနိုင်ငံ", "adm0_name2": null, "adm0_name3": null, "adm0_pcode": "MMR", "valid_on": "2024-02-15T00:00:00", "valid_to": null, "area_sqkm": 19.90671712, "version": "v01", "lang": "en", "lang1": "my", "lang2": null, "lang3": null, "adm4_ref_name": "Kayin Chaung", "center_lat": 16.52969282, "center_lon": 96.45001225 }, "geometry": { "type": "Polygon", "coordinates": [ [ [ 96.466115160000129, 16.515685080000083 ], [ 96.466262760000063, 16.515822600000092 ], [ 96.466410360000054, 16.515960030000087 ], [ 96.465409560000182, 16.516958400000078 ], [ 96.463257840000153, 16.5186774 ], [ 96.461320680000085, 16.524595800000156 ], [ 96.457944240000131, 16.531380000000127 ], [ 96.456119759999979, 16.535334960000171 ], [ 96.455014920000053, 16.538856930000065 ], [ 96.451728120000098, 16.5422771100001 ], [ 96.448457520000034, 16.546677660000057 ], [ 96.448100760000159, 16.547461470000087 ], [ 96.446914200000037, 16.550067240000033 ], [ 96.444328680000183, 16.551933840000117 ], [ 96.441000480000127, 16.552832760000058 ], [ 96.440728320000176, 16.553958390000105 ], [ 96.43856688, 16.555116960000021 ], [ 96.436694160000172, 16.556130450000069 ], [ 96.435828, 16.55649585000009 ], [ 96.434961840000142, 16.556861250000111 ], [ 96.433508880000034, 16.556886630000065 ], [ 96.431225040000072, 16.559448480000128 ], [ 96.430534920000184, 16.561702170000103 ], [ 96.4275404400002, 16.565257080000038 ], [ 96.425669520000099, 16.566410610000105 ], [ 96.425118000000168, 16.568241570000112 ], [ 96.424692120000088, 16.568879490000086 ], [ 96.424266600000067, 16.569517410000117 ], [ 96.424888679999981, 16.572028410000087 ], [ 96.422729400000037, 16.573327020000022 ], [ 96.421292280000159, 16.57433286000014 ], [ 96.420161520000192, 16.576314030000106 ], [ 96.420324960000073, 16.577432100000067 ], [ 96.418018080000138, 16.578593100000035 ], [ 96.41556144000009, 16.579476450000072 ], [ 96.414964200000043, 16.578506160000131 ], [ 96.415949520000026, 16.576527510000176 ], [ 96.413758200000075, 16.575865020000094 ], [ 96.409814040000072, 16.574672610000164 ], [ 96.407032680000157, 16.573459860000185 ], [ 96.406446600000152, 16.57318986000007 ], [ 96.407856720000154, 16.570503270000188 ], [ 96.407820720000188, 16.568262180000033 ], [ 96.40940544, 16.567394040000124 ], [ 96.409959480000055, 16.565703120000023 ], [ 96.41240496000006, 16.564119480000102 ], [ 96.413276880000069, 16.564104270000087 ], [ 96.413996520000126, 16.563671460000137 ], [ 96.41409660000005, 16.560867600000165 ], [ 96.414941160000126, 16.559171550000144 ], [ 96.41461428000008, 16.556935500000066 ], [ 96.415191000000164, 16.556645340000046 ], [ 96.415767720000076, 16.556355090000181 ], [ 96.416930160000163, 16.55633484000009 ], [ 96.417347760000098, 16.55520678 ], [ 96.418921320000095, 16.553638170000056 ], [ 96.420337920000065, 16.551371790000132 ], [ 96.421182480000141, 16.549675830000126 ], [ 96.423205320000136, 16.548940080000023 ], [ 96.423927120000201, 16.548647310000149 ], [ 96.425212320000128, 16.547223870000153 ], [ 96.426655920000201, 16.546638330000178 ], [ 96.428099880000104, 16.546052700000018 ], [ 96.430242960000157, 16.543773630000089 ], [ 96.432923880000146, 16.538823180000122 ], [ 96.433920000000114, 16.537763700000028 ], [ 96.439352400000189, 16.531985880000036 ], [ 96.442629840000109, 16.52800563 ], [ 96.443310600000132, 16.525191600000085 ], [ 96.443800920000172, 16.524062190000052 ], [ 96.44429088000004, 16.522932780000019 ], [ 96.445809, 16.518002580000143 ], [ 96.446637360000068, 16.515326160000029 ], [ 96.448664160000078, 16.514870310000163 ], [ 96.45071184, 16.515675090000116 ], [ 96.45273648, 16.5150792 ], [ 96.453585, 16.513663320000092 ], [ 96.45207732, 16.510327290000134 ], [ 96.452914680000049, 16.508211029999984 ], [ 96.453421920000096, 16.508132100000068 ], [ 96.453929160000143, 16.508053170000096 ], [ 96.458443920000093, 16.508674530000178 ], [ 96.458716080000045, 16.507548900000131 ], [ 96.45948, 16.500950640000042 ], [ 96.459876720000182, 16.498561950000123 ], [ 96.458839200000114, 16.49731923000013 ], [ 96.456365280000057, 16.497082350000085 ], [ 96.455325600000037, 16.495699500000057 ], [ 96.456162960000199, 16.493583330000092 ], [ 96.457426560000101, 16.490899170000091 ], [ 96.457821120000062, 16.488370440000097 ], [ 96.457493880000186, 16.486134480000032 ], [ 96.456145680000191, 16.483636260000083 ], [ 96.455588214000102, 16.480765076000182 ], [ 96.456159274000072, 16.476775827000097 ], [ 96.456175678000193, 16.476784175000034 ], [ 96.456186551000087, 16.476769605000072 ], [ 96.456239307000033, 16.476800999000034 ], [ 96.456312837000098, 16.476806702000033 ], [ 96.45682957300005, 16.476846783000099 ], [ 96.458997353000143, 16.477014930000053 ], [ 96.459431478000113, 16.477048603000071 ], [ 96.45999789300015, 16.477241988 ], [ 96.460340184000131, 16.477358852000066 ], [ 96.460560908000105, 16.477327633000073 ], [ 96.462501997000061, 16.477053087000115 ], [ 96.464148568000155, 16.477507366000111 ], [ 96.464571055000192, 16.477623928000185 ], [ 96.464710355000136, 16.477605700000083 ], [ 96.467338780000148, 16.477261752000061 ], [ 96.467951077000066, 16.477281522999988 ], [ 96.470092260000058, 16.477350662000106 ], [ 96.472648283000069, 16.477433195000117 ], [ 96.474579751000192, 16.477495562000058 ], [ 96.474700392000102, 16.477499457000079 ], [ 96.473821683000153, 16.482299902000022 ], [ 96.470971920000181, 16.492903110000157 ], [ 96.470632799999976, 16.498793340000077 ], [ 96.470026200000063, 16.50608928000014 ], [ 96.469788600000129, 16.509315870000137 ], [ 96.468801480000195, 16.511154570000031 ], [ 96.466472640000063, 16.510915260000104 ], [ 96.465156120000188, 16.510378050000099 ], [ 96.464728440000158, 16.510875930000054 ], [ 96.46430040000007, 16.511373810000066 ], [ 96.463437480000096, 16.514010180000014 ], [ 96.463193400000137, 16.514755650000097 ], [ 96.464510280000013, 16.515292950000116 ], [ 96.466115160000129, 16.515685080000083 ] ] ] } },
{ "type": "Feature", "properties": { "adm4_name": "Zwe Ka Nar", "adm4_name1": "ဇွဲကနာ", "adm4_name2": null, "adm4_name3": null, "adm4_pcode": "MMR013024009", "adm3_name": "Kyauktan", "adm3_name1": "ကျောက်တန်း", "adm3_name2": null, "adm3_name3": null, "adm3_pcode": "MMR013024", "adm2_name": "Yangon (South)", "adm2_name1": "ရန်ကုန်(တောင်ပိုင်း)", "adm2_name2": null, "adm2_name3": null, "adm2_pcode": "MMR013D003", "adm1_name": "Yangon", "adm1_name1": "ရန်ကုန်တိုင်းဒေသကြီး", "adm1_name2": null, "adm1_name3": null, "adm1_pcode": "MMR013", "adm0_name": "Myanmar", "adm0_name1": "မြန်မာနိုင်ငံ", "adm0_name2": null, "adm0_name3": null, "adm0_pcode": "MMR", "valid_on": "2024-02-15T00:00:00", "valid_to": null, "area_sqkm": 26.32256896, "version": "v01", "lang": "en", "lang1": "my", "lang2": null, "lang3": null, "adm4_ref_name": "Zwe Ka Nar", "center_lat": 16.53074406, "center_lon": 96.46602497000001 }, "geometry": { "type": "Polygon", "coordinates": [ [ [ 96.429451680000057, 16.584418350000078 ], [ 96.428250360000163, 16.582057470000109 ], [ 96.427773, 16.579543860000172 ], [ 96.424719120000191, 16.57945710000007 ], [ 96.42122208, 16.578957599999967 ], [ 96.420324960000073, 16.577432100000067 ], [ 96.420161520000192, 16.576314030000106 ], [ 96.421292280000159, 16.57433286000014 ], [ 96.422729400000037, 16.573327020000022 ], [ 96.424888679999981, 16.572028410000087 ], [ 96.424266600000067, 16.569517410000117 ], [ 96.424692120000088, 16.568879490000086 ], [ 96.425118000000168, 16.568241570000112 ], [ 96.425669520000099, 16.566410610000105 ], [ 96.4275404400002, 16.565257080000038 ], [ 96.430534920000184, 16.561702170000103 ], [ 96.431225040000072, 16.559448480000128 ], [ 96.433508880000034, 16.556886630000065 ], [ 96.434961840000142, 16.556861250000111 ], [ 96.435828, 16.55649585000009 ], [ 96.436694160000172, 16.556130450000069 ], [ 96.43856688, 16.555116960000021 ], [ 96.440728320000176, 16.553958390000105 ], [ 96.441000480000127, 16.552832760000058 ], [ 96.444328680000183, 16.551933840000117 ], [ 96.446914200000037, 16.550067240000033 ], [ 96.448100760000159, 16.547461470000087 ], [ 96.448457520000034, 16.546677660000057 ], [ 96.451728120000098, 16.5422771100001 ], [ 96.455014920000053, 16.538856930000065 ], [ 96.456119759999979, 16.535334960000171 ], [ 96.457944240000131, 16.531380000000127 ], [ 96.461320680000085, 16.524595800000156 ], [ 96.463257840000153, 16.5186774 ], [ 96.465409560000182, 16.516958400000078 ], [ 96.466410360000054, 16.515960030000087 ], [ 96.466262760000063, 16.515822600000092 ], [ 96.466115160000129, 16.515685080000083 ], [ 96.464510280000013, 16.515292950000116 ], [ 96.463193400000137, 16.514755650000097 ], [ 96.463437480000096, 16.514010180000014 ], [ 96.46430040000007, 16.511373810000066 ], [ 96.464728440000158, 16.510875930000054 ], [ 96.465156120000188, 16.510378050000099 ], [ 96.466472640000063, 16.510915260000104 ], [ 96.468801480000195, 16.511154570000031 ], [ 96.469788600000129, 16.509315870000137 ], [ 96.470026200000063, 16.50608928000014 ], [ 96.470632799999976, 16.498793340000077 ], [ 96.470971920000181, 16.492903110000157 ], [ 96.473821683000153, 16.482299902000022 ], [ 96.474700392000102, 16.477499457000079 ], [ 96.475854620000064, 16.477536727000142 ], [ 96.477526007000051, 16.478091296000116 ], [ 96.478635268000062, 16.478459350000037 ], [ 96.479173495000111, 16.47849710700001 ], [ 96.485750858000131, 16.478958521000038 ], [ 96.486031008000054, 16.478978174000133 ], [ 96.487100645000169, 16.479053211000064 ], [ 96.487625880000053, 16.479245641000148 ], [ 96.488333948000161, 16.47950505600005 ], [ 96.48982132600014, 16.480049987000086 ], [ 96.490310490000127, 16.480229202000089 ], [ 96.49146999900006, 16.480400272000054 ], [ 96.492544099000099, 16.480558741000095 ], [ 96.491518845000144, 16.485214755000015 ], [ 96.491184480000129, 16.486271280000153 ], [ 96.490926, 16.487087310000163 ], [ 96.48766476000003, 16.500734640000132 ], [ 96.486378120000154, 16.502018310000096 ], [ 96.481785600000137, 16.514288100000101 ], [ 96.4812175200002, 16.51512843 ], [ 96.478239240000164, 16.519534470000053 ], [ 96.477916680000135, 16.520520690000126 ], [ 96.477824520000127, 16.520802660000186 ], [ 96.47856468000009, 16.521630210000069 ], [ 96.48001260000018, 16.521324480000033 ], [ 96.480178920000071, 16.522582409999984 ], [ 96.478188840000087, 16.525279440000077 ], [ 96.474490200000105, 16.530108120000079 ], [ 96.472915200000045, 16.531536959999983 ], [ 96.473359080000137, 16.532019450000121 ], [ 96.473802960000114, 16.532502030000103 ], [ 96.4755558, 16.5330315 ], [ 96.478039440000146, 16.533828270000015 ], [ 96.478632000000175, 16.534518300000116 ], [ 96.478652880000141, 16.535778840000148 ], [ 96.4766444400002, 16.53735537 ], [ 96.47513640000011, 16.542845910000096 ], [ 96.47361216000013, 16.547356080000043 ], [ 96.471321840000144, 16.549497990000191 ], [ 96.470071920000123, 16.55302257000011 ], [ 96.468063120000181, 16.554599100000189 ], [ 96.465927600000043, 16.557298740000078 ], [ 96.464280960000053, 16.55879877000001 ], [ 96.462633960000062, 16.560298890000183 ], [ 96.459794640000155, 16.56441180000013 ], [ 96.457635720000042, 16.565710680000109 ], [ 96.455225520000113, 16.569395820000011 ], [ 96.452187840000079, 16.570289790000118 ], [ 96.450469199999986, 16.571861100000092 ], [ 96.449638680000021, 16.574397570000144 ], [ 96.447777120000183, 16.576111440000034 ], [ 96.446662920000051, 16.579073250000135 ], [ 96.445085040000038, 16.580361870000161 ], [ 96.442927920000102, 16.581800700000031 ], [ 96.44192892000018, 16.582939020000083 ], [ 96.439024800000084, 16.58313 ], [ 96.436254600000041, 16.582618080000145 ], [ 96.43537332000011, 16.582073130000026 ], [ 96.432500160000075, 16.584154920000117 ], [ 96.432351480000193, 16.583947290000026 ], [ 96.432053760000088, 16.583532210000101 ], [ 96.429451680000057, 16.584418350000078 ] ] ] } },
{ "type": "Feature", "properties": { "adm4_name": "Ah Se", "adm4_name1": "အစဲ", "adm4_name2": null, "adm4_name3": null, "adm4_pcode": "MMR013024010", "adm3_name": "Kyauktan", "adm3_name1": "ကျောက်တန်း", "adm3_name2": null, "adm3_name3": null, "adm3_pcode": "MMR013024", "adm2_name": "Yangon (South)", "adm2_name1": "ရန်ကုန်(တောင်ပိုင်း)", "adm2_name2": null, "adm2_name3": null, "adm2_pcode": "MMR013D003", "adm1_name": "Yangon", "adm1_name1": "ရန်ကုန်တိုင်းဒေသကြီး", "adm1_name2": null, "adm1_name3": null, "adm1_pcode": "MMR013", "adm0_name": "Myanmar", "adm0_name1": "မြန်မာနိုင်ငံ", "adm0_name2": null, "adm0_name3": null, "adm0_pcode": "MMR", "valid_on": "2024-02-15T00:00:00", "valid_to": null, "area_sqkm": 25.02592866, "version": "v01", "lang": "en", "lang1": "my", "lang2": null, "lang3": null, "adm4_ref_name": "Ah Se", "center_lat": 16.60018973, "center_lon": 96.46085368 }, "geometry": { "type": "Polygon", "coordinates": [ [ [ 96.487828195000134, 16.624730604000035 ], [ 96.487042187000156, 16.625031400000069 ], [ 96.48620937600009, 16.624377048000099 ], [ 96.485317078000151, 16.623187318000078 ], [ 96.484246321000114, 16.622889885000063 ], [ 96.482878131000064, 16.623722696000129 ], [ 96.48168840000011, 16.624733967000054 ], [ 96.48037969600017, 16.625685752000038 ], [ 96.479368426000178, 16.625745237999979 ], [ 96.478238182000098, 16.625031400000069 ], [ 96.476513072000159, 16.624258075000114 ], [ 96.474847450000198, 16.624258075000114 ], [ 96.473538746000088, 16.624971913000024 ], [ 96.472111069, 16.626518563000104 ], [ 96.470980826000186, 16.626875482000059 ], [ 96.469017770000107, 16.626697023000133 ], [ 96.466638309000189, 16.626875482000059 ], [ 96.465683331000037, 16.627000044000056 ], [ 96.463905120000049, 16.625251170000126 ], [ 96.462034560000177, 16.624106730000108 ], [ 96.460828200000037, 16.623022230000117 ], [ 96.460617240000147, 16.622199540000054 ], [ 96.460738560000095, 16.621416540000098 ], [ 96.461225640000066, 16.620923249999976 ], [ 96.463635120000106, 16.620524820000071 ], [ 96.464131363000035, 16.620405353000024 ], [ 96.466767452999989, 16.620299924000108 ], [ 96.468789995, 16.619615829000054 ], [ 96.469831009000188, 16.618664044000127 ], [ 96.470128442000032, 16.617771746000187 ], [ 96.470098698000015, 16.616671246000067 ], [ 96.469801266000104, 16.615243568999972 ], [ 96.469027940999979, 16.61396460900005 ], [ 96.46786576400001, 16.612950659000148 ], [ 96.467975609000121, 16.612540160000037 ], [ 96.466766351000103, 16.611678041 ], [ 96.464691156000072, 16.611678041 ], [ 96.46244811300005, 16.612196839000148 ], [ 96.460720056000127, 16.613406097 ], [ 96.457958215000133, 16.615649140000073 ], [ 96.449497216000054, 16.61616793800016 ], [ 96.446731561000092, 16.617377199000146 ], [ 96.443969720000098, 16.619105256000012 ], [ 96.442241663000061, 16.617720521000138 ], [ 96.438961021000011, 16.613577759000179 ], [ 96.435855859000128, 16.612196839000148 ], [ 96.435258782000062, 16.612047570000129 ], [ 96.436712880000073, 16.610631120000164 ], [ 96.437359080000078, 16.610129460000053 ], [ 96.438004920000083, 16.609627710000098 ], [ 96.437366280000163, 16.606136340000091 ], [ 96.435876240000141, 16.603920720000076 ], [ 96.435825840000064, 16.600839300000189 ], [ 96.433152480000047, 16.599262500000123 ], [ 96.432596280000041, 16.598934360000158 ], [ 96.432250680000038, 16.59557790000008 ], [ 96.432513840000126, 16.59389202 ], [ 96.435565920000045, 16.593838560000052 ], [ 96.435681480000198, 16.592015160000187 ], [ 96.434016480000082, 16.587981270000171 ], [ 96.432648840000127, 16.584362460000079 ], [ 96.432574320000128, 16.584258690000183 ], [ 96.432500160000075, 16.584154920000117 ], [ 96.43537332000011, 16.582073130000026 ], [ 96.436254600000041, 16.582618080000145 ], [ 96.439024800000084, 16.58313 ], [ 96.44192892000018, 16.582939020000083 ], [ 96.442927920000102, 16.581800700000031 ], [ 96.445085040000038, 16.580361870000161 ], [ 96.446662920000051, 16.579073250000135 ], [ 96.447777120000183, 16.576111440000034 ], [ 96.449638680000021, 16.574397570000144 ], [ 96.451248600000042, 16.575069779999978 ], [ 96.454775520000169, 16.577389530000062 ], [ 96.45756192000016, 16.578881730000091 ], [ 96.45670836000005, 16.580017530000077 ], [ 96.455305800000133, 16.583124510000118 ], [ 96.455741760000194, 16.58311677 ], [ 96.45835752000005, 16.583070780000128 ], [ 96.459967440000014, 16.583742900000118 ], [ 96.461720640000124, 16.584272460000079 ], [ 96.462421920000111, 16.582718970000144 ], [ 96.464585520000071, 16.581700080000076 ], [ 96.467920920000154, 16.581220920000192 ], [ 96.472105200000158, 16.579325700000084 ], [ 96.473703600000078, 16.579297530000019 ], [ 96.475177799999983, 16.58053233000004 ], [ 96.475904280000066, 16.580519460000062 ], [ 96.477055200000109, 16.5797986500001 ], [ 96.478516440000192, 16.58026314000017 ], [ 96.479977680000104, 16.580727630000069 ], [ 96.480202680000104, 16.581143880000013 ], [ 96.480427680000048, 16.581560220000028 ], [ 96.480075960000079, 16.582266990000051 ], [ 96.47972424000011, 16.582973670000115 ], [ 96.479641080000192, 16.584846660000153 ], [ 96.479618400000049, 16.585357230000113 ], [ 96.481339920000039, 16.592752080000025 ], [ 96.485668560000079, 16.599540150000166 ], [ 96.488390520000053, 16.600885470000094 ], [ 96.489772560000176, 16.601568750000126 ], [ 96.495761520000087, 16.60328343000009 ], [ 96.498440640000069, 16.607018340000025 ], [ 96.49965708000019, 16.610218920000023 ], [ 96.498068040000192, 16.610807610000052 ], [ 96.497467744000062, 16.611220595000191 ], [ 96.497868735000111, 16.612122824000153 ], [ 96.498463600000036, 16.613372041000048 ], [ 96.498582573000192, 16.614680745000157 ], [ 96.498582573000192, 16.61537272400011 ], [ 96.498582573000192, 16.616703286000075 ], [ 96.498642060000066, 16.618130963000169 ], [ 96.497749762000126, 16.618487882000125 ], [ 96.49650054500006, 16.617952504000016 ], [ 96.495273360000056, 16.617582180000113 ], [ 96.49398915900008, 16.618439185000057 ], [ 96.49424005700007, 16.62021299100013 ], [ 96.49424005700007, 16.621283749000042 ], [ 96.49376416500013, 16.622176046999982 ], [ 96.49197956900008, 16.622176046999982 ], [ 96.490789838000182, 16.622116560000109 ], [ 96.489302675000147, 16.622176046999982 ], [ 96.488388, 16.623168570000132 ], [ 96.487828195000134, 16.624730604000035 ] ] ] } },
{ "type": "Feature", "properties": { "adm4_name": "Min Ga Lun", "adm4_name1": "မင်္ဂလွန်း", "adm4_name2": null, "adm4_name3": null, "adm4_pcode": "MMR013024011", "adm3_name": "Kyauktan", "adm3_name1": "ကျောက်တန်း", "adm3_name2": null, "adm3_name3": null, "adm3_pcode": "MMR013024", "adm2_name": "Yangon (South)", "adm2_name1": "ရန်ကုန်(တောင်ပိုင်း)", "adm2_name2": null, "adm2_name3": null, "adm2_pcode": "MMR013D003", "adm1_name": "Yangon", "adm1_name1": "ရန်ကုန်တိုင်းဒေသကြီး", "adm1_name2": null, "adm1_name3": null, "adm1_pcode": "MMR013", "adm0_name": "Myanmar", "adm0_name1": "မြန်မာနိုင်ငံ", "adm0_name2": null, "adm0_name3": null, "adm0_pcode": "MMR", "valid_on": "2024-02-15T00:00:00", "valid_to": null, "area_sqkm": 23.63006674, "version": "v01", "lang": "en", "lang1": "my", "lang2": null, "lang3": null, "adm4_ref_name": "Min Ga Lun", "center_lat": 16.53226074, "center_lon": 96.48247778 }, "geometry": { "type": "Polygon", "coordinates": [ [ [ 96.461720640000124, 16.584272460000079 ], [ 96.459967440000014, 16.583742900000118 ], [ 96.45835752000005, 16.583070780000128 ], [ 96.455741760000194, 16.58311677 ], [ 96.455305800000133, 16.583124510000118 ], [ 96.45670836000005, 16.580017530000077 ], [ 96.45756192000016, 16.578881730000091 ], [ 96.454775520000169, 16.577389530000062 ], [ 96.451248600000042, 16.575069779999978 ], [ 96.449638680000021, 16.574397570000144 ], [ 96.450469199999986, 16.571861100000092 ], [ 96.452187840000079, 16.570289790000118 ], [ 96.455225520000113, 16.569395820000011 ], [ 96.457635720000042, 16.565710680000109 ], [ 96.459794640000155, 16.56441180000013 ], [ 96.462633960000062, 16.560298890000183 ], [ 96.464280960000053, 16.55879877000001 ], [ 96.465927600000043, 16.557298740000078 ], [ 96.468063120000181, 16.554599100000189 ], [ 96.470071920000123, 16.55302257000011 ], [ 96.471321840000144, 16.549497990000191 ], [ 96.47361216000013, 16.547356080000043 ], [ 96.47513640000011, 16.542845910000096 ], [ 96.4766444400002, 16.53735537 ], [ 96.478652880000141, 16.535778840000148 ], [ 96.478632000000175, 16.534518300000116 ], [ 96.478039440000146, 16.533828270000015 ], [ 96.4755558, 16.5330315 ], [ 96.473802960000114, 16.532502030000103 ], [ 96.473359080000137, 16.532019450000121 ], [ 96.472915200000045, 16.531536959999983 ], [ 96.474490200000105, 16.530108120000079 ], [ 96.478188840000087, 16.525279440000077 ], [ 96.480178920000071, 16.522582409999984 ], [ 96.48001260000018, 16.521324480000033 ], [ 96.47856468000009, 16.521630210000069 ], [ 96.477824520000127, 16.520802660000186 ], [ 96.477916680000135, 16.520520690000126 ], [ 96.478239240000164, 16.519534470000053 ], [ 96.4812175200002, 16.51512843 ], [ 96.481785600000137, 16.514288100000101 ], [ 96.486378120000154, 16.502018310000096 ], [ 96.48766476000003, 16.500734640000132 ], [ 96.490926, 16.487087310000163 ], [ 96.491184480000129, 16.486271280000153 ], [ 96.491518845000144, 16.485214755000015 ], [ 96.492544099000099, 16.480558741000095 ], [ 96.49483108000004, 16.480896153000117 ], [ 96.495597057999987, 16.481009162000134 ], [ 96.496121273000142, 16.481086503000029 ], [ 96.497299669000085, 16.481260359000032 ], [ 96.497756800000161, 16.481327803000113 ], [ 96.498057004000145, 16.481442655000023 ], [ 96.499174934999985, 16.481870356000172 ], [ 96.499441438000133, 16.481972316000054 ], [ 96.499650750000058, 16.482416844000056 ], [ 96.499823305000177, 16.482783309000126 ], [ 96.499955310000189, 16.482768469000121 ], [ 96.50112200600006, 16.482637314000044 ], [ 96.501334666999981, 16.482668684000146 ], [ 96.501537677000101, 16.482698632000108 ], [ 96.503494539000201, 16.482987296000033 ], [ 96.504584533000127, 16.483148085000096 ], [ 96.50478127100007, 16.483177107000188 ], [ 96.506016801000158, 16.483866093000188 ], [ 96.506283005000171, 16.484014540000089 ], [ 96.506568671000196, 16.484173841000086 ], [ 96.50657465200004, 16.484177175000184 ], [ 96.507036431000131, 16.484434685000167 ], [ 96.50737697600016, 16.484624587000042 ], [ 96.507557613000131, 16.484684793000042 ], [ 96.509158986000159, 16.48521853200009 ], [ 96.507399945000031, 16.490312125000059 ], [ 96.506555760000083, 16.49213415000014 ], [ 96.506456760000049, 16.494937830000083 ], [ 96.506107200000088, 16.500127680000162 ], [ 96.505043040000146, 16.506030690000102 ], [ 96.502435200000036, 16.506497250000166 ], [ 96.501167640000119, 16.508901420000086 ], [ 96.498927, 16.513984710000045 ], [ 96.496121520000031, 16.520058720000122 ], [ 96.495926400000087, 16.520760270000039 ], [ 96.495024240000021, 16.524000900000146 ], [ 96.494783400000188, 16.524507690000121 ], [ 96.493479840000134, 16.527250620000075 ], [ 96.489565200000072, 16.536566520000122 ], [ 96.488461080000036, 16.540088490000016 ], [ 96.489780120000091, 16.540765650000083 ], [ 96.490236960000061, 16.54201845 ], [ 96.48866664000019, 16.543727460000014 ], [ 96.486665040000105, 16.545724290000067 ], [ 96.48754380000014, 16.546129020000137 ], [ 96.491346840000062, 16.547602770000026 ], [ 96.491079360000128, 16.549008480000168 ], [ 96.489366120000113, 16.550860140000054 ], [ 96.489673200000141, 16.551835380000114 ], [ 96.49099944000011, 16.552932660000124 ], [ 96.492913560000034, 16.554439800000125 ], [ 96.492508200000032, 16.556268240000065 ], [ 96.493287960000089, 16.559476649999965 ], [ 96.49038672, 16.559808390000057 ], [ 96.488968680000085, 16.561935000000176 ], [ 96.487617600000078, 16.564650210000138 ], [ 96.487140240000144, 16.565610060000154 ], [ 96.486197400000151, 16.570109880000132 ], [ 96.485189400000024, 16.570688220000022 ], [ 96.485083560000191, 16.573071780000078 ], [ 96.484525560000179, 16.574482620000083 ], [ 96.482959560000097, 16.576471799999979 ], [ 96.481970280000155, 16.578170550000038 ], [ 96.480202680000104, 16.581143880000013 ], [ 96.479977680000104, 16.580727630000069 ], [ 96.478516440000192, 16.58026314000017 ], [ 96.477055200000109, 16.5797986500001 ], [ 96.475904280000066, 16.580519460000062 ], [ 96.475177799999983, 16.58053233000004 ], [ 96.473703600000078, 16.579297530000019 ], [ 96.472105200000158, 16.579325700000084 ], [ 96.467920920000154, 16.581220920000192 ], [ 96.464585520000071, 16.581700080000076 ], [ 96.462421920000111, 16.582718970000144 ], [ 96.461720640000124, 16.584272460000079 ] ] ] } },
{ "type": "Feature", "properties": { "adm4_name": "Na Ywe Chaung", "adm4_name1": "နရွဲချောင်", "adm4_name2": null, "adm4_name3": null, "adm4_pcode": "MMR013024012", "adm3_name": "Kyauktan", "adm3_name1": "ကျောက်တန်း", "adm3_name2": null, "adm3_name3": null, "adm3_pcode": "MMR013024", "adm2_name": "Yangon (South)", "adm2_name1": "ရန်ကုန်(တောင်ပိုင်း)", "adm2_name2": null, "adm2_name3": null, "adm2_pcode": "MMR013D003", "adm1_name": "Yangon", "adm1_name1": "ရန်ကုန်တိုင်းဒေသကြီး", "adm1_name2": null, "adm1_name3": null, "adm1_pcode": "MMR013", "adm0_name": "Myanmar", "adm0_name1": "မြန်မာနိုင်ငံ", "adm0_name2": null, "adm0_name3": null, "adm0_pcode": "MMR", "valid_on": "2024-02-15T00:00:00", "valid_to": null, "area_sqkm": 18.42545168, "version": "v01", "lang": "en", "lang1": "my", "lang2": null, "lang3": null, "adm4_ref_name": "Na Ywe Chaung", "center_lat": 16.52940945, "center_lon": 96.5032346 }, "geometry": { "type": "Polygon", "coordinates": [ [ [ 96.499401120000186, 16.573097610000048 ], [ 96.498558720000119, 16.57486386 ], [ 96.497247240000092, 16.574677020000024 ], [ 96.495270480000158, 16.573801590000073 ], [ 96.494574600000135, 16.571292120000066 ], [ 96.492895560000136, 16.570831679999969 ], [ 96.486197400000151, 16.570109880000132 ], [ 96.487140240000144, 16.565610060000154 ], [ 96.487617600000078, 16.564650210000138 ], [ 96.488968680000085, 16.561935000000176 ], [ 96.49038672, 16.559808390000057 ], [ 96.493287960000089, 16.559476649999965 ], [ 96.492508200000032, 16.556268240000065 ], [ 96.492913560000034, 16.554439800000125 ], [ 96.49099944000011, 16.552932660000124 ], [ 96.489673200000141, 16.551835380000114 ], [ 96.489366120000113, 16.550860140000054 ], [ 96.491079360000128, 16.549008480000168 ], [ 96.491346840000062, 16.547602770000026 ], [ 96.48754380000014, 16.546129020000137 ], [ 96.486665040000105, 16.545724290000067 ], [ 96.48866664000019, 16.543727460000014 ], [ 96.490236960000061, 16.54201845 ], [ 96.489780120000091, 16.540765650000083 ], [ 96.488461080000036, 16.540088490000016 ], [ 96.489565200000072, 16.536566520000122 ], [ 96.493479840000134, 16.527250620000075 ], [ 96.494783400000188, 16.524507690000121 ], [ 96.495024240000021, 16.524000900000146 ], [ 96.495926400000087, 16.520760270000039 ], [ 96.496121520000031, 16.520058720000122 ], [ 96.498927, 16.513984710000045 ], [ 96.501167640000119, 16.508901420000086 ], [ 96.502435200000036, 16.506497250000166 ], [ 96.505043040000146, 16.506030690000102 ], [ 96.506107200000088, 16.500127680000162 ], [ 96.506456760000049, 16.494937830000083 ], [ 96.506555760000083, 16.49213415000014 ], [ 96.507399945000031, 16.490312125000059 ], [ 96.509158986000159, 16.48521853200009 ], [ 96.509580082000184, 16.48535888300006 ], [ 96.5151395970002, 16.486610349000046 ], [ 96.515615927000169, 16.486866270000178 ], [ 96.516608306000137, 16.487399453000137 ], [ 96.518489712000189, 16.488410291000093 ], [ 96.519427260000157, 16.488742574000185 ], [ 96.520704801000079, 16.489195357000028 ], [ 96.520843334000062, 16.489237044000049 ], [ 96.521242930000085, 16.489357286000029 ], [ 96.521456092000165, 16.489421428000185 ], [ 96.522120398000027, 16.489621325000144 ], [ 96.520750756000041, 16.495148065000024 ], [ 96.520496760000185, 16.496089020000113 ], [ 96.519594240000117, 16.502969790000122 ], [ 96.517408320000072, 16.511274449999974 ], [ 96.517783080000186, 16.511968169999989 ], [ 96.518157840000072, 16.512661980000019 ], [ 96.518338200000073, 16.514760240000101 ], [ 96.516782639999974, 16.521687720000045 ], [ 96.516584640000133, 16.522570260000066 ], [ 96.515227440000103, 16.5286152 ], [ 96.51256560000013, 16.530203700000186 ], [ 96.509552040000187, 16.53249888 ], [ 96.507892080000147, 16.533158850000063 ], [ 96.507406800000126, 16.53456852 ], [ 96.507576719999975, 16.536036510000145 ], [ 96.507777960000112, 16.539395220000017 ], [ 96.508624680000196, 16.542252180000162 ], [ 96.50828268000015, 16.543519110000034 ], [ 96.50788416000006, 16.545767760000103 ], [ 96.508077480000054, 16.546464810000032 ], [ 96.508270800000048, 16.547161860000131 ], [ 96.507708120000018, 16.548292620000097 ], [ 96.507587520000186, 16.549765830000126 ], [ 96.50772000000012, 16.550372340000024 ], [ 96.508059480000156, 16.551928890000056 ], [ 96.507581400000049, 16.553758680000101 ], [ 96.506456400000047, 16.556020290000163 ], [ 96.505620840000176, 16.558206660000053 ], [ 96.504556680000064, 16.559766630000183 ], [ 96.504787799999974, 16.56053307000019 ], [ 96.507376920000183, 16.563288870000122 ], [ 96.508823760000155, 16.565049360000103 ], [ 96.510270240000125, 16.566809760000126 ], [ 96.513560640000037, 16.568011890000093 ], [ 96.51605292, 16.569298260000096 ], [ 96.517027800000051, 16.571102130000156 ], [ 96.516746640000065, 16.571667510000054 ], [ 96.516465480000022, 16.572232890000123 ], [ 96.514948080000067, 16.572750390000124 ], [ 96.514308, 16.5736024200001 ], [ 96.512702760000138, 16.573210740000036 ], [ 96.512180400000034, 16.573965030000068 ], [ 96.512064120000048, 16.574132790000078 ], [ 96.511124160000065, 16.574429790000181 ], [ 96.509080440000048, 16.57390590000017 ], [ 96.506019720000154, 16.573400100000072 ], [ 96.50496204000018, 16.573140270000067 ], [ 96.502298040000028, 16.572485700000072 ], [ 96.499966320000055, 16.572106890000157 ], [ 96.499401120000186, 16.573097610000048 ] ] ] } },
{ "type": "Feature", "properties": { "adm4_name": "Sit Ta Pin", "adm4_name1": "စစ်တပင်", "adm4_name2": null, "adm4_name3": null, "adm4_pcode": "MMR013024013", "adm3_name": "Kyauktan", "adm3_name1": "ကျောက်တန်း", "adm3_name2": null, "adm3_name3": null, "adm3_pcode": "MMR013024", "adm2_name": "Yangon (South)", "adm2_name1": "ရန်ကုန်(တောင်ပိုင်း)", "adm2_name2": null, "adm2_name3": null, "adm2_pcode": "MMR013D003", "adm1_name": "Yangon", "adm1_name1": "ရန်ကုန်တိုင်းဒေသကြီး", "adm1_name2": null, "adm1_name3": null, "adm1_pcode": "MMR013", "adm0_name": "Myanmar", "adm0_name1": "မြန်မာနိုင်ငံ", "adm0_name2": null, "adm0_name3": null, "adm0_pcode": "MMR", "valid_on": "2024-02-15T00:00:00", "valid_to": null, "area_sqkm": 10.46762697, "version": "v01", "lang": "en", "lang1": "my", "lang2": null, "lang3": null, "adm4_ref_name": "Sit Ta Pin", "center_lat": 16.58932664, "center_lon": 96.55523206 }, "geometry": { "type": "Polygon", "coordinates": [ [ [ 96.570612720000042, 16.585406820000173 ], [ 96.570281880000039, 16.58730402000009 ], [ 96.570000000000164, 16.587834480000083 ], [ 96.56971848000012, 16.588364940000133 ], [ 96.569155080000087, 16.589425860000176 ], [ 96.567162480000036, 16.591649310000093 ], [ 96.566730120000159, 16.592131530000188 ], [ 96.562800720000098, 16.596125280000081 ], [ 96.56077104000002, 16.60071492000003 ], [ 96.560449560000109, 16.603172280000138 ], [ 96.56012808000014, 16.605629730000089 ], [ 96.559056, 16.606699830000139 ], [ 96.5584382400001, 16.606682640000145 ], [ 96.556001760000129, 16.606615050000073 ], [ 96.55455311999998, 16.606921409999984 ], [ 96.553016640000067, 16.606318770000087 ], [ 96.552447120000181, 16.607029590000081 ], [ 96.551955360000193, 16.608019050000053 ], [ 96.551090279999983, 16.608455010000057 ], [ 96.550225560000058, 16.608890880000047 ], [ 96.549606, 16.608797010000103 ], [ 96.54929640000006, 16.608750120000138 ], [ 96.548986800000023, 16.608703140000159 ], [ 96.54746544000011, 16.609010760000047 ], [ 96.545940840000071, 16.609108410000147 ], [ 96.54370020000016, 16.60984929000017 ], [ 96.541603560000055, 16.610517539999989 ], [ 96.540447960000165, 16.610958630000084 ], [ 96.539870160000135, 16.611179130000039 ], [ 96.539292360000104, 16.611399720000179 ], [ 96.537540240000112, 16.610940990000074 ], [ 96.535571040000093, 16.610556150000036 ], [ 96.533087400000113, 16.609830300000169 ], [ 96.534363600000177, 16.60791609000006 ], [ 96.537031920000175, 16.598061630000075 ], [ 96.539666400000158, 16.59051918 ], [ 96.541388640000037, 16.589227410000092 ], [ 96.543450720000124, 16.586528490000035 ], [ 96.542481600000201, 16.585074990000066 ], [ 96.54209928, 16.583961150000107 ], [ 96.542661600000031, 16.582830210000111 ], [ 96.542706960000032, 16.581218400000182 ], [ 96.545325240000125, 16.577038439999967 ], [ 96.546043440000062, 16.57653525000012 ], [ 96.548075280000148, 16.576358490000018 ], [ 96.548275440000168, 16.575304230000029 ], [ 96.547584960000052, 16.573145220000072 ], [ 96.547430880000093, 16.572622680000052 ], [ 96.547276800000134, 16.572100050000131 ], [ 96.547775760000036, 16.571530710000104 ], [ 96.548871240000096, 16.571861190000106 ], [ 96.550333920000128, 16.572395160000042 ], [ 96.55162488000019, 16.57139130000013 ], [ 96.551607240000124, 16.570340910000084 ], [ 96.552524160000189, 16.568713350000053 ], [ 96.554458440000133, 16.567067340000108 ], [ 96.55946028000011, 16.570619280000187 ], [ 96.561087120000082, 16.572270960000083 ], [ 96.560386920000042, 16.57382463 ], [ 96.558512039999982, 16.574699070000065 ], [ 96.55787268000006, 16.575551190000056 ], [ 96.557232960000022, 16.576403310000046 ], [ 96.557244840000124, 16.577103510000029 ], [ 96.557256720000055, 16.577803800000083 ], [ 96.558502680000117, 16.578411660000086 ], [ 96.559748280000122, 16.579019520000145 ], [ 96.560331840000117, 16.57914903 ], [ 96.561046440000098, 16.578435690000163 ], [ 96.563526120000063, 16.57895112000017 ], [ 96.566887080000186, 16.580010960000095 ], [ 96.567766200000108, 16.580415330000164 ], [ 96.569140680000146, 16.584312870000076 ], [ 96.569876880000095, 16.584859800000174 ], [ 96.570612720000042, 16.585406820000173 ] ] ] } },
{ "type": "Feature", "properties": { "adm4_name": "Mya Kaing", "adm4_name1": "မြကိုင်း", "adm4_name2": null, "adm4_name3": null, "adm4_pcode": "MMR013024014", "adm3_name": "Kyauktan", "adm3_name1": "ကျောက်တန်း", "adm3_name2": null, "adm3_name3": null, "adm3_pcode": "MMR013024", "adm2_name": "Yangon (South)", "adm2_name1": "ရန်ကုန်(တောင်ပိုင်း)", "adm2_name2": null, "adm2_name3": null, "adm2_pcode": "MMR013D003", "adm1_name": "Yangon", "adm1_name1": "ရန်ကုန်တိုင်းဒေသကြီး", "adm1_name2": null, "adm1_name3": null, "adm1_pcode": "MMR013", "adm0_name": "Myanmar", "adm0_name1": "မြန်မာနိုင်ငံ", "adm0_name2": null, "adm0_name3": null, "adm0_pcode": "MMR", "valid_on": "2024-02-15T00:00:00", "valid_to": null, "area_sqkm": 29.92235796, "version": "v01", "lang": "en", "lang1": "my", "lang2": null, "lang3": null, "adm4_ref_name": "Mya Kaing", "center_lat": 16.54656584, "center_lon": 96.5492115 }, "geometry": { "type": "Polygon", "coordinates": [ [ [ 96.533526960000074, 16.592801130000169 ], [ 96.533332560000133, 16.59420558000005 ], [ 96.532167600000037, 16.59408642000011 ], [ 96.531930720000162, 16.592969880000112 ], [ 96.531620040000178, 16.591784670000095 ], [ 96.529657320000126, 16.591749930000049 ], [ 96.52920948000002, 16.591057470000123 ], [ 96.529491720000124, 16.59056211 ], [ 96.53071752000011, 16.589979720000144 ], [ 96.530994, 16.589134170000023 ], [ 96.530035320000138, 16.588310850000084 ], [ 96.527061000000117, 16.588644390000127 ], [ 96.523090920000072, 16.590256650000129 ], [ 96.521430240000143, 16.590916800000059 ], [ 96.520761, 16.590018150000105 ], [ 96.52061196000011, 16.585467750000021 ], [ 96.519890160000102, 16.585760880000123 ], [ 96.51796236000007, 16.587826740000025 ], [ 96.516532800000107, 16.589253330000076 ], [ 96.515872920000049, 16.588914840000143 ], [ 96.515706960000159, 16.585520490000135 ], [ 96.515792280000142, 16.58496951 ], [ 96.516215280000154, 16.582236660000035 ], [ 96.516845280000041, 16.58189268000018 ], [ 96.519088080000131, 16.581292200000064 ], [ 96.521299560000159, 16.578800910000155 ], [ 96.523146000000168, 16.576246170000161 ], [ 96.524793720000105, 16.574815710000109 ], [ 96.526377720000028, 16.573946760000183 ], [ 96.527216880000196, 16.57197036000008 ], [ 96.528544200000056, 16.568794439999976 ], [ 96.529010400000118, 16.565758470000162 ], [ 96.529604400000039, 16.561888290000013 ], [ 96.530312520000166, 16.55727507000006 ], [ 96.5319336, 16.549961130000099 ], [ 96.531605640000066, 16.547725440000079 ], [ 96.533325, 16.545406230000026 ], [ 96.537289680000185, 16.540058430000045 ], [ 96.53784660000008, 16.53919146000004 ], [ 96.54238872000019, 16.532119710000075 ], [ 96.54493608000007, 16.528153320000172 ], [ 96.54638436, 16.52372280000003 ], [ 96.546870720000129, 16.52223465000003 ], [ 96.545801160000053, 16.510486140000125 ], [ 96.545801034000078, 16.504519954000159 ], [ 96.547767745000158, 16.497056094000015 ], [ 96.547772829000053, 16.49705872300018 ], [ 96.547780815000181, 16.497046676000139 ], [ 96.549643998000079, 16.497773062000022 ], [ 96.551098959000115, 16.498340298000073 ], [ 96.551452243000199, 16.498370843000032 ], [ 96.553756524000164, 16.498570078000057 ], [ 96.553915067000048, 16.498613703000046 ], [ 96.556150806, 16.499228881000136 ], [ 96.55730047100019, 16.49954522000013 ], [ 96.558252513000127, 16.499944317000029 ], [ 96.56328134000006, 16.502052409000157 ], [ 96.563548488000151, 16.502164398000104 ], [ 96.56370348900009, 16.502229373999967 ], [ 96.563966107000169, 16.502339464000045 ], [ 96.564239082000086, 16.502453896000077 ], [ 96.565303340000071, 16.502900034000049 ], [ 96.566134217000126, 16.503248338999981 ], [ 96.56680766900007, 16.503530652000165 ], [ 96.567816305000065, 16.504339530000152 ], [ 96.568083309000144, 16.504553655000166 ], [ 96.568284202000143, 16.504583398000079 ], [ 96.570135969000148, 16.504857566 ], [ 96.570754655000144, 16.505123437000066 ], [ 96.571651815000166, 16.505508976999977 ], [ 96.57244545400016, 16.505850032000069 ], [ 96.573113033000084, 16.506136913999967 ], [ 96.573251173000131, 16.5061758 ], [ 96.575248398000099, 16.506738027999972 ], [ 96.575447174000033, 16.506793985000115 ], [ 96.575435471000048, 16.506814548000079 ], [ 96.575546356000075, 16.506862881000131 ], [ 96.572061359000088, 16.515888183000072 ], [ 96.571769040000163, 16.516672290000031 ], [ 96.57174348000018, 16.517322000000149 ], [ 96.571667520000119, 16.519265820000044 ], [ 96.572211480000192, 16.521357330000058 ], [ 96.571659240000145, 16.52304834 ], [ 96.57168192000006, 16.524378810000144 ], [ 96.572563560000162, 16.526794319999965 ], [ 96.572824560000129, 16.527510090000078 ], [ 96.572383200000161, 16.529892930000017 ], [ 96.572225880000133, 16.530742980000014 ], [ 96.572255400000074, 16.532493570000099 ], [ 96.570892080000078, 16.53349887000013 ], [ 96.568889400000103, 16.535356289999982 ], [ 96.568484400000159, 16.537184730000092 ], [ 96.568367760000115, 16.538868 ], [ 96.568362360000037, 16.538940180000054 ], [ 96.568073280000078, 16.542935910000097 ], [ 96.56702064000001, 16.54512633000013 ], [ 96.564818880000132, 16.548108030000094 ], [ 96.564413880000188, 16.549936560000049 ], [ 96.562864440000055, 16.552836360000185 ], [ 96.56346456000017, 16.553946240000187 ], [ 96.565087800000185, 16.555387860000053 ], [ 96.569713080000042, 16.558175880000022 ], [ 96.570487800000194, 16.558862310000109 ], [ 96.571262520000175, 16.559548740000082 ], [ 96.570708840000179, 16.561169730000074 ], [ 96.56834364000008, 16.563103830000045 ], [ 96.567547320000074, 16.56329337000011 ], [ 96.566751360000126, 16.563482910000175 ], [ 96.563163240000108, 16.561866780000059 ], [ 96.559360560000016, 16.56046458000003 ], [ 96.558357960000023, 16.561323270000173 ], [ 96.554838960000041, 16.566506730000071 ], [ 96.554458440000133, 16.567067340000108 ], [ 96.552524160000189, 16.568713350000053 ], [ 96.551607240000124, 16.570340910000084 ], [ 96.55162488000019, 16.57139130000013 ], [ 96.550333920000128, 16.572395160000042 ], [ 96.548871240000096, 16.571861190000106 ], [ 96.547775760000036, 16.571530710000104 ], [ 96.547276800000134, 16.572100050000131 ], [ 96.547430880000093, 16.572622680000052 ], [ 96.547584960000052, 16.573145220000072 ], [ 96.548275440000168, 16.575304230000029 ], [ 96.548075280000148, 16.576358490000018 ], [ 96.546043440000062, 16.57653525000012 ], [ 96.545325240000125, 16.577038439999967 ], [ 96.542706960000032, 16.581218400000182 ], [ 96.542661600000031, 16.582830210000111 ], [ 96.54209928, 16.583961150000107 ], [ 96.542481600000201, 16.585074990000066 ], [ 96.543450720000124, 16.586528490000035 ], [ 96.541388640000037, 16.589227410000092 ], [ 96.539666400000158, 16.59051918 ], [ 96.538941000000193, 16.590602340000146 ], [ 96.537069360000032, 16.591686660000164 ], [ 96.535569600000144, 16.593254730000069 ], [ 96.534034200000121, 16.592721930000039 ], [ 96.533526960000074, 16.592801130000169 ] ] ] } },
{ "type": "Feature", "properties": { "adm4_name": "Boe Ba", "adm4_name1": "ဘိုးဘ", "adm4_name2": null, "adm4_name3": null, "adm4_pcode": "MMR013024015", "adm3_name": "Kyauktan", "adm3_name1": "ကျောက်တန်း", "adm3_name2": null, "adm3_name3": null, "adm3_pcode": "MMR013024", "adm2_name": "Yangon (South)", "adm2_name1": "ရန်ကုန်(တောင်ပိုင်း)", "adm2_name2": null, "adm2_name3": null, "adm2_pcode": "MMR013D003", "adm1_name": "Yangon", "adm1_name1": "ရန်ကုန်တိုင်းဒေသကြီး", "adm1_name2": null, "adm1_name3": null, "adm1_pcode": "MMR013", "adm0_name": "Myanmar", "adm0_name1": "မြန်မာနိုင်ငံ", "adm0_name2": null, "adm0_name3": null, "adm0_pcode": "MMR", "valid_on": "2024-02-15T00:00:00", "valid_to": null, "area_sqkm": 25.42529561, "version": "v01", "lang": "en", "lang1": "my", "lang2": null, "lang3": null, "adm4_ref_name": "Boe Ba", "center_lat": 16.53530252, "center_lon": 96.5239181 }, "geometry": { "type": "Polygon", "coordinates": [ [ [ 96.53604607200009, 16.493152287000044 ], [ 96.536076137, 16.493283849000136 ], [ 96.537153346000082, 16.493745562000015 ], [ 96.539067764000038, 16.494482301000176 ], [ 96.541457125000079, 16.49540181600014 ], [ 96.544477059000201, 16.496563999000102 ], [ 96.544747379, 16.496586540000067 ], [ 96.547104762000117, 16.496783107999988 ], [ 96.547653615000115, 16.496997086000135 ], [ 96.547773454000037, 16.497043807000182 ], [ 96.547767745000158, 16.497056094000015 ], [ 96.545801034000078, 16.504519954000159 ], [ 96.545801160000053, 16.510486140000125 ], [ 96.546870720000129, 16.52223465000003 ], [ 96.54638436, 16.52372280000003 ], [ 96.54493608000007, 16.528153320000172 ], [ 96.54238872000019, 16.532119710000075 ], [ 96.53784660000008, 16.53919146000004 ], [ 96.537289680000185, 16.540058430000045 ], [ 96.533325, 16.545406230000026 ], [ 96.531605640000066, 16.547725440000079 ], [ 96.5319336, 16.549961130000099 ], [ 96.530312520000166, 16.55727507000006 ], [ 96.529604400000039, 16.561888290000013 ], [ 96.529010400000118, 16.565758470000162 ], [ 96.528544200000056, 16.568794439999976 ], [ 96.527216880000196, 16.57197036000008 ], [ 96.526377720000028, 16.573946760000183 ], [ 96.524793720000105, 16.574815710000109 ], [ 96.523146000000168, 16.576246170000161 ], [ 96.521299560000159, 16.578800910000155 ], [ 96.519088080000131, 16.581292200000064 ], [ 96.516845280000041, 16.58189268000018 ], [ 96.516906120000101, 16.581191130000036 ], [ 96.517823760000169, 16.579563660000019 ], [ 96.517311480000046, 16.579362690000096 ], [ 96.516230040000096, 16.579872359999968 ], [ 96.515790480000135, 16.57967004000011 ], [ 96.515921880000178, 16.578827100000183 ], [ 96.516415080000115, 16.577907660000164 ], [ 96.51654504000004, 16.576994700000114 ], [ 96.515817480000067, 16.57693773 ], [ 96.514663320000125, 16.577448660000186 ], [ 96.513581520000173, 16.577958330000058 ], [ 96.512970960000075, 16.576218000000154 ], [ 96.512064120000048, 16.574132790000078 ], [ 96.512180400000034, 16.573965030000068 ], [ 96.512702760000138, 16.573210740000036 ], [ 96.514308, 16.5736024200001 ], [ 96.514948080000067, 16.572750390000124 ], [ 96.516465480000022, 16.572232890000123 ], [ 96.516746640000065, 16.571667510000054 ], [ 96.517027800000051, 16.571102130000156 ], [ 96.51605292, 16.569298260000096 ], [ 96.513560640000037, 16.568011890000093 ], [ 96.510270240000125, 16.566809760000126 ], [ 96.508823760000155, 16.565049360000103 ], [ 96.507376920000183, 16.563288870000122 ], [ 96.504787799999974, 16.56053307000019 ], [ 96.504556680000064, 16.559766630000183 ], [ 96.505620840000176, 16.558206660000053 ], [ 96.506456400000047, 16.556020290000163 ], [ 96.507581400000049, 16.553758680000101 ], [ 96.508059480000156, 16.551928890000056 ], [ 96.50772000000012, 16.550372340000024 ], [ 96.507587520000186, 16.549765830000126 ], [ 96.507708120000018, 16.548292620000097 ], [ 96.508270800000048, 16.547161860000131 ], [ 96.508077480000054, 16.546464810000032 ], [ 96.50788416000006, 16.545767760000103 ], [ 96.50828268000015, 16.543519110000034 ], [ 96.508624680000196, 16.542252180000162 ], [ 96.507777960000112, 16.539395220000017 ], [ 96.507576719999975, 16.536036510000145 ], [ 96.507406800000126, 16.53456852 ], [ 96.507892080000147, 16.533158850000063 ], [ 96.509552040000187, 16.53249888 ], [ 96.51256560000013, 16.530203700000186 ], [ 96.515227440000103, 16.5286152 ], [ 96.516584640000133, 16.522570260000066 ], [ 96.516782639999974, 16.521687720000045 ], [ 96.518338200000073, 16.514760240000101 ], [ 96.518157840000072, 16.512661980000019 ], [ 96.517783080000186, 16.511968169999989 ], [ 96.517408320000072, 16.511274449999974 ], [ 96.519594240000117, 16.502969790000122 ], [ 96.520496760000185, 16.496089020000113 ], [ 96.520750756000041, 16.495148065000024 ], [ 96.522120398000027, 16.489621325000144 ], [ 96.525067821000107, 16.49050823400006 ], [ 96.525261469000156, 16.490476748000106 ], [ 96.525774257000137, 16.490393375000053 ], [ 96.525892397000121, 16.490440793000062 ], [ 96.526804693000088, 16.490806966000093 ], [ 96.529391857000121, 16.49184539100014 ], [ 96.529519987000072, 16.491896818000043 ], [ 96.5302856630002, 16.491880931000026 ], [ 96.530736502000082, 16.491871577000154 ], [ 96.531250321000073, 16.491860916000064 ], [ 96.531794932000082, 16.491849616000025 ], [ 96.532735961000071, 16.492414598000039 ], [ 96.533099564000054, 16.49263290000016 ], [ 96.533298303000038, 16.49264762100006 ], [ 96.535526489, 16.49281266700001 ], [ 96.53604607200009, 16.493152287000044 ] ] ] } },
{ "type": "Feature", "properties": { "adm4_name": "Tha Nat Pin Chin", "adm4_name1": "သနပ္ပင်ချင်း", "adm4_name2": null, "adm4_name3": null, "adm4_pcode": "MMR013024019", "adm3_name": "Kyauktan", "adm3_name1": "ကျောက်တန်း", "adm3_name2": null, "adm3_name3": null, "adm3_pcode": "MMR013024", "adm2_name": "Yangon (South)", "adm2_name1": "ရန်ကုန်(တောင်ပိုင်း)", "adm2_name2": null, "adm2_name3": null, "adm2_pcode": "MMR013D003", "adm1_name": "Yangon", "adm1_name1": "ရန်ကုန်တိုင်းဒေသကြီး", "adm1_name2": null, "adm1_name3": null, "adm1_pcode": "MMR013", "adm0_name": "Myanmar", "adm0_name1": "မြန်မာနိုင်ငံ", "adm0_name2": null, "adm0_name3": null, "adm0_pcode": "MMR", "valid_on": "2024-02-15T00:00:00", "valid_to": null, "area_sqkm": 10.19502102, "version": "v01", "lang": "en", "lang1": "my", "lang2": null, "lang3": null, "adm4_ref_name": "Tha Nat Pin Chin", "center_lat": 16.60436304, "center_lon": 96.31510695 }, "geometry": { "type": "Polygon", "coordinates": [ [ [ 96.336944280000125, 16.603609320000032 ], [ 96.331979880000063, 16.60173570000012 ], [ 96.330990960000122, 16.603430940000067 ], [ 96.333059880000064, 16.60577346000008 ], [ 96.335012520000134, 16.609936140000059 ], [ 96.333146280000108, 16.611226740000063 ], [ 96.330039480000096, 16.611373260000107 ], [ 96.328505160000134, 16.61144562000004 ], [ 96.328372320000142, 16.612217100000123 ], [ 96.328239480000036, 16.61298867 ], [ 96.326546760000099, 16.616094480000129 ], [ 96.322978800000101, 16.619931539999982 ], [ 96.320346356000073, 16.622620935000043 ], [ 96.32016988100014, 16.622426813000118 ], [ 96.318853990000093, 16.617031656000051 ], [ 96.316090615000121, 16.614136692000159 ], [ 96.310563869000077, 16.613873515000137 ], [ 96.307010960000184, 16.613215570000136 ], [ 96.304642352000144, 16.610978551000073 ], [ 96.299774164000041, 16.605116760000101 ], [ 96.295825874000059, 16.602951610000162 ], [ 96.289444835000097, 16.601297264999971 ], [ 96.289556483000069, 16.601221161000069 ], [ 96.29030034200008, 16.600714119000031 ], [ 96.294330720000119, 16.597966860000042 ], [ 96.299765640000032, 16.592839920000188 ], [ 96.300471600000037, 16.592296499999975 ], [ 96.300459, 16.592282010000019 ], [ 96.300452520000022, 16.592274450000104 ], [ 96.300588960000141, 16.592033160000028 ], [ 96.300702, 16.59183291 ], [ 96.301430280000147, 16.591970339999989 ], [ 96.301806120000151, 16.592053859999965 ], [ 96.303686400000117, 16.592518890000122 ], [ 96.306193800000074, 16.593327720000048 ], [ 96.308990279999989, 16.590812580000147 ], [ 96.309899640000083, 16.590902220000089 ], [ 96.310809, 16.590991860000031 ], [ 96.311369160000197, 16.589652300000068 ], [ 96.311570400000164, 16.588598760000082 ], [ 96.312071160000187, 16.588100250000082 ], [ 96.313527720000081, 16.588355670000055 ], [ 96.314833800000144, 16.588263600000062 ], [ 96.315913080000087, 16.587615240000105 ], [ 96.316261919999988, 16.586699310000142 ], [ 96.316587720000143, 16.586623800000098 ], [ 96.316913520000128, 16.58654829000011 ], [ 96.31707732000018, 16.58773557000012 ], [ 96.3176724, 16.588635570000122 ], [ 96.32087424000008, 16.589001420000045 ], [ 96.326029080000069, 16.588843920000159 ], [ 96.330028680000055, 16.58912607000002 ], [ 96.331705560000103, 16.589517570000112 ], [ 96.332985360000123, 16.590273570000136 ], [ 96.333318360000135, 16.590470220000043 ], [ 96.333918120000192, 16.591650120000168 ], [ 96.333789600000046, 16.592702400000178 ], [ 96.33300408000008, 16.593555780000088 ], [ 96.331051080000123, 16.594079040000054 ], [ 96.330042360000164, 16.594586190000086 ], [ 96.329550600000118, 16.595644680000078 ], [ 96.329863080000052, 16.597039500000051 ], [ 96.331258440000056, 16.597995840000124 ], [ 96.332212440000092, 16.59860964000012 ], [ 96.333879240000158, 16.598371230000112 ], [ 96.335559720000106, 16.598972700000104 ], [ 96.336293760000103, 16.599450240000181 ], [ 96.336636480000038, 16.600459500000056 ], [ 96.336979560000032, 16.601468670000031 ], [ 96.336944280000125, 16.603609320000032 ] ] ] } },
{ "type": "Feature", "properties": { "adm4_name": "Baw Ga Lut", "adm4_name1": "ဘော်ဂလွတ်", "adm4_name2": null, "adm4_name3": null, "adm4_pcode": "MMR013024020", "adm3_name": "Kyauktan", "adm3_name1": "ကျောက်တန်း", "adm3_name2": null, "adm3_name3": null, "adm3_pcode": "MMR013024", "adm2_name": "Yangon (South)", "adm2_name1": "ရန်ကုန်(တောင်ပိုင်း)", "adm2_name2": null, "adm2_name3": null, "adm2_pcode": "MMR013D003", "adm1_name": "Yangon", "adm1_name1": "ရန်ကုန်တိုင်းဒေသကြီး", "adm1_name2": null, "adm1_name3": null, "adm1_pcode": "MMR013", "adm0_name": "Myanmar", "adm0_name1": "မြန်မာနိုင်ငံ", "adm0_name2": null, "adm0_name3": null, "adm0_pcode": "MMR", "valid_on": "2024-02-15T00:00:00", "valid_to": null, "area_sqkm": 11.18159729, "version": "v01", "lang": "en", "lang1": "my", "lang2": null, "lang3": null, "adm4_ref_name": "Baw Ga Lut", "center_lat": 16.58558615, "center_lon": 96.320979 }, "geometry": { "type": "Polygon", "coordinates": [ [ [ 96.344524080000042, 16.587395460000039 ], [ 96.342976800000088, 16.590498930000138 ], [ 96.342617159999975, 16.595260470000085 ], [ 96.34341564000016, 16.599862440000038 ], [ 96.34478148, 16.603615440000056 ], [ 96.344070480000141, 16.604536770000038 ], [ 96.343359480000117, 16.605458010000063 ], [ 96.339575880000098, 16.604823240000144 ], [ 96.336944280000125, 16.603609320000032 ], [ 96.336979560000032, 16.601468670000031 ], [ 96.336636480000038, 16.600459500000056 ], [ 96.336293760000103, 16.599450240000181 ], [ 96.335559720000106, 16.598972700000104 ], [ 96.333879240000158, 16.598371230000112 ], [ 96.332212440000092, 16.59860964000012 ], [ 96.331258440000056, 16.597995840000124 ], [ 96.329863080000052, 16.597039500000051 ], [ 96.329550600000118, 16.595644680000078 ], [ 96.330042360000164, 16.594586190000086 ], [ 96.331051080000123, 16.594079040000054 ], [ 96.33300408000008, 16.593555780000088 ], [ 96.333789600000046, 16.592702400000178 ], [ 96.333918120000192, 16.591650120000168 ], [ 96.333318360000135, 16.590470220000043 ], [ 96.332985360000123, 16.590273570000136 ], [ 96.331705560000103, 16.589517570000112 ], [ 96.330028680000055, 16.58912607000002 ], [ 96.326029080000069, 16.588843920000159 ], [ 96.32087424000008, 16.589001420000045 ], [ 96.3176724, 16.588635570000122 ], [ 96.31707732000018, 16.58773557000012 ], [ 96.316913520000128, 16.58654829000011 ], [ 96.316587720000143, 16.586623800000098 ], [ 96.316261919999988, 16.586699310000142 ], [ 96.315913080000087, 16.587615240000105 ], [ 96.314833800000144, 16.588263600000062 ], [ 96.313527720000081, 16.588355670000055 ], [ 96.312071160000187, 16.588100250000082 ], [ 96.311570400000164, 16.588598760000082 ], [ 96.311369160000197, 16.589652300000068 ], [ 96.310809, 16.590991860000031 ], [ 96.309899640000083, 16.590902220000089 ], [ 96.308990279999989, 16.590812580000147 ], [ 96.306193800000074, 16.593327720000048 ], [ 96.303686400000117, 16.592518890000122 ], [ 96.301806120000151, 16.592053859999965 ], [ 96.301430280000147, 16.591970339999989 ], [ 96.300702, 16.59183291 ], [ 96.300588960000141, 16.592033160000028 ], [ 96.300452520000022, 16.592274450000104 ], [ 96.296788440000114, 16.58806452000016 ], [ 96.296465520000197, 16.585971930000028 ], [ 96.29659872000002, 16.585200360000101 ], [ 96.296731560000183, 16.584428880000075 ], [ 96.296127120000108, 16.582900410000093 ], [ 96.297712200000149, 16.582174470000041 ], [ 96.299719560000142, 16.580602080000176 ], [ 96.29997912000016, 16.578639540000154 ], [ 96.30098568000011, 16.578063090000057 ], [ 96.302148480000199, 16.578183330000059 ], [ 96.302693880000049, 16.575936210000123 ], [ 96.304138200000182, 16.575492240000131 ], [ 96.30279972000011, 16.573416749999978 ], [ 96.301632600000175, 16.573016790000111 ], [ 96.302171160000114, 16.570350180000105 ], [ 96.302305440000055, 16.569648630000131 ], [ 96.302439360000108, 16.568946990000029 ], [ 96.304932000000122, 16.57058346000008 ], [ 96.308877600000073, 16.57233522000007 ], [ 96.312649680000106, 16.572271500000113 ], [ 96.314799240000127, 16.570556730000135 ], [ 96.314893920000145, 16.567338150000126 ], [ 96.316775280000059, 16.56702657000011 ], [ 96.319235160000176, 16.566565410000123 ], [ 96.321277080000186, 16.567230150000057 ], [ 96.322745160000181, 16.568324280000184 ], [ 96.324369840000088, 16.57011501 ], [ 96.325655400000073, 16.568834400000128 ], [ 96.328402920000201, 16.568228340000076 ], [ 96.331442760000186, 16.567757100000165 ], [ 96.333157080000092, 16.566049620000115 ], [ 96.335217, 16.567832880000026 ], [ 96.334955640000089, 16.56965556 ], [ 96.334841520000055, 16.571615670000028 ], [ 96.334731720000036, 16.573855410000078 ], [ 96.335488080000061, 16.575800670000092 ], [ 96.336277560000042, 16.579843380000057 ], [ 96.336464760000069, 16.582497660000115 ], [ 96.337774800000091, 16.582755060000125 ], [ 96.339084840000112, 16.583012550000092 ], [ 96.342065640000044, 16.583381280000083 ], [ 96.34504644000009, 16.583750100000032 ], [ 96.34548852000006, 16.58416212000003 ], [ 96.3459302400002, 16.584574229999987 ], [ 96.344524080000042, 16.587395460000039 ] ] ] } },
{ "type": "Feature", "properties": { "adm4_name": "Chaung Wa", "adm4_name1": "ချောင်းဝ", "adm4_name2": null, "adm4_name3": null, "adm4_pcode": "MMR013024021", "adm3_name": "Kyauktan", "adm3_name1": "ကျောက်တန်း", "adm3_name2": null, "adm3_name3": null, "adm3_pcode": "MMR013024", "adm2_name": "Yangon (South)", "adm2_name1": "ရန်ကုန်(တောင်ပိုင်း)", "adm2_name2": null, "adm2_name3": null, "adm2_pcode": "MMR013D003", "adm1_name": "Yangon", "adm1_name1": "ရန်ကုန်တိုင်းဒေသကြီး", "adm1_name2": null, "adm1_name3": null, "adm1_pcode": "MMR013", "adm0_name": "Myanmar", "adm0_name1": "မြန်မာနိုင်ငံ", "adm0_name2": null, "adm0_name3": null, "adm0_pcode": "MMR", "valid_on": "2024-02-15T00:00:00", "valid_to": null, "area_sqkm": 10.57856096, "version": "v01", "lang": "en", "lang1": "my", "lang2": null, "lang3": null, "adm4_ref_name": "Chaung Wa", "center_lat": 16.5744545, "center_lon": 96.29371931 }, "geometry": { "type": "Polygon", "coordinates": [ [ [ 96.29997912000016, 16.578639540000154 ], [ 96.299719560000142, 16.580602080000176 ], [ 96.297712200000149, 16.582174470000041 ], [ 96.296127120000108, 16.582900410000093 ], [ 96.296731560000183, 16.584428880000075 ], [ 96.29659872000002, 16.585200360000101 ], [ 96.296465520000197, 16.585971930000028 ], [ 96.296788440000114, 16.58806452000016 ], [ 96.300452520000022, 16.592274450000104 ], [ 96.300459, 16.592282010000019 ], [ 96.300471600000037, 16.592296499999975 ], [ 96.299765640000032, 16.592839920000188 ], [ 96.294330720000119, 16.597966860000042 ], [ 96.29030034200008, 16.600714119000031 ], [ 96.289556483000069, 16.601221161000069 ], [ 96.289419067000097, 16.60119908300004 ], [ 96.285701566000057, 16.599465131000102 ], [ 96.284056447000125, 16.598193553000044 ], [ 96.282522343000039, 16.596060938000051 ], [ 96.282033792, 16.59460838200016 ], [ 96.281997465000131, 16.591248365000069 ], [ 96.282733996000047, 16.58427391400005 ], [ 96.282808590000172, 16.577414145000091 ], [ 96.283278802000154, 16.576215537000053 ], [ 96.28542351100009, 16.570748511000147 ], [ 96.286295836000022, 16.564629049000075 ], [ 96.287849296000161, 16.561243102000105 ], [ 96.288826714000038, 16.560736767000037 ], [ 96.288725493000072, 16.560090091 ], [ 96.289321446000088, 16.559085748000143 ], [ 96.291360576000045, 16.557610905000047 ], [ 96.291396808000059, 16.557593016000112 ], [ 96.301023202000181, 16.552840075 ], [ 96.301819694000187, 16.551848915000107 ], [ 96.302537812000082, 16.551591574000042 ], [ 96.303512028000057, 16.550648197000044 ], [ 96.30863824, 16.548274221999975 ], [ 96.310288809000042, 16.546921298000143 ], [ 96.311567621000165, 16.546756882000011 ], [ 96.312818632000017, 16.545816749000153 ], [ 96.311608560000082, 16.552147860000048 ], [ 96.310410120000085, 16.559021700000187 ], [ 96.30845172000005, 16.563670470000034 ], [ 96.309649439999987, 16.56602802000009 ], [ 96.312550680000072, 16.565979060000132 ], [ 96.313722480000024, 16.566658650000022 ], [ 96.314893920000145, 16.567338150000126 ], [ 96.314799240000127, 16.570556730000135 ], [ 96.312649680000106, 16.572271500000113 ], [ 96.308877600000073, 16.57233522000007 ], [ 96.304932000000122, 16.57058346000008 ], [ 96.302439360000108, 16.568946990000029 ], [ 96.302305440000055, 16.569648630000131 ], [ 96.302171160000114, 16.570350180000105 ], [ 96.301632600000175, 16.573016790000111 ], [ 96.30279972000011, 16.573416749999978 ], [ 96.304138200000182, 16.575492240000131 ], [ 96.302693880000049, 16.575936210000123 ], [ 96.302148480000199, 16.578183330000059 ], [ 96.30098568000011, 16.578063090000057 ], [ 96.29997912000016, 16.578639540000154 ] ] ] } },
{ "type": "Feature", "properties": { "adm4_name": "Kwa Hnee", "adm4_name1": "ကွနှီး", "adm4_name2": null, "adm4_name3": null, "adm4_pcode": "MMR013024022", "adm3_name": "Kyauktan", "adm3_name1": "ကျောက်တန်း", "adm3_name2": null, "adm3_name3": null, "adm3_pcode": "MMR013024", "adm2_name": "Yangon (South)", "adm2_name1": "ရန်ကုန်(တောင်ပိုင်း)", "adm2_name2": null, "adm2_name3": null, "adm2_pcode": "MMR013D003", "adm1_name": "Yangon", "adm1_name1": "ရန်ကုန်တိုင်းဒေသကြီး", "adm1_name2": null, "adm1_name3": null, "adm1_pcode": "MMR013", "adm0_name": "Myanmar", "adm0_name1": "မြန်မာနိုင်ငံ", "adm0_name2": null, "adm0_name3": null, "adm0_pcode": "MMR", "valid_on": "2024-02-15T00:00:00", "valid_to": null, "area_sqkm": 14.50993831, "version": "v01", "lang": "en", "lang1": "my", "lang2": null, "lang3": null, "adm4_ref_name": "Kwa Hnee", "center_lat": 16.54292007, "center_lon": 96.37405359 }, "geometry": { "type": "Polygon", "coordinates": [ [ [ 96.357480480000049, 16.54437564 ], [ 96.359878439999989, 16.542606690000184 ], [ 96.360589440000069, 16.5416137200001 ], [ 96.362619480000149, 16.541298810000171 ], [ 96.363026280000042, 16.53947037000006 ], [ 96.365748960000076, 16.537041810000176 ], [ 96.367770000000178, 16.536166470000069 ], [ 96.371426880000058, 16.537645080000175 ], [ 96.373195200000168, 16.539156000000162 ], [ 96.373847880000142, 16.539074729999982 ], [ 96.374500560000172, 16.538993460000029 ], [ 96.375768120000032, 16.536449700000048 ], [ 96.374710800000116, 16.533945809999977 ], [ 96.374044440000091, 16.533420480000075 ], [ 96.372797400000081, 16.532437410000057 ], [ 96.373069920000091, 16.531311780000181 ], [ 96.375336480000044, 16.527629970000191 ], [ 96.376892399999974, 16.524941130000116 ], [ 96.377836320000085, 16.523906310000143 ], [ 96.378320520000045, 16.523375310000063 ], [ 96.378570720000141, 16.52084901000012 ], [ 96.37913412, 16.519718430000182 ], [ 96.3806004, 16.520533920000162 ], [ 96.382176120000167, 16.519105710000133 ], [ 96.383021040000131, 16.517409840000141 ], [ 96.38474868000003, 16.51639941000019 ], [ 96.386947920000125, 16.517622600000152 ], [ 96.387667920000183, 16.517189880000046 ], [ 96.388387560000069, 16.516757160000111 ], [ 96.38942004, 16.517720160000067 ], [ 96.390459720000081, 16.519103370000096 ], [ 96.39033228, 16.520226390000118 ], [ 96.389974800000118, 16.52058288000012 ], [ 96.389616960000183, 16.520939280000107 ], [ 96.387703560000091, 16.51943097000003 ], [ 96.387440040000172, 16.521116850000055 ], [ 96.387171840000178, 16.522522650000042 ], [ 96.387834600000133, 16.52307165000019 ], [ 96.388497360000088, 16.523620740000126 ], [ 96.388531200000045, 16.525721790000034 ], [ 96.388325640000062, 16.526495970000155 ], [ 96.388120080000135, 16.527270150000106 ], [ 96.387397920000069, 16.527562740000121 ], [ 96.386966640000082, 16.527850380000132 ], [ 96.386535360000096, 16.528138020000142 ], [ 96.386535360000096, 16.528138110000157 ], [ 96.387583680000148, 16.53008157 ], [ 96.389356680000105, 16.531872300000032 ], [ 96.389356680000105, 16.531872480000061 ], [ 96.391359, 16.529876460000082 ], [ 96.391941480000128, 16.529936490000068 ], [ 96.392523600000118, 16.529996430000097 ], [ 96.392339280000158, 16.532895600000131 ], [ 96.392291760000148, 16.533643320000181 ], [ 96.389410320000138, 16.53523425000003 ], [ 96.388434000000132, 16.53777306000012 ], [ 96.388666920000048, 16.543233450000173 ], [ 96.39087336, 16.544876760000079 ], [ 96.395163840000123, 16.54956648000018 ], [ 96.400414080000189, 16.55490627 ], [ 96.401665799999989, 16.556179320000183 ], [ 96.401084400000059, 16.556189400000108 ], [ 96.400126080000177, 16.559848800000054 ], [ 96.400159920000135, 16.561949850000133 ], [ 96.39858420000013, 16.56337824000002 ], [ 96.39759636000008, 16.565216760000112 ], [ 96.397032960000047, 16.566347430000064 ], [ 96.394998600000122, 16.566382620000127 ], [ 96.393098160000079, 16.565714910000111 ], [ 96.39177444000012, 16.56475695000006 ], [ 96.39016704, 16.564224240000044 ], [ 96.389444880000156, 16.564516920000131 ], [ 96.388445520000062, 16.565655060000154 ], [ 96.387873480000167, 16.566225390000056 ], [ 96.387221880000027, 16.566376770000147 ], [ 96.386569920000113, 16.566528150000067 ], [ 96.385689, 16.565982840000061 ], [ 96.382641960000171, 16.566315570000086 ], [ 96.380891280000128, 16.565925420000099 ], [ 96.379599240000118, 16.566928470000164 ], [ 96.378888240000094, 16.567921440000077 ], [ 96.377148720000037, 16.568231580000145 ], [ 96.375279960000171, 16.56952479000006 ], [ 96.374541960000045, 16.568836920000138 ], [ 96.373356840000042, 16.567456140000104 ], [ 96.37333236000012, 16.565915340000174 ], [ 96.370524000000103, 16.563021120000144 ], [ 96.367729680000195, 16.560967410000046 ], [ 96.364932840000051, 16.55877348000007 ], [ 96.362421120000079, 16.557258060000095 ], [ 96.361997400000178, 16.557002280000063 ], [ 96.36124392, 16.555333770000061 ], [ 96.358614840000087, 16.5545380800001 ], [ 96.357725280000011, 16.5534324300001 ], [ 96.356029320000061, 16.553491650000012 ], [ 96.355703880000135, 16.552925280000068 ], [ 96.354835560000197, 16.551414090000094 ], [ 96.354085680000139, 16.54988832000015 ], [ 96.355795320000198, 16.547901030000048 ], [ 96.357078360000173, 16.546480470000063 ], [ 96.357480480000049, 16.54437564 ] ] ] } },
{ "type": "Feature", "properties": { "adm4_name": "Zwe Bar Kone Tan", "adm4_name1": "ဇွဲဘာကုန်းတန်း", "adm4_name2": null, "adm4_name3": null, "adm4_pcode": "MMR013024023", "adm3_name": "Kyauktan", "adm3_name1": "ကျောက်တန်း", "adm3_name2": null, "adm3_name3": null, "adm3_pcode": "MMR013024", "adm2_name": "Yangon (South)", "adm2_name1": "ရန်ကုန်(တောင်ပိုင်း)", "adm2_name2": null, "adm2_name3": null, "adm2_pcode": "MMR013D003", "adm1_name": "Yangon", "adm1_name1": "ရန်ကုန်တိုင်းဒေသကြီး", "adm1_name2": null, "adm1_name3": null, "adm1_pcode": "MMR013", "adm0_name": "Myanmar", "adm0_name1": "မြန်မာနိုင်ငံ", "adm0_name2": null, "adm0_name3": null, "adm0_pcode": "MMR", "valid_on": "2024-02-15T00:00:00", "valid_to": null, "area_sqkm": 10.84087825, "version": "v01", "lang": "en", "lang1": "my", "lang2": null, "lang3": null, "adm4_ref_name": "Zwe Bar Kone Tan", "center_lat": 16.52033196, "center_lon": 96.36776416 }, "geometry": { "type": "Polygon", "coordinates": [ [ [ 96.365748960000076, 16.537041810000176 ], [ 96.363026280000042, 16.53947037000006 ], [ 96.362619480000149, 16.541298810000171 ], [ 96.360589440000069, 16.5416137200001 ], [ 96.359878439999989, 16.542606690000184 ], [ 96.357480480000049, 16.54437564 ], [ 96.354563760000076, 16.543446390000042 ], [ 96.353086680000104, 16.541793270000028 ], [ 96.353352360000031, 16.540250220000075 ], [ 96.35418504, 16.537858290000088 ], [ 96.35572728000011, 16.53447519000008 ], [ 96.356800440000086, 16.533547740000074 ], [ 96.357873960000063, 16.532620290000125 ], [ 96.357998880000082, 16.531359390000034 ], [ 96.35521212000009, 16.529448870000067 ], [ 96.351131160000136, 16.528259700000092 ], [ 96.34880636000014, 16.526728326000011 ], [ 96.351453149, 16.525432056000056 ], [ 96.351864196, 16.524603418000083 ], [ 96.355505319000088, 16.521671997000112 ], [ 96.356879991000142, 16.520129991000033 ], [ 96.361573513, 16.516573513000139 ], [ 96.362245185000177, 16.515495185000077 ], [ 96.366416652000112, 16.511916652000025 ], [ 96.367479248000052, 16.510312581000051 ], [ 96.370618075000152, 16.507868075000147 ], [ 96.375754683000082, 16.502754683000035 ], [ 96.376663583000152, 16.502409271000033 ], [ 96.378333458000043, 16.500334098 ], [ 96.381332908000047, 16.49895791 ], [ 96.382243716000119, 16.497687235000114 ], [ 96.382348457000148, 16.497541112000022 ], [ 96.382689842000048, 16.497064842000043 ], [ 96.383909672000073, 16.496189278000088 ], [ 96.384007591000113, 16.496280615000103 ], [ 96.38523288000016, 16.496705250000161 ], [ 96.38735148000012, 16.497439470000131 ], [ 96.387712560000125, 16.497293130000116 ], [ 96.388073280000128, 16.497146790000102 ], [ 96.389514720000022, 16.496421480000095 ], [ 96.390574920000176, 16.496823599999971 ], [ 96.391634760000159, 16.497225720000017 ], [ 96.39331092000009, 16.497547109999971 ], [ 96.394311, 16.498415880000096 ], [ 96.396552720000102, 16.500363570000161 ], [ 96.395710320000035, 16.502199480000172 ], [ 96.394019040000046, 16.50545118000008 ], [ 96.393457080000076, 16.506651870000155 ], [ 96.392894760000104, 16.507852469999989 ], [ 96.392605320000143, 16.507927530000188 ], [ 96.392316240000014, 16.50800259000016 ], [ 96.391167480000036, 16.508862990000125 ], [ 96.391040040000121, 16.509986100000162 ], [ 96.389641080000047, 16.513372890000085 ], [ 96.388228800000036, 16.515919170000075 ], [ 96.388387560000069, 16.516757160000111 ], [ 96.387667920000183, 16.517189880000046 ], [ 96.386947920000125, 16.517622600000152 ], [ 96.38474868000003, 16.51639941000019 ], [ 96.383021040000131, 16.517409840000141 ], [ 96.382176120000167, 16.519105710000133 ], [ 96.3806004, 16.520533920000162 ], [ 96.37913412, 16.519718430000182 ], [ 96.378570720000141, 16.52084901000012 ], [ 96.378320520000045, 16.523375310000063 ], [ 96.377836320000085, 16.523906310000143 ], [ 96.376892399999974, 16.524941130000116 ], [ 96.375336480000044, 16.527629970000191 ], [ 96.373069920000091, 16.531311780000181 ], [ 96.372797400000081, 16.532437410000057 ], [ 96.374044440000091, 16.533420480000075 ], [ 96.374710800000116, 16.533945809999977 ], [ 96.375768120000032, 16.536449700000048 ], [ 96.374500560000172, 16.538993460000029 ], [ 96.373847880000142, 16.539074729999982 ], [ 96.373195200000168, 16.539156000000162 ], [ 96.371426880000058, 16.537645080000175 ], [ 96.367770000000178, 16.536166470000069 ], [ 96.365748960000076, 16.537041810000176 ] ] ] } },
{ "type": "Feature", "properties": { "adm4_name": "Nyaung Waing", "adm4_name1": "ညောင်ဝိုင်း", "adm4_name2": null, "adm4_name3": null, "adm4_pcode": "MMR013024024", "adm3_name": "Kyauktan", "adm3_name1": "ကျောက်တန်း", "adm3_name2": null, "adm3_name3": null, "adm3_pcode": "MMR013024", "adm2_name": "Yangon (South)", "adm2_name1": "ရန်ကုန်(တောင်ပိုင်း)", "adm2_name2": null, "adm2_name3": null, "adm2_pcode": "MMR013D003", "adm1_name": "Yangon", "adm1_name1": "ရန်ကုန်တိုင်းဒေသကြီး", "adm1_name2": null, "adm1_name3": null, "adm1_pcode": "MMR013", "adm0_name": "Myanmar", "adm0_name1": "မြန်မာနိုင်ငံ", "adm0_name2": null, "adm0_name3": null, "adm0_pcode": "MMR", "valid_on": "2024-02-15T00:00:00", "valid_to": null, "area_sqkm": 14.59928495, "version": "v01", "lang": "en", "lang1": "my", "lang2": null, "lang3": null, "adm4_ref_name": "Nyaung Waing", "center_lat": 16.67877975, "center_lon": 96.32583854000001 }, "geometry": { "type": "Polygon", "coordinates": [ [ [ 96.350936400000194, 16.685898930000121 ], [ 96.353632800000184, 16.686799830000041 ], [ 96.353554320000057, 16.687490040000171 ], [ 96.352674480000076, 16.688366280000025 ], [ 96.352046519000112, 16.688444406000087 ], [ 96.351068520000069, 16.688566079999987 ], [ 96.350173080000104, 16.688466660000131 ], [ 96.34972536000015, 16.688416950000089 ], [ 96.34653972000018, 16.690452210000103 ], [ 96.345977649000133, 16.691723609000064 ], [ 96.345849240000064, 16.692014070000027 ], [ 96.344873280000172, 16.692461370000103 ], [ 96.342728400000169, 16.692498090000072 ], [ 96.341838480000035, 16.692771689999972 ], [ 96.340401719999988, 16.692365790000167 ], [ 96.339157560000103, 16.692817680000076 ], [ 96.339023793000138, 16.693034715000181 ], [ 96.338460240000131, 16.693949070000087 ], [ 96.337284840000052, 16.693108020000125 ], [ 96.337000080000109, 16.692079590000105 ], [ 96.336042840000118, 16.692309524000109 ], [ 96.33584232000004, 16.692357690000051 ], [ 96.335525520000147, 16.692104790000087 ], [ 96.335485390000031, 16.692072791000157 ], [ 96.335208360000195, 16.691851890000123 ], [ 96.333588720000137, 16.691190660000075 ], [ 96.332767470000192, 16.69116308800011 ], [ 96.331889160000173, 16.691133600000171 ], [ 96.331888811000056, 16.691132043000152 ], [ 96.331009222000034, 16.692003622000016 ], [ 96.331009320000021, 16.692009750000182 ], [ 96.330986926000151, 16.69202571500017 ], [ 96.330440753000175, 16.692415089000065 ], [ 96.330390480000176, 16.69245093000012 ], [ 96.330134880000173, 16.693230330000119 ], [ 96.329071800000122, 16.693851240000129 ], [ 96.328545120000058, 16.694463060000146 ], [ 96.328386697000042, 16.694862936 ], [ 96.327579755000045, 16.698180882000088 ], [ 96.31927843, 16.694030220000059 ], [ 96.307718030000103, 16.68651596 ], [ 96.298652093000044, 16.680623102000084 ], [ 96.302001856000174, 16.675558445000149 ], [ 96.305624280000018, 16.672375530000124 ], [ 96.308556840000051, 16.667493300000103 ], [ 96.31250784000008, 16.663560390000157 ], [ 96.314735880000057, 16.661710350000192 ], [ 96.318004680000172, 16.662258900000097 ], [ 96.321914280000158, 16.663642110000126 ], [ 96.321889440000064, 16.662072060000071 ], [ 96.320979360000081, 16.660033740000188 ], [ 96.323693400000082, 16.659679230000165 ], [ 96.325852680000082, 16.659370530000047 ], [ 96.327370800000097, 16.66016055 ], [ 96.329004480000094, 16.6623084900001 ], [ 96.331854240000155, 16.663982310000051 ], [ 96.334313039999984, 16.664756310000143 ], [ 96.33753036000013, 16.665879780000182 ], [ 96.340267440000105, 16.666376940000134 ], [ 96.341422320000106, 16.667989020000107 ], [ 96.341743440000187, 16.670431170000029 ], [ 96.341942520000146, 16.67110770000005 ], [ 96.342141600000105, 16.671784230000071 ], [ 96.343322040000032, 16.672035960000073 ], [ 96.344502120000186, 16.672287690000132 ], [ 96.345072360000131, 16.674159150000094 ], [ 96.345902880000097, 16.675781040000174 ], [ 96.345919265000077, 16.675802018000127 ], [ 96.346267920000059, 16.676248410000142 ], [ 96.346520044000158, 16.676571210000191 ], [ 96.346632960000079, 16.676715780000052 ], [ 96.348068280000177, 16.677035550000028 ], [ 96.348767736000127, 16.676927061000072 ], [ 96.349316400000077, 16.676841960000047 ], [ 96.350489280000147, 16.67751066000011 ], [ 96.35113901700015, 16.677912590000119 ], [ 96.351572880000106, 16.67818098000015 ], [ 96.352038720000053, 16.679378520000114 ], [ 96.351882120000084, 16.680759030000104 ], [ 96.352067880000163, 16.681186350000132 ], [ 96.353240760000062, 16.681855140000039 ], [ 96.353386902000068, 16.682032102000107 ], [ 96.354152280000164, 16.682958900000074 ], [ 96.354165744000056, 16.68379602400006 ], [ 96.354170280000062, 16.684078050000096 ], [ 96.354110497000192, 16.684244308000189 ], [ 96.353998920000095, 16.684554600000126 ], [ 96.353662638000174, 16.684606777000056 ], [ 96.352906680000103, 16.684724070000073 ], [ 96.351985440000135, 16.684416990000102 ], [ 96.350914440000111, 16.68452148 ], [ 96.349578120000047, 16.68480273 ], [ 96.349404960000129, 16.685150220000025 ], [ 96.349591800000098, 16.685663670000054 ], [ 96.350936400000194, 16.685898930000121 ] ] ] } },
{ "type": "Feature", "properties": { "adm4_name": "Yae Kyaw", "adm4_name1": "ရေကျော်", "adm4_name2": null, "adm4_name3": null, "adm4_pcode": "MMR013024025", "adm3_name": "Kyauktan", "adm3_name1": "ကျောက်တန်း", "adm3_name2": null, "adm3_name3": null, "adm3_pcode": "MMR013024", "adm2_name": "Yangon (South)", "adm2_name1": "ရန်ကုန်(တောင်ပိုင်း)", "adm2_name2": null, "adm2_name3": null, "adm2_pcode": "MMR013D003", "adm1_name": "Yangon", "adm1_name1": "ရန်ကုန်တိုင်းဒေသကြီး", "adm1_name2": null, "adm1_name3": null, "adm1_pcode": "MMR013", "adm0_name": "Myanmar", "adm0_name1": "မြန်မာနိုင်ငံ", "adm0_name2": null, "adm0_name3": null, "adm0_pcode": "MMR", "valid_on": "2024-02-15T00:00:00", "valid_to": null, "area_sqkm": 23.03648738, "version": "v01", "lang": "en", "lang1": "my", "lang2": null, "lang3": null, "adm4_ref_name": "Yae Kyaw", "center_lat": 16.70357988, "center_lon": 96.36193248 }, "geometry": { "type": "Polygon", "coordinates": [ [ [ 96.353632800000184, 16.686799830000041 ], [ 96.350936400000194, 16.685898930000121 ], [ 96.349591800000098, 16.685663670000054 ], [ 96.349404960000129, 16.685150220000025 ], [ 96.349578120000047, 16.68480273 ], [ 96.350914440000111, 16.68452148 ], [ 96.351985440000135, 16.684416990000102 ], [ 96.352906680000103, 16.684724070000073 ], [ 96.35320749300007, 16.684824341000137 ], [ 96.353827920000128, 16.6850311500001 ], [ 96.354051939000101, 16.685239944000159 ], [ 96.354372240000089, 16.685538480000162 ], [ 96.355625040000177, 16.685603009999966 ], [ 96.358949640000105, 16.686665280000113 ], [ 96.360022080000192, 16.686646830000029 ], [ 96.361640280000131, 16.687221750000163 ], [ 96.363074520000112, 16.687455300000124 ], [ 96.363869040000168, 16.686838890000104 ], [ 96.36430896000013, 16.686400680000077 ], [ 96.364251963000129, 16.685413766000124 ], [ 96.364184760000171, 16.684250130000123 ], [ 96.36309180000012, 16.682977260000143 ], [ 96.362748808, 16.681885804000103 ], [ 96.362526600000081, 16.681178700000032 ], [ 96.362424720000035, 16.68040542000017 ], [ 96.362769600000149, 16.679624490000037 ], [ 96.362783542000045, 16.679543450000097 ], [ 96.362933040000144, 16.67867445000013 ], [ 96.363288, 16.678496160000122 ], [ 96.36400548000006, 16.678656 ], [ 96.364492251000115, 16.679109523000136 ], [ 96.365366640000047, 16.679924190000122 ], [ 96.366608896000173, 16.680531304999988 ], [ 96.36689844000017, 16.68067281000009 ], [ 96.367883040000095, 16.680741930000124 ], [ 96.368227920000038, 16.679961000000162 ], [ 96.36871248000017, 16.679522070000075 ], [ 96.369197040000074, 16.679083139999989 ], [ 96.369650008000121, 16.678541568000128 ], [ 96.370074, 16.678034640000135 ], [ 96.370168423000109, 16.67786935200013 ], [ 96.37042176000017, 16.677425880000044 ], [ 96.370715241000198, 16.677477210000177 ], [ 96.370869960000164, 16.677504270000099 ], [ 96.371372992000033, 16.67767083300015 ], [ 96.371858520000046, 16.6778316 ], [ 96.372305720000099, 16.678861071000028 ], [ 96.372972360000176, 16.680395700000076 ], [ 96.374065680000058, 16.681668480000042 ], [ 96.374212965000083, 16.68168363400008 ], [ 96.374782080000159, 16.68174219000008 ], [ 96.375932640000144, 16.681033440000078 ], [ 96.376190137000037, 16.680939878000174 ], [ 96.377176800000086, 16.68058136999997 ], [ 96.378791040000067, 16.680897810000033 ], [ 96.379711421000081, 16.681384252000157 ], [ 96.38005320000002, 16.681564890000175 ], [ 96.380191782000111, 16.681562492000182 ], [ 96.381036360000053, 16.681547880000039 ], [ 96.382387800000117, 16.682213340000033 ], [ 96.381861480000111, 16.682825250000178 ], [ 96.380973360000155, 16.683185070000093 ], [ 96.380909210000141, 16.683595339000021 ], [ 96.380892360000189, 16.683703110000181 ], [ 96.380811360000052, 16.684221150000042 ], [ 96.380015400000104, 16.684751610000035 ], [ 96.380193139000141, 16.685160871999983 ], [ 96.38038656000009, 16.685606250000092 ], [ 96.379858800000136, 16.686132030000067 ], [ 96.379867451000052, 16.686665897000069 ], [ 96.379869960000178, 16.68682071 ], [ 96.37988112, 16.687509390000173 ], [ 96.379445520000047, 16.688205810000056 ], [ 96.378282360000071, 16.688139840000076 ], [ 96.37784532000012, 16.688750220000145 ], [ 96.377817230000119, 16.688866056000165 ], [ 96.377509800000098, 16.690133790000061 ], [ 96.37707996000006, 16.691174550000028 ], [ 96.375760200000116, 16.692489 ], [ 96.37538832000007, 16.693925040000011 ], [ 96.379237630000034, 16.69624922200012 ], [ 96.381531000000109, 16.697633940000117 ], [ 96.381618658000093, 16.697715557000038 ], [ 96.381674640000085, 16.697767680000027 ], [ 96.381818280000061, 16.697901420000051 ], [ 96.382042831000092, 16.698750300000142 ], [ 96.382571760000076, 16.70074983 ], [ 96.382462837, 16.702302496000073 ], [ 96.382456920000152, 16.702386840000088 ], [ 96.382457531000114, 16.70242534900018 ], [ 96.38245908000016, 16.702523100000178 ], [ 96.382654612000181, 16.703229051000051 ], [ 96.382909800000164, 16.70415039 ], [ 96.383194130000049, 16.704145454000127 ], [ 96.383324520000144, 16.704143190000138 ], [ 96.383956779000187, 16.704132221000179 ], [ 96.385031280000192, 16.704113580000183 ], [ 96.387716160000082, 16.703930700000114 ], [ 96.388429680000172, 16.704327060000082 ], [ 96.388445138000179, 16.705275565000136 ], [ 96.388456320000046, 16.705961730000126 ], [ 96.390161981000062, 16.705805491999968 ], [ 96.39029268000013, 16.705793520000043 ], [ 96.392072028000086, 16.70615080500005 ], [ 96.393414960000143, 16.706420460000061 ], [ 96.394975200000147, 16.706665890000124 ], [ 96.3943146000002, 16.709538780000173 ], [ 96.39478492100011, 16.710163604000172 ], [ 96.395326920000116, 16.710883650000028 ], [ 96.397043760000031, 16.712080110000102 ], [ 96.39748800000018, 16.713298620000046 ], [ 96.397948080000049, 16.715470769999968 ], [ 96.398650216000078, 16.716770206000035 ], [ 96.398677440000199, 16.716820590000111 ], [ 96.398611200000062, 16.717094280000026 ], [ 96.398557006000033, 16.717316915000083 ], [ 96.398544600000037, 16.717367880000097 ], [ 96.397932334000188, 16.717378557000188 ], [ 96.397837560000141, 16.717380210000044 ], [ 96.39774516000017, 16.717426691000071 ], [ 96.397276320000117, 16.717662540000163 ], [ 96.396869880000054, 16.718759640000144 ], [ 96.395884200000182, 16.719049350000148 ], [ 96.395190120000166, 16.719878970000025 ], [ 96.395517720000043, 16.72259841000016 ], [ 96.395528520000084, 16.723279530000013 ], [ 96.396096600000192, 16.723405889999981 ], [ 96.396664680000129, 16.723532250000176 ], [ 96.396945190000054, 16.724423818000048 ], [ 96.397210881000092, 16.724461012000063 ], [ 96.397723088000134, 16.724536514000135 ], [ 96.39817933400019, 16.724603767000076 ], [ 96.399430953000092, 16.72563517500015 ], [ 96.400339454000061, 16.726383833999989 ], [ 96.400650209000105, 16.72663992400004 ], [ 96.400766248000195, 16.72673555200015 ], [ 96.398043108000138, 16.72706758400011 ], [ 96.397322068000165, 16.727155500000094 ], [ 96.397238031000199, 16.727165746000026 ], [ 96.396153549000189, 16.727297976000159 ], [ 96.387781269000072, 16.728318798000089 ], [ 96.378587200000084, 16.728318798000089 ], [ 96.375303606000159, 16.725910829000043 ], [ 96.373771261000115, 16.7272242680001 ], [ 96.371144384000104, 16.728318798000089 ], [ 96.362653864000151, 16.729650646000152 ], [ 96.359980157000166, 16.730070051000098 ], [ 96.356602732000056, 16.728694061000112 ], [ 96.354069685000184, 16.72766207899997 ], [ 96.356248976000074, 16.724016553000183 ], [ 96.358669420000183, 16.722402922000128 ], [ 96.358669420000183, 16.720432764 ], [ 96.358669420000183, 16.717805886000122 ], [ 96.358369985000195, 16.717656168000133 ], [ 96.357222155000045, 16.717082252000068 ], [ 96.357164902000193, 16.717168970000159 ], [ 96.352806439000119, 16.71532387600007 ], [ 96.351442807000069, 16.714746602000105 ], [ 96.344656708000173, 16.712557538000169 ], [ 96.343433232, 16.709961980000173 ], [ 96.341993165000133, 16.706906925999988 ], [ 96.341367846000196, 16.705270610000127 ], [ 96.341172544000187, 16.703974002000166 ], [ 96.340993218000108, 16.702783452000062 ], [ 96.340990160000047, 16.702765489000058 ], [ 96.340843802000165, 16.701905808999982 ], [ 96.337198547000128, 16.702872918000025 ], [ 96.336513879000108, 16.70283523500018 ], [ 96.32939677100012, 16.699089389000051 ], [ 96.327579755000045, 16.698180882000088 ], [ 96.328386697000042, 16.694862936 ], [ 96.328545120000058, 16.694463060000146 ], [ 96.329071800000122, 16.693851240000129 ], [ 96.330134880000173, 16.693230330000119 ], [ 96.330390480000176, 16.69245093000012 ], [ 96.330440753000175, 16.692415089000065 ], [ 96.330986926000151, 16.69202571500017 ], [ 96.331009320000021, 16.692009750000182 ], [ 96.331009222000034, 16.692003622000016 ], [ 96.331888811000056, 16.691132043000152 ], [ 96.331889160000173, 16.691133600000171 ], [ 96.332767470000192, 16.69116308800011 ], [ 96.333588720000137, 16.691190660000075 ], [ 96.335208360000195, 16.691851890000123 ], [ 96.335485390000031, 16.692072791000157 ], [ 96.335525520000147, 16.692104790000087 ], [ 96.33584232000004, 16.692357690000051 ], [ 96.336042840000118, 16.692309524000109 ], [ 96.337000080000109, 16.692079590000105 ], [ 96.337284840000052, 16.693108020000125 ], [ 96.338460240000131, 16.693949070000087 ], [ 96.339023793000138, 16.693034715000181 ], [ 96.339157560000103, 16.692817680000076 ], [ 96.340401719999988, 16.692365790000167 ], [ 96.341838480000035, 16.692771689999972 ], [ 96.342728400000169, 16.692498090000072 ], [ 96.344873280000172, 16.692461370000103 ], [ 96.345849240000064, 16.692014070000027 ], [ 96.345977649000133, 16.691723609000064 ], [ 96.34653972000018, 16.690452210000103 ], [ 96.34972536000015, 16.688416950000089 ], [ 96.350173080000104, 16.688466660000131 ], [ 96.351068520000069, 16.688566079999987 ], [ 96.352046519000112, 16.688444406000087 ], [ 96.352674480000076, 16.688366280000025 ], [ 96.353554320000057, 16.687490040000171 ], [ 96.353632800000184, 16.686799830000041 ] ] ] } },
{ "type": "Feature", "properties": { "adm4_name": "Kyar Kan", "adm4_name1": "ကြာကန်", "adm4_name2": null, "adm4_name3": null, "adm4_pcode": "MMR013024026", "adm3_name": "Kyauktan", "adm3_name1": "ကျောက်တန်း", "adm3_name2": null, "adm3_name3": null, "adm3_pcode": "MMR013024", "adm2_name": "Yangon (South)", "adm2_name1": "ရန်ကုန်(တောင်ပိုင်း)", "adm2_name2": null, "adm2_name3": null, "adm2_pcode": "MMR013D003", "adm1_name": "Yangon", "adm1_name1": "ရန်ကုန်တိုင်းဒေသကြီး", "adm1_name2": null, "adm1_name3": null, "adm1_pcode": "MMR013", "adm0_name": "Myanmar", "adm0_name1": "မြန်မာနိုင်ငံ", "adm0_name2": null, "adm0_name3": null, "adm0_pcode": "MMR", "valid_on": "2024-02-15T00:00:00", "valid_to": null, "area_sqkm": 9.06820825, "version": "v01", "lang": "en", "lang1": "my", "lang2": null, "lang3": null, "adm4_ref_name": "Kyar Kan", "center_lat": 16.67266515, "center_lon": 96.36910765 }, "geometry": { "type": "Polygon", "coordinates": [ [ [ 96.382387800000117, 16.682213340000033 ], [ 96.381036360000053, 16.681547880000039 ], [ 96.380191782000111, 16.681562492000182 ], [ 96.38005320000002, 16.681564890000175 ], [ 96.379711421000081, 16.681384252000157 ], [ 96.378791040000067, 16.680897810000033 ], [ 96.377176800000086, 16.68058136999997 ], [ 96.376190137000037, 16.680939878000174 ], [ 96.375932640000144, 16.681033440000078 ], [ 96.374782080000159, 16.68174219000008 ], [ 96.374212965000083, 16.68168363400008 ], [ 96.374065680000058, 16.681668480000042 ], [ 96.372972360000176, 16.680395700000076 ], [ 96.372305720000099, 16.678861071000028 ], [ 96.371858520000046, 16.6778316 ], [ 96.371372992000033, 16.67767083300015 ], [ 96.370869960000164, 16.677504270000099 ], [ 96.370715241000198, 16.677477210000177 ], [ 96.37042176000017, 16.677425880000044 ], [ 96.370168423000109, 16.67786935200013 ], [ 96.370074, 16.678034640000135 ], [ 96.369650008000121, 16.678541568000128 ], [ 96.369197040000074, 16.679083139999989 ], [ 96.36871248000017, 16.679522070000075 ], [ 96.368227920000038, 16.679961000000162 ], [ 96.367883040000095, 16.680741930000124 ], [ 96.36689844000017, 16.68067281000009 ], [ 96.366608896000173, 16.680531304999988 ], [ 96.365366640000047, 16.679924190000122 ], [ 96.364492251000115, 16.679109523000136 ], [ 96.36400548000006, 16.678656 ], [ 96.363288, 16.678496160000122 ], [ 96.362933040000144, 16.67867445000013 ], [ 96.362783542000045, 16.679543450000097 ], [ 96.362769600000149, 16.679624490000037 ], [ 96.362424720000035, 16.68040542000017 ], [ 96.362526600000081, 16.681178700000032 ], [ 96.362748808, 16.681885804000103 ], [ 96.36309180000012, 16.682977260000143 ], [ 96.364184760000171, 16.684250130000123 ], [ 96.364251963000129, 16.685413766000124 ], [ 96.36430896000013, 16.686400680000077 ], [ 96.363869040000168, 16.686838890000104 ], [ 96.363074520000112, 16.687455300000124 ], [ 96.361640280000131, 16.687221750000163 ], [ 96.360022080000192, 16.686646830000029 ], [ 96.358949640000105, 16.686665280000113 ], [ 96.355625040000177, 16.685603009999966 ], [ 96.354372240000089, 16.685538480000162 ], [ 96.354051939000101, 16.685239944000159 ], [ 96.353827920000128, 16.6850311500001 ], [ 96.35320749300007, 16.684824341000137 ], [ 96.352906680000103, 16.684724070000073 ], [ 96.353662638000174, 16.684606777000056 ], [ 96.353998920000095, 16.684554600000126 ], [ 96.354110497000192, 16.684244308000189 ], [ 96.354170280000062, 16.684078050000096 ], [ 96.354165744000056, 16.68379602400006 ], [ 96.354152280000164, 16.682958900000074 ], [ 96.353386902000068, 16.682032102000107 ], [ 96.353240760000062, 16.681855140000039 ], [ 96.352067880000163, 16.681186350000132 ], [ 96.351882120000084, 16.680759030000104 ], [ 96.352038720000053, 16.679378520000114 ], [ 96.351572880000106, 16.67818098000015 ], [ 96.35113901700015, 16.677912590000119 ], [ 96.350489280000147, 16.67751066000011 ], [ 96.349316400000077, 16.676841960000047 ], [ 96.348767736000127, 16.676927061000072 ], [ 96.348068280000177, 16.677035550000028 ], [ 96.346632960000079, 16.676715780000052 ], [ 96.346520044000158, 16.676571210000191 ], [ 96.346267920000059, 16.676248410000142 ], [ 96.345919265000077, 16.675802018000127 ], [ 96.345902880000097, 16.675781040000174 ], [ 96.345072360000131, 16.674159150000094 ], [ 96.344502120000186, 16.672287690000132 ], [ 96.345095040000047, 16.671099060000017 ], [ 96.345391320000033, 16.670504700000038 ], [ 96.34568760000019, 16.669910340000058 ], [ 96.346321560000092, 16.668358380000086 ], [ 96.348556080000037, 16.668391770000028 ], [ 96.356205360000047, 16.668551340000079 ], [ 96.356721287000198, 16.666583174000152 ], [ 96.356826, 16.666183710000098 ], [ 96.356983823000064, 16.6660265000001 ], [ 96.357196440000166, 16.66581471000012 ], [ 96.358624078000162, 16.665432049000174 ], [ 96.359726160000037, 16.665136649999965 ], [ 96.360101314000133, 16.664543414000093 ], [ 96.360827400000176, 16.66339524000017 ], [ 96.362124120000033, 16.66210374000002 ], [ 96.362058240000067, 16.660825830000022 ], [ 96.363814320000074, 16.661496240000076 ], [ 96.366965760000028, 16.65849951000007 ], [ 96.367730760000086, 16.659001260000025 ], [ 96.367886640000052, 16.659103410000114 ], [ 96.369464160000177, 16.660137870000085 ], [ 96.372164880000184, 16.665275430000122 ], [ 96.374331719000111, 16.666518331000191 ], [ 96.375247560000162, 16.667043660000047 ], [ 96.380445600000201, 16.664711940000188 ], [ 96.382315440000184, 16.663418640000145 ], [ 96.38377164000002, 16.663533480000012 ], [ 96.385550400000113, 16.665604380000161 ], [ 96.386352840000086, 16.665870150000103 ], [ 96.393592440000134, 16.66826712 ], [ 96.392398680000099, 16.671387150000044 ], [ 96.393952440000078, 16.673042610000095 ], [ 96.394005360000165, 16.678067760000033 ], [ 96.39277740000017, 16.679220750000013 ], [ 96.390155520000121, 16.681648050000149 ], [ 96.389525880000065, 16.681400640000106 ], [ 96.388734240000133, 16.68218939999997 ], [ 96.387946560000159, 16.683236370000088 ], [ 96.387234480000188, 16.683420960000092 ], [ 96.386687280000046, 16.68274155 ], [ 96.38672616000008, 16.679640960000143 ], [ 96.385906800000157, 16.67870793000003 ], [ 96.385011480000117, 16.678637370000047 ], [ 96.38439588000017, 16.679250810000042 ], [ 96.384057840000082, 16.680462210000087 ], [ 96.383278800000141, 16.682025690000103 ], [ 96.382387800000117, 16.682213340000033 ] ] ] } },
{ "type": "Feature", "properties": { "adm4_name": "Par Da Gyi", "adm4_name1": "ပါဒကြီး", "adm4_name2": null, "adm4_name3": null, "adm4_pcode": "MMR013024027", "adm3_name": "Kyauktan", "adm3_name1": "ကျောက်တန်း", "adm3_name2": null, "adm3_name3": null, "adm3_pcode": "MMR013024", "adm2_name": "Yangon (South)", "adm2_name1": "ရန်ကုန်(တောင်ပိုင်း)", "adm2_name2": null, "adm2_name3": null, "adm2_pcode": "MMR013D003", "adm1_name": "Yangon", "adm1_name1": "ရန်ကုန်တိုင်းဒေသကြီး", "adm1_name2": null, "adm1_name3": null, "adm1_pcode": "MMR013", "adm0_name": "Myanmar", "adm0_name1": "မြန်မာနိုင်ငံ", "adm0_name2": null, "adm0_name3": null, "adm0_pcode": "MMR", "valid_on": "2024-02-15T00:00:00", "valid_to": null, "area_sqkm": 6.96200962, "version": "v01", "lang": "en", "lang1": "my", "lang2": null, "lang3": null, "adm4_ref_name": "Par Da Gyi", "center_lat": 16.66146479, "center_lon": 96.34522698000001 }, "geometry": { "type": "Polygon", "coordinates": [ [ [ 96.34568760000019, 16.669910340000058 ], [ 96.345391320000033, 16.670504700000038 ], [ 96.345095040000047, 16.671099060000017 ], [ 96.344502120000186, 16.672287690000132 ], [ 96.343322040000032, 16.672035960000073 ], [ 96.342141600000105, 16.671784230000071 ], [ 96.341942520000146, 16.67110770000005 ], [ 96.341743440000187, 16.670431170000029 ], [ 96.341422320000106, 16.667989020000107 ], [ 96.340267440000105, 16.666376940000134 ], [ 96.33753036000013, 16.665879780000182 ], [ 96.334313039999984, 16.664756310000143 ], [ 96.331854240000155, 16.663982310000051 ], [ 96.329004480000094, 16.6623084900001 ], [ 96.327370800000097, 16.66016055 ], [ 96.325852680000082, 16.659370530000047 ], [ 96.323693400000082, 16.659679230000165 ], [ 96.320979360000081, 16.660033740000188 ], [ 96.319174320000116, 16.656923340000048 ], [ 96.319238930000154, 16.656273967000061 ], [ 96.319255966000128, 16.656102744000179 ], [ 96.318547277, 16.65562868100011 ], [ 96.318627141000036, 16.655567247000022 ], [ 96.319103033000147, 16.653616090000128 ], [ 96.319198211000071, 16.652093234000063 ], [ 96.319486964000021, 16.650887821000083 ], [ 96.31972670000016, 16.650863643000037 ], [ 96.320169676000035, 16.650922181000112 ], [ 96.3201863970001, 16.650929895000047 ], [ 96.320582101000127, 16.651112430000126 ], [ 96.321055628000181, 16.651244140000188 ], [ 96.321895753000149, 16.651288044000069 ], [ 96.32267478, 16.651288044000069 ], [ 96.323087206000196, 16.65122950600005 ], [ 96.324416133000113, 16.651170967999974 ], [ 96.324606382000127, 16.651197007000121 ], [ 96.325806161, 16.651361216999987 ], [ 96.326035286000092, 16.651200237000182 ], [ 96.326233862000151, 16.650863643000037 ], [ 96.326203312000132, 16.650453875999972 ], [ 96.326035286000092, 16.650146550000159 ], [ 96.326004736000186, 16.64979532000001 ], [ 96.32615748700016, 16.64959043500005 ], [ 96.326508812000156, 16.649722147000091 ], [ 96.327058714000032, 16.649824589000048 ], [ 96.327639164000061, 16.649839224000118 ], [ 96.327866000000199, 16.649905366000098 ], [ 96.32799049, 16.649941666000075 ], [ 96.328212389000157, 16.650036968000109 ], [ 96.328433466000092, 16.650131915000088 ], [ 96.328845891000185, 16.65010264600005 ], [ 96.329796630000089, 16.64989868400005 ], [ 96.331097049000107, 16.649619705000134 ], [ 96.331163229000083, 16.649633154000128 ], [ 96.332105201000047, 16.649824589000048 ], [ 96.333113353000158, 16.650029474000064 ], [ 96.334640856000135, 16.650322165000034 ], [ 96.336107258000141, 16.650527049000061 ], [ 96.337329260000161, 16.650556318000099 ], [ 96.339803815000039, 16.650966085000164 ], [ 96.340033038000058, 16.651151021000032 ], [ 96.340384266000171, 16.65143438900003 ], [ 96.340881838000143, 16.651734537000152 ], [ 96.341209117000119, 16.651931961000173 ], [ 96.342522769000084, 16.652195380000023 ], [ 96.343806424000149, 16.652422424000122 ], [ 96.34408225500016, 16.652471211000034 ], [ 96.344157650000113, 16.652484546000153 ], [ 96.344508523000059, 16.652546606000101 ], [ 96.344783356000164, 16.652719400000024 ], [ 96.345403899000075, 16.65310955200016 ], [ 96.345460886000126, 16.653145382000105 ], [ 96.34548612500015, 16.653161249999982 ], [ 96.34545557500013, 16.65436126200018 ], [ 96.34548612500015, 16.655590537000023 ], [ 96.346280427000124, 16.656000292000044 ], [ 96.349335432000032, 16.656527120000135 ], [ 96.350313034000123, 16.656410047000122 ], [ 96.3506490850001, 16.655707609999979 ], [ 96.35101568500005, 16.654566142000078 ], [ 96.350801835000141, 16.653658817000064 ], [ 96.350099183999987, 16.653131981000172 ], [ 96.349457632000053, 16.651931961000173 ], [ 96.348494949000042, 16.650738378000085 ], [ 96.349384080000164, 16.650394830000096 ], [ 96.352159680000113, 16.651187910000147 ], [ 96.355642320000186, 16.650707760000046 ], [ 96.360462720000044, 16.652026170000056 ], [ 96.363111240000137, 16.653942180000115 ], [ 96.361590600000113, 16.658872290000033 ], [ 96.362058240000067, 16.660825830000022 ], [ 96.362124120000033, 16.66210374000002 ], [ 96.360827400000176, 16.66339524000017 ], [ 96.360101314000133, 16.664543414000093 ], [ 96.359726160000037, 16.665136649999965 ], [ 96.358624078000162, 16.665432049000174 ], [ 96.357196440000166, 16.66581471000012 ], [ 96.356983823000064, 16.6660265000001 ], [ 96.356826, 16.666183710000098 ], [ 96.356721287000198, 16.666583174000152 ], [ 96.356205360000047, 16.668551340000079 ], [ 96.348556080000037, 16.668391770000028 ], [ 96.346321560000092, 16.668358380000086 ], [ 96.34568760000019, 16.669910340000058 ] ] ] } },
{ "type": "Feature", "properties": { "adm4_name": "U Yin", "adm4_name1": "ဥယျာဉ်", "adm4_name2": null, "adm4_name3": null, "adm4_pcode": "MMR013024028", "adm3_name": "Kyauktan", "adm3_name1": "ကျောက်တန်း", "adm3_name2": null, "adm3_name3": null, "adm3_pcode": "MMR013024", "adm2_name": "Yangon (South)", "adm2_name1": "ရန်ကုန်(တောင်ပိုင်း)", "adm2_name2": null, "adm2_name3": null, "adm2_pcode": "MMR013D003", "adm1_name": "Yangon", "adm1_name1": "ရန်ကုန်တိုင်းဒေသကြီး", "adm1_name2": null, "adm1_name3": null, "adm1_pcode": "MMR013", "adm0_name": "Myanmar", "adm0_name1": "မြန်မာနိုင်ငံ", "adm0_name2": null, "adm0_name3": null, "adm0_pcode": "MMR", "valid_on": "2024-02-15T00:00:00", "valid_to": null, "area_sqkm": 10.44486401, "version": "v01", "lang": "en", "lang1": "my", "lang2": null, "lang3": null, "adm4_ref_name": "U Yin", "center_lat": 16.60201178, "center_lon": 96.41879735000001 }, "geometry": { "type": "Polygon", "coordinates": [ [ [ 96.432500160000075, 16.584154920000117 ], [ 96.432574320000128, 16.584258690000183 ], [ 96.432648840000127, 16.584362460000079 ], [ 96.434016480000082, 16.587981270000171 ], [ 96.435681480000198, 16.592015160000187 ], [ 96.435565920000045, 16.593838560000052 ], [ 96.432513840000126, 16.59389202 ], [ 96.432250680000038, 16.59557790000008 ], [ 96.432596280000041, 16.598934360000158 ], [ 96.433152480000047, 16.599262500000123 ], [ 96.435825840000064, 16.600839300000189 ], [ 96.435876240000141, 16.603920720000076 ], [ 96.437366280000163, 16.606136340000091 ], [ 96.438004920000083, 16.609627710000098 ], [ 96.437359080000078, 16.610129460000053 ], [ 96.436712880000073, 16.610631120000164 ], [ 96.435258782000062, 16.612047570000129 ], [ 96.433780664000153, 16.611678041 ], [ 96.43274688200006, 16.611330902000191 ], [ 96.431190485000116, 16.611330902000191 ], [ 96.426528925000071, 16.611330902000191 ], [ 96.423248283000078, 16.613058961000036 ], [ 96.421176905000095, 16.617205537000132 ], [ 96.420486445000165, 16.618414794999978 ], [ 96.418930048000107, 16.618586458000095 ], [ 96.416511529000104, 16.61616793800016 ], [ 96.411331171000086, 16.612025177000135 ], [ 96.408050529000093, 16.611330902000191 ], [ 96.40528869100018, 16.611678041 ], [ 96.400279993000197, 16.614439882 ], [ 96.394409172000167, 16.617377199000146 ], [ 96.389572136000197, 16.620829498000035 ], [ 96.382667534000177, 16.620486176000043 ], [ 96.378212686000154, 16.622026639000069 ], [ 96.377473440000131, 16.621419150000179 ], [ 96.378139080000096, 16.62024609000008 ], [ 96.382755360000147, 16.618488120000109 ], [ 96.381848520000062, 16.616266020000126 ], [ 96.383871000000113, 16.615671660000146 ], [ 96.38604504, 16.615494180000042 ], [ 96.386172120000083, 16.614373140000168 ], [ 96.390528120000056, 16.612058699999977 ], [ 96.393491280000092, 16.611448410000094 ], [ 96.394243320000157, 16.60864032000012 ], [ 96.394938840000123, 16.606811520000178 ], [ 96.397538400000087, 16.606137600000181 ], [ 96.397818120000181, 16.605503910000152 ], [ 96.39721116000004, 16.603837380000073 ], [ 96.397418520000144, 16.603204860000176 ], [ 96.4006182, 16.60377834000019 ], [ 96.401401920000012, 16.602926220000029 ], [ 96.402097440000034, 16.601097330000073 ], [ 96.403244760000121, 16.600308840000025 ], [ 96.404472360000057, 16.600008060000164 ], [ 96.405557400000134, 16.599849389999974 ], [ 96.405769080000084, 16.599496410000086 ], [ 96.40605024000007, 16.598932469999966 ], [ 96.406837200000155, 16.598289960000102 ], [ 96.407782920000045, 16.598483100000124 ], [ 96.408430920000058, 16.598192400000016 ], [ 96.409211040000116, 16.597130670000126 ], [ 96.409857600000123, 16.596770040000138 ], [ 96.4105884, 16.597106730000064 ], [ 96.411323160000052, 16.597722870000098 ], [ 96.411755880000158, 16.59757554000015 ], [ 96.412104720000059, 16.596730980000075 ], [ 96.412507920000053, 16.594767450000177 ], [ 96.413075280000101, 16.593989040000054 ], [ 96.414042960000018, 16.593308370000045 ], [ 96.415010640000162, 16.592627700000037 ], [ 96.417390240000032, 16.591817610000135 ], [ 96.418683360000102, 16.591096350000157 ], [ 96.419909880000148, 16.590725640000073 ], [ 96.420762720000198, 16.589662650000037 ], [ 96.422343480000109, 16.588796580000121 ], [ 96.423781680000047, 16.588072800000134 ], [ 96.42549960000008, 16.586715150000032 ], [ 96.427666080000108, 16.586188290000166 ], [ 96.428308680000157, 16.585583129999975 ], [ 96.428951280000035, 16.584977970000182 ], [ 96.429451680000057, 16.584418350000078 ], [ 96.432053760000088, 16.583532210000101 ], [ 96.432351480000193, 16.583947290000026 ], [ 96.432500160000075, 16.584154920000117 ] ] ] } },
{ "type": "Feature", "properties": { "adm4_name": "Shwe Pyauk", "adm4_name1": "ရွှေပျောက်", "adm4_name2": null, "adm4_name3": null, "adm4_pcode": "MMR013024029", "adm3_name": "Kyauktan", "adm3_name1": "ကျောက်တန်း", "adm3_name2": null, "adm3_name3": null, "adm3_pcode": "MMR013024", "adm2_name": "Yangon (South)", "adm2_name1": "ရန်ကုန်(တောင်ပိုင်း)", "adm2_name2": null, "adm2_name3": null, "adm2_pcode": "MMR013D003", "adm1_name": "Yangon", "adm1_name1": "ရန်ကုန်တိုင်းဒေသကြီး", "adm1_name2": null, "adm1_name3": null, "adm1_pcode": "MMR013", "adm0_name": "Myanmar", "adm0_name1": "မြန်မာနိုင်ငံ", "adm0_name2": null, "adm0_name3": null, "adm0_pcode": "MMR", "valid_on": "2024-02-15T00:00:00", "valid_to": null, "area_sqkm": 38.04083378, "version": "v01", "lang": "en", "lang1": "my", "lang2": null, "lang3": null, "adm4_ref_name": "Shwe Pyauk", "center_lat": 16.63084202, "center_lon": 96.28176247 }, "geometry": { "type": "Polygon", "coordinates": [ [ [ 96.305624280000018, 16.672375530000124 ], [ 96.302001856000174, 16.675558445000149 ], [ 96.298652093000044, 16.680623102000084 ], [ 96.295928414000173, 16.678852710000115 ], [ 96.295671747000142, 16.678740812000115 ], [ 96.294873471000187, 16.678392791000022 ], [ 96.283840232999978, 16.673582679999981 ], [ 96.283429131999981, 16.673403453 ], [ 96.277478306000035, 16.67080909900011 ], [ 96.275049333000027, 16.671934407000151 ], [ 96.273671366000144, 16.673276096000052 ], [ 96.272770959000184, 16.674968311000157 ], [ 96.2724900340001, 16.675496278000082 ], [ 96.272442469000168, 16.6755856690001 ], [ 96.272382302000096, 16.675698746000137 ], [ 96.271841519000191, 16.675970049999989 ], [ 96.271662264000042, 16.676059980000161 ], [ 96.271644102000096, 16.676069092000034 ], [ 96.270568793000052, 16.676608560000091 ], [ 96.268755135999982, 16.677518449000104 ], [ 96.267334892000065, 16.678133570000114 ], [ 96.266156282000111, 16.678644037000026 ], [ 96.265183719000163, 16.67736174300012 ], [ 96.264813760000038, 16.675385683000059 ], [ 96.263741860000152, 16.675180317000127 ], [ 96.263729624000064, 16.675177972000029 ], [ 96.263619433000088, 16.675156861000119 ], [ 96.263123998000196, 16.675197541000102 ], [ 96.26216008300014, 16.675276686000188 ], [ 96.260602466000137, 16.675404581 ], [ 96.258423031000177, 16.674715897000056 ], [ 96.257440091000035, 16.674405295000099 ], [ 96.256554159000075, 16.674419140000111 ], [ 96.253255649000039, 16.674470685000188 ], [ 96.250821209000037, 16.675191084 ], [ 96.249852551000174, 16.675477729000022 ], [ 96.248862688000088, 16.675266235000095 ], [ 96.24849470800018, 16.675187613 ], [ 96.247476610000149, 16.674970087000133 ], [ 96.247082872000078, 16.674752835000106 ], [ 96.246696961, 16.67453990100006 ], [ 96.245527446000153, 16.673894599000164 ], [ 96.244652639000151, 16.673838505000106 ], [ 96.244336129000089, 16.67381821000015 ], [ 96.243940232000114, 16.673513156000126 ], [ 96.242957745000069, 16.672756113999981 ], [ 96.242841203000012, 16.672666314000026 ], [ 96.243053663000182, 16.672391590000018 ], [ 96.24354770400015, 16.671752763000029 ], [ 96.246142451000139, 16.668858793000027 ], [ 96.246555943000089, 16.668584845000112 ], [ 96.247479280000164, 16.667973112000027 ], [ 96.24787672500014, 16.667381248000083 ], [ 96.248377914000116, 16.666634891000058 ], [ 96.25176472000004, 16.663681391000125 ], [ 96.253075210000077, 16.662075211000058 ], [ 96.254318646000115, 16.661377359000085 ], [ 96.255797426000072, 16.660547426000051 ], [ 96.256180710000194, 16.659680710000089 ], [ 96.259010944000067, 16.656760852000104 ], [ 96.260296638000057, 16.654943944000081 ], [ 96.260881223000183, 16.654117822999979 ], [ 96.261401775000081, 16.65371944400016 ], [ 96.261766365000028, 16.653440423000063 ], [ 96.261769690000051, 16.653311792000181 ], [ 96.261804449000181, 16.651966875000028 ], [ 96.262877724000077, 16.649908910000022 ], [ 96.263402566000138, 16.648902545000169 ], [ 96.264817603000097, 16.644926852000083 ], [ 96.265065680000077, 16.642328175000102 ], [ 96.265299373000175, 16.639880156000117 ], [ 96.265347681000094, 16.639374114000191 ], [ 96.265059929000074, 16.637409126000136 ], [ 96.263935556000035, 16.629731062000076 ], [ 96.263011219000191, 16.626217007000037 ], [ 96.263054287000045, 16.626142517000062 ], [ 96.262825151000072, 16.625415674000067 ], [ 96.260188761000052, 16.617052715000113 ], [ 96.25972743300008, 16.615589326000077 ], [ 96.259365076000051, 16.614439882 ], [ 96.259605626000052, 16.612455632000149 ], [ 96.259583415000066, 16.612317542000085 ], [ 96.260061757000074, 16.608485542000096 ], [ 96.260100721000072, 16.608371684000076 ], [ 96.261057059000166, 16.605577155000049 ], [ 96.261157771000114, 16.605282861000035 ], [ 96.261185070000181, 16.605250057000035 ], [ 96.267346390000171, 16.597846390000029 ], [ 96.269249387000116, 16.594666054000129 ], [ 96.272502131000124, 16.587926190000076 ], [ 96.274203277000197, 16.583550053000067 ], [ 96.274534348000145, 16.582698386000061 ], [ 96.275883468000075, 16.581602779999969 ], [ 96.276951393000047, 16.581501001 ], [ 96.277603999000064, 16.58175180700016 ], [ 96.277606817000105, 16.581755839000152 ], [ 96.278339676000087, 16.584166825000125 ], [ 96.278881065000178, 16.585947906000172 ], [ 96.278718231000198, 16.587031474000128 ], [ 96.278362267000091, 16.589400207999972 ], [ 96.27791976400016, 16.594233430000031 ], [ 96.279006059000039, 16.596472338000183 ], [ 96.280113907000043, 16.598755666000102 ], [ 96.280284810000069, 16.599107907000189 ], [ 96.281745673000046, 16.600731089000021 ], [ 96.281745696000144, 16.600731114000098 ], [ 96.282243725000058, 16.601284480000061 ], [ 96.282653417, 16.601739694000059 ], [ 96.28804857700004, 16.60450306600012 ], [ 96.288824044000137, 16.604562716999965 ], [ 96.291925443000196, 16.604801286999987 ], [ 96.292549489000123, 16.60484929100005 ], [ 96.293180557000085, 16.604897834999974 ], [ 96.29457585199998, 16.60555069600008 ], [ 96.298999919000039, 16.607620722000149 ], [ 96.299777451000068, 16.607984530000067 ], [ 96.300292962000185, 16.608225739000034 ], [ 96.300659323, 16.608847662000073 ], [ 96.302021021000087, 16.611159240000177 ], [ 96.302159642000049, 16.611282552000091 ], [ 96.305104992000054, 16.613902650000171 ], [ 96.305129998000155, 16.613924895000139 ], [ 96.305158403000121, 16.613939075000076 ], [ 96.306119268000145, 16.614418750000027 ], [ 96.306050717000062, 16.614547605000155 ], [ 96.305907827000112, 16.614816196000049 ], [ 96.305926914000054, 16.614833618000091 ], [ 96.305874140000128, 16.614879519000056 ], [ 96.305806215000075, 16.614938599000141 ], [ 96.305200148000097, 16.615547284000172 ], [ 96.305139048000058, 16.616191320000155 ], [ 96.305291798000042, 16.616747531000101 ], [ 96.305077948000132, 16.617362290000074 ], [ 96.304711348000183, 16.618094143000121 ], [ 96.304650246999984, 16.618679622000172 ], [ 96.30449749700017, 16.619996947000175 ], [ 96.304222546000062, 16.621460629000126 ], [ 96.303947596000057, 16.62210464500015 ], [ 96.303627127000084, 16.622956777000127 ], [ 96.302725593000105, 16.625353970000106 ], [ 96.302368697000077, 16.625972987000068 ], [ 96.302077061000091, 16.626478814000109 ], [ 96.30111559400018, 16.62814641600005 ], [ 96.300312139000084, 16.629539954999984 ], [ 96.298671192000086, 16.631952980000051 ], [ 96.298536154000089, 16.6321515570001 ], [ 96.298320737000154, 16.632468330000108 ], [ 96.29725237800011, 16.634039360000031 ], [ 96.295912931000032, 16.636009025000021 ], [ 96.295943481000108, 16.63677007800004 ], [ 96.291427934000126, 16.636537781000072 ], [ 96.291391523000073, 16.636535908000042 ], [ 96.291299873000128, 16.638584884000068 ], [ 96.29059488300004, 16.64059016200008 ], [ 96.289344669000172, 16.644146279000097 ], [ 96.293743877000168, 16.645580507000091 ], [ 96.293041226000014, 16.647687925000184 ], [ 96.293163328, 16.650817228000051 ], [ 96.293163426000035, 16.650819739000156 ], [ 96.287267265000025, 16.651083161000088 ], [ 96.287234011000123, 16.651250955000137 ], [ 96.287473596000154, 16.652843372000177 ], [ 96.287453932000119, 16.653785310000103 ], [ 96.287139316000037, 16.654180924000173 ], [ 96.287296624000078, 16.654877954000085 ], [ 96.287768549000134, 16.65578220600014 ], [ 96.288260754000078, 16.656315938000091 ], [ 96.288962793000167, 16.65611736600016 ], [ 96.291956699000082, 16.65531248700006 ], [ 96.293884398000159, 16.654876229000024 ], [ 96.293896628000084, 16.654873461000022 ], [ 96.294843680000156, 16.654756387000077 ], [ 96.296004580999977, 16.654200286000162 ], [ 96.296737047000192, 16.653963448000127 ], [ 96.2972265840001, 16.653805160000161 ], [ 96.297274302000176, 16.653741860000082 ], [ 96.297640294000075, 16.65380644600009 ], [ 96.298639668000135, 16.653996803000098 ], [ 96.299020382000037, 16.654615463000141 ], [ 96.299353506000045, 16.654996177000044 ], [ 96.301590200000192, 16.65551965800006 ], [ 96.302779930000042, 16.655805193000162 ], [ 96.304112428000167, 16.656281086000035 ], [ 96.305540105000091, 16.656661799000176 ], [ 96.307586442, 16.656852156000014 ], [ 96.30853822600011, 16.656756978000146 ], [ 96.309299654000199, 16.656709389000014 ], [ 96.310061081000072, 16.657185281000125 ], [ 96.31063215100005, 16.657803941000168 ], [ 96.311679114000071, 16.657994298 ], [ 96.312283308000133, 16.657994298 ], [ 96.313059202000034, 16.657994298 ], [ 96.31420134300015, 16.657661173000065 ], [ 96.315153128000134, 16.657185281000125 ], [ 96.31615250100009, 16.656756978000146 ], [ 96.318008481, 16.656043139000133 ], [ 96.318547277, 16.65562868100011 ], [ 96.319255966000128, 16.656102744000179 ], [ 96.319238930000154, 16.656273967000061 ], [ 96.319174320000116, 16.656923340000048 ], [ 96.320979360000081, 16.660033740000188 ], [ 96.321889440000064, 16.662072060000071 ], [ 96.321914280000158, 16.663642110000126 ], [ 96.318004680000172, 16.662258900000097 ], [ 96.314735880000057, 16.661710350000192 ], [ 96.31250784000008, 16.663560390000157 ], [ 96.308556840000051, 16.667493300000103 ], [ 96.305624280000018, 16.672375530000124 ] ] ] } },
{ "type": "Feature", "properties": { "adm4_name": "Pan Taw", "adm4_name1": "ပန်းတော", "adm4_name2": null, "adm4_name3": null, "adm4_pcode": "MMR013024030", "adm3_name": "Kyauktan", "adm3_name1": "ကျောက်တန်း", "adm3_name2": null, "adm3_name3": null, "adm3_pcode": "MMR013024", "adm2_name": "Yangon (South)", "adm2_name1": "ရန်ကုန်(တောင်ပိုင်း)", "adm2_name2": null, "adm2_name3": null, "adm2_pcode": "MMR013D003", "adm1_name": "Yangon", "adm1_name1": "ရန်ကုန်တိုင်းဒေသကြီး", "adm1_name2": null, "adm1_name3": null, "adm1_pcode": "MMR013", "adm0_name": "Myanmar", "adm0_name1": "မြန်မာနိုင်ငံ", "adm0_name2": null, "adm0_name3": null, "adm0_pcode": "MMR", "valid_on": "2024-02-15T00:00:00", "valid_to": null, "area_sqkm": 22.877351, "version": "v01", "lang": "en", "lang1": "my", "lang2": null, "lang3": null, "adm4_ref_name": "Pan Taw", "center_lat": 16.60699017, "center_lon": 96.3596663 }, "geometry": { "type": "Polygon", "coordinates": [ [ [ 96.378212686000154, 16.622026639000069 ], [ 96.378177636000089, 16.622038759000191 ], [ 96.375411981000184, 16.623938476999967 ], [ 96.372993462000181, 16.625838196000018 ], [ 96.370922081000117, 16.628947173000142 ], [ 96.368679041000121, 16.630156434000128 ], [ 96.365741723000099, 16.630328096000085 ], [ 96.361251823000032, 16.630328096000085 ], [ 96.356933588000061, 16.630328096000085 ], [ 96.352962486000138, 16.628947173000142 ], [ 96.348819727000091, 16.62825671500002 ], [ 96.345191949000139, 16.62756625500009 ], [ 96.341564172000119, 16.62756625500009 ], [ 96.337249748000147, 16.628947173000142 ], [ 96.330688470000155, 16.629809295000086 ], [ 96.326880932000051, 16.627690385000108 ], [ 96.322801668000011, 16.625321778000114 ], [ 96.320346356000073, 16.622620935000043 ], [ 96.322978800000101, 16.619931539999982 ], [ 96.326546760000099, 16.616094480000129 ], [ 96.328239480000036, 16.61298867 ], [ 96.328372320000142, 16.612217100000123 ], [ 96.328505160000134, 16.61144562000004 ], [ 96.330039480000096, 16.611373260000107 ], [ 96.333146280000108, 16.611226740000063 ], [ 96.335012520000134, 16.609936140000059 ], [ 96.333059880000064, 16.60577346000008 ], [ 96.330990960000122, 16.603430940000067 ], [ 96.331979880000063, 16.60173570000012 ], [ 96.336944280000125, 16.603609320000032 ], [ 96.339575880000098, 16.604823240000144 ], [ 96.343359480000117, 16.605458010000063 ], [ 96.344070480000141, 16.604536770000038 ], [ 96.34478148, 16.603615440000056 ], [ 96.34341564000016, 16.599862440000038 ], [ 96.342617159999975, 16.595260470000085 ], [ 96.342976800000088, 16.590498930000138 ], [ 96.344524080000042, 16.587395460000039 ], [ 96.345695880000164, 16.588074870000128 ], [ 96.346162080000056, 16.590024990000188 ], [ 96.347074680000048, 16.592666850000057 ], [ 96.348846960000117, 16.59459465000009 ], [ 96.350719680000168, 16.593723450000084 ], [ 96.353588160000186, 16.591576500000087 ], [ 96.355619280000042, 16.591541670000083 ], [ 96.356036520000089, 16.590415680000149 ], [ 96.357612600000095, 16.589129850000177 ], [ 96.359416200000112, 16.589098980000131 ], [ 96.359933880000142, 16.589090160000069 ], [ 96.362094240000033, 16.588074060000054 ], [ 96.363978120000127, 16.587901890000182 ], [ 96.367446720000032, 16.587003150000044 ], [ 96.369468840000195, 16.586408970000093 ], [ 96.371602559999985, 16.58371491000014 ], [ 96.372481680000078, 16.584259230000043 ], [ 96.37308468000009, 16.585647479999977 ], [ 96.372712080000156, 16.589570040000183 ], [ 96.372335160000034, 16.593212970000138 ], [ 96.37313292000016, 16.593199200000072 ], [ 96.373931040000116, 16.593185520000191 ], [ 96.376057920000051, 16.590071970000167 ], [ 96.379025760000104, 16.585125660000131 ], [ 96.380746560000034, 16.583837310000149 ], [ 96.381635040000162, 16.584940890000155 ], [ 96.380519400000082, 16.587757350000118 ], [ 96.379557840000075, 16.591130550000173 ], [ 96.37901568000018, 16.593517530000099 ], [ 96.380490960000031, 16.595030610000094 ], [ 96.383961720000116, 16.594271370000172 ], [ 96.385526280000079, 16.592286330000036 ], [ 96.387099480000074, 16.59086055 ], [ 96.3877024800002, 16.592248800000107 ], [ 96.388175880000119, 16.594618230000094 ], [ 96.387461640000197, 16.595329860000163 ], [ 96.383870640000055, 16.597629630000029 ], [ 96.382877760000156, 16.599045330000081 ], [ 96.382755000000145, 16.600446090000162 ], [ 96.383203920000142, 16.601277510000045 ], [ 96.386252760000161, 16.601364720000163 ], [ 96.386560920000079, 16.602478290000079 ], [ 96.385894200000166, 16.606126170000095 ], [ 96.385488120000105, 16.607951370000137 ], [ 96.383019240000124, 16.60785417000011 ], [ 96.381582120000076, 16.608718080000187 ], [ 96.382325520000109, 16.609824180000032 ], [ 96.386172120000083, 16.614373140000168 ], [ 96.38604504, 16.615494180000042 ], [ 96.383871000000113, 16.615671660000146 ], [ 96.381848520000062, 16.616266020000126 ], [ 96.382755360000147, 16.618488120000109 ], [ 96.378139080000096, 16.62024609000008 ], [ 96.377473440000131, 16.621419150000179 ], [ 96.378212686000154, 16.622026639000069 ] ] ] } },
{ "type": "Feature", "properties": { "adm4_name": "Ywar Thit Ka Lay", "adm4_name1": "ရွာသစ်ကလေး", "adm4_name2": null, "adm4_name3": null, "adm4_pcode": "MMR013024031", "adm3_name": "Kyauktan", "adm3_name1": "ကျောက်တန်း", "adm3_name2": null, "adm3_name3": null, "adm3_pcode": "MMR013024", "adm2_name": "Yangon (South)", "adm2_name1": "ရန်ကုန်(တောင်ပိုင်း)", "adm2_name2": null, "adm2_name3": null, "adm2_pcode": "MMR013D003", "adm1_name": "Yangon", "adm1_name1": "ရန်ကုန်တိုင်းဒေသကြီး", "adm1_name2": null, "adm1_name3": null, "adm1_pcode": "MMR013", "adm0_name": "Myanmar", "adm0_name1": "မြန်မာနိုင်ငံ", "adm0_name2": null, "adm0_name3": null, "adm0_pcode": "MMR", "valid_on": "2024-02-15T00:00:00", "valid_to": null, "area_sqkm": 27.10181999, "version": "v01", "lang": "en", "lang1": "my", "lang2": null, "lang3": null, "adm4_ref_name": "Ywar Thit Ka Lay", "center_lat": 16.58399972, "center_lon": 96.40505799 }, "geometry": { "type": "Polygon", "coordinates": [ [ [ 96.429451680000057, 16.584418350000078 ], [ 96.428951280000035, 16.584977970000182 ], [ 96.428308680000157, 16.585583129999975 ], [ 96.427666080000108, 16.586188290000166 ], [ 96.42549960000008, 16.586715150000032 ], [ 96.423781680000047, 16.588072800000134 ], [ 96.422343480000109, 16.588796580000121 ], [ 96.420762720000198, 16.589662650000037 ], [ 96.419909880000148, 16.590725640000073 ], [ 96.418683360000102, 16.591096350000157 ], [ 96.417390240000032, 16.591817610000135 ], [ 96.415010640000162, 16.592627700000037 ], [ 96.414042960000018, 16.593308370000045 ], [ 96.413075280000101, 16.593989040000054 ], [ 96.412507920000053, 16.594767450000177 ], [ 96.412104720000059, 16.596730980000075 ], [ 96.411755880000158, 16.59757554000015 ], [ 96.411323160000052, 16.597722870000098 ], [ 96.4105884, 16.597106730000064 ], [ 96.409857600000123, 16.596770040000138 ], [ 96.409211040000116, 16.597130670000126 ], [ 96.408430920000058, 16.598192400000016 ], [ 96.407782920000045, 16.598483100000124 ], [ 96.406837200000155, 16.598289960000102 ], [ 96.40605024000007, 16.598932469999966 ], [ 96.405769080000084, 16.599496410000086 ], [ 96.405557400000134, 16.599849389999974 ], [ 96.404472360000057, 16.600008060000164 ], [ 96.403244760000121, 16.600308840000025 ], [ 96.402097440000034, 16.601097330000073 ], [ 96.401401920000012, 16.602926220000029 ], [ 96.4006182, 16.60377834000019 ], [ 96.397418520000144, 16.603204860000176 ], [ 96.39721116000004, 16.603837380000073 ], [ 96.397818120000181, 16.605503910000152 ], [ 96.397538400000087, 16.606137600000181 ], [ 96.394938840000123, 16.606811520000178 ], [ 96.394243320000157, 16.60864032000012 ], [ 96.393491280000092, 16.611448410000094 ], [ 96.390528120000056, 16.612058699999977 ], [ 96.386172120000083, 16.614373140000168 ], [ 96.382325520000109, 16.609824180000032 ], [ 96.381582120000076, 16.608718080000187 ], [ 96.383019240000124, 16.60785417000011 ], [ 96.385488120000105, 16.607951370000137 ], [ 96.385894200000166, 16.606126170000095 ], [ 96.386560920000079, 16.602478290000079 ], [ 96.386252760000161, 16.601364720000163 ], [ 96.383203920000142, 16.601277510000045 ], [ 96.382755000000145, 16.600446090000162 ], [ 96.382877760000156, 16.599045330000081 ], [ 96.383870640000055, 16.597629630000029 ], [ 96.387461640000197, 16.595329860000163 ], [ 96.388175880000119, 16.594618230000094 ], [ 96.3877024800002, 16.592248800000107 ], [ 96.387099480000074, 16.59086055 ], [ 96.385526280000079, 16.592286330000036 ], [ 96.383961720000116, 16.594271370000172 ], [ 96.380490960000031, 16.595030610000094 ], [ 96.37901568000018, 16.593517530000099 ], [ 96.379557840000075, 16.591130550000173 ], [ 96.380519400000082, 16.587757350000118 ], [ 96.381635040000162, 16.584940890000155 ], [ 96.380746560000034, 16.583837310000149 ], [ 96.379025760000104, 16.585125660000131 ], [ 96.376057920000051, 16.590071970000167 ], [ 96.373931040000116, 16.593185520000191 ], [ 96.37313292000016, 16.593199200000072 ], [ 96.372335160000034, 16.593212970000138 ], [ 96.372712080000156, 16.589570040000183 ], [ 96.37308468000009, 16.585647479999977 ], [ 96.372481680000078, 16.584259230000043 ], [ 96.371602559999985, 16.58371491000014 ], [ 96.369468840000195, 16.586408970000093 ], [ 96.367446720000032, 16.587003150000044 ], [ 96.363978120000127, 16.587901890000182 ], [ 96.362094240000033, 16.588074060000054 ], [ 96.359933880000142, 16.589090160000069 ], [ 96.359416200000112, 16.589098980000131 ], [ 96.357612600000095, 16.589129850000177 ], [ 96.356036520000089, 16.590415680000149 ], [ 96.355619280000042, 16.591541670000083 ], [ 96.353588160000186, 16.591576500000087 ], [ 96.350719680000168, 16.593723450000084 ], [ 96.348846960000117, 16.59459465000009 ], [ 96.347074680000048, 16.592666850000057 ], [ 96.346162080000056, 16.590024990000188 ], [ 96.345695880000164, 16.588074870000128 ], [ 96.344524080000042, 16.587395460000039 ], [ 96.3459302400002, 16.584574229999987 ], [ 96.34548852000006, 16.58416212000003 ], [ 96.347422080000172, 16.582061070000066 ], [ 96.348627, 16.580751840000119 ], [ 96.348747600000081, 16.57921122 ], [ 96.349879080000107, 16.57737369 ], [ 96.350734080000109, 16.57638 ], [ 96.352760520000118, 16.57606563000013 ], [ 96.353336520000141, 16.575776099999985 ], [ 96.353314200000113, 16.574377860000141 ], [ 96.355046160000029, 16.573788720000039 ], [ 96.355751400000145, 16.572517920000053 ], [ 96.355124640000156, 16.569591480000042 ], [ 96.353357040000105, 16.567943310000089 ], [ 96.35073264, 16.567148970000119 ], [ 96.349551840000174, 16.565910300000098 ], [ 96.350185800000077, 16.56471069000014 ], [ 96.350819760000093, 16.56351099 ], [ 96.35151636, 16.561680840000122 ], [ 96.353371079999988, 16.559691120000139 ], [ 96.354069480000078, 16.558000740000068 ], [ 96.354040680000139, 16.556183010000154 ], [ 96.356029320000061, 16.553491650000012 ], [ 96.357725280000011, 16.5534324300001 ], [ 96.358614840000087, 16.5545380800001 ], [ 96.36124392, 16.555333770000061 ], [ 96.361997400000178, 16.557002280000063 ], [ 96.362421120000079, 16.557258060000095 ], [ 96.364932840000051, 16.55877348000007 ], [ 96.367729680000195, 16.560967410000046 ], [ 96.370524000000103, 16.563021120000144 ], [ 96.37333236000012, 16.565915340000174 ], [ 96.373356840000042, 16.567456140000104 ], [ 96.374541960000045, 16.568836920000138 ], [ 96.375279960000171, 16.56952479000006 ], [ 96.377148720000037, 16.568231580000145 ], [ 96.378888240000094, 16.567921440000077 ], [ 96.379599240000118, 16.566928470000164 ], [ 96.380891280000128, 16.565925420000099 ], [ 96.382641960000171, 16.566315570000086 ], [ 96.385689, 16.565982840000061 ], [ 96.386569920000113, 16.566528150000067 ], [ 96.387221880000027, 16.566376770000147 ], [ 96.387873480000167, 16.566225390000056 ], [ 96.388445520000062, 16.565655060000154 ], [ 96.389444880000156, 16.564516920000131 ], [ 96.39016704, 16.564224240000044 ], [ 96.39177444000012, 16.56475695000006 ], [ 96.393098160000079, 16.565714910000111 ], [ 96.394998600000122, 16.566382620000127 ], [ 96.397032960000047, 16.566347430000064 ], [ 96.39759636000008, 16.565216760000112 ], [ 96.39858420000013, 16.56337824000002 ], [ 96.400159920000135, 16.561949850000133 ], [ 96.400126080000177, 16.559848800000054 ], [ 96.401084400000059, 16.556189400000108 ], [ 96.401665799999989, 16.556179320000183 ], [ 96.402246840000146, 16.556169240000088 ], [ 96.404605920000108, 16.558230060000028 ], [ 96.406513200000177, 16.559317890000159 ], [ 96.408275040000092, 16.560408150000114 ], [ 96.410617920000163, 16.56148842000016 ], [ 96.413276880000069, 16.564104270000087 ], [ 96.41240496000006, 16.564119480000102 ], [ 96.409959480000055, 16.565703120000023 ], [ 96.40940544, 16.567394040000124 ], [ 96.407820720000188, 16.568262180000033 ], [ 96.407856720000154, 16.570503270000188 ], [ 96.406446600000152, 16.57318986000007 ], [ 96.407032680000157, 16.573459860000185 ], [ 96.409814040000072, 16.574672610000164 ], [ 96.413758200000075, 16.575865020000094 ], [ 96.415949520000026, 16.576527510000176 ], [ 96.414964200000043, 16.578506160000131 ], [ 96.41556144000009, 16.579476450000072 ], [ 96.418018080000138, 16.578593100000035 ], [ 96.420324960000073, 16.577432100000067 ], [ 96.42122208, 16.578957599999967 ], [ 96.424719120000191, 16.57945710000007 ], [ 96.427773, 16.579543860000172 ], [ 96.428250360000163, 16.582057470000109 ], [ 96.429451680000057, 16.584418350000078 ] ] ] } },
{ "type": "Feature", "properties": { "adm4_name": "Mee Pya", "adm4_name1": "မီးပြ", "adm4_name2": null, "adm4_name3": null, "adm4_pcode": "MMR013024032", "adm3_name": "Kyauktan", "adm3_name1": "ကျောက်တန်း", "adm3_name2": null, "adm3_name3": null, "adm3_pcode": "MMR013024", "adm2_name": "Yangon (South)", "adm2_name1": "ရန်ကုန်(တောင်ပိုင်း)", "adm2_name2": null, "adm2_name3": null, "adm2_pcode": "MMR013D003", "adm1_name": "Yangon", "adm1_name1": "ရန်ကုန်တိုင်းဒေသကြီး", "adm1_name2": null, "adm1_name3": null, "adm1_pcode": "MMR013", "adm0_name": "Myanmar", "adm0_name1": "မြန်မာနိုင်ငံ", "adm0_name2": null, "adm0_name3": null, "adm0_pcode": "MMR", "valid_on": "2024-02-15T00:00:00", "valid_to": null, "area_sqkm": 19.20272879, "version": "v01", "lang": "en", "lang1": "my", "lang2": null, "lang3": null, "adm4_ref_name": "Mee Pya", "center_lat": 16.55483733, "center_lon": 96.33308733 }, "geometry": { "type": "Polygon", "coordinates": [ [ [ 96.35073264, 16.567148970000119 ], [ 96.353357040000105, 16.567943310000089 ], [ 96.355124640000156, 16.569591480000042 ], [ 96.355751400000145, 16.572517920000053 ], [ 96.355046160000029, 16.573788720000039 ], [ 96.353314200000113, 16.574377860000141 ], [ 96.353336520000141, 16.575776099999985 ], [ 96.352760520000118, 16.57606563000013 ], [ 96.350734080000109, 16.57638 ], [ 96.349879080000107, 16.57737369 ], [ 96.348747600000081, 16.57921122 ], [ 96.348627, 16.580751840000119 ], [ 96.347422080000172, 16.582061070000066 ], [ 96.34548852000006, 16.58416212000003 ], [ 96.34504644000009, 16.583750100000032 ], [ 96.342065640000044, 16.583381280000083 ], [ 96.339084840000112, 16.583012550000092 ], [ 96.337774800000091, 16.582755060000125 ], [ 96.336464760000069, 16.582497660000115 ], [ 96.336277560000042, 16.579843380000057 ], [ 96.335488080000061, 16.575800670000092 ], [ 96.334731720000036, 16.573855410000078 ], [ 96.334841520000055, 16.571615670000028 ], [ 96.334955640000089, 16.56965556 ], [ 96.335217, 16.567832880000026 ], [ 96.333157080000092, 16.566049620000115 ], [ 96.331442760000186, 16.567757100000165 ], [ 96.328402920000201, 16.568228340000076 ], [ 96.325655400000073, 16.568834400000128 ], [ 96.324369840000088, 16.57011501 ], [ 96.322745160000181, 16.568324280000184 ], [ 96.321277080000186, 16.567230150000057 ], [ 96.319235160000176, 16.566565410000123 ], [ 96.316775280000059, 16.56702657000011 ], [ 96.314893920000145, 16.567338150000126 ], [ 96.313722480000024, 16.566658650000022 ], [ 96.312550680000072, 16.565979060000132 ], [ 96.309649439999987, 16.56602802000009 ], [ 96.30845172000005, 16.563670470000034 ], [ 96.310410120000085, 16.559021700000187 ], [ 96.311608560000082, 16.552147860000048 ], [ 96.312818632000017, 16.545816749000153 ], [ 96.313387497000122, 16.545389248000049 ], [ 96.317760056000168, 16.543409887000109 ], [ 96.320373228, 16.540934244000027 ], [ 96.321405638000158, 16.540876283000102 ], [ 96.325848217000157, 16.539409277000061 ], [ 96.32729206200014, 16.539193972000078 ], [ 96.331099426000037, 16.537099445000081 ], [ 96.333168723000085, 16.536418723000054 ], [ 96.337863631000062, 16.533613630000048 ], [ 96.338249013000166, 16.533505902 ], [ 96.339622083000052, 16.533122083000137 ], [ 96.340761016000101, 16.532411016000026 ], [ 96.342120145000194, 16.530870107000169 ], [ 96.345760905000134, 16.528219846000184 ], [ 96.34880636000014, 16.526728326000011 ], [ 96.351131160000136, 16.528259700000092 ], [ 96.35521212000009, 16.529448870000067 ], [ 96.357998880000082, 16.531359390000034 ], [ 96.357873960000063, 16.532620290000125 ], [ 96.356800440000086, 16.533547740000074 ], [ 96.35572728000011, 16.53447519000008 ], [ 96.35418504, 16.537858290000088 ], [ 96.353352360000031, 16.540250220000075 ], [ 96.353086680000104, 16.541793270000028 ], [ 96.354563760000076, 16.543446390000042 ], [ 96.357480480000049, 16.54437564 ], [ 96.357078360000173, 16.546480470000063 ], [ 96.355795320000198, 16.547901030000048 ], [ 96.354085680000139, 16.54988832000015 ], [ 96.354835560000197, 16.551414090000094 ], [ 96.355703880000135, 16.552925280000068 ], [ 96.356029320000061, 16.553491650000012 ], [ 96.354040680000139, 16.556183010000154 ], [ 96.354069480000078, 16.558000740000068 ], [ 96.353371079999988, 16.559691120000139 ], [ 96.35151636, 16.561680840000122 ], [ 96.350819760000093, 16.56351099 ], [ 96.350185800000077, 16.56471069000014 ], [ 96.349551840000174, 16.565910300000098 ], [ 96.35073264, 16.567148970000119 ] ] ] } },
{ "type": "Feature", "properties": { "adm4_name": "Ka Mar Ka Loke", "adm4_name1": "ကမာကလုပ်", "adm4_name2": null, "adm4_name3": null, "adm4_pcode": "MMR013024033", "adm3_name": "Kyauktan", "adm3_name1": "ကျောက်တန်း", "adm3_name2": null, "adm3_name3": null, "adm3_pcode": "MMR013024", "adm2_name": "Yangon (South)", "adm2_name1": "ရန်ကုန်(တောင်ပိုင်း)", "adm2_name2": null, "adm2_name3": null, "adm2_pcode": "MMR013D003", "adm1_name": "Yangon", "adm1_name1": "ရန်ကုန်တိုင်းဒေသကြီး", "adm1_name2": null, "adm1_name3": null, "adm1_pcode": "MMR013", "adm0_name": "Myanmar", "adm0_name1": "မြန်မာနိုင်ငံ", "adm0_name2": null, "adm0_name3": null, "adm0_pcode": "MMR", "valid_on": "2024-02-15T00:00:00", "valid_to": null, "area_sqkm": 26.32321931, "version": "v01", "lang": "en", "lang1": "my", "lang2": null, "lang3": null, "adm4_ref_name": "Ka Mar Ka Loke", "center_lat": 16.53244074, "center_lon": 96.41564647 }, "geometry": { "type": "Polygon", "coordinates": [ [ [ 96.446637360000068, 16.515326160000029 ], [ 96.445809, 16.518002580000143 ], [ 96.44429088000004, 16.522932780000019 ], [ 96.443800920000172, 16.524062190000052 ], [ 96.443310600000132, 16.525191600000085 ], [ 96.442629840000109, 16.52800563 ], [ 96.439352400000189, 16.531985880000036 ], [ 96.433920000000114, 16.537763700000028 ], [ 96.432923880000146, 16.538823180000122 ], [ 96.430242960000157, 16.543773630000089 ], [ 96.428099880000104, 16.546052700000018 ], [ 96.426655920000201, 16.546638330000178 ], [ 96.425212320000128, 16.547223870000153 ], [ 96.423927120000201, 16.548647310000149 ], [ 96.423205320000136, 16.548940080000023 ], [ 96.421182480000141, 16.549675830000126 ], [ 96.420337920000065, 16.551371790000132 ], [ 96.418921320000095, 16.553638170000056 ], [ 96.417347760000098, 16.55520678 ], [ 96.416930160000163, 16.55633484000009 ], [ 96.415767720000076, 16.556355090000181 ], [ 96.415191000000164, 16.556645340000046 ], [ 96.41461428000008, 16.556935500000066 ], [ 96.414941160000126, 16.559171550000144 ], [ 96.41409660000005, 16.560867600000165 ], [ 96.413996520000126, 16.563671460000137 ], [ 96.413276880000069, 16.564104270000087 ], [ 96.410617920000163, 16.56148842000016 ], [ 96.408275040000092, 16.560408150000114 ], [ 96.406513200000177, 16.559317890000159 ], [ 96.404605920000108, 16.558230060000028 ], [ 96.402246840000146, 16.556169240000088 ], [ 96.401665799999989, 16.556179320000183 ], [ 96.400414080000189, 16.55490627 ], [ 96.395163840000123, 16.54956648000018 ], [ 96.39087336, 16.544876760000079 ], [ 96.388666920000048, 16.543233450000173 ], [ 96.388434000000132, 16.53777306000012 ], [ 96.389410320000138, 16.53523425000003 ], [ 96.392291760000148, 16.533643320000181 ], [ 96.392339280000158, 16.532895600000131 ], [ 96.392523600000118, 16.529996430000097 ], [ 96.391941480000128, 16.529936490000068 ], [ 96.391359, 16.529876460000082 ], [ 96.389356680000105, 16.531872480000061 ], [ 96.389356680000105, 16.531872300000032 ], [ 96.387583680000148, 16.53008157 ], [ 96.386535360000096, 16.528138110000157 ], [ 96.386535360000096, 16.528138020000142 ], [ 96.386966640000082, 16.527850380000132 ], [ 96.387397920000069, 16.527562740000121 ], [ 96.388120080000135, 16.527270150000106 ], [ 96.388325640000062, 16.526495970000155 ], [ 96.388531200000045, 16.525721790000034 ], [ 96.388497360000088, 16.523620740000126 ], [ 96.387834600000133, 16.52307165000019 ], [ 96.387171840000178, 16.522522650000042 ], [ 96.387440040000172, 16.521116850000055 ], [ 96.387703560000091, 16.51943097000003 ], [ 96.389616960000183, 16.520939280000107 ], [ 96.389974800000118, 16.52058288000012 ], [ 96.39033228, 16.520226390000118 ], [ 96.390459720000081, 16.519103370000096 ], [ 96.38942004, 16.517720160000067 ], [ 96.388387560000069, 16.516757160000111 ], [ 96.388228800000036, 16.515919170000075 ], [ 96.389641080000047, 16.513372890000085 ], [ 96.391040040000121, 16.509986100000162 ], [ 96.391167480000036, 16.508862990000125 ], [ 96.392316240000014, 16.50800259000016 ], [ 96.392605320000143, 16.507927530000188 ], [ 96.392894760000104, 16.507852469999989 ], [ 96.393457080000076, 16.506651870000155 ], [ 96.394019040000046, 16.50545118000008 ], [ 96.395710320000035, 16.502199480000172 ], [ 96.396552720000102, 16.500363570000161 ], [ 96.410253281000109, 16.504764488000149 ], [ 96.419921928000122, 16.509226941000122 ], [ 96.437771737000048, 16.513441479000164 ], [ 96.446637360000068, 16.515326160000029 ] ] ] } },
{ "type": "Feature", "properties": { "adm4_name": "Kha Naung", "adm4_name1": "ခနောင်", "adm4_name2": null, "adm4_name3": null, "adm4_pcode": "MMR013024034", "adm3_name": "Kyauktan", "adm3_name1": "ကျောက်တန်း", "adm3_name2": null, "adm3_name3": null, "adm3_pcode": "MMR013024", "adm2_name": "Yangon (South)", "adm2_name1": "ရန်ကုန်(တောင်ပိုင်း)", "adm2_name2": null, "adm2_name3": null, "adm2_pcode": "MMR013D003", "adm1_name": "Yangon", "adm1_name1": "ရန်ကုန်တိုင်းဒေသကြီး", "adm1_name2": null, "adm1_name3": null, "adm1_pcode": "MMR013", "adm0_name": "Myanmar", "adm0_name1": "မြန်မာနိုင်ငံ", "adm0_name2": null, "adm0_name3": null, "adm0_pcode": "MMR", "valid_on": "2024-02-15T00:00:00", "valid_to": null, "area_sqkm": 22.45878479, "version": "v01", "lang": "en", "lang1": "my", "lang2": null, "lang3": null, "adm4_ref_name": "Kha Naung", "center_lat": 16.59613361, "center_lon": 96.51060081 }, "geometry": { "type": "Polygon", "coordinates": [ [ [ 96.507651960000032, 16.620979860000034 ], [ 96.507419040000116, 16.621119990000125 ], [ 96.506056440000179, 16.621189740000034 ], [ 96.504648840000016, 16.621396110000035 ], [ 96.503426280000156, 16.621417980000047 ], [ 96.502724280000166, 16.621611750000113 ], [ 96.502021920000118, 16.621805609999967 ], [ 96.500875320000091, 16.620738390000156 ], [ 96.499937846000137, 16.617871806000096 ], [ 96.498642060000066, 16.618130963000169 ], [ 96.498582573000192, 16.616703286000075 ], [ 96.498582573000192, 16.61537272400011 ], [ 96.498582573000192, 16.614680745000157 ], [ 96.498463600000036, 16.613372041000048 ], [ 96.497868735000111, 16.612122824000153 ], [ 96.497467744000062, 16.611220595000191 ], [ 96.498068040000192, 16.610807610000052 ], [ 96.49965708000019, 16.610218920000023 ], [ 96.498440640000069, 16.607018340000025 ], [ 96.495761520000087, 16.60328343000009 ], [ 96.489772560000176, 16.601568750000126 ], [ 96.488390520000053, 16.600885470000094 ], [ 96.485668560000079, 16.599540150000166 ], [ 96.481339920000039, 16.592752080000025 ], [ 96.479618400000049, 16.585357230000113 ], [ 96.479641080000192, 16.584846660000153 ], [ 96.47972424000011, 16.582973670000115 ], [ 96.480075960000079, 16.582266990000051 ], [ 96.480427680000048, 16.581560220000028 ], [ 96.480202680000104, 16.581143880000013 ], [ 96.481970280000155, 16.578170550000038 ], [ 96.482959560000097, 16.576471799999979 ], [ 96.484525560000179, 16.574482620000083 ], [ 96.485083560000191, 16.573071780000078 ], [ 96.485189400000024, 16.570688220000022 ], [ 96.486197400000151, 16.570109880000132 ], [ 96.492895560000136, 16.570831679999969 ], [ 96.494574600000135, 16.571292120000066 ], [ 96.495270480000158, 16.573801590000073 ], [ 96.497247240000092, 16.574677020000024 ], [ 96.498558720000119, 16.57486386 ], [ 96.499401120000186, 16.573097610000048 ], [ 96.499966320000055, 16.572106890000157 ], [ 96.502298040000028, 16.572485700000072 ], [ 96.50496204000018, 16.573140270000067 ], [ 96.506019720000154, 16.573400100000072 ], [ 96.509080440000048, 16.57390590000017 ], [ 96.511124160000065, 16.574429790000181 ], [ 96.512064120000048, 16.574132790000078 ], [ 96.512970960000075, 16.576218000000154 ], [ 96.513581520000173, 16.577958330000058 ], [ 96.514663320000125, 16.577448660000186 ], [ 96.515817480000067, 16.57693773 ], [ 96.51654504000004, 16.576994700000114 ], [ 96.516415080000115, 16.577907660000164 ], [ 96.515921880000178, 16.578827100000183 ], [ 96.515790480000135, 16.57967004000011 ], [ 96.516230040000096, 16.579872359999968 ], [ 96.517311480000046, 16.579362690000096 ], [ 96.517823760000169, 16.579563660000019 ], [ 96.516906120000101, 16.581191130000036 ], [ 96.516845280000041, 16.58189268000018 ], [ 96.516215280000154, 16.582236660000035 ], [ 96.515792280000142, 16.58496951 ], [ 96.515706960000159, 16.585520490000135 ], [ 96.515872920000049, 16.588914840000143 ], [ 96.516532800000107, 16.589253330000076 ], [ 96.51796236000007, 16.587826740000025 ], [ 96.519890160000102, 16.585760880000123 ], [ 96.52061196000011, 16.585467750000021 ], [ 96.520761, 16.590018150000105 ], [ 96.521430240000143, 16.590916800000059 ], [ 96.523090920000072, 16.590256650000129 ], [ 96.527061000000117, 16.588644390000127 ], [ 96.530035320000138, 16.588310850000084 ], [ 96.530994, 16.589134170000023 ], [ 96.53071752000011, 16.589979720000144 ], [ 96.529491720000124, 16.59056211 ], [ 96.52920948000002, 16.591057470000123 ], [ 96.529657320000126, 16.591749930000049 ], [ 96.531620040000178, 16.591784670000095 ], [ 96.531930720000162, 16.592969880000112 ], [ 96.532167600000037, 16.59408642000011 ], [ 96.533332560000133, 16.59420558000005 ], [ 96.533526960000074, 16.592801130000169 ], [ 96.534034200000121, 16.592721930000039 ], [ 96.535569600000144, 16.593254730000069 ], [ 96.537069360000032, 16.591686660000164 ], [ 96.538941000000193, 16.590602340000146 ], [ 96.539666400000158, 16.59051918 ], [ 96.537031920000175, 16.598061630000075 ], [ 96.534363600000177, 16.60791609000006 ], [ 96.533087400000113, 16.609830300000169 ], [ 96.535571040000093, 16.610556150000036 ], [ 96.537540240000112, 16.610940990000074 ], [ 96.539292360000104, 16.611399720000179 ], [ 96.537981960000081, 16.613419680000163 ], [ 96.536671200000171, 16.615439550000133 ], [ 96.535299960000032, 16.616024640000035 ], [ 96.533928720000063, 16.616609730000107 ], [ 96.531500520000066, 16.619175090000113 ], [ 96.530886, 16.619576220000113 ], [ 96.52733172000012, 16.61857722000002 ], [ 96.5266092, 16.618374090000088 ], [ 96.526087200000177, 16.618111560000045 ], [ 96.525826560000098, 16.617980250000187 ], [ 96.525565560000189, 16.617849030000173 ], [ 96.523892640000156, 16.619057370000121 ], [ 96.522315480000032, 16.620354630000179 ], [ 96.520251240000107, 16.620663600000171 ], [ 96.519694680000043, 16.621126830000151 ], [ 96.519263400000114, 16.620636060000038 ], [ 96.518831760000069, 16.620145200000081 ], [ 96.517967040000144, 16.619073030000038 ], [ 96.517636560000142, 16.618988340000101 ], [ 96.517305720000138, 16.61890365000005 ], [ 96.516658080000184, 16.619549670000026 ], [ 96.51571164, 16.619204070000023 ], [ 96.514123680000068, 16.619867010000178 ], [ 96.512614560000088, 16.619622120000145 ], [ 96.512196240000151, 16.619901570000025 ], [ 96.511777560000098, 16.62018093 ], [ 96.511301280000168, 16.619826960000069 ], [ 96.510367080000151, 16.620206220000171 ], [ 96.509520720000069, 16.620221340000171 ], [ 96.509059560000139, 16.620773400000189 ], [ 96.50811779999998, 16.620699600000137 ], [ 96.507651960000032, 16.620979860000034 ] ] ] } },
{ "type": "Feature", "properties": { "adm4_name": "Sin Ma Kaw", "adm4_name1": "စင်မကော်", "adm4_name2": null, "adm4_name3": null, "adm4_pcode": "MMR013024035", "adm3_name": "Kyauktan", "adm3_name1": "ကျောက်တန်း", "adm3_name2": null, "adm3_name3": null, "adm3_pcode": "MMR013024", "adm2_name": "Yangon (South)", "adm2_name1": "ရန်ကုန်(တောင်ပိုင်း)", "adm2_name2": null, "adm2_name3": null, "adm2_pcode": "MMR013D003", "adm1_name": "Yangon", "adm1_name1": "ရန်ကုန်တိုင်းဒေသကြီး", "adm1_name2": null, "adm1_name3": null, "adm1_pcode": "MMR013", "adm0_name": "Myanmar", "adm0_name1": "မြန်မာနိုင်ငံ", "adm0_name2": null, "adm0_name3": null, "adm0_pcode": "MMR", "valid_on": "2024-02-15T00:00:00", "valid_to": null, "area_sqkm": 9.73714905, "version": "v01", "lang": "en", "lang1": "my", "lang2": null, "lang3": null, "adm4_ref_name": "Sin Ma Kaw", "center_lat": 16.6344723, "center_lon": 96.5042253 }, "geometry": { "type": "Polygon", "coordinates": [ [ [ 96.497749762000126, 16.618487882000125 ], [ 96.498642060000066, 16.618130963000169 ], [ 96.499937846000137, 16.617871806000096 ], [ 96.500875320000091, 16.620738390000156 ], [ 96.502021920000118, 16.621805609999967 ], [ 96.502724280000166, 16.621611750000113 ], [ 96.503426280000156, 16.621417980000047 ], [ 96.504648840000016, 16.621396110000035 ], [ 96.506056440000179, 16.621189740000034 ], [ 96.507419040000116, 16.621119990000125 ], [ 96.507651960000032, 16.620979860000034 ], [ 96.50811779999998, 16.620699600000137 ], [ 96.509059560000139, 16.620773400000189 ], [ 96.509520720000069, 16.620221340000171 ], [ 96.510367080000151, 16.620206220000171 ], [ 96.511301280000168, 16.619826960000069 ], [ 96.511777560000098, 16.62018093 ], [ 96.512196240000151, 16.619901570000025 ], [ 96.512614560000088, 16.619622120000145 ], [ 96.514123680000068, 16.619867010000178 ], [ 96.51571164, 16.619204070000023 ], [ 96.516658080000184, 16.619549670000026 ], [ 96.517305720000138, 16.61890365000005 ], [ 96.517636560000142, 16.618988340000101 ], [ 96.517967040000144, 16.619073030000038 ], [ 96.518831760000069, 16.620145200000081 ], [ 96.519263400000114, 16.620636060000038 ], [ 96.519694680000043, 16.621126830000151 ], [ 96.520251240000107, 16.620663600000171 ], [ 96.522315480000032, 16.620354630000179 ], [ 96.523892640000156, 16.619057370000121 ], [ 96.525565560000189, 16.617849030000173 ], [ 96.525826560000098, 16.617980250000187 ], [ 96.526087200000177, 16.618111560000045 ], [ 96.5266092, 16.618374090000088 ], [ 96.52733172000012, 16.61857722000002 ], [ 96.530886, 16.619576220000113 ], [ 96.531500520000066, 16.619175090000113 ], [ 96.532882200000188, 16.62349310999997 ], [ 96.533834400000103, 16.628239080000071 ], [ 96.535456920000058, 16.629610860000071 ], [ 96.537782520000064, 16.629568920000168 ], [ 96.538840200000038, 16.631931420000058 ], [ 96.53870556600009, 16.632564211000101 ], [ 96.538570920000097, 16.633197090000181 ], [ 96.537422520000121, 16.63405839 ], [ 96.5369822400001, 16.633821150000131 ], [ 96.536541960000136, 16.633583910000027 ], [ 96.535661760000096, 16.63310943 ], [ 96.53490864000014, 16.631582040000126 ], [ 96.533159760000046, 16.631333280000149 ], [ 96.531267960000037, 16.63122726000006 ], [ 96.52807764, 16.631704980000166 ], [ 96.52722660000012, 16.632981090000044 ], [ 96.525346679999984, 16.63357527 ], [ 96.523126200000149, 16.631233560000055 ], [ 96.52210776000004, 16.631181816000037 ], [ 96.521088960000156, 16.631130060000032 ], [ 96.52035744, 16.630863030000114 ], [ 96.518498760000057, 16.632717570000125 ], [ 96.517373400000054, 16.634979270000031 ], [ 96.514754760000073, 16.634886210000104 ], [ 96.513322680000044, 16.636172670000178 ], [ 96.511810320000166, 16.636665510000057 ], [ 96.510746160000053, 16.637158170000191 ], [ 96.509682360000113, 16.637650740000083 ], [ 96.508449, 16.638705990000176 ], [ 96.507299160000116, 16.639415370000052 ], [ 96.506722080000145, 16.639641 ], [ 96.506145, 16.639866540000071 ], [ 96.50436408000013, 16.640242830000147 ], [ 96.50383236000016, 16.640510580000068 ], [ 96.503137920000086, 16.639059330000066 ], [ 96.502299480000147, 16.639677 ], [ 96.499452240000153, 16.64041662000011 ], [ 96.49839312000006, 16.641210510000064 ], [ 96.497334000000194, 16.642004310000061 ], [ 96.495835680000198, 16.643236410000043 ], [ 96.493411604000187, 16.645908445000032 ], [ 96.493899816000066, 16.646787225000082 ], [ 96.49255679800018, 16.646187549000047 ], [ 96.490353658000117, 16.648993355000187 ], [ 96.488255670000115, 16.651665247000096 ], [ 96.487697373000174, 16.649523338000108 ], [ 96.486374520000027, 16.646529419999979 ], [ 96.485214600000177, 16.642138320000129 ], [ 96.485772600000189, 16.640727390000052 ], [ 96.486330600000144, 16.639316460000032 ], [ 96.489474840000071, 16.636038210000038 ], [ 96.490911960000119, 16.635032010000089 ], [ 96.490586160000191, 16.632936270000073 ], [ 96.488813880000066, 16.63128666 ], [ 96.488786160000132, 16.629606 ], [ 96.48992304, 16.628044680000187 ], [ 96.488587080000173, 16.626387239999985 ], [ 96.487276320000035, 16.626270510000097 ], [ 96.487828195000134, 16.624730604000035 ], [ 96.488388, 16.623168570000132 ], [ 96.489302675000147, 16.622176046999982 ], [ 96.490789838000182, 16.622116560000109 ], [ 96.49197956900008, 16.622176046999982 ], [ 96.49376416500013, 16.622176046999982 ], [ 96.49424005700007, 16.621283749000042 ], [ 96.49424005700007, 16.62021299100013 ], [ 96.49398915900008, 16.618439185000057 ], [ 96.495273360000056, 16.617582180000113 ], [ 96.49650054500006, 16.617952504000016 ], [ 96.497749762000126, 16.618487882000125 ] ] ] } },
{ "type": "Feature", "properties": { "adm4_name": "Pan Chaung", "adm4_name1": "ပန်းချောင်း", "adm4_name2": null, "adm4_name3": null, "adm4_pcode": "MMR013024036", "adm3_name": "Kyauktan", "adm3_name1": "ကျောက်တန်း", "adm3_name2": null, "adm3_name3": null, "adm3_pcode": "MMR013024", "adm2_name": "Yangon (South)", "adm2_name1": "ရန်ကုန်(တောင်ပိုင်း)", "adm2_name2": null, "adm2_name3": null, "adm2_pcode": "MMR013D003", "adm1_name": "Yangon", "adm1_name1": "ရန်ကုန်တိုင်းဒေသကြီး", "adm1_name2": null, "adm1_name3": null, "adm1_pcode": "MMR013", "adm0_name": "Myanmar", "adm0_name1": "မြန်မာနိုင်ငံ", "adm0_name2": null, "adm0_name3": null, "adm0_pcode": "MMR", "valid_on": "2024-02-15T00:00:00", "valid_to": null, "area_sqkm": 7.61491504, "version": "v01", "lang": "en", "lang1": "my", "lang2": null, "lang3": null, "adm4_ref_name": "Pan Chaung", "center_lat": 16.6409469, "center_lon": 96.47445735 }, "geometry": { "type": "Polygon", "coordinates": [ [ [ 96.48992304, 16.628044680000187 ], [ 96.488786160000132, 16.629606 ], [ 96.488813880000066, 16.63128666 ], [ 96.490586160000191, 16.632936270000073 ], [ 96.490911960000119, 16.635032010000089 ], [ 96.489474840000071, 16.636038210000038 ], [ 96.486330600000144, 16.639316460000032 ], [ 96.485772600000189, 16.640727390000052 ], [ 96.485214600000177, 16.642138320000129 ], [ 96.486374520000027, 16.646529419999979 ], [ 96.487697373000174, 16.649523338000108 ], [ 96.488255670000115, 16.651665247000096 ], [ 96.48582280800008, 16.654763614000046 ], [ 96.484660389000055, 16.655699616000049 ], [ 96.482781000999978, 16.656867739000177 ], [ 96.480814391000195, 16.657780310000078 ], [ 96.477997899000172, 16.658602560000077 ], [ 96.476998525000113, 16.657841131000055 ], [ 96.475951563000137, 16.656270688000063 ], [ 96.475505860000169, 16.654223698000123 ], [ 96.474470907000068, 16.652790685000127 ], [ 96.473978684000087, 16.652531837000026 ], [ 96.471168616999989, 16.651054091000162 ], [ 96.469349400000056, 16.650084330000141 ], [ 96.468707160000179, 16.648293510000087 ], [ 96.466701240000134, 16.646129460000111 ], [ 96.464514960000088, 16.643606670000111 ], [ 96.463252440000076, 16.641166410000153 ], [ 96.463087920000135, 16.639631100000145 ], [ 96.463859040000159, 16.63725141000009 ], [ 96.464466000000129, 16.636082130000148 ], [ 96.465264120000086, 16.634451600000034 ], [ 96.466421880000098, 16.630792920000033 ], [ 96.466416840000022, 16.62836805000012 ], [ 96.466022280000061, 16.627436100000068 ], [ 96.465683331000037, 16.627000044000056 ], [ 96.466638309000189, 16.626875482000059 ], [ 96.469017770000107, 16.626697023000133 ], [ 96.470980826000186, 16.626875482000059 ], [ 96.472111069, 16.626518563000104 ], [ 96.473538746000088, 16.624971913000024 ], [ 96.474847450000198, 16.624258075000114 ], [ 96.476513072000159, 16.624258075000114 ], [ 96.478238182000098, 16.625031400000069 ], [ 96.479368426000178, 16.625745237999979 ], [ 96.48037969600017, 16.625685752000038 ], [ 96.48168840000011, 16.624733967000054 ], [ 96.482878131000064, 16.623722696000129 ], [ 96.484246321000114, 16.622889885000063 ], [ 96.485317078000151, 16.623187318000078 ], [ 96.48620937600009, 16.624377048000099 ], [ 96.487042187000156, 16.625031400000069 ], [ 96.487828195000134, 16.624730604000035 ], [ 96.487276320000035, 16.626270510000097 ], [ 96.488587080000173, 16.626387239999985 ], [ 96.48992304, 16.628044680000187 ] ] ] } },
{ "type": "Feature", "properties": { "adm4_name": "Tar Pat", "adm4_name1": "တာပတ်", "adm4_name2": null, "adm4_name3": null, "adm4_pcode": "MMR013024037", "adm3_name": "Kyauktan", "adm3_name1": "ကျောက်တန်း", "adm3_name2": null, "adm3_name3": null, "adm3_pcode": "MMR013024", "adm2_name": "Yangon (South)", "adm2_name1": "ရန်ကုန်(တောင်ပိုင်း)", "adm2_name2": null, "adm2_name3": null, "adm2_pcode": "MMR013D003", "adm1_name": "Yangon", "adm1_name1": "ရန်ကုန်တိုင်းဒေသကြီး", "adm1_name2": null, "adm1_name3": null, "adm1_pcode": "MMR013", "adm0_name": "Myanmar", "adm0_name1": "မြန်မာနိုင်ငံ", "adm0_name2": null, "adm0_name3": null, "adm0_pcode": "MMR", "valid_on": "2024-02-15T00:00:00", "valid_to": null, "area_sqkm": 9.85134942, "version": "v01", "lang": "en", "lang1": "my", "lang2": null, "lang3": null, "adm4_ref_name": "Tar Pat", "center_lat": 16.65348894, "center_lon": 96.51039526 }, "geometry": { "type": "Polygon", "coordinates": [ [ [ 96.493857006000098, 16.665384023000115 ], [ 96.494154439000113, 16.664313264999976 ], [ 96.494992540000055, 16.662602142000082 ], [ 96.495582115000104, 16.661398426000119 ], [ 96.495998521000104, 16.65943537000004 ], [ 96.495753101000048, 16.658208265000042 ], [ 96.495344170000067, 16.656163612000057 ], [ 96.494987251000111, 16.652534934000016 ], [ 96.493899816000066, 16.646787225000082 ], [ 96.493411604000187, 16.645908445000032 ], [ 96.495835680000198, 16.643236410000043 ], [ 96.497334000000194, 16.642004310000061 ], [ 96.49839312000006, 16.641210510000064 ], [ 96.499452240000153, 16.64041662000011 ], [ 96.502299480000147, 16.639677 ], [ 96.503137920000086, 16.639059330000066 ], [ 96.50383236000016, 16.640510580000068 ], [ 96.50436408000013, 16.640242830000147 ], [ 96.506145, 16.639866540000071 ], [ 96.506722080000145, 16.639641 ], [ 96.507299160000116, 16.639415370000052 ], [ 96.508449, 16.638705990000176 ], [ 96.509682360000113, 16.637650740000083 ], [ 96.510746160000053, 16.637158170000191 ], [ 96.511810320000166, 16.636665510000057 ], [ 96.513322680000044, 16.636172670000178 ], [ 96.514680240000132, 16.639090379999971 ], [ 96.515584200000148, 16.642126710000014 ], [ 96.515758800000185, 16.642713510000078 ], [ 96.516563040000108, 16.642979280000077 ], [ 96.51736728000003, 16.643245050000189 ], [ 96.519547800000169, 16.643205900000169 ], [ 96.5214939600001, 16.646533200000135 ], [ 96.52224672, 16.648060680000015 ], [ 96.525170640000169, 16.648988760000066 ], [ 96.525463680000087, 16.649123580000037 ], [ 96.525756720000174, 16.649258400000178 ], [ 96.525698760000182, 16.654442939999967 ], [ 96.525962640000159, 16.661442870000087 ], [ 96.524839800000166, 16.663844700000027 ], [ 96.522692400000096, 16.66584459000012 ], [ 96.522692400000096, 16.665844680000134 ], [ 96.523435800000186, 16.666811910000035 ], [ 96.525627480000139, 16.666983360000188 ], [ 96.525223897000046, 16.669414135000125 ], [ 96.523260699000161, 16.669388433000165 ], [ 96.521642666000105, 16.670245039000179 ], [ 96.520500524000113, 16.670816109000157 ], [ 96.519358383000053, 16.671006466 ], [ 96.5180258850001, 16.671387181000171 ], [ 96.516122316000065, 16.670911288000127 ], [ 96.514980175000176, 16.670245039000179 ], [ 96.514409105000141, 16.669388433000165 ], [ 96.512886250000179, 16.669293255000071 ], [ 96.510506788000157, 16.669102898000062 ], [ 96.508222506000152, 16.669102898000062 ], [ 96.505367153000066, 16.668722183999989 ], [ 96.504225011000074, 16.668341470000144 ], [ 96.503844297000171, 16.667865578000033 ], [ 96.502702156000112, 16.666628258000117 ], [ 96.500798588000123, 16.666437901000108 ], [ 96.497960572000181, 16.666616282 ], [ 96.493857006000098, 16.666811700000039 ], [ 96.493857006000098, 16.665384023000115 ] ] ] } },
{ "type": "Feature", "properties": { "adm4_name": "Ka Dat Pa Na", "adm4_name1": "ကဒပ္ပန", "adm4_name2": null, "adm4_name3": null, "adm4_pcode": "MMR013024038", "adm3_name": "Kyauktan", "adm3_name1": "ကျောက်တန်း", "adm3_name2": null, "adm3_name3": null, "adm3_pcode": "MMR013024", "adm2_name": "Yangon (South)", "adm2_name1": "ရန်ကုန်(တောင်ပိုင်း)", "adm2_name2": null, "adm2_name3": null, "adm2_pcode": "MMR013D003", "adm1_name": "Yangon", "adm1_name1": "ရန်ကုန်တိုင်းဒေသကြီး", "adm1_name2": null, "adm1_name3": null, "adm1_pcode": "MMR013", "adm0_name": "Myanmar", "adm0_name1": "မြန်မာနိုင်ငံ", "adm0_name2": null, "adm0_name3": null, "adm0_pcode": "MMR", "valid_on": "2024-02-15T00:00:00", "valid_to": null, "area_sqkm": 7.15934733, "version": "v01", "lang": "en", "lang1": "my", "lang2": null, "lang3": null, "adm4_ref_name": "Ka Dat Pa Na", "center_lat": 16.68008003, "center_lon": 96.53799078 }, "geometry": { "type": "Polygon", "coordinates": [ [ [ 96.53610714500013, 16.689518749000058 ], [ 96.533864809000193, 16.690310160000081 ], [ 96.531894650000197, 16.690310160000081 ], [ 96.527516523000031, 16.694031571000039 ], [ 96.523790350000183, 16.69150309600019 ], [ 96.52455109400006, 16.688023938000072 ], [ 96.524782200000175, 16.685164620000137 ], [ 96.524715240000148, 16.681205250000062 ], [ 96.524816760000192, 16.67664027 ], [ 96.524824320000107, 16.672143240000082 ], [ 96.524824680000165, 16.671818610000059 ], [ 96.525223897000046, 16.669414135000125 ], [ 96.525627480000139, 16.666983360000188 ], [ 96.526347840000085, 16.667039700000089 ], [ 96.528075840000042, 16.666027920000033 ], [ 96.529243680000036, 16.666287030000149 ], [ 96.53160528, 16.66834587000011 ], [ 96.534072, 16.668021150000072 ], [ 96.537856320000174, 16.668233010000051 ], [ 96.539388840000129, 16.66855557000008 ], [ 96.540921, 16.668878040000095 ], [ 96.544989, 16.66866438 ], [ 96.546372480000116, 16.668779400000119 ], [ 96.548020560000055, 16.667348670000024 ], [ 96.548674680000147, 16.667336880000164 ], [ 96.547577040000135, 16.669787400000018 ], [ 96.548773680000181, 16.670080440000106 ], [ 96.55118496, 16.670671020000157 ], [ 96.552330480000137, 16.670951550000098 ], [ 96.552605160000098, 16.670972070000175 ], [ 96.553027080000049, 16.67475270000017 ], [ 96.553455120000081, 16.678877580000062 ], [ 96.551679960000115, 16.67959857 ], [ 96.5508026400002, 16.680561480000108 ], [ 96.550908120000031, 16.681506659999968 ], [ 96.552700920000063, 16.681818510000028 ], [ 96.554937600000187, 16.6819500900001 ], [ 96.554999160000136, 16.6829391 ], [ 96.554893129000163, 16.684850697000172 ], [ 96.554004196000051, 16.688340005000043 ], [ 96.544372316000135, 16.689872348999984 ], [ 96.541799253000136, 16.685586197000077 ], [ 96.538461842000174, 16.686588752000034 ], [ 96.537586217000069, 16.688996724000106 ], [ 96.53610714500013, 16.689518749000058 ] ] ] } },
{ "type": "Feature", "properties": { "adm4_name": "Win Gyi", "adm4_name1": "ဝင်းကြီး", "adm4_name2": null, "adm4_name3": null, "adm4_pcode": "MMR013024039", "adm3_name": "Kyauktan", "adm3_name1": "ကျောက်တန်း", "adm3_name2": null, "adm3_name3": null, "adm3_pcode": "MMR013024", "adm2_name": "Yangon (South)", "adm2_name1": "ရန်ကုန်(တောင်ပိုင်း)", "adm2_name2": null, "adm2_name3": null, "adm2_pcode": "MMR013D003", "adm1_name": "Yangon", "adm1_name1": "ရန်ကုန်တိုင်းဒေသကြီး", "adm1_name2": null, "adm1_name3": null, "adm1_pcode": "MMR013", "adm0_name": "Myanmar", "adm0_name1": "မြန်မာနိုင်ငံ", "adm0_name2": null, "adm0_name3": null, "adm0_pcode": "MMR", "valid_on": "2024-02-15T00:00:00", "valid_to": null, "area_sqkm": 24.05997867, "version": "v01", "lang": "en", "lang1": "my", "lang2": null, "lang3": null, "adm4_ref_name": "Win Gyi", "center_lat": 16.67081129, "center_lon": 96.58065493 }, "geometry": { "type": "Polygon", "coordinates": [ [ [ 96.61269553600016, 16.686757337000188 ], [ 96.6126711120001, 16.688996724000106 ], [ 96.614860175000103, 16.691623599000138 ], [ 96.6126711120001, 16.692718131999982 ], [ 96.60982532800017, 16.694031571000039 ], [ 96.607707905000041, 16.695667761000095 ], [ 96.605009387000052, 16.697752979000143 ], [ 96.599755635000065, 16.695345010000096 ], [ 96.599188154000046, 16.694706594000024 ], [ 96.594501880000109, 16.689434535000032 ], [ 96.590342660000033, 16.688558910000154 ], [ 96.587656122000169, 16.683950027000094 ], [ 96.584432186000072, 16.686150941000108 ], [ 96.581367497000031, 16.686369846 ], [ 96.577864995000141, 16.685932033000142 ], [ 96.578343650000079, 16.682451172000128 ], [ 96.574800306000157, 16.68330515800011 ], [ 96.573486867000099, 16.682429530000149 ], [ 96.569984365000039, 16.684180783000158 ], [ 96.563572311000087, 16.688348617000031 ], [ 96.56122810700009, 16.689872348999984 ], [ 96.557287793000057, 16.689434535000032 ], [ 96.554004196000051, 16.688340005000043 ], [ 96.554893129000163, 16.684850697000172 ], [ 96.554999160000136, 16.6829391 ], [ 96.554937600000187, 16.6819500900001 ], [ 96.552700920000063, 16.681818510000028 ], [ 96.550908120000031, 16.681506659999968 ], [ 96.5508026400002, 16.680561480000108 ], [ 96.551679960000115, 16.67959857 ], [ 96.553455120000081, 16.678877580000062 ], [ 96.553027080000049, 16.67475270000017 ], [ 96.552605160000098, 16.670972070000175 ], [ 96.552330480000137, 16.670951550000098 ], [ 96.55118496, 16.670671020000157 ], [ 96.548773680000181, 16.670080440000106 ], [ 96.547577040000135, 16.669787400000018 ], [ 96.548674680000147, 16.667336880000164 ], [ 96.548674680000147, 16.667336790000149 ], [ 96.549328800000126, 16.667325 ], [ 96.551483040000164, 16.66574496000004 ], [ 96.55597044000001, 16.664542830000073 ], [ 96.559714080000163, 16.662373470000148 ], [ 96.562401480000119, 16.662609180000118 ], [ 96.566193000000112, 16.660738080000044 ], [ 96.568139160000044, 16.659583470000086 ], [ 96.572199960000091, 16.656668370000091 ], [ 96.574579560000188, 16.654730850000021 ], [ 96.581633040000099, 16.656969780000168 ], [ 96.583499640000184, 16.653793230000076 ], [ 96.586355160000153, 16.653568860000121 ], [ 96.58707156000014, 16.653641850000156 ], [ 96.587975160000099, 16.654227930000161 ], [ 96.592353839999987, 16.654233870000098 ], [ 96.593868, 16.653947850000066 ], [ 96.5933546400002, 16.650083070000051 ], [ 96.593485680000072, 16.647325650000141 ], [ 96.594227280000098, 16.644205890000137 ], [ 96.594596640000134, 16.644378149999966 ], [ 96.595058160000121, 16.645230630000185 ], [ 96.595947000000137, 16.644956040000181 ], [ 96.597182520000047, 16.644072510000115 ], [ 96.598704240000188, 16.644216780000136 ], [ 96.601135320000083, 16.64529138000006 ], [ 96.602670360000047, 16.646210190000033 ], [ 96.603573960000062, 16.646796270000038 ], [ 96.606694800000184, 16.646385689999988 ], [ 96.607159920000072, 16.648058160000176 ], [ 96.60688632, 16.649043750000033 ], [ 96.60560724000004, 16.650748260000171 ], [ 96.605883360000178, 16.658307720000039 ], [ 96.605868240000177, 16.66277172000008 ], [ 96.605859240000143, 16.66531233000012 ], [ 96.606918000000178, 16.667674199999965 ], [ 96.608851560000062, 16.670160180000153 ], [ 96.609803400000146, 16.671044790000167 ], [ 96.611659560000078, 16.67277 ], [ 96.613384680000195, 16.671617550000121 ], [ 96.614118720000135, 16.67202426 ], [ 96.614852760000133, 16.672430970000107 ], [ 96.61673412, 16.671906 ], [ 96.618615120000015, 16.671380940000063 ], [ 96.621350760000098, 16.671915720000072 ], [ 96.621662880000144, 16.671541320000017 ], [ 96.622270200000116, 16.671622320000154 ], [ 96.62294304, 16.671794219999981 ], [ 96.62344332400005, 16.671927126000128 ], [ 96.620770650000054, 16.673454370000059 ], [ 96.620770650000054, 16.677394682999989 ], [ 96.61880953400015, 16.682386611000027 ], [ 96.618362678000096, 16.683524063 ], [ 96.61269553600016, 16.686757337000188 ] ] ] } },
{ "type": "Feature", "properties": { "adm4_name": "Sit Tan", "adm4_name1": "စစ်တန်း", "adm4_name2": null, "adm4_name3": null, "adm4_pcode": "MMR013024040", "adm3_name": "Kyauktan", "adm3_name1": "ကျောက်တန်း", "adm3_name2": null, "adm3_name3": null, "adm3_pcode": "MMR013024", "adm2_name": "Yangon (South)", "adm2_name1": "ရန်ကုန်(တောင်ပိုင်း)", "adm2_name2": null, "adm2_name3": null, "adm2_pcode": "MMR013D003", "adm1_name": "Yangon", "adm1_name1": "ရန်ကုန်တိုင်းဒေသကြီး", "adm1_name2": null, "adm1_name3": null, "adm1_pcode": "MMR013", "adm0_name": "Myanmar", "adm0_name1": "မြန်မာနိုင်ငံ", "adm0_name2": null, "adm0_name3": null, "adm0_pcode": "MMR", "valid_on": "2024-02-15T00:00:00", "valid_to": null, "area_sqkm": 13.35838533, "version": "v01", "lang": "en", "lang1": "my", "lang2": null, "lang3": null, "adm4_ref_name": "Sit Tan", "center_lat": 16.64334716, "center_lon": 96.58869341 }, "geometry": { "type": "Polygon", "coordinates": [ [ [ 96.567265080000197, 16.636257090000015 ], [ 96.568956000000128, 16.635749760000181 ], [ 96.571382400000175, 16.634293920000118 ], [ 96.573647160000121, 16.631058690000145 ], [ 96.576558840000189, 16.631543970000166 ], [ 96.576882480000108, 16.634293920000118 ], [ 96.577691040000047, 16.633646910000095 ], [ 96.588529200000096, 16.630573410000125 ], [ 96.591516840000054, 16.628083740000022 ], [ 96.59172312000004, 16.62970995000012 ], [ 96.593016600000112, 16.62884577 ], [ 96.599374920000059, 16.626628080000046 ], [ 96.605309520000105, 16.625118419999978 ], [ 96.609703320000051, 16.626998880000144 ], [ 96.612154560000192, 16.625833200000159 ], [ 96.616722960000175, 16.629391260000034 ], [ 96.61909176000006, 16.631869050000034 ], [ 96.621640200000058, 16.636304700000096 ], [ 96.619063680000011, 16.637819130000139 ], [ 96.614012880000075, 16.640787870000111 ], [ 96.606694800000184, 16.646385689999988 ], [ 96.603573960000062, 16.646796270000038 ], [ 96.602670360000047, 16.646210190000033 ], [ 96.601135320000083, 16.64529138000006 ], [ 96.598704240000188, 16.644216780000136 ], [ 96.597182520000047, 16.644072510000115 ], [ 96.595947000000137, 16.644956040000181 ], [ 96.595058160000121, 16.645230630000185 ], [ 96.594596640000134, 16.644378149999966 ], [ 96.594227280000098, 16.644205890000137 ], [ 96.593485680000072, 16.647325650000141 ], [ 96.5933546400002, 16.650083070000051 ], [ 96.593868, 16.653947850000066 ], [ 96.592353839999987, 16.654233870000098 ], [ 96.587975160000099, 16.654227930000161 ], [ 96.58707156000014, 16.653641850000156 ], [ 96.586355160000153, 16.653568860000121 ], [ 96.583499640000184, 16.653793230000076 ], [ 96.581633040000099, 16.656969780000168 ], [ 96.574579560000188, 16.654730850000021 ], [ 96.572199960000091, 16.656668370000091 ], [ 96.568139160000044, 16.659583470000086 ], [ 96.566193000000112, 16.660738080000044 ], [ 96.562401480000119, 16.662609180000118 ], [ 96.559714080000163, 16.662373470000148 ], [ 96.559082640000156, 16.659443070000179 ], [ 96.55961148, 16.656351480000183 ], [ 96.562787760000106, 16.655032980000158 ], [ 96.56374068000008, 16.651233269999977 ], [ 96.564867480000032, 16.649111430000119 ], [ 96.564805200000023, 16.645470300000113 ], [ 96.567373800000098, 16.642621800000143 ], [ 96.567306840000072, 16.638700590000042 ], [ 96.567300720000105, 16.638344730000085 ], [ 96.567294600000139, 16.637988870000129 ], [ 96.567265080000197, 16.636257090000015 ] ] ] } },
{ "type": "Feature", "properties": { "adm4_name": "Poke Ta Loke", "adm4_name1": "ပုတ္တလုပ်", "adm4_name2": null, "adm4_name3": null, "adm4_pcode": "MMR013024041", "adm3_name": "Kyauktan", "adm3_name1": "ကျောက်တန်း", "adm3_name2": null, "adm3_name3": null, "adm3_pcode": "MMR013024", "adm2_name": "Yangon (South)", "adm2_name1": "ရန်ကုန်(တောင်ပိုင်း)", "adm2_name2": null, "adm2_name3": null, "adm2_pcode": "MMR013D003", "adm1_name": "Yangon", "adm1_name1": "ရန်ကုန်တိုင်းဒေသကြီး", "adm1_name2": null, "adm1_name3": null, "adm1_pcode": "MMR013", "adm0_name": "Myanmar", "adm0_name1": "မြန်မာနိုင်ငံ", "adm0_name2": null, "adm0_name3": null, "adm0_pcode": "MMR", "valid_on": "2024-02-15T00:00:00", "valid_to": null, "area_sqkm": 18.86355641, "version": "v01", "lang": "en", "lang1": "my", "lang2": null, "lang3": null, "adm4_ref_name": "Poke Ta Loke", "center_lat": 16.63958313, "center_lon": 96.63092119 }, "geometry": { "type": "Polygon", "coordinates": [ [ [ 96.633268617, 16.669556537 ], [ 96.631323110000096, 16.669133600000123 ], [ 96.631059249000032, 16.669076239000105 ], [ 96.630011230000093, 16.67006603599998 ], [ 96.627590741000063, 16.672352056000136 ], [ 96.627118936000045, 16.672797650000064 ], [ 96.62643121900004, 16.672568410999986 ], [ 96.623835339000038, 16.671703117 ], [ 96.623633101000166, 16.671818682000037 ], [ 96.62344332400005, 16.671927126000128 ], [ 96.62294304, 16.671794219999981 ], [ 96.622270200000116, 16.671622320000154 ], [ 96.621662880000144, 16.671541320000017 ], [ 96.621350760000098, 16.671915720000072 ], [ 96.618615120000015, 16.671380940000063 ], [ 96.61673412, 16.671906 ], [ 96.614852760000133, 16.672430970000107 ], [ 96.614118720000135, 16.67202426 ], [ 96.613384680000195, 16.671617550000121 ], [ 96.611659560000078, 16.67277 ], [ 96.609803400000146, 16.671044790000167 ], [ 96.608851560000062, 16.670160180000153 ], [ 96.606918000000178, 16.667674199999965 ], [ 96.605859240000143, 16.66531233000012 ], [ 96.605868240000177, 16.66277172000008 ], [ 96.605883360000178, 16.658307720000039 ], [ 96.60560724000004, 16.650748260000171 ], [ 96.60688632, 16.649043750000033 ], [ 96.607159920000072, 16.648058160000176 ], [ 96.606694800000184, 16.646385689999988 ], [ 96.614012880000075, 16.640787870000111 ], [ 96.619063680000011, 16.637819130000139 ], [ 96.621640200000058, 16.636304700000096 ], [ 96.62825268000006, 16.63198029 ], [ 96.632115480000095, 16.628406840000139 ], [ 96.632660520000059, 16.626295620000064 ], [ 96.633589680000057, 16.621235550000051 ], [ 96.634805400000062, 16.619410080000023 ], [ 96.635289960000193, 16.618682610000064 ], [ 96.637873680000098, 16.616813760000127 ], [ 96.64032456000001, 16.615647810000098 ], [ 96.642903600000068, 16.613498880000122 ], [ 96.643080000000111, 16.612921350000136 ], [ 96.643591200000117, 16.611244830000146 ], [ 96.644165040000189, 16.610814 ], [ 96.644738880000034, 16.610383080000076 ], [ 96.645901680000179, 16.610361570000066 ], [ 96.648315120000177, 16.607425590000162 ], [ 96.648784079000166, 16.606371000000138 ], [ 96.649144842000112, 16.606504072000121 ], [ 96.649545911000132, 16.606705819000013 ], [ 96.650254897000195, 16.60663721100002 ], [ 96.650694170000065, 16.606561128000067 ], [ 96.651726812000049, 16.606209923000051 ], [ 96.652902830000187, 16.605977874000075 ], [ 96.653665625000144, 16.606115387000045 ], [ 96.6541002310002, 16.606244676000131 ], [ 96.65484426200004, 16.606469613 ], [ 96.655095322000022, 16.606664772000101 ], [ 96.655565548000027, 16.607000085000038 ], [ 96.65578659300013, 16.607240105000187 ], [ 96.656335602000183, 16.60799943100011 ], [ 96.656998762000171, 16.609666851000043 ], [ 96.657060823000052, 16.610108411000169 ], [ 96.657064565000155, 16.610252314000093 ], [ 96.657090805000053, 16.611261359000025 ], [ 96.657125188000123, 16.611657321000109 ], [ 96.657202061000191, 16.613176547000023 ], [ 96.656820528000139, 16.615037084000051 ], [ 96.656567879000136, 16.616154854000172 ], [ 96.656541430000118, 16.616517753999972 ], [ 96.656339461000016, 16.61781129600007 ], [ 96.656660256, 16.618769000999976 ], [ 96.656877788000088, 16.619039158000078 ], [ 96.657125644000189, 16.619336916000179 ], [ 96.657915056000093, 16.620161122000184 ], [ 96.658136296000123, 16.620373725999968 ], [ 96.658556070000031, 16.620637126000133 ], [ 96.658963321000044, 16.620892669000057 ], [ 96.659242167000059, 16.621118163000062 ], [ 96.662224973000093, 16.621549505000189 ], [ 96.658849799999984, 16.62378039000015 ], [ 96.65519544000017, 16.626893310000128 ], [ 96.651151560000073, 16.630452090000063 ], [ 96.649210080000159, 16.633363770000074 ], [ 96.646945680000044, 16.638378390000071 ], [ 96.642092880000178, 16.643393100000026 ], [ 96.641122320000136, 16.645495950000111 ], [ 96.639989760000049, 16.64759889000004 ], [ 96.638048640000193, 16.650510570000051 ], [ 96.63578388000002, 16.653422340000077 ], [ 96.633681120000119, 16.654878180000139 ], [ 96.63384276, 16.65778986000015 ], [ 96.631901640000137, 16.657951680000053 ], [ 96.631416360000173, 16.659245699999985 ], [ 96.632225280000114, 16.662481019999973 ], [ 96.632225280000114, 16.666524990000084 ], [ 96.63416640000014, 16.668627930000014 ], [ 96.633268617, 16.669556537 ] ] ] } },
{ "type": "Feature", "properties": { "adm4_name": "Ma Yan Bay", "adm4_name1": "မရမ်းဘေး", "adm4_name2": null, "adm4_name3": null, "adm4_pcode": "MMR013024042", "adm3_name": "Kyauktan", "adm3_name1": "ကျောက်တန်း", "adm3_name2": null, "adm3_name3": null, "adm3_pcode": "MMR013024", "adm2_name": "Yangon (South)", "adm2_name1": "ရန်ကုန်(တောင်ပိုင်း)", "adm2_name2": null, "adm2_name3": null, "adm2_pcode": "MMR013D003", "adm1_name": "Yangon", "adm1_name1": "ရန်ကုန်တိုင်းဒေသကြီး", "adm1_name2": null, "adm1_name3": null, "adm1_pcode": "MMR013", "adm0_name": "Myanmar", "adm0_name1": "မြန်မာနိုင်ငံ", "adm0_name2": null, "adm0_name3": null, "adm0_pcode": "MMR", "valid_on": "2024-02-15T00:00:00", "valid_to": null, "area_sqkm": 21.31490419, "version": "v01", "lang": "en", "lang1": "my", "lang2": null, "lang3": null, "adm4_ref_name": "Ma Yan Bay", "center_lat": 16.65477048, "center_lon": 96.65173971 }, "geometry": { "type": "Polygon", "coordinates": [ [ [ 96.6579738370001, 16.687819375000117 ], [ 96.655138953000176, 16.688558910000154 ], [ 96.648790668000117, 16.688121096000145 ], [ 96.644412540000076, 16.688340005000043 ], [ 96.643199548000041, 16.687657695999974 ], [ 96.640910037000083, 16.686369846 ], [ 96.635218471000087, 16.682210625000039 ], [ 96.632950834000098, 16.678300735 ], [ 96.63281291300018, 16.674613347000104 ], [ 96.632810502000041, 16.6745489 ], [ 96.633700427000065, 16.674159558000099 ], [ 96.636313004000101, 16.67301655600005 ], [ 96.636239949000185, 16.672066853000103 ], [ 96.636173939000059, 16.67120872300012 ], [ 96.636094096000136, 16.670170773000052 ], [ 96.633268617, 16.669556537 ], [ 96.63416640000014, 16.668627930000014 ], [ 96.632225280000114, 16.666524990000084 ], [ 96.632225280000114, 16.662481019999973 ], [ 96.631416360000173, 16.659245699999985 ], [ 96.631901640000137, 16.657951680000053 ], [ 96.63384276, 16.65778986000015 ], [ 96.633681120000119, 16.654878180000139 ], [ 96.63578388000002, 16.653422340000077 ], [ 96.638048640000193, 16.650510570000051 ], [ 96.639989760000049, 16.64759889000004 ], [ 96.641122320000136, 16.645495950000111 ], [ 96.642092880000178, 16.643393100000026 ], [ 96.646945680000044, 16.638378390000071 ], [ 96.649210080000159, 16.633363770000074 ], [ 96.651151560000073, 16.630452090000063 ], [ 96.65519544000017, 16.626893310000128 ], [ 96.658849799999984, 16.62378039000015 ], [ 96.662224973000093, 16.621549505000189 ], [ 96.662587778000045, 16.621442603000048 ], [ 96.663895798000055, 16.620866066000076 ], [ 96.66494943400005, 16.620805582 ], [ 96.665349544000094, 16.621034909000059 ], [ 96.666433092000034, 16.621548721000124 ], [ 96.667200076000086, 16.62263303800006 ], [ 96.668004655000118, 16.624013827000169 ], [ 96.668480229000068, 16.625096675000066 ], [ 96.668614533000152, 16.625402474000055 ], [ 96.668912291000083, 16.627675345000057 ], [ 96.668947536000076, 16.629136374000097 ], [ 96.668954622000115, 16.629427195000062 ], [ 96.669240276000153, 16.630589897 ], [ 96.669652338000105, 16.631475686000044 ], [ 96.669778839, 16.631787599000177 ], [ 96.670099644000175, 16.632487720000086 ], [ 96.67020548000005, 16.63271869600004 ], [ 96.670285823000029, 16.633027593000065 ], [ 96.67070233100003, 16.633843497999976 ], [ 96.673308185000167, 16.639742783000031 ], [ 96.6770295930001, 16.639742783000031 ], [ 96.682064440000033, 16.638867157999982 ], [ 96.685073796000154, 16.638566223000055 ], [ 96.685159304000138, 16.639111568000146 ], [ 96.68666147600004, 16.64171294099998 ], [ 96.685566943000197, 16.646091069000022 ], [ 96.684691318000091, 16.64762341300019 ], [ 96.681845535000093, 16.645872163000035 ], [ 96.676591782000173, 16.645215443999973 ], [ 96.671338027000047, 16.648061226999971 ], [ 96.667508898000051, 16.649496088000149 ], [ 96.668538876000184, 16.65037263 ], [ 96.668756522000081, 16.650625165 ], [ 96.66966454500016, 16.651482968000039 ], [ 96.669855098000198, 16.651720257000022 ], [ 96.670552849000103, 16.652573667000127 ], [ 96.670656026000017, 16.653757228000075 ], [ 96.670320675000085, 16.654420633000029 ], [ 96.669851452000103, 16.654662771000176 ], [ 96.669271056000184, 16.654962280000177 ], [ 96.671338027000047, 16.656160762000184 ], [ 96.671994746000109, 16.658568734000141 ], [ 96.665427555000065, 16.660538890000055 ], [ 96.662069353000049, 16.662497842000164 ], [ 96.660173800000109, 16.663603581000075 ], [ 96.659954895000055, 16.668857334000165 ], [ 96.65929817500006, 16.674111089000121 ], [ 96.657315504000053, 16.679300418000025 ], [ 96.658006221000107, 16.679379539000081 ], [ 96.658395491000135, 16.679388132000042 ], [ 96.659527876000141, 16.679303620000155 ], [ 96.660471032000032, 16.679372506000163 ], [ 96.660771606000196, 16.67945281700014 ], [ 96.6615617180002, 16.679708374000029 ], [ 96.662092075000146, 16.68007419200012 ], [ 96.662100107000072, 16.680818364000061 ], [ 96.661599651000074, 16.681622939000079 ], [ 96.662581772000067, 16.684180783000158 ], [ 96.660173800000109, 16.687245471000097 ], [ 96.6579738370001, 16.687819375000117 ] ] ] } },
{ "type": "Feature", "properties": { "adm4_name": "Shan Chaung", "adm4_name1": "ရှမ်းချောင်း", "adm4_name2": null, "adm4_name3": null, "adm4_pcode": "MMR013024043", "adm3_name": "Kyauktan", "adm3_name1": "ကျောက်တန်း", "adm3_name2": null, "adm3_name3": null, "adm3_pcode": "MMR013024", "adm2_name": "Yangon (South)", "adm2_name1": "ရန်ကုန်(တောင်ပိုင်း)", "adm2_name2": null, "adm2_name3": null, "adm2_pcode": "MMR013D003", "adm1_name": "Yangon", "adm1_name1": "ရန်ကုန်တိုင်းဒေသကြီး", "adm1_name2": null, "adm1_name3": null, "adm1_pcode": "MMR013", "adm0_name": "Myanmar", "adm0_name1": "မြန်မာနိုင်ငံ", "adm0_name2": null, "adm0_name3": null, "adm0_pcode": "MMR", "valid_on": "2024-02-15T00:00:00", "valid_to": null, "area_sqkm": 27.92238892, "version": "v01", "lang": "en", "lang1": "my", "lang2": null, "lang3": null, "adm4_ref_name": "Shan Chaung", "center_lat": 16.54642517, "center_lon": 96.58423103 }, "geometry": { "type": "Polygon", "coordinates": [ [ [ 96.582610800000168, 16.581546450000133 ], [ 96.582058560000121, 16.583237550000092 ], [ 96.580486440000072, 16.584807150000074 ], [ 96.578316360000088, 16.585407 ], [ 96.576858720000132, 16.585153290000108 ], [ 96.576987240000108, 16.584170310000161 ], [ 96.577827840000168, 16.582333950000077 ], [ 96.577084440000135, 16.581366810000191 ], [ 96.574750200000096, 16.580848860000117 ], [ 96.572199960000091, 16.580895210000051 ], [ 96.57140832000016, 16.58090961 ], [ 96.570846000000188, 16.582040460000144 ], [ 96.570877320000079, 16.583861070000125 ], [ 96.570612720000042, 16.585406820000173 ], [ 96.569876880000095, 16.584859800000174 ], [ 96.569140680000146, 16.584312870000076 ], [ 96.567766200000108, 16.580415330000164 ], [ 96.566887080000186, 16.580010960000095 ], [ 96.563526120000063, 16.57895112000017 ], [ 96.561046440000098, 16.578435690000163 ], [ 96.560331840000117, 16.57914903 ], [ 96.559748280000122, 16.579019520000145 ], [ 96.558502680000117, 16.578411660000086 ], [ 96.557256720000055, 16.577803800000083 ], [ 96.557244840000124, 16.577103510000029 ], [ 96.557232960000022, 16.576403310000046 ], [ 96.55787268000006, 16.575551190000056 ], [ 96.558512039999982, 16.574699070000065 ], [ 96.560386920000042, 16.57382463 ], [ 96.561087120000082, 16.572270960000083 ], [ 96.55946028000011, 16.570619280000187 ], [ 96.554458440000133, 16.567067340000108 ], [ 96.554838960000041, 16.566506730000071 ], [ 96.558357960000023, 16.561323270000173 ], [ 96.559360560000016, 16.56046458000003 ], [ 96.563163240000108, 16.561866780000059 ], [ 96.566751360000126, 16.563482910000175 ], [ 96.567547320000074, 16.56329337000011 ], [ 96.56834364000008, 16.563103830000045 ], [ 96.570708840000179, 16.561169730000074 ], [ 96.571262520000175, 16.559548740000082 ], [ 96.570487800000194, 16.558862310000109 ], [ 96.569713080000042, 16.558175880000022 ], [ 96.565087800000185, 16.555387860000053 ], [ 96.56346456000017, 16.553946240000187 ], [ 96.562864440000055, 16.552836360000185 ], [ 96.564413880000188, 16.549936560000049 ], [ 96.564818880000132, 16.548108030000094 ], [ 96.56702064000001, 16.54512633000013 ], [ 96.568073280000078, 16.542935910000097 ], [ 96.568362360000037, 16.538940180000054 ], [ 96.568367760000115, 16.538868 ], [ 96.568484400000159, 16.537184730000092 ], [ 96.568889400000103, 16.535356289999982 ], [ 96.570892080000078, 16.53349887000013 ], [ 96.572255400000074, 16.532493570000099 ], [ 96.572225880000133, 16.530742980000014 ], [ 96.572383200000161, 16.529892930000017 ], [ 96.572824560000129, 16.527510090000078 ], [ 96.572563560000162, 16.526794319999965 ], [ 96.57168192000006, 16.524378810000144 ], [ 96.571659240000145, 16.52304834 ], [ 96.572211480000192, 16.521357330000058 ], [ 96.571667520000119, 16.519265820000044 ], [ 96.57174348000018, 16.517322000000149 ], [ 96.571769040000163, 16.516672290000031 ], [ 96.572061359000088, 16.515888183000072 ], [ 96.575546356000075, 16.506862881000131 ], [ 96.575609586000155, 16.506890441000053 ], [ 96.575645181000141, 16.506849724000176 ], [ 96.577172504000146, 16.507279672000038 ], [ 96.577405370000065, 16.507345225000051 ], [ 96.578339740000104, 16.508013857000151 ], [ 96.579864868000129, 16.509105235 ], [ 96.580450203000169, 16.509087794000095 ], [ 96.581545170000084, 16.509055167000156 ], [ 96.581712022000033, 16.509119942000098 ], [ 96.583951605000152, 16.509989376000078 ], [ 96.587229724000053, 16.511261984000043 ], [ 96.590542157000129, 16.512547913000105 ], [ 96.590657497000052, 16.512592689000087 ], [ 96.593630351, 16.514503679000086 ], [ 96.593787783000096, 16.514604879000103 ], [ 96.594444545000044, 16.514551963000031 ], [ 96.601473998000188, 16.517644797000116 ], [ 96.614929425000184, 16.52533556800006 ], [ 96.609818254000118, 16.534907679000071 ], [ 96.609000600000172, 16.53567723000009 ], [ 96.60801492000013, 16.537516289999985 ], [ 96.605913240000177, 16.542037440000172 ], [ 96.601360680000084, 16.54772400000013 ], [ 96.599517839999976, 16.55041932 ], [ 96.598413, 16.553801520000093 ], [ 96.597308520000183, 16.557183720000182 ], [ 96.597075600000096, 16.56054999000014 ], [ 96.59608272000014, 16.561969020000163 ], [ 96.594249240000181, 16.565224410000042 ], [ 96.591045600000143, 16.564862610000091 ], [ 96.590038320000076, 16.56544131000004 ], [ 96.590071800000032, 16.567401870000083 ], [ 96.589814760000081, 16.569367830000033 ], [ 96.586589520000189, 16.56774549000005 ], [ 96.583657680000101, 16.566257970000095 ], [ 96.582807360000061, 16.567534169999988 ], [ 96.582250080000165, 16.568945190000022 ], [ 96.584613120000085, 16.571143620000043 ], [ 96.589015200000176, 16.573584960000062 ], [ 96.588893880000057, 16.57498806000018 ], [ 96.58876752000009, 16.576110990000188 ], [ 96.586338240000032, 16.578536760000134 ], [ 96.585502680000161, 16.5806532900001 ], [ 96.582610800000168, 16.581546450000133 ] ] ] } },
{ "type": "Feature", "properties": { "adm4_name": "Tu Myaung", "adm4_name1": "တူးမြောင်း", "adm4_name2": null, "adm4_name3": null, "adm4_pcode": "MMR013024044", "adm3_name": "Kyauktan", "adm3_name1": "ကျောက်တန်း", "adm3_name2": null, "adm3_name3": null, "adm3_pcode": "MMR013024", "adm2_name": "Yangon (South)", "adm2_name1": "ရန်ကုန်(တောင်ပိုင်း)", "adm2_name2": null, "adm2_name3": null, "adm2_pcode": "MMR013D003", "adm1_name": "Yangon", "adm1_name1": "ရန်ကုန်တိုင်းဒေသကြီး", "adm1_name2": null, "adm1_name3": null, "adm1_pcode": "MMR013", "adm0_name": "Myanmar", "adm0_name1": "မြန်မာနိုင်ငံ", "adm0_name2": null, "adm0_name3": null, "adm0_pcode": "MMR", "valid_on": "2024-02-15T00:00:00", "valid_to": null, "area_sqkm": 16.42074815, "version": "v01", "lang": "en", "lang1": "my", "lang2": null, "lang3": null, "adm4_ref_name": "Tu Myaung", "center_lat": 16.60857908, "center_lon": 96.57212814 }, "geometry": { "type": "Polygon", "coordinates": [ [ [ 96.596808120000162, 16.597852650000164 ], [ 96.594421680000039, 16.600662899999975 ], [ 96.59312280000006, 16.601623560000064 ], [ 96.591823920000024, 16.602584220000153 ], [ 96.591120120000085, 16.603104690000066 ], [ 96.59088252000015, 16.606190970000171 ], [ 96.592919400000085, 16.606293840000149 ], [ 96.593551200000149, 16.609224060000088 ], [ 96.593279760000087, 16.610349690000135 ], [ 96.589373040000112, 16.611401700000158 ], [ 96.58664316, 16.613272620000089 ], [ 96.586687440000105, 16.615853640000125 ], [ 96.586707960000069, 16.617053790000114 ], [ 96.587222400000144, 16.617971430000182 ], [ 96.588807480000014, 16.620797790000097 ], [ 96.589603800000191, 16.624845720000167 ], [ 96.591386520000071, 16.627054500000156 ], [ 96.591516840000054, 16.628083740000022 ], [ 96.588529200000096, 16.630573410000125 ], [ 96.577691040000047, 16.633646910000095 ], [ 96.576882480000108, 16.634293920000118 ], [ 96.576558840000189, 16.631543970000166 ], [ 96.573647160000121, 16.631058690000145 ], [ 96.571382400000175, 16.634293920000118 ], [ 96.568956000000128, 16.635749760000181 ], [ 96.567265080000197, 16.636257090000015 ], [ 96.567244560000063, 16.635059370000079 ], [ 96.566324759999986, 16.632274320000022 ], [ 96.568297200000131, 16.628596200000175 ], [ 96.567410880000182, 16.627771800000176 ], [ 96.564804120000133, 16.628379479999978 ], [ 96.564461040000197, 16.625303730000041 ], [ 96.564684960000022, 16.621377210000048 ], [ 96.56363376000013, 16.620074370000111 ], [ 96.56112024000015, 16.616959020000081 ], [ 96.558828480000045, 16.618961790000071 ], [ 96.556822560000171, 16.620679260000031 ], [ 96.5555143200001, 16.62070293000005 ], [ 96.554908080000075, 16.619242950000057 ], [ 96.554301840000164, 16.617782970000064 ], [ 96.552695880000158, 16.617391740000187 ], [ 96.551125920000118, 16.61910129000006 ], [ 96.550094160000185, 16.618279410000071 ], [ 96.549894000000165, 16.615060920000076 ], [ 96.549386760000118, 16.61086737 ], [ 96.548986800000023, 16.608703140000159 ], [ 96.54929640000006, 16.608750120000138 ], [ 96.549606, 16.608797010000103 ], [ 96.550225560000058, 16.608890880000047 ], [ 96.551090279999983, 16.608455010000057 ], [ 96.551955360000193, 16.608019050000053 ], [ 96.552447120000181, 16.607029590000081 ], [ 96.553016640000067, 16.606318770000087 ], [ 96.55455311999998, 16.606921409999984 ], [ 96.556001760000129, 16.606615050000073 ], [ 96.5584382400001, 16.606682640000145 ], [ 96.559056, 16.606699830000139 ], [ 96.56012808000014, 16.605629730000089 ], [ 96.560449560000109, 16.603172280000138 ], [ 96.56077104000002, 16.60071492000003 ], [ 96.562800720000098, 16.596125280000081 ], [ 96.566730120000159, 16.592131530000188 ], [ 96.567162480000036, 16.591649310000093 ], [ 96.569155080000087, 16.589425860000176 ], [ 96.56971848000012, 16.588364940000133 ], [ 96.570000000000164, 16.587834480000083 ], [ 96.570281880000039, 16.58730402000009 ], [ 96.570612720000042, 16.585406820000173 ], [ 96.570877320000079, 16.583861070000125 ], [ 96.570846000000188, 16.582040460000144 ], [ 96.57140832000016, 16.58090961 ], [ 96.572199960000091, 16.580895210000051 ], [ 96.574750200000096, 16.580848860000117 ], [ 96.577084440000135, 16.581366810000191 ], [ 96.577827840000168, 16.582333950000077 ], [ 96.576987240000108, 16.584170310000161 ], [ 96.576858720000132, 16.585153290000108 ], [ 96.578316360000088, 16.585407 ], [ 96.580486440000072, 16.584807150000074 ], [ 96.582058560000121, 16.583237550000092 ], [ 96.583892760000197, 16.584254820000069 ], [ 96.584634720000111, 16.585151849999988 ], [ 96.58378332000018, 16.58635812000017 ], [ 96.582705480000186, 16.587078210000072 ], [ 96.582206520000113, 16.587647640000114 ], [ 96.582361320000132, 16.588205190000053 ], [ 96.582951, 16.588684710000109 ], [ 96.583408560000066, 16.589937150000026 ], [ 96.582832199999984, 16.590227850000076 ], [ 96.581812680000041, 16.590106350000156 ], [ 96.581304, 16.59011562 ], [ 96.581040840000128, 16.59173139000012 ], [ 96.580731600000092, 16.594888950000097 ], [ 96.581104200000198, 16.595442540000079 ], [ 96.582261960000096, 16.595141310000031 ], [ 96.584925240000189, 16.593621840000026 ], [ 96.587011800000141, 16.592393070000185 ], [ 96.588879120000115, 16.591098240000122 ], [ 96.589668600000039, 16.590523500000188 ], [ 96.591414960000122, 16.590631680000115 ], [ 96.59417508000007, 16.594783830000097 ], [ 96.596261280000192, 16.59775752000013 ], [ 96.596808120000162, 16.597852650000164 ] ] ] } },
{ "type": "Feature", "properties": { "adm4_name": "Ta Man Gyi Kone", "adm4_name1": "တမံကြီးကုန်း", "adm4_name2": null, "adm4_name3": null, "adm4_pcode": "MMR013024045", "adm3_name": "Kyauktan", "adm3_name1": "ကျောက်တန်း", "adm3_name2": null, "adm3_name3": null, "adm3_pcode": "MMR013024", "adm2_name": "Yangon (South)", "adm2_name1": "ရန်ကုန်(တောင်ပိုင်း)", "adm2_name2": null, "adm2_name3": null, "adm2_pcode": "MMR013D003", "adm1_name": "Yangon", "adm1_name1": "ရန်ကုန်တိုင်းဒေသကြီး", "adm1_name2": null, "adm1_name3": null, "adm1_pcode": "MMR013", "adm0_name": "Myanmar", "adm0_name1": "မြန်မာနိုင်ငံ", "adm0_name2": null, "adm0_name3": null, "adm0_pcode": "MMR", "valid_on": "2024-02-15T00:00:00", "valid_to": null, "area_sqkm": 28.20718808, "version": "v01", "lang": "en", "lang1": "my", "lang2": null, "lang3": null, "adm4_ref_name": "Ta Man Gyi Kone", "center_lat": 16.59904853, "center_lon": 96.62018833 }, "geometry": { "type": "Polygon", "coordinates": [ [ [ 96.596808120000162, 16.597852650000164 ], [ 96.597354600000074, 16.597947690000012 ], [ 96.599868840000056, 16.596220680000158 ], [ 96.607670760000076, 16.589283660000092 ], [ 96.613288920000059, 16.583356080000101 ], [ 96.614634960000046, 16.581935520000172 ], [ 96.620303520000107, 16.575954030000162 ], [ 96.627592080000113, 16.568815859999972 ], [ 96.628498920000197, 16.566627870000161 ], [ 96.63050232, 16.56484002000019 ], [ 96.634250887000121, 16.561849603000098 ], [ 96.633743769000091, 16.562378491000175 ], [ 96.633493006000037, 16.562589935000119 ], [ 96.633245249000026, 16.56287571200005 ], [ 96.632803225000089, 16.563580922000085 ], [ 96.632463558000097, 16.56392078000016 ], [ 96.632318671000121, 16.565420440000082 ], [ 96.632341096000118, 16.565758749000111 ], [ 96.632776083000124, 16.567361380000079 ], [ 96.632871938000164, 16.567685641000025 ], [ 96.634019052000042, 16.568768732000024 ], [ 96.634248487000093, 16.569094003000032 ], [ 96.635023114000148, 16.569890541000177 ], [ 96.636167779000118, 16.570840866000026 ], [ 96.636418426000148, 16.571096329000113 ], [ 96.637224340000046, 16.571775378000098 ], [ 96.637429330000089, 16.57207287 ], [ 96.638341974000127, 16.573178850000033 ], [ 96.638802920000103, 16.574025180000092 ], [ 96.63889888, 16.574334178000072 ], [ 96.638993958000071, 16.574658424000063 ], [ 96.639756531000046, 16.576006100000029 ], [ 96.639940313000125, 16.576375941000151 ], [ 96.640111960000013, 16.576718467999967 ], [ 96.64028, 16.577100740000162 ], [ 96.640782425000168, 16.57803504200001 ], [ 96.640893934000076, 16.57835940300015 ], [ 96.641350844000044, 16.579789436000056 ], [ 96.641388923000079, 16.580125303000045 ], [ 96.641378491000125, 16.580430921000129 ], [ 96.641495969000061, 16.581689741000162 ], [ 96.641488076000201, 16.581998091000116 ], [ 96.641473648000101, 16.582406296000045 ], [ 96.64167183800015, 16.584031780999965 ], [ 96.641675022000015, 16.584527800000046 ], [ 96.641736280000146, 16.584969533000105 ], [ 96.642053225000154, 16.585999677000075 ], [ 96.642148899000063, 16.586351354000158 ], [ 96.642708999000035, 16.587885012000015 ], [ 96.642743654000185, 16.588236128000119 ], [ 96.642995851000194, 16.590039946000161 ], [ 96.643045371000198, 16.590391147000162 ], [ 96.64304932400006, 16.590772036000146 ], [ 96.643338750000055, 16.592328350000116 ], [ 96.643315810999979, 16.592661112000144 ], [ 96.643403710000086, 16.59437346500016 ], [ 96.643410784000139, 16.594666640000185 ], [ 96.643777843, 16.596078338000098 ], [ 96.644327435000037, 16.597932503000095 ], [ 96.644395050000014, 16.598298880000129 ], [ 96.644773081000153, 16.599798176000036 ], [ 96.645089170000062, 16.600961445999985 ], [ 96.645780854000122, 16.603608751000081 ], [ 96.646558164000112, 16.604986472000121 ], [ 96.647687874000155, 16.605966653000166 ], [ 96.648029196000152, 16.60609255300011 ], [ 96.648784079000166, 16.606371000000138 ], [ 96.648315120000177, 16.607425590000162 ], [ 96.645901680000179, 16.610361570000066 ], [ 96.644738880000034, 16.610383080000076 ], [ 96.644165040000189, 16.610814 ], [ 96.643591200000117, 16.611244830000146 ], [ 96.643080000000111, 16.612921350000136 ], [ 96.642903600000068, 16.613498880000122 ], [ 96.64032456000001, 16.615647810000098 ], [ 96.637873680000098, 16.616813760000127 ], [ 96.635289960000193, 16.618682610000064 ], [ 96.634805400000062, 16.619410080000023 ], [ 96.633589680000057, 16.621235550000051 ], [ 96.632660520000059, 16.626295620000064 ], [ 96.632115480000095, 16.628406840000139 ], [ 96.62825268000006, 16.63198029 ], [ 96.621640200000058, 16.636304700000096 ], [ 96.61909176000006, 16.631869050000034 ], [ 96.616722960000175, 16.629391260000034 ], [ 96.612154560000192, 16.625833200000159 ], [ 96.609703320000051, 16.626998880000144 ], [ 96.605309520000105, 16.625118419999978 ], [ 96.599374920000059, 16.626628080000046 ], [ 96.593016600000112, 16.62884577 ], [ 96.59172312000004, 16.62970995000012 ], [ 96.591516840000054, 16.628083740000022 ], [ 96.591386520000071, 16.627054500000156 ], [ 96.589603800000191, 16.624845720000167 ], [ 96.588807480000014, 16.620797790000097 ], [ 96.587222400000144, 16.617971430000182 ], [ 96.586707960000069, 16.617053790000114 ], [ 96.586687440000105, 16.615853640000125 ], [ 96.58664316, 16.613272620000089 ], [ 96.589373040000112, 16.611401700000158 ], [ 96.593279760000087, 16.610349690000135 ], [ 96.593551200000149, 16.609224060000088 ], [ 96.592919400000085, 16.606293840000149 ], [ 96.59088252000015, 16.606190970000171 ], [ 96.591120120000085, 16.603104690000066 ], [ 96.591823920000024, 16.602584220000153 ], [ 96.59312280000006, 16.601623560000064 ], [ 96.594421680000039, 16.600662899999975 ], [ 96.596808120000162, 16.597852650000164 ] ] ] } },
{ "type": "Feature", "properties": { "adm4_name": "Aung Chan Thar", "adm4_name1": "အောင်ချမ်းသာ", "adm4_name2": null, "adm4_name3": null, "adm4_pcode": "MMR013024046", "adm3_name": "Kyauktan", "adm3_name1": "ကျောက်တန်း", "adm3_name2": null, "adm3_name3": null, "adm3_pcode": "MMR013024", "adm2_name": "Yangon (South)", "adm2_name1": "ရန်ကုန်(တောင်ပိုင်း)", "adm2_name2": null, "adm2_name3": null, "adm2_pcode": "MMR013D003", "adm1_name": "Yangon", "adm1_name1": "ရန်ကုန်တိုင်းဒေသကြီး", "adm1_name2": null, "adm1_name3": null, "adm1_pcode": "MMR013", "adm0_name": "Myanmar", "adm0_name1": "မြန်မာနိုင်ငံ", "adm0_name2": null, "adm0_name3": null, "adm0_pcode": "MMR", "valid_on": "2024-02-15T00:00:00", "valid_to": null, "area_sqkm": 26.1290462, "version": "v01", "lang": "en", "lang1": "my", "lang2": null, "lang3": null, "adm4_ref_name": "Aung Chan Thar", "center_lat": 16.56145338, "center_lon": 96.61553716 }, "geometry": { "type": "Polygon", "coordinates": [ [ [ 96.599868840000056, 16.596220680000158 ], [ 96.597354600000074, 16.597947690000012 ], [ 96.596808120000162, 16.597852650000164 ], [ 96.596261280000192, 16.59775752000013 ], [ 96.59417508000007, 16.594783830000097 ], [ 96.591414960000122, 16.590631680000115 ], [ 96.589668600000039, 16.590523500000188 ], [ 96.588879120000115, 16.591098240000122 ], [ 96.587011800000141, 16.592393070000185 ], [ 96.584925240000189, 16.593621840000026 ], [ 96.582261960000096, 16.595141310000031 ], [ 96.581104200000198, 16.595442540000079 ], [ 96.580731600000092, 16.594888950000097 ], [ 96.581040840000128, 16.59173139000012 ], [ 96.581304, 16.59011562 ], [ 96.581812680000041, 16.590106350000156 ], [ 96.582832199999984, 16.590227850000076 ], [ 96.583408560000066, 16.589937150000026 ], [ 96.582951, 16.588684710000109 ], [ 96.582361320000132, 16.588205190000053 ], [ 96.582206520000113, 16.587647640000114 ], [ 96.582705480000186, 16.587078210000072 ], [ 96.58378332000018, 16.58635812000017 ], [ 96.584634720000111, 16.585151849999988 ], [ 96.583892760000197, 16.584254820000069 ], [ 96.582058560000121, 16.583237550000092 ], [ 96.582610800000168, 16.581546450000133 ], [ 96.585502680000161, 16.5806532900001 ], [ 96.586338240000032, 16.578536760000134 ], [ 96.58876752000009, 16.576110990000188 ], [ 96.588893880000057, 16.57498806000018 ], [ 96.589015200000176, 16.573584960000062 ], [ 96.584613120000085, 16.571143620000043 ], [ 96.582250080000165, 16.568945190000022 ], [ 96.582807360000061, 16.567534169999988 ], [ 96.583657680000101, 16.566257970000095 ], [ 96.586589520000189, 16.56774549000005 ], [ 96.589814760000081, 16.569367830000033 ], [ 96.590071800000032, 16.567401870000083 ], [ 96.590038320000076, 16.56544131000004 ], [ 96.591045600000143, 16.564862610000091 ], [ 96.594249240000181, 16.565224410000042 ], [ 96.59608272000014, 16.561969020000163 ], [ 96.597075600000096, 16.56054999000014 ], [ 96.597308520000183, 16.557183720000182 ], [ 96.598413, 16.553801520000093 ], [ 96.599517839999976, 16.55041932 ], [ 96.601360680000084, 16.54772400000013 ], [ 96.605913240000177, 16.542037440000172 ], [ 96.60801492000013, 16.537516289999985 ], [ 96.609000600000172, 16.53567723000009 ], [ 96.609818254000118, 16.534907679000071 ], [ 96.614929425000184, 16.52533556800006 ], [ 96.621603510000057, 16.529150301000129 ], [ 96.628072251000106, 16.533148508000124 ], [ 96.633622941000056, 16.535882693000133 ], [ 96.63893858400013, 16.539197763000118 ], [ 96.643618700000104, 16.541833211000039 ], [ 96.648259840000037, 16.544446712000024 ], [ 96.648260592000099, 16.544447135000155 ], [ 96.648255426000048, 16.544460522000122 ], [ 96.642638875000102, 16.553388494000046 ], [ 96.642628811000179, 16.553398620000166 ], [ 96.641372018000197, 16.554662088000043 ], [ 96.635010719000093, 16.561057155000128 ], [ 96.634250887000121, 16.561849603000098 ], [ 96.63050232, 16.56484002000019 ], [ 96.628498920000197, 16.566627870000161 ], [ 96.627592080000113, 16.568815859999972 ], [ 96.620303520000107, 16.575954030000162 ], [ 96.614634960000046, 16.581935520000172 ], [ 96.613288920000059, 16.583356080000101 ], [ 96.607670760000076, 16.589283660000092 ], [ 96.599868840000056, 16.596220680000158 ] ] ] } },
{ "type": "Feature", "properties": { "adm4_name": "Ku Lar Tan", "adm4_name1": "ကုလားတန်း", "adm4_name2": null, "adm4_name3": null, "adm4_pcode": "MMR013024047", "adm3_name": "Kyauktan", "adm3_name1": "ကျောက်တန်း", "adm3_name2": null, "adm3_name3": null, "adm3_pcode": "MMR013024", "adm2_name": "Yangon (South)", "adm2_name1": "ရန်ကုန်(တောင်ပိုင်း)", "adm2_name2": null, "adm2_name3": null, "adm2_pcode": "MMR013D003", "adm1_name": "Yangon", "adm1_name1": "ရန်ကုန်တိုင်းဒေသကြီး", "adm1_name2": null, "adm1_name3": null, "adm1_pcode": "MMR013", "adm0_name": "Myanmar", "adm0_name1": "မြန်မာနိုင်ငံ", "adm0_name2": null, "adm0_name3": null, "adm0_pcode": "MMR", "valid_on": "2024-02-15T00:00:00", "valid_to": null, "area_sqkm": 25.09405674, "version": "v01", "lang": "en", "lang1": "my", "lang2": null, "lang3": null, "adm4_ref_name": "Ku Lar Tan", "center_lat": 16.49540853, "center_lon": 96.41999976 }, "geometry": { "type": "Polygon", "coordinates": [ [ [ 96.45273648, 16.5150792 ], [ 96.45071184, 16.515675090000116 ], [ 96.448664160000078, 16.514870310000163 ], [ 96.446637360000068, 16.515326160000029 ], [ 96.437771737000048, 16.513441479000164 ], [ 96.419921928000122, 16.509226941000122 ], [ 96.410253281000109, 16.504764488000149 ], [ 96.396552720000102, 16.500363570000161 ], [ 96.394311, 16.498415880000096 ], [ 96.39331092000009, 16.497547109999971 ], [ 96.391634760000159, 16.497225720000017 ], [ 96.390574920000176, 16.496823599999971 ], [ 96.389514720000022, 16.496421480000095 ], [ 96.388073280000128, 16.497146790000102 ], [ 96.387712560000125, 16.497293130000116 ], [ 96.38735148000012, 16.497439470000131 ], [ 96.38523288000016, 16.496705250000161 ], [ 96.384007591000113, 16.496280615000103 ], [ 96.383909672000073, 16.496189278000088 ], [ 96.383926906999989, 16.496176907000063 ], [ 96.38479806600003, 16.495117556000025 ], [ 96.385844755000051, 16.493844755000168 ], [ 96.387899813000104, 16.491149813000106 ], [ 96.388909551000154, 16.489159536000045 ], [ 96.391006575000119, 16.487504573000137 ], [ 96.391793825000036, 16.485789126000043 ], [ 96.392236709000088, 16.485401284000091 ], [ 96.393497645000195, 16.485174174000122 ], [ 96.394066501000168, 16.48396249100017 ], [ 96.394224824000048, 16.483625255000163 ], [ 96.394396402000041, 16.483259788 ], [ 96.394448960000091, 16.483229051000023 ], [ 96.394507247000035, 16.483215769000026 ], [ 96.394568690000085, 16.48321777100017 ], [ 96.394635217000143, 16.483229065000046 ], [ 96.394820127000173, 16.4832695180001 ], [ 96.394917319000058, 16.483296049000103 ], [ 96.395010920000061, 16.483327732000134 ], [ 96.395063320000133, 16.483351141000014 ], [ 96.395449836000125, 16.483404086000064 ], [ 96.395590088000176, 16.483013740999979 ], [ 96.395607302000201, 16.482965830000012 ], [ 96.395813674000067, 16.482391463 ], [ 96.395226262000108, 16.481623399000057 ], [ 96.395269156000097, 16.481191670000158 ], [ 96.395290461000172, 16.480977227999972 ], [ 96.39516641400013, 16.480805512000188 ], [ 96.394965225000078, 16.48052701000006 ], [ 96.395594353000092, 16.47910964800019 ], [ 96.396736641000132, 16.478494066000053 ], [ 96.398218538000094, 16.477695469000139 ], [ 96.398950844000069, 16.477300829000171 ], [ 96.401588447000108, 16.476774490000082 ], [ 96.402996104000124, 16.476493588999972 ], [ 96.404151476000152, 16.476263033000123 ], [ 96.405090030000167, 16.476554056000111 ], [ 96.405574683000054, 16.476704335000022 ], [ 96.406258462000039, 16.476747517000035 ], [ 96.408933781000144, 16.47691646800007 ], [ 96.410232272000201, 16.476998470000126 ], [ 96.411114908000059, 16.477054210000119 ], [ 96.411485119000076, 16.477166175000036 ], [ 96.412593743000116, 16.47750146400017 ], [ 96.412674211000194, 16.477690476000191 ], [ 96.412872102000165, 16.478155304999973 ], [ 96.414448820000018, 16.477983629 ], [ 96.414749917000165, 16.477950845000123 ], [ 96.415035534000083, 16.478104237000025 ], [ 96.415361639000139, 16.478279373000134 ], [ 96.41543028600006, 16.478265518000171 ], [ 96.418129376000081, 16.477720752000039 ], [ 96.418423593, 16.477661368999975 ], [ 96.418531164000115, 16.477603502000079 ], [ 96.419371867000166, 16.477151256000127 ], [ 96.420688204999976, 16.476443147999987 ], [ 96.421475280000038, 16.476019750000148 ], [ 96.421699381000167, 16.476003256000183 ], [ 96.430814025000075, 16.475332426000136 ], [ 96.431296885000052, 16.475379663000012 ], [ 96.431640821000087, 16.475413309000146 ], [ 96.434083929999986, 16.475652312000136 ], [ 96.435080517000131, 16.475749806000181 ], [ 96.438060527000118, 16.475358628000151 ], [ 96.438672271000144, 16.475278324999977 ], [ 96.439160520000087, 16.475298242000122 ], [ 96.444315720000134, 16.475508528000091 ], [ 96.444539344000191, 16.475517649999972 ], [ 96.444757373000186, 16.475534426000138 ], [ 96.450999141000068, 16.476014704000079 ], [ 96.451375521000102, 16.476043665000077 ], [ 96.452867056000173, 16.476397789999965 ], [ 96.45328041900018, 16.476495932000091 ], [ 96.453627879000123, 16.476578427000106 ], [ 96.453709920999984, 16.476597905000119 ], [ 96.453898688000095, 16.476567508000187 ], [ 96.454247741000074, 16.476511300000141 ], [ 96.454870042000152, 16.476411092000035 ], [ 96.455432020000103, 16.476320597999973 ], [ 96.456037981000065, 16.47668119400015 ], [ 96.456158036000147, 16.476752636000015 ], [ 96.456159274000072, 16.476775827000097 ], [ 96.455588214000102, 16.480765076000182 ], [ 96.456145680000191, 16.483636260000083 ], [ 96.457493880000186, 16.486134480000032 ], [ 96.457821120000062, 16.488370440000097 ], [ 96.457426560000101, 16.490899170000091 ], [ 96.456162960000199, 16.493583330000092 ], [ 96.455325600000037, 16.495699500000057 ], [ 96.456365280000057, 16.497082350000085 ], [ 96.458839200000114, 16.49731923000013 ], [ 96.459876720000182, 16.498561950000123 ], [ 96.45948, 16.500950640000042 ], [ 96.458716080000045, 16.507548900000131 ], [ 96.458443920000093, 16.508674530000178 ], [ 96.453929160000143, 16.508053170000096 ], [ 96.453421920000096, 16.508132100000068 ], [ 96.452914680000049, 16.508211029999984 ], [ 96.45207732, 16.510327290000134 ], [ 96.453585, 16.513663320000092 ], [ 96.45273648, 16.5150792 ] ] ] } },
{ "type": "Feature", "properties": { "adm4_name": "Zee Hpyu Pin", "adm4_name1": "ဇီးဖြူပင်", "adm4_name2": null, "adm4_name3": null, "adm4_pcode": "MMR013024049", "adm3_name": "Kyauktan", "adm3_name1": "ကျောက်တန်း", "adm3_name2": null, "adm3_name3": null, "adm3_pcode": "MMR013024", "adm2_name": "Yangon (South)", "adm2_name1": "ရန်ကုန်(တောင်ပိုင်း)", "adm2_name2": null, "adm2_name3": null, "adm2_pcode": "MMR013D003", "adm1_name": "Yangon", "adm1_name1": "ရန်ကုန်တိုင်းဒေသကြီး", "adm1_name2": null, "adm1_name3": null, "adm1_pcode": "MMR013", "adm0_name": "Myanmar", "adm0_name1": "မြန်မာနိုင်ငံ", "adm0_name2": null, "adm0_name3": null, "adm0_pcode": "MMR", "valid_on": "2024-02-15T00:00:00", "valid_to": null, "area_sqkm": 4.85970667, "version": "v01", "lang": "en", "lang1": "my", "lang2": null, "lang3": null, "adm4_ref_name": "Zee Hpyu Pin", "center_lat": 16.6793773, "center_lon": 96.51341616000001 }, "geometry": { "type": "Polygon", "coordinates": [ [ [ 96.525223897000046, 16.669414135000125 ], [ 96.524824680000165, 16.671818610000059 ], [ 96.524824320000107, 16.672143240000082 ], [ 96.524816760000192, 16.67664027 ], [ 96.524715240000148, 16.681205250000062 ], [ 96.524782200000175, 16.685164620000137 ], [ 96.52455109400006, 16.688023938000072 ], [ 96.523790350000183, 16.69150309600019 ], [ 96.519365820000019, 16.689338256000156 ], [ 96.514797255000133, 16.687137254000106 ], [ 96.511703956000076, 16.685757166000144 ], [ 96.510456666000096, 16.685199168000167 ], [ 96.509895565000079, 16.684948149000093 ], [ 96.507754050000131, 16.683615652000015 ], [ 96.505625883000164, 16.681991719000052 ], [ 96.50470834000015, 16.681474137000066 ], [ 96.503851734000193, 16.681569315000104 ], [ 96.502342286000157, 16.682210625000039 ], [ 96.500948792000145, 16.683330116000036 ], [ 96.499568705000058, 16.684234312000058 ], [ 96.498616920000131, 16.684710203000122 ], [ 96.497127946000035, 16.685075690000076 ], [ 96.496047102000091, 16.684995739000101 ], [ 96.49571397699998, 16.684805382000093 ], [ 96.495523621000075, 16.683996364999985 ], [ 96.49571397699998, 16.683234937000066 ], [ 96.496618173, 16.682473510000023 ], [ 96.497964158000116, 16.681772811000087 ], [ 96.500460011000087, 16.680077195000081 ], [ 96.503692840000156, 16.678677413000116 ], [ 96.50623020300003, 16.67757876100012 ], [ 96.506884555, 16.67668646300001 ], [ 96.506646609000029, 16.675615705999974 ], [ 96.504386121000039, 16.674188028000174 ], [ 96.502042532000019, 16.672822112000119 ], [ 96.500341038000101, 16.671868054000072 ], [ 96.498737710000171, 16.67070702400008 ], [ 96.496890819000043, 16.669369620000111 ], [ 96.494927764000067, 16.667941943000187 ], [ 96.493857006000098, 16.666811700000039 ], [ 96.497960572000181, 16.666616282 ], [ 96.500798588000123, 16.666437901000108 ], [ 96.502702156000112, 16.666628258000117 ], [ 96.503844297000171, 16.667865578000033 ], [ 96.504225011000074, 16.668341470000144 ], [ 96.505367153000066, 16.668722183999989 ], [ 96.508222506000152, 16.669102898000062 ], [ 96.510506788000157, 16.669102898000062 ], [ 96.512886250000179, 16.669293255000071 ], [ 96.514409105000141, 16.669388433000165 ], [ 96.514980175000176, 16.670245039000179 ], [ 96.516122316000065, 16.670911288000127 ], [ 96.5180258850001, 16.671387181000171 ], [ 96.519358383000053, 16.671006466 ], [ 96.520500524000113, 16.670816109000157 ], [ 96.521642666000105, 16.670245039000179 ], [ 96.523260699000161, 16.669388433000165 ], [ 96.525223897000046, 16.669414135000125 ] ] ] } },
{ "type": "Feature", "properties": { "adm4_name": "Urban", "adm4_name1": null, "adm4_name2": null, "adm4_name3": null, "adm4_pcode": "MMR013024701", "adm3_name": "Kyauktan", "adm3_name1": "ကျောက်တန်း", "adm3_name2": null, "adm3_name3": null, "adm3_pcode": "MMR013024", "adm2_name": "Yangon (South)", "adm2_name1": "ရန်ကုန်(တောင်ပိုင်း)", "adm2_name2": null, "adm2_name3": null, "adm2_pcode": "MMR013D003", "adm1_name": "Yangon", "adm1_name1": "ရန်ကုန်တိုင်းဒေသကြီး", "adm1_name2": null, "adm1_name3": null, "adm1_pcode": "MMR013", "adm0_name": "Myanmar", "adm0_name1": "မြန်မာနိုင်ငံ", "adm0_name2": null, "adm0_name3": null, "adm0_pcode": "MMR", "valid_on": "2024-02-15T00:00:00", "valid_to": null, "area_sqkm": 13.55654498, "version": "v01", "lang": "en", "lang1": "my", "lang2": null, "lang3": null, "adm4_ref_name": "Urban", "center_lat": 16.63630174, "center_lon": 96.31383641 }, "geometry": { "type": "Polygon", "coordinates": [ [ [ 96.323975261000044, 16.630674341000088 ], [ 96.324413559999982, 16.630944301 ], [ 96.324660534000031, 16.630996247000041 ], [ 96.325195160000192, 16.631131630000141 ], [ 96.325321179000071, 16.631197492000069 ], [ 96.325733605000039, 16.631592664000095 ], [ 96.325843697000096, 16.63170141400002 ], [ 96.326005450000082, 16.63186119300002 ], [ 96.32640989000015, 16.631964907999986 ], [ 96.328788751000047, 16.632574950000048 ], [ 96.331195825000123, 16.633467592000159 ], [ 96.335178717000133, 16.633015988000125 ], [ 96.33520368600017, 16.63362491800001 ], [ 96.335261403000061, 16.634150287000068 ], [ 96.335047553000095, 16.635086977000128 ], [ 96.334711502000118, 16.63564313400002 ], [ 96.334222701000101, 16.635965118000058 ], [ 96.333306200000038, 16.636052932000041 ], [ 96.333032349000177, 16.636082087000034 ], [ 96.332344548000037, 16.636155310000163 ], [ 96.332206398000153, 16.63617001700004 ], [ 96.331289896000158, 16.636433459000159 ], [ 96.331014946000153, 16.63690179800011 ], [ 96.331014946000153, 16.637428678000163 ], [ 96.331442646000198, 16.637838473000045 ], [ 96.332175848000077, 16.637984829000061 ], [ 96.332725748000144, 16.638043371000151 ], [ 96.333275650000132, 16.638306810000188 ], [ 96.333474225000145, 16.638760510000054 ], [ 96.333214550000093, 16.63941910300008 ], [ 96.333015974000148, 16.639989883000055 ], [ 96.333046524, 16.640326496000114 ], [ 96.333306200000038, 16.640838731000144 ], [ 96.333428400000173, 16.641380237000192 ], [ 96.33341312500005, 16.641936376000103 ], [ 96.333015974000148, 16.642697403999989 ], [ 96.332404973000166, 16.643736497000077 ], [ 96.332100927000056, 16.644089132000033 ], [ 96.331824522000147, 16.644409709 ], [ 96.33130517100011, 16.644804854000142 ], [ 96.330816370000036, 16.645478062000052 ], [ 96.330235919000074, 16.646048824 ], [ 96.33000378800017, 16.646234159000187 ], [ 96.329136117000019, 16.646926916000041 ], [ 96.328738967000049, 16.647805003000087 ], [ 96.328861166000138, 16.648448931000075 ], [ 96.329319418000182, 16.648829434000049 ], [ 96.329991519000089, 16.648858703000087 ], [ 96.330816370000036, 16.648946511000076 ], [ 96.331097049000107, 16.649619705000134 ], [ 96.329796630000089, 16.64989868400005 ], [ 96.328845891000185, 16.65010264600005 ], [ 96.328433466000092, 16.650131915000088 ], [ 96.328212389000157, 16.650036968000109 ], [ 96.32799049, 16.649941666000075 ], [ 96.327866000000199, 16.649905366000098 ], [ 96.327639164000061, 16.649839224000118 ], [ 96.327058714000032, 16.649824589000048 ], [ 96.326508812000156, 16.649722147000091 ], [ 96.32615748700016, 16.64959043500005 ], [ 96.326004736000186, 16.64979532000001 ], [ 96.326035286000092, 16.650146550000159 ], [ 96.326203312000132, 16.650453875999972 ], [ 96.326233862000151, 16.650863643000037 ], [ 96.326035286000092, 16.651200237000182 ], [ 96.325806161, 16.651361216999987 ], [ 96.324606382000127, 16.651197007000121 ], [ 96.324416133000113, 16.651170967999974 ], [ 96.323087206000196, 16.65122950600005 ], [ 96.32267478, 16.651288044000069 ], [ 96.321895753000149, 16.651288044000069 ], [ 96.321055628000181, 16.651244140000188 ], [ 96.320582101000127, 16.651112430000126 ], [ 96.3201863970001, 16.650929895000047 ], [ 96.320169676000035, 16.650922181000112 ], [ 96.31972670000016, 16.650863643000037 ], [ 96.319486964000021, 16.650887821000083 ], [ 96.319198211000071, 16.652093234000063 ], [ 96.319103033000147, 16.653616090000128 ], [ 96.318627141000036, 16.655567247000022 ], [ 96.318547277, 16.65562868100011 ], [ 96.318008481, 16.656043139000133 ], [ 96.31615250100009, 16.656756978000146 ], [ 96.315153128000134, 16.657185281000125 ], [ 96.31420134300015, 16.657661173000065 ], [ 96.313059202000034, 16.657994298 ], [ 96.312283308000133, 16.657994298 ], [ 96.311679114000071, 16.657994298 ], [ 96.31063215100005, 16.657803941000168 ], [ 96.310061081000072, 16.657185281000125 ], [ 96.309299654000199, 16.656709389000014 ], [ 96.30853822600011, 16.656756978000146 ], [ 96.307586442, 16.656852156000014 ], [ 96.305540105000091, 16.656661799000176 ], [ 96.304112428000167, 16.656281086000035 ], [ 96.302779930000042, 16.655805193000162 ], [ 96.301590200000192, 16.65551965800006 ], [ 96.299353506000045, 16.654996177000044 ], [ 96.299020382000037, 16.654615463000141 ], [ 96.298639668000135, 16.653996803000098 ], [ 96.297640294000075, 16.65380644600009 ], [ 96.297274302000176, 16.653741860000082 ], [ 96.2972265840001, 16.653805160000161 ], [ 96.296737047000192, 16.653963448000127 ], [ 96.296004580999977, 16.654200286000162 ], [ 96.294843680000156, 16.654756387000077 ], [ 96.293896628000084, 16.654873461000022 ], [ 96.293884398000159, 16.654876229000024 ], [ 96.291956699000082, 16.65531248700006 ], [ 96.288962793000167, 16.65611736600016 ], [ 96.288260754000078, 16.656315938000091 ], [ 96.287768549000134, 16.65578220600014 ], [ 96.287296624000078, 16.654877954000085 ], [ 96.287139316000037, 16.654180924000173 ], [ 96.287453932000119, 16.653785310000103 ], [ 96.287473596000154, 16.652843372000177 ], [ 96.287234011000123, 16.651250955000137 ], [ 96.287267265000025, 16.651083161000088 ], [ 96.293163426000035, 16.650819739000156 ], [ 96.293163328, 16.650817228000051 ], [ 96.293041226000014, 16.647687925000184 ], [ 96.293743877000168, 16.645580507000091 ], [ 96.289344669000172, 16.644146279000097 ], [ 96.29059488300004, 16.64059016200008 ], [ 96.291299873000128, 16.638584884000068 ], [ 96.291391523000073, 16.636535908000042 ], [ 96.291427934000126, 16.636537781000072 ], [ 96.295943481000108, 16.63677007800004 ], [ 96.295912931000032, 16.636009025000021 ], [ 96.29725237800011, 16.634039360000031 ], [ 96.298320737000154, 16.632468330000108 ], [ 96.298536154000089, 16.6321515570001 ], [ 96.298671192000086, 16.631952980000051 ], [ 96.300312139000084, 16.629539954999984 ], [ 96.30111559400018, 16.62814641600005 ], [ 96.302077061000091, 16.626478814000109 ], [ 96.302368697000077, 16.625972987000068 ], [ 96.302725593000105, 16.625353970000106 ], [ 96.303627127000084, 16.622956777000127 ], [ 96.303947596000057, 16.62210464500015 ], [ 96.304222546000062, 16.621460629000126 ], [ 96.30449749700017, 16.619996947000175 ], [ 96.304650246999984, 16.618679622000172 ], [ 96.304711348000183, 16.618094143000121 ], [ 96.305077948000132, 16.617362290000074 ], [ 96.305291798000042, 16.616747531000101 ], [ 96.305139048000058, 16.616191320000155 ], [ 96.305200148000097, 16.615547284000172 ], [ 96.305806215000075, 16.614938599000141 ], [ 96.305874140000128, 16.614879519000056 ], [ 96.305926914000054, 16.614833618000091 ], [ 96.305907827000112, 16.614816196000049 ], [ 96.306050717000062, 16.614547605000155 ], [ 96.306119268000145, 16.614418750000027 ], [ 96.307544703000019, 16.6151303420001 ], [ 96.309444421000194, 16.615477478000059 ], [ 96.312198631000172, 16.616949952000027 ], [ 96.313934319000055, 16.618586458000095 ], [ 96.314453117000198, 16.620829498000035 ], [ 96.316524500000071, 16.621695434000117 ], [ 96.321361536000097, 16.626700318000132 ], [ 96.322570795000047, 16.629809295000086 ], [ 96.323975261000044, 16.630674341000088 ] ] ] } },
{ "type": "Feature", "properties": { "adm4_name": "Urban", "adm4_name1": null, "adm4_name2": null, "adm4_name3": null, "adm4_pcode": "MMR013024702", "adm3_name": "Kyauktan", "adm3_name1": "ကျောက်တန်း", "adm3_name2": null, "adm3_name3": null, "adm3_pcode": "MMR013024", "adm2_name": "Yangon (South)", "adm2_name1": "ရန်ကုန်(တောင်ပိုင်း)", "adm2_name2": null, "adm2_name3": null, "adm2_pcode": "MMR013D003", "adm1_name": "Yangon", "adm1_name1": "ရန်ကုန်တိုင်းဒေသကြီး", "adm1_name2": null, "adm1_name3": null, "adm1_pcode": "MMR013", "adm0_name": "Myanmar", "adm0_name1": "မြန်မာနိုင်ငံ", "adm0_name2": null, "adm0_name3": null, "adm0_pcode": "MMR", "valid_on": "2024-02-15T00:00:00", "valid_to": null, "area_sqkm": 23.66902399, "version": "v01", "lang": "en", "lang1": "my", "lang2": null, "lang3": null, "adm4_ref_name": "Urban", "center_lat": 16.63889549, "center_lon": 96.54094986 }, "geometry": { "type": "Polygon", "coordinates": [ [ [ 96.548986800000023, 16.608703140000159 ], [ 96.549386760000118, 16.61086737 ], [ 96.549894000000165, 16.615060920000076 ], [ 96.550094160000185, 16.618279410000071 ], [ 96.551125920000118, 16.61910129000006 ], [ 96.552695880000158, 16.617391740000187 ], [ 96.554301840000164, 16.617782970000064 ], [ 96.554908080000075, 16.619242950000057 ], [ 96.5555143200001, 16.62070293000005 ], [ 96.556822560000171, 16.620679260000031 ], [ 96.558828480000045, 16.618961790000071 ], [ 96.56112024000015, 16.616959020000081 ], [ 96.56363376000013, 16.620074370000111 ], [ 96.564684960000022, 16.621377210000048 ], [ 96.564461040000197, 16.625303730000041 ], [ 96.564804120000133, 16.628379479999978 ], [ 96.567410880000182, 16.627771800000176 ], [ 96.568297200000131, 16.628596200000175 ], [ 96.566324759999986, 16.632274320000022 ], [ 96.567244560000063, 16.635059370000079 ], [ 96.567265080000197, 16.636257090000015 ], [ 96.567294600000139, 16.637988870000129 ], [ 96.567300720000105, 16.638344730000085 ], [ 96.567306840000072, 16.638700590000042 ], [ 96.567373800000098, 16.642621800000143 ], [ 96.564805200000023, 16.645470300000113 ], [ 96.564867480000032, 16.649111430000119 ], [ 96.56374068000008, 16.651233269999977 ], [ 96.562787760000106, 16.655032980000158 ], [ 96.55961148, 16.656351480000183 ], [ 96.559082640000156, 16.659443070000179 ], [ 96.559714080000163, 16.662373470000148 ], [ 96.55597044000001, 16.664542830000073 ], [ 96.551483040000164, 16.66574496000004 ], [ 96.549328800000126, 16.667325 ], [ 96.548674680000147, 16.667336790000149 ], [ 96.548674680000147, 16.667336880000164 ], [ 96.548020560000055, 16.667348670000024 ], [ 96.546372480000116, 16.668779400000119 ], [ 96.544989, 16.66866438 ], [ 96.540921, 16.668878040000095 ], [ 96.539388840000129, 16.66855557000008 ], [ 96.537856320000174, 16.668233010000051 ], [ 96.534072, 16.668021150000072 ], [ 96.53160528, 16.66834587000011 ], [ 96.529243680000036, 16.666287030000149 ], [ 96.528075840000042, 16.666027920000033 ], [ 96.526347840000085, 16.667039700000089 ], [ 96.525627480000139, 16.666983360000188 ], [ 96.523435800000186, 16.666811910000035 ], [ 96.522692400000096, 16.665844680000134 ], [ 96.522692400000096, 16.66584459000012 ], [ 96.524839800000166, 16.663844700000027 ], [ 96.525962640000159, 16.661442870000087 ], [ 96.525698760000182, 16.654442939999967 ], [ 96.525756720000174, 16.649258400000178 ], [ 96.525463680000087, 16.649123580000037 ], [ 96.525170640000169, 16.648988760000066 ], [ 96.52224672, 16.648060680000015 ], [ 96.5214939600001, 16.646533200000135 ], [ 96.519547800000169, 16.643205900000169 ], [ 96.51736728000003, 16.643245050000189 ], [ 96.516563040000108, 16.642979280000077 ], [ 96.515758800000185, 16.642713510000078 ], [ 96.515584200000148, 16.642126710000014 ], [ 96.514680240000132, 16.639090379999971 ], [ 96.513322680000044, 16.636172670000178 ], [ 96.514754760000073, 16.634886210000104 ], [ 96.517373400000054, 16.634979270000031 ], [ 96.518498760000057, 16.632717570000125 ], [ 96.52035744, 16.630863030000114 ], [ 96.521088960000156, 16.631130060000032 ], [ 96.52210776000004, 16.631181816000037 ], [ 96.523126200000149, 16.631233560000055 ], [ 96.525346679999984, 16.63357527 ], [ 96.52722660000012, 16.632981090000044 ], [ 96.52807764, 16.631704980000166 ], [ 96.531267960000037, 16.63122726000006 ], [ 96.533159760000046, 16.631333280000149 ], [ 96.53490864000014, 16.631582040000126 ], [ 96.535661760000096, 16.63310943 ], [ 96.536541960000136, 16.633583910000027 ], [ 96.5369822400001, 16.633821150000131 ], [ 96.537422520000121, 16.63405839 ], [ 96.538570920000097, 16.633197090000181 ], [ 96.53870556600009, 16.632564211000101 ], [ 96.538840200000038, 16.631931420000058 ], [ 96.537782520000064, 16.629568920000168 ], [ 96.535456920000058, 16.629610860000071 ], [ 96.533834400000103, 16.628239080000071 ], [ 96.532882200000188, 16.62349310999997 ], [ 96.531500520000066, 16.619175090000113 ], [ 96.533928720000063, 16.616609730000107 ], [ 96.535299960000032, 16.616024640000035 ], [ 96.536671200000171, 16.615439550000133 ], [ 96.537981960000081, 16.613419680000163 ], [ 96.539292360000104, 16.611399720000179 ], [ 96.539870160000135, 16.611179130000039 ], [ 96.540447960000165, 16.610958630000084 ], [ 96.541603560000055, 16.610517539999989 ], [ 96.54370020000016, 16.60984929000017 ], [ 96.545940840000071, 16.609108410000147 ], [ 96.54746544000011, 16.609010760000047 ], [ 96.548986800000023, 16.608703140000159 ] ] ] } }
]
}
