tower_id,adm3_name,analysis_area,adm2_pcode,lat,lon,flood_history_score,flood_frequency,elevation_m,slope_deg,elevation_risk,slope_risk
0,Ahlone,Yangon City,MMR013D004,16.775436401367,96.132431030273,0.0,0.0,5.0,0.9548369,0.875,0.8090326189994812
1,Ahlone,Yangon City,MMR013D004,16.778182983398,96.12419128418,0.0,0.0,3.0,6.8722596,0.925000011920929,0.0
2,Ahlone,Yangon City,MMR013D004,16.778182983398,96.133804321289,0.0,0.0,9.0,2.862392,0.7749999761581421,0.42752158641815186
3,Ahlone,Yangon City,MMR013D004,16.778182983398,96.13655090332,0.0,0.0,11.0,0.0,0.7250000238418579,1.0
4,Ahlone,Yangon City,MMR013D004,16.779556274414,96.12419128418,0.0,0.0,12.0,3.4869568,0.699999988079071,0.3026086091995239
5,Ahlone,Yangon City,MMR013D004,16.779556274414,96.133804321289,0.0,0.0,10.0,3.5461073,0.75,0.2907785177230835
6,Ahlone,Yangon City,MMR013D004,16.779556274414,96.135177612305,0.0,0.0,14.0,2.760026,0.6499999761581421,0.44799482822418213
7,Ahlone,Yangon City,MMR013D004,16.780243,96.133118,0.0,0.0,9.0,2.760026,0.7749999761581421,0.44799482822418213
8,Ahlone,Yangon City,MMR013D004,16.780392,96.131783,0.0,0.0,13.0,3.0307229,0.675000011920929,0.3938554525375366
9,Ahlone,Yangon City,MMR013D004,16.780663,96.131699,0.0,0.0,10.0,2.862392,0.75,0.42752158641815186
10,Ahlone,Yangon City,MMR013D004,16.780739,96.131622,0.0,0.0,10.0,2.153755,0.75,0.5692490339279175
11,Ahlone,Yangon City,MMR013D004,16.78092956543,96.131057739258,0.0,0.0,12.0,3.5461073,0.699999988079071,0.2907785177230835
12,Ahlone,Yangon City,MMR013D004,16.78092956543,96.132431030273,0.0,0.0,10.0,1.3808141,0.75,0.7238371968269348
13,Ahlone,Yangon City,MMR013D004,16.78092956543,96.133804321289,0.0,0.0,15.0,5.617232,0.625,0.0
14,Ahlone,Yangon City,MMR013D004,16.78092956543,96.135177612305,0.0,0.0,13.0,2.760026,0.675000011920929,0.44799482822418213
15,Ahlone,Yangon City,MMR013D004,16.78093,96.135635,0.0,0.0,11.0,3.5461073,0.7250000238418579,0.2907785177230835
16,Ahlone,Yangon City,MMR013D004,16.78092956543,96.13655090332,0.0,0.0,20.0,4.7636194,0.5,0.04727613925933838
17,Ahlone,Yangon City,MMR013D004,16.781387,96.131516,0.0,0.0,12.0,2.862392,0.699999988079071,0.42752158641815186
18,Ahlone,Yangon City,MMR013D004,16.781895,96.132225,0.0,0.0,12.0,0.9548369,0.699999988079071,0.8090326189994812
19,Ahlone,Yangon City,MMR013D004,16.781922,96.136513,0.0,0.0,25.0,2.153755,0.375,0.5692490339279175
20,Ahlone,Yangon City,MMR013D004,16.782302856445,96.126937866211,0.0,0.0,9.0,1.9091437,0.7749999761581421,0.6181712746620178
21,Ahlone,Yangon City,MMR013D004,16.782302856445,96.128311157227,0.0,0.0,13.0,0.9548369,0.675000011920929,0.8090326189994812
22,Ahlone,Yangon City,MMR013D004,16.782302856445,96.129684448242,0.0,0.0,13.0,4.7636194,0.675000011920929,0.04727613925933838
23,Ahlone,Yangon City,MMR013D004,16.782302856445,96.133804321289,0.0,0.0,13.0,3.138737,0.675000011920929,0.37225258350372314
24,Ahlone,Yangon City,MMR013D004,16.782302856445,96.135177612305,0.0,0.0,17.0,3.4869568,0.574999988079071,0.3026086091995239
25,Ahlone,Yangon City,MMR013D004,16.783676147461,96.128311157227,0.0,0.0,8.0,4.415667,0.800000011920929,0.1168665885925293
26,Ahlone,Yangon City,MMR013D004,16.783676147461,96.129684448242,0.0,0.0,13.0,3.4869568,0.675000011920929,0.3026086091995239
27,Ahlone,Yangon City,MMR013D004,16.783676,96.130371,0.0,0.0,9.0,4.1360445,0.7749999761581421,0.17279112339019775
28,Ahlone,Yangon City,MMR013D004,16.783676147461,96.131057739258,0.0,0.0,6.0,1.3808141,0.8500000238418579,0.7238371968269348
29,Ahlone,Yangon City,MMR013D004,16.783676147461,96.132431030273,0.0,0.0,11.0,1.9091437,0.7250000238418579,0.6181712746620178
30,Ahlone,Yangon City,MMR013D004,16.783676147461,96.133804321289,0.0,0.0,16.0,3.4869568,0.6000000238418579,0.3026086091995239
31,Ahlone,Yangon City,MMR013D004,16.783676147461,96.135177612305,0.0,0.0,24.0,6.9418087,0.3999999761581421,0.0
32,Ahlone,Yangon City,MMR013D004,16.783676,96.135864,0.0,0.0,22.0,0.9976483,0.44999998807907104,0.8004703521728516
33,Ahlone,Yangon City,MMR013D004,16.784363,96.128998,0.0,0.0,10.0,2.153755,0.75,0.5692490339279175
34,Ahlone,Yangon City,MMR013D004,16.784363,96.130371,0.0,0.0,9.0,3.0307229,0.7749999761581421,0.3938554525375366
35,Ahlone,Yangon City,MMR013D004,16.784363,96.133118,0.0,0.0,16.0,6.2581224,0.6000000238418579,0.0
36,Ahlone,Yangon City,MMR013D004,16.784706,96.135178,0.0,0.0,27.0,6.437088,0.32499998807907104,0.0
37,Ahlone,Yangon City,MMR013D004,16.784897,96.132126,0.0,0.0,18.0,3.5461073,0.550000011920929,0.2907785177230835
38,Ahlone,Yangon City,MMR013D004,16.785049438477,96.122817993164,0.0,0.0,6.0,3.9416327,0.8500000238418579,0.21167343854904175
39,Ahlone,Yangon City,MMR013D004,16.785049438477,96.12419128418,0.0,0.0,8.0,2.760026,0.800000011920929,0.44799482822418213
40,Ahlone,Yangon City,MMR013D004,16.785049438477,96.129684448242,0.0,0.0,11.0,0.9976483,0.7250000238418579,0.8004703521728516
41,Ahlone,Yangon City,MMR013D004,16.785049,96.130371,0.0,0.0,9.0,3.138737,0.7749999761581421,0.37225258350372314
42,Ahlone,Yangon City,MMR013D004,16.785049438477,96.131057739258,0.0,0.0,10.0,3.9845605,0.75,0.2030879259109497
43,Ahlone,Yangon City,MMR013D004,16.785049438477,96.132431030273,0.0,0.0,17.0,0.9548369,0.574999988079071,0.8090326189994812
44,Ahlone,Yangon City,MMR013D004,16.785049438477,96.135177612305,0.0,0.0,23.0,5.507302,0.42500001192092896,0.0
45,Ahlone,Yangon City,MMR013D004,16.785736,96.124191,0.0,0.0,11.0,3.0307229,0.7250000238418579,0.3938554525375366
46,Ahlone,Yangon City,MMR013D004,16.785736,96.128998,0.0,0.0,11.0,2.2111168,0.7250000238418579,0.5577766299247742
47,Ahlone,Yangon City,MMR013D004,16.786422729492,96.12419128418,0.0,0.0,10.0,0.9548369,0.75,0.8090326189994812
48,Ahlone,Yangon City,MMR013D004,16.786422729492,96.125564575195,0.0,0.0,13.0,3.9416327,0.675000011920929,0.21167343854904175
49,Ahlone,Yangon City,MMR013D004,16.786422729492,96.126937866211,0.0,0.0,15.0,5.964852,0.625,0.0
50,Ahlone,Yangon City,MMR013D004,16.786422729492,96.128311157227,0.0,0.0,11.0,2.153755,0.7250000238418579,0.5692490339279175
51,Ahlone,Yangon City,MMR013D004,16.786422729492,96.129684448242,0.0,0.0,11.0,1.3808141,0.7250000238418579,0.7238371968269348
52,Ahlone,Yangon City,MMR013D004,16.786422729492,96.131057739258,0.0,0.0,14.0,6.437088,0.6499999761581421,0.0
53,Ahlone,Yangon City,MMR013D004,16.786423,96.131744,0.0,0.0,14.0,3.4869568,0.6499999761581421,0.3026086091995239
54,Ahlone,Yangon City,MMR013D004,16.786422729492,96.132431030273,0.0,0.0,14.0,4.096654,0.6499999761581421,0.18066918849945068
55,Ahlone,Yangon City,MMR013D004,16.786422729492,96.133804321289,0.0,0.0,23.0,3.5461073,0.42500001192092896,0.2907785177230835
56,Ahlone,Yangon City,MMR013D004,16.787109,96.123505,0.0,0.0,10.0,3.5461073,0.75,0.2907785177230835
57,Ahlone,Yangon City,MMR013D004,16.787109,96.127625,0.0,0.0,15.0,4.415667,0.625,0.1168665885925293
58,Ahlone,Yangon City,MMR013D004,16.787109,96.131744,0.0,0.0,21.0,5.617232,0.4750000238418579,0.0
59,Ahlone,Yangon City,MMR013D004,16.787796020508,96.122817993164,0.0,0.0,11.0,2.862392,0.7250000238418579,0.42752158641815186
60,Ahlone,Yangon City,MMR013D004,16.787796020508,96.12419128418,0.0,0.0,14.0,3.5461073,0.6499999761581421,0.2907785177230835
61,Ahlone,Yangon City,MMR013D004,16.787796020508,96.125564575195,0.0,0.0,11.0,3.5461073,0.7250000238418579,0.2907785177230835
62,Ahlone,Yangon City,MMR013D004,16.787796020508,96.126937866211,0.0,0.0,12.0,2.153755,0.699999988079071,0.5692490339279175
63,Ahlone,Yangon City,MMR013D004,16.787796020508,96.128311157227,0.0,0.0,12.0,1.9091437,0.699999988079071,0.6181712746620178
64,Ahlone,Yangon City,MMR013D004,16.787796010254,96.129684224121,0.0,0.0,12.0,1.3808141,0.699999988079071,0.7238371968269348
65,Ahlone,Yangon City,MMR013D004,16.787796020508,96.131057739258,0.0,0.0,21.0,7.612252,0.4750000238418579,0.0
66,Ahlone,Yangon City,MMR013D004,16.787796020508,96.132431030273,0.0,0.0,26.0,4.3014402,0.3500000238418579,0.13971197605133057
67,Ahlone,Yangon City,MMR013D004,16.787796020508,96.133804321289,0.0,0.0,22.0,1.9946922,0.44999998807907104,0.6010615825653076
68,Ahlone,Yangon City,MMR013D004,16.788071,96.12941,0.0,0.0,13.0,0.9548369,0.675000011920929,0.8090326189994812
69,Ahlone,Yangon City,MMR013D004,16.788115,96.124863,0.0,0.0,14.0,4.415667,0.6499999761581421,0.1168665885925293
70,Ahlone,Yangon City,MMR013D004,16.788345,96.120003,0.0,0.0,10.0,6.2581224,0.75,0.0
71,Ahlone,Yangon City,MMR013D004,16.788483,96.128311,0.0,0.0,10.0,2.153755,0.75,0.5692490339279175
72,Ahlone,Yangon City,MMR013D004,16.788507,96.126446,0.0,0.0,12.0,1.9946922,0.699999988079071,0.6010615825653076
73,Ahlone,Yangon City,MMR013D004,16.788712,96.129227,0.0,0.0,15.0,4.3014402,0.625,0.13971197605133057
74,Ahlone,Yangon City,MMR013D004,16.788898,96.128029,0.0,0.0,11.0,6.2581224,0.7250000238418579,0.0
75,Ahlone,Yangon City,MMR013D004,16.789169311523,96.12419128418,0.0,0.0,8.0,1.9946922,0.800000011920929,0.6010615825653076
76,Ahlone,Yangon City,MMR013D004,16.789169311523,96.125564575195,0.0,0.0,11.0,3.5461073,0.7250000238418579,0.2907785177230835
77,Ahlone,Yangon City,MMR013D004,16.789169311523,96.126937866211,0.0,0.0,13.0,4.8660283,0.675000011920929,0.02679431438446045
78,Ahlone,Yangon City,MMR013D004,16.789169,96.127853,0.0,0.0,16.0,2.9905288,0.6000000238418579,0.401894211769104
79,Ahlone,Yangon City,MMR013D004,16.789169311523,96.128311157227,0.0,0.0,11.0,4.096654,0.7250000238418579,0.18066918849945068
80,Ahlone,Yangon City,MMR013D004,16.789169311523,96.129684448242,0.0,0.0,19.0,2.9905288,0.5249999761581421,0.401894211769104
81,Ahlone,Yangon City,MMR013D004,16.789169311523,96.131057739258,0.0,0.0,27.0,1.3808141,0.32499998807907104,0.7238371968269348
82,Ahlone,Yangon City,MMR013D004,16.789169311523,96.132431030273,0.0,0.0,21.0,3.4869568,0.4750000238418579,0.3026086091995239
83,Ahlone,Yangon City,MMR013D004,16.789658,96.129993,0.0,0.0,22.0,4.415667,0.44999998807907104,0.1168665885925293
84,Ahlone,Yangon City,MMR013D004,16.789856,96.123505,0.0,0.0,11.0,0.9548369,0.7250000238418579,0.8090326189994812
85,Ahlone,Yangon City,MMR013D004,16.789856,96.128998,0.0,0.0,18.0,3.9416327,0.550000011920929,0.21167343854904175
86,Ahlone,Yangon City,MMR013D004,16.789856,96.129684,0.0,0.0,21.0,4.9007516,0.4750000238418579,0.019849658012390137
87,Ahlone,Yangon City,MMR013D004,16.790006,96.123993,0.0,0.0,11.0,3.8140574,0.7250000238418579,0.23718851804733276
88,Ahlone,Yangon City,MMR013D004,16.790417,96.131958,0.0,0.0,28.0,3.4869568,0.30000001192092896,0.3026086091995239
89,Ahlone,Yangon City,MMR013D004,16.790542602539,96.121444702148,0.0,0.0,12.0,2.153755,0.699999988079071,0.5692490339279175
90,Ahlone,Yangon City,MMR013D004,16.790542602539,96.122817993164,0.0,0.0,11.0,0.9548369,0.7250000238418579,0.8090326189994812
91,Ahlone,Yangon City,MMR013D004,16.790542602539,96.125564575195,0.0,0.0,12.0,1.3808141,0.699999988079071,0.7238371968269348
92,Ahlone,Yangon City,MMR013D004,16.790543,96.126022,0.0,0.0,13.0,0.0,0.675000011920929,1.0
93,Ahlone,Yangon City,MMR013D004,16.790542602539,96.126937866211,0.0,0.0,12.0,0.9976483,0.699999988079071,0.8004703521728516
94,Ahlone,Yangon City,MMR013D004,16.790542602539,96.128311157227,0.0,0.0,20.0,4.9761953,0.5,0.004760921001434326
95,Ahlone,Yangon City,MMR013D004,16.790542602539,96.129684448242,0.0,0.0,24.0,2.2111168,0.3999999761581421,0.5577766299247742
96,Ahlone,Yangon City,MMR013D004,16.790542602539,96.131057739258,0.0,0.0,20.0,1.9091437,0.5,0.6181712746620178
97,Ahlone,Yangon City,MMR013D004,16.790542602539,96.132431030273,0.0,0.0,28.0,2.862392,0.30000001192092896,0.42752158641815186
98,Ahlone,Yangon City,MMR013D004,16.790543,96.133118,0.0,0.0,26.0,1.3808141,0.3500000238418579,0.7238371968269348
99,Ahlone,Yangon City,MMR013D004,16.791229,96.123505,0.0,0.0,13.0,2.2111168,0.675000011920929,0.5577766299247742
100,Ahlone,Yangon City,MMR013D004,16.79128,96.124466,0.0,0.0,15.0,2.153755,0.625,0.5692490339279175
101,Ahlone,Yangon City,MMR013D004,16.791641,96.127762,0.0,0.0,16.0,3.4869568,0.6000000238418579,0.3026086091995239
102,Ahlone,Yangon City,MMR013D004,16.791897,96.123123,0.0,0.0,14.0,1.3808141,0.6499999761581421,0.7238371968269348
103,Ahlone,Yangon City,MMR013D004,16.791915893555,96.121444702148,0.0,0.0,13.0,2.760026,0.675000011920929,0.44799482822418213
104,Ahlone,Yangon City,MMR013D004,16.791915893555,96.122817993164,0.0,0.0,14.0,1.3808141,0.6499999761581421,0.7238371968269348
105,Ahlone,Yangon City,MMR013D004,16.791915893555,96.12419128418,0.0,0.0,12.0,2.862392,0.699999988079071,0.42752158641815186
106,Ahlone,Yangon City,MMR013D004,16.791916,96.126022,0.0,0.0,15.0,3.0307229,0.625,0.3938554525375366
107,Ahlone,Yangon City,MMR013D004,16.791915893555,96.126937866211,0.0,0.0,18.0,1.3808141,0.550000011920929,0.7238371968269348
108,Ahlone,Yangon City,MMR013D004,16.791915893555,96.128311157227,0.0,0.0,22.0,5.964852,0.44999998807907104,0.0
109,Ahlone,Yangon City,MMR013D004,16.791915893555,96.131057739258,0.0,0.0,24.0,2.9905288,0.3999999761581421,0.401894211769104
110,Ahlone,Yangon City,MMR013D004,16.792154,96.122887,0.0,0.0,13.0,2.153755,0.675000011920929,0.5692490339279175
111,Ahlone,Yangon City,MMR013D004,16.792936,96.12579,0.0,0.0,10.0,1.9091437,0.75,0.6181712746620178
112,Ahlone,Yangon City,MMR013D004,16.793289,96.124878,0.0,0.0,9.0,1.3808141,0.7749999761581421,0.7238371968269348
113,Ahlone,Yangon City,MMR013D004,16.79328918457,96.125564575195,0.0,0.0,11.0,1.3808141,0.7250000238418579,0.7238371968269348
114,Ahlone,Yangon City,MMR013D004,16.79328918457,96.126937866211,0.0,0.0,16.0,3.8140574,0.6000000238418579,0.23718851804733276
115,Ahlone,Yangon City,MMR013D004,16.793371,96.126823,0.0,0.0,16.0,2.760026,0.6000000238418579,0.44799482822418213
116,Ahlone,Yangon City,MMR013D004,16.793643,96.123813,0.0,0.0,12.0,3.138737,0.699999988079071,0.37225258350372314
117,Ahlone,Yangon City,MMR013D004,16.794662475586,96.131057739258,0.0,0.0,24.0,2.2111168,0.3999999761581421,0.5577766299247742
118,Ahlone,Yangon City,MMR013D004,16.796036,96.1306,0.0,0.0,20.0,4.8660283,0.5,0.02679431438446045
119,Ahlone,Yangon City,MMR013D004,16.796035766602,96.131057739258,0.0,0.0,17.0,2.9905288,0.574999988079071,0.401894211769104
120,Ahlone,Yangon City,MMR013D004,16.797409057617,96.128311157227,0.0,0.0,21.0,3.0307229,0.4750000238418579,0.3938554525375366
121,Ahlone,Yangon City,MMR013D004,16.797409,96.130371,0.0,0.0,14.0,2.9905288,0.6499999761581421,0.401894211769104
122,Ahlone,Yangon City,MMR013D004,16.797409057617,96.131057739258,0.0,0.0,15.0,3.0307229,0.625,0.3938554525375366
123,Bahan,Yangon City,MMR013D004,16.79328918457,96.166763305664,0.0,0.0,22.0,6.0397077,0.44999998807907104,0.0
124,Bahan,Yangon City,MMR013D004,16.793289,96.167679,0.0,0.0,23.0,7.6583467,0.42500001192092896,0.0
125,Bahan,Yangon City,MMR013D004,16.79328918457,96.16813659668,0.0,0.0,19.0,3.5461073,0.5249999761581421,0.2907785177230835
126,Bahan,Yangon City,MMR013D004,16.793289,96.168823,0.0,0.0,22.0,4.1360445,0.44999998807907104,0.17279112339019775
127,Bahan,Yangon City,MMR013D004,16.79328918457,96.169509887695,0.0,0.0,26.0,1.9091437,0.3500000238418579,0.6181712746620178
128,Bahan,Yangon City,MMR013D004,16.793655,96.164291,0.0,0.0,16.0,3.138737,0.6000000238418579,0.37225258350372314
129,Bahan,Yangon City,MMR013D004,16.793875,96.166427,0.0,0.0,16.0,1.3808141,0.6000000238418579,0.7238371968269348
130,Bahan,Yangon City,MMR013D004,16.79393,96.168137,0.0,0.0,23.0,9.577359,0.42500001192092896,0.0
131,Bahan,Yangon City,MMR013D004,16.794233,96.16848,0.0,0.0,26.0,6.0445805,0.3500000238418579,0.0
132,Bahan,Yangon City,MMR013D004,16.794408,96.167526,0.0,0.0,44.0,19.524672,0.0,0.0
133,Bahan,Yangon City,MMR013D004,16.794662,96.165078,0.0,0.0,17.0,1.3808141,0.574999988079071,0.7238371968269348
134,Bahan,Yangon City,MMR013D004,16.794662475586,96.165390014648,0.0,0.0,16.0,1.3808141,0.6000000238418579,0.7238371968269348
135,Bahan,Yangon City,MMR013D004,16.794662475586,96.169509887695,0.0,0.0,24.0,2.760026,0.3999999761581421,0.44799482822418213
136,Bahan,Yangon City,MMR013D004,16.795425,96.156998,0.0,0.0,23.0,2.153755,0.42500001192092896,0.5692490339279175
137,Bahan,Yangon City,MMR013D004,16.79547,96.157756,0.0,0.0,26.0,7.6583467,0.3500000238418579,0.0
138,Bahan,Yangon City,MMR013D004,16.795486,96.164841,0.0,0.0,27.0,13.697987,0.32499998807907104,0.0
139,Bahan,Yangon City,MMR013D004,16.795578,96.166306,0.0,0.0,16.0,0.0,0.6000000238418579,1.0
140,Bahan,Yangon City,MMR013D004,16.79584,96.158,0.0,0.0,26.0,2.2111168,0.3500000238418579,0.5577766299247742
141,Bahan,Yangon City,MMR013D004,16.795908,96.156937,0.0,0.0,25.0,1.3808141,0.375,0.7238371968269348
142,Bahan,Yangon City,MMR013D004,16.795931,96.151649,0.0,0.0,39.0,6.437088,0.02499997615814209,0.0
143,Bahan,Yangon City,MMR013D004,16.79593,96.157467,0.0,0.0,26.0,3.138737,0.3500000238418579,0.37225258350372314
144,Bahan,Yangon City,MMR013D004,16.796035766602,96.151657104492,0.0,0.0,37.0,1.3808141,0.07499998807907104,0.7238371968269348
145,Bahan,Yangon City,MMR013D004,16.796036,96.152,0.0,0.0,39.0,3.138737,0.02499997615814209,0.37225258350372314
146,Bahan,Yangon City,MMR013D004,16.796036,96.154861,0.0,0.0,26.0,0.9976483,0.3500000238418579,0.8004703521728516
147,Bahan,Yangon City,MMR013D004,16.796036,96.15509,0.0,0.0,26.0,0.9976483,0.3500000238418579,0.8004703521728516
148,Bahan,Yangon City,MMR013D004,16.796035766602,96.155776977539,0.0,0.0,20.0,2.760026,0.5,0.44799482822418213
149,Bahan,Yangon City,MMR013D004,16.796036,96.156464,0.0,0.0,23.0,5.0660734,0.42500001192092896,0.0
150,Bahan,Yangon City,MMR013D004,16.796035766602,96.157150268555,0.0,0.0,23.0,0.9548369,0.42500001192092896,0.8090326189994812
151,Bahan,Yangon City,MMR013D004,16.796036,96.157774,0.0,0.0,27.0,2.153755,0.32499998807907104,0.5692490339279175
152,Bahan,Yangon City,MMR013D004,16.796036,96.164017,0.0,0.0,28.0,10.792835,0.30000001192092896,0.0
153,Bahan,Yangon City,MMR013D004,16.796036,96.164703,0.0,0.0,23.0,1.3808141,0.42500001192092896,0.7238371968269348
154,Bahan,Yangon City,MMR013D004,16.796035766602,96.165390014648,0.0,0.0,17.0,3.138737,0.574999988079071,0.37225258350372314
155,Bahan,Yangon City,MMR013D004,16.796035766602,96.170883178711,0.0,0.0,17.0,8.151844,0.574999988079071,0.0
156,Bahan,Yangon City,MMR013D004,16.796723,96.166077,0.0,0.0,16.0,0.0,0.6000000238418579,1.0
157,Bahan,Yangon City,MMR013D004,16.796821,96.157346,0.0,0.0,27.0,2.153755,0.32499998807907104,0.5692490339279175
158,Bahan,Yangon City,MMR013D004,16.796951,96.15715,0.0,0.0,28.0,1.9091437,0.30000001192092896,0.6181712746620178
159,Bahan,Yangon City,MMR013D004,16.796951,96.159439,0.0,0.0,20.0,4.1360445,0.5,0.17279112339019775
160,Bahan,Yangon City,MMR013D004,16.797409057617,96.157150268555,0.0,0.0,26.0,4.8412433,0.3500000238418579,0.03175133466720581
161,Bahan,Yangon City,MMR013D004,16.797409057617,96.165390014648,0.0,0.0,21.0,2.9905288,0.4750000238418579,0.401894211769104
162,Bahan,Yangon City,MMR013D004,16.797409,96.16745,0.0,0.0,15.0,12.564441,0.625,0.0
163,Bahan,Yangon City,MMR013D004,16.7974090288085,96.16813679834,0.0,0.0,19.0,10.792835,0.5249999761581421,0.0
164,Bahan,Yangon City,MMR013D004,16.797638,96.167755,0.0,0.0,15.0,7.6583467,0.625,0.0
165,Bahan,Yangon City,MMR013D004,16.798325,96.15715,0.0,0.0,25.0,2.862392,0.375,0.42752158641815186
166,Bahan,Yangon City,MMR013D004,16.798603,96.157807,0.0,0.0,20.0,6.8722596,0.5,0.0
167,Bahan,Yangon City,MMR013D004,16.798782348633,96.153030395508,0.0,0.0,26.0,2.2111168,0.3500000238418579,0.5577766299247742
168,Bahan,Yangon City,MMR013D004,16.798782348633,96.154403686523,0.0,0.0,25.0,6.9482727,0.375,0.0
169,Bahan,Yangon City,MMR013D004,16.798782348633,96.155776977539,0.0,0.0,20.0,4.9007516,0.5,0.019849658012390137
170,Bahan,Yangon City,MMR013D004,16.798782,96.156464,0.0,0.0,19.0,1.3808141,0.5249999761581421,0.7238371968269348
171,Bahan,Yangon City,MMR013D004,16.798782,96.156807,0.0,0.0,20.0,4.415667,0.5,0.1168665885925293
172,Bahan,Yangon City,MMR013D004,16.798782348633,96.157150268555,0.0,0.0,23.0,5.733568,0.42500001192092896,0.0
173,Bahan,Yangon City,MMR013D004,16.798782,96.157837,0.0,0.0,24.0,6.654394,0.3999999761581421,0.0
174,Bahan,Yangon City,MMR013D004,16.798782,96.158066,0.0,0.0,24.0,6.654394,0.3999999761581421,0.0
175,Bahan,Yangon City,MMR013D004,16.798782348633,96.15852355957,0.0,0.0,28.0,0.0,0.30000001192092896,1.0
176,Bahan,Yangon City,MMR013D004,16.798782348633,96.162643432617,0.0,0.0,27.0,4.7636194,0.32499998807907104,0.04727613925933838
177,Bahan,Yangon City,MMR013D004,16.798782348633,96.166763305664,0.0,0.0,23.0,2.153755,0.42500001192092896,0.5692490339279175
178,Bahan,Yangon City,MMR013D004,16.798782348633,96.169509887695,0.0,0.0,18.0,1.9946922,0.550000011920929,0.6010615825653076
179,Bahan,Yangon City,MMR013D004,16.79924,96.157608,0.0,0.0,27.0,3.138737,0.32499998807907104,0.37225258350372314
180,Bahan,Yangon City,MMR013D004,16.79924,96.158066,0.0,0.0,29.0,5.733568,0.2749999761581421,0.0
181,Bahan,Yangon City,MMR013D004,16.799469,96.152344,0.0,0.0,34.0,6.949956,0.1499999761581421,0.0
182,Bahan,Yangon City,MMR013D004,16.799469,96.164703,0.0,0.0,34.0,9.907443,0.1499999761581421,0.0
183,Bahan,Yangon City,MMR013D004,16.799482,96.153291,0.0,0.0,26.0,5.1608467,0.3500000238418579,0.0
184,Bahan,Yangon City,MMR013D004,16.799698,96.157761,0.0,0.0,26.0,2.9905288,0.3500000238418579,0.401894211769104
185,Bahan,Yangon City,MMR013D004,16.799781,96.15765,0.0,0.0,27.0,2.760026,0.32499998807907104,0.44799482822418213
186,Bahan,Yangon City,MMR013D004,16.799812,96.166763,0.0,0.0,19.0,1.3808141,0.5249999761581421,0.7238371968269348
187,Bahan,Yangon City,MMR013D004,16.800018,96.15715,0.0,0.0,23.0,4.096654,0.42500001192092896,0.18066918849945068
188,Bahan,Yangon City,MMR013D004,16.80007,96.15715,0.0,0.0,25.0,6.0445805,0.375,0.0
189,Bahan,Yangon City,MMR013D004,16.800155639648,96.154403686523,0.0,0.0,23.0,6.9482727,0.42500001192092896,0.0
190,Bahan,Yangon City,MMR013D004,16.800155639648,96.155776977539,0.0,0.0,24.0,4.415667,0.3999999761581421,0.1168665885925293
191,Bahan,Yangon City,MMR013D004,16.800155639648,96.157150268555,0.0,0.0,25.0,6.0445805,0.375,0.0
192,Bahan,Yangon City,MMR013D004,16.800156,96.157837,0.0,0.0,26.0,4.415667,0.3500000238418579,0.1168665885925293
193,Bahan,Yangon City,MMR013D004,16.800155639648,96.15852355957,0.0,0.0,25.0,7.846306,0.375,0.0
194,Bahan,Yangon City,MMR013D004,16.800156,96.159439,0.0,0.0,25.0,2.153755,0.375,0.5692490339279175
195,Bahan,Yangon City,MMR013D004,16.800155639648,96.161270141602,0.0,0.0,30.0,3.9416327,0.25,0.21167343854904175
196,Bahan,Yangon City,MMR013D004,16.800156,96.162251,0.0,0.0,30.0,1.9091437,0.25,0.6181712746620178
197,Bahan,Yangon City,MMR013D004,16.800156,96.164703,0.0,0.0,24.0,0.0,0.3999999761581421,1.0
198,Bahan,Yangon City,MMR013D004,16.800155639648,96.165390014648,0.0,0.0,24.0,2.2111168,0.3999999761581421,0.5577766299247742
199,Bahan,Yangon City,MMR013D004,16.800155639648,96.166763305664,0.0,0.0,22.0,6.7274427,0.44999998807907104,0.0
200,Bahan,Yangon City,MMR013D004,16.800156,96.16745,0.0,0.0,20.0,6.9418087,0.5,0.0
201,Bahan,Yangon City,MMR013D004,16.800367,96.157045,0.0,0.0,29.0,4.8660283,0.2749999761581421,0.02679431438446045
202,Bahan,Yangon City,MMR013D004,16.800445,96.161848,0.0,0.0,32.0,3.8140574,0.19999998807907104,0.23718851804733276
203,Bahan,Yangon City,MMR013D004,16.800613,96.158524,0.0,0.0,22.0,1.3808141,0.44999998807907104,0.7238371968269348
204,Bahan,Yangon City,MMR013D004,16.800613,96.160202,0.0,0.0,27.0,3.0307229,0.32499998807907104,0.3938554525375366
205,Bahan,Yangon City,MMR013D004,16.800671,96.15715,0.0,0.0,30.0,0.9548369,0.25,0.8090326189994812
206,Bahan,Yangon City,MMR013D004,16.800705,96.159897,0.0,0.0,26.0,0.9548369,0.3500000238418579,0.8090326189994812
207,Bahan,Yangon City,MMR013D004,16.800842,96.156464,0.0,0.0,29.0,5.3264294,0.2749999761581421,0.0
208,Bahan,Yangon City,MMR013D004,16.801071,96.156235,0.0,0.0,29.0,5.3264294,0.2749999761581421,0.0
209,Bahan,Yangon City,MMR013D004,16.801186,96.158524,0.0,0.0,20.0,4.096654,0.5,0.18066918849945068
210,Bahan,Yangon City,MMR013D004,16.801528930664,96.148910522461,0.0,0.0,42.0,3.9416327,0.0,0.21167343854904175
211,Bahan,Yangon City,MMR013D004,16.801528930664,96.150283813477,0.0,0.0,43.0,11.679097,0.0,0.0
212,Bahan,Yangon City,MMR013D004,16.801528930664,96.151657104492,0.0,0.0,41.0,5.507302,0.0,0.0
213,Bahan,Yangon City,MMR013D004,16.801528930664,96.153030395508,0.0,0.0,31.0,4.1360445,0.2250000238418579,0.17279112339019775
214,Bahan,Yangon City,MMR013D004,16.801529,96.153717,0.0,0.0,29.0,1.9946922,0.2749999761581421,0.6010615825653076
215,Bahan,Yangon City,MMR013D004,16.801528930664,96.154403686523,0.0,0.0,23.0,2.2111168,0.42500001192092896,0.5577766299247742
216,Bahan,Yangon City,MMR013D004,16.801529,96.156635,0.0,0.0,28.0,2.153755,0.30000001192092896,0.5692490339279175
217,Bahan,Yangon City,MMR013D004,16.801528930664,96.157150268555,0.0,0.0,25.0,6.8722596,0.375,0.0
218,Bahan,Yangon City,MMR013D004,16.801529,96.157837,0.0,0.0,24.0,0.0,0.3999999761581421,1.0
219,Bahan,Yangon City,MMR013D004,16.801528930664,96.15852355957,0.0,0.0,23.0,6.9482727,0.42500001192092896,0.0
220,Bahan,Yangon City,MMR013D004,16.801528930664,96.159896850586,0.0,0.0,24.0,3.138737,0.3999999761581421,0.37225258350372314
221,Bahan,Yangon City,MMR013D004,16.801528930664,96.161270141602,0.0,0.0,27.0,2.862392,0.32499998807907104,0.42752158641815186
222,Bahan,Yangon City,MMR013D004,16.801528930664,96.165390014648,0.0,0.0,26.0,2.760026,0.3500000238418579,0.44799482822418213
223,Bahan,Yangon City,MMR013D004,16.801528930664,96.166763305664,0.0,0.0,26.0,2.760026,0.3500000238418579,0.44799482822418213
224,Bahan,Yangon City,MMR013D004,16.802127,96.15975,0.0,0.0,26.0,2.760026,0.3500000238418579,0.44799482822418213
225,Bahan,Yangon City,MMR013D004,16.802216,96.16333,0.0,0.0,28.0,5.964852,0.30000001192092896,0.0
226,Bahan,Yangon City,MMR013D004,16.802216,96.168137,0.0,0.0,25.0,1.9946922,0.375,0.6010615825653076
227,Bahan,Yangon City,MMR013D004,16.802216,96.168823,0.0,0.0,27.0,3.4869568,0.32499998807907104,0.3026086091995239
228,Bahan,Yangon City,MMR013D004,16.802258,96.15402,0.0,0.0,25.0,0.0,0.375,1.0
229,Bahan,Yangon City,MMR013D004,16.80247,96.15427,0.0,0.0,25.0,3.0307229,0.375,0.3938554525375366
230,Bahan,Yangon City,MMR013D004,16.802673,96.158066,0.0,0.0,30.0,7.9867764,0.25,0.0
231,Bahan,Yangon City,MMR013D004,16.802902,96.144028,0.0,0.0,22.0,3.9845605,0.44999998807907104,0.2030879259109497
232,Bahan,Yangon City,MMR013D004,16.80290211084,96.144790824707,0.0,0.0,27.0,6.6072006,0.32499998807907104,0.0
233,Bahan,Yangon City,MMR013D004,16.802902,96.145134,0.0,0.0,31.0,2.9905288,0.2250000238418579,0.401894211769104
234,Bahan,Yangon City,MMR013D004,16.80290222168,96.14616394043,0.0,0.0,31.0,4.1360445,0.2250000238418579,0.17279112339019775
235,Bahan,Yangon City,MMR013D004,16.80290222168,96.147537231445,0.0,0.0,44.0,3.9416327,0.0,0.21167343854904175
236,Bahan,Yangon City,MMR013D004,16.80290222168,96.151657104492,0.0,0.0,31.0,6.0445805,0.2250000238418579,0.0
237,Bahan,Yangon City,MMR013D004,16.80290222168,96.154403686523,0.0,0.0,26.0,1.3808141,0.3500000238418579,0.7238371968269348
238,Bahan,Yangon City,MMR013D004,16.802902,96.15509,0.0,0.0,26.0,2.153755,0.3500000238418579,0.5692490339279175
239,Bahan,Yangon City,MMR013D004,16.80290222168,96.155776977539,0.0,0.0,24.0,2.2111168,0.3999999761581421,0.5577766299247742
240,Bahan,Yangon City,MMR013D004,16.80290222168,96.157150268555,0.0,0.0,23.0,2.153755,0.42500001192092896,0.5692490339279175
241,Bahan,Yangon City,MMR013D004,16.802902,96.158191,0.0,0.0,31.0,3.4869568,0.2250000238418579,0.3026086091995239
242,Bahan,Yangon City,MMR013D004,16.80290222168,96.15852355957,0.0,0.0,31.0,1.9091437,0.2250000238418579,0.6181712746620178
243,Bahan,Yangon City,MMR013D004,16.802902,96.160583,0.0,0.0,28.0,5.617232,0.30000001192092896,0.0
244,Bahan,Yangon City,MMR013D004,16.80290222168,96.16813659668,0.0,0.0,28.0,2.760026,0.30000001192092896,0.44799482822418213
245,Bahan,Yangon City,MMR013D004,16.802902,96.169373,0.0,0.0,28.0,2.760026,0.30000001192092896,0.44799482822418213
246,Bahan,Yangon City,MMR013D004,16.80290222168,96.169509887695,0.0,0.0,28.0,4.3014402,0.30000001192092896,0.13971197605133057
247,Bahan,Yangon City,MMR013D004,16.802902,96.169785,0.0,0.0,26.0,3.5461073,0.3500000238418579,0.2907785177230835
248,Bahan,Yangon City,MMR013D004,16.802988,96.169767,0.0,0.0,28.0,6.8722596,0.30000001192092896,0.0
249,Bahan,Yangon City,MMR013D004,16.80304,96.16951,0.0,0.0,31.0,5.1608467,0.2250000238418579,0.0
250,Bahan,Yangon City,MMR013D004,16.803292,96.159805,0.0,0.0,25.0,4.1360445,0.375,0.17279112339019775
251,Bahan,Yangon City,MMR013D004,16.80336,96.146164,0.0,0.0,27.0,3.4869568,0.32499998807907104,0.3026086091995239
252,Bahan,Yangon City,MMR013D004,16.803452,96.145889,0.0,0.0,27.0,3.9416327,0.32499998807907104,0.21167343854904175
253,Bahan,Yangon City,MMR013D004,16.803491,96.156169,0.0,0.0,28.0,0.9548369,0.30000001192092896,0.8090326189994812
254,Bahan,Yangon City,MMR013D004,16.803589,96.146164,0.0,0.0,26.0,1.9091437,0.3500000238418579,0.6181712746620178
255,Bahan,Yangon City,MMR013D004,16.803589,96.156464,0.0,0.0,26.0,0.0,0.3500000238418579,1.0
256,Bahan,Yangon City,MMR013D004,16.803589,96.16951,0.0,0.0,32.0,3.8140574,0.19999998807907104,0.23718851804733276
257,Bahan,Yangon City,MMR013D004,16.803658,96.152001,0.0,0.0,29.0,5.7959256,0.2749999761581421,0.0
258,Bahan,Yangon City,MMR013D004,16.803722,96.157917,0.0,0.0,26.0,2.760026,0.3500000238418579,0.44799482822418213
259,Bahan,Yangon City,MMR013D004,16.803818,96.146164,0.0,0.0,25.0,1.3808141,0.375,0.7238371968269348
260,Bahan,Yangon City,MMR013D004,16.803818,96.156006,0.0,0.0,26.0,1.9946922,0.3500000238418579,0.6010615825653076
261,Bahan,Yangon City,MMR013D004,16.804047,96.144676,0.0,0.0,27.0,0.9548369,0.32499998807907104,0.8090326189994812
262,Bahan,Yangon City,MMR013D004,16.804047,96.155777,0.0,0.0,25.0,1.3808141,0.375,0.7238371968269348
263,Bahan,Yangon City,MMR013D004,16.804104,96.170025,0.0,0.0,27.0,3.9416327,0.32499998807907104,0.21167343854904175
264,Bahan,Yangon City,MMR013D004,16.804275512695,96.143417358398,0.0,0.0,24.0,3.9845605,0.3999999761581421,0.2030879259109497
265,Bahan,Yangon City,MMR013D004,16.804275512695,96.144790649414,0.0,0.0,27.0,2.153755,0.32499998807907104,0.5692490339279175
266,Bahan,Yangon City,MMR013D004,16.804275512695,96.14616394043,0.0,0.0,25.0,0.9976483,0.375,0.8004703521728516
267,Bahan,Yangon City,MMR013D004,16.804275512695,96.147537231445,0.0,0.0,33.0,4.3014402,0.17500001192092896,0.13971197605133057
268,Bahan,Yangon City,MMR013D004,16.804276,96.148682,0.0,0.0,41.0,7.065254,0.0,0.0
269,Bahan,Yangon City,MMR013D004,16.804276,96.149368,0.0,0.0,43.0,5.507302,0.0,0.0
270,Bahan,Yangon City,MMR013D004,16.804275512695,96.150283813477,0.0,0.0,36.0,6.0397077,0.10000002384185791,0.0
271,Bahan,Yangon City,MMR013D004,16.804276,96.15097,0.0,0.0,27.0,0.0,0.32499998807907104,1.0
272,Bahan,Yangon City,MMR013D004,16.804275512695,96.151657104492,0.0,0.0,31.0,1.3808141,0.2250000238418579,0.7238371968269348
273,Bahan,Yangon City,MMR013D004,16.804276,96.152115,0.0,0.0,32.0,0.9976483,0.19999998807907104,0.8004703521728516
274,Bahan,Yangon City,MMR013D004,16.804276,96.152916,0.0,0.0,24.0,4.415667,0.3999999761581421,0.1168665885925293
275,Bahan,Yangon City,MMR013D004,16.804275512695,96.155776977539,0.0,0.0,25.0,2.2111168,0.375,0.5577766299247742
276,Bahan,Yangon City,MMR013D004,16.804276,96.156464,0.0,0.0,27.0,1.9946922,0.32499998807907104,0.6010615825653076
277,Bahan,Yangon City,MMR013D004,16.804275512695,96.157150268555,0.0,0.0,25.0,3.138737,0.375,0.37225258350372314
278,Bahan,Yangon City,MMR013D004,16.804276,96.157837,0.0,0.0,29.0,4.415667,0.2749999761581421,0.1168665885925293
279,Bahan,Yangon City,MMR013D004,16.804275512695,96.159896850586,0.0,0.0,26.0,3.9845605,0.3500000238418579,0.2030879259109497
280,Bahan,Yangon City,MMR013D004,16.804275512695,96.16813659668,0.0,0.0,26.0,0.9976483,0.3500000238418579,0.8004703521728516
281,Bahan,Yangon City,MMR013D004,16.804276,96.168823,0.0,0.0,25.0,2.862392,0.375,0.42752158641815186
282,Bahan,Yangon City,MMR013D004,16.804275512695,96.169509887695,0.0,0.0,26.0,5.1608467,0.3500000238418579,0.0
283,Bahan,Yangon City,MMR013D004,16.804275512695,96.170883178711,0.0,0.0,20.0,2.153755,0.5,0.5692490339279175
284,Bahan,Yangon City,MMR013D004,16.804397,96.157968,0.0,0.0,29.0,3.138737,0.2749999761581421,0.37225258350372314
285,Bahan,Yangon City,MMR013D004,16.804541,96.155327,0.0,0.0,26.0,3.9416327,0.3500000238418579,0.21167343854904175
286,Bahan,Yangon City,MMR013D004,16.804619,96.142731,0.0,0.0,19.0,3.0307229,0.5249999761581421,0.3938554525375366
287,Bahan,Yangon City,MMR013D004,16.804619,96.16848,0.0,0.0,26.0,2.2111168,0.3500000238418579,0.5577766299247742
288,Bahan,Yangon City,MMR013D004,16.804668,96.154011,0.0,0.0,28.0,4.3014402,0.30000001192092896,0.13971197605133057
289,Bahan,Yangon City,MMR013D004,16.804733,96.149979,0.0,0.0,32.0,8.90101,0.19999998807907104,0.0
290,Bahan,Yangon City,MMR013D004,16.804825,96.155777,0.0,0.0,28.0,4.3014402,0.30000001192092896,0.13971197605133057
291,Bahan,Yangon City,MMR013D004,16.804834,96.143143,0.0,0.0,24.0,4.8412433,0.3999999761581421,0.03175133466720581
292,Bahan,Yangon City,MMR013D004,16.804962,96.148224,0.0,0.0,27.0,5.3264294,0.32499998807907104,0.0
293,Bahan,Yangon City,MMR013D004,16.804962,96.149597,0.0,0.0,30.0,6.8722596,0.25,0.0
294,Bahan,Yangon City,MMR013D004,16.804962,96.154404,0.0,0.0,25.0,5.7959256,0.375,0.0
295,Bahan,Yangon City,MMR013D004,16.804962,96.155777,0.0,0.0,30.0,2.153755,0.25,0.5692490339279175
296,Bahan,Yangon City,MMR013D004,16.805025,96.147288,0.0,0.0,20.0,3.4869568,0.5,0.3026086091995239
297,Bahan,Yangon City,MMR013D004,16.805166,96.150444,0.0,0.0,31.0,4.8660283,0.2250000238418579,0.02679431438446045
298,Bahan,Yangon City,MMR013D004,16.805191,96.155548,0.0,0.0,33.0,8.554933,0.17500001192092896,0.0
299,Bahan,Yangon City,MMR013D004,16.805374,96.1577,0.0,0.0,33.0,5.1608467,0.17500001192092896,0.0
300,Bahan,Yangon City,MMR013D004,16.805432,96.154695,0.0,0.0,40.0,8.229426,0.0,0.0
301,Bahan,Yangon City,MMR013D004,16.805574,96.144925,0.0,0.0,24.0,1.9091437,0.3999999761581421,0.6181712746620178
302,Bahan,Yangon City,MMR013D004,16.805648803711,96.144790649414,0.0,0.0,24.0,0.9976483,0.3999999761581421,0.8004703521728516
303,Bahan,Yangon City,MMR013D004,16.805648803711,96.14616394043,0.0,0.0,24.0,2.2111168,0.3999999761581421,0.5577766299247742
304,Bahan,Yangon City,MMR013D004,16.805648803711,96.147537231445,0.0,0.0,21.0,2.760026,0.4750000238418579,0.44799482822418213
305,Bahan,Yangon City,MMR013D004,16.805648803711,96.148910522461,0.0,0.0,31.0,3.9845605,0.2250000238418579,0.2030879259109497
306,Bahan,Yangon City,MMR013D004,16.805648803711,96.150283813477,0.0,0.0,34.0,4.7636194,0.1499999761581421,0.04727613925933838
307,Bahan,Yangon City,MMR013D004,16.805648803711,96.153030395508,0.0,0.0,32.0,0.9976483,0.19999998807907104,0.8004703521728516
308,Bahan,Yangon City,MMR013D004,16.805648803711,96.154403686523,0.0,0.0,34.0,10.269225,0.1499999761581421,0.0
309,Bahan,Yangon City,MMR013D004,16.805648803711,96.155776977539,0.0,0.0,34.0,6.8722596,0.1499999761581421,0.0
310,Bahan,Yangon City,MMR013D004,16.805649,96.15715,0.0,0.0,35.0,5.1608467,0.125,0.0
311,Bahan,Yangon City,MMR013D004,16.805648803711,96.162643432617,0.0,0.0,31.0,1.3808141,0.2250000238418579,0.7238371968269348
312,Bahan,Yangon City,MMR013D004,16.805649,96.16333,0.0,0.0,36.0,1.9091437,0.10000002384185791,0.6181712746620178
313,Bahan,Yangon City,MMR013D004,16.805648803711,96.165390014648,0.0,0.0,33.0,3.9845605,0.17500001192092896,0.2030879259109497
314,Bahan,Yangon City,MMR013D004,16.805649,96.166077,0.0,0.0,27.0,7.505716,0.32499998807907104,0.0
315,Bahan,Yangon City,MMR013D004,16.805649,96.16642,0.0,0.0,24.0,5.733568,0.3999999761581421,0.0
316,Bahan,Yangon City,MMR013D004,16.805649,96.170883,0.0,0.0,32.0,2.153755,0.19999998807907104,0.5692490339279175
317,Bahan,Yangon City,MMR013D004,16.805807,96.155227,0.0,0.0,44.0,4.415667,0.0,0.1168665885925293
318,Bahan,Yangon City,MMR013D004,16.805923,96.146713,0.0,0.0,24.0,2.862392,0.3999999761581421,0.42752158641815186
319,Bahan,Yangon City,MMR013D004,16.805923,96.155777,0.0,0.0,35.0,7.9309487,0.125,0.0
320,Bahan,Yangon City,MMR013D004,16.805938,96.145294,0.0,0.0,23.0,0.9548369,0.42500001192092896,0.8090326189994812
321,Bahan,Yangon City,MMR013D004,16.806107,96.155319,0.0,0.0,43.0,10.792835,0.0,0.0
322,Bahan,Yangon City,MMR013D004,16.806313,96.15564,0.0,0.0,29.0,10.649493,0.2749999761581421,0.0
323,Bahan,Yangon City,MMR013D004,16.806335,96.146851,0.0,0.0,26.0,5.617232,0.3500000238418579,0.0
324,Bahan,Yangon City,MMR013D004,16.806335,96.147537,0.0,0.0,29.0,3.4869568,0.2749999761581421,0.3026086091995239
325,Bahan,Yangon City,MMR013D004,16.806335,96.151657,0.0,0.0,35.0,4.7636194,0.125,0.04727613925933838
326,Bahan,Yangon City,MMR013D004,16.806336,96.16745,0.0,0.0,22.0,1.3808141,0.44999998807907104,0.7238371968269348
327,Bahan,Yangon City,MMR013D004,16.806398,96.147787,0.0,0.0,30.0,0.9976483,0.25,0.8004703521728516
328,Bahan,Yangon City,MMR013D004,16.806564,96.153488,0.0,0.0,29.0,3.138737,0.2749999761581421,0.37225258350372314
329,Bahan,Yangon City,MMR013D004,16.806564,96.155472,0.0,0.0,27.0,2.153755,0.32499998807907104,0.5692490339279175
330,Bahan,Yangon City,MMR013D004,16.806677,96.157211,0.0,0.0,35.0,9.462279,0.125,0.0
331,Bahan,Yangon City,MMR013D004,16.806747,96.171982,0.0,0.0,19.0,5.617232,0.5249999761581421,0.0
332,Bahan,Yangon City,MMR013D004,16.80687,96.155777,0.0,0.0,29.0,4.8660283,0.2749999761581421,0.02679431438446045
333,Bahan,Yangon City,MMR013D004,16.807022094727,96.14616394043,0.0,0.0,29.0,3.8140574,0.2749999761581421,0.23718851804733276
334,Bahan,Yangon City,MMR013D004,16.807022,96.146622,0.0,0.0,30.0,8.149471,0.25,0.0
335,Bahan,Yangon City,MMR013D004,16.8070220473635,96.1475371157225,0.0,0.0,30.0,0.9976483,0.25,0.8004703521728516
336,Bahan,Yangon City,MMR013D004,16.807022094727,96.148910522461,0.0,0.0,28.0,1.9946922,0.30000001192092896,0.6010615825653076
337,Bahan,Yangon City,MMR013D004,16.807022094727,96.153030395508,0.0,0.0,32.0,2.2111168,0.19999998807907104,0.5577766299247742
338,Bahan,Yangon City,MMR013D004,16.807022094727,96.154403686523,0.0,0.0,28.0,2.9905288,0.30000001192092896,0.401894211769104
339,Bahan,Yangon City,MMR013D004,16.807022,96.155014,0.0,0.0,27.0,3.4869568,0.32499998807907104,0.3026086091995239
340,Bahan,Yangon City,MMR013D004,16.807022,96.15509,0.0,0.0,27.0,3.4869568,0.32499998807907104,0.3026086091995239
341,Bahan,Yangon City,MMR013D004,16.807022094727,96.155776977539,0.0,0.0,29.0,4.8660283,0.2749999761581421,0.02679431438446045
342,Bahan,Yangon City,MMR013D004,16.807022,96.156326,0.0,0.0,32.0,6.8722596,0.19999998807907104,0.0
343,Bahan,Yangon City,MMR013D004,16.807022094727,96.157150268555,0.0,0.0,29.0,5.617232,0.2749999761581421,0.0
344,Bahan,Yangon City,MMR013D004,16.807022094727,96.164016723633,0.0,0.0,30.0,2.153755,0.25,0.5692490339279175
345,Bahan,Yangon City,MMR013D004,16.807022094727,96.169509887695,0.0,0.0,20.0,4.415667,0.5,0.1168665885925293
346,Bahan,Yangon City,MMR013D004,16.807075,96.153559,0.0,0.0,31.0,4.3014402,0.2250000238418579,0.13971197605133057
347,Bahan,Yangon City,MMR013D004,16.807297,96.156601,0.0,0.0,30.0,1.3808141,0.25,0.7238371968269348
348,Bahan,Yangon City,MMR013D004,16.807304,96.171783,0.0,0.0,16.0,5.507302,0.6000000238418579,0.0
349,Bahan,Yangon City,MMR013D004,16.807308,96.145707,0.0,0.0,33.0,6.2581224,0.17500001192092896,0.0
350,Bahan,Yangon City,MMR013D004,16.80743,96.15284,0.0,0.0,29.0,1.9091437,0.2749999761581421,0.6181712746620178
351,Bahan,Yangon City,MMR013D004,16.80748,96.148453,0.0,0.0,30.0,0.9976483,0.25,0.8004703521728516
352,Bahan,Yangon City,MMR013D004,16.807571,96.156876,0.0,0.0,41.0,7.846306,0.0,0.0
353,Bahan,Yangon City,MMR013D004,16.807709,96.154404,0.0,0.0,30.0,3.9845605,0.25,0.2030879259109497
354,Bahan,Yangon City,MMR013D004,16.807846,96.155502,0.0,0.0,38.0,4.8660283,0.050000011920928955,0.02679431438446045
355,Bahan,Yangon City,MMR013D004,16.807938,96.150284,0.0,0.0,27.0,1.3808141,0.32499998807907104,0.7238371968269348
356,Bahan,Yangon City,MMR013D004,16.808167,96.155777,0.0,0.0,33.0,5.1608467,0.17500001192092896,0.0
357,Bahan,Yangon City,MMR013D004,16.80827,96.155037,0.0,0.0,31.0,4.415667,0.2250000238418579,0.1168665885925293
358,Bahan,Yangon City,MMR013D004,16.808395385742,96.144790649414,0.0,0.0,24.0,5.0660734,0.3999999761581421,0.0
359,Bahan,Yangon City,MMR013D004,16.808395,96.146622,0.0,0.0,23.0,5.733568,0.42500001192092896,0.0
360,Bahan,Yangon City,MMR013D004,16.808395385742,96.150283813477,0.0,0.0,27.0,0.9976483,0.32499998807907104,0.8004703521728516
361,Bahan,Yangon City,MMR013D004,16.808395,96.151657,0.0,0.0,31.0,2.760026,0.2250000238418579,0.44799482822418213
362,Bahan,Yangon City,MMR013D004,16.808395,96.152756,0.0,0.0,34.0,3.5461073,0.1499999761581421,0.2907785177230835
363,Bahan,Yangon City,MMR013D004,16.808395385742,96.153030395508,0.0,0.0,36.0,3.138737,0.10000002384185791,0.37225258350372314
364,Bahan,Yangon City,MMR013D004,16.808395385742,96.154403686523,0.0,0.0,33.0,5.7959256,0.17500001192092896,0.0
365,Bahan,Yangon City,MMR013D004,16.808395,96.155028,0.0,0.0,35.0,8.530726,0.125,0.0
366,Bahan,Yangon City,MMR013D004,16.808395385742,96.155776977539,0.0,0.0,31.0,2.760026,0.2250000238418579,0.44799482822418213
367,Bahan,Yangon City,MMR013D004,16.808395385742,96.157150268555,0.0,0.0,39.0,2.862392,0.02499997615814209,0.42752158641815186
368,Bahan,Yangon City,MMR013D004,16.808395385742,96.15852355957,0.0,0.0,50.0,4.1360445,0.0,0.17279112339019775
369,Bahan,Yangon City,MMR013D004,16.808395385742,96.170883178711,0.0,0.0,15.0,1.3808141,0.625,0.7238371968269348
370,Bahan,Yangon City,MMR013D004,16.808853,96.149826,0.0,0.0,26.0,3.138737,0.3500000238418579,0.37225258350372314
371,Bahan,Yangon City,MMR013D004,16.809082,96.149597,0.0,0.0,25.0,2.153755,0.375,0.5692490339279175
372,Bahan,Yangon City,MMR013D004,16.809082,96.15921,0.0,0.0,34.0,9.51285,0.1499999761581421,0.0
373,Bahan,Yangon City,MMR013D004,16.809311,96.148452,0.0,0.0,30.0,0.9976483,0.25,0.8004703521728516
374,Bahan,Yangon City,MMR013D004,16.809456,96.147602,0.0,0.0,30.0,0.0,0.25,1.0
375,Bahan,Yangon City,MMR013D004,16.809768676758,96.143417358398,0.0,0.0,26.0,1.9091437,0.3500000238418579,0.6181712746620178
376,Bahan,Yangon City,MMR013D004,16.809768676758,96.147537231445,0.0,0.0,30.0,0.9548369,0.25,0.8090326189994812
377,Bahan,Yangon City,MMR013D004,16.809769,96.149597,0.0,0.0,26.0,0.9976483,0.3500000238418579,0.8004703521728516
378,Bahan,Yangon City,MMR013D004,16.809768676758,96.150283813477,0.0,0.0,30.0,0.9548369,0.25,0.8090326189994812
379,Bahan,Yangon City,MMR013D004,16.809768676758,96.155776977539,0.0,0.0,47.0,5.964852,0.0,0.0
380,Bahan,Yangon City,MMR013D004,16.809768676758,96.157150268555,0.0,0.0,45.0,2.862392,0.0,0.42752158641815186
381,Bahan,Yangon City,MMR013D004,16.809768676758,96.15852355957,0.0,0.0,43.0,20.999453,0.0,0.0
382,Bahan,Yangon City,MMR013D004,16.809768676758,96.159896850586,0.0,0.0,34.0,2.9905288,0.1499999761581421,0.401894211769104
383,Bahan,Yangon City,MMR013D004,16.809768676758,96.161270141602,0.0,0.0,24.0,1.9091437,0.3999999761581421,0.6181712746620178
384,Bahan,Yangon City,MMR013D004,16.809768676758,96.165390014648,0.0,0.0,25.0,4.1360445,0.375,0.17279112339019775
385,Bahan,Yangon City,MMR013D004,16.809768676758,96.170883178711,0.0,0.0,18.0,4.096654,0.550000011920929,0.18066918849945068
386,Bahan,Yangon City,MMR013D004,16.809998,96.156235,0.0,0.0,49.0,12.821403,0.0,0.0
387,Bahan,Yangon City,MMR013D004,16.810455,96.147537,0.0,0.0,29.0,4.096654,0.2749999761581421,0.18066918849945068
388,Bahan,Yangon City,MMR013D004,16.810455,96.155777,0.0,0.0,44.0,6.2587476,0.0,0.0
389,Bahan,Yangon City,MMR013D004,16.810455,96.158524,0.0,0.0,35.0,7.9309487,0.125,0.0
390,Bahan,Yangon City,MMR013D004,16.8109,96.155696,0.0,0.0,46.0,5.964852,0.0,0.0
391,Bahan,Yangon City,MMR013D004,16.811141967773,96.143417358398,0.0,0.0,25.0,0.0,0.375,1.0
392,Bahan,Yangon City,MMR013D004,16.811141967773,96.144790649414,0.0,0.0,34.0,9.103214,0.1499999761581421,0.0
393,Bahan,Yangon City,MMR013D004,16.811141967773,96.14616394043,0.0,0.0,37.0,5.7959256,0.07499998807907104,0.0
394,Bahan,Yangon City,MMR013D004,16.811141967773,96.147537231445,0.0,0.0,35.0,3.138737,0.125,0.37225258350372314
395,Bahan,Yangon City,MMR013D004,16.811141967773,96.150283813477,0.0,0.0,33.0,1.9091437,0.17500001192092896,0.6181712746620178
396,Bahan,Yangon City,MMR013D004,16.811141967773,96.155776977539,0.0,0.0,45.0,4.1360445,0.0,0.17279112339019775
397,Bahan,Yangon City,MMR013D004,16.811141967773,96.159896850586,0.0,0.0,31.0,3.9416327,0.2250000238418579,0.21167343854904175
398,Bahan,Yangon City,MMR013D004,16.811141967773,96.162643432617,0.0,0.0,23.0,0.9548369,0.42500001192092896,0.8090326189994812
399,Bahan,Yangon City,MMR013D004,16.811142,96.162918,0.0,0.0,23.0,0.9548369,0.42500001192092896,0.8090326189994812
400,Bahan,Yangon City,MMR013D004,16.811141967773,96.164016723633,0.0,0.0,31.0,8.530726,0.2250000238418579,0.0
401,Bahan,Yangon City,MMR013D004,16.811141967773,96.165390014648,0.0,0.0,25.0,0.9548369,0.375,0.8090326189994812
402,Bahan,Yangon City,MMR013D004,16.811142,96.166458,0.0,0.0,21.0,1.9091437,0.4750000238418579,0.6181712746620178
403,Bahan,Yangon City,MMR013D004,16.811141967773,96.166763305664,0.0,0.0,21.0,2.153755,0.4750000238418579,0.5692490339279175
404,Bahan,Yangon City,MMR013D004,16.811142,96.168823,0.0,0.0,16.0,3.0307229,0.6000000238418579,0.3938554525375366
405,Bahan,Yangon City,MMR013D004,16.811142,96.168961,0.0,0.0,15.0,4.8660283,0.625,0.02679431438446045
406,Bahan,Yangon City,MMR013D004,16.811141967773,96.169509887695,0.0,0.0,16.0,3.9416327,0.6000000238418579,0.21167343854904175
407,Bahan,Yangon City,MMR013D004,16.811142,96.170197,0.0,0.0,16.0,1.9091437,0.6000000238418579,0.6181712746620178
408,Bahan,Yangon City,MMR013D004,16.811141967773,96.170883178711,0.0,0.0,16.0,5.1608467,0.6000000238418579,0.0
409,Bahan,Yangon City,MMR013D004,16.811228,96.156034,0.0,0.0,42.0,5.3264294,0.0,0.0
410,Bahan,Yangon City,MMR013D004,16.811392,96.155652,0.0,0.0,41.0,6.1986523,0.0,0.0
411,Bahan,Yangon City,MMR013D004,16.8116,96.163101,0.0,0.0,23.0,2.760026,0.42500001192092896,0.44799482822418213
412,Bahan,Yangon City,MMR013D004,16.811829,96.166763,0.0,0.0,21.0,2.9905288,0.4750000238418579,0.401894211769104
413,Bahan,Yangon City,MMR013D004,16.812344,96.155777,0.0,0.0,44.0,3.5461073,0.0,0.2907785177230835
414,Bahan,Yangon City,MMR013D004,16.812515,96.144104,0.0,0.0,27.0,0.9976483,0.32499998807907104,0.8004703521728516
415,Bahan,Yangon City,MMR013D004,16.812515258789,96.14616394043,0.0,0.0,28.0,3.138737,0.30000001192092896,0.37225258350372314
416,Bahan,Yangon City,MMR013D004,16.812515258789,96.148910522461,0.0,0.0,31.0,5.1608467,0.2250000238418579,0.0
417,Bahan,Yangon City,MMR013D004,16.812515258789,96.155776977539,0.0,0.0,45.0,3.9416327,0.0,0.21167343854904175
418,Bahan,Yangon City,MMR013D004,16.812515258789,96.162643432617,0.0,0.0,33.0,4.3014402,0.17500001192092896,0.13971197605133057
419,Bahan,Yangon City,MMR013D004,16.812515258789,96.164016723633,0.0,0.0,33.0,0.0,0.17500001192092896,1.0
420,Bahan,Yangon City,MMR013D004,16.812515258789,96.165390014648,0.0,0.0,28.0,1.3808141,0.30000001192092896,0.7238371968269348
421,Bahan,Yangon City,MMR013D004,16.812515258789,96.166763305664,0.0,0.0,26.0,1.3808141,0.3500000238418579,0.7238371968269348
422,Bahan,Yangon City,MMR013D004,16.812515,96.169224,0.0,0.0,20.0,2.760026,0.5,0.44799482822418213
423,Bahan,Yangon City,MMR013D004,16.812515,96.169314,0.0,0.0,20.0,2.760026,0.5,0.44799482822418213
424,Bahan,Yangon City,MMR013D004,16.812515,96.170197,0.0,0.0,18.0,4.3014402,0.550000011920929,0.13971197605133057
425,Bahan,Yangon City,MMR013D004,16.81256,96.169108,0.0,0.0,18.0,2.760026,0.550000011920929,0.44799482822418213
426,Bahan,Yangon City,MMR013D004,16.813203,96.147538,0.0,0.0,29.0,3.4869568,0.2749999761581421,0.3026086091995239
427,Bahan,Yangon City,MMR013D004,16.813339,96.155502,0.0,0.0,49.0,2.862392,0.0,0.42752158641815186
428,Bahan,Yangon City,MMR013D004,16.813545,96.155777,0.0,0.0,47.0,10.269225,0.0,0.0
429,Bahan,Yangon City,MMR013D004,16.813764,96.156901,0.0,0.0,38.0,3.0307229,0.050000011920928955,0.3938554525375366
430,Bahan,Yangon City,MMR013D004,16.813888549805,96.144790649414,0.0,0.0,30.0,3.0307229,0.25,0.3938554525375366
431,Bahan,Yangon City,MMR013D004,16.813889,96.145706,0.0,0.0,30.0,1.9091437,0.25,0.6181712746620178
432,Bahan,Yangon City,MMR013D004,16.813888549805,96.14616394043,0.0,0.0,31.0,1.9946922,0.2250000238418579,0.6010615825653076
433,Bahan,Yangon City,MMR013D004,16.813888549805,96.147537231445,0.0,0.0,32.0,0.9976483,0.19999998807907104,0.8004703521728516
434,Bahan,Yangon City,MMR013D004,16.813888549805,96.148910522461,0.0,0.0,30.0,0.0,0.25,1.0
435,Bahan,Yangon City,MMR013D004,16.813888549805,96.150283813477,0.0,0.0,32.0,0.9976483,0.19999998807907104,0.8004703521728516
436,Bahan,Yangon City,MMR013D004,16.813889,96.153717,0.0,0.0,46.0,7.909878,0.0,0.0
437,Bahan,Yangon City,MMR013D004,16.813888549805,96.155776977539,0.0,0.0,50.0,10.269225,0.0,0.0
438,Bahan,Yangon City,MMR013D004,16.813888549805,96.157150268555,0.0,0.0,38.0,0.0,0.050000011920928955,1.0
439,Bahan,Yangon City,MMR013D004,16.813888549805,96.15852355957,0.0,0.0,42.0,2.862392,0.0,0.42752158641815186
440,Bahan,Yangon City,MMR013D004,16.813888549805,96.16813659668,0.0,0.0,18.0,0.9548369,0.550000011920929,0.8090326189994812
441,Bahan,Yangon City,MMR013D004,16.813888549805,96.169509887695,0.0,0.0,19.0,2.760026,0.5249999761581421,0.44799482822418213
442,Bahan,Yangon City,MMR013D004,16.814163,96.155777,0.0,0.0,50.0,3.138737,0.0,0.37225258350372314
443,Bahan,Yangon City,MMR013D004,16.81432,96.155267,0.0,0.0,51.0,2.862392,0.0,0.42752158641815186
444,Bahan,Yangon City,MMR013D004,16.814464,96.154802,0.0,0.0,50.0,4.8660283,0.0,0.02679431438446045
445,Bahan,Yangon City,MMR013D004,16.814575,96.162987,0.0,0.0,25.0,5.3264294,0.375,0.0
446,Bahan,Yangon City,MMR013D004,16.814575,96.167107,0.0,0.0,19.0,0.0,0.5249999761581421,1.0
447,Bahan,Yangon City,MMR013D004,16.814919,96.15303,0.0,0.0,46.0,5.507302,0.0,0.0
448,Bahan,Yangon City,MMR013D004,16.81526184082,96.148910522461,0.0,0.0,34.0,3.0307229,0.1499999761581421,0.3938554525375366
449,Bahan,Yangon City,MMR013D004,16.81526184082,96.150283813477,0.0,0.0,34.0,3.9416327,0.1499999761581421,0.21167343854904175
450,Bahan,Yangon City,MMR013D004,16.81526184082,96.154403686523,0.0,0.0,52.0,4.1360445,0.0,0.17279112339019775
451,Bahan,Yangon City,MMR013D004,16.81526184082,96.155776977539,0.0,0.0,45.0,5.3264294,0.0,0.0
452,Bahan,Yangon City,MMR013D004,16.81526184082,96.157150268555,0.0,0.0,33.0,5.733568,0.17500001192092896,0.0
453,Bahan,Yangon City,MMR013D004,16.815262,96.16539,0.0,0.0,18.0,1.3808141,0.550000011920929,0.7238371968269348
454,Bahan,Yangon City,MMR013D004,16.81526184082,96.16813659668,0.0,0.0,17.0,3.0307229,0.574999988079071,0.3938554525375366
455,Bahan,Yangon City,MMR013D004,16.815605,96.1623,0.0,0.0,23.0,2.9905288,0.42500001192092896,0.401894211769104
456,Bahan,Yangon City,MMR013D004,16.815605,96.16539,0.0,0.0,18.0,2.153755,0.550000011920929,0.5692490339279175
457,Bahan,Yangon City,MMR013D004,16.815948,96.166763,0.0,0.0,18.0,2.2111168,0.550000011920929,0.5577766299247742
458,Bahan,Yangon City,MMR013D004,16.815948,96.16745,0.0,0.0,17.0,0.9548369,0.574999988079071,0.8090326189994812
459,Bahan,Yangon City,MMR013D004,16.816421,96.156292,0.0,0.0,34.0,4.1360445,0.1499999761581421,0.17279112339019775
460,Bahan,Yangon City,MMR013D004,16.816635,96.145649,0.0,0.0,36.0,4.8412433,0.10000002384185791,0.03175133466720581
461,Bahan,Yangon City,MMR013D004,16.816635131836,96.148910522461,0.0,0.0,33.0,1.3808141,0.17500001192092896,0.7238371968269348
462,Bahan,Yangon City,MMR013D004,16.816635131836,96.150283813477,0.0,0.0,34.0,4.096654,0.1499999761581421,0.18066918849945068
463,Bahan,Yangon City,MMR013D004,16.816635131836,96.151657104492,0.0,0.0,50.0,9.839425,0.0,0.0
464,Bahan,Yangon City,MMR013D004,16.816635131836,96.153030395508,0.0,0.0,39.0,8.419388,0.02499997615814209,0.0
465,Bahan,Yangon City,MMR013D004,16.816635131836,96.155776977539,0.0,0.0,34.0,2.760026,0.1499999761581421,0.44799482822418213
466,Bahan,Yangon City,MMR013D004,16.816635131836,96.157150268555,0.0,0.0,35.0,4.8660283,0.125,0.02679431438446045
467,Bahan,Yangon City,MMR013D004,16.816635131836,96.15852355957,0.0,0.0,35.0,2.9905288,0.125,0.401894211769104
468,Bahan,Yangon City,MMR013D004,16.816635,96.159897,0.0,0.0,31.0,1.3808141,0.2250000238418579,0.7238371968269348
469,Bahan,Yangon City,MMR013D004,16.816635131836,96.165390014648,0.0,0.0,17.0,3.8140574,0.574999988079071,0.23718851804733276
470,Bahan,Yangon City,MMR013D004,16.816635131836,96.166763305664,0.0,0.0,18.0,2.2111168,0.550000011920929,0.5577766299247742
471,Bahan,Yangon City,MMR013D004,16.816635,96.16745,0.0,0.0,16.0,2.2111168,0.6000000238418579,0.5577766299247742
472,Bahan,Yangon City,MMR013D004,16.816804,96.162368,0.0,0.0,20.0,3.5461073,0.5,0.2907785177230835
473,Bahan,Yangon City,MMR013D004,16.817093,96.155319,0.0,0.0,35.0,0.9548369,0.125,0.8090326189994812
474,Bahan,Yangon City,MMR013D004,16.817093,96.158066,0.0,0.0,35.0,0.9548369,0.125,0.8090326189994812
475,Bahan,Yangon City,MMR013D004,16.817272,96.155464,0.0,0.0,35.0,3.138737,0.125,0.37225258350372314
476,Bahan,Yangon City,MMR013D004,16.817322,96.15303,0.0,0.0,35.0,1.9091437,0.125,0.6181712746620178
477,Bahan,Yangon City,MMR013D004,16.817322,96.160583,0.0,0.0,29.0,9.577359,0.2749999761581421,0.0
478,Bahan,Yangon City,MMR013D004,16.817478,96.155487,0.0,0.0,35.0,3.138737,0.125,0.37225258350372314
479,Bahan,Yangon City,MMR013D004,16.817665,96.15715,0.0,0.0,32.0,7.9309487,0.19999998807907104,0.0
480,Bahan,Yangon City,MMR013D004,16.818008422852,96.147537231445,0.0,0.0,32.0,3.138737,0.19999998807907104,0.37225258350372314
481,Bahan,Yangon City,MMR013D004,16.818008422852,96.151657104492,0.0,0.0,35.0,4.415667,0.125,0.1168665885925293
482,Bahan,Yangon City,MMR013D004,16.818008422852,96.153030395508,0.0,0.0,32.0,5.507302,0.19999998807907104,0.0
483,Bahan,Yangon City,MMR013D004,16.818008,96.154011,0.0,0.0,33.0,7.846306,0.17500001192092896,0.0
484,Bahan,Yangon City,MMR013D004,16.818008,96.155502,0.0,0.0,34.0,1.9946922,0.1499999761581421,0.6010615825653076
485,Bahan,Yangon City,MMR013D004,16.818008422852,96.155776977539,0.0,0.0,33.0,1.3808141,0.17500001192092896,0.7238371968269348
486,Bahan,Yangon City,MMR013D004,16.818008422852,96.157150268555,0.0,0.0,32.0,3.9845605,0.19999998807907104,0.2030879259109497
487,Bahan,Yangon City,MMR013D004,16.818008422852,96.15852355957,0.0,0.0,36.0,1.3808141,0.10000002384185791,0.7238371968269348
488,Bahan,Yangon City,MMR013D004,16.818008,96.166077,0.0,0.0,18.0,1.9091437,0.550000011920929,0.6181712746620178
489,Bahan,Yangon City,MMR013D004,16.818008422852,96.166763305664,0.0,0.0,15.0,0.9548369,0.625,0.8090326189994812
490,Bahan,Yangon City,MMR013D004,16.818107,96.160492,0.0,0.0,29.0,4.3014402,0.2749999761581421,0.13971197605133057
491,Bahan,Yangon City,MMR013D004,16.818167,96.16452,0.0,0.0,21.0,2.760026,0.4750000238418579,0.44799482822418213
492,Bahan,Yangon City,MMR013D004,16.818466,96.155777,0.0,0.0,31.0,3.9416327,0.2250000238418579,0.21167343854904175
493,Bahan,Yangon City,MMR013D004,16.818483,96.165863,0.0,0.0,16.0,0.9548369,0.6000000238418579,0.8090326189994812
494,Bahan,Yangon City,MMR013D004,16.818539,96.166526,0.0,0.0,15.0,1.3808141,0.625,0.7238371968269348
495,Bahan,Yangon City,MMR013D004,16.818633,96.155902,0.0,0.0,29.0,3.5461073,0.2749999761581421,0.2907785177230835
496,Bahan,Yangon City,MMR013D004,16.818695,96.155777,0.0,0.0,29.0,3.5461073,0.2749999761581421,0.2907785177230835
497,Bahan,Yangon City,MMR013D004,16.818695,96.156464,0.0,0.0,31.0,1.3808141,0.2250000238418579,0.7238371968269348
498,Bahan,Yangon City,MMR013D004,16.819365,96.164253,0.0,0.0,17.0,0.9548369,0.574999988079071,0.8090326189994812
499,Bahan,Yangon City,MMR013D004,16.819381713867,96.155776977539,0.0,0.0,30.0,3.5461073,0.25,0.2907785177230835
500,Bahan,Yangon City,MMR013D004,16.819381713867,96.15852355957,0.0,0.0,33.0,2.153755,0.17500001192092896,0.5692490339279175
501,Bahan,Yangon City,MMR013D004,16.819381713867,96.159896850586,0.0,0.0,32.0,2.862392,0.19999998807907104,0.42752158641815186
502,Bahan,Yangon City,MMR013D004,16.819382,96.161957,0.0,0.0,18.0,5.3264294,0.550000011920929,0.0
503,Bahan,Yangon City,MMR013D004,16.819381713867,96.162643432617,0.0,0.0,18.0,4.8412433,0.550000011920929,0.03175133466720581
504,Bahan,Yangon City,MMR013D004,16.819381713867,96.164016723633,0.0,0.0,17.0,1.3808141,0.574999988079071,0.7238371968269348
505,Bahan,Yangon City,MMR013D004,16.819381713867,96.165390014648,0.0,0.0,17.0,2.862392,0.574999988079071,0.42752158641815186
506,Bahan,Yangon City,MMR013D004,16.819433,96.165131,0.0,0.0,18.0,1.9946922,0.550000011920929,0.6010615825653076
507,Bahan,Yangon City,MMR013D004,16.819473,96.155594,0.0,0.0,30.0,4.8412433,0.25,0.03175133466720581
508,Bahan,Yangon City,MMR013D004,16.820023,96.160873,0.0,0.0,25.0,3.5461073,0.375,0.2907785177230835
509,Bahan,Yangon City,MMR013D004,16.820068,96.16333,0.0,0.0,20.0,4.9007516,0.5,0.019849658012390137
510,Bahan,Yangon City,MMR013D004,16.820068,96.164703,0.0,0.0,16.0,1.9946922,0.6000000238418579,0.6010615825653076
511,Bahan,Yangon City,MMR013D004,16.820068,96.16539,0.0,0.0,18.0,0.9976483,0.550000011920929,0.8004703521728516
512,Bahan,Yangon City,MMR013D004,16.820213,96.165199,0.0,0.0,18.0,0.9976483,0.550000011920929,0.8004703521728516
513,Bahan,Yangon City,MMR013D004,16.820286,96.162216,0.0,0.0,18.0,0.9548369,0.550000011920929,0.8090326189994812
514,Bahan,Yangon City,MMR013D004,16.820412,96.153288,0.0,0.0,29.0,3.4869568,0.2749999761581421,0.3026086091995239
515,Bahan,Yangon City,MMR013D004,16.820412,96.158524,0.0,0.0,29.0,2.153755,0.2749999761581421,0.5692490339279175
516,Bahan,Yangon City,MMR013D004,16.820494,96.165604,0.0,0.0,18.0,0.9976483,0.550000011920929,0.8004703521728516
517,Bahan,Yangon City,MMR013D004,16.820507,96.165335,0.0,0.0,16.0,4.8412433,0.6000000238418579,0.03175133466720581
518,Bahan,Yangon City,MMR013D004,16.820544,96.158418,0.0,0.0,28.0,0.0,0.30000001192092896,1.0
519,Bahan,Yangon City,MMR013D004,16.82062,96.16478,0.0,0.0,15.0,0.9548369,0.625,0.8090326189994812
520,Bahan,Yangon City,MMR013D004,16.82067,96.160896,0.0,0.0,22.0,3.4869568,0.44999998807907104,0.3026086091995239
521,Bahan,Yangon City,MMR013D004,16.82068,96.163456,0.0,0.0,16.0,0.0,0.6000000238418579,1.0
522,Bahan,Yangon City,MMR013D004,16.820755,96.15509,0.0,0.0,35.0,3.138737,0.125,0.37225258350372314
523,Bahan,Yangon City,MMR013D004,16.820755,96.162643,0.0,0.0,19.0,0.9548369,0.5249999761581421,0.8090326189994812
524,Bahan,Yangon City,MMR013D004,16.820755004883,96.148910522461,0.0,0.0,29.0,4.8660283,0.2749999761581421,0.02679431438446045
525,Bahan,Yangon City,MMR013D004,16.820755004883,96.155776977539,0.0,0.0,32.0,2.760026,0.19999998807907104,0.44799482822418213
526,Bahan,Yangon City,MMR013D004,16.820755004883,96.159896850586,0.0,0.0,26.0,2.153755,0.3500000238418579,0.5692490339279175
527,Bahan,Yangon City,MMR013D004,16.820755004883,96.162643432617,0.0,0.0,19.0,0.9548369,0.5249999761581421,0.8090326189994812
528,Bahan,Yangon City,MMR013D004,16.820755004883,96.164016723633,0.0,0.0,16.0,1.3808141,0.6000000238418579,0.7238371968269348
529,Bahan,Yangon City,MMR013D004,16.820908,96.16483,0.0,0.0,15.0,1.3808141,0.625,0.7238371968269348
530,Bahan,Yangon City,MMR013D004,16.820924,96.164714,0.0,0.0,15.0,1.3808141,0.625,0.7238371968269348
531,Bahan,Yangon City,MMR013D004,16.821006,96.163184,0.0,0.0,17.0,1.3808141,0.574999988079071,0.7238371968269348
532,Bahan,Yangon City,MMR013D004,16.821026,96.163156,0.0,0.0,17.0,1.3808141,0.574999988079071,0.7238371968269348
533,Bahan,Yangon City,MMR013D004,16.821121,96.163649,0.0,0.0,19.0,1.3808141,0.5249999761581421,0.7238371968269348
534,Bahan,Yangon City,MMR013D004,16.821134,96.163311,0.0,0.0,17.0,1.9946922,0.574999988079071,0.6010615825653076
535,Bahan,Yangon City,MMR013D004,16.821188,96.163122,0.0,0.0,17.0,0.9548369,0.574999988079071,0.8090326189994812
536,Bahan,Yangon City,MMR013D004,16.821213,96.155319,0.0,0.0,32.0,6.0445805,0.19999998807907104,0.0
537,Bahan,Yangon City,MMR013D004,16.82121,96.164377,0.0,0.0,16.0,1.9091437,0.6000000238418579,0.6181712746620178
538,Bahan,Yangon City,MMR013D004,16.821302,96.159839,0.0,0.0,24.0,2.9905288,0.3999999761581421,0.401894211769104
539,Bahan,Yangon City,MMR013D004,16.821411,96.164065,0.0,0.0,17.0,1.3808141,0.574999988079071,0.7238371968269348
540,Bahan,Yangon City,MMR013D004,16.821442,96.151657,0.0,0.0,35.0,2.153755,0.125,0.5692490339279175
541,Bahan,Yangon City,MMR013D004,16.821442,96.154404,0.0,0.0,28.0,2.760026,0.30000001192092896,0.44799482822418213
542,Bahan,Yangon City,MMR013D004,16.821442,96.164017,0.0,0.0,18.0,1.3808141,0.550000011920929,0.7238371968269348
543,Bahan,Yangon City,MMR013D004,16.821442,96.164703,0.0,0.0,18.0,2.153755,0.550000011920929,0.5692490339279175
544,Bahan,Yangon City,MMR013D004,16.821567,96.163894,0.0,0.0,18.0,1.3808141,0.550000011920929,0.7238371968269348
545,Bahan,Yangon City,MMR013D004,16.821613,96.16127,0.0,0.0,23.0,0.9548369,0.42500001192092896,0.8090326189994812
546,Bahan,Yangon City,MMR013D004,16.821671,96.154861,0.0,0.0,26.0,1.9946922,0.3500000238418579,0.6010615825653076
547,Bahan,Yangon City,MMR013D004,16.821785,96.15509,0.0,0.0,26.0,1.9946922,0.3500000238418579,0.6010615825653076
548,Bahan,Yangon City,MMR013D004,16.821785,96.165047,0.0,0.0,18.0,1.3808141,0.550000011920929,0.7238371968269348
549,Bahan,Yangon City,MMR013D004,16.821789,96.161018,0.0,0.0,23.0,0.9548369,0.42500001192092896,0.8090326189994812
550,Bahan,Yangon City,MMR013D004,16.821823,96.16188,0.0,0.0,19.0,3.138737,0.5249999761581421,0.37225258350372314
551,Bahan,Yangon City,MMR013D004,16.821842,96.159851,0.0,0.0,30.0,7.612252,0.25,0.0
552,Bahan,Yangon City,MMR013D004,16.822067,96.162264,0.0,0.0,20.0,4.3014402,0.5,0.13971197605133057
553,Bahan,Yangon City,MMR013D004,16.822128295898,96.151657104492,0.0,0.0,32.0,0.0,0.19999998807907104,1.0
554,Bahan,Yangon City,MMR013D004,16.822128295898,96.154403686523,0.0,0.0,27.0,0.9548369,0.32499998807907104,0.8090326189994812
555,Bahan,Yangon City,MMR013D004,16.822128,96.156464,0.0,0.0,24.0,2.9905288,0.3999999761581421,0.401894211769104
556,Bahan,Yangon City,MMR013D004,16.822128295898,96.157150268555,0.0,0.0,23.0,2.9905288,0.42500001192092896,0.401894211769104
557,Bahan,Yangon City,MMR013D004,16.822128295898,96.15852355957,0.0,0.0,25.0,1.3808141,0.375,0.7238371968269348
558,Bahan,Yangon City,MMR013D004,16.822128,96.15921,0.0,0.0,28.0,4.8660283,0.30000001192092896,0.02679431438446045
559,Bahan,Yangon City,MMR013D004,16.822128295898,96.159896850586,0.0,0.0,27.0,8.282669,0.32499998807907104,0.0
560,Bahan,Yangon City,MMR013D004,16.822128,96.160355,0.0,0.0,22.0,5.7105665,0.44999998807907104,0.0
561,Bahan,Yangon City,MMR013D004,16.822128295898,96.161270141602,0.0,0.0,20.0,2.153755,0.5,0.5692490339279175
562,Bahan,Yangon City,MMR013D004,16.822128295898,96.162643432617,0.0,0.0,20.0,3.5461073,0.5,0.2907785177230835
563,Bahan,Yangon City,MMR013D004,16.822128295898,96.164016723633,0.0,0.0,17.0,0.9548369,0.574999988079071,0.8090326189994812
564,Bahan,Yangon City,MMR013D004,16.822128295898,96.165390014648,0.0,0.0,17.0,0.9976483,0.574999988079071,0.8004703521728516
565,Bahan,Yangon City,MMR013D004,16.822142,96.162342,0.0,0.0,22.0,1.9946922,0.44999998807907104,0.6010615825653076
566,Bahan,Yangon City,MMR013D004,16.822248,96.162501,0.0,0.0,20.0,3.5461073,0.5,0.2907785177230835
567,Bahan,Yangon City,MMR013D004,16.822301,96.151631,0.0,0.0,32.0,0.0,0.19999998807907104,1.0
568,Bahan,Yangon City,MMR013D004,16.82241,96.161807,0.0,0.0,22.0,2.862392,0.44999998807907104,0.42752158641815186
569,Bahan,Yangon City,MMR013D004,16.822521,96.154404,0.0,0.0,26.0,2.2111168,0.3500000238418579,0.5577766299247742
570,Bahan,Yangon City,MMR013D004,16.822586,96.16127,0.0,0.0,20.0,2.760026,0.5,0.44799482822418213
571,Bahan,Yangon City,MMR013D004,16.822634,96.161489,0.0,0.0,22.0,5.1608467,0.44999998807907104,0.0
572,Bahan,Yangon City,MMR013D004,16.822828,96.162987,0.0,0.0,18.0,0.9976483,0.550000011920929,0.8004703521728516
573,Bahan,Yangon City,MMR013D004,16.823044,96.147995,0.0,0.0,24.0,0.9548369,0.3999999761581421,0.8090326189994812
574,Bahan,Yangon City,MMR013D004,16.823044,96.160812,0.0,0.0,17.0,2.760026,0.574999988079071,0.44799482822418213
575,Bahan,Yangon City,MMR013D004,16.82313,96.161774,0.0,0.0,14.0,4.3014402,0.6499999761581421,0.13971197605133057
576,Bahan,Yangon City,MMR013D004,16.823158,96.16127,0.0,0.0,16.0,4.8412433,0.6000000238418579,0.03175133466720581
577,Bahan,Yangon City,MMR013D004,16.823362,96.157791,0.0,0.0,23.0,1.9946922,0.42500001192092896,0.6010615825653076
578,Bahan,Yangon City,MMR013D004,16.823501586914,96.14616394043,0.0,0.0,29.0,3.4869568,0.2749999761581421,0.3026086091995239
579,Bahan,Yangon City,MMR013D004,16.823501586914,96.147537231445,0.0,0.0,26.0,0.9548369,0.3500000238418579,0.8090326189994812
580,Bahan,Yangon City,MMR013D004,16.823502,96.15097,0.0,0.0,31.0,1.3808141,0.2250000238418579,0.7238371968269348
581,Bahan,Yangon City,MMR013D004,16.823501586914,96.153030395508,0.0,0.0,24.0,2.760026,0.3999999761581421,0.44799482822418213
582,Bahan,Yangon City,MMR013D004,16.823502,96.15406,0.0,0.0,23.0,6.9482727,0.42500001192092896,0.0
583,Bahan,Yangon City,MMR013D004,16.823501586914,96.154403686523,0.0,0.0,26.0,7.612252,0.3500000238418579,0.0
584,Bahan,Yangon City,MMR013D004,16.823501586914,96.155776977539,0.0,0.0,22.0,4.9007516,0.44999998807907104,0.019849658012390137
585,Bahan,Yangon City,MMR013D004,16.823502,96.156601,0.0,0.0,18.0,2.153755,0.550000011920929,0.5692490339279175
586,Bahan,Yangon City,MMR013D004,16.823501586914,96.157150268555,0.0,0.0,19.0,5.733568,0.5249999761581421,0.0
587,Bahan,Yangon City,MMR013D004,16.823502,96.15921,0.0,0.0,16.0,2.153755,0.6000000238418579,0.5692490339279175
588,Bahan,Yangon City,MMR013D004,16.823501586914,96.159896850586,0.0,0.0,16.0,3.138737,0.6000000238418579,0.37225258350372314
589,Bahan,Yangon City,MMR013D004,16.823501586914,96.161270141602,0.0,0.0,17.0,6.9482727,0.574999988079071,0.0
590,Bahan,Yangon City,MMR013D004,16.823502,96.164291,0.0,0.0,17.0,3.9416327,0.574999988079071,0.21167343854904175
591,Bahan,Yangon City,MMR013D004,16.823501586914,96.165390014648,0.0,0.0,18.0,1.3808141,0.550000011920929,0.7238371968269348
592,Bahan,Yangon City,MMR013D004,16.823603,96.154404,0.0,0.0,26.0,7.612252,0.3500000238418579,0.0
593,Bahan,Yangon City,MMR013D004,16.823626,96.161352,0.0,0.0,16.0,5.7959256,0.6000000238418579,0.0
594,Bahan,Yangon City,MMR013D004,16.823654,96.150284,0.0,0.0,32.0,2.153755,0.19999998807907104,0.5692490339279175
595,Bahan,Yangon City,MMR013D004,16.82373,96.15715,0.0,0.0,19.0,5.733568,0.5249999761581421,0.0
596,Bahan,Yangon City,MMR013D004,16.823935,96.154331,0.0,0.0,24.0,7.612252,0.3999999761581421,0.0
597,Bahan,Yangon City,MMR013D004,16.823959,96.155777,0.0,0.0,24.0,3.9845605,0.3999999761581421,0.2030879259109497
598,Bahan,Yangon City,MMR013D004,16.824051,96.148087,0.0,0.0,27.0,3.5461073,0.32499998807907104,0.2907785177230835
599,Bahan,Yangon City,MMR013D004,16.824188,96.151657,0.0,0.0,30.0,5.617232,0.25,0.0
600,Bahan,Yangon City,MMR013D004,16.824417,96.152801,0.0,0.0,19.0,7.065254,0.5249999761581421,0.0
601,Bahan,Yangon City,MMR013D004,16.824417,96.154404,0.0,0.0,20.0,1.9091437,0.5,0.6181712746620178
602,Bahan,Yangon City,MMR013D004,16.824493,96.149139,0.0,0.0,31.0,1.9091437,0.2250000238418579,0.6181712746620178
603,Bahan,Yangon City,MMR013D004,16.82487487793,96.147537231445,0.0,0.0,30.0,1.3808141,0.25,0.7238371968269348
604,Bahan,Yangon City,MMR013D004,16.824875,96.148224,0.0,0.0,30.0,3.5461073,0.25,0.2907785177230835
605,Bahan,Yangon City,MMR013D004,16.82487487793,96.148910522461,0.0,0.0,28.0,5.7105665,0.30000001192092896,0.0
606,Bahan,Yangon City,MMR013D004,16.824875,96.149597,0.0,0.0,30.0,4.9007516,0.25,0.019849658012390137
607,Bahan,Yangon City,MMR013D004,16.82487487793,96.150283813477,0.0,0.0,33.0,1.3808141,0.17500001192092896,0.7238371968269348
608,Bahan,Yangon City,MMR013D004,16.82487487793,96.151657104492,0.0,0.0,24.0,3.138737,0.3999999761581421,0.37225258350372314
609,Bahan,Yangon City,MMR013D004,16.82487487793,96.153030395508,0.0,0.0,20.0,0.9548369,0.5,0.8090326189994812
610,Bahan,Yangon City,MMR013D004,16.824875,96.153488,0.0,0.0,21.0,2.2111168,0.4750000238418579,0.5577766299247742
611,Bahan,Yangon City,MMR013D004,16.82487487793,96.154403686523,0.0,0.0,21.0,6.2581224,0.4750000238418579,0.0
612,Bahan,Yangon City,MMR013D004,16.82487487793,96.157150268555,0.0,0.0,19.0,3.5461073,0.5249999761581421,0.2907785177230835
613,Bahan,Yangon City,MMR013D004,16.824875,96.15921,0.0,0.0,18.0,3.0307229,0.550000011920929,0.3938554525375366
614,Bahan,Yangon City,MMR013D004,16.82487487793,96.159896850586,0.0,0.0,17.0,2.862392,0.574999988079071,0.42752158641815186
615,Bahan,Yangon City,MMR013D004,16.825098,96.151245,0.0,0.0,25.0,4.1360445,0.375,0.17279112339019775
616,Bahan,Yangon City,MMR013D004,16.825218,96.147194,0.0,0.0,30.0,1.3808141,0.25,0.7238371968269348
617,Bahan,Yangon City,MMR013D004,16.825333,96.153946,0.0,0.0,21.0,5.507302,0.4750000238418579,0.0
618,Bahan,Yangon City,MMR013D004,16.825453,96.154295,0.0,0.0,22.0,4.096654,0.44999998807907104,0.18066918849945068
619,Bahan,Yangon City,MMR013D004,16.825562,96.15303,0.0,0.0,20.0,4.3014402,0.5,0.13971197605133057
620,Bahan,Yangon City,MMR013D004,16.825562,96.154216,0.0,0.0,22.0,4.096654,0.44999998807907104,0.18066918849945068
621,Bahan,Yangon City,MMR013D004,16.825562,96.154404,0.0,0.0,23.0,1.9946922,0.42500001192092896,0.6010615825653076
622,Bahan,Yangon City,MMR013D004,16.825562,96.155777,0.0,0.0,22.0,3.4869568,0.44999998807907104,0.3026086091995239
623,Bahan,Yangon City,MMR013D004,16.82579,96.156006,0.0,0.0,23.0,0.9976483,0.42500001192092896,0.8004703521728516
624,Bahan,Yangon City,MMR013D004,16.82579,96.156235,0.0,0.0,21.0,4.9761953,0.4750000238418579,0.004760921001434326
625,Bahan,Yangon City,MMR013D004,16.825974,96.146988,0.0,0.0,29.0,2.862392,0.2749999761581421,0.42752158641815186
626,Bahan,Yangon City,MMR013D004,16.826077,96.154404,0.0,0.0,23.0,0.9976483,0.42500001192092896,0.8004703521728516
627,Bahan,Yangon City,MMR013D004,16.826248,96.147079,0.0,0.0,29.0,3.138737,0.2749999761581421,0.37225258350372314
628,Bahan,Yangon City,MMR013D004,16.8262480844725,96.1475371157225,0.0,0.0,27.0,3.4869568,0.32499998807907104,0.3026086091995239
629,Bahan,Yangon City,MMR013D004,16.826248168945,96.148910522461,0.0,0.0,23.0,6.949956,0.42500001192092896,0.0
630,Bahan,Yangon City,MMR013D004,16.826248168945,96.150283813477,0.0,0.0,23.0,8.229426,0.42500001192092896,0.0
631,Bahan,Yangon City,MMR013D004,16.826248168945,96.154403686523,0.0,0.0,23.0,5.3264294,0.42500001192092896,0.0
632,Bahan,Yangon City,MMR013D004,16.826248,96.15612,0.0,0.0,20.0,3.0307229,0.5,0.3938554525375366
633,Bahan,Yangon City,MMR013D004,16.826248,96.156807,0.0,0.0,16.0,0.9976483,0.6000000238418579,0.8004703521728516
634,Bahan,Yangon City,MMR013D004,16.826248168945,96.157150268555,0.0,0.0,16.0,0.9976483,0.6000000238418579,0.8004703521728516
635,Bahan,Yangon City,MMR013D004,16.826444,96.155777,0.0,0.0,20.0,2.2111168,0.5,0.5577766299247742
636,Bahan,Yangon City,MMR013D004,16.826935,96.154404,0.0,0.0,20.0,0.9976483,0.5,0.8004703521728516
637,Bahan,Yangon City,MMR013D004,16.826935,96.156464,0.0,0.0,19.0,1.3808141,0.5249999761581421,0.7238371968269348
638,Bahan,Yangon City,MMR013D004,16.827164,96.155319,0.0,0.0,20.0,1.3808141,0.5,0.7238371968269348
639,Bahan,Yangon City,MMR013D004,16.827278,96.154404,0.0,0.0,22.0,1.9091437,0.44999998807907104,0.6181712746620178
640,Bahan,Yangon City,MMR013D004,16.827347,96.156326,0.0,0.0,19.0,0.9548369,0.5249999761581421,0.8090326189994812
641,Bahan,Yangon City,MMR013D004,16.827393,96.156693,0.0,0.0,19.0,0.9548369,0.5249999761581421,0.8090326189994812
642,Bahan,Yangon City,MMR013D004,16.827492,96.155128,0.0,0.0,20.0,3.138737,0.5,0.37225258350372314
643,Bahan,Yangon City,MMR013D004,16.82752,96.154945,0.0,0.0,19.0,4.096654,0.5249999761581421,0.18066918849945068
644,Bahan,Yangon City,MMR013D004,16.827621459961,96.154403686523,0.0,0.0,23.0,1.3808141,0.42500001192092896,0.7238371968269348
645,Bahan,Yangon City,MMR013D004,16.827621,96.15509,0.0,0.0,19.0,4.096654,0.5249999761581421,0.18066918849945068
646,Bahan,Yangon City,MMR013D004,16.827621459961,96.155776977539,0.0,0.0,20.0,3.5461073,0.5,0.2907785177230835
647,Bahan,Yangon City,MMR013D004,16.827621,96.156464,0.0,0.0,20.0,1.3808141,0.5,0.7238371968269348
648,Bahan,Yangon City,MMR013D004,16.82766,96.155205,0.0,0.0,18.0,1.3808141,0.550000011920929,0.7238371968269348
649,Bahan,Yangon City,MMR013D004,16.827717,96.154533,0.0,0.0,23.0,1.3808141,0.42500001192092896,0.7238371968269348
650,Bahan,Yangon City,MMR013D004,16.827793,96.154404,0.0,0.0,23.0,0.9976483,0.42500001192092896,0.8004703521728516
651,Bahan,Yangon City,MMR013D004,16.828079,96.154404,0.0,0.0,23.0,2.2111168,0.42500001192092896,0.5577766299247742
652,Bahan,Yangon City,MMR013D004,16.828079,96.156006,0.0,0.0,21.0,2.153755,0.4750000238418579,0.5692490339279175
653,Bahan,Yangon City,MMR013D004,16.828308,96.154404,0.0,0.0,23.0,2.2111168,0.42500001192092896,0.5577766299247742
654,Bahan,Yangon City,MMR013D004,16.828308,96.155777,0.0,0.0,19.0,5.3264294,0.5249999761581421,0.0
655,Bahan,Yangon City,MMR013D004,16.828995,96.1546,0.0,0.0,27.0,9.922678,0.32499998807907104,0.0
656,Bahan,Yangon City,MMR013D004,16.828995,96.154861,0.0,0.0,33.0,14.893205,0.17500001192092896,0.0
657,Botahtaung,Yangon City,MMR013D002,16.76651,96.172943,0.0,0.0,1.0,3.9416327,0.9750000238418579,0.21167343854904175
658,Botahtaung,Yangon City,MMR013D002,16.767197,96.166763,0.0,0.0,8.0,13.133964,0.800000011920929,0.0
659,Botahtaung,Yangon City,MMR013D002,16.767196655273,96.170883178711,0.0,0.0,8.0,3.5461073,0.800000011920929,0.2907785177230835
660,Botahtaung,Yangon City,MMR013D002,16.767196655273,96.172256469727,0.0,0.0,9.0,1.3808141,0.7749999761581421,0.7238371968269348
661,Botahtaung,Yangon City,MMR013D002,16.767196655273,96.173629760742,0.0,0.0,9.0,4.3014402,0.7749999761581421,0.13971197605133057
662,Botahtaung,Yangon City,MMR013D002,16.767196655273,96.175003051758,0.0,0.0,7.0,1.3808141,0.824999988079071,0.7238371968269348
663,Botahtaung,Yangon City,MMR013D002,16.768112,96.166763,0.0,0.0,11.0,3.9416327,0.7250000238418579,0.21167343854904175
664,Botahtaung,Yangon City,MMR013D002,16.768502,96.175588,0.0,0.0,9.0,0.9976483,0.7749999761581421,0.8004703521728516
665,Botahtaung,Yangon City,MMR013D002,16.768569946289,96.165390014648,0.0,0.0,8.0,3.138737,0.800000011920929,0.37225258350372314
666,Botahtaung,Yangon City,MMR013D002,16.768569946289,96.166763305664,0.0,0.0,8.0,2.9905288,0.800000011920929,0.401894211769104
667,Botahtaung,Yangon City,MMR013D002,16.768569946289,96.169509887695,0.0,0.0,10.0,0.9976483,0.75,0.8004703521728516
668,Botahtaung,Yangon City,MMR013D002,16.768569946289,96.170883178711,0.0,0.0,12.0,4.9761953,0.699999988079071,0.004760921001434326
669,Botahtaung,Yangon City,MMR013D002,16.76857,96.171913,0.0,0.0,11.0,4.096654,0.7250000238418579,0.18066918849945068
670,Botahtaung,Yangon City,MMR013D002,16.768569946289,96.172256469727,0.0,0.0,9.0,1.3808141,0.7749999761581421,0.7238371968269348
671,Botahtaung,Yangon City,MMR013D002,16.768569946289,96.173629760742,0.0,0.0,13.0,1.9091437,0.675000011920929,0.6181712746620178
672,Botahtaung,Yangon City,MMR013D002,16.76857,96.174316,0.0,0.0,8.0,3.138737,0.800000011920929,0.37225258350372314
673,Botahtaung,Yangon City,MMR013D002,16.768569946289,96.179122924805,0.0,0.0,10.0,4.8412433,0.75,0.03175133466720581
674,Botahtaung,Yangon City,MMR013D002,16.768569946289,96.18049621582,0.0,0.0,13.0,1.9946922,0.675000011920929,0.6010615825653076
675,Botahtaung,Yangon City,MMR013D002,16.768569946289,96.181869506836,0.0,0.0,9.0,2.862392,0.7749999761581421,0.42752158641815186
676,Botahtaung,Yangon City,MMR013D002,16.768569946289,96.183242797852,0.0,0.0,10.0,3.5461073,0.75,0.2907785177230835
677,Botahtaung,Yangon City,MMR013D002,16.768569946289,96.185989379883,0.0,0.0,11.0,2.9905288,0.7250000238418579,0.401894211769104
678,Botahtaung,Yangon City,MMR013D002,16.768845,96.171982,0.0,0.0,10.0,3.138737,0.75,0.37225258350372314
679,Botahtaung,Yangon City,MMR013D002,16.768913,96.177406,0.0,0.0,5.0,0.0,0.875,1.0
680,Botahtaung,Yangon City,MMR013D002,16.768958,96.172305,0.0,0.0,9.0,2.153755,0.7749999761581421,0.5692490339279175
681,Botahtaung,Yangon City,MMR013D002,16.769175,96.172279,0.0,0.0,11.0,3.4869568,0.7250000238418579,0.3026086091995239
682,Botahtaung,Yangon City,MMR013D002,16.769205,96.174583,0.0,0.0,9.0,2.760026,0.7749999761581421,0.44799482822418213
683,Botahtaung,Yangon City,MMR013D002,16.769257,96.165733,0.0,0.0,12.0,10.298894,0.699999988079071,0.0
684,Botahtaung,Yangon City,MMR013D002,16.769257,96.166763,0.0,0.0,9.0,1.9946922,0.7749999761581421,0.6010615825653076
685,Botahtaung,Yangon City,MMR013D002,16.769257,96.167965,0.0,0.0,8.0,2.2111168,0.800000011920929,0.5577766299247742
686,Botahtaung,Yangon City,MMR013D002,16.769257,96.168137,0.0,0.0,7.0,0.9976483,0.824999988079071,0.8004703521728516
687,Botahtaung,Yangon City,MMR013D002,16.769257,96.172256,0.0,0.0,11.0,3.4869568,0.7250000238418579,0.3026086091995239
688,Botahtaung,Yangon City,MMR013D002,16.769324,96.172947,0.0,0.0,13.0,2.153755,0.675000011920929,0.5692490339279175
689,Botahtaung,Yangon City,MMR013D002,16.769432,96.171196,0.0,0.0,11.0,1.3808141,0.7250000238418579,0.7238371968269348
690,Botahtaung,Yangon City,MMR013D002,16.76945,96.171341,0.0,0.0,11.0,0.0,0.7250000238418579,1.0
691,Botahtaung,Yangon City,MMR013D002,16.769569,96.187737,0.0,0.0,9.0,1.3808141,0.7749999761581421,0.7238371968269348
692,Botahtaung,Yangon City,MMR013D002,16.7696,96.16539,0.0,0.0,16.0,3.8140574,0.6000000238418579,0.23718851804733276
693,Botahtaung,Yangon City,MMR013D002,16.769669,96.16539,0.0,0.0,16.0,3.8140574,0.6000000238418579,0.23718851804733276
694,Botahtaung,Yangon City,MMR013D002,16.769747,96.168529,0.0,0.0,10.0,3.4869568,0.75,0.3026086091995239
695,Botahtaung,Yangon City,MMR013D002,16.769943237305,96.165390014648,0.0,0.0,14.0,2.862392,0.6499999761581421,0.42752158641815186
696,Botahtaung,Yangon City,MMR013D002,16.769943,96.166214,0.0,0.0,17.0,3.0307229,0.574999988079071,0.3938554525375366
697,Botahtaung,Yangon City,MMR013D002,16.769943237305,96.166763305664,0.0,0.0,15.0,4.3014402,0.625,0.13971197605133057
698,Botahtaung,Yangon City,MMR013D002,16.769943,96.167107,0.0,0.0,14.0,4.3014402,0.6499999761581421,0.13971197605133057
699,Botahtaung,Yangon City,MMR013D002,16.769943,96.16745,0.0,0.0,13.0,4.1360445,0.675000011920929,0.17279112339019775
700,Botahtaung,Yangon City,MMR013D002,16.769943,96.168594,0.0,0.0,11.0,0.9976483,0.7250000238418579,0.8004703521728516
701,Botahtaung,Yangon City,MMR013D002,16.769943237305,96.169509887695,0.0,0.0,10.0,1.3808141,0.75,0.7238371968269348
702,Botahtaung,Yangon City,MMR013D002,16.769943237305,96.170883178711,0.0,0.0,10.0,2.862392,0.75,0.42752158641815186
703,Botahtaung,Yangon City,MMR013D002,16.769943,96.17157,0.0,0.0,11.0,1.3808141,0.7250000238418579,0.7238371968269348
704,Botahtaung,Yangon City,MMR013D002,16.769943,96.171799,0.0,0.0,11.0,1.3808141,0.7250000238418579,0.7238371968269348
705,Botahtaung,Yangon City,MMR013D002,16.769943237305,96.172256469727,0.0,0.0,13.0,0.9548369,0.675000011920929,0.8090326189994812
706,Botahtaung,Yangon City,MMR013D002,16.769943,96.172943,0.0,0.0,13.0,3.0307229,0.675000011920929,0.3938554525375366
707,Botahtaung,Yangon City,MMR013D002,16.769943237305,96.173629760742,0.0,0.0,11.0,4.096654,0.7250000238418579,0.18066918849945068
708,Botahtaung,Yangon City,MMR013D002,16.769943,96.174316,0.0,0.0,10.0,2.153755,0.75,0.5692490339279175
709,Botahtaung,Yangon City,MMR013D002,16.769943237305,96.175003051758,0.0,0.0,12.0,2.2111168,0.699999988079071,0.5577766299247742
710,Botahtaung,Yangon City,MMR013D002,16.769943237305,96.176376342773,0.0,0.0,10.0,0.0,0.75,1.0
711,Botahtaung,Yangon City,MMR013D002,16.769943,96.177063,0.0,0.0,9.0,3.0307229,0.7749999761581421,0.3938554525375366
712,Botahtaung,Yangon City,MMR013D002,16.769943237305,96.177749633789,0.0,0.0,9.0,1.3808141,0.7749999761581421,0.7238371968269348
713,Botahtaung,Yangon City,MMR013D002,16.769943237305,96.18049621582,0.0,0.0,13.0,4.096654,0.675000011920929,0.18066918849945068
714,Botahtaung,Yangon City,MMR013D002,16.770172,96.166763,0.0,0.0,16.0,4.1360445,0.6000000238418579,0.17279112339019775
715,Botahtaung,Yangon City,MMR013D002,16.770401,96.167221,0.0,0.0,15.0,4.096654,0.625,0.18066918849945068
716,Botahtaung,Yangon City,MMR013D002,16.770401,96.171799,0.0,0.0,12.0,0.9976483,0.699999988079071,0.8004703521728516
717,Botahtaung,Yangon City,MMR013D002,16.770401,96.178207,0.0,0.0,8.0,2.760026,0.800000011920929,0.44799482822418213
718,Botahtaung,Yangon City,MMR013D002,16.770458,96.172771,0.0,0.0,16.0,2.862392,0.6000000238418579,0.42752158641815186
719,Botahtaung,Yangon City,MMR013D002,16.77063,96.16951,0.0,0.0,8.0,0.9976483,0.800000011920929,0.8004703521728516
720,Botahtaung,Yangon City,MMR013D002,16.77063,96.17878,0.0,0.0,9.0,4.096654,0.7749999761581421,0.18066918849945068
721,Botahtaung,Yangon City,MMR013D002,16.771164,96.17424,0.0,0.0,14.0,4.1360445,0.6499999761581421,0.17279112339019775
722,Botahtaung,Yangon City,MMR013D002,16.771317,96.165047,0.0,0.0,16.0,2.153755,0.6000000238418579,0.5692490339279175
723,Botahtaung,Yangon City,MMR013D002,16.77131652832,96.165390014648,0.0,0.0,19.0,4.096654,0.5249999761581421,0.18066918849945068
724,Botahtaung,Yangon City,MMR013D002,16.771317,96.16642,0.0,0.0,22.0,0.9548369,0.44999998807907104,0.8090326189994812
725,Botahtaung,Yangon City,MMR013D002,16.77131652832,96.166763305664,0.0,0.0,18.0,4.9761953,0.550000011920929,0.004760921001434326
726,Botahtaung,Yangon City,MMR013D002,16.771317,96.167793,0.0,0.0,11.0,1.9091437,0.7250000238418579,0.6181712746620178
727,Botahtaung,Yangon City,MMR013D002,16.771317,96.168137,0.0,0.0,13.0,1.3808141,0.675000011920929,0.7238371968269348
728,Botahtaung,Yangon City,MMR013D002,16.77131652832,96.169509887695,0.0,0.0,12.0,2.2111168,0.699999988079071,0.5577766299247742
729,Botahtaung,Yangon City,MMR013D002,16.77131652832,96.170883178711,0.0,0.0,15.0,2.153755,0.625,0.5692490339279175
730,Botahtaung,Yangon City,MMR013D002,16.771317,96.171432,0.0,0.0,10.0,4.8412433,0.75,0.03175133466720581
731,Botahtaung,Yangon City,MMR013D002,16.77131652832,96.172256469727,0.0,0.0,11.0,3.0307229,0.7250000238418579,0.3938554525375366
732,Botahtaung,Yangon City,MMR013D002,16.771317,96.173286,0.0,0.0,13.0,1.3808141,0.675000011920929,0.7238371968269348
733,Botahtaung,Yangon City,MMR013D002,16.77131652832,96.173629760742,0.0,0.0,14.0,3.138737,0.6499999761581421,0.37225258350372314
734,Botahtaung,Yangon City,MMR013D002,16.77131652832,96.175003051758,0.0,0.0,10.0,3.9416327,0.75,0.21167343854904175
735,Botahtaung,Yangon City,MMR013D002,16.77131652832,96.18049621582,0.0,0.0,11.0,2.153755,0.7250000238418579,0.5692490339279175
736,Botahtaung,Yangon City,MMR013D002,16.771317,96.185715,0.0,0.0,8.0,2.2111168,0.800000011920929,0.5577766299247742
737,Botahtaung,Yangon City,MMR013D002,16.771611,96.17363,0.0,0.0,14.0,2.9905288,0.6499999761581421,0.401894211769104
738,Botahtaung,Yangon City,MMR013D002,16.77166,96.16745,0.0,0.0,13.0,4.415667,0.675000011920929,0.1168665885925293
739,Botahtaung,Yangon City,MMR013D002,16.77166,96.17363,0.0,0.0,14.0,2.9905288,0.6499999761581421,0.401894211769104
740,Botahtaung,Yangon City,MMR013D002,16.771709,96.166469,0.0,0.0,19.0,2.760026,0.5249999761581421,0.44799482822418213
741,Botahtaung,Yangon City,MMR013D002,16.771764,96.170861,0.0,0.0,16.0,4.415667,0.6000000238418579,0.1168665885925293
742,Botahtaung,Yangon City,MMR013D002,16.771774,96.16539,0.0,0.0,17.0,1.9091437,0.574999988079071,0.6181712746620178
743,Botahtaung,Yangon City,MMR013D002,16.771774,96.172714,0.0,0.0,11.0,0.9976483,0.7250000238418579,0.8004703521728516
744,Botahtaung,Yangon City,MMR013D002,16.771852,96.167435,0.0,0.0,14.0,1.3808141,0.6499999761581421,0.7238371968269348
745,Botahtaung,Yangon City,MMR013D002,16.77193,96.170578,0.0,0.0,14.0,0.9976483,0.6499999761581421,0.8004703521728516
746,Botahtaung,Yangon City,MMR013D002,16.772003,96.16539,0.0,0.0,16.0,2.760026,0.6000000238418579,0.44799482822418213
747,Botahtaung,Yangon City,MMR013D002,16.772003,96.174316,0.0,0.0,10.0,1.9091437,0.75,0.6181712746620178
748,Botahtaung,Yangon City,MMR013D002,16.772003,96.175003,0.0,0.0,11.0,2.862392,0.7250000238418579,0.42752158641815186
749,Botahtaung,Yangon City,MMR013D002,16.772017,96.170464,0.0,0.0,15.0,1.3808141,0.625,0.7238371968269348
750,Botahtaung,Yangon City,MMR013D002,16.772232,96.174088,0.0,0.0,10.0,1.3808141,0.75,0.7238371968269348
751,Botahtaung,Yangon City,MMR013D002,16.772415,96.175003,0.0,0.0,13.0,2.760026,0.675000011920929,0.44799482822418213
752,Botahtaung,Yangon City,MMR013D002,16.772422,96.167483,0.0,0.0,14.0,2.9905288,0.6499999761581421,0.401894211769104
753,Botahtaung,Yangon City,MMR013D002,16.772689819336,96.165390014648,0.0,0.0,15.0,3.138737,0.625,0.37225258350372314
754,Botahtaung,Yangon City,MMR013D002,16.77269,96.16642,0.0,0.0,9.0,4.8412433,0.7749999761581421,0.03175133466720581
755,Botahtaung,Yangon City,MMR013D002,16.772689819336,96.166763305664,0.0,0.0,10.0,6.2581224,0.75,0.0
756,Botahtaung,Yangon City,MMR013D002,16.772689819336,96.16813659668,0.0,0.0,16.0,2.862392,0.6000000238418579,0.42752158641815186
757,Botahtaung,Yangon City,MMR013D002,16.77269,96.169167,0.0,0.0,10.0,0.9976483,0.75,0.8004703521728516
758,Botahtaung,Yangon City,MMR013D002,16.772689819336,96.170883178711,0.0,0.0,15.0,5.0660734,0.625,0.0
759,Botahtaung,Yangon City,MMR013D002,16.772689819336,96.172256469727,0.0,0.0,14.0,2.760026,0.6499999761581421,0.44799482822418213
760,Botahtaung,Yangon City,MMR013D002,16.772689819336,96.173629760742,0.0,0.0,14.0,6.2587476,0.6499999761581421,0.0
761,Botahtaung,Yangon City,MMR013D002,16.77269,96.174454,0.0,0.0,12.0,3.138737,0.699999988079071,0.37225258350372314
762,Botahtaung,Yangon City,MMR013D002,16.77269,96.17775,0.0,0.0,9.0,0.9548369,0.7749999761581421,0.8090326189994812
763,Botahtaung,Yangon City,MMR013D002,16.772689819336,96.179122924805,0.0,0.0,8.0,0.9976483,0.800000011920929,0.8004703521728516
764,Botahtaung,Yangon City,MMR013D002,16.772689819336,96.183242797852,0.0,0.0,8.0,2.2111168,0.800000011920929,0.5577766299247742
765,Botahtaung,Yangon City,MMR013D002,16.772826,96.170189,0.0,0.0,11.0,2.9905288,0.7250000238418579,0.401894211769104
766,Botahtaung,Yangon City,MMR013D002,16.773082,96.16539,0.0,0.0,17.0,4.415667,0.574999988079071,0.1168665885925293
767,Botahtaung,Yangon City,MMR013D002,16.773148,96.164703,0.0,0.0,21.0,5.7105665,0.4750000238418579,0.0
768,Botahtaung,Yangon City,MMR013D002,16.773324,96.166129,0.0,0.0,13.0,6.2581224,0.675000011920929,0.0
769,Botahtaung,Yangon City,MMR013D002,16.773376,96.164703,0.0,0.0,18.0,2.862392,0.550000011920929,0.42752158641815186
770,Botahtaung,Yangon City,MMR013D002,16.773376,96.17157,0.0,0.0,16.0,1.3808141,0.6000000238418579,0.7238371968269348
771,Botahtaung,Yangon City,MMR013D002,16.773376,96.17775,0.0,0.0,13.0,0.9548369,0.675000011920929,0.8090326189994812
772,Botahtaung,Yangon City,MMR013D002,16.773514,96.168137,0.0,0.0,14.0,0.9548369,0.6499999761581421,0.8090326189994812
773,Botahtaung,Yangon City,MMR013D002,16.773605,96.180038,0.0,0.0,8.0,2.2111168,0.800000011920929,0.5577766299247742
774,Botahtaung,Yangon City,MMR013D002,16.773788,96.16539,0.0,0.0,18.0,2.9905288,0.550000011920929,0.401894211769104
775,Botahtaung,Yangon City,MMR013D002,16.773788,96.165939,0.0,0.0,15.0,2.9905288,0.625,0.401894211769104
776,Botahtaung,Yangon City,MMR013D002,16.773788,96.167587,0.0,0.0,14.0,1.3808141,0.6499999761581421,0.7238371968269348
777,Botahtaung,Yangon City,MMR013D002,16.773834,96.165848,0.0,0.0,16.0,2.9905288,0.6000000238418579,0.401894211769104
778,Botahtaung,Yangon City,MMR013D002,16.774063110352,96.165390014648,0.0,0.0,18.0,2.760026,0.550000011920929,0.44799482822418213
779,Botahtaung,Yangon City,MMR013D002,16.774063110352,96.166763305664,0.0,0.0,11.0,1.3808141,0.7250000238418579,0.7238371968269348
780,Botahtaung,Yangon City,MMR013D002,16.774063110352,96.16813659668,0.0,0.0,16.0,2.153755,0.6000000238418579,0.5692490339279175
781,Botahtaung,Yangon City,MMR013D002,16.774063110352,96.169509887695,0.0,0.0,14.0,2.760026,0.6499999761581421,0.44799482822418213
782,Botahtaung,Yangon City,MMR013D002,16.774063,96.180954,0.0,0.0,14.0,6.2587476,0.6499999761581421,0.0
783,Botahtaung,Yangon City,MMR013D002,16.774521,96.164932,0.0,0.0,16.0,4.8412433,0.6000000238418579,0.03175133466720581
784,Botahtaung,Yangon City,MMR013D002,16.774612,96.16951,0.0,0.0,14.0,2.153755,0.6499999761581421,0.5692490339279175
785,Botahtaung,Yangon City,MMR013D002,16.77475,96.166077,0.0,0.0,13.0,6.0397077,0.675000011920929,0.0
786,Botahtaung,Yangon City,MMR013D002,16.775093,96.16951,0.0,0.0,13.0,1.3808141,0.675000011920929,0.7238371968269348
787,Botahtaung,Yangon City,MMR013D002,16.775284,96.167526,0.0,0.0,15.0,3.5461073,0.625,0.2907785177230835
788,Botahtaung,Yangon City,MMR013D002,16.775436401367,96.165390014648,0.0,0.0,19.0,1.3808141,0.5249999761581421,0.7238371968269348
789,Botahtaung,Yangon City,MMR013D002,16.775436401367,96.166763305664,0.0,0.0,16.0,4.1360445,0.6000000238418579,0.17279112339019775
790,Botahtaung,Yangon City,MMR013D002,16.775436401367,96.16813659668,0.0,0.0,12.0,2.2111168,0.699999988079071,0.5577766299247742
791,Botahtaung,Yangon City,MMR013D002,16.775436401367,96.169509887695,0.0,0.0,14.0,2.2111168,0.6499999761581421,0.5577766299247742
792,Botahtaung,Yangon City,MMR013D002,16.775711,96.166489,0.0,0.0,13.0,0.9548369,0.675000011920929,0.8090326189994812
793,Botahtaung,Yangon City,MMR013D002,16.77578,96.166763,0.0,0.0,13.0,2.2111168,0.675000011920929,0.5577766299247742
794,Botahtaung,Yangon City,MMR013D002,16.775894,96.16539,0.0,0.0,18.0,2.862392,0.550000011920929,0.42752158641815186
795,Botahtaung,Yangon City,MMR013D002,16.775986,96.167038,0.0,0.0,15.0,4.096654,0.625,0.18066918849945068
796,Botahtaung,Yangon City,MMR013D002,16.776123,96.165733,0.0,0.0,16.0,1.3808141,0.6000000238418579,0.7238371968269348
797,Botahtaung,Yangon City,MMR013D002,16.77624,96.169483,0.0,0.0,13.0,4.096654,0.675000011920929,0.18066918849945068
798,Botahtaung,Yangon City,MMR013D002,16.776352,96.165619,0.0,0.0,15.0,3.138737,0.625,0.37225258350372314
799,Botahtaung,Yangon City,MMR013D002,16.776465,96.16626,0.0,0.0,16.0,3.0307229,0.6000000238418579,0.3938554525375366
800,Botahtaung,Yangon City,MMR013D002,16.776809692383,96.165390014648,0.0,0.0,15.0,6.6072006,0.625,0.0
801,Botahtaung,Yangon City,MMR013D002,16.77681,96.165848,0.0,0.0,18.0,6.1986523,0.550000011920929,0.0
802,Botahtaung,Yangon City,MMR013D002,16.776809692383,96.166763305664,0.0,0.0,15.0,3.5461073,0.625,0.2907785177230835
803,Botahtaung,Yangon City,MMR013D002,16.776809692383,96.16813659668,0.0,0.0,15.0,1.3808141,0.625,0.7238371968269348
804,Botahtaung,Yangon City,MMR013D002,16.776809692383,96.169509887695,0.0,0.0,13.0,7.612252,0.675000011920929,0.0
805,Botahtaung,Yangon City,MMR013D002,16.776981,96.167107,0.0,0.0,13.0,0.9548369,0.675000011920929,0.8090326189994812
806,Botahtaung,Yangon City,MMR013D002,16.777078,96.16819,0.0,0.0,15.0,2.2111168,0.625,0.5577766299247742
807,Botahtaung,Yangon City,MMR013D002,16.777153,96.16642,0.0,0.0,17.0,10.054151,0.574999988079071,0.0
808,Botahtaung,Yangon City,MMR013D002,16.777229,96.167961,0.0,0.0,13.0,3.9845605,0.675000011920929,0.2030879259109497
809,Botahtaung,Yangon City,MMR013D002,16.777267,96.165848,0.0,0.0,22.0,2.760026,0.44999998807907104,0.44799482822418213
810,Botahtaung,Yangon City,MMR013D002,16.777496,96.169235,0.0,0.0,15.0,4.1360445,0.625,0.17279112339019775
811,Botahtaung,Yangon City,MMR013D002,16.777496,96.16951,0.0,0.0,14.0,4.7636194,0.6499999761581421,0.04727613925933838
812,Botahtaung,Yangon City,MMR013D002,16.777621,96.167887,0.0,0.0,13.0,3.5461073,0.675000011920929,0.2907785177230835
813,Botahtaung,Yangon City,MMR013D002,16.778085,96.167548,0.0,0.0,14.0,4.9007516,0.6499999761581421,0.019849658012390137
814,Botahtaung,Yangon City,MMR013D002,16.778182983398,96.165390014648,0.0,0.0,13.0,5.7105665,0.675000011920929,0.0
815,Botahtaung,Yangon City,MMR013D002,16.778183,96.166191,0.0,0.0,17.0,3.8140574,0.574999988079071,0.23718851804733276
816,Botahtaung,Yangon City,MMR013D002,16.778183,96.166534,0.0,0.0,16.0,2.760026,0.6000000238418579,0.44799482822418213
817,Botahtaung,Yangon City,MMR013D002,16.778182983398,96.166763305664,0.0,0.0,15.0,3.5461073,0.625,0.2907785177230835
818,Botahtaung,Yangon City,MMR013D002,16.778182983398,96.169509887695,0.0,0.0,17.0,0.9976483,0.574999988079071,0.8004703521728516
819,Botahtaung,Yangon City,MMR013D002,16.778606,96.169792,0.0,0.0,12.0,5.733568,0.699999988079071,0.0
820,Botahtaung,Yangon City,MMR013D002,16.778641,96.166763,0.0,0.0,12.0,2.2111168,0.699999988079071,0.5577766299247742
821,Botahtaung,Yangon City,MMR013D002,16.778641,96.168137,0.0,0.0,12.0,2.153755,0.699999988079071,0.5692490339279175
822,Botahtaung,Yangon City,MMR013D002,16.779556,96.16539,0.0,0.0,17.0,6.949956,0.574999988079071,0.0
823,Botahtaung,Yangon City,MMR013D002,16.779556274414,96.166763305664,0.0,0.0,15.0,7.013975,0.625,0.0
824,Botahtaung,Yangon City,MMR013D002,16.780014,96.166763,0.0,0.0,16.0,7.2024827,0.6000000238418579,0.0
825,Botahtaung,Yangon City,MMR013D002,16.780128,96.167336,0.0,0.0,20.0,6.437088,0.5,0.0
826,Botahtaung,Yangon City,MMR013D002,16.780472,96.166763,0.0,0.0,15.0,5.7105665,0.625,0.0
827,Dagon,Yangon City,MMR013D004,16.781616,96.147537,0.0,0.0,25.0,2.760026,0.375,0.44799482822418213
828,Dagon,Yangon City,MMR013D004,16.781616,96.15303,0.0,0.0,23.0,3.4869568,0.42500001192092896,0.3026086091995239
829,Dagon,Yangon City,MMR013D004,16.781616,96.155777,0.0,0.0,16.0,5.733568,0.6000000238418579,0.0
830,Dagon,Yangon City,MMR013D004,16.781616,96.156807,0.0,0.0,21.0,3.0307229,0.4750000238418579,0.3938554525375366
831,Dagon,Yangon City,MMR013D004,16.781691,96.156027,0.0,0.0,20.0,5.3264294,0.5,0.0
832,Dagon,Yangon City,MMR013D004,16.781754,96.155777,0.0,0.0,18.0,3.5461073,0.550000011920929,0.2907785177230835
833,Dagon,Yangon City,MMR013D004,16.781911,96.156562,0.0,0.0,21.0,1.3808141,0.4750000238418579,0.7238371968269348
834,Dagon,Yangon City,MMR013D004,16.782166,96.152618,0.0,0.0,25.0,2.2111168,0.375,0.5577766299247742
835,Dagon,Yangon City,MMR013D004,16.782302856445,96.14616394043,0.0,0.0,21.0,4.096654,0.4750000238418579,0.18066918849945068
836,Dagon,Yangon City,MMR013D004,16.782302856445,96.147537231445,0.0,0.0,23.0,3.138737,0.42500001192092896,0.37225258350372314
837,Dagon,Yangon City,MMR013D004,16.782303,96.149597,0.0,0.0,20.0,2.760026,0.5,0.44799482822418213
838,Dagon,Yangon City,MMR013D004,16.782303,96.149941,0.0,0.0,20.0,0.9976483,0.5,0.8004703521728516
839,Dagon,Yangon City,MMR013D004,16.782302856445,96.153030395508,0.0,0.0,22.0,2.153755,0.44999998807907104,0.5692490339279175
840,Dagon,Yangon City,MMR013D004,16.782302856445,96.155776977539,0.0,0.0,18.0,0.9976483,0.550000011920929,0.8004703521728516
841,Dagon,Yangon City,MMR013D004,16.782302856445,96.157150268555,0.0,0.0,20.0,3.9845605,0.5,0.2030879259109497
842,Dagon,Yangon City,MMR013D004,16.782302856445,96.15852355957,0.0,0.0,25.0,4.3014402,0.375,0.13971197605133057
843,Dagon,Yangon City,MMR013D004,16.782351,96.153412,0.0,0.0,24.0,4.096654,0.3999999761581421,0.18066918849945068
844,Dagon,Yangon City,MMR013D004,16.782428,96.154404,0.0,0.0,27.0,1.3808141,0.32499998807907104,0.7238371968269348
845,Dagon,Yangon City,MMR013D004,16.782761,96.156235,0.0,0.0,22.0,1.9946922,0.44999998807907104,0.6010615825653076
846,Dagon,Yangon City,MMR013D004,16.78299,96.146164,0.0,0.0,20.0,2.2111168,0.5,0.5577766299247742
847,Dagon,Yangon City,MMR013D004,16.78299,96.157837,0.0,0.0,27.0,5.507302,0.32499998807907104,0.0
848,Dagon,Yangon City,MMR013D004,16.78299,96.158524,0.0,0.0,26.0,4.415667,0.3500000238418579,0.1168665885925293
849,Dagon,Yangon City,MMR013D004,16.783218,96.145706,0.0,0.0,21.0,2.153755,0.4750000238418579,0.5692490339279175
850,Dagon,Yangon City,MMR013D004,16.783218,96.151657,0.0,0.0,21.0,3.138737,0.4750000238418579,0.37225258350372314
851,Dagon,Yangon City,MMR013D004,16.783218,96.155777,0.0,0.0,20.0,3.8140574,0.5,0.23718851804733276
852,Dagon,Yangon City,MMR013D004,16.783426,96.151657,0.0,0.0,21.0,1.3808141,0.4750000238418579,0.7238371968269348
853,Dagon,Yangon City,MMR013D004,16.783447,96.155319,0.0,0.0,22.0,2.760026,0.44999998807907104,0.44799482822418213
854,Dagon,Yangon City,MMR013D004,16.78348,96.155385,0.0,0.0,22.0,2.760026,0.44999998807907104,0.44799482822418213
855,Dagon,Yangon City,MMR013D004,16.783676147461,96.144790649414,0.0,0.0,19.0,0.0,0.5249999761581421,1.0
856,Dagon,Yangon City,MMR013D004,16.783676,96.145477,0.0,0.0,21.0,0.0,0.4750000238418579,1.0
857,Dagon,Yangon City,MMR013D004,16.783676147461,96.147537231445,0.0,0.0,23.0,0.9976483,0.42500001192092896,0.8004703521728516
858,Dagon,Yangon City,MMR013D004,16.783676147461,96.148910522461,0.0,0.0,20.0,6.2587476,0.5,0.0
859,Dagon,Yangon City,MMR013D004,16.783676147461,96.151657104492,0.0,0.0,20.0,1.3808141,0.5,0.7238371968269348
860,Dagon,Yangon City,MMR013D004,16.783676,96.152344,0.0,0.0,18.0,3.4869568,0.550000011920929,0.3026086091995239
861,Dagon,Yangon City,MMR013D004,16.783676147461,96.153030395508,0.0,0.0,19.0,3.4869568,0.5249999761581421,0.3026086091995239
862,Dagon,Yangon City,MMR013D004,16.783676147461,96.154403686523,0.0,0.0,24.0,2.760026,0.3999999761581421,0.44799482822418213
863,Dagon,Yangon City,MMR013D004,16.783676147461,96.155776977539,0.0,0.0,23.0,1.9946922,0.42500001192092896,0.6010615825653076
864,Dagon,Yangon City,MMR013D004,16.783676147461,96.157150268555,0.0,0.0,28.0,6.0397077,0.30000001192092896,0.0
865,Dagon,Yangon City,MMR013D004,16.783848,96.150858,0.0,0.0,22.0,2.9905288,0.44999998807907104,0.401894211769104
866,Dagon,Yangon City,MMR013D004,16.784363,96.143417,0.0,0.0,23.0,0.9548369,0.42500001192092896,0.8090326189994812
867,Dagon,Yangon City,MMR013D004,16.784363,96.151657,0.0,0.0,20.0,3.138737,0.5,0.37225258350372314
868,Dagon,Yangon City,MMR013D004,16.784363,96.15303,0.0,0.0,17.0,2.2111168,0.574999988079071,0.5577766299247742
869,Dagon,Yangon City,MMR013D004,16.784416,96.1431,0.0,0.0,20.0,2.153755,0.5,0.5692490339279175
870,Dagon,Yangon City,MMR013D004,16.784492,96.15729,0.0,0.0,24.0,2.153755,0.3999999761581421,0.5692490339279175
871,Dagon,Yangon City,MMR013D004,16.784592,96.147537,0.0,0.0,23.0,1.3808141,0.42500001192092896,0.7238371968269348
872,Dagon,Yangon City,MMR013D004,16.785049438477,96.140670776367,0.0,0.0,22.0,3.0307229,0.44999998807907104,0.3938554525375366
873,Dagon,Yangon City,MMR013D004,16.785049438477,96.142044067383,0.0,0.0,24.0,3.0307229,0.3999999761581421,0.3938554525375366
874,Dagon,Yangon City,MMR013D004,16.785049438477,96.143417358398,0.0,0.0,23.0,0.9548369,0.42500001192092896,0.8090326189994812
875,Dagon,Yangon City,MMR013D004,16.785049438477,96.14616394043,0.0,0.0,25.0,0.9976483,0.375,0.8004703521728516
876,Dagon,Yangon City,MMR013D004,16.785049438477,96.147537231445,0.0,0.0,23.0,0.0,0.42500001192092896,1.0
877,Dagon,Yangon City,MMR013D004,16.785049,96.151199,0.0,0.0,22.0,4.3014402,0.44999998807907104,0.13971197605133057
878,Dagon,Yangon City,MMR013D004,16.785049438477,96.151657104492,0.0,0.0,22.0,1.3808141,0.44999998807907104,0.7238371968269348
879,Dagon,Yangon City,MMR013D004,16.785049,96.152344,0.0,0.0,24.0,3.0307229,0.3999999761581421,0.3938554525375366
880,Dagon,Yangon City,MMR013D004,16.785049438477,96.153030395508,0.0,0.0,19.0,4.3014402,0.5249999761581421,0.13971197605133057
881,Dagon,Yangon City,MMR013D004,16.785049438477,96.154403686523,0.0,0.0,20.0,0.9548369,0.5,0.8090326189994812
882,Dagon,Yangon City,MMR013D004,16.785049438477,96.157150268555,0.0,0.0,24.0,1.3808141,0.3999999761581421,0.7238371968269348
883,Dagon,Yangon City,MMR013D004,16.785324,96.140671,0.0,0.0,24.0,7.065254,0.3999999761581421,0.0
884,Dagon,Yangon City,MMR013D004,16.785507,96.142044,0.0,0.0,26.0,2.760026,0.3500000238418579,0.44799482822418213
885,Dagon,Yangon City,MMR013D004,16.785507,96.150742,0.0,0.0,22.0,4.415667,0.44999998807907104,0.1168665885925293
886,Dagon,Yangon City,MMR013D004,16.785507,96.152573,0.0,0.0,23.0,3.138737,0.42500001192092896,0.37225258350372314
887,Dagon,Yangon City,MMR013D004,16.786194,96.143417,0.0,0.0,24.0,3.138737,0.3999999761581421,0.37225258350372314
888,Dagon,Yangon City,MMR013D004,16.786422729492,96.135177612305,0.0,0.0,21.0,2.2111168,0.4750000238418579,0.5577766299247742
889,Dagon,Yangon City,MMR013D004,16.786422729492,96.137924194336,0.0,0.0,26.0,0.9548369,0.3500000238418579,0.8090326189994812
890,Dagon,Yangon City,MMR013D004,16.786422729492,96.142044067383,0.0,0.0,28.0,2.153755,0.30000001192092896,0.5692490339279175
891,Dagon,Yangon City,MMR013D004,16.786422729492,96.14616394043,0.0,0.0,19.0,3.9416327,0.5249999761581421,0.21167343854904175
892,Dagon,Yangon City,MMR013D004,16.786422729492,96.147537231445,0.0,0.0,25.0,2.862392,0.375,0.42752158641815186
893,Dagon,Yangon City,MMR013D004,16.786423,96.14793,0.0,0.0,25.0,1.3808141,0.375,0.7238371968269348
894,Dagon,Yangon City,MMR013D004,16.786422864746,96.1489107612305,0.0,0.0,24.0,6.0445805,0.3999999761581421,0.0
895,Dagon,Yangon City,MMR013D004,16.786422729492,96.150283813477,0.0,0.0,23.0,6.0445805,0.42500001192092896,0.0
896,Dagon,Yangon City,MMR013D004,16.786422729492,96.153030395508,0.0,0.0,29.0,2.760026,0.2749999761581421,0.44799482822418213
897,Dagon,Yangon City,MMR013D004,16.786422729492,96.154403686523,0.0,0.0,27.0,1.9091437,0.32499998807907104,0.6181712746620178
898,Dagon,Yangon City,MMR013D004,16.78688,96.1409,0.0,0.0,27.0,2.9905288,0.32499998807907104,0.401894211769104
899,Dagon,Yangon City,MMR013D004,16.78688,96.142044,0.0,0.0,27.0,0.0,0.32499998807907104,1.0
900,Dagon,Yangon City,MMR013D004,16.78688,96.148911,0.0,0.0,29.0,2.153755,0.2749999761581421,0.5692490339279175
901,Dagon,Yangon City,MMR013D004,16.787109,96.137238,0.0,0.0,17.0,1.9091437,0.574999988079071,0.6181712746620178
902,Dagon,Yangon City,MMR013D004,16.787109,96.141357,0.0,0.0,25.0,2.2111168,0.375,0.5577766299247742
903,Dagon,Yangon City,MMR013D004,16.787109,96.146851,0.0,0.0,28.0,2.760026,0.30000001192092896,0.44799482822418213
904,Dagon,Yangon City,MMR013D004,16.787109,96.155777,0.0,0.0,35.0,4.1360445,0.125,0.17279112339019775
905,Dagon,Yangon City,MMR013D004,16.787109,96.157379,0.0,0.0,22.0,5.0660734,0.44999998807907104,0.0
906,Dagon,Yangon City,MMR013D004,16.78726,96.148224,0.0,0.0,29.0,5.7959256,0.2749999761581421,0.0
907,Dagon,Yangon City,MMR013D004,16.787338,96.149826,0.0,0.0,26.0,4.1360445,0.3500000238418579,0.17279112339019775
908,Dagon,Yangon City,MMR013D004,16.787338,96.15715,0.0,0.0,25.0,6.6072006,0.375,0.0
909,Dagon,Yangon City,MMR013D004,16.787453,96.142044,0.0,0.0,28.0,1.9091437,0.30000001192092896,0.6181712746620178
910,Dagon,Yangon City,MMR013D004,16.787796,96.134262,0.0,0.0,21.0,3.4869568,0.4750000238418579,0.3026086091995239
911,Dagon,Yangon City,MMR013D004,16.787796020508,96.135177612305,0.0,0.0,25.0,1.3808141,0.375,0.7238371968269348
912,Dagon,Yangon City,MMR013D004,16.787796020508,96.13655090332,0.0,0.0,29.0,3.9416327,0.2749999761581421,0.21167343854904175
913,Dagon,Yangon City,MMR013D004,16.787796020508,96.137924194336,0.0,0.0,25.0,3.138737,0.375,0.37225258350372314
914,Dagon,Yangon City,MMR013D004,16.787796,96.138611,0.0,0.0,25.0,0.9976483,0.375,0.8004703521728516
915,Dagon,Yangon City,MMR013D004,16.787796,96.139069,0.0,0.0,27.0,3.5461073,0.32499998807907104,0.2907785177230835
916,Dagon,Yangon City,MMR013D004,16.787796020508,96.139297485352,0.0,0.0,28.0,0.9976483,0.30000001192092896,0.8004703521728516
917,Dagon,Yangon City,MMR013D004,16.787796,96.140121,0.0,0.0,31.0,3.9416327,0.2250000238418579,0.21167343854904175
918,Dagon,Yangon City,MMR013D004,16.787796020508,96.142044067383,0.0,0.0,29.0,3.0307229,0.2749999761581421,0.3938554525375366
919,Dagon,Yangon City,MMR013D004,16.787796020508,96.14616394043,0.0,0.0,21.0,4.1360445,0.4750000238418579,0.17279112339019775
920,Dagon,Yangon City,MMR013D004,16.787796020508,96.147537231445,0.0,0.0,28.0,7.612252,0.30000001192092896,0.0
921,Dagon,Yangon City,MMR013D004,16.787796020508,96.148910522461,0.0,0.0,28.0,3.138737,0.30000001192092896,0.37225258350372314
922,Dagon,Yangon City,MMR013D004,16.787796020508,96.150283813477,0.0,0.0,31.0,3.8140574,0.2250000238418579,0.23718851804733276
923,Dagon,Yangon City,MMR013D004,16.787796020508,96.153030395508,0.0,0.0,31.0,4.8660283,0.2250000238418579,0.02679431438446045
924,Dagon,Yangon City,MMR013D004,16.787796020508,96.157150268555,0.0,0.0,25.0,9.922678,0.375,0.0
925,Dagon,Yangon City,MMR013D004,16.788101,96.146927,0.0,0.0,25.0,4.415667,0.375,0.1168665885925293
926,Dagon,Yangon City,MMR013D004,16.788139,96.147194,0.0,0.0,28.0,7.065254,0.30000001192092896,0.0
927,Dagon,Yangon City,MMR013D004,16.788254,96.140671,0.0,0.0,26.0,2.153755,0.3500000238418579,0.5692490339279175
928,Dagon,Yangon City,MMR013D004,16.788483,96.15715,0.0,0.0,26.0,6.6072006,0.3500000238418579,0.0
929,Dagon,Yangon City,MMR013D004,16.788712,96.143875,0.0,0.0,27.0,2.862392,0.32499998807907104,0.42752158641815186
930,Dagon,Yangon City,MMR013D004,16.788712,96.145706,0.0,0.0,28.0,2.9905288,0.30000001192092896,0.401894211769104
931,Dagon,Yangon City,MMR013D004,16.788779,96.151303,0.0,0.0,27.0,2.2111168,0.32499998807907104,0.5577766299247742
932,Dagon,Yangon City,MMR013D004,16.78893,96.14091,0.0,0.0,25.0,4.9761953,0.375,0.004760921001434326
933,Dagon,Yangon City,MMR013D004,16.789169311523,96.133804321289,0.0,0.0,29.0,1.3808141,0.2749999761581421,0.7238371968269348
934,Dagon,Yangon City,MMR013D004,16.789169311523,96.135177612305,0.0,0.0,26.0,1.9091437,0.3500000238418579,0.6181712746620178
935,Dagon,Yangon City,MMR013D004,16.789169311523,96.13655090332,0.0,0.0,25.0,3.9416327,0.375,0.21167343854904175
936,Dagon,Yangon City,MMR013D004,16.789169311523,96.139297485352,0.0,0.0,26.0,0.9548369,0.3500000238418579,0.8090326189994812
937,Dagon,Yangon City,MMR013D004,16.789169,96.139984,0.0,0.0,25.0,2.153755,0.375,0.5692490339279175
938,Dagon,Yangon City,MMR013D004,16.789169311523,96.142044067383,0.0,0.0,31.0,7.013975,0.2250000238418579,0.0
939,Dagon,Yangon City,MMR013D004,16.789169311523,96.148910522461,0.0,0.0,30.0,2.153755,0.25,0.5692490339279175
940,Dagon,Yangon City,MMR013D004,16.789169311523,96.150283813477,0.0,0.0,30.0,1.9946922,0.25,0.6010615825653076
941,Dagon,Yangon City,MMR013D004,16.789169311523,96.153030395508,0.0,0.0,38.0,2.9905288,0.050000011920928955,0.401894211769104
942,Dagon,Yangon City,MMR013D004,16.789169311523,96.157150268555,0.0,0.0,23.0,2.9905288,0.42500001192092896,0.401894211769104
943,Dagon,Yangon City,MMR013D004,16.789835,96.141467,0.0,0.0,26.0,2.760026,0.3500000238418579,0.44799482822418213
944,Dagon,Yangon City,MMR013D004,16.789954,96.14636,0.0,0.0,28.0,4.7636194,0.30000001192092896,0.04727613925933838
945,Dagon,Yangon City,MMR013D004,16.790085,96.145706,0.0,0.0,30.0,3.0307229,0.25,0.3938554525375366
946,Dagon,Yangon City,MMR013D004,16.790199,96.146507,0.0,0.0,31.0,3.9416327,0.2250000238418579,0.21167343854904175
947,Dagon,Yangon City,MMR013D004,16.790251,96.141396,0.0,0.0,27.0,2.2111168,0.32499998807907104,0.5577766299247742
948,Dagon,Yangon City,MMR013D004,16.790337,96.142044,0.0,0.0,30.0,1.3808141,0.25,0.7238371968269348
949,Dagon,Yangon City,MMR013D004,16.790542602539,96.133804321289,0.0,0.0,26.0,2.153755,0.3500000238418579,0.5692490339279175
950,Dagon,Yangon City,MMR013D004,16.7905428012695,96.1351778061525,0.0,0.0,27.0,2.760026,0.32499998807907104,0.44799482822418213
951,Dagon,Yangon City,MMR013D004,16.790542602539,96.139297485352,0.0,0.0,21.0,0.9548369,0.4750000238418579,0.8090326189994812
952,Dagon,Yangon City,MMR013D004,16.790542602539,96.140670776367,0.0,0.0,26.0,2.2111168,0.3500000238418579,0.5577766299247742
953,Dagon,Yangon City,MMR013D004,16.790542602539,96.142044067383,0.0,0.0,30.0,1.3808141,0.25,0.7238371968269348
954,Dagon,Yangon City,MMR013D004,16.790543,96.142319,0.0,0.0,29.0,1.9091437,0.2749999761581421,0.6181712746620178
955,Dagon,Yangon City,MMR013D004,16.790542602539,96.143417358398,0.0,0.0,27.0,1.9946922,0.32499998807907104,0.6010615825653076
956,Dagon,Yangon City,MMR013D004,16.790543,96.145477,0.0,0.0,32.0,0.9548369,0.19999998807907104,0.8090326189994812
957,Dagon,Yangon City,MMR013D004,16.790543,96.147537,0.0,0.0,33.0,2.760026,0.17500001192092896,0.44799482822418213
958,Dagon,Yangon City,MMR013D004,16.790543,96.148453,0.0,0.0,34.0,0.9976483,0.1499999761581421,0.8004703521728516
959,Dagon,Yangon City,MMR013D004,16.790542602539,96.148910522461,0.0,0.0,34.0,3.5461073,0.1499999761581421,0.2907785177230835
960,Dagon,Yangon City,MMR013D004,16.790543,96.149597,0.0,0.0,32.0,3.8140574,0.19999998807907104,0.23718851804733276
961,Dagon,Yangon City,MMR013D004,16.790542602539,96.150283813477,0.0,0.0,32.0,6.654394,0.19999998807907104,0.0
962,Dagon,Yangon City,MMR013D004,16.790542602539,96.151657104492,0.0,0.0,32.0,5.1608467,0.19999998807907104,0.0
963,Dagon,Yangon City,MMR013D004,16.790542602539,96.154403686523,0.0,0.0,48.0,5.0660734,0.0,0.0
964,Dagon,Yangon City,MMR013D004,16.790543,96.156464,0.0,0.0,38.0,7.909878,0.050000011920928955,0.0
965,Dagon,Yangon City,MMR013D004,16.790848,96.142807,0.0,0.0,31.0,2.153755,0.2250000238418579,0.5692490339279175
966,Dagon,Yangon City,MMR013D004,16.791,96.135635,0.0,0.0,27.0,1.3808141,0.32499998807907104,0.7238371968269348
967,Dagon,Yangon City,MMR013D004,16.791,96.144791,0.0,0.0,29.0,4.9007516,0.2749999761581421,0.019849658012390137
968,Dagon,Yangon City,MMR013D004,16.791,96.148453,0.0,0.0,34.0,4.8412433,0.1499999761581421,0.03175133466720581
969,Dagon,Yangon City,MMR013D004,16.791,96.148911,0.0,0.0,35.0,4.7636194,0.125,0.04727613925933838
970,Dagon,Yangon City,MMR013D004,16.791,96.151657,0.0,0.0,38.0,4.3014402,0.050000011920928955,0.13971197605133057
971,Dagon,Yangon City,MMR013D004,16.791092,96.150558,0.0,0.0,32.0,5.7105665,0.19999998807907104,0.0
972,Dagon,Yangon City,MMR013D004,16.79117,96.13475,0.0,0.0,28.0,1.3808141,0.30000001192092896,0.7238371968269348
973,Dagon,Yangon City,MMR013D004,16.791229,96.134491,0.0,0.0,29.0,0.9976483,0.2749999761581421,0.8004703521728516
974,Dagon,Yangon City,MMR013D004,16.791229,96.141701,0.0,0.0,29.0,3.9845605,0.2749999761581421,0.2030879259109497
975,Dagon,Yangon City,MMR013D004,16.791229,96.142731,0.0,0.0,32.0,3.138737,0.19999998807907104,0.37225258350372314
976,Dagon,Yangon City,MMR013D004,16.791229,96.145477,0.0,0.0,32.0,3.5461073,0.19999998807907104,0.2907785177230835
977,Dagon,Yangon City,MMR013D004,16.791458,96.142044,0.0,0.0,31.0,2.9905288,0.2250000238418579,0.401894211769104
978,Dagon,Yangon City,MMR013D004,16.79172,96.145772,0.0,0.0,31.0,4.096654,0.2250000238418579,0.18066918849945068
979,Dagon,Yangon City,MMR013D004,16.791824,96.144424,0.0,0.0,33.0,3.138737,0.17500001192092896,0.37225258350372314
980,Dagon,Yangon City,MMR013D004,16.791874,96.152198,0.0,0.0,38.0,1.9091437,0.050000011920928955,0.6181712746620178
981,Dagon,Yangon City,MMR013D004,16.791915893555,96.135177612305,0.0,0.0,30.0,2.2111168,0.25,0.5577766299247742
982,Dagon,Yangon City,MMR013D004,16.791915893555,96.13655090332,0.0,0.0,27.0,1.9091437,0.32499998807907104,0.6181712746620178
983,Dagon,Yangon City,MMR013D004,16.791916,96.137924,0.0,0.0,26.0,3.138737,0.3500000238418579,0.37225258350372314
984,Dagon,Yangon City,MMR013D004,16.791915893555,96.139297485352,0.0,0.0,26.0,3.138737,0.3500000238418579,0.37225258350372314
985,Dagon,Yangon City,MMR013D004,16.791915893555,96.140670776367,0.0,0.0,28.0,2.760026,0.30000001192092896,0.44799482822418213
986,Dagon,Yangon City,MMR013D004,16.791915893555,96.142044067383,0.0,0.0,31.0,3.138737,0.2250000238418579,0.37225258350372314
987,Dagon,Yangon City,MMR013D004,16.791916,96.144666,0.0,0.0,34.0,1.3808141,0.1499999761581421,0.7238371968269348
988,Dagon,Yangon City,MMR013D004,16.791915893555,96.144790649414,0.0,0.0,34.0,1.3808141,0.1499999761581421,0.7238371968269348
989,Dagon,Yangon City,MMR013D004,16.791915893555,96.14616394043,0.0,0.0,29.0,5.3264294,0.2749999761581421,0.0
990,Dagon,Yangon City,MMR013D004,16.791916,96.149597,0.0,0.0,30.0,7.9309487,0.25,0.0
991,Dagon,Yangon City,MMR013D004,16.791916,96.149826,0.0,0.0,28.0,1.3808141,0.30000001192092896,0.7238371968269348
992,Dagon,Yangon City,MMR013D004,16.791915893555,96.151657104492,0.0,0.0,39.0,1.9946922,0.02499997615814209,0.6010615825653076
993,Dagon,Yangon City,MMR013D004,16.792022,96.137329,0.0,0.0,25.0,3.5461073,0.375,0.2907785177230835
994,Dagon,Yangon City,MMR013D004,16.792145,96.148453,0.0,0.0,38.0,4.096654,0.050000011920928955,0.18066918849945068
995,Dagon,Yangon City,MMR013D004,16.792374,96.1409,0.0,0.0,27.0,8.151844,0.32499998807907104,0.0
996,Dagon,Yangon City,MMR013D004,16.792574,96.141083,0.0,0.0,29.0,6.2581224,0.2749999761581421,0.0
997,Dagon,Yangon City,MMR013D004,16.792603,96.139984,0.0,0.0,28.0,3.138737,0.30000001192092896,0.37225258350372314
998,Dagon,Yangon City,MMR013D004,16.792603,96.140671,0.0,0.0,27.0,4.8412433,0.32499998807907104,0.03175133466720581
999,Dagon,Yangon City,MMR013D004,16.792603,96.141357,0.0,0.0,32.0,3.5461073,0.19999998807907104,0.2907785177230835
1000,Dagon,Yangon City,MMR013D004,16.792603,96.150284,0.0,0.0,30.0,2.153755,0.25,0.5692490339279175
1001,Dagon,Yangon City,MMR013D004,16.792645,96.1408,0.0,0.0,27.0,4.8412433,0.32499998807907104,0.03175133466720581
1002,Dagon,Yangon City,MMR013D004,16.792675,96.140556,0.0,0.0,26.0,2.153755,0.3500000238418579,0.5692490339279175
1003,Dagon,Yangon City,MMR013D004,16.792689,96.148283,0.0,0.0,37.0,1.3808141,0.07499998807907104,0.7238371968269348
1004,Dagon,Yangon City,MMR013D004,16.792783,96.14255,0.0,0.0,29.0,4.9007516,0.2749999761581421,0.019849658012390137
1005,Dagon,Yangon City,MMR013D004,16.792831,96.145706,0.0,0.0,33.0,3.138737,0.17500001192092896,0.37225258350372314
1006,Dagon,Yangon City,MMR013D004,16.793289,96.133804,0.0,0.0,29.0,4.096654,0.2749999761581421,0.18066918849945068
1007,Dagon,Yangon City,MMR013D004,16.79328918457,96.137924194336,0.0,0.0,30.0,5.7105665,0.25,0.0
1008,Dagon,Yangon City,MMR013D004,16.79328918457,96.139297485352,0.0,0.0,33.0,5.733568,0.17500001192092896,0.0
1009,Dagon,Yangon City,MMR013D004,16.79328918457,96.140670776367,0.0,0.0,30.0,2.760026,0.25,0.44799482822418213
1010,Dagon,Yangon City,MMR013D004,16.79328918457,96.142044067383,0.0,0.0,23.0,3.9416327,0.42500001192092896,0.21167343854904175
1011,Dagon,Yangon City,MMR013D004,16.79328918457,96.143417358398,0.0,0.0,28.0,0.9976483,0.30000001192092896,0.8004703521728516
1012,Dagon,Yangon City,MMR013D004,16.79328918457,96.144790649414,0.0,0.0,33.0,0.9976483,0.17500001192092896,0.8004703521728516
1013,Dagon,Yangon City,MMR013D004,16.793289,96.145248,0.0,0.0,32.0,3.9416327,0.19999998807907104,0.21167343854904175
1014,Dagon,Yangon City,MMR013D004,16.79328918457,96.147537231445,0.0,0.0,32.0,7.2024827,0.19999998807907104,0.0
1015,Dagon,Yangon City,MMR013D004,16.793289,96.148224,0.0,0.0,37.0,6.8722596,0.07499998807907104,0.0
1016,Dagon,Yangon City,MMR013D004,16.79328918457,96.148910522461,0.0,0.0,31.0,2.760026,0.2250000238418579,0.44799482822418213
1017,Dagon,Yangon City,MMR013D004,16.79328918457,96.150283813477,0.0,0.0,34.0,0.9976483,0.1499999761581421,0.8004703521728516
1018,Dagon,Yangon City,MMR013D004,16.79328918457,96.151657104492,0.0,0.0,41.0,4.8660283,0.0,0.02679431438446045
1019,Dagon,Yangon City,MMR013D004,16.793442,96.150215,0.0,0.0,34.0,0.0,0.1499999761581421,1.0
1020,Dagon,Yangon City,MMR013D004,16.793518,96.137924,0.0,0.0,30.0,5.7105665,0.25,0.0
1021,Dagon,Yangon City,MMR013D004,16.793564,96.147537,0.0,0.0,33.0,3.138737,0.17500001192092896,0.37225258350372314
1022,Dagon,Yangon City,MMR013D004,16.793633,96.141701,0.0,0.0,27.0,3.4869568,0.32499998807907104,0.3026086091995239
1023,Dagon,Yangon City,MMR013D004,16.793976,96.138611,0.0,0.0,24.0,6.437088,0.3999999761581421,0.0
1024,Dagon,Yangon City,MMR013D004,16.793976,96.143074,0.0,0.0,29.0,2.760026,0.2749999761581421,0.44799482822418213
1025,Dagon,Yangon City,MMR013D004,16.794587,96.149777,0.0,0.0,38.0,1.3808141,0.050000011920928955,0.7238371968269348
1026,Dagon,Yangon City,MMR013D004,16.794662475586,96.132431030273,0.0,0.0,22.0,3.4869568,0.44999998807907104,0.3026086091995239
1027,Dagon,Yangon City,MMR013D004,16.794662,96.138535,0.0,0.0,24.0,2.9905288,0.3999999761581421,0.401894211769104
1028,Dagon,Yangon City,MMR013D004,16.794662475586,96.139297485352,0.0,0.0,28.0,2.153755,0.30000001192092896,0.5692490339279175
1029,Dagon,Yangon City,MMR013D004,16.794662475586,96.140670776367,0.0,0.0,32.0,3.4869568,0.19999998807907104,0.3026086091995239
1030,Dagon,Yangon City,MMR013D004,16.794662475586,96.142044067383,0.0,0.0,34.0,3.5461073,0.1499999761581421,0.2907785177230835
1031,Dagon,Yangon City,MMR013D004,16.794662475586,96.143417358398,0.0,0.0,31.0,3.138737,0.2250000238418579,0.37225258350372314
1032,Dagon,Yangon City,MMR013D004,16.794662475586,96.14616394043,0.0,0.0,35.0,5.964852,0.125,0.0
1033,Dagon,Yangon City,MMR013D004,16.794662,96.147079,0.0,0.0,31.0,5.1608467,0.2250000238418579,0.0
1034,Dagon,Yangon City,MMR013D004,16.794662475586,96.147537231445,0.0,0.0,32.0,6.7274427,0.19999998807907104,0.0
1035,Dagon,Yangon City,MMR013D004,16.794662475586,96.148910522461,0.0,0.0,30.0,4.8412433,0.25,0.03175133466720581
1036,Dagon,Yangon City,MMR013D004,16.794662475586,96.151657104492,0.0,0.0,41.0,5.0660734,0.0,0.0
1037,Dagon,Yangon City,MMR013D004,16.794662475586,96.155776977539,0.0,0.0,23.0,3.4869568,0.42500001192092896,0.3026086091995239
1038,Dagon,Yangon City,MMR013D004,16.794677,96.15028,0.0,0.0,38.0,2.2111168,0.050000011920928955,0.5577766299247742
1039,Dagon,Yangon City,MMR013D004,16.794937,96.155777,0.0,0.0,21.0,2.760026,0.4750000238418579,0.44799482822418213
1040,Dagon,Yangon City,MMR013D004,16.79512,96.150284,0.0,0.0,38.0,2.2111168,0.050000011920928955,0.5577766299247742
1041,Dagon,Yangon City,MMR013D004,16.795212,96.140671,0.0,0.0,28.0,4.7636194,0.30000001192092896,0.04727613925933838
1042,Dagon,Yangon City,MMR013D004,16.795251,96.155188,0.0,0.0,20.0,0.9548369,0.5,0.8090326189994812
1043,Dagon,Yangon City,MMR013D004,16.795349,96.143932,0.0,0.0,33.0,1.9091437,0.17500001192092896,0.6181712746620178
1044,Dagon,Yangon City,MMR013D004,16.795349,96.145477,0.0,0.0,40.0,2.153755,0.0,0.5692490339279175
1045,Dagon,Yangon City,MMR013D004,16.795349,96.148911,0.0,0.0,40.0,11.3515625,0.0,0.0
1046,Dagon,Yangon City,MMR013D004,16.795458,96.144863,0.0,0.0,35.0,6.2581224,0.125,0.0
1047,Dagon,Yangon City,MMR013D004,16.795613,96.14796,0.0,0.0,43.0,8.90101,0.0,0.0
1048,Dagon,Yangon City,MMR013D004,16.795637,96.150387,0.0,0.0,44.0,7.594609,0.0,0.0
1049,Dagon,Yangon City,MMR013D004,16.795692,96.146851,0.0,0.0,32.0,0.9548369,0.19999998807907104,0.8090326189994812
1050,Dagon,Yangon City,MMR013D004,16.795731,96.144485,0.0,0.0,35.0,6.1986523,0.125,0.0
1051,Dagon,Yangon City,MMR013D004,16.795761,96.146164,0.0,0.0,38.0,5.733568,0.050000011920928955,0.0
1052,Dagon,Yangon City,MMR013D004,16.796035766602,96.139297485352,0.0,0.0,22.0,0.9548369,0.44999998807907104,0.8090326189994812
1053,Dagon,Yangon City,MMR013D004,16.796035766602,96.142044067383,0.0,0.0,24.0,1.9946922,0.3999999761581421,0.6010615825653076
1054,Dagon,Yangon City,MMR013D004,16.796035766602,96.14616394043,0.0,0.0,39.0,4.9007516,0.02499997615814209,0.019849658012390137
1055,Dagon,Yangon City,MMR013D004,16.796036,96.146622,0.0,0.0,36.0,3.5461073,0.10000002384185791,0.2907785177230835
1056,Dagon,Yangon City,MMR013D004,16.796036,96.146851,0.0,0.0,34.0,3.4869568,0.1499999761581421,0.3026086091995239
1057,Dagon,Yangon City,MMR013D004,16.796035766602,96.147537231445,0.0,0.0,36.0,6.8722596,0.10000002384185791,0.0
1058,Dagon,Yangon City,MMR013D004,16.796035766602,96.148910522461,0.0,0.0,47.0,2.153755,0.0,0.5692490339279175
1059,Dagon,Yangon City,MMR013D004,16.796036,96.149597,0.0,0.0,45.0,1.9091437,0.0,0.6181712746620178
1060,Dagon,Yangon City,MMR013D004,16.796035766602,96.150283813477,0.0,0.0,48.0,1.3808141,0.0,0.7238371968269348
1061,Dagon,Yangon City,MMR013D004,16.796036,96.15097,0.0,0.0,49.0,5.507302,0.0,0.0
1062,Dagon,Yangon City,MMR013D004,16.796035766602,96.153030395508,0.0,0.0,38.0,10.2404,0.050000011920928955,0.0
1063,Dagon,Yangon City,MMR013D004,16.796036,96.153717,0.0,0.0,30.0,3.9416327,0.25,0.21167343854904175
1064,Dagon,Yangon City,MMR013D004,16.796035766602,96.154403686523,0.0,0.0,29.0,4.1360445,0.2749999761581421,0.17279112339019775
1065,Dagon,Yangon City,MMR013D004,16.796186,96.139654,0.0,0.0,23.0,3.5461073,0.42500001192092896,0.2907785177230835
1066,Dagon,Yangon City,MMR013D004,16.796494,96.146164,0.0,0.0,41.0,5.733568,0.0,0.0
1067,Dagon,Yangon City,MMR013D004,16.796585,96.147125,0.0,0.0,39.0,6.8722596,0.02499997615814209,0.0
1068,Dagon,Yangon City,MMR013D004,16.796722,96.131744,0.0,0.0,17.0,2.760026,0.574999988079071,0.44799482822418213
1069,Dagon,Yangon City,MMR013D004,16.796722,96.143417,0.0,0.0,25.0,3.0307229,0.375,0.3938554525375366
1070,Dagon,Yangon City,MMR013D004,16.796722,96.146164,0.0,0.0,42.0,8.419388,0.0,0.0
1071,Dagon,Yangon City,MMR013D004,16.796722,96.148911,0.0,0.0,53.0,10.649493,0.0,0.0
1072,Dagon,Yangon City,MMR013D004,16.79686,96.14946,0.0,0.0,60.0,7.2845483,0.0,0.0
1073,Dagon,Yangon City,MMR013D004,16.796951,96.141586,0.0,0.0,27.0,1.9091437,0.32499998807907104,0.6181712746620178
1074,Dagon,Yangon City,MMR013D004,16.796951,96.151199,0.0,0.0,52.0,0.9976483,0.0,0.8004703521728516
1075,Dagon,Yangon City,MMR013D004,16.797134,96.147537,0.0,0.0,41.0,1.9946922,0.0,0.6010615825653076
1076,Dagon,Yangon City,MMR013D004,16.797409057617,96.132431030273,0.0,0.0,23.0,6.2581224,0.42500001192092896,0.0
1077,Dagon,Yangon City,MMR013D004,16.797409057617,96.133804321289,0.0,0.0,29.0,2.2111168,0.2749999761581421,0.5577766299247742
1078,Dagon,Yangon City,MMR013D004,16.797409057617,96.13655090332,0.0,0.0,27.0,4.8412433,0.32499998807907104,0.03175133466720581
1079,Dagon,Yangon City,MMR013D004,16.797409057617,96.143417358398,0.0,0.0,30.0,6.0397077,0.25,0.0
1080,Dagon,Yangon City,MMR013D004,16.797409,96.145477,0.0,0.0,37.0,6.9418087,0.07499998807907104,0.0
1081,Dagon,Yangon City,MMR013D004,16.797409057617,96.14616394043,0.0,0.0,35.0,3.0307229,0.125,0.3938554525375366
1082,Dagon,Yangon City,MMR013D004,16.797409057617,96.147537231445,0.0,0.0,42.0,6.2587476,0.0,0.0
1083,Dagon,Yangon City,MMR013D004,16.797409,96.148224,0.0,0.0,58.0,12.943837,0.0,0.0
1084,Dagon,Yangon City,MMR013D004,16.797409057617,96.148910522461,0.0,0.0,67.0,4.3014402,0.0,0.13971197605133057
1085,Dagon,Yangon City,MMR013D004,16.797409057617,96.150283813477,0.0,0.0,65.0,6.9418087,0.0,0.0
1086,Dagon,Yangon City,MMR013D004,16.797409057617,96.151657104492,0.0,0.0,48.0,7.9309487,0.0,0.0
1087,Dagon,Yangon City,MMR013D004,16.797638,96.150284,0.0,0.0,67.0,3.4869568,0.0,0.3026086091995239
1088,Dagon,Yangon City,MMR013D004,16.797684,96.146164,0.0,0.0,36.0,4.096654,0.10000002384185791,0.18066918849945068
1089,Dagon,Yangon City,MMR013D004,16.797907,96.149292,0.0,0.0,68.0,0.9548369,0.0,0.8090326189994812
1090,Dagon,Yangon City,MMR013D004,16.797998,96.150282,0.0,0.0,68.0,4.1360445,0.0,0.17279112339019775
1091,Dagon,Yangon City,MMR013D004,16.798096,96.137924,0.0,0.0,25.0,5.507302,0.375,0.0
1092,Dagon,Yangon City,MMR013D004,16.798096,96.145477,0.0,0.0,43.0,3.5461073,0.0,0.2907785177230835
1093,Dagon,Yangon City,MMR013D004,16.798096,96.149598,0.0,0.0,69.0,2.9905288,0.0,0.401894211769104
1094,Dagon,Yangon City,MMR013D004,16.798121,96.15078,0.0,0.0,65.0,3.138737,0.0,0.37225258350372314
1095,Dagon,Yangon City,MMR013D004,16.798267,96.148396,0.0,0.0,67.0,3.4869568,0.0,0.3026086091995239
1096,Dagon,Yangon City,MMR013D004,16.798496,96.148834,0.0,0.0,65.0,1.3808141,0.0,0.7238371968269348
1097,Dagon,Yangon City,MMR013D004,16.798768,96.146539,0.0,0.0,39.0,10.2404,0.02499997615814209,0.0
1098,Dagon,Yangon City,MMR013D004,16.798782348633,96.135177612305,0.0,0.0,25.0,0.9976483,0.375,0.8004703521728516
1099,Dagon,Yangon City,MMR013D004,16.798782348633,96.13655090332,0.0,0.0,26.0,0.0,0.3500000238418579,1.0
1100,Dagon,Yangon City,MMR013D004,16.798782348633,96.144790649414,0.0,0.0,38.0,7.013975,0.050000011920928955,0.0
1101,Dagon,Yangon City,MMR013D004,16.798782,96.146622,0.0,0.0,39.0,10.2404,0.02499997615814209,0.0
1102,Dagon,Yangon City,MMR013D004,16.798782348633,96.148910522461,0.0,0.0,66.0,3.4869568,0.0,0.3026086091995239
1103,Dagon,Yangon City,MMR013D004,16.798782348633,96.150283813477,0.0,0.0,64.0,3.4869568,0.0,0.3026086091995239
1104,Dagon,Yangon City,MMR013D004,16.798782348633,96.151657104492,0.0,0.0,45.0,5.507302,0.0,0.0
1105,Dagon,Yangon City,MMR013D004,16.798834,96.146643,0.0,0.0,39.0,10.2404,0.02499997615814209,0.0
1106,Dagon,Yangon City,MMR013D004,16.798889,96.150085,0.0,0.0,64.0,4.1360445,0.0,0.17279112339019775
1107,Dagon,Yangon City,MMR013D004,16.79896,96.149368,0.0,0.0,66.0,2.760026,0.0,0.44799482822418213
1108,Dagon,Yangon City,MMR013D004,16.799372,96.135963,0.0,0.0,31.0,2.153755,0.2250000238418579,0.5692490339279175
1109,Dagon,Yangon City,MMR013D004,16.799469,96.135864,0.0,0.0,31.0,2.153755,0.2250000238418579,0.5692490339279175
1110,Dagon,Yangon City,MMR013D004,16.799469,96.145477,0.0,0.0,39.0,8.282669,0.02499997615814209,0.0
1111,Dagon,Yangon City,MMR013D004,16.800155639648,96.13655090332,0.0,0.0,26.0,6.2587476,0.3500000238418579,0.0
1112,Dagon,Yangon City,MMR013D004,16.800155639648,96.137924194336,0.0,0.0,30.0,4.9007516,0.25,0.019849658012390137
1113,Dagon,Yangon City,MMR013D004,16.800156,96.138748,0.0,0.0,37.0,1.9946922,0.07499998807907104,0.6010615825653076
1114,Dagon,Yangon City,MMR013D004,16.800155639648,96.144790649414,0.0,0.0,40.0,2.153755,0.0,0.5692490339279175
1115,Dagon,Yangon City,MMR013D004,16.800155639648,96.147537231445,0.0,0.0,46.0,10.298894,0.0,0.0
1116,Dagon,Yangon City,MMR013D004,16.800155639648,96.148910522461,0.0,0.0,56.0,11.472807,0.0,0.0
1117,Dagon,Yangon City,MMR013D004,16.800156,96.149826,0.0,0.0,56.0,11.309881,0.0,0.0
1118,Dagon,Yangon City,MMR013D004,16.800155639648,96.150283813477,0.0,0.0,57.0,10.792835,0.0,0.0
1119,Dagon,Yangon City,MMR013D004,16.800272,96.145047,0.0,0.0,39.0,5.507302,0.02499997615814209,0.0
1120,Dagon,Yangon City,MMR013D004,16.800308,96.13813,0.0,0.0,30.0,5.964852,0.25,0.0
1121,Dagon,Yangon City,MMR013D004,16.800499,96.139641,0.0,0.0,33.0,1.9091437,0.17500001192092896,0.6181712746620178
1122,Dagon,Yangon City,MMR013D004,16.800613,96.148453,0.0,0.0,38.0,8.530726,0.050000011920928955,0.0
1123,Dagon,Yangon City,MMR013D004,16.800679,96.144333,0.0,0.0,40.0,0.9976483,0.0,0.8004703521728516
1124,Dagon,Yangon City,MMR013D004,16.800834,96.145706,0.0,0.0,27.0,4.3014402,0.32499998807907104,0.13971197605133057
1125,Dagon,Yangon City,MMR013D004,16.800842,96.137924,0.0,0.0,30.0,7.9309487,0.25,0.0
1126,Dagon,Yangon City,MMR013D004,16.800842,96.143417,0.0,0.0,34.0,7.553004,0.1499999761581421,0.0
1127,Dagon,Yangon City,MMR013D004,16.800842,96.148911,0.0,0.0,40.0,7.9867764,0.0,0.0
1128,Dagon,Yangon City,MMR013D004,16.801071,96.140213,0.0,0.0,35.0,1.3808141,0.125,0.7238371968269348
1129,Dagon,Yangon City,MMR013D004,16.801131,96.140144,0.0,0.0,36.0,2.9905288,0.10000002384185791,0.401894211769104
1130,Dagon,Yangon City,MMR013D004,16.801529,96.138954,0.0,0.0,29.0,3.8140574,0.2749999761581421,0.23718851804733276
1131,Dagon,Yangon City,MMR013D004,16.801528930664,96.139297485352,0.0,0.0,30.0,2.153755,0.25,0.5692490339279175
1132,Dagon,Yangon City,MMR013D004,16.801528930664,96.144790649414,0.0,0.0,29.0,5.1608467,0.2749999761581421,0.0
1133,Dagon,Yangon City,MMR013D004,16.801529,96.145477,0.0,0.0,23.0,4.1360445,0.42500001192092896,0.17279112339019775
1134,Dagon,Yangon City,MMR013D004,16.801529,96.146164,0.0,0.0,21.0,0.9976483,0.4750000238418579,0.8004703521728516
1135,Dagon,Yangon City,MMR013D004,16.801528930664,96.147537231445,0.0,0.0,32.0,10.298894,0.19999998807907104,0.0
1136,Dagon,Yangon City,MMR013D004,16.801716,96.138572,0.0,0.0,27.0,4.3014402,0.32499998807907104,0.13971197605133057
1137,Dagon,Yangon City,MMR013D004,16.801804,96.145889,0.0,0.0,21.0,1.3808141,0.4750000238418579,0.7238371968269348
1138,Dagon,Yangon City,MMR013D004,16.801987,96.145248,0.0,0.0,25.0,9.220603,0.375,0.0
1139,Dagon,Yangon City,MMR013D004,16.802078,96.143967,0.0,0.0,26.0,7.9309487,0.3500000238418579,0.0
1140,Dagon,Yangon City,MMR013D004,16.802216,96.142731,0.0,0.0,23.0,9.839425,0.42500001192092896,0.0
1141,Dagon,Yangon City,MMR013D004,16.802216,96.143417,0.0,0.0,20.0,1.9946922,0.5,0.6010615825653076
1142,Dagon,Yangon City,MMR013D004,16.802216,96.144104,0.0,0.0,31.0,7.9867764,0.2250000238418579,0.0
1143,Dagon,Yangon City,MMR013D004,16.802444,96.142044,0.0,0.0,28.0,9.614329,0.30000001192092896,0.0
1144,Dagon,Yangon City,MMR013D004,16.802816,96.143332,0.0,0.0,22.0,2.862392,0.44999998807907104,0.42752158641815186
1145,Dagon,Yangon City,MMR013D004,16.80290222168,96.140670776367,0.0,0.0,33.0,4.096654,0.17500001192092896,0.18066918849945068
1146,Dagon,Yangon City,MMR013D004,16.802902,96.141357,0.0,0.0,29.0,1.9946922,0.2749999761581421,0.6010615825653076
1147,Dagon,Yangon City,MMR013D004,16.80290222168,96.143417358398,0.0,0.0,22.0,2.862392,0.44999998807907104,0.42752158641815186
1148,Dagon,Yangon City,MMR013D004,16.803246,96.141014,0.0,0.0,31.0,4.1360445,0.2250000238418579,0.17279112339019775
1149,Dagon,Yangon City,MMR013D004,16.803883,96.142927,0.0,0.0,29.0,8.282669,0.2749999761581421,0.0
1150,Dagon,Yangon City,MMR013D004,16.803932,96.142044,0.0,0.0,23.0,2.760026,0.42500001192092896,0.44799482822418213
1151,Dagon Myothit (East),Yangon City,MMR013D002,16.874313354492,96.225814819336,0.0,0.0,8.0,2.2111168,0.800000011920929,0.5577766299247742
1152,Dagon Myothit (East),Yangon City,MMR013D002,16.874313354492,96.227188110352,0.0,0.0,6.0,4.9007516,0.8500000238418579,0.019849658012390137
1153,Dagon Myothit (East),Yangon City,MMR013D002,16.875261,96.219673,0.0,0.0,6.0,3.0307229,0.8500000238418579,0.3938554525375366
1154,Dagon Myothit (East),Yangon City,MMR013D002,16.877059936523,96.228561401367,0.0,0.0,7.0,0.9976483,0.824999988079071,0.8004703521728516
1155,Dagon Myothit (East),Yangon City,MMR013D002,16.877702,96.219392,0.0,0.0,6.0,3.9416327,0.8500000238418579,0.21167343854904175
1156,Dagon Myothit (East),Yangon City,MMR013D002,16.8784,96.219265,0.0,0.0,7.0,3.138737,0.824999988079071,0.37225258350372314
1157,Dagon Myothit (East),Yangon City,MMR013D002,16.878433227539,96.213455200195,0.0,0.0,5.0,0.9548369,0.875,0.8090326189994812
1158,Dagon Myothit (East),Yangon City,MMR013D002,16.879377,96.219185,0.0,0.0,7.0,4.415667,0.824999988079071,0.1168665885925293
1159,Dagon Myothit (East),Yangon City,MMR013D002,16.879607,96.219977,0.0,0.0,6.0,0.9976483,0.8500000238418579,0.8004703521728516
1160,Dagon Myothit (East),Yangon City,MMR013D002,16.879806518555,96.231307983398,0.0,0.0,9.0,3.0307229,0.7749999761581421,0.3938554525375366
1161,Dagon Myothit (East),Yangon City,MMR013D002,16.880986,96.221012,0.0,0.0,6.0,1.3808141,0.8500000238418579,0.7238371968269348
1162,Dagon Myothit (East),Yangon City,MMR013D002,16.882553100586,96.207962036133,0.0,0.0,4.0,1.3808141,0.8999999761581421,0.7238371968269348
1163,Dagon Myothit (East),Yangon City,MMR013D002,16.883926391602,96.207962036133,0.0,0.0,2.0,1.3808141,0.949999988079071,0.7238371968269348
1164,Dagon Myothit (East),Yangon City,MMR013D002,16.883926391602,96.23405456543,0.0,0.0,5.0,3.9845605,0.875,0.2030879259109497
1165,Dagon Myothit (East),Yangon City,MMR013D002,16.884434,96.213211,0.0,0.0,8.0,0.9548369,0.800000011920929,0.8090326189994812
1166,Dagon Myothit (East),Yangon City,MMR013D002,16.885299682617,96.201095581055,0.0,0.0,10.0,2.2111168,0.75,0.5577766299247742
1167,Dagon Myothit (East),Yangon City,MMR013D002,16.885299682617,96.20246887207,0.0,0.0,7.0,0.0,0.824999988079071,1.0
1168,Dagon Myothit (East),Yangon City,MMR013D002,16.885299682617,96.203842163086,0.0,0.0,6.0,3.4869568,0.8500000238418579,0.3026086091995239
1169,Dagon Myothit (East),Yangon City,MMR013D002,16.885299682617,96.235427856445,0.0,0.0,5.0,2.862392,0.875,0.42752158641815186
1170,Dagon Myothit (East),Yangon City,MMR013D002,16.886672973633,96.203842163086,0.0,0.0,8.0,0.9548369,0.800000011920929,0.8090326189994812
1171,Dagon Myothit (East),Yangon City,MMR013D002,16.886672973633,96.206588745117,0.0,0.0,6.0,0.9976483,0.8500000238418579,0.8004703521728516
1172,Dagon Myothit (East),Yangon City,MMR013D002,16.888046264648,96.199722290039,0.0,0.0,13.0,9.390784,0.675000011920929,0.0
1173,Dagon Myothit (East),Yangon City,MMR013D002,16.888046264648,96.20246887207,0.0,0.0,6.0,2.153755,0.8500000238418579,0.5692490339279175
1174,Dagon Myothit (East),Yangon City,MMR013D002,16.888046264648,96.218948364258,0.0,0.0,9.0,2.2111168,0.7749999761581421,0.5577766299247742
1175,Dagon Myothit (East),Yangon City,MMR013D002,16.888046264648,96.232681274414,0.0,0.0,6.0,3.8140574,0.8500000238418579,0.23718851804733276
1176,Dagon Myothit (East),Yangon City,MMR013D002,16.888046264648,96.23405456543,0.0,0.0,5.0,0.0,0.875,1.0
1177,Dagon Myothit (East),Yangon City,MMR013D002,16.888046264648,96.236801147461,0.0,0.0,7.0,2.862392,0.824999988079071,0.42752158641815186
1178,Dagon Myothit (East),Yangon City,MMR013D002,16.888733,96.201096,0.0,0.0,7.0,3.0307229,0.824999988079071,0.3938554525375366
1179,Dagon Myothit (East),Yangon City,MMR013D002,16.889419555664,96.199722290039,0.0,0.0,8.0,0.0,0.800000011920929,1.0
1180,Dagon Myothit (East),Yangon City,MMR013D002,16.88942,96.200899,0.0,0.0,6.0,1.9946922,0.8500000238418579,0.6010615825653076
1181,Dagon Myothit (East),Yangon City,MMR013D002,16.889419555664,96.201095581055,0.0,0.0,4.0,2.9905288,0.8999999761581421,0.401894211769104
1182,Dagon Myothit (East),Yangon City,MMR013D002,16.889419555664,96.20246887207,0.0,0.0,9.0,3.5461073,0.7749999761581421,0.2907785177230835
1183,Dagon Myothit (East),Yangon City,MMR013D002,16.889419555664,96.209335327148,0.0,0.0,9.0,0.9976483,0.7749999761581421,0.8004703521728516
1184,Dagon Myothit (East),Yangon City,MMR013D002,16.890005,96.230972,0.0,0.0,3.0,2.760026,0.925000011920929,0.44799482822418213
1185,Dagon Myothit (East),Yangon City,MMR013D002,16.890154,96.232353,0.0,0.0,8.0,1.3808141,0.800000011920929,0.7238371968269348
1186,Dagon Myothit (East),Yangon City,MMR013D002,16.890253,96.23113,0.0,0.0,6.0,3.5461073,0.8500000238418579,0.2907785177230835
1187,Dagon Myothit (East),Yangon City,MMR013D002,16.890272,96.231758,0.0,0.0,8.0,1.3808141,0.800000011920929,0.7238371968269348
1188,Dagon Myothit (East),Yangon City,MMR013D002,16.890609,96.229417,0.0,0.0,9.0,2.153755,0.7749999761581421,0.5692490339279175
1189,Dagon Myothit (East),Yangon City,MMR013D002,16.89079284668,96.198348999023,0.0,0.0,9.0,4.096654,0.7749999761581421,0.18066918849945068
1190,Dagon Myothit (East),Yangon City,MMR013D002,16.891085,96.232212,0.0,0.0,9.0,0.9548369,0.7749999761581421,0.8090326189994812
1191,Dagon Myothit (East),Yangon City,MMR013D002,16.89136,96.215244,0.0,0.0,10.0,1.3808141,0.75,0.7238371968269348
1192,Dagon Myothit (East),Yangon City,MMR013D002,16.891484,96.214919,0.0,0.0,9.0,0.9976483,0.7749999761581421,0.8004703521728516
1193,Dagon Myothit (East),Yangon City,MMR013D002,16.891925,96.215172,0.0,0.0,8.0,0.9548369,0.800000011920929,0.8090326189994812
1194,Dagon Myothit (East),Yangon City,MMR013D002,16.892166137695,96.216201782227,0.0,0.0,9.0,1.3808141,0.7749999761581421,0.7238371968269348
1195,Dagon Myothit (East),Yangon City,MMR013D002,16.892166137695,96.23405456543,0.0,0.0,6.0,2.9905288,0.8500000238418579,0.401894211769104
1196,Dagon Myothit (East),Yangon City,MMR013D002,16.892166137695,96.238174438477,0.0,0.0,6.0,0.9548369,0.8500000238418579,0.8090326189994812
1197,Dagon Myothit (East),Yangon City,MMR013D002,16.892328,96.211517,0.0,0.0,7.0,2.760026,0.824999988079071,0.44799482822418213
1198,Dagon Myothit (East),Yangon City,MMR013D002,16.892673,96.225441,0.0,0.0,8.0,1.9091437,0.800000011920929,0.6181712746620178
1199,Dagon Myothit (East),Yangon City,MMR013D002,16.892806,96.236763,0.0,0.0,6.0,5.0660734,0.8500000238418579,0.0
1200,Dagon Myothit (East),Yangon City,MMR013D002,16.893387,96.226135,0.0,0.0,7.0,0.9548369,0.824999988079071,0.8090326189994812
1201,Dagon Myothit (East),Yangon City,MMR013D002,16.893539428711,96.199722290039,0.0,0.0,8.0,3.5461073,0.800000011920929,0.2907785177230835
1202,Dagon Myothit (East),Yangon City,MMR013D002,16.893539428711,96.217575073242,0.0,0.0,10.0,1.3808141,0.75,0.7238371968269348
1203,Dagon Myothit (East),Yangon City,MMR013D002,16.893539428711,96.236801147461,0.0,0.0,6.0,2.760026,0.8500000238418579,0.44799482822418213
1204,Dagon Myothit (East),Yangon City,MMR013D002,16.893997,96.197433,0.0,0.0,8.0,1.9091437,0.800000011920929,0.6181712746620178
1205,Dagon Myothit (East),Yangon City,MMR013D002,16.894758,96.223049,0.0,0.0,5.0,2.153755,0.875,0.5692490339279175
1206,Dagon Myothit (East),Yangon City,MMR013D002,16.894912719727,96.196975708008,0.0,0.0,6.0,0.9548369,0.8500000238418579,0.8090326189994812
1207,Dagon Myothit (East),Yangon City,MMR013D002,16.894912719727,96.199722290039,0.0,0.0,6.0,1.3808141,0.8500000238418579,0.7238371968269348
1208,Dagon Myothit (East),Yangon City,MMR013D002,16.894912719727,96.206588745117,0.0,0.0,9.0,2.2111168,0.7749999761581421,0.5577766299247742
1209,Dagon Myothit (East),Yangon City,MMR013D002,16.894913,96.236306,0.0,0.0,6.0,1.3808141,0.8500000238418579,0.7238371968269348
1210,Dagon Myothit (East),Yangon City,MMR013D002,16.894912719727,96.242294311523,0.0,0.0,7.0,0.9976483,0.824999988079071,0.8004703521728516
1211,Dagon Myothit (East),Yangon City,MMR013D002,16.89535,96.205704,0.0,0.0,11.0,4.415667,0.7250000238418579,0.1168665885925293
1212,Dagon Myothit (East),Yangon City,MMR013D002,16.89579,96.207184,0.0,0.0,9.0,0.0,0.7749999761581421,1.0
1213,Dagon Myothit (East),Yangon City,MMR013D002,16.896286010742,96.209335327148,0.0,0.0,8.0,1.3808141,0.800000011920929,0.7238371968269348
1214,Dagon Myothit (East),Yangon City,MMR013D002,16.897659301758,96.195602416992,0.0,0.0,5.0,2.153755,0.875,0.5692490339279175
1215,Dagon Myothit (East),Yangon City,MMR013D002,16.897659301758,96.207962036133,0.0,0.0,4.0,3.4869568,0.8999999761581421,0.3026086091995239
1216,Dagon Myothit (East),Yangon City,MMR013D002,16.897659301758,96.213455200195,0.0,0.0,9.0,3.0307229,0.7749999761581421,0.3938554525375366
1217,Dagon Myothit (East),Yangon City,MMR013D002,16.897659301758,96.236801147461,0.0,0.0,6.0,0.9548369,0.8500000238418579,0.8090326189994812
1218,Dagon Myothit (East),Yangon City,MMR013D002,16.898351,96.199669,0.0,0.0,6.0,2.9905288,0.8500000238418579,0.401894211769104
1219,Dagon Myothit (East),Yangon City,MMR013D002,16.898371,96.199661,0.0,0.0,6.0,2.9905288,0.8500000238418579,0.401894211769104
1220,Dagon Myothit (East),Yangon City,MMR013D002,16.898375,96.199669,0.0,0.0,6.0,2.9905288,0.8500000238418579,0.401894211769104
1221,Dagon Myothit (East),Yangon City,MMR013D002,16.899032592773,96.194229125977,0.0,0.0,7.0,0.9976483,0.824999988079071,0.8004703521728516
1222,Dagon Myothit (East),Yangon City,MMR013D002,16.899032592773,96.196975708008,0.0,0.0,9.0,1.9091437,0.7749999761581421,0.6181712746620178
1223,Dagon Myothit (East),Yangon City,MMR013D002,16.899032592773,96.209335327148,0.0,0.0,7.0,5.0660734,0.824999988079071,0.0
1224,Dagon Myothit (East),Yangon City,MMR013D002,16.899032592773,96.210708618164,0.0,0.0,9.0,3.138737,0.7749999761581421,0.37225258350372314
1225,Dagon Myothit (East),Yangon City,MMR013D002,16.8999,96.199387,0.0,0.0,10.0,2.760026,0.75,0.44799482822418213
1226,Dagon Myothit (East),Yangon City,MMR013D002,16.900405883789,96.196975708008,0.0,0.0,8.0,2.2111168,0.800000011920929,0.5577766299247742
1227,Dagon Myothit (East),Yangon City,MMR013D002,16.900405883789,96.210708618164,0.0,0.0,8.0,2.2111168,0.800000011920929,0.5577766299247742
1228,Dagon Myothit (East),Yangon City,MMR013D002,16.900405883789,96.239547729492,0.0,0.0,8.0,0.9548369,0.800000011920929,0.8090326189994812
1229,Dagon Myothit (East),Yangon City,MMR013D002,16.901779174805,96.229934692383,0.0,0.0,7.0,1.9091437,0.824999988079071,0.6181712746620178
1230,Dagon Myothit (East),Yangon City,MMR013D002,16.901779174805,96.24641418457,0.0,0.0,8.0,2.2111168,0.800000011920929,0.5577766299247742
1231,Dagon Myothit (East),Yangon City,MMR013D002,16.90315246582,96.198348999023,0.0,0.0,8.0,0.9976483,0.800000011920929,0.8004703521728516
1232,Dagon Myothit (East),Yangon City,MMR013D002,16.90315246582,96.201095581055,0.0,0.0,7.0,2.862392,0.824999988079071,0.42752158641815186
1233,Dagon Myothit (East),Yangon City,MMR013D002,16.90315246582,96.247787475586,0.0,0.0,9.0,1.9091437,0.7749999761581421,0.6181712746620178
1234,Dagon Myothit (East),Yangon City,MMR013D002,16.90394,96.2052,0.0,0.0,9.0,1.9091437,0.7749999761581421,0.6181712746620178
1235,Dagon Myothit (East),Yangon City,MMR013D002,16.904525756836,96.199722290039,0.0,0.0,4.0,0.9976483,0.8999999761581421,0.8004703521728516
1236,Dagon Myothit (East),Yangon City,MMR013D002,16.904525756836,96.203842163086,0.0,0.0,4.0,1.3808141,0.8999999761581421,0.7238371968269348
1237,Dagon Myothit (East),Yangon City,MMR013D002,16.904525756836,96.205215454102,0.0,0.0,6.0,2.9905288,0.8500000238418579,0.401894211769104
1238,Dagon Myothit (East),Yangon City,MMR013D002,16.904525756836,96.210708618164,0.0,0.0,8.0,2.2111168,0.800000011920929,0.5577766299247742
1239,Dagon Myothit (East),Yangon City,MMR013D002,16.905899047852,96.206588745117,0.0,0.0,5.0,0.9976483,0.875,0.8004703521728516
1240,Dagon Myothit (East),Yangon City,MMR013D002,16.905899047852,96.214828491211,0.0,0.0,9.0,2.153755,0.7749999761581421,0.5692490339279175
1241,Dagon Myothit (East),Yangon City,MMR013D002,16.906403,96.202431,0.0,0.0,8.0,3.0307229,0.800000011920929,0.3938554525375366
1242,Dagon Myothit (East),Yangon City,MMR013D002,16.907272338867,96.207962036133,0.0,0.0,6.0,3.0307229,0.8500000238418579,0.3938554525375366
1243,Dagon Myothit (East),Yangon City,MMR013D002,16.907272338867,96.209335327148,0.0,0.0,8.0,0.0,0.800000011920929,1.0
1244,Dagon Myothit (East),Yangon City,MMR013D002,16.907272338867,96.210708618164,0.0,0.0,5.0,3.9416327,0.875,0.21167343854904175
1245,Dagon Myothit (East),Yangon City,MMR013D002,16.907272338867,96.213455200195,0.0,0.0,8.0,0.9548369,0.800000011920929,0.8090326189994812
1246,Dagon Myothit (East),Yangon City,MMR013D002,16.908645629883,96.250534057617,0.0,0.0,10.0,0.9976483,0.75,0.8004703521728516
1247,Dagon Myothit (East),Yangon City,MMR013D002,16.911392211914,96.213455200195,0.0,0.0,8.0,4.8660283,0.800000011920929,0.02679431438446045
1248,Dagon Myothit (East),Yangon City,MMR013D002,16.911392211914,96.251907348633,0.0,0.0,9.0,1.9091437,0.7749999761581421,0.6181712746620178
1249,Dagon Myothit (East),Yangon City,MMR013D002,16.911989,96.192894,0.0,0.0,10.0,4.096654,0.75,0.18066918849945068
1250,Dagon Myothit (East),Yangon City,MMR013D002,16.91276550293,96.240921020508,0.0,0.0,7.0,2.153755,0.824999988079071,0.5692490339279175
1251,Dagon Myothit (East),Yangon City,MMR013D002,16.91276550293,96.253280639648,0.0,0.0,9.0,0.0,0.7749999761581421,1.0
1252,Dagon Myothit (East),Yangon City,MMR013D002,16.914138793945,96.213455200195,0.0,0.0,9.0,2.760026,0.7749999761581421,0.44799482822418213
1253,Dagon Myothit (East),Yangon City,MMR013D002,16.916885375977,96.213455200195,0.0,0.0,6.0,0.0,0.8500000238418579,1.0
1254,Dagon Myothit (East),Yangon City,MMR013D002,16.935608,96.233116,0.0,0.0,7.0,0.9976483,0.824999988079071,0.8004703521728516
1255,Dagon Myothit (East),Yangon City,MMR013D002,16.937484741211,96.275253295898,0.0,0.0,8.0,2.760026,0.800000011920929,0.44799482822418213
1256,Dagon Myothit (East),Yangon City,MMR013D002,16.953964233398,96.288986206055,0.0,0.0,8.0,1.3808141,0.800000011920929,0.7238371968269348
1257,Dagon Myothit (East),Yangon City,MMR013D002,16.955337524414,96.26838684082,0.0,0.0,6.0,1.3808141,0.8500000238418579,0.7238371968269348
1258,Dagon Myothit (East),Yangon City,MMR013D002,16.958084106445,96.264266967773,0.0,0.0,7.0,0.0,0.824999988079071,1.0
1259,Dagon Myothit (East),Yangon City,MMR013D002,16.960830688477,96.265640258789,0.0,0.0,6.0,2.2111168,0.8500000238418579,0.5577766299247742
1260,Dagon Myothit (East),Yangon City,MMR013D002,16.963577270508,96.261520385742,0.0,0.0,6.0,0.9548369,0.8500000238418579,0.8090326189994812
1261,Dagon Myothit (East),Yangon City,MMR013D002,16.964950561523,96.265640258789,0.0,0.0,7.0,0.9548369,0.824999988079071,0.8090326189994812
1262,Dagon Myothit (East),Yangon City,MMR013D002,16.964950561523,96.295852661133,0.0,0.0,12.0,0.9976483,0.699999988079071,0.8004703521728516
1263,Dagon Myothit (East),Yangon City,MMR013D002,16.96907043457,96.298599243164,0.0,0.0,10.0,2.153755,0.75,0.5692490339279175
1264,Dagon Myothit (East),Yangon City,MMR013D002,16.97868347168,96.29997253418,0.0,0.0,8.0,2.2111168,0.800000011920929,0.5577766299247742
1265,Dagon Myothit (East),Yangon City,MMR013D002,16.989669799805,96.29997253418,0.0,0.0,6.0,1.9946922,0.8500000238418579,0.6010615825653076
1266,Dagon Myothit (East),Yangon City,MMR013D002,17.002029418945,96.29997253418,0.0,0.0,6.0,2.2111168,0.8500000238418579,0.5577766299247742
1267,Dagon Myothit (North),Yangon City,MMR013D002,16.850967407227,96.203842163086,0.0,0.0,3.0,2.2111168,0.925000011920929,0.5577766299247742
1268,Dagon Myothit (North),Yangon City,MMR013D002,16.850967407227,96.207962036133,0.0,0.0,7.0,3.8140574,0.824999988079071,0.23718851804733276
1269,Dagon Myothit (North),Yangon City,MMR013D002,16.850967407227,96.209335327148,0.0,0.0,7.0,2.2111168,0.824999988079071,0.5577766299247742
1270,Dagon Myothit (North),Yangon City,MMR013D002,16.852340698242,96.210708618164,0.0,0.0,9.0,4.415667,0.7749999761581421,0.1168665885925293
1271,Dagon Myothit (North),Yangon City,MMR013D002,16.853713989258,96.209335327148,0.0,0.0,9.0,5.507302,0.7749999761581421,0.0
1272,Dagon Myothit (North),Yangon City,MMR013D002,16.853713989258,96.210708618164,0.0,0.0,6.0,2.153755,0.8500000238418579,0.5692490339279175
1273,Dagon Myothit (North),Yangon City,MMR013D002,16.855087280273,96.192855834961,0.0,0.0,8.0,2.153755,0.800000011920929,0.5692490339279175
1274,Dagon Myothit (North),Yangon City,MMR013D002,16.855087280273,96.207962036133,0.0,0.0,6.0,6.6072006,0.8500000238418579,0.0
1275,Dagon Myothit (North),Yangon City,MMR013D002,16.855087280273,96.209335327148,0.0,0.0,6.0,1.3808141,0.8500000238418579,0.7238371968269348
1276,Dagon Myothit (North),Yangon City,MMR013D002,16.855087280273,96.210708618164,0.0,0.0,4.0,2.2111168,0.8999999761581421,0.5577766299247742
1277,Dagon Myothit (North),Yangon City,MMR013D002,16.856460571289,96.19010925293,0.0,0.0,7.0,3.5461073,0.824999988079071,0.2907785177230835
1278,Dagon Myothit (North),Yangon City,MMR013D002,16.856460571289,96.191482543945,0.0,0.0,5.0,3.138737,0.875,0.37225258350372314
1279,Dagon Myothit (North),Yangon City,MMR013D002,16.856460571289,96.194229125977,0.0,0.0,7.0,2.153755,0.824999988079071,0.5692490339279175
1280,Dagon Myothit (North),Yangon City,MMR013D002,16.856460571289,96.196975708008,0.0,0.0,8.0,3.0307229,0.800000011920929,0.3938554525375366
1281,Dagon Myothit (North),Yangon City,MMR013D002,16.856460571289,96.20246887207,0.0,0.0,1.0,3.5461073,0.9750000238418579,0.2907785177230835
1282,Dagon Myothit (North),Yangon City,MMR013D002,16.856460571289,96.206588745117,0.0,0.0,5.0,5.733568,0.875,0.0
1283,Dagon Myothit (North),Yangon City,MMR013D002,16.856460571289,96.207962036133,0.0,0.0,4.0,0.9976483,0.8999999761581421,0.8004703521728516
1284,Dagon Myothit (North),Yangon City,MMR013D002,16.856460571289,96.209335327148,0.0,0.0,5.0,0.9548369,0.875,0.8090326189994812
1285,Dagon Myothit (North),Yangon City,MMR013D002,16.856460571289,96.210708618164,0.0,0.0,8.0,1.3808141,0.800000011920929,0.7238371968269348
1286,Dagon Myothit (North),Yangon City,MMR013D002,16.857147,96.206589,0.0,0.0,5.0,2.2111168,0.875,0.5577766299247742
1287,Dagon Myothit (North),Yangon City,MMR013D002,16.85722,96.190323,0.0,0.0,5.0,4.1360445,0.875,0.17279112339019775
1288,Dagon Myothit (North),Yangon City,MMR013D002,16.857833862305,96.188735961914,0.0,0.0,6.0,2.153755,0.8500000238418579,0.5692490339279175
1289,Dagon Myothit (North),Yangon City,MMR013D002,16.857833862305,96.198348999023,0.0,0.0,8.0,2.760026,0.800000011920929,0.44799482822418213
1290,Dagon Myothit (North),Yangon City,MMR013D002,16.857833862305,96.199722290039,0.0,0.0,7.0,6.2581224,0.824999988079071,0.0
1291,Dagon Myothit (North),Yangon City,MMR013D002,16.857833862305,96.201095581055,0.0,0.0,9.0,1.3808141,0.7749999761581421,0.7238371968269348
1292,Dagon Myothit (North),Yangon City,MMR013D002,16.857833862305,96.203842163086,0.0,0.0,8.0,3.4869568,0.800000011920929,0.3026086091995239
1293,Dagon Myothit (North),Yangon City,MMR013D002,16.857833862305,96.206588745117,0.0,0.0,7.0,3.0307229,0.824999988079071,0.3938554525375366
1294,Dagon Myothit (North),Yangon City,MMR013D002,16.857833862305,96.209335327148,0.0,0.0,2.0,5.3264294,0.949999988079071,0.0
1295,Dagon Myothit (North),Yangon City,MMR013D002,16.857833862305,96.210708618164,0.0,0.0,9.0,2.2111168,0.7749999761581421,0.5577766299247742
1296,Dagon Myothit (North),Yangon City,MMR013D002,16.858749,96.213455,0.0,0.0,6.0,0.9976483,0.8500000238418579,0.8004703521728516
1297,Dagon Myothit (North),Yangon City,MMR013D002,16.85920715332,96.187362670898,0.0,0.0,9.0,8.399607,0.7749999761581421,0.0
1298,Dagon Myothit (North),Yangon City,MMR013D002,16.85920715332,96.198348999023,0.0,0.0,6.0,3.9416327,0.8500000238418579,0.21167343854904175
1299,Dagon Myothit (North),Yangon City,MMR013D002,16.85920715332,96.199722290039,0.0,0.0,6.0,6.6072006,0.8500000238418579,0.0
1300,Dagon Myothit (North),Yangon City,MMR013D002,16.85920715332,96.201095581055,0.0,0.0,4.0,2.2111168,0.8999999761581421,0.5577766299247742
1301,Dagon Myothit (North),Yangon City,MMR013D002,16.85920715332,96.206588745117,0.0,0.0,3.0,3.0307229,0.925000011920929,0.3938554525375366
1302,Dagon Myothit (North),Yangon City,MMR013D002,16.85920715332,96.209335327148,0.0,0.0,6.0,1.3808141,0.8500000238418579,0.7238371968269348
1303,Dagon Myothit (North),Yangon City,MMR013D002,16.859207,96.210709,0.0,0.0,6.0,2.9905288,0.8500000238418579,0.401894211769104
1304,Dagon Myothit (North),Yangon City,MMR013D002,16.85920715332,96.21208190918,0.0,0.0,4.0,1.3808141,0.8999999761581421,0.7238371968269348
1305,Dagon Myothit (North),Yangon City,MMR013D002,16.85920715332,96.213455200195,0.0,0.0,4.0,1.9946922,0.8999999761581421,0.6010615825653076
1306,Dagon Myothit (North),Yangon City,MMR013D002,16.859556,96.198914,0.0,0.0,10.0,3.5461073,0.75,0.2907785177230835
1307,Dagon Myothit (North),Yangon City,MMR013D002,16.860580444336,96.187362670898,0.0,0.0,6.0,6.9482727,0.8500000238418579,0.0
1308,Dagon Myothit (North),Yangon City,MMR013D002,16.860580444336,96.188735961914,0.0,0.0,8.0,1.3808141,0.800000011920929,0.7238371968269348
1309,Dagon Myothit (North),Yangon City,MMR013D002,16.860580444336,96.19010925293,0.0,0.0,7.0,3.138737,0.824999988079071,0.37225258350372314
1310,Dagon Myothit (North),Yangon City,MMR013D002,16.860580444336,96.191482543945,0.0,0.0,7.0,2.153755,0.824999988079071,0.5692490339279175
1311,Dagon Myothit (North),Yangon City,MMR013D002,16.860580444336,96.192855834961,0.0,0.0,3.0,3.5461073,0.925000011920929,0.2907785177230835
1312,Dagon Myothit (North),Yangon City,MMR013D002,16.860580444336,96.194229125977,0.0,0.0,1.0,4.9761953,0.9750000238418579,0.004760921001434326
1313,Dagon Myothit (North),Yangon City,MMR013D002,16.860580444336,96.195602416992,0.0,0.0,7.0,3.4869568,0.824999988079071,0.3026086091995239
1314,Dagon Myothit (North),Yangon City,MMR013D002,16.860580444336,96.196975708008,0.0,0.0,11.0,3.0307229,0.7250000238418579,0.3938554525375366
1315,Dagon Myothit (North),Yangon City,MMR013D002,16.860580444336,96.198348999023,0.0,0.0,6.0,3.5461073,0.8500000238418579,0.2907785177230835
1316,Dagon Myothit (North),Yangon City,MMR013D002,16.860580444336,96.199722290039,0.0,0.0,6.0,1.3808141,0.8500000238418579,0.7238371968269348
1317,Dagon Myothit (North),Yangon City,MMR013D002,16.860580444336,96.20246887207,0.0,0.0,4.0,2.862392,0.8999999761581421,0.42752158641815186
1318,Dagon Myothit (North),Yangon City,MMR013D002,16.860580444336,96.209335327148,0.0,0.0,8.0,0.9976483,0.800000011920929,0.8004703521728516
1319,Dagon Myothit (North),Yangon City,MMR013D002,16.860580444336,96.21208190918,0.0,0.0,5.0,2.2111168,0.875,0.5577766299247742
1320,Dagon Myothit (North),Yangon City,MMR013D002,16.86058,96.214142,0.0,0.0,6.0,0.9976483,0.8500000238418579,0.8004703521728516
1321,Dagon Myothit (North),Yangon City,MMR013D002,16.861485,96.206032,0.0,0.0,10.0,3.138737,0.75,0.37225258350372314
1322,Dagon Myothit (North),Yangon City,MMR013D002,16.861605,96.206116,0.0,0.0,10.0,2.9905288,0.75,0.401894211769104
1323,Dagon Myothit (North),Yangon City,MMR013D002,16.861634,96.206019,0.0,0.0,10.0,3.138737,0.75,0.37225258350372314
1324,Dagon Myothit (North),Yangon City,MMR013D002,16.861738,96.206013,0.0,0.0,9.0,3.5461073,0.7749999761581421,0.2907785177230835
1325,Dagon Myothit (North),Yangon City,MMR013D002,16.86176,96.20593,0.0,0.0,9.0,3.5461073,0.7749999761581421,0.2907785177230835
1326,Dagon Myothit (North),Yangon City,MMR013D002,16.861756,96.206022,0.0,0.0,9.0,3.5461073,0.7749999761581421,0.2907785177230835
1327,Dagon Myothit (North),Yangon City,MMR013D002,16.861796,96.205338,0.0,0.0,6.0,1.3808141,0.8500000238418579,0.7238371968269348
1328,Dagon Myothit (North),Yangon City,MMR013D002,16.861809,96.206207,0.0,0.0,10.0,0.9548369,0.75,0.8090326189994812
1329,Dagon Myothit (North),Yangon City,MMR013D002,16.861821,96.206213,0.0,0.0,10.0,0.9548369,0.75,0.8090326189994812
1330,Dagon Myothit (North),Yangon City,MMR013D002,16.861953735352,96.187362670898,0.0,0.0,8.0,2.2111168,0.800000011920929,0.5577766299247742
1331,Dagon Myothit (North),Yangon City,MMR013D002,16.861953735352,96.206588745117,0.0,0.0,9.0,4.096654,0.7749999761581421,0.18066918849945068
1332,Dagon Myothit (North),Yangon City,MMR013D002,16.861953735352,96.209335327148,0.0,0.0,0.0,10.054151,1.0,0.0
1333,Dagon Myothit (North),Yangon City,MMR013D002,16.861953735352,96.21208190918,0.0,0.0,7.0,1.9946922,0.824999988079071,0.6010615825653076
1334,Dagon Myothit (North),Yangon City,MMR013D002,16.861953735352,96.213455200195,0.0,0.0,8.0,2.153755,0.800000011920929,0.5692490339279175
1335,Dagon Myothit (North),Yangon City,MMR013D002,16.863327026367,96.18049621582,0.0,0.0,5.0,5.0660734,0.875,0.0
1336,Dagon Myothit (North),Yangon City,MMR013D002,16.863327026367,96.187362670898,0.0,0.0,5.0,1.3808141,0.875,0.7238371968269348
1337,Dagon Myothit (North),Yangon City,MMR013D002,16.863327026367,96.19010925293,0.0,0.0,2.0,1.9091437,0.949999988079071,0.6181712746620178
1338,Dagon Myothit (North),Yangon City,MMR013D002,16.863327026367,96.191482543945,0.0,0.0,8.0,3.138737,0.800000011920929,0.37225258350372314
1339,Dagon Myothit (North),Yangon City,MMR013D002,16.863327026367,96.194229125977,0.0,0.0,7.0,0.9976483,0.824999988079071,0.8004703521728516
1340,Dagon Myothit (North),Yangon City,MMR013D002,16.863327026367,96.195602416992,0.0,0.0,7.0,1.3808141,0.824999988079071,0.7238371968269348
1341,Dagon Myothit (North),Yangon City,MMR013D002,16.863327026367,96.196975708008,0.0,0.0,8.0,0.9976483,0.800000011920929,0.8004703521728516
1342,Dagon Myothit (North),Yangon City,MMR013D002,16.863327026367,96.203842163086,0.0,0.0,7.0,0.0,0.824999988079071,1.0
1343,Dagon Myothit (North),Yangon City,MMR013D002,16.863327026367,96.205215454102,0.0,0.0,8.0,1.9946922,0.800000011920929,0.6010615825653076
1344,Dagon Myothit (North),Yangon City,MMR013D002,16.863327026367,96.209335327148,0.0,0.0,7.0,2.760026,0.824999988079071,0.44799482822418213
1345,Dagon Myothit (North),Yangon City,MMR013D002,16.863327026367,96.210708618164,0.0,0.0,7.0,0.9548369,0.824999988079071,0.8090326189994812
1346,Dagon Myothit (North),Yangon City,MMR013D002,16.863327026367,96.21208190918,0.0,0.0,8.0,0.9976483,0.800000011920929,0.8004703521728516
1347,Dagon Myothit (North),Yangon City,MMR013D002,16.863327026367,96.216201782227,0.0,0.0,9.0,2.2111168,0.7749999761581421,0.5577766299247742
1348,Dagon Myothit (North),Yangon City,MMR013D002,16.864014,96.180496,0.0,0.0,5.0,2.153755,0.875,0.5692490339279175
1349,Dagon Myothit (North),Yangon City,MMR013D002,16.864700317383,96.179122924805,0.0,0.0,2.0,4.096654,0.949999988079071,0.18066918849945068
1350,Dagon Myothit (North),Yangon City,MMR013D002,16.864700317383,96.18049621582,0.0,0.0,6.0,3.0307229,0.8500000238418579,0.3938554525375366
1351,Dagon Myothit (North),Yangon City,MMR013D002,16.864700317383,96.181869506836,0.0,0.0,7.0,3.138737,0.824999988079071,0.37225258350372314
1352,Dagon Myothit (North),Yangon City,MMR013D002,16.864700317383,96.184616088867,0.0,0.0,4.0,3.4869568,0.8999999761581421,0.3026086091995239
1353,Dagon Myothit (North),Yangon City,MMR013D002,16.864700317383,96.185989379883,0.0,0.0,8.0,2.760026,0.800000011920929,0.44799482822418213
1354,Dagon Myothit (North),Yangon City,MMR013D002,16.864700317383,96.216201782227,0.0,0.0,8.0,0.0,0.800000011920929,1.0
1355,Dagon Myothit (North),Yangon City,MMR013D002,16.864700317383,96.217575073242,0.0,0.0,8.0,1.9091437,0.800000011920929,0.6181712746620178
1356,Dagon Myothit (North),Yangon City,MMR013D002,16.866074,96.178436,0.0,0.0,9.0,8.956695,0.7749999761581421,0.0
1357,Dagon Myothit (North),Yangon City,MMR013D002,16.866073608398,96.18049621582,0.0,0.0,9.0,3.9416327,0.7749999761581421,0.21167343854904175
1358,Dagon Myothit (North),Yangon City,MMR013D002,16.866073608398,96.181869506836,0.0,0.0,8.0,1.3808141,0.800000011920929,0.7238371968269348
1359,Dagon Myothit (North),Yangon City,MMR013D002,16.866073608398,96.183242797852,0.0,0.0,8.0,1.9091437,0.800000011920929,0.6181712746620178
1360,Dagon Myothit (North),Yangon City,MMR013D002,16.866073608398,96.185989379883,0.0,0.0,7.0,0.9976483,0.824999988079071,0.8004703521728516
1361,Dagon Myothit (North),Yangon City,MMR013D002,16.866073608398,96.192855834961,0.0,0.0,8.0,2.9905288,0.800000011920929,0.401894211769104
1362,Dagon Myothit (North),Yangon City,MMR013D002,16.866073608398,96.196975708008,0.0,0.0,7.0,3.0307229,0.824999988079071,0.3938554525375366
1363,Dagon Myothit (North),Yangon City,MMR013D002,16.866073608398,96.209335327148,0.0,0.0,4.0,1.9091437,0.8999999761581421,0.6181712746620178
1364,Dagon Myothit (North),Yangon City,MMR013D002,16.866074,96.214828,0.0,0.0,7.0,3.8140574,0.824999988079071,0.23718851804733276
1365,Dagon Myothit (North),Yangon City,MMR013D002,16.866073608398,96.218948364258,0.0,0.0,6.0,4.1360445,0.8500000238418579,0.17279112339019775
1366,Dagon Myothit (North),Yangon City,MMR013D002,16.867446899414,96.18049621582,0.0,0.0,6.0,2.2111168,0.8500000238418579,0.5577766299247742
1367,Dagon Myothit (North),Yangon City,MMR013D002,16.867446899414,96.184616088867,0.0,0.0,7.0,0.0,0.824999988079071,1.0
1368,Dagon Myothit (North),Yangon City,MMR013D002,16.867446899414,96.185989379883,0.0,0.0,10.0,2.153755,0.75,0.5692490339279175
1369,Dagon Myothit (North),Yangon City,MMR013D002,16.867446899414,96.187362670898,0.0,0.0,9.0,2.153755,0.7749999761581421,0.5692490339279175
1370,Dagon Myothit (North),Yangon City,MMR013D002,16.867447,96.188049,0.0,0.0,7.0,2.862392,0.824999988079071,0.42752158641815186
1371,Dagon Myothit (North),Yangon City,MMR013D002,16.867446899414,96.20246887207,0.0,0.0,8.0,2.2111168,0.800000011920929,0.5577766299247742
1372,Dagon Myothit (North),Yangon City,MMR013D002,16.867905,96.192856,0.0,0.0,9.0,1.3808141,0.7749999761581421,0.7238371968269348
1373,Dagon Myothit (North),Yangon City,MMR013D002,16.86882019043,96.177749633789,0.0,0.0,8.0,3.138737,0.800000011920929,0.37225258350372314
1374,Dagon Myothit (North),Yangon City,MMR013D002,16.86882019043,96.188735961914,0.0,0.0,7.0,0.0,0.824999988079071,1.0
1375,Dagon Myothit (North),Yangon City,MMR013D002,16.86882019043,96.19010925293,0.0,0.0,9.0,1.9091437,0.7749999761581421,0.6181712746620178
1376,Dagon Myothit (North),Yangon City,MMR013D002,16.86882019043,96.192855834961,0.0,0.0,11.0,1.3808141,0.7250000238418579,0.7238371968269348
1377,Dagon Myothit (North),Yangon City,MMR013D002,16.86882019043,96.205215454102,0.0,0.0,10.0,1.3808141,0.75,0.7238371968269348
1378,Dagon Myothit (North),Yangon City,MMR013D002,16.86882019043,96.207962036133,0.0,0.0,8.0,2.760026,0.800000011920929,0.44799482822418213
1379,Dagon Myothit (North),Yangon City,MMR013D002,16.869507,96.190109,0.0,0.0,8.0,0.9548369,0.800000011920929,0.8090326189994812
1380,Dagon Myothit (North),Yangon City,MMR013D002,16.870193481445,96.177749633789,0.0,0.0,8.0,2.153755,0.800000011920929,0.5692490339279175
1381,Dagon Myothit (North),Yangon City,MMR013D002,16.870193481445,96.181869506836,0.0,0.0,9.0,4.415667,0.7749999761581421,0.1168665885925293
1382,Dagon Myothit (North),Yangon City,MMR013D002,16.870193,96.183243,0.0,0.0,11.0,2.2111168,0.7250000238418579,0.5577766299247742
1383,Dagon Myothit (North),Yangon City,MMR013D002,16.870193481445,96.19010925293,0.0,0.0,10.0,0.9548369,0.75,0.8090326189994812
1384,Dagon Myothit (North),Yangon City,MMR013D002,16.870193481445,96.191482543945,0.0,0.0,9.0,1.3808141,0.7749999761581421,0.7238371968269348
1385,Dagon Myothit (North),Yangon City,MMR013D002,16.870193481445,96.194229125977,0.0,0.0,8.0,4.8412433,0.800000011920929,0.03175133466720581
1386,Dagon Myothit (North),Yangon City,MMR013D002,16.870193481445,96.201095581055,0.0,0.0,8.0,2.760026,0.800000011920929,0.44799482822418213
1387,Dagon Myothit (North),Yangon City,MMR013D002,16.870193481445,96.207962036133,0.0,0.0,9.0,0.9976483,0.7749999761581421,0.8004703521728516
1388,Dagon Myothit (North),Yangon City,MMR013D002,16.870193481445,96.221694946289,0.0,0.0,9.0,0.9976483,0.7749999761581421,0.8004703521728516
1389,Dagon Myothit (North),Yangon City,MMR013D002,16.870193481445,96.223068237305,0.0,0.0,10.0,0.9548369,0.75,0.8090326189994812
1390,Dagon Myothit (North),Yangon City,MMR013D002,16.87088,96.192856,0.0,0.0,7.0,0.9548369,0.824999988079071,0.8090326189994812
1391,Dagon Myothit (North),Yangon City,MMR013D002,16.871566772461,96.176376342773,0.0,0.0,7.0,1.9091437,0.824999988079071,0.6181712746620178
1392,Dagon Myothit (North),Yangon City,MMR013D002,16.871566772461,96.184616088867,0.0,0.0,9.0,2.153755,0.7749999761581421,0.5692490339279175
1393,Dagon Myothit (North),Yangon City,MMR013D002,16.871566772461,96.191482543945,0.0,0.0,7.0,0.0,0.824999988079071,1.0
1394,Dagon Myothit (North),Yangon City,MMR013D002,16.871566772461,96.192855834961,0.0,0.0,6.0,0.9548369,0.8500000238418579,0.8090326189994812
1395,Dagon Myothit (North),Yangon City,MMR013D002,16.871566772461,96.194229125977,0.0,0.0,6.0,2.862392,0.8500000238418579,0.42752158641815186
1396,Dagon Myothit (North),Yangon City,MMR013D002,16.871566772461,96.195602416992,0.0,0.0,10.0,1.3808141,0.75,0.7238371968269348
1397,Dagon Myothit (North),Yangon City,MMR013D002,16.871566772461,96.22444152832,0.0,0.0,6.0,1.9091437,0.8500000238418579,0.6181712746620178
1398,Dagon Myothit (North),Yangon City,MMR013D002,16.872940063477,96.175003051758,0.0,0.0,5.0,3.138737,0.875,0.37225258350372314
1399,Dagon Myothit (North),Yangon City,MMR013D002,16.872940063477,96.176376342773,0.0,0.0,5.0,2.153755,0.875,0.5692490339279175
1400,Dagon Myothit (North),Yangon City,MMR013D002,16.872940063477,96.177749633789,0.0,0.0,5.0,1.3808141,0.875,0.7238371968269348
1401,Dagon Myothit (North),Yangon City,MMR013D002,16.872940063477,96.179122924805,0.0,0.0,8.0,2.2111168,0.800000011920929,0.5577766299247742
1402,Dagon Myothit (North),Yangon City,MMR013D002,16.872940063477,96.187362670898,0.0,0.0,10.0,3.4869568,0.75,0.3026086091995239
1403,Dagon Myothit (North),Yangon City,MMR013D002,16.872940063477,96.192855834961,0.0,0.0,9.0,1.3808141,0.7749999761581421,0.7238371968269348
1404,Dagon Myothit (North),Yangon City,MMR013D002,16.872940063477,96.195602416992,0.0,0.0,10.0,0.9976483,0.75,0.8004703521728516
1405,Dagon Myothit (North),Yangon City,MMR013D002,16.872940063477,96.196975708008,0.0,0.0,7.0,0.9548369,0.824999988079071,0.8090326189994812
1406,Dagon Myothit (North),Yangon City,MMR013D002,16.872940063477,96.198348999023,0.0,0.0,7.0,0.9976483,0.824999988079071,0.8004703521728516
1407,Dagon Myothit (North),Yangon City,MMR013D002,16.872940063477,96.199722290039,0.0,0.0,7.0,0.9548369,0.824999988079071,0.8090326189994812
1408,Dagon Myothit (North),Yangon City,MMR013D002,16.872940063477,96.203842163086,0.0,0.0,5.0,3.138737,0.875,0.37225258350372314
1409,Dagon Myothit (North),Yangon City,MMR013D002,16.872940063477,96.21208190918,0.0,0.0,5.0,1.9946922,0.875,0.6010615825653076
1410,Dagon Myothit (North),Yangon City,MMR013D002,16.872940063477,96.220321655273,0.0,0.0,8.0,2.153755,0.800000011920929,0.5692490339279175
1411,Dagon Myothit (North),Yangon City,MMR013D002,16.873293,96.206421,0.0,0.0,8.0,0.9548369,0.800000011920929,0.8090326189994812
1412,Dagon Myothit (North),Yangon City,MMR013D002,16.874313354492,96.173629760742,0.0,0.0,11.0,2.2111168,0.7250000238418579,0.5577766299247742
1413,Dagon Myothit (North),Yangon City,MMR013D002,16.874313354492,96.175003051758,0.0,0.0,5.0,2.153755,0.875,0.5692490339279175
1414,Dagon Myothit (North),Yangon City,MMR013D002,16.874313354492,96.196975708008,0.0,0.0,6.0,0.9976483,0.8500000238418579,0.8004703521728516
1415,Dagon Myothit (North),Yangon City,MMR013D002,16.874313354492,96.198348999023,0.0,0.0,8.0,0.0,0.800000011920929,1.0
1416,Dagon Myothit (North),Yangon City,MMR013D002,16.874313354492,96.199722290039,0.0,0.0,7.0,2.760026,0.824999988079071,0.44799482822418213
1417,Dagon Myothit (North),Yangon City,MMR013D002,16.874313354492,96.206588745117,0.0,0.0,10.0,3.0307229,0.75,0.3938554525375366
1418,Dagon Myothit (North),Yangon City,MMR013D002,16.874313354492,96.207962036133,0.0,0.0,3.0,3.138737,0.925000011920929,0.37225258350372314
1419,Dagon Myothit (North),Yangon City,MMR013D002,16.874313,96.210022,0.0,0.0,6.0,2.153755,0.8500000238418579,0.5692490339279175
1420,Dagon Myothit (North),Yangon City,MMR013D002,16.874313354492,96.218948364258,0.0,0.0,2.0,1.3808141,0.949999988079071,0.7238371968269348
1421,Dagon Myothit (North),Yangon City,MMR013D002,16.874313354492,96.220321655273,0.0,0.0,9.0,1.3808141,0.7749999761581421,0.7238371968269348
1422,Dagon Myothit (North),Yangon City,MMR013D002,16.874771,96.198807,0.0,0.0,8.0,2.2111168,0.800000011920929,0.5577766299247742
1423,Dagon Myothit (North),Yangon City,MMR013D002,16.875059,96.184386,0.0,0.0,7.0,3.0307229,0.824999988079071,0.3938554525375366
1424,Dagon Myothit (North),Yangon City,MMR013D002,16.875686645508,96.172256469727,0.0,0.0,11.0,4.3014402,0.7250000238418579,0.13971197605133057
1425,Dagon Myothit (North),Yangon City,MMR013D002,16.875686645508,96.173629760742,0.0,0.0,8.0,0.9548369,0.800000011920929,0.8090326189994812
1426,Dagon Myothit (North),Yangon City,MMR013D002,16.875686645508,96.181869506836,0.0,0.0,7.0,2.760026,0.824999988079071,0.44799482822418213
1427,Dagon Myothit (North),Yangon City,MMR013D002,16.875686645508,96.19010925293,0.0,0.0,7.0,2.153755,0.824999988079071,0.5692490339279175
1428,Dagon Myothit (North),Yangon City,MMR013D002,16.875686645508,96.191482543945,0.0,0.0,11.0,0.9976483,0.7250000238418579,0.8004703521728516
1429,Dagon Myothit (North),Yangon City,MMR013D002,16.875686645508,96.196975708008,0.0,0.0,9.0,1.3808141,0.7749999761581421,0.7238371968269348
1430,Dagon Myothit (North),Yangon City,MMR013D002,16.875686645508,96.20246887207,0.0,0.0,9.0,2.2111168,0.7749999761581421,0.5577766299247742
1431,Dagon Myothit (North),Yangon City,MMR013D002,16.875686645508,96.203842163086,0.0,0.0,8.0,0.9548369,0.800000011920929,0.8090326189994812
1432,Dagon Myothit (North),Yangon City,MMR013D002,16.875686645508,96.205215454102,0.0,0.0,10.0,0.9976483,0.75,0.8004703521728516
1433,Dagon Myothit (North),Yangon City,MMR013D002,16.875985,96.19225,0.0,0.0,10.0,2.153755,0.75,0.5692490339279175
1434,Dagon Myothit (North),Yangon City,MMR013D002,16.875992,96.172531,0.0,0.0,8.0,6.437088,0.800000011920929,0.0
1435,Dagon Myothit (North),Yangon City,MMR013D002,16.876014,96.171623,0.0,0.0,9.0,2.153755,0.7749999761581421,0.5692490339279175
1436,Dagon Myothit (North),Yangon City,MMR013D002,16.876176,96.184906,0.0,0.0,10.0,3.5461073,0.75,0.2907785177230835
1437,Dagon Myothit (North),Yangon City,MMR013D002,16.876262,96.191954,0.0,0.0,10.0,1.9946922,0.75,0.6010615825653076
1438,Dagon Myothit (North),Yangon City,MMR013D002,16.876272,96.19165,0.0,0.0,9.0,2.2111168,0.7749999761581421,0.5577766299247742
1439,Dagon Myothit (North),Yangon City,MMR013D002,16.87629,96.191959,0.0,0.0,10.0,1.9091437,0.75,0.6181712746620178
1440,Dagon Myothit (North),Yangon City,MMR013D002,16.876699,96.192326,0.0,0.0,6.0,2.760026,0.8500000238418579,0.44799482822418213
1441,Dagon Myothit (North),Yangon City,MMR013D002,16.877059936523,96.172256469727,0.0,0.0,7.0,1.3808141,0.824999988079071,0.7238371968269348
1442,Dagon Myothit (North),Yangon City,MMR013D002,16.877059936523,96.176376342773,0.0,0.0,6.0,2.2111168,0.8500000238418579,0.5577766299247742
1443,Dagon Myothit (North),Yangon City,MMR013D002,16.877059936523,96.181869506836,0.0,0.0,8.0,0.9976483,0.800000011920929,0.8004703521728516
1444,Dagon Myothit (North),Yangon City,MMR013D002,16.877059936523,96.191482543945,0.0,0.0,6.0,1.3808141,0.8500000238418579,0.7238371968269348
1445,Dagon Myothit (North),Yangon City,MMR013D002,16.877059936523,96.203842163086,0.0,0.0,9.0,1.9946922,0.7749999761581421,0.6010615825653076
1446,Dagon Myothit (North),Yangon City,MMR013D002,16.877059936523,96.205215454102,0.0,0.0,7.0,2.2111168,0.824999988079071,0.5577766299247742
1447,Dagon Myothit (North),Yangon City,MMR013D002,16.877059936523,96.207962036133,0.0,0.0,6.0,1.9946922,0.8500000238418579,0.6010615825653076
1448,Dagon Myothit (North),Yangon City,MMR013D002,16.877193,96.185372,0.0,0.0,6.0,1.9946922,0.8500000238418579,0.6010615825653076
1449,Dagon Myothit (North),Yangon City,MMR013D002,16.877747,96.207962,0.0,0.0,9.0,3.4869568,0.7749999761581421,0.3026086091995239
1450,Dagon Myothit (North),Yangon City,MMR013D002,16.877975,96.189652,0.0,0.0,8.0,1.9946922,0.800000011920929,0.6010615825653076
1451,Dagon Myothit (North),Yangon City,MMR013D002,16.878433227539,96.170883178711,0.0,0.0,7.0,1.3808141,0.824999988079071,0.7238371968269348
1452,Dagon Myothit (North),Yangon City,MMR013D002,16.878433227539,96.183242797852,0.0,0.0,7.0,0.0,0.824999988079071,1.0
1453,Dagon Myothit (North),Yangon City,MMR013D002,16.878433227539,96.19010925293,0.0,0.0,8.0,0.0,0.800000011920929,1.0
1454,Dagon Myothit (North),Yangon City,MMR013D002,16.878433227539,96.203842163086,0.0,0.0,7.0,0.9976483,0.824999988079071,0.8004703521728516
1455,Dagon Myothit (North),Yangon City,MMR013D002,16.878433227539,96.207962036133,0.0,0.0,9.0,2.153755,0.7749999761581421,0.5692490339279175
1456,Dagon Myothit (North),Yangon City,MMR013D002,16.879465,96.195297,0.0,0.0,8.0,2.153755,0.800000011920929,0.5692490339279175
1457,Dagon Myothit (North),Yangon City,MMR013D002,16.879806518555,96.170883178711,0.0,0.0,6.0,1.3808141,0.8500000238418579,0.7238371968269348
1458,Dagon Myothit (North),Yangon City,MMR013D002,16.879806518555,96.176376342773,0.0,0.0,8.0,1.3808141,0.800000011920929,0.7238371968269348
1459,Dagon Myothit (North),Yangon City,MMR013D002,16.879806518555,96.188735961914,0.0,0.0,11.0,2.2111168,0.7250000238418579,0.5577766299247742
1460,Dagon Myothit (North),Yangon City,MMR013D002,16.879806518555,96.199722290039,0.0,0.0,10.0,2.9905288,0.75,0.401894211769104
1461,Dagon Myothit (North),Yangon City,MMR013D002,16.879806518555,96.20246887207,0.0,0.0,8.0,2.9905288,0.800000011920929,0.401894211769104
1462,Dagon Myothit (North),Yangon City,MMR013D002,16.879806518555,96.203842163086,0.0,0.0,11.0,4.415667,0.7250000238418579,0.1168665885925293
1463,Dagon Myothit (North),Yangon City,MMR013D002,16.879806518555,96.207962036133,0.0,0.0,3.0,1.3808141,0.925000011920929,0.7238371968269348
1464,Dagon Myothit (North),Yangon City,MMR013D002,16.879806518555,96.209335327148,0.0,0.0,5.0,0.9976483,0.875,0.8004703521728516
1465,Dagon Myothit (North),Yangon City,MMR013D002,16.880493,96.195602,0.0,0.0,8.0,1.9091437,0.800000011920929,0.6181712746620178
1466,Dagon Myothit (North),Yangon City,MMR013D002,16.880493,96.196289,0.0,0.0,8.0,0.0,0.800000011920929,1.0
1467,Dagon Myothit (North),Yangon City,MMR013D002,16.88117980957,96.169509887695,0.0,0.0,6.0,3.5461073,0.8500000238418579,0.2907785177230835
1468,Dagon Myothit (North),Yangon City,MMR013D002,16.88117980957,96.177749633789,0.0,0.0,5.0,1.3808141,0.875,0.7238371968269348
1469,Dagon Myothit (North),Yangon City,MMR013D002,16.88117980957,96.185989379883,0.0,0.0,9.0,1.3808141,0.7749999761581421,0.7238371968269348
1470,Dagon Myothit (North),Yangon City,MMR013D002,16.88117980957,96.187362670898,0.0,0.0,7.0,2.2111168,0.824999988079071,0.5577766299247742
1471,Dagon Myothit (North),Yangon City,MMR013D002,16.88117980957,96.188735961914,0.0,0.0,6.0,0.0,0.8500000238418579,1.0
1472,Dagon Myothit (North),Yangon City,MMR013D002,16.88117980957,96.20246887207,0.0,0.0,5.0,3.138737,0.875,0.37225258350372314
1473,Dagon Myothit (North),Yangon City,MMR013D002,16.882553,96.16127,0.0,0.0,9.0,7.2845483,0.7749999761581421,0.0
1474,Dagon Myothit (North),Yangon City,MMR013D002,16.882553100586,96.169509887695,0.0,0.0,8.0,1.3808141,0.800000011920929,0.7238371968269348
1475,Dagon Myothit (North),Yangon City,MMR013D002,16.882553100586,96.177749633789,0.0,0.0,4.0,1.9946922,0.8999999761581421,0.6010615825653076
1476,Dagon Myothit (North),Yangon City,MMR013D002,16.882553100586,96.179122924805,0.0,0.0,7.0,0.9976483,0.824999988079071,0.8004703521728516
1477,Dagon Myothit (North),Yangon City,MMR013D002,16.882553100586,96.187362670898,0.0,0.0,7.0,0.9976483,0.824999988079071,0.8004703521728516
1478,Dagon Myothit (North),Yangon City,MMR013D002,16.882553100586,96.201095581055,0.0,0.0,8.0,1.9946922,0.800000011920929,0.6010615825653076
1479,Dagon Myothit (North),Yangon City,MMR013D002,16.882553,96.203156,0.0,0.0,6.0,2.760026,0.8500000238418579,0.44799482822418213
1480,Dagon Myothit (North),Yangon City,MMR013D002,16.882784,96.182693,0.0,0.0,3.0,3.8140574,0.925000011920929,0.23718851804733276
1481,Dagon Myothit (North),Yangon City,MMR013D002,16.88307,96.187225,0.0,0.0,8.0,0.9976483,0.800000011920929,0.8004703521728516
1482,Dagon Myothit (North),Yangon City,MMR013D002,16.883375,96.198886,0.0,0.0,8.0,2.862392,0.800000011920929,0.42752158641815186
1483,Dagon Myothit (North),Yangon City,MMR013D002,16.883583,96.195602,0.0,0.0,9.0,3.4869568,0.7749999761581421,0.3026086091995239
1484,Dagon Myothit (North),Yangon City,MMR013D002,16.883926391602,96.16813659668,0.0,0.0,7.0,0.9976483,0.824999988079071,0.8004703521728516
1485,Dagon Myothit (North),Yangon City,MMR013D002,16.883926391602,96.177749633789,0.0,0.0,5.0,1.9091437,0.875,0.6181712746620178
1486,Dagon Myothit (North),Yangon City,MMR013D002,16.883926391602,96.179122924805,0.0,0.0,5.0,1.3808141,0.875,0.7238371968269348
1487,Dagon Myothit (North),Yangon City,MMR013D002,16.883926391602,96.187362670898,0.0,0.0,9.0,1.3808141,0.7749999761581421,0.7238371968269348
1488,Dagon Myothit (North),Yangon City,MMR013D002,16.883926391602,96.201095581055,0.0,0.0,9.0,1.9946922,0.7749999761581421,0.6010615825653076
1489,Dagon Myothit (North),Yangon City,MMR013D002,16.883926391602,96.20246887207,0.0,0.0,7.0,1.3808141,0.824999988079071,0.7238371968269348
1490,Dagon Myothit (North),Yangon City,MMR013D002,16.8853,96.162643,0.0,0.0,6.0,6.8722596,0.8500000238418579,0.0
1491,Dagon Myothit (North),Yangon City,MMR013D002,16.885299682617,96.164016723633,0.0,0.0,7.0,2.2111168,0.824999988079071,0.5577766299247742
1492,Dagon Myothit (North),Yangon City,MMR013D002,16.885299682617,96.165390014648,0.0,0.0,5.0,2.153755,0.875,0.5692490339279175
1493,Dagon Myothit (North),Yangon City,MMR013D002,16.885299682617,96.166763305664,0.0,0.0,10.0,3.5461073,0.75,0.2907785177230835
1494,Dagon Myothit (North),Yangon City,MMR013D002,16.885299682617,96.177749633789,0.0,0.0,9.0,0.9976483,0.7749999761581421,0.8004703521728516
1495,Dagon Myothit (North),Yangon City,MMR013D002,16.885299682617,96.179122924805,0.0,0.0,5.0,1.3808141,0.875,0.7238371968269348
1496,Dagon Myothit (North),Yangon City,MMR013D002,16.885299682617,96.199722290039,0.0,0.0,8.0,2.862392,0.800000011920929,0.42752158641815186
1497,Dagon Myothit (North),Yangon City,MMR013D002,16.885986,96.168137,0.0,0.0,7.0,1.9946922,0.824999988079071,0.6010615825653076
1498,Dagon Myothit (North),Yangon City,MMR013D002,16.886351,96.176788,0.0,0.0,7.0,1.3808141,0.824999988079071,0.7238371968269348
1499,Dagon Myothit (North),Yangon City,MMR013D002,16.886576,96.178719,0.0,0.0,5.0,1.9091437,0.875,0.6181712746620178
1500,Dagon Myothit (North),Yangon City,MMR013D002,16.886673,96.16127,0.0,0.0,11.0,1.3808141,0.7250000238418579,0.7238371968269348
1501,Dagon Myothit (North),Yangon City,MMR013D002,16.886672973633,96.164016723633,0.0,0.0,7.0,1.9946922,0.824999988079071,0.6010615825653076
1502,Dagon Myothit (North),Yangon City,MMR013D002,16.886672973633,96.165390014648,0.0,0.0,7.0,0.0,0.824999988079071,1.0
1503,Dagon Myothit (North),Yangon City,MMR013D002,16.886672973633,96.166763305664,0.0,0.0,6.0,1.3808141,0.8500000238418579,0.7238371968269348
1504,Dagon Myothit (North),Yangon City,MMR013D002,16.886672973633,96.169509887695,0.0,0.0,5.0,0.9548369,0.875,0.8090326189994812
1505,Dagon Myothit (North),Yangon City,MMR013D002,16.886672973633,96.170883178711,0.0,0.0,6.0,3.5461073,0.8500000238418579,0.2907785177230835
1506,Dagon Myothit (North),Yangon City,MMR013D002,16.886672973633,96.176376342773,0.0,0.0,8.0,2.153755,0.800000011920929,0.5692490339279175
1507,Dagon Myothit (North),Yangon City,MMR013D002,16.886672973633,96.179122924805,0.0,0.0,8.0,1.3808141,0.800000011920929,0.7238371968269348
1508,Dagon Myothit (North),Yangon City,MMR013D002,16.886672973633,96.184616088867,0.0,0.0,8.0,1.9091437,0.800000011920929,0.6181712746620178
1509,Dagon Myothit (North),Yangon City,MMR013D002,16.886672973633,96.199722290039,0.0,0.0,10.0,6.0397077,0.75,0.0
1510,Dagon Myothit (North),Yangon City,MMR013D002,16.887222,96.164841,0.0,0.0,6.0,2.760026,0.8500000238418579,0.44799482822418213
1511,Dagon Myothit (North),Yangon City,MMR013D002,16.88736,96.199036,0.0,0.0,9.0,6.2587476,0.7749999761581421,0.0
1512,Dagon Myothit (North),Yangon City,MMR013D002,16.887724,96.179153,0.0,0.0,8.0,2.2111168,0.800000011920929,0.5577766299247742
1513,Dagon Myothit (North),Yangon City,MMR013D002,16.888046264648,96.162643432617,0.0,0.0,8.0,5.3264294,0.800000011920929,0.0
1514,Dagon Myothit (North),Yangon City,MMR013D002,16.888046264648,96.164016723633,0.0,0.0,11.0,2.9905288,0.7250000238418579,0.401894211769104
1515,Dagon Myothit (North),Yangon City,MMR013D002,16.888046264648,96.172256469727,0.0,0.0,9.0,0.9976483,0.7749999761581421,0.8004703521728516
1516,Dagon Myothit (North),Yangon City,MMR013D002,16.888046264648,96.173629760742,0.0,0.0,7.0,2.153755,0.824999988079071,0.5692490339279175
1517,Dagon Myothit (North),Yangon City,MMR013D002,16.888046264648,96.177749633789,0.0,0.0,8.0,1.9091437,0.800000011920929,0.6181712746620178
1518,Dagon Myothit (North),Yangon City,MMR013D002,16.888046264648,96.198348999023,0.0,0.0,6.0,0.9976483,0.8500000238418579,0.8004703521728516
1519,Dagon Myothit (North),Yangon City,MMR013D002,16.888635,96.173187,0.0,0.0,6.0,2.153755,0.8500000238418579,0.5692490339279175
1520,Dagon Myothit (North),Yangon City,MMR013D002,16.889097,96.181519,0.0,0.0,8.0,1.3808141,0.800000011920929,0.7238371968269348
1521,Dagon Myothit (North),Yangon City,MMR013D002,16.889384,96.174617,0.0,0.0,7.0,0.0,0.824999988079071,1.0
1522,Dagon Myothit (North),Yangon City,MMR013D002,16.889419555664,96.162643432617,0.0,0.0,7.0,6.2581224,0.824999988079071,0.0
1523,Dagon Myothit (North),Yangon City,MMR013D002,16.889419555664,96.175003051758,0.0,0.0,7.0,0.9976483,0.824999988079071,0.8004703521728516
1524,Dagon Myothit (North),Yangon City,MMR013D002,16.889419555664,96.181869506836,0.0,0.0,8.0,0.9976483,0.800000011920929,0.8004703521728516
1525,Dagon Myothit (North),Yangon City,MMR013D002,16.889419555664,96.183242797852,0.0,0.0,8.0,1.9946922,0.800000011920929,0.6010615825653076
1526,Dagon Myothit (North),Yangon City,MMR013D002,16.889419555664,96.196975708008,0.0,0.0,10.0,2.153755,0.75,0.5692490339279175
1527,Dagon Myothit (North),Yangon City,MMR013D002,16.889419555664,96.198348999023,0.0,0.0,4.0,4.8412433,0.8999999761581421,0.03175133466720581
1528,Dagon Myothit (North),Yangon City,MMR013D002,16.89045,96.17569,0.0,0.0,9.0,2.2111168,0.7749999761581421,0.5577766299247742
1529,Dagon Myothit (North),Yangon City,MMR013D002,16.89079284668,96.176376342773,0.0,0.0,6.0,2.2111168,0.8500000238418579,0.5577766299247742
1530,Dagon Myothit (North),Yangon City,MMR013D002,16.89079284668,96.177749633789,0.0,0.0,7.0,2.862392,0.824999988079071,0.42752158641815186
1531,Dagon Myothit (North),Yangon City,MMR013D002,16.89079284668,96.196975708008,0.0,0.0,8.0,2.153755,0.800000011920929,0.5692490339279175
1532,Dagon Myothit (North),Yangon City,MMR013D002,16.891346,96.190987,0.0,0.0,8.0,0.0,0.800000011920929,1.0
1533,Dagon Myothit (North),Yangon City,MMR013D002,16.891491,96.178741,0.0,0.0,9.0,0.9548369,0.7749999761581421,0.8090326189994812
1534,Dagon Myothit (North),Yangon City,MMR013D002,16.891724,96.190659,0.0,0.0,8.0,2.862392,0.800000011920929,0.42752158641815186
1535,Dagon Myothit (North),Yangon City,MMR013D002,16.891823,96.197319,0.0,0.0,7.0,2.2111168,0.824999988079071,0.5577766299247742
1536,Dagon Myothit (North),Yangon City,MMR013D002,16.891991,96.19397,0.0,0.0,9.0,1.9946922,0.7749999761581421,0.6010615825653076
1537,Dagon Myothit (North),Yangon City,MMR013D002,16.892073,96.194306,0.0,0.0,8.0,1.3808141,0.800000011920929,0.7238371968269348
1538,Dagon Myothit (North),Yangon City,MMR013D002,16.892154,96.194637,0.0,0.0,8.0,0.0,0.800000011920929,1.0
1539,Dagon Myothit (North),Yangon City,MMR013D002,16.892166137695,96.175003051758,0.0,0.0,7.0,3.0307229,0.824999988079071,0.3938554525375366
1540,Dagon Myothit (North),Yangon City,MMR013D002,16.892166,96.178436,0.0,0.0,6.0,2.153755,0.8500000238418579,0.5692490339279175
1541,Dagon Myothit (North),Yangon City,MMR013D002,16.892166137695,96.18049621582,0.0,0.0,7.0,3.8140574,0.824999988079071,0.23718851804733276
1542,Dagon Myothit (North),Yangon City,MMR013D002,16.892166137695,96.191482543945,0.0,0.0,6.0,0.9548369,0.8500000238418579,0.8090326189994812
1543,Dagon Myothit (North),Yangon City,MMR013D002,16.892166137695,96.192855834961,0.0,0.0,8.0,2.153755,0.800000011920929,0.5692490339279175
1544,Dagon Myothit (North),Yangon City,MMR013D002,16.892166137695,96.196975708008,0.0,0.0,4.0,2.2111168,0.8999999761581421,0.5577766299247742
1545,Dagon Myothit (North),Yangon City,MMR013D002,16.892302,96.180893,0.0,0.0,9.0,3.9845605,0.7749999761581421,0.2030879259109497
1546,Dagon Myothit (North),Yangon City,MMR013D002,16.89267,96.191763,0.0,0.0,8.0,4.7636194,0.800000011920929,0.04727613925933838
1547,Dagon Myothit (North),Yangon City,MMR013D002,16.893143,96.192314,0.0,0.0,9.0,4.096654,0.7749999761581421,0.18066918849945068
1548,Dagon Myothit (North),Yangon City,MMR013D002,16.893539428711,96.181869506836,0.0,0.0,3.0,0.0,0.925000011920929,1.0
1549,Dagon Myothit (North),Yangon City,MMR013D002,16.893539428711,96.183242797852,0.0,0.0,8.0,1.3808141,0.800000011920929,0.7238371968269348
1550,Dagon Myothit (North),Yangon City,MMR013D002,16.893539428711,96.184616088867,0.0,0.0,8.0,2.9905288,0.800000011920929,0.401894211769104
1551,Dagon Myothit (North),Yangon City,MMR013D002,16.893539428711,96.192855834961,0.0,0.0,10.0,4.9007516,0.75,0.019849658012390137
1552,Dagon Myothit (North),Yangon City,MMR013D002,16.894194,96.19397,0.0,0.0,8.0,0.9548369,0.800000011920929,0.8090326189994812
1553,Dagon Myothit (North),Yangon City,MMR013D002,16.894569,96.193543,0.0,0.0,9.0,0.9548369,0.7749999761581421,0.8090326189994812
1554,Dagon Myothit (North),Yangon City,MMR013D002,16.894698,96.180061,0.0,0.0,6.0,3.138737,0.8500000238418579,0.37225258350372314
1555,Dagon Myothit (North),Yangon City,MMR013D002,16.894751,96.193806,0.0,0.0,10.0,1.3808141,0.75,0.7238371968269348
1556,Dagon Myothit (North),Yangon City,MMR013D002,16.894912719727,96.184616088867,0.0,0.0,8.0,0.9976483,0.800000011920929,0.8004703521728516
1557,Dagon Myothit (North),Yangon City,MMR013D002,16.894912719727,96.185989379883,0.0,0.0,8.0,0.0,0.800000011920929,1.0
1558,Dagon Myothit (North),Yangon City,MMR013D002,16.894912719727,96.188735961914,0.0,0.0,5.0,5.1608467,0.875,0.0
1559,Dagon Myothit (North),Yangon City,MMR013D002,16.894939,96.193642,0.0,0.0,8.0,2.9905288,0.800000011920929,0.401894211769104
1560,Dagon Myothit (North),Yangon City,MMR013D002,16.895599,96.183243,0.0,0.0,6.0,1.3808141,0.8500000238418579,0.7238371968269348
1561,Dagon Myothit (North),Yangon City,MMR013D002,16.896035,96.180207,0.0,0.0,7.0,0.9976483,0.824999988079071,0.8004703521728516
1562,Dagon Myothit (North),Yangon City,MMR013D002,16.896161,96.18026,0.0,0.0,7.0,0.9976483,0.824999988079071,0.8004703521728516
1563,Dagon Myothit (North),Yangon City,MMR013D002,16.896286010742,96.185989379883,0.0,0.0,9.0,1.3808141,0.7749999761581421,0.7238371968269348
1564,Dagon Myothit (North),Yangon City,MMR013D002,16.896286010742,96.187362670898,0.0,0.0,5.0,3.9845605,0.875,0.2030879259109497
1565,Dagon Myothit (North),Yangon City,MMR013D002,16.896286010742,96.188735961914,0.0,0.0,10.0,0.9976483,0.75,0.8004703521728516
1566,Dagon Myothit (North),Yangon City,MMR013D002,16.896286010742,96.194229125977,0.0,0.0,9.0,3.9416327,0.7749999761581421,0.21167343854904175
1567,Dagon Myothit (North),Yangon City,MMR013D002,16.896875,96.178886,0.0,0.0,6.0,2.2111168,0.8500000238418579,0.5577766299247742
1568,Dagon Myothit (North),Yangon City,MMR013D002,16.896997,96.17408,0.0,0.0,7.0,1.3808141,0.824999988079071,0.7238371968269348
1569,Dagon Myothit (North),Yangon City,MMR013D002,16.897659301758,96.19010925293,0.0,0.0,8.0,0.9976483,0.800000011920929,0.8004703521728516
1570,Dagon Myothit (North),Yangon City,MMR013D002,16.897659301758,96.192855834961,0.0,0.0,6.0,0.9976483,0.8500000238418579,0.8004703521728516
1571,Dagon Myothit (North),Yangon City,MMR013D002,16.899032592773,96.188735961914,0.0,0.0,5.0,7.846306,0.875,0.0
1572,Dagon Myothit (North),Yangon City,MMR013D002,16.899032592773,96.19010925293,0.0,0.0,8.0,1.9091437,0.800000011920929,0.6181712746620178
1573,Dagon Myothit (North),Yangon City,MMR013D002,16.899032592773,96.191482543945,0.0,0.0,8.0,1.3808141,0.800000011920929,0.7238371968269348
1574,Dagon Myothit (North),Yangon City,MMR013D002,16.899032592773,96.192855834961,0.0,0.0,7.0,3.138737,0.824999988079071,0.37225258350372314
1575,Dagon Myothit (North),Yangon City,MMR013D002,16.90015,96.179787,0.0,0.0,7.0,1.3808141,0.824999988079071,0.7238371968269348
1576,Dagon Myothit (North),Yangon City,MMR013D002,16.90044,96.177963,0.0,0.0,7.0,2.2111168,0.824999988079071,0.5577766299247742
1577,Dagon Myothit (North),Yangon City,MMR013D002,16.901093,96.190796,0.0,0.0,7.0,2.2111168,0.824999988079071,0.5577766299247742
1578,Dagon Myothit (North),Yangon City,MMR013D002,16.901779174805,96.191482543945,0.0,0.0,7.0,3.0307229,0.824999988079071,0.3938554525375366
1579,Dagon Myothit (North),Yangon City,MMR013D002,16.902054,96.187363,0.0,0.0,10.0,1.9946922,0.75,0.6010615825653076
1580,Dagon Myothit (North),Yangon City,MMR013D002,16.904525756836,96.181869506836,0.0,0.0,12.0,1.9091437,0.699999988079071,0.6181712746620178
1581,Dagon Myothit (North),Yangon City,MMR013D002,16.904525756836,96.19010925293,0.0,0.0,8.0,1.3808141,0.800000011920929,0.7238371968269348
1582,Dagon Myothit (North),Yangon City,MMR013D002,16.907705,96.180912,0.0,0.0,8.0,0.9548369,0.800000011920929,0.8090326189994812
1583,Dagon Myothit (North),Yangon City,MMR013D002,16.910018920898,96.179122924805,0.0,0.0,9.0,0.9976483,0.7749999761581421,0.8004703521728516
1584,Dagon Myothit (North),Yangon City,MMR013D002,16.915512084961,96.179122924805,0.0,0.0,11.0,0.9548369,0.7250000238418579,0.8090326189994812
1585,Dagon Myothit (Seikkan),Yangon City,MMR013D002,16.805648803711,96.238174438477,0.0,0.0,6.0,1.3808141,0.8500000238418579,0.7238371968269348
1586,Dagon Myothit (Seikkan),Yangon City,MMR013D002,16.807022094727,96.236801147461,0.0,0.0,4.0,1.3808141,0.8999999761581421,0.7238371968269348
1587,Dagon Myothit (Seikkan),Yangon City,MMR013D002,16.807022094727,96.238174438477,0.0,0.0,6.0,4.3014402,0.8500000238418579,0.13971197605133057
1588,Dagon Myothit (Seikkan),Yangon City,MMR013D002,16.807022094727,96.239547729492,0.0,0.0,8.0,0.9548369,0.800000011920929,0.8090326189994812
1589,Dagon Myothit (Seikkan),Yangon City,MMR013D002,16.807022094727,96.240921020508,0.0,0.0,7.0,4.3014402,0.824999988079071,0.13971197605133057
1590,Dagon Myothit (Seikkan),Yangon City,MMR013D002,16.810455,96.239548,0.0,0.0,6.0,1.9091437,0.8500000238418579,0.6181712746620178
1591,Dagon Myothit (Seikkan),Yangon City,MMR013D002,16.811141967773,96.264266967773,0.0,0.0,8.0,2.760026,0.800000011920929,0.44799482822418213
1592,Dagon Myothit (Seikkan),Yangon City,MMR013D002,16.813888549805,96.264266967773,0.0,0.0,6.0,2.862392,0.8500000238418579,0.42752158641815186
1593,Dagon Myothit (Seikkan),Yangon City,MMR013D002,16.814576,96.249847,0.0,0.0,6.0,0.9976483,0.8500000238418579,0.8004703521728516
1594,Dagon Myothit (Seikkan),Yangon City,MMR013D002,16.816635131836,96.243667602539,0.0,0.0,5.0,1.3808141,0.875,0.7238371968269348
1595,Dagon Myothit (Seikkan),Yangon City,MMR013D002,16.816635131836,96.262893676758,0.0,0.0,6.0,1.3808141,0.8500000238418579,0.7238371968269348
1596,Dagon Myothit (Seikkan),Yangon City,MMR013D002,16.818009,96.258315,0.0,0.0,3.0,0.0,0.925000011920929,1.0
1597,Dagon Myothit (Seikkan),Yangon City,MMR013D002,16.824465,96.265626,0.0,0.0,13.0,7.065254,0.675000011920929,0.0
1598,Dagon Myothit (Seikkan),Yangon City,MMR013D002,16.824633,96.266121,0.0,0.0,16.0,6.949956,0.6000000238418579,0.0
1599,Dagon Myothit (Seikkan),Yangon City,MMR013D002,16.824637,96.266127,0.0,0.0,16.0,6.949956,0.6000000238418579,0.0
1600,Dagon Myothit (Seikkan),Yangon City,MMR013D002,16.8247,96.265741,0.0,0.0,12.0,5.0660734,0.699999988079071,0.0
1601,Dagon Myothit (Seikkan),Yangon City,MMR013D002,16.824704,96.266058,0.0,0.0,16.0,6.949956,0.6000000238418579,0.0
1602,Dagon Myothit (Seikkan),Yangon City,MMR013D002,16.824763,96.265689,0.0,0.0,12.0,5.0660734,0.699999988079071,0.0
1603,Dagon Myothit (Seikkan),Yangon City,MMR013D002,16.824786,96.266073,0.0,0.0,16.0,6.949956,0.6000000238418579,0.0
1604,Dagon Myothit (Seikkan),Yangon City,MMR013D002,16.824799,96.265878,0.0,0.0,12.0,5.0660734,0.699999988079071,0.0
1605,Dagon Myothit (Seikkan),Yangon City,MMR013D002,16.824808,96.265807,0.0,0.0,12.0,5.0660734,0.699999988079071,0.0
1606,Dagon Myothit (Seikkan),Yangon City,MMR013D002,16.82487487793,96.267013549805,0.0,0.0,16.0,8.151844,0.6000000238418579,0.0
1607,Dagon Myothit (Seikkan),Yangon City,MMR013D002,16.82487487793,96.269760131836,0.0,0.0,7.0,5.0660734,0.824999988079071,0.0
1608,Dagon Myothit (Seikkan),Yangon City,MMR013D002,16.824982,96.265978,0.0,0.0,17.0,6.949956,0.574999988079071,0.0
1609,Dagon Myothit (Seikkan),Yangon City,MMR013D002,16.825074,96.264895,0.0,0.0,15.0,2.2111168,0.625,0.5577766299247742
1610,Dagon Myothit (Seikkan),Yangon City,MMR013D002,16.825096,96.265832,0.0,0.0,11.0,4.415667,0.7250000238418579,0.1168665885925293
1611,Dagon Myothit (Seikkan),Yangon City,MMR013D002,16.825124,96.265101,0.0,0.0,13.0,1.9946922,0.675000011920929,0.6010615825653076
1612,Dagon Myothit (Seikkan),Yangon City,MMR013D002,16.825118,96.265525,0.0,0.0,12.0,2.760026,0.699999988079071,0.44799482822418213
1613,Dagon Myothit (Seikkan),Yangon City,MMR013D002,16.825194,96.265851,0.0,0.0,11.0,4.415667,0.7250000238418579,0.1168665885925293
1614,Dagon Myothit (Seikkan),Yangon City,MMR013D002,16.825262,96.264992,0.0,0.0,14.0,2.2111168,0.6499999761581421,0.5577766299247742
1615,Dagon Myothit (Seikkan),Yangon City,MMR013D002,16.82556,96.26351,0.0,0.0,15.0,4.096654,0.625,0.18066918849945068
1616,Dagon Myothit (Seikkan),Yangon City,MMR013D002,16.825562,96.26976,0.0,0.0,5.0,2.760026,0.875,0.44799482822418213
1617,Dagon Myothit (Seikkan),Yangon City,MMR013D002,16.826248168945,96.247787475586,0.0,0.0,3.0,4.3014402,0.925000011920929,0.13971197605133057
1618,Dagon Myothit (Seikkan),Yangon City,MMR013D002,16.826248168945,96.26838684082,0.0,0.0,7.0,5.0660734,0.824999988079071,0.0
1619,Dagon Myothit (Seikkan),Yangon City,MMR013D002,16.827164,96.269302,0.0,0.0,5.0,4.415667,0.875,0.1168665885925293
1620,Dagon Myothit (Seikkan),Yangon City,MMR013D002,16.830368041992,96.279373168945,0.0,0.0,7.0,2.2111168,0.824999988079071,0.5577766299247742
1621,Dagon Myothit (Seikkan),Yangon City,MMR013D002,16.833114624023,96.271133422852,0.0,0.0,8.0,3.9845605,0.800000011920929,0.2030879259109497
1622,Dagon Myothit (Seikkan),Yangon City,MMR013D002,16.834487915039,96.247787475586,0.0,0.0,6.0,0.9548369,0.8500000238418579,0.8090326189994812
1623,Dagon Myothit (Seikkan),Yangon City,MMR013D002,16.834487915039,96.27799987793,0.0,0.0,8.0,1.3808141,0.800000011920929,0.7238371968269348
1624,Dagon Myothit (Seikkan),Yangon City,MMR013D002,16.835861,96.270675,0.0,0.0,4.0,2.760026,0.8999999761581421,0.44799482822418213
1625,Dagon Myothit (Seikkan),Yangon City,MMR013D002,16.83723449707,96.249160766602,0.0,0.0,8.0,2.760026,0.800000011920929,0.44799482822418213
1626,Dagon Myothit (Seikkan),Yangon City,MMR013D002,16.83723449707,96.279373168945,0.0,0.0,6.0,1.3808141,0.8500000238418579,0.7238371968269348
1627,Dagon Myothit (Seikkan),Yangon City,MMR013D002,16.84684753418,96.247787475586,0.0,0.0,7.0,0.0,0.824999988079071,1.0
1628,Dagon Myothit (Seikkan),Yangon City,MMR013D002,16.849594116211,96.282119750977,0.0,0.0,8.0,0.9976483,0.800000011920929,0.8004703521728516
1629,Dagon Myothit (Seikkan),Yangon City,MMR013D002,16.853028,96.262206,0.0,0.0,4.0,2.2111168,0.8999999761581421,0.5577766299247742
1630,Dagon Myothit (Seikkan),Yangon City,MMR013D002,16.85920715332,96.280746459961,0.0,0.0,8.0,5.507302,0.800000011920929,0.0
1631,Dagon Myothit (Seikkan),Yangon City,MMR013D002,16.861953735352,96.280746459961,0.0,0.0,6.0,3.0307229,0.8500000238418579,0.3938554525375366
1632,Dagon Myothit (Seikkan),Yangon City,MMR013D002,16.866073608398,96.279373168945,0.0,0.0,7.0,2.2111168,0.824999988079071,0.5577766299247742
1633,Dagon Myothit (Seikkan),Yangon City,MMR013D002,16.867446899414,96.279373168945,0.0,0.0,7.0,0.9548369,0.824999988079071,0.8090326189994812
1634,Dagon Myothit (Seikkan),Yangon City,MMR013D002,16.870193481445,96.279373168945,0.0,0.0,6.0,0.9548369,0.8500000238418579,0.8090326189994812
1635,Dagon Myothit (Seikkan),Yangon City,MMR013D002,16.919631958008,96.332931518555,0.0,0.0,4.0,0.9976483,0.8999999761581421,0.8004703521728516
1636,Dagon Myothit (South),Yangon City,MMR013D002,16.81407,96.231118,0.0,0.0,4.0,2.760026,0.8999999761581421,0.44799482822418213
1637,Dagon Myothit (South),Yangon City,MMR013D002,16.817869,96.231618,0.0,0.0,5.0,0.9976483,0.875,0.8004703521728516
1638,Dagon Myothit (South),Yangon City,MMR013D002,16.820674,96.229556,0.0,0.0,3.0,0.9976483,0.925000011920929,0.8004703521728516
1639,Dagon Myothit (South),Yangon City,MMR013D002,16.820698,96.229359,0.0,0.0,2.0,0.9976483,0.949999988079071,0.8004703521728516
1640,Dagon Myothit (South),Yangon City,MMR013D002,16.821293,96.234108,0.0,0.0,5.0,2.862392,0.875,0.42752158641815186
1641,Dagon Myothit (South),Yangon City,MMR013D002,16.821554,96.231711,0.0,0.0,4.0,1.9091437,0.8999999761581421,0.6181712746620178
1642,Dagon Myothit (South),Yangon City,MMR013D002,16.821929,96.23249,0.0,0.0,6.0,5.733568,0.8500000238418579,0.0
1643,Dagon Myothit (South),Yangon City,MMR013D002,16.822205,96.236404,0.0,0.0,2.0,1.9946922,0.949999988079071,0.6010615825653076
1644,Dagon Myothit (South),Yangon City,MMR013D002,16.82491,96.231504,0.0,0.0,5.0,2.760026,0.875,0.44799482822418213
1645,Dagon Myothit (South),Yangon City,MMR013D002,16.82806,96.219841,0.0,0.0,5.0,0.9548369,0.875,0.8090326189994812
1646,Dagon Myothit (South),Yangon City,MMR013D002,16.831284,96.231766,0.0,0.0,6.0,1.3808141,0.8500000238418579,0.7238371968269348
1647,Dagon Myothit (South),Yangon City,MMR013D002,16.831741333008,96.218948364258,0.0,0.0,8.0,2.760026,0.800000011920929,0.44799482822418213
1648,Dagon Myothit (South),Yangon City,MMR013D002,16.833762,96.219865,0.0,0.0,9.0,2.2111168,0.7749999761581421,0.5577766299247742
1649,Dagon Myothit (South),Yangon City,MMR013D002,16.833874,96.221832,0.0,0.0,5.0,0.9976483,0.875,0.8004703521728516
1650,Dagon Myothit (South),Yangon City,MMR013D002,16.835112,96.229462,0.0,0.0,7.0,2.153755,0.824999988079071,0.5692490339279175
1651,Dagon Myothit (South),Yangon City,MMR013D002,16.837399,96.230156,0.0,0.0,7.0,2.153755,0.824999988079071,0.5692490339279175
1652,Dagon Myothit (South),Yangon City,MMR013D002,16.838607788086,96.220321655273,0.0,0.0,8.0,1.3808141,0.800000011920929,0.7238371968269348
1653,Dagon Myothit (South),Yangon City,MMR013D002,16.838607788086,96.243667602539,0.0,0.0,8.0,1.9091437,0.800000011920929,0.6181712746620178
1654,Dagon Myothit (South),Yangon City,MMR013D002,16.839068,96.231335,0.0,0.0,11.0,1.3808141,0.7250000238418579,0.7238371968269348
1655,Dagon Myothit (South),Yangon City,MMR013D002,16.839291,96.229642,0.0,0.0,9.0,2.9905288,0.7749999761581421,0.401894211769104
1656,Dagon Myothit (South),Yangon City,MMR013D002,16.841354370117,96.221694946289,0.0,0.0,7.0,1.9091437,0.824999988079071,0.6181712746620178
1657,Dagon Myothit (South),Yangon City,MMR013D002,16.842727661133,96.223068237305,0.0,0.0,6.0,1.9091437,0.8500000238418579,0.6181712746620178
1658,Dagon Myothit (South),Yangon City,MMR013D002,16.842727661133,96.227188110352,0.0,0.0,8.0,2.153755,0.800000011920929,0.5692490339279175
1659,Dagon Myothit (South),Yangon City,MMR013D002,16.842727661133,96.229934692383,0.0,0.0,3.0,4.7636194,0.925000011920929,0.04727613925933838
1660,Dagon Myothit (South),Yangon City,MMR013D002,16.844100952148,96.220321655273,0.0,0.0,8.0,1.3808141,0.800000011920929,0.7238371968269348
1661,Dagon Myothit (South),Yangon City,MMR013D002,16.844100952148,96.221694946289,0.0,0.0,4.0,0.9548369,0.8999999761581421,0.8090326189994812
1662,Dagon Myothit (South),Yangon City,MMR013D002,16.844100952148,96.22444152832,0.0,0.0,11.0,2.9905288,0.7250000238418579,0.401894211769104
1663,Dagon Myothit (South),Yangon City,MMR013D002,16.845474243164,96.22444152832,0.0,0.0,9.0,2.2111168,0.7749999761581421,0.5577766299247742
1664,Dagon Myothit (South),Yangon City,MMR013D002,16.845474243164,96.225814819336,0.0,0.0,9.0,2.2111168,0.7749999761581421,0.5577766299247742
1665,Dagon Myothit (South),Yangon City,MMR013D002,16.84684753418,96.223068237305,0.0,0.0,6.0,5.733568,0.8500000238418579,0.0
1666,Dagon Myothit (South),Yangon City,MMR013D002,16.84684753418,96.22444152832,0.0,0.0,7.0,1.3808141,0.824999988079071,0.7238371968269348
1667,Dagon Myothit (South),Yangon City,MMR013D002,16.84684753418,96.225814819336,0.0,0.0,8.0,1.3808141,0.800000011920929,0.7238371968269348
1668,Dagon Myothit (South),Yangon City,MMR013D002,16.848220825195,96.218948364258,0.0,0.0,7.0,2.760026,0.824999988079071,0.44799482822418213
1669,Dagon Myothit (South),Yangon City,MMR013D002,16.848220825195,96.223068237305,0.0,0.0,8.0,3.5461073,0.800000011920929,0.2907785177230835
1670,Dagon Myothit (South),Yangon City,MMR013D002,16.848220825195,96.225814819336,0.0,0.0,7.0,0.0,0.824999988079071,1.0
1671,Dagon Myothit (South),Yangon City,MMR013D002,16.84849,96.222137,0.0,0.0,7.0,0.9548369,0.824999988079071,0.8090326189994812
1672,Dagon Myothit (South),Yangon City,MMR013D002,16.849594116211,96.227188110352,0.0,0.0,8.0,2.153755,0.800000011920929,0.5692490339279175
1673,Dagon Myothit (South),Yangon City,MMR013D002,16.850052,96.210251,0.0,0.0,2.0,7.013975,0.949999988079071,0.0
1674,Dagon Myothit (South),Yangon City,MMR013D002,16.850149,96.220383,0.0,0.0,9.0,2.862392,0.7749999761581421,0.42752158641815186
1675,Dagon Myothit (South),Yangon City,MMR013D002,16.850281,96.210709,0.0,0.0,7.0,1.9091437,0.824999988079071,0.6181712746620178
1676,Dagon Myothit (South),Yangon City,MMR013D002,16.850822,96.244064,0.0,0.0,10.0,3.138737,0.75,0.37225258350372314
1677,Dagon Myothit (South),Yangon City,MMR013D002,16.850967407227,96.210708618164,0.0,0.0,9.0,4.096654,0.7749999761581421,0.18066918849945068
1678,Dagon Myothit (South),Yangon City,MMR013D002,16.850967407227,96.218948364258,0.0,0.0,3.0,3.138737,0.925000011920929,0.37225258350372314
1679,Dagon Myothit (South),Yangon City,MMR013D002,16.850967407227,96.23405456543,0.0,0.0,9.0,2.2111168,0.7749999761581421,0.5577766299247742
1680,Dagon Myothit (South),Yangon City,MMR013D002,16.852271,96.221326,0.0,0.0,9.0,3.138737,0.7749999761581421,0.37225258350372314
1681,Dagon Myothit (South),Yangon City,MMR013D002,16.852340698242,96.217575073242,0.0,0.0,5.0,2.9905288,0.875,0.401894211769104
1682,Dagon Myothit (South),Yangon City,MMR013D002,16.853713989258,96.213455200195,0.0,0.0,7.0,0.9548369,0.824999988079071,0.8090326189994812
1683,Dagon Myothit (South),Yangon City,MMR013D002,16.853713989258,96.216201782227,0.0,0.0,7.0,2.9905288,0.824999988079071,0.401894211769104
1684,Dagon Myothit (South),Yangon City,MMR013D002,16.853713989258,96.217575073242,0.0,0.0,8.0,2.2111168,0.800000011920929,0.5577766299247742
1685,Dagon Myothit (South),Yangon City,MMR013D002,16.853713989258,96.239547729492,0.0,0.0,10.0,1.3808141,0.75,0.7238371968269348
1686,Dagon Myothit (South),Yangon City,MMR013D002,16.855087,96.211395,0.0,0.0,5.0,0.0,0.875,1.0
1687,Dagon Myothit (South),Yangon City,MMR013D002,16.855087280273,96.21208190918,0.0,0.0,7.0,3.138737,0.824999988079071,0.37225258350372314
1688,Dagon Myothit (South),Yangon City,MMR013D002,16.856283,96.214752,0.0,0.0,6.0,2.2111168,0.8500000238418579,0.5577766299247742
1689,Dagon Myothit (South),Yangon City,MMR013D002,16.856460571289,96.21208190918,0.0,0.0,9.0,0.9548369,0.7749999761581421,0.8090326189994812
1690,Dagon Myothit (South),Yangon City,MMR013D002,16.856460571289,96.216201782227,0.0,0.0,5.0,4.096654,0.875,0.18066918849945068
1691,Dagon Myothit (South),Yangon City,MMR013D002,16.856460571289,96.236801147461,0.0,0.0,11.0,2.2111168,0.7250000238418579,0.5577766299247742
1692,Dagon Myothit (South),Yangon City,MMR013D002,16.857833862305,96.213455200195,0.0,0.0,6.0,1.9091437,0.8500000238418579,0.6181712746620178
1693,Dagon Myothit (South),Yangon City,MMR013D002,16.857833862305,96.229934692383,0.0,0.0,9.0,2.153755,0.7749999761581421,0.5692490339279175
1694,Dagon Myothit (South),Yangon City,MMR013D002,16.859564,96.214592,0.0,0.0,6.0,1.3808141,0.8500000238418579,0.7238371968269348
1695,Dagon Myothit (South),Yangon City,MMR013D002,16.860580444336,96.214828491211,0.0,0.0,7.0,1.3808141,0.824999988079071,0.7238371968269348
1696,Dagon Myothit (South),Yangon City,MMR013D002,16.860754,96.243401,0.0,0.0,9.0,0.9976483,0.7749999761581421,0.8004703521728516
1697,Dagon Myothit (South),Yangon City,MMR013D002,16.861953735352,96.216201782227,0.0,0.0,7.0,1.3808141,0.824999988079071,0.7238371968269348
1698,Dagon Myothit (South),Yangon City,MMR013D002,16.863327026367,96.217575073242,0.0,0.0,11.0,0.9976483,0.7250000238418579,0.8004703521728516
1699,Dagon Myothit (South),Yangon City,MMR013D002,16.864700317383,96.22444152832,0.0,0.0,7.0,4.415667,0.824999988079071,0.1168665885925293
1700,Dagon Myothit (South),Yangon City,MMR013D002,16.864700317383,96.25602722168,0.0,0.0,10.0,0.9548369,0.75,0.8090326189994812
1701,Dagon Myothit (South),Yangon City,MMR013D002,16.866073608398,96.22444152832,0.0,0.0,8.0,1.9091437,0.800000011920929,0.6181712746620178
1702,Dagon Myothit (South),Yangon City,MMR013D002,16.866817,96.25069,0.0,0.0,6.0,1.9946922,0.8500000238418579,0.6010615825653076
1703,Dagon Myothit (South),Yangon City,MMR013D002,16.867092,96.251281,0.0,0.0,7.0,2.9905288,0.824999988079071,0.401894211769104
1704,Dagon Myothit (South),Yangon City,MMR013D002,16.867446899414,96.221694946289,0.0,0.0,12.0,0.9548369,0.699999988079071,0.8090326189994812
1705,Dagon Myothit (South),Yangon City,MMR013D002,16.868129,96.252409,0.0,0.0,10.0,1.3808141,0.75,0.7238371968269348
1706,Dagon Myothit (South),Yangon City,MMR013D002,16.868139,96.251863,0.0,0.0,11.0,1.3808141,0.7250000238418579,0.7238371968269348
1707,Dagon Myothit (South),Yangon City,MMR013D002,16.86882019043,96.223068237305,0.0,0.0,7.0,0.9976483,0.824999988079071,0.8004703521728516
1708,Dagon Myothit (South),Yangon City,MMR013D002,16.869191,96.255079,0.0,0.0,9.0,0.9976483,0.7749999761581421,0.8004703521728516
1709,Dagon Myothit (South),Yangon City,MMR013D002,16.870193481445,96.22444152832,0.0,0.0,7.0,0.9976483,0.824999988079071,0.8004703521728516
1710,Dagon Myothit (South),Yangon City,MMR013D002,16.872940063477,96.265640258789,0.0,0.0,8.0,2.2111168,0.800000011920929,0.5577766299247742
1711,Dagon Myothit (South),Yangon City,MMR013D002,16.875686645508,96.228561401367,0.0,0.0,8.0,2.2111168,0.800000011920929,0.5577766299247742
1712,Dagon Myothit (South),Yangon City,MMR013D002,16.877047,96.262985,0.0,0.0,6.0,3.0307229,0.8500000238418579,0.3938554525375366
1713,Dagon Myothit (South),Yangon City,MMR013D002,16.877059936523,96.229934692383,0.0,0.0,9.0,2.2111168,0.7749999761581421,0.5577766299247742
1714,Dagon Myothit (South),Yangon City,MMR013D002,16.877059936523,96.265640258789,0.0,0.0,5.0,3.138737,0.875,0.37225258350372314
1715,Dagon Myothit (South),Yangon City,MMR013D002,16.878433227539,96.231307983398,0.0,0.0,11.0,3.5461073,0.7250000238418579,0.2907785177230835
1716,Dagon Myothit (South),Yangon City,MMR013D002,16.878433227539,96.247787475586,0.0,0.0,4.0,1.3808141,0.8999999761581421,0.7238371968269348
1717,Dagon Myothit (South),Yangon City,MMR013D002,16.878433227539,96.275253295898,0.0,0.0,6.0,3.5461073,0.8500000238418579,0.2907785177230835
1718,Dagon Myothit (South),Yangon City,MMR013D002,16.88117980957,96.257400512695,0.0,0.0,10.0,0.9976483,0.75,0.8004703521728516
1719,Dagon Myothit (South),Yangon City,MMR013D002,16.882553100586,96.23405456543,0.0,0.0,6.0,1.3808141,0.8500000238418579,0.7238371968269348
1720,Dagon Myothit (South),Yangon City,MMR013D002,16.882553100586,96.250534057617,0.0,0.0,3.0,2.2111168,0.925000011920929,0.5577766299247742
1721,Dagon Myothit (South),Yangon City,MMR013D002,16.885299682617,96.240921020508,0.0,0.0,5.0,1.9091437,0.875,0.6181712746620178
1722,Dagon Myothit (South),Yangon City,MMR013D002,16.885299682617,96.242294311523,0.0,0.0,0.0,2.153755,1.0,0.5692490339279175
1723,Dagon Myothit (South),Yangon City,MMR013D002,16.886672973633,96.236801147461,0.0,0.0,8.0,1.9946922,0.800000011920929,0.6010615825653076
1724,Dagon Myothit (South),Yangon City,MMR013D002,16.886672973633,96.247787475586,0.0,0.0,7.0,4.1360445,0.824999988079071,0.17279112339019775
1725,Dagon Myothit (South),Yangon City,MMR013D002,16.886672973633,96.251907348633,0.0,0.0,6.0,2.760026,0.8500000238418579,0.44799482822418213
1726,Dagon Myothit (South),Yangon City,MMR013D002,16.888046264648,96.238174438477,0.0,0.0,7.0,3.0307229,0.824999988079071,0.3938554525375366
1727,Dagon Myothit (South),Yangon City,MMR013D002,16.888046264648,96.250534057617,0.0,0.0,5.0,0.9548369,0.875,0.8090326189994812
1728,Dagon Myothit (South),Yangon City,MMR013D002,16.888046264648,96.254653930664,0.0,0.0,5.0,0.0,0.875,1.0
1729,Dagon Myothit (South),Yangon City,MMR013D002,16.889419555664,96.249160766602,0.0,0.0,6.0,1.3808141,0.8500000238418579,0.7238371968269348
1730,Dagon Myothit (South),Yangon City,MMR013D002,16.889419555664,96.25602722168,0.0,0.0,8.0,0.9976483,0.800000011920929,0.8004703521728516
1731,Dagon Myothit (South),Yangon City,MMR013D002,16.89079284668,96.239547729492,0.0,0.0,7.0,2.760026,0.824999988079071,0.44799482822418213
1732,Dagon Myothit (South),Yangon City,MMR013D002,16.89079284668,96.251907348633,0.0,0.0,5.0,2.153755,0.875,0.5692490339279175
1733,Dagon Myothit (South),Yangon City,MMR013D002,16.891422,96.256332,0.0,0.0,7.0,0.0,0.824999988079071,1.0
1734,Dagon Myothit (South),Yangon City,MMR013D002,16.891789,96.246021,0.0,0.0,5.0,0.9976483,0.875,0.8004703521728516
1735,Dagon Myothit (South),Yangon City,MMR013D002,16.892166137695,96.250534057617,0.0,0.0,6.0,1.3808141,0.8500000238418579,0.7238371968269348
1736,Dagon Myothit (South),Yangon City,MMR013D002,16.892166137695,96.25602722168,0.0,0.0,6.0,2.153755,0.8500000238418579,0.5692490339279175
1737,Dagon Myothit (South),Yangon City,MMR013D002,16.893539428711,96.242294311523,0.0,0.0,5.0,1.3808141,0.875,0.7238371968269348
1738,Dagon Myothit (South),Yangon City,MMR013D002,16.894912719727,96.245040893555,0.0,0.0,6.0,0.9548369,0.8500000238418579,0.8090326189994812
1739,Dagon Myothit (South),Yangon City,MMR013D002,16.894912719727,96.24641418457,0.0,0.0,5.0,4.096654,0.875,0.18066918849945068
1740,Dagon Myothit (South),Yangon City,MMR013D002,16.896286010742,96.243667602539,0.0,0.0,5.0,2.862392,0.875,0.42752158641815186
1741,Dagon Myothit (South),Yangon City,MMR013D002,16.897659301758,96.245040893555,0.0,0.0,6.0,2.2111168,0.8500000238418579,0.5577766299247742
1742,Dagon Myothit (South),Yangon City,MMR013D002,16.899744,96.259468,0.0,0.0,8.0,2.2111168,0.800000011920929,0.5577766299247742
1743,Dagon Myothit (South),Yangon City,MMR013D002,16.900405883789,96.24641418457,0.0,0.0,9.0,0.9548369,0.7749999761581421,0.8090326189994812
1744,Dagon Myothit (South),Yangon City,MMR013D002,16.901426,96.250141,0.0,0.0,6.0,0.9548369,0.8500000238418579,0.8090326189994812
1745,Dagon Myothit (South),Yangon City,MMR013D002,16.901839,96.250076,0.0,0.0,6.0,3.5461073,0.8500000238418579,0.2907785177230835
1746,Dagon Myothit (South),Yangon City,MMR013D002,16.902804,96.249998,0.0,0.0,8.0,0.9548369,0.800000011920929,0.8090326189994812
1747,Dagon Myothit (South),Yangon City,MMR013D002,16.910018920898,96.251907348633,0.0,0.0,8.0,2.2111168,0.800000011920929,0.5577766299247742
1748,Dagon Myothit (South),Yangon City,MMR013D002,16.915684,96.257229,0.0,0.0,5.0,3.138737,0.875,0.37225258350372314
1749,Dagon Myothit (South),Yangon City,MMR013D002,16.921005,96.265297,0.0,0.0,7.0,2.153755,0.824999988079071,0.5692490339279175
1750,Dagon Myothit (South),Yangon City,MMR013D002,16.921005249023,96.265640258789,0.0,0.0,8.0,1.3808141,0.800000011920929,0.7238371968269348
1751,Dagon Myothit (South),Yangon City,MMR013D002,16.921005249023,96.267013549805,0.0,0.0,7.0,0.9548369,0.824999988079071,0.8090326189994812
1752,Dagon Myothit (South),Yangon City,MMR013D002,16.922378540039,96.265640258789,0.0,0.0,7.0,0.0,0.824999988079071,1.0
1753,Dagon Myothit (South),Yangon City,MMR013D002,16.923693,96.273155,0.0,0.0,5.0,1.3808141,0.875,0.7238371968269348
1754,Dagon Myothit (South),Yangon City,MMR013D002,16.928089,96.271328,0.0,0.0,5.0,1.9091437,0.875,0.6181712746620178
1755,Dagon Myothit (South),Yangon City,MMR013D002,16.929117,96.271795,0.0,0.0,7.0,1.3808141,0.824999988079071,0.7238371968269348
1756,Dagon Myothit (South),Yangon City,MMR013D002,16.929244995117,96.26838684082,0.0,0.0,8.0,0.9976483,0.800000011920929,0.8004703521728516
1757,Dagon Myothit (South),Yangon City,MMR013D002,16.929599,96.272916,0.0,0.0,6.0,1.3808141,0.8500000238418579,0.7238371968269348
1758,Dagon Myothit (South),Yangon City,MMR013D002,16.931902,96.272995,0.0,0.0,9.0,0.0,0.7749999761581421,1.0
1759,Dagon Myothit (South),Yangon City,MMR013D002,16.932705,96.273093,0.0,0.0,6.0,1.3808141,0.8500000238418579,0.7238371968269348
1760,Dagon Myothit (South),Yangon City,MMR013D002,16.934155,96.274265,0.0,0.0,7.0,0.9548369,0.824999988079071,0.8090326189994812
1761,Dagon Myothit (South),Yangon City,MMR013D002,16.934608,96.273731,0.0,0.0,8.0,2.2111168,0.800000011920929,0.5577766299247742
1762,Dagon Myothit (South),Yangon City,MMR013D002,16.93493,96.273735,0.0,0.0,7.0,0.9548369,0.824999988079071,0.8090326189994812
1763,Dagon Myothit (South),Yangon City,MMR013D002,16.953964233398,96.304092407227,0.0,0.0,8.0,4.3014402,0.800000011920929,0.13971197605133057
1764,Dagon Myothit (South),Yangon City,MMR013D002,16.962203979492,96.294479370117,0.0,0.0,6.0,1.3808141,0.8500000238418579,0.7238371968269348
1765,Dala,Yangon City,MMR013D003,16.641315,96.13355,0.5283208335737188,2.0,5.0,0.9976483,0.875,0.8004703521728516
1766,Dala,Yangon City,MMR013D003,16.731492,96.155082,0.3333333333333333,1.0,4.0,1.3808141,0.8999999761581421,0.7238371968269348
1767,Dala,Yangon City,MMR013D003,16.758041,96.152573,0.0,0.0,4.0,0.9976483,0.8999999761581421,0.8004703521728516
1768,Dala,Yangon City,MMR013D003,16.758041,96.15303,0.0,0.0,4.0,3.9845605,0.8999999761581421,0.2030879259109497
1769,Dala,Yangon City,MMR013D003,16.758133,96.15303,0.0,0.0,4.0,3.9845605,0.8999999761581421,0.2030879259109497
1770,Dala,Yangon City,MMR013D003,16.761599,96.136192,0.0,0.0,3.0,2.862392,0.925000011920929,0.42752158641815186
1771,Dala,Yangon City,MMR013D003,16.766109,96.141172,0.0,0.0,6.0,3.0307229,0.8500000238418579,0.3938554525375366
1772,Dala,Yangon City,MMR013D003,16.7665,96.142197,0.0,0.0,4.0,4.7636194,0.8999999761581421,0.04727613925933838
1773,Dala,Yangon City,MMR013D003,16.766785,96.141357,0.0,0.0,8.0,3.8140574,0.800000011920929,0.23718851804733276
1774,Dala,Yangon City,MMR013D003,16.766864,96.140829,0.0,0.0,9.0,2.153755,0.7749999761581421,0.5692490339279175
1775,Dala,Yangon City,MMR013D003,16.767505,96.138727,0.0,0.0,4.0,2.153755,0.8999999761581421,0.5692490339279175
1776,Dawbon,Yangon City,MMR013D002,16.773376,96.201782,0.0,0.0,8.0,2.153755,0.800000011920929,0.5692490339279175
1777,Dawbon,Yangon City,MMR013D002,16.775436401367,96.198348999023,0.0,0.0,7.0,1.9091437,0.824999988079071,0.6181712746620178
1778,Dawbon,Yangon City,MMR013D002,16.776809692383,96.195602416992,0.0,0.0,9.0,0.9976483,0.7749999761581421,0.8004703521728516
1779,Dawbon,Yangon City,MMR013D002,16.778182983398,96.183242797852,0.0,0.0,2.0,3.0307229,0.949999988079071,0.3938554525375366
1780,Dawbon,Yangon City,MMR013D002,16.778182983398,96.184616088867,0.0,0.0,12.0,5.3264294,0.699999988079071,0.0
1781,Dawbon,Yangon City,MMR013D002,16.778182983398,96.191482543945,0.0,0.0,10.0,2.760026,0.75,0.44799482822418213
1782,Dawbon,Yangon City,MMR013D002,16.778182983398,96.192855834961,0.0,0.0,9.0,3.138737,0.7749999761581421,0.37225258350372314
1783,Dawbon,Yangon City,MMR013D002,16.778182983398,96.194229125977,0.0,0.0,8.0,1.9946922,0.800000011920929,0.6010615825653076
1784,Dawbon,Yangon City,MMR013D002,16.779556274414,96.183242797852,0.0,0.0,12.0,4.3014402,0.699999988079071,0.13971197605133057
1785,Dawbon,Yangon City,MMR013D002,16.779556,96.183929,0.0,0.0,14.0,3.9416327,0.6499999761581421,0.21167343854904175
1786,Dawbon,Yangon City,MMR013D002,16.779556274414,96.184616088867,0.0,0.0,9.0,1.3808141,0.7749999761581421,0.7238371968269348
1787,Dawbon,Yangon City,MMR013D002,16.779556274414,96.185989379883,0.0,0.0,12.0,1.3808141,0.699999988079071,0.7238371968269348
1788,Dawbon,Yangon City,MMR013D002,16.779556274414,96.187362670898,0.0,0.0,9.0,2.153755,0.7749999761581421,0.5692490339279175
1789,Dawbon,Yangon City,MMR013D002,16.779556274414,96.19010925293,0.0,0.0,12.0,1.3808141,0.699999988079071,0.7238371968269348
1790,Dawbon,Yangon City,MMR013D002,16.779556274414,96.191482543945,0.0,0.0,9.0,1.9091437,0.7749999761581421,0.6181712746620178
1791,Dawbon,Yangon City,MMR013D002,16.780243,96.184616,0.0,0.0,13.0,3.4869568,0.675000011920929,0.3026086091995239
1792,Dawbon,Yangon City,MMR013D002,16.78092956543,96.185989379883,0.0,0.0,8.0,0.9548369,0.800000011920929,0.8090326189994812
1793,Dawbon,Yangon City,MMR013D002,16.78092956543,96.188735961914,0.0,0.0,8.0,1.3808141,0.800000011920929,0.7238371968269348
1794,Dawbon,Yangon City,MMR013D002,16.781422,96.185661,0.0,0.0,8.0,2.153755,0.800000011920929,0.5692490339279175
1795,Dawbon,Yangon City,MMR013D002,16.781802,96.18871,0.0,0.0,8.0,2.153755,0.800000011920929,0.5692490339279175
1796,Dawbon,Yangon City,MMR013D002,16.782302856445,96.181869506836,0.0,0.0,10.0,1.3808141,0.75,0.7238371968269348
1797,Dawbon,Yangon City,MMR013D002,16.782302856445,96.184616088867,0.0,0.0,7.0,4.415667,0.824999988079071,0.1168665885925293
1798,Dawbon,Yangon City,MMR013D002,16.782302856445,96.185989379883,0.0,0.0,9.0,1.3808141,0.7749999761581421,0.7238371968269348
1799,Dawbon,Yangon City,MMR013D002,16.782302856445,96.187362670898,0.0,0.0,3.0,2.153755,0.925000011920929,0.5692490339279175
1800,Dawbon,Yangon City,MMR013D002,16.783676147461,96.181869506836,0.0,0.0,10.0,2.9905288,0.75,0.401894211769104
1801,Dawbon,Yangon City,MMR013D002,16.783676147461,96.185989379883,0.0,0.0,8.0,0.0,0.800000011920929,1.0
1802,Dawbon,Yangon City,MMR013D002,16.783716,96.187668,0.0,0.0,9.0,3.4869568,0.7749999761581421,0.3026086091995239
1803,Dawbon,Yangon City,MMR013D002,16.783976,96.187927,0.0,0.0,10.0,0.9548369,0.75,0.8090326189994812
1804,Dawbon,Yangon City,MMR013D002,16.785049438477,96.18049621582,0.0,0.0,12.0,13.552287,0.699999988079071,0.0
1805,Dawbon,Yangon City,MMR013D002,16.786422729492,96.19010925293,0.0,0.0,9.0,0.0,0.7749999761581421,1.0
1806,Dawbon,Yangon City,MMR013D002,16.791916,96.192169,0.0,0.0,9.0,1.3808141,0.7749999761581421,0.7238371968269348
1807,Dawbon,Yangon City,MMR013D002,16.797409057617,96.195602416992,0.0,0.0,9.0,2.153755,0.7749999761581421,0.5692490339279175
1808,Dawbon,Yangon City,MMR013D002,16.798782,96.196289,0.0,0.0,10.0,0.9976483,0.75,0.8004703521728516
1809,Dawbon,Yangon City,MMR013D002,16.800155639648,96.194229125977,0.0,0.0,9.0,1.3808141,0.7749999761581421,0.7238371968269348
1810,Dawbon,Yangon City,MMR013D002,16.801528930664,96.195602416992,0.0,0.0,8.0,1.3808141,0.800000011920929,0.7238371968269348
1811,Dawbon,Yangon City,MMR013D002,16.80290222168,96.195602416992,0.0,0.0,6.0,3.9416327,0.8500000238418579,0.21167343854904175
1812,Dawbon,Yangon City,MMR013D002,16.803888,96.193642,0.0,0.0,11.0,4.3014402,0.7250000238418579,0.13971197605133057
1813,Dawbon,Yangon City,MMR013D002,16.804275512695,96.194229125977,0.0,0.0,7.0,0.9548369,0.824999988079071,0.8090326189994812
1814,Dawbon,Yangon City,MMR013D002,16.804962,96.191483,0.0,0.0,7.0,0.9548369,0.824999988079071,0.8090326189994812
1815,Dawbon,Yangon City,MMR013D002,16.805191,96.190567,0.0,0.0,5.0,2.153755,0.875,0.5692490339279175
1816,Dawbon,Yangon City,MMR013D002,16.805924,96.187088,0.0,0.0,4.0,2.153755,0.8999999761581421,0.5692490339279175
1817,Dawbon,Yangon City,MMR013D002,16.806107,96.192856,0.0,0.0,6.0,2.760026,0.8500000238418579,0.44799482822418213
1818,Dawbon,Yangon City,MMR013D002,16.807414,96.185597,0.0,0.0,3.0,0.0,0.925000011920929,1.0
1819,Dawbon,Yangon City,MMR013D002,16.808395385742,96.185989379883,0.0,0.0,3.0,0.0,0.925000011920929,1.0
1820,Dawbon,Yangon City,MMR013D002,16.808395385742,96.19010925293,0.0,0.0,9.0,1.9091437,0.7749999761581421,0.6181712746620178
1821,Dawbon,Yangon City,MMR013D002,16.808395385742,96.191482543945,0.0,0.0,11.0,2.2111168,0.7250000238418579,0.5577766299247742
1822,Dawbon,Yangon City,MMR013D002,16.809769,96.189079,0.0,0.0,3.0,0.0,0.925000011920929,1.0
1823,Hlaing,Yangon City,MMR013D004,16.832771,96.118767,0.0,0.0,9.0,0.0,0.7749999761581421,1.0
1824,Hlaing,Yangon City,MMR013D004,16.832771,96.122475,0.0,0.0,10.0,2.153755,0.75,0.5692490339279175
1825,Hlaing,Yangon City,MMR013D004,16.832977,96.122131,0.0,0.0,10.0,1.9946922,0.75,0.6010615825653076
1826,Hlaing,Yangon City,MMR013D004,16.833034,96.121364,0.0,0.0,8.0,2.153755,0.800000011920929,0.5692490339279175
1827,Hlaing,Yangon City,MMR013D004,16.833114624023,96.11457824707,0.0,0.0,9.0,1.9946922,0.7749999761581421,0.6010615825653076
1828,Hlaing,Yangon City,MMR013D004,16.833114624023,96.115951538086,0.0,0.0,10.0,0.9548369,0.75,0.8090326189994812
1829,Hlaing,Yangon City,MMR013D004,16.833114624023,96.117324829102,0.0,0.0,14.0,2.9905288,0.6499999761581421,0.401894211769104
1830,Hlaing,Yangon City,MMR013D004,16.833114624023,96.118698120117,0.0,0.0,8.0,0.0,0.800000011920929,1.0
1831,Hlaing,Yangon City,MMR013D004,16.833114624023,96.120071411133,0.0,0.0,11.0,1.3808141,0.7250000238418579,0.7238371968269348
1832,Hlaing,Yangon City,MMR013D004,16.833114624023,96.121444702148,0.0,0.0,9.0,1.3808141,0.7749999761581421,0.7238371968269348
1833,Hlaing,Yangon City,MMR013D004,16.833114624023,96.122817993164,0.0,0.0,12.0,2.862392,0.699999988079071,0.42752158641815186
1834,Hlaing,Yangon City,MMR013D004,16.833115,96.119156,0.0,0.0,10.0,2.153755,0.75,0.5692490339279175
1835,Hlaing,Yangon City,MMR013D004,16.833115,96.122498,0.0,0.0,11.0,1.9946922,0.7250000238418579,0.6010615825653076
1836,Hlaing,Yangon City,MMR013D004,16.833537,96.119755,0.0,0.0,11.0,1.3808141,0.7250000238418579,0.7238371968269348
1837,Hlaing,Yangon City,MMR013D004,16.833801,96.118012,0.0,0.0,7.0,2.760026,0.824999988079071,0.44799482822418213
1838,Hlaing,Yangon City,MMR013D004,16.833801,96.118469,0.0,0.0,6.0,0.9548369,0.8500000238418579,0.8090326189994812
1839,Hlaing,Yangon City,MMR013D004,16.833801,96.119135,0.0,0.0,10.0,1.3808141,0.75,0.7238371968269348
1840,Hlaing,Yangon City,MMR013D004,16.833801,96.122131,0.0,0.0,11.0,4.8660283,0.7250000238418579,0.02679431438446045
1841,Hlaing,Yangon City,MMR013D004,16.833801,96.124535,0.0,0.0,8.0,2.2111168,0.800000011920929,0.5577766299247742
1842,Hlaing,Yangon City,MMR013D004,16.83403,96.120529,0.0,0.0,10.0,0.9976483,0.75,0.8004703521728516
1843,Hlaing,Yangon City,MMR013D004,16.83403,96.123734,0.0,0.0,6.0,0.0,0.8500000238418579,1.0
1844,Hlaing,Yangon City,MMR013D004,16.834065,96.124297,0.0,0.0,9.0,1.9946922,0.7749999761581421,0.6010615825653076
1845,Hlaing,Yangon City,MMR013D004,16.834145,96.122475,0.0,0.0,13.0,3.4869568,0.675000011920929,0.3026086091995239
1846,Hlaing,Yangon City,MMR013D004,16.834209,96.12509,0.0,0.0,7.0,3.0307229,0.824999988079071,0.3938554525375366
1847,Hlaing,Yangon City,MMR013D004,16.834308,96.12522,0.0,0.0,9.0,0.9548369,0.7749999761581421,0.8090326189994812
1848,Hlaing,Yangon City,MMR013D004,16.834334,96.125325,0.0,0.0,9.0,0.9548369,0.7749999761581421,0.8090326189994812
1849,Hlaing,Yangon City,MMR013D004,16.834373,96.123962,0.0,0.0,6.0,1.9946922,0.8500000238418579,0.6010615825653076
1850,Hlaing,Yangon City,MMR013D004,16.834368,96.125572,0.0,0.0,9.0,2.153755,0.7749999761581421,0.5692490339279175
1851,Hlaing,Yangon City,MMR013D004,16.834487915039,96.11457824707,0.0,0.0,10.0,2.153755,0.75,0.5692490339279175
1852,Hlaing,Yangon City,MMR013D004,16.834487915039,96.115951538086,0.0,0.0,12.0,4.3014402,0.699999988079071,0.13971197605133057
1853,Hlaing,Yangon City,MMR013D004,16.834487915039,96.118698120117,0.0,0.0,9.0,1.9091437,0.7749999761581421,0.6181712746620178
1854,Hlaing,Yangon City,MMR013D004,16.834487915039,96.121444702148,0.0,0.0,11.0,3.0307229,0.7250000238418579,0.3938554525375366
1855,Hlaing,Yangon City,MMR013D004,16.834487915039,96.122817993164,0.0,0.0,10.0,2.2111168,0.75,0.5577766299247742
1856,Hlaing,Yangon City,MMR013D004,16.834487915039,96.12419128418,0.0,0.0,8.0,4.415667,0.800000011920929,0.1168665885925293
1857,Hlaing,Yangon City,MMR013D004,16.834488,96.124878,0.0,0.0,11.0,4.8660283,0.7250000238418579,0.02679431438446045
1858,Hlaing,Yangon City,MMR013D004,16.834487915039,96.125564575195,0.0,0.0,9.0,2.153755,0.7749999761581421,0.5692490339279175
1859,Hlaing,Yangon City,MMR013D004,16.834488,96.126251,0.0,0.0,7.0,2.2111168,0.824999988079071,0.5577766299247742
1860,Hlaing,Yangon City,MMR013D004,16.834594,96.117571,0.0,0.0,8.0,1.9091437,0.800000011920929,0.6181712746620178
1861,Hlaing,Yangon City,MMR013D004,16.834602,96.11721,0.0,0.0,8.0,1.3808141,0.800000011920929,0.7238371968269348
1862,Hlaing,Yangon City,MMR013D004,16.834946,96.126023,0.0,0.0,8.0,1.9946922,0.800000011920929,0.6010615825653076
1863,Hlaing,Yangon City,MMR013D004,16.835357,96.116989,0.0,0.0,12.0,3.5461073,0.699999988079071,0.2907785177230835
1864,Hlaing,Yangon City,MMR013D004,16.835403,96.123276,0.0,0.0,9.0,2.2111168,0.7749999761581421,0.5577766299247742
1865,Hlaing,Yangon City,MMR013D004,16.835861,96.114382,0.0,0.0,11.0,1.3808141,0.7250000238418579,0.7238371968269348
1866,Hlaing,Yangon City,MMR013D004,16.835861206055,96.11457824707,0.0,0.0,12.0,2.2111168,0.699999988079071,0.5577766299247742
1867,Hlaing,Yangon City,MMR013D004,16.835861206055,96.115951538086,0.0,0.0,9.0,1.3808141,0.7749999761581421,0.7238371968269348
1868,Hlaing,Yangon City,MMR013D004,16.835861206055,96.117324829102,0.0,0.0,10.0,3.138737,0.75,0.37225258350372314
1869,Hlaing,Yangon City,MMR013D004,16.835861206055,96.118698120117,0.0,0.0,12.0,2.153755,0.699999988079071,0.5692490339279175
1870,Hlaing,Yangon City,MMR013D004,16.835861206055,96.120071411133,0.0,0.0,11.0,2.862392,0.7250000238418579,0.42752158641815186
1871,Hlaing,Yangon City,MMR013D004,16.835861206055,96.121444702148,0.0,0.0,10.0,2.2111168,0.75,0.5577766299247742
1872,Hlaing,Yangon City,MMR013D004,16.835861,96.123505,0.0,0.0,11.0,0.9976483,0.7250000238418579,0.8004703521728516
1873,Hlaing,Yangon City,MMR013D004,16.835861206055,96.12419128418,0.0,0.0,11.0,0.9548369,0.7250000238418579,0.8090326189994812
1874,Hlaing,Yangon City,MMR013D004,16.835861206055,96.126937866211,0.0,0.0,11.0,3.5461073,0.7250000238418579,0.2907785177230835
1875,Hlaing,Yangon City,MMR013D004,16.835861,96.127396,0.0,0.0,12.0,0.0,0.699999988079071,1.0
1876,Hlaing,Yangon City,MMR013D004,16.835861206055,96.128311157227,0.0,0.0,11.0,2.2111168,0.7250000238418579,0.5577766299247742
1877,Hlaing,Yangon City,MMR013D004,16.835861,96.128998,0.0,0.0,9.0,3.0307229,0.7749999761581421,0.3938554525375366
1878,Hlaing,Yangon City,MMR013D004,16.835869,96.128052,0.0,0.0,12.0,0.9976483,0.699999988079071,0.8004703521728516
1879,Hlaing,Yangon City,MMR013D004,16.83609,96.129456,0.0,0.0,8.0,2.153755,0.800000011920929,0.5692490339279175
1880,Hlaing,Yangon City,MMR013D004,16.836319,96.125565,0.0,0.0,10.0,0.0,0.75,1.0
1881,Hlaing,Yangon City,MMR013D004,16.836319,96.129684,0.0,0.0,8.0,0.9548369,0.800000011920929,0.8090326189994812
1882,Hlaing,Yangon City,MMR013D004,16.836411,96.127762,0.0,0.0,11.0,3.5461073,0.7250000238418579,0.2907785177230835
1883,Hlaing,Yangon City,MMR013D004,16.836411,96.133804,0.0,0.0,13.0,2.862392,0.675000011920929,0.42752158641815186
1884,Hlaing,Yangon City,MMR013D004,16.836548,96.119385,0.0,0.0,11.0,1.3808141,0.7250000238418579,0.7238371968269348
1885,Hlaing,Yangon City,MMR013D004,16.836731,96.118011,0.0,0.0,9.0,1.9946922,0.7749999761581421,0.6010615825653076
1886,Hlaing,Yangon City,MMR013D004,16.836777,96.119614,0.0,0.0,9.0,2.862392,0.7749999761581421,0.42752158641815186
1887,Hlaing,Yangon City,MMR013D004,16.836777,96.122246,0.0,0.0,12.0,0.9976483,0.699999988079071,0.8004703521728516
1888,Hlaing,Yangon City,MMR013D004,16.836777,96.130829,0.0,0.0,12.0,0.0,0.699999988079071,1.0
1889,Hlaing,Yangon City,MMR013D004,16.836842,96.120562,0.0,0.0,10.0,2.2111168,0.75,0.5577766299247742
1890,Hlaing,Yangon City,MMR013D004,16.836842,96.124387,0.0,0.0,11.0,0.0,0.7250000238418579,1.0
1891,Hlaing,Yangon City,MMR013D004,16.836853,96.120987,0.0,0.0,9.0,1.3808141,0.7749999761581421,0.7238371968269348
1892,Hlaing,Yangon City,MMR013D004,16.836891,96.115952,0.0,0.0,12.0,1.9946922,0.699999988079071,0.6010615825653076
1893,Hlaing,Yangon City,MMR013D004,16.83696,96.117874,0.0,0.0,10.0,2.2111168,0.75,0.5577766299247742
1894,Hlaing,Yangon City,MMR013D004,16.837038,96.11811,0.0,0.0,9.0,2.2111168,0.7749999761581421,0.5577766299247742
1895,Hlaing,Yangon City,MMR013D004,16.837099,96.127701,0.0,0.0,13.0,1.3808141,0.675000011920929,0.7238371968269348
1896,Hlaing,Yangon City,MMR013D004,16.83723449707,96.110458374023,0.0,0.0,3.0,3.138737,0.925000011920929,0.37225258350372314
1897,Hlaing,Yangon City,MMR013D004,16.83723449707,96.113204956055,0.0,0.0,10.0,0.0,0.75,1.0
1898,Hlaing,Yangon City,MMR013D004,16.83723449707,96.11457824707,0.0,0.0,10.0,1.9091437,0.75,0.6181712746620178
1899,Hlaing,Yangon City,MMR013D004,16.837234,96.115265,0.0,0.0,12.0,0.9548369,0.699999988079071,0.8090326189994812
1900,Hlaing,Yangon City,MMR013D004,16.83723449707,96.115951538086,0.0,0.0,11.0,0.9548369,0.7250000238418579,0.8090326189994812
1901,Hlaing,Yangon City,MMR013D004,16.837234,96.117325,0.0,0.0,11.0,3.4869568,0.7250000238418579,0.3026086091995239
1902,Hlaing,Yangon City,MMR013D004,16.83723449707,96.118698120117,0.0,0.0,8.0,2.760026,0.800000011920929,0.44799482822418213
1903,Hlaing,Yangon City,MMR013D004,16.837234,96.11909,0.0,0.0,12.0,1.3808141,0.699999988079071,0.7238371968269348
1904,Hlaing,Yangon City,MMR013D004,16.83723449707,96.120071411133,0.0,0.0,9.0,4.3014402,0.7749999761581421,0.13971197605133057
1905,Hlaing,Yangon City,MMR013D004,16.83723449707,96.121444702148,0.0,0.0,10.0,1.3808141,0.75,0.7238371968269348
1906,Hlaing,Yangon City,MMR013D004,16.83723449707,96.122817993164,0.0,0.0,9.0,0.9548369,0.7749999761581421,0.8090326189994812
1907,Hlaing,Yangon City,MMR013D004,16.83723449707,96.12419128418,0.0,0.0,10.0,0.9548369,0.75,0.8090326189994812
1908,Hlaing,Yangon City,MMR013D004,16.83723449707,96.125564575195,0.0,0.0,12.0,3.8140574,0.699999988079071,0.23718851804733276
1909,Hlaing,Yangon City,MMR013D004,16.83723449707,96.126937866211,0.0,0.0,13.0,2.2111168,0.675000011920929,0.5577766299247742
1910,Hlaing,Yangon City,MMR013D004,16.83723449707,96.128311157227,0.0,0.0,14.0,1.9091437,0.6499999761581421,0.6181712746620178
1911,Hlaing,Yangon City,MMR013D004,16.83723449707,96.129684448242,0.0,0.0,13.0,3.0307229,0.675000011920929,0.3938554525375366
1912,Hlaing,Yangon City,MMR013D004,16.83723449707,96.131057739258,0.0,0.0,13.0,2.2111168,0.675000011920929,0.5577766299247742
1913,Hlaing,Yangon City,MMR013D004,16.83723449707,96.132431030273,0.0,0.0,12.0,4.7636194,0.699999988079071,0.04727613925933838
1914,Hlaing,Yangon City,MMR013D004,16.83723449707,96.133804321289,0.3333333333333333,1.0,12.0,2.9905288,0.699999988079071,0.401894211769104
1915,Hlaing,Yangon City,MMR013D004,16.837235,96.115608,0.0,0.0,12.0,3.0307229,0.699999988079071,0.3938554525375366
1916,Hlaing,Yangon City,MMR013D004,16.837235,96.125172,0.0,0.0,13.0,1.9091437,0.675000011920929,0.6181712746620178
1917,Hlaing,Yangon City,MMR013D004,16.837235,96.125565,0.0,0.0,12.0,3.8140574,0.699999988079071,0.23718851804733276
1918,Hlaing,Yangon City,MMR013D004,16.837235,96.125957,0.0,0.0,12.0,3.0307229,0.699999988079071,0.3938554525375366
1919,Hlaing,Yangon City,MMR013D004,16.837235,96.129684,0.0,0.0,13.0,3.0307229,0.675000011920929,0.3938554525375366
1920,Hlaing,Yangon City,MMR013D004,16.837315,96.120395,0.0,0.0,9.0,2.760026,0.7749999761581421,0.44799482822418213
1921,Hlaing,Yangon City,MMR013D004,16.837627,96.118698,0.0,0.0,7.0,3.0307229,0.824999988079071,0.3938554525375366
1922,Hlaing,Yangon City,MMR013D004,16.837627,96.119777,0.0,0.0,6.0,2.9905288,0.8500000238418579,0.401894211769104
1923,Hlaing,Yangon City,MMR013D004,16.837692,96.125793,0.0,0.0,13.0,5.507302,0.675000011920929,0.0
1924,Hlaing,Yangon City,MMR013D004,16.837692,96.128311,0.0,0.0,15.0,1.9946922,0.625,0.6010615825653076
1925,Hlaing,Yangon City,MMR013D004,16.837747,96.127673,0.0,0.0,13.0,1.3808141,0.675000011920929,0.7238371968269348
1926,Hlaing,Yangon City,MMR013D004,16.837784,96.129684,0.0,0.0,15.0,4.8660283,0.625,0.02679431438446045
1927,Hlaing,Yangon City,MMR013D004,16.837782,96.13176,0.0,0.0,18.0,6.1986523,0.550000011920929,0.0
1928,Hlaing,Yangon City,MMR013D004,16.837823,96.119875,0.0,0.0,7.0,1.3808141,0.824999988079071,0.7238371968269348
1929,Hlaing,Yangon City,MMR013D004,16.837921,96.115952,0.0,0.0,11.0,0.9976483,0.7250000238418579,0.8004703521728516
1930,Hlaing,Yangon City,MMR013D004,16.837921,96.124191,0.0,0.0,10.0,2.862392,0.75,0.42752158641815186
1931,Hlaing,Yangon City,MMR013D004,16.837921,96.128311,0.0,0.0,14.0,2.9905288,0.6499999761581421,0.401894211769104
1932,Hlaing,Yangon City,MMR013D004,16.838036,96.132088,0.0,0.0,21.0,0.9976483,0.4750000238418579,0.8004703521728516
1933,Hlaing,Yangon City,MMR013D004,16.838075,96.127579,0.0,0.0,15.0,4.415667,0.625,0.1168665885925293
1934,Hlaing,Yangon City,MMR013D004,16.83815,96.117783,0.0,0.0,9.0,2.760026,0.7749999761581421,0.44799482822418213
1935,Hlaing,Yangon City,MMR013D004,16.838264,96.133804,0.3333333333333333,1.0,14.0,3.0307229,0.6499999761581421,0.3938554525375366
1936,Hlaing,Yangon City,MMR013D004,16.838607788086,96.113204956055,0.0,0.0,13.0,3.138737,0.675000011920929,0.37225258350372314
1937,Hlaing,Yangon City,MMR013D004,16.838608,96.11412,0.0,0.0,11.0,2.2111168,0.7250000238418579,0.5577766299247742
1938,Hlaing,Yangon City,MMR013D004,16.838607788086,96.11457824707,0.0,0.0,13.0,4.096654,0.675000011920929,0.18066918849945068
1939,Hlaing,Yangon City,MMR013D004,16.838608,96.115952,0.0,0.0,9.0,8.151844,0.7749999761581421,0.0
1940,Hlaing,Yangon City,MMR013D004,16.838607788086,96.120071411133,0.0,0.0,9.0,4.8412433,0.7749999761581421,0.03175133466720581
1941,Hlaing,Yangon City,MMR013D004,16.838608,96.120529,0.0,0.0,6.0,2.760026,0.8500000238418579,0.44799482822418213
1942,Hlaing,Yangon City,MMR013D004,16.838607788086,96.121444702148,0.0,0.0,13.0,0.0,0.675000011920929,1.0
1943,Hlaing,Yangon City,MMR013D004,16.838608,96.122303,0.0,0.0,13.0,2.760026,0.675000011920929,0.44799482822418213
1944,Hlaing,Yangon City,MMR013D004,16.838607788086,96.122817993164,0.0,0.0,14.0,1.9091437,0.6499999761581421,0.6181712746620178
1945,Hlaing,Yangon City,MMR013D004,16.838607788086,96.126937866211,0.0,0.0,16.0,3.138737,0.6000000238418579,0.37225258350372314
1946,Hlaing,Yangon City,MMR013D004,16.838607788086,96.129684448242,0.0,0.0,21.0,10.843883,0.4750000238418579,0.0
1947,Hlaing,Yangon City,MMR013D004,16.838607788086,96.132431030273,0.0,0.0,17.0,2.153755,0.574999988079071,0.5692490339279175
1948,Hlaing,Yangon City,MMR013D004,16.838607788086,96.133804321289,0.3333333333333333,1.0,18.0,3.5461073,0.550000011920929,0.2907785177230835
1949,Hlaing,Yangon City,MMR013D004,16.838683,96.127507,0.0,0.0,14.0,1.3808141,0.6499999761581421,0.7238371968269348
1950,Hlaing,Yangon City,MMR013D004,16.838739,96.134468,0.3333333333333333,1.0,19.0,1.9946922,0.5249999761581421,0.6010615825653076
1951,Hlaing,Yangon City,MMR013D004,16.838951,96.114578,0.0,0.0,12.0,3.5461073,0.699999988079071,0.2907785177230835
1952,Hlaing,Yangon City,MMR013D004,16.839066,96.125107,0.0,0.0,16.0,1.3808141,0.6000000238418579,0.7238371968269348
1953,Hlaing,Yangon City,MMR013D004,16.839294,96.113892,0.0,0.0,12.0,0.9548369,0.699999988079071,0.8090326189994812
1954,Hlaing,Yangon City,MMR013D004,16.839294,96.126938,0.0,0.0,14.0,1.9946922,0.6499999761581421,0.6010615825653076
1955,Hlaing,Yangon City,MMR013D004,16.839581,96.116009,0.0,0.0,10.0,3.5461073,0.75,0.2907785177230835
1956,Hlaing,Yangon City,MMR013D004,16.839961,96.116961,0.0,0.0,9.0,3.0307229,0.7749999761581421,0.3938554525375366
1957,Hlaing,Yangon City,MMR013D004,16.839981079102,96.110458374023,0.0,0.0,10.0,2.760026,0.75,0.44799482822418213
1958,Hlaing,Yangon City,MMR013D004,16.839981079102,96.113204956055,0.0,0.0,13.0,2.153755,0.675000011920929,0.5692490339279175
1959,Hlaing,Yangon City,MMR013D004,16.839981079102,96.115951538086,0.0,0.0,10.0,2.2111168,0.75,0.5577766299247742
1960,Hlaing,Yangon City,MMR013D004,16.839981,96.116638,0.0,0.0,10.0,0.9976483,0.75,0.8004703521728516
1961,Hlaing,Yangon City,MMR013D004,16.839981079102,96.117324829102,0.0,0.0,9.0,2.862392,0.7749999761581421,0.42752158641815186
1962,Hlaing,Yangon City,MMR013D004,16.839981079102,96.120071411133,0.0,0.0,11.0,1.9091437,0.7250000238418579,0.6181712746620178
1963,Hlaing,Yangon City,MMR013D004,16.839981,96.120758,0.0,0.0,10.0,6.0445805,0.75,0.0
1964,Hlaing,Yangon City,MMR013D004,16.839981079102,96.122817993164,0.0,0.0,14.0,2.760026,0.6499999761581421,0.44799482822418213
1965,Hlaing,Yangon City,MMR013D004,16.839981,96.123505,0.0,0.0,14.0,1.3808141,0.6499999761581421,0.7238371968269348
1966,Hlaing,Yangon City,MMR013D004,16.839981,96.124191,0.0,0.0,16.0,2.2111168,0.6000000238418579,0.5577766299247742
1967,Hlaing,Yangon City,MMR013D004,16.839981079102,96.125564575195,0.0,0.0,17.0,5.3264294,0.574999988079071,0.0
1968,Hlaing,Yangon City,MMR013D004,16.839981079102,96.126937866211,0.0,0.0,19.0,2.153755,0.5249999761581421,0.5692490339279175
1969,Hlaing,Yangon City,MMR013D004,16.839981079102,96.128311157227,0.0,0.0,16.0,2.153755,0.6000000238418579,0.5692490339279175
1970,Hlaing,Yangon City,MMR013D004,16.839981079102,96.131057739258,0.0,0.0,17.0,2.2111168,0.574999988079071,0.5577766299247742
1971,Hlaing,Yangon City,MMR013D004,16.839981079102,96.133804321289,0.0,0.0,22.0,4.096654,0.44999998807907104,0.18066918849945068
1972,Hlaing,Yangon City,MMR013D004,16.839986,96.123139,0.0,0.0,14.0,1.9091437,0.6499999761581421,0.6181712746620178
1973,Hlaing,Yangon City,MMR013D004,16.840106,96.12906,0.0,0.0,14.0,1.3808141,0.6499999761581421,0.7238371968269348
1974,Hlaing,Yangon City,MMR013D004,16.840122,96.123993,0.0,0.0,15.0,0.9976483,0.625,0.8004703521728516
1975,Hlaing,Yangon City,MMR013D004,16.840256,96.128311,0.0,0.0,16.0,1.9946922,0.6000000238418579,0.6010615825653076
1976,Hlaing,Yangon City,MMR013D004,16.84053,96.115402,0.0,0.0,13.0,1.3808141,0.675000011920929,0.7238371968269348
1977,Hlaing,Yangon City,MMR013D004,16.84053,96.120071,0.0,0.0,8.0,0.9548369,0.800000011920929,0.8090326189994812
1978,Hlaing,Yangon City,MMR013D004,16.840668,96.127625,0.0,0.0,17.0,4.096654,0.574999988079071,0.18066918849945068
1979,Hlaing,Yangon City,MMR013D004,16.840668,96.134491,0.0,0.0,24.0,3.4869568,0.3999999761581421,0.3026086091995239
1980,Hlaing,Yangon City,MMR013D004,16.840704,96.128239,0.0,0.0,16.0,2.2111168,0.6000000238418579,0.5577766299247742
1981,Hlaing,Yangon City,MMR013D004,16.84073,96.125939,0.0,0.0,15.0,2.153755,0.625,0.5692490339279175
1982,Hlaing,Yangon City,MMR013D004,16.840746,96.116513,0.0,0.0,9.0,3.138737,0.7749999761581421,0.37225258350372314
1983,Hlaing,Yangon City,MMR013D004,16.840857,96.123352,0.0,0.0,12.0,2.2111168,0.699999988079071,0.5577766299247742
1984,Hlaing,Yangon City,MMR013D004,16.840948,96.123589,0.0,0.0,12.0,2.2111168,0.699999988079071,0.5577766299247742
1985,Hlaing,Yangon City,MMR013D004,16.840987,96.121536,0.0,0.0,13.0,0.9976483,0.675000011920929,0.8004703521728516
1986,Hlaing,Yangon City,MMR013D004,16.841122,96.136864,0.0,0.0,28.0,9.907443,0.30000001192092896,0.0
1987,Hlaing,Yangon City,MMR013D004,16.841354,96.111145,0.0,0.0,8.0,2.9905288,0.800000011920929,0.401894211769104
1988,Hlaing,Yangon City,MMR013D004,16.841354370117,96.111831665039,0.0,0.0,9.0,3.5461073,0.7749999761581421,0.2907785177230835
1989,Hlaing,Yangon City,MMR013D004,16.841354370117,96.113204956055,0.0,0.0,9.0,3.0307229,0.7749999761581421,0.3938554525375366
1990,Hlaing,Yangon City,MMR013D004,16.841354370117,96.115951538086,0.0,0.0,11.0,3.9416327,0.7250000238418579,0.21167343854904175
1991,Hlaing,Yangon City,MMR013D004,16.841354370117,96.117324829102,0.0,0.0,7.0,0.9548369,0.824999988079071,0.8090326189994812
1992,Hlaing,Yangon City,MMR013D004,16.841354370117,96.120071411133,0.0,0.0,13.0,1.9091437,0.675000011920929,0.6181712746620178
1993,Hlaing,Yangon City,MMR013D004,16.841354370117,96.121444702148,0.0,0.0,12.0,2.2111168,0.699999988079071,0.5577766299247742
1994,Hlaing,Yangon City,MMR013D004,16.841354370117,96.122817993164,0.0,0.0,12.0,1.3808141,0.699999988079071,0.7238371968269348
1995,Hlaing,Yangon City,MMR013D004,16.841354370117,96.126937866211,0.0,0.0,16.0,2.153755,0.6000000238418579,0.5692490339279175
1996,Hlaing,Yangon City,MMR013D004,16.841354370117,96.132431030273,0.0,0.0,19.0,5.7105665,0.5249999761581421,0.0
1997,Hlaing,Yangon City,MMR013D004,16.841354370117,96.133804321289,0.0,0.0,23.0,2.9905288,0.42500001192092896,0.401894211769104
1998,Hlaing,Yangon City,MMR013D004,16.841354370117,96.135177612305,0.0,0.0,21.0,2.2111168,0.4750000238418579,0.5577766299247742
1999,Hlaing,Yangon City,MMR013D004,16.841421,96.115227,0.0,0.0,11.0,0.9548369,0.7250000238418579,0.8090326189994812
2000,Hlaing,Yangon City,MMR013D004,16.841526,96.135178,0.0,0.0,22.0,3.0307229,0.44999998807907104,0.3938554525375366
2001,Hlaing,Yangon City,MMR013D004,16.841562,96.137024,0.0,0.0,27.0,8.779495,0.32499998807907104,0.0
2002,Hlaing,Yangon City,MMR013D004,16.8416,96.13695,0.0,0.0,27.0,8.779495,0.32499998807907104,0.0
2003,Hlaing,Yangon City,MMR013D004,16.841608,96.136948,0.0,0.0,27.0,8.779495,0.32499998807907104,0.0
2004,Hlaing,Yangon City,MMR013D004,16.841698,96.122818,0.0,0.0,13.0,0.0,0.675000011920929,1.0
2005,Hlaing,Yangon City,MMR013D004,16.841812,96.121902,0.0,0.0,13.0,3.0307229,0.675000011920929,0.3938554525375366
2006,Hlaing,Yangon City,MMR013D004,16.841915,96.136902,0.0,0.0,30.0,7.065254,0.25,0.0
2007,Hlaing,Yangon City,MMR013D004,16.842041,96.115067,0.0,0.0,10.0,2.153755,0.75,0.5692490339279175
2008,Hlaing,Yangon City,MMR013D004,16.842041,96.126251,0.0,0.0,19.0,2.760026,0.5249999761581421,0.44799482822418213
2009,Hlaing,Yangon City,MMR013D004,16.842041,96.128998,0.0,0.0,16.0,0.9548369,0.6000000238418579,0.8090326189994812
2010,Hlaing,Yangon City,MMR013D004,16.842041,96.135178,0.0,0.0,24.0,3.0307229,0.3999999761581421,0.3938554525375366
2011,Hlaing,Yangon City,MMR013D004,16.84227,96.11412,0.0,0.0,8.0,0.9548369,0.800000011920929,0.8090326189994812
2012,Hlaing,Yangon City,MMR013D004,16.84227,96.12648,0.0,0.0,18.0,5.3264294,0.550000011920929,0.0
2013,Hlaing,Yangon City,MMR013D004,16.842384,96.131401,0.0,0.0,19.0,2.9905288,0.5249999761581421,0.401894211769104
2014,Hlaing,Yangon City,MMR013D004,16.842402,96.136256,0.0,0.0,25.0,3.9845605,0.375,0.2030879259109497
2015,Hlaing,Yangon City,MMR013D004,16.842423,96.13673,0.0,0.0,30.0,1.9946922,0.25,0.6010615825653076
2016,Hlaing,Yangon City,MMR013D004,16.842728,96.106796,0.0,0.0,0.0,4.8412433,1.0,0.03175133466720581
2017,Hlaing,Yangon City,MMR013D004,16.842727661133,96.110458374023,0.0,0.0,9.0,4.1360445,0.7749999761581421,0.17279112339019775
2018,Hlaing,Yangon City,MMR013D004,16.842727661133,96.111831665039,0.0,0.0,7.0,2.2111168,0.824999988079071,0.5577766299247742
2019,Hlaing,Yangon City,MMR013D004,16.842727661133,96.117324829102,0.0,0.0,9.0,6.0397077,0.7749999761581421,0.0
2020,Hlaing,Yangon City,MMR013D004,16.842727661133,96.120071411133,0.0,0.0,8.0,4.415667,0.800000011920929,0.1168665885925293
2021,Hlaing,Yangon City,MMR013D004,16.842727661133,96.121444702148,0.0,0.0,15.0,2.2111168,0.625,0.5577766299247742
2022,Hlaing,Yangon City,MMR013D004,16.842728,96.122131,0.0,0.0,14.0,1.3808141,0.6499999761581421,0.7238371968269348
2023,Hlaing,Yangon City,MMR013D004,16.842727661133,96.12419128418,0.0,0.0,15.0,2.153755,0.625,0.5692490339279175
2024,Hlaing,Yangon City,MMR013D004,16.842727661133,96.126937866211,0.0,0.0,15.0,3.138737,0.625,0.37225258350372314
2025,Hlaing,Yangon City,MMR013D004,16.842727661133,96.128311157227,0.0,0.0,11.0,2.153755,0.7250000238418579,0.5692490339279175
2026,Hlaing,Yangon City,MMR013D004,16.842727661133,96.129684448242,0.0,0.0,13.0,2.153755,0.675000011920929,0.5692490339279175
2027,Hlaing,Yangon City,MMR013D004,16.842727661133,96.132431030273,0.0,0.0,21.0,1.3808141,0.4750000238418579,0.7238371968269348
2028,Hlaing,Yangon City,MMR013D004,16.842727661133,96.133804321289,0.0,0.0,24.0,0.9976483,0.3999999761581421,0.8004703521728516
2029,Hlaing,Yangon City,MMR013D004,16.842727661133,96.135177612305,0.0,0.0,23.0,1.9091437,0.42500001192092896,0.6181712746620178
2030,Hlaing,Yangon City,MMR013D004,16.842852,96.115351,0.0,0.0,9.0,2.760026,0.7749999761581421,0.44799482822418213
2031,Hlaing,Yangon City,MMR013D004,16.843071,96.135178,0.0,0.0,23.0,0.0,0.42500001192092896,1.0
2032,Hlaing,Yangon City,MMR013D004,16.843185,96.123276,0.0,0.0,14.0,1.3808141,0.6499999761581421,0.7238371968269348
2033,Hlaing,Yangon City,MMR013D004,16.843342,96.135444,0.0,0.0,24.0,3.0307229,0.3999999761581421,0.3938554525375366
2034,Hlaing,Yangon City,MMR013D004,16.843414,96.124191,0.0,0.0,15.0,4.415667,0.625,0.1168665885925293
2035,Hlaing,Yangon City,MMR013D004,16.843414,96.134491,0.0,0.0,22.0,1.3808141,0.44999998807907104,0.7238371968269348
2036,Hlaing,Yangon City,MMR013D004,16.843512,96.119483,0.0,0.0,10.0,0.9976483,0.75,0.8004703521728516
2037,Hlaing,Yangon City,MMR013D004,16.843564,96.119295,0.0,0.0,10.0,0.9976483,0.75,0.8004703521728516
2038,Hlaing,Yangon City,MMR013D004,16.843615,96.12716,0.0,0.0,12.0,1.9946922,0.699999988079071,0.6010615825653076
2039,Hlaing,Yangon City,MMR013D004,16.844100952148,96.111831665039,0.0,0.0,8.0,1.3808141,0.800000011920929,0.7238371968269348
2040,Hlaing,Yangon City,MMR013D004,16.844100952148,96.113204956055,0.0,0.0,8.0,1.3808141,0.800000011920929,0.7238371968269348
2041,Hlaing,Yangon City,MMR013D004,16.844100952148,96.11457824707,0.0,0.0,7.0,2.153755,0.824999988079071,0.5692490339279175
2042,Hlaing,Yangon City,MMR013D004,16.844100952148,96.117324829102,0.0,0.0,7.0,4.096654,0.824999988079071,0.18066918849945068
2043,Hlaing,Yangon City,MMR013D004,16.844100952148,96.118698120117,0.0,0.0,8.0,2.153755,0.800000011920929,0.5692490339279175
2044,Hlaing,Yangon City,MMR013D004,16.844100952148,96.120071411133,0.0,0.0,10.0,3.4869568,0.75,0.3026086091995239
2045,Hlaing,Yangon City,MMR013D004,16.844100952148,96.121444702148,0.0,0.0,12.0,2.153755,0.699999988079071,0.5692490339279175
2046,Hlaing,Yangon City,MMR013D004,16.844101,96.124191,0.0,0.0,12.0,2.760026,0.699999988079071,0.44799482822418213
2047,Hlaing,Yangon City,MMR013D004,16.844100952148,96.125564575195,0.0,0.0,14.0,5.7959256,0.6499999761581421,0.0
2048,Hlaing,Yangon City,MMR013D004,16.844100952148,96.126937866211,0.0,0.0,13.0,3.9416327,0.675000011920929,0.21167343854904175
2049,Hlaing,Yangon City,MMR013D004,16.844100952148,96.128311157227,0.0,0.0,14.0,2.2111168,0.6499999761581421,0.5577766299247742
2050,Hlaing,Yangon City,MMR013D004,16.844100952148,96.131057739258,0.0,0.0,17.0,2.2111168,0.574999988079071,0.5577766299247742
2051,Hlaing,Yangon City,MMR013D004,16.844100952148,96.133804321289,0.0,0.0,23.0,4.096654,0.42500001192092896,0.18066918849945068
2052,Hlaing,Yangon City,MMR013D004,16.844100952148,96.135177612305,0.0,0.0,25.0,2.760026,0.375,0.44799482822418213
2053,Hlaing,Yangon City,MMR013D004,16.844101,96.136093,0.0,0.0,28.0,2.760026,0.30000001192092896,0.44799482822418213
2054,Hlaing,Yangon City,MMR013D004,16.84417,96.121389,0.0,0.0,12.0,2.153755,0.699999988079071,0.5692490339279175
2055,Hlaing,Yangon City,MMR013D004,16.844371,96.126859,0.0,0.0,15.0,3.0307229,0.625,0.3938554525375366
2056,Hlaing,Yangon City,MMR013D004,16.844381,96.129435,0.0,0.0,18.0,0.9548369,0.550000011920929,0.8090326189994812
2057,Hlaing,Yangon City,MMR013D004,16.844559,96.135178,0.0,0.0,23.0,2.153755,0.42500001192092896,0.5692490339279175
2058,Hlaing,Yangon City,MMR013D004,16.844788,96.114578,0.0,0.0,8.0,2.2111168,0.800000011920929,0.5577766299247742
2059,Hlaing,Yangon City,MMR013D004,16.844788,96.115265,0.0,0.0,7.0,3.138737,0.824999988079071,0.37225258350372314
2060,Hlaing,Yangon City,MMR013D004,16.844788,96.125565,0.0,0.0,15.0,3.9416327,0.625,0.21167343854904175
2061,Hlaing,Yangon City,MMR013D004,16.844801,96.12778,0.0,0.0,17.0,1.3808141,0.574999988079071,0.7238371968269348
2062,Hlaing,Yangon City,MMR013D004,16.844807,96.128151,0.0,0.0,18.0,0.9976483,0.550000011920929,0.8004703521728516
2063,Hlaing,Yangon City,MMR013D004,16.844927,96.127305,0.0,0.0,17.0,2.153755,0.574999988079071,0.5692490339279175
2064,Hlaing,Yangon City,MMR013D004,16.845278,96.122818,0.0,0.0,15.0,1.9091437,0.625,0.6181712746620178
2065,Hlaing,Yangon City,MMR013D004,16.845352,96.115448,0.0,0.0,7.0,1.9946922,0.824999988079071,0.6010615825653076
2066,Hlaing,Yangon City,MMR013D004,16.845421,96.136335,0.0,0.0,28.0,1.9946922,0.30000001192092896,0.6010615825653076
2067,Hlaing,Yangon City,MMR013D004,16.845474243164,96.111831665039,0.0,0.0,9.0,3.4869568,0.7749999761581421,0.3026086091995239
2068,Hlaing,Yangon City,MMR013D004,16.845474243164,96.117324829102,0.0,0.0,9.0,7.909878,0.7749999761581421,0.0
2069,Hlaing,Yangon City,MMR013D004,16.845474243164,96.118698120117,0.0,0.0,10.0,2.153755,0.75,0.5692490339279175
2070,Hlaing,Yangon City,MMR013D004,16.845474243164,96.12419128418,0.0,0.0,12.0,1.9946922,0.699999988079071,0.6010615825653076
2071,Hlaing,Yangon City,MMR013D004,16.845474243164,96.125564575195,0.0,0.0,15.0,1.3808141,0.625,0.7238371968269348
2072,Hlaing,Yangon City,MMR013D004,16.845474243164,96.128311157227,0.0,0.0,18.0,1.3808141,0.550000011920929,0.7238371968269348
2073,Hlaing,Yangon City,MMR013D004,16.845474243164,96.129684448242,0.0,0.0,19.0,1.3808141,0.5249999761581421,0.7238371968269348
2074,Hlaing,Yangon City,MMR013D004,16.845474243164,96.132431030273,0.0,0.0,19.0,0.0,0.5249999761581421,1.0
2075,Hlaing,Yangon City,MMR013D004,16.845474243164,96.133804321289,0.0,0.0,23.0,3.138737,0.42500001192092896,0.37225258350372314
2076,Hlaing,Yangon City,MMR013D004,16.845474243164,96.135177612305,0.0,0.0,29.0,3.8140574,0.2749999761581421,0.23718851804733276
2077,Hlaing,Yangon City,MMR013D004,16.845474,96.135864,0.0,0.0,28.0,0.0,0.30000001192092896,1.0
2078,Hlaing,Yangon City,MMR013D004,16.845474243164,96.13655090332,0.0,0.0,29.0,1.3808141,0.2749999761581421,0.7238371968269348
2079,Hlaing,Yangon City,MMR013D004,16.845474243164,96.137924194336,0.0,0.0,26.0,4.096654,0.3500000238418579,0.18066918849945068
2080,Hlaing,Yangon City,MMR013D004,16.84584,96.122818,0.0,0.0,12.0,0.9976483,0.699999988079071,0.8004703521728516
2081,Hlaing,Yangon City,MMR013D004,16.846161,96.116638,0.0,0.0,9.0,2.153755,0.7749999761581421,0.5692490339279175
2082,Hlaing,Yangon City,MMR013D004,16.846161,96.118698,0.0,0.0,11.0,4.415667,0.7250000238418579,0.1168665885925293
2083,Hlaing,Yangon City,MMR013D004,16.846161,96.122818,0.0,0.0,12.0,0.9548369,0.699999988079071,0.8090326189994812
2084,Hlaing,Yangon City,MMR013D004,16.846161,96.135178,0.0,0.0,28.0,4.3014402,0.30000001192092896,0.13971197605133057
2085,Hlaing,Yangon City,MMR013D004,16.846161,96.136551,0.0,0.0,29.0,0.9976483,0.2749999761581421,0.8004703521728516
2086,Hlaing,Yangon City,MMR013D004,16.846298,96.114853,0.0,0.0,9.0,3.9845605,0.7749999761581421,0.2030879259109497
2087,Hlaing,Yangon City,MMR013D004,16.846319,96.125488,0.0,0.0,14.0,1.3808141,0.6499999761581421,0.7238371968269348
2088,Hlaing,Yangon City,MMR013D004,16.846316,96.136196,0.0,0.0,28.0,2.2111168,0.30000001192092896,0.5577766299247742
2089,Hlaing,Yangon City,MMR013D004,16.846504,96.125565,0.0,0.0,14.0,0.9548369,0.6499999761581421,0.8090326189994812
2090,Hlaing,Yangon City,MMR013D004,16.846573,96.113754,0.0,0.0,12.0,2.9905288,0.699999988079071,0.401894211769104
2091,Hlaing,Yangon City,MMR013D004,16.84684753418,96.111831665039,0.0,0.0,10.0,3.138737,0.75,0.37225258350372314
2092,Hlaing,Yangon City,MMR013D004,16.846848,96.112473,0.0,0.0,6.0,0.9548369,0.8500000238418579,0.8090326189994812
2093,Hlaing,Yangon City,MMR013D004,16.84684753418,96.113204956055,0.0,0.0,10.0,2.2111168,0.75,0.5577766299247742
2094,Hlaing,Yangon City,MMR013D004,16.84684753418,96.115951538086,0.0,0.0,10.0,2.760026,0.75,0.44799482822418213
2095,Hlaing,Yangon City,MMR013D004,16.846848,96.11705,0.0,0.0,11.0,3.5461073,0.7250000238418579,0.2907785177230835
2096,Hlaing,Yangon City,MMR013D004,16.84684753418,96.118698120117,0.0,0.0,9.0,1.9091437,0.7749999761581421,0.6181712746620178
2097,Hlaing,Yangon City,MMR013D004,16.846848,96.121445,0.0,0.0,10.0,3.138737,0.75,0.37225258350372314
2098,Hlaing,Yangon City,MMR013D004,16.84684753418,96.125564575195,0.0,0.0,13.0,2.153755,0.675000011920929,0.5692490339279175
2099,Hlaing,Yangon City,MMR013D004,16.846848,96.1306,0.0,0.0,18.0,0.9976483,0.550000011920929,0.8004703521728516
2100,Hlaing,Yangon City,MMR013D004,16.84684753418,96.133804321289,0.0,0.0,23.0,0.9548369,0.42500001192092896,0.8090326189994812
2101,Hlaing,Yangon City,MMR013D004,16.84684753418,96.13655090332,0.0,0.0,29.0,0.0,0.2749999761581421,1.0
2102,Hlaing,Yangon City,MMR013D004,16.84687,96.116798,0.0,0.0,12.0,0.9548369,0.699999988079071,0.8090326189994812
2103,Hlaing,Yangon City,MMR013D004,16.846882,96.116839,0.0,0.0,12.0,0.9548369,0.699999988079071,0.8090326189994812
2104,Hlaing,Yangon City,MMR013D004,16.846888,96.116859,0.0,0.0,12.0,0.9548369,0.699999988079071,0.8090326189994812
2105,Hlaing,Yangon City,MMR013D004,16.846893,96.11726,0.0,0.0,9.0,4.8660283,0.7749999761581421,0.02679431438446045
2106,Hlaing,Yangon City,MMR013D004,16.847122,96.116226,0.0,0.0,10.0,2.153755,0.75,0.5692490339279175
2107,Hlaing,Yangon City,MMR013D004,16.847124,96.117785,0.0,0.0,12.0,6.7274427,0.699999988079071,0.0
2108,Hlaing,Yangon City,MMR013D004,16.847534,96.113342,0.0,0.0,9.0,0.9548369,0.7749999761581421,0.8090326189994812
2109,Hlaing,Yangon City,MMR013D004,16.847534,96.116638,0.0,0.0,10.0,2.2111168,0.75,0.5577766299247742
2110,Hlaing,Yangon City,MMR013D004,16.847534,96.136551,0.0,0.0,30.0,1.3808141,0.25,0.7238371968269348
2111,Hlaing,Yangon City,MMR013D004,16.847652,96.116979,0.0,0.0,9.0,4.8412433,0.7749999761581421,0.03175133466720581
2112,Hlaing,Yangon City,MMR013D004,16.847946,96.125565,0.0,0.0,14.0,2.9905288,0.6499999761581421,0.401894211769104
2113,Hlaing,Yangon City,MMR013D004,16.848220825195,96.110458374023,0.0,0.0,7.0,3.5461073,0.824999988079071,0.2907785177230835
2114,Hlaing,Yangon City,MMR013D004,16.848220825195,96.111831665039,0.0,0.0,8.0,5.617232,0.800000011920929,0.0
2115,Hlaing,Yangon City,MMR013D004,16.848220825195,96.117324829102,0.0,0.0,10.0,2.862392,0.75,0.42752158641815186
2116,Hlaing,Yangon City,MMR013D004,16.848220825195,96.118698120117,0.0,0.0,10.0,0.9548369,0.75,0.8090326189994812
2117,Hlaing,Yangon City,MMR013D004,16.848220825195,96.121444702148,0.0,0.0,11.0,0.9548369,0.7250000238418579,0.8090326189994812
2118,Hlaing,Yangon City,MMR013D004,16.848221,96.123734,0.0,0.0,13.0,2.2111168,0.675000011920929,0.5577766299247742
2119,Hlaing,Yangon City,MMR013D004,16.848220825195,96.12419128418,0.0,0.0,12.0,2.9905288,0.699999988079071,0.401894211769104
2120,Hlaing,Yangon City,MMR013D004,16.848220825195,96.125564575195,0.0,0.0,14.0,2.153755,0.6499999761581421,0.5692490339279175
2121,Hlaing,Yangon City,MMR013D004,16.848220825195,96.126937866211,0.0,0.0,15.0,2.2111168,0.625,0.5577766299247742
2122,Hlaing,Yangon City,MMR013D004,16.848220825195,96.129684448242,0.0,0.0,15.0,3.4869568,0.625,0.3026086091995239
2123,Hlaing,Yangon City,MMR013D004,16.848220825195,96.131057739258,0.0,0.0,20.0,1.3808141,0.5,0.7238371968269348
2124,Hlaing,Yangon City,MMR013D004,16.848220825195,96.132431030273,0.0,0.0,20.0,1.9091437,0.5,0.6181712746620178
2125,Hlaing,Yangon City,MMR013D004,16.848221,96.133118,0.0,0.0,19.0,1.3808141,0.5249999761581421,0.7238371968269348
2126,Hlaing,Yangon City,MMR013D004,16.848220825195,96.133804321289,0.0,0.0,23.0,7.612252,0.42500001192092896,0.0
2127,Hlaing,Yangon City,MMR013D004,16.848221,96.13472,0.0,0.0,27.0,3.4869568,0.32499998807907104,0.3026086091995239
2128,Hlaing,Yangon City,MMR013D004,16.848220825195,96.135177612305,0.0,0.0,28.0,2.2111168,0.30000001192092896,0.5577766299247742
2129,Hlaing,Yangon City,MMR013D004,16.848220825195,96.13655090332,0.0,0.0,29.0,2.153755,0.2749999761581421,0.5692490339279175
2130,Hlaing,Yangon City,MMR013D004,16.848221,96.137466,0.0,0.0,30.0,3.4869568,0.25,0.3026086091995239
2131,Hlaing,Yangon City,MMR013D004,16.84845,96.11824,0.0,0.0,10.0,1.9946922,0.75,0.6010615825653076
2132,Hlaing,Yangon City,MMR013D004,16.848679,96.126709,0.0,0.0,13.0,1.3808141,0.675000011920929,0.7238371968269348
2133,Hlaing,Yangon City,MMR013D004,16.848855,96.117959,0.0,0.0,10.0,1.3808141,0.75,0.7238371968269348
2134,Hlaing,Yangon City,MMR013D004,16.848907,96.111145,0.0,0.0,8.0,1.3808141,0.800000011920929,0.7238371968269348
2135,Hlaing,Yangon City,MMR013D004,16.848908,96.129341,0.0,0.0,14.0,4.1360445,0.6499999761581421,0.17279112339019775
2136,Hlaing,Yangon City,MMR013D004,16.849136,96.137009,0.0,0.0,30.0,3.138737,0.25,0.37225258350372314
2137,Hlaing,Yangon City,MMR013D004,16.849176,96.137489,0.0,0.0,28.0,4.8660283,0.30000001192092896,0.02679431438446045
2138,Hlaing,Yangon City,MMR013D004,16.849594116211,96.110458374023,0.0,0.0,12.0,1.9091437,0.699999988079071,0.6181712746620178
2139,Hlaing,Yangon City,MMR013D004,16.849594116211,96.117324829102,0.0,0.0,6.0,2.2111168,0.8500000238418579,0.5577766299247742
2140,Hlaing,Yangon City,MMR013D004,16.849594116211,96.118698120117,0.0,0.0,12.0,0.9976483,0.699999988079071,0.8004703521728516
2141,Hlaing,Yangon City,MMR013D004,16.849594116211,96.121444702148,0.0,0.0,12.0,2.2111168,0.699999988079071,0.5577766299247742
2142,Hlaing,Yangon City,MMR013D004,16.849594116211,96.12419128418,0.0,0.0,14.0,4.415667,0.6499999761581421,0.1168665885925293
2143,Hlaing,Yangon City,MMR013D004,16.849594116211,96.125564575195,0.0,0.0,19.0,2.9905288,0.5249999761581421,0.401894211769104
2144,Hlaing,Yangon City,MMR013D004,16.849594116211,96.126937866211,0.0,0.0,12.0,1.9946922,0.699999988079071,0.6010615825653076
2145,Hlaing,Yangon City,MMR013D004,16.849594116211,96.128311157227,0.0,0.0,11.0,0.9548369,0.7250000238418579,0.8090326189994812
2146,Hlaing,Yangon City,MMR013D004,16.849594116211,96.129684448242,0.0,0.0,13.0,2.2111168,0.675000011920929,0.5577766299247742
2147,Hlaing,Yangon City,MMR013D004,16.849594,96.130371,0.0,0.0,14.0,2.153755,0.6499999761581421,0.5692490339279175
2148,Hlaing,Yangon City,MMR013D004,16.849594116211,96.13655090332,0.0,0.0,30.0,3.9416327,0.25,0.21167343854904175
2149,Hlaing,Yangon City,MMR013D004,16.849594116211,96.137924194336,0.0,0.0,25.0,6.654394,0.375,0.0
2150,Hlaing,Yangon City,MMR013D004,16.849594,96.138611,0.0,0.0,27.0,4.8660283,0.32499998807907104,0.02679431438446045
2151,Hlaing,Yangon City,MMR013D004,16.849594116211,96.139297485352,0.0,0.0,18.0,8.959924,0.550000011920929,0.0
2152,Hlaing,Yangon City,MMR013D004,16.850281,96.117325,0.0,0.0,8.0,0.0,0.800000011920929,1.0
2153,Hlaing,Yangon City,MMR013D004,16.850281,96.124191,0.0,0.0,15.0,3.0307229,0.625,0.3938554525375366
2154,Hlaing,Yangon City,MMR013D004,16.85051,96.124191,0.0,0.0,16.0,0.9976483,0.6000000238418579,0.8004703521728516
2155,Hlaing,Yangon City,MMR013D004,16.850524,96.138229,0.0,0.0,24.0,5.1608467,0.3999999761581421,0.0
2156,Hlaing,Yangon City,MMR013D004,16.850624,96.109943,0.0,0.0,8.0,5.1608467,0.800000011920929,0.0
2157,Hlaing,Yangon City,MMR013D004,16.850967407227,96.109085083008,0.0,0.0,9.0,0.9548369,0.7749999761581421,0.8090326189994812
2158,Hlaing,Yangon City,MMR013D004,16.850967,96.109772,0.0,0.0,11.0,4.9761953,0.7250000238418579,0.004760921001434326
2159,Hlaing,Yangon City,MMR013D004,16.850967407227,96.110458374023,0.0,0.0,12.0,0.9976483,0.699999988079071,0.8004703521728516
2160,Hlaing,Yangon City,MMR013D004,16.850967407227,96.117324829102,0.0,0.0,9.0,0.9976483,0.7749999761581421,0.8004703521728516
2161,Hlaing,Yangon City,MMR013D004,16.850967407227,96.118698120117,0.0,0.0,11.0,2.153755,0.7250000238418579,0.5692490339279175
2162,Hlaing,Yangon City,MMR013D004,16.850967407227,96.122817993164,0.0,0.0,12.0,0.9548369,0.699999988079071,0.8090326189994812
2163,Hlaing,Yangon City,MMR013D004,16.850967407227,96.12419128418,0.0,0.0,14.0,2.153755,0.6499999761581421,0.5692490339279175
2164,Hlaing,Yangon City,MMR013D004,16.850967407227,96.129684448242,0.0,0.0,22.0,4.9007516,0.44999998807907104,0.019849658012390137
2165,Hlaing,Yangon City,MMR013D004,16.850967407227,96.131057739258,0.0,0.0,20.0,1.9091437,0.5,0.6181712746620178
2166,Hlaing,Yangon City,MMR013D004,16.850967,96.138702,0.0,0.0,20.0,2.760026,0.5,0.44799482822418213
2167,Hlaing,Yangon City,MMR013D004,16.850967407227,96.139297485352,0.0,0.0,24.0,2.760026,0.3999999761581421,0.44799482822418213
2168,Hlaing,Yangon City,MMR013D004,16.851202,96.136832,0.0,0.0,31.0,2.760026,0.2250000238418579,0.44799482822418213
2169,Hlaing,Yangon City,MMR013D004,16.851221,96.136808,0.0,0.0,31.0,2.760026,0.2250000238418579,0.44799482822418213
2170,Hlaing,Yangon City,MMR013D004,16.851425,96.124191,0.0,0.0,13.0,2.9905288,0.675000011920929,0.401894211769104
2171,Hlaing,Yangon City,MMR013D004,16.851425,96.138382,0.0,0.0,24.0,8.419388,0.3999999761581421,0.0
2172,Hlaing,Yangon City,MMR013D004,16.851654,96.124878,0.0,0.0,19.0,3.138737,0.5249999761581421,0.37225258350372314
2173,Hlaing,Yangon City,MMR013D004,16.851654,96.139984,0.0,0.0,23.0,2.760026,0.42500001192092896,0.44799482822418213
2174,Hlaing,Yangon City,MMR013D004,16.851997,96.124191,0.0,0.0,14.0,5.0660734,0.6499999761581421,0.0
2175,Hlaing,Yangon City,MMR013D004,16.852340698242,96.109085083008,0.0,0.0,6.0,1.9946922,0.8500000238418579,0.6010615825653076
2176,Hlaing,Yangon City,MMR013D004,16.852340698242,96.110458374023,0.0,0.0,8.0,1.3808141,0.800000011920929,0.7238371968269348
2177,Hlaing,Yangon City,MMR013D004,16.852340698242,96.117324829102,0.0,0.0,10.0,4.1360445,0.75,0.17279112339019775
2178,Hlaing,Yangon City,MMR013D004,16.852340698242,96.118698120117,0.0,0.0,10.0,1.9091437,0.75,0.6181712746620178
2179,Hlaing,Yangon City,MMR013D004,16.852340698242,96.121444702148,0.0,0.0,10.0,1.3808141,0.75,0.7238371968269348
2180,Hlaing,Yangon City,MMR013D004,16.852340698242,96.12419128418,0.0,0.0,14.0,1.3808141,0.6499999761581421,0.7238371968269348
2181,Hlaing,Yangon City,MMR013D004,16.852340698242,96.126937866211,0.0,0.0,19.0,1.3808141,0.5249999761581421,0.7238371968269348
2182,Hlaing,Yangon City,MMR013D004,16.852340698242,96.129684448242,0.0,0.0,25.0,3.4869568,0.375,0.3026086091995239
2183,Hlaing,Yangon City,MMR013D004,16.852340698242,96.132431030273,0.0,0.0,25.0,4.8660283,0.375,0.02679431438446045
2184,Hlaing,Yangon City,MMR013D004,16.852340698242,96.137924194336,0.0,0.0,26.0,1.9946922,0.3500000238418579,0.6010615825653076
2185,Hlaing,Yangon City,MMR013D004,16.852341,96.138382,0.0,0.0,25.0,2.760026,0.375,0.44799482822418213
2186,Hlaing,Yangon City,MMR013D004,16.852340849121,96.139297242676,0.0,0.0,19.0,3.8140574,0.5249999761581421,0.23718851804733276
2187,Hlaing,Yangon City,MMR013D004,16.852340698242,96.140670776367,0.0,0.0,24.0,0.0,0.3999999761581421,1.0
2188,Hlaing,Yangon City,MMR013D004,16.852615,96.124191,0.0,0.0,14.0,1.9946922,0.6499999761581421,0.6010615825653076
2189,Hlaing,Yangon City,MMR013D004,16.85289,96.124466,0.0,0.0,14.0,0.9548369,0.6499999761581421,0.8090326189994812
2190,Hlaing,Yangon City,MMR013D004,16.853027,96.110458,0.0,0.0,8.0,0.0,0.800000011920929,1.0
2191,Hlaing,Yangon City,MMR013D004,16.853027,96.117325,0.0,0.0,9.0,2.153755,0.7749999761581421,0.5692490339279175
2192,Hlaing,Yangon City,MMR013D004,16.853027,96.125564,0.0,0.0,12.0,0.9548369,0.699999988079071,0.8090326189994812
2193,Hlaing,Yangon City,MMR013D004,16.853165,96.124191,0.0,0.0,15.0,0.9548369,0.625,0.8090326189994812
2194,Hlaing,Yangon City,MMR013D004,16.853233,96.100121,0.0,0.0,1.0,0.0,0.9750000238418579,1.0
2195,Hlaing,Yangon City,MMR013D004,16.853256,96.117325,0.0,0.0,9.0,0.9976483,0.7749999761581421,0.8004703521728516
2196,Hlaing,Yangon City,MMR013D004,16.853256,96.139755,0.0,0.0,20.0,3.9416327,0.5,0.21167343854904175
2197,Hlaing,Yangon City,MMR013D004,16.853256,96.140671,0.0,0.0,26.0,6.6072006,0.3500000238418579,0.0
2198,Hlaing,Yangon City,MMR013D004,16.853322,96.116834,0.0,0.0,12.0,8.151844,0.699999988079071,0.0
2199,Hlaing,Yangon City,MMR013D004,16.853371,96.124191,0.0,0.0,15.0,0.9548369,0.625,0.8090326189994812
2200,Hlaing,Yangon City,MMR013D004,16.853542,96.112003,0.0,0.0,9.0,0.9976483,0.7749999761581421,0.8004703521728516
2201,Hlaing,Yangon City,MMR013D004,16.853589,96.13705,0.0,0.0,26.0,4.3014402,0.3500000238418579,0.13971197605133057
2202,Hlaing,Yangon City,MMR013D004,16.853713989258,96.109085083008,0.0,0.0,9.0,3.5461073,0.7749999761581421,0.2907785177230835
2203,Hlaing,Yangon City,MMR013D004,16.853713989258,96.111831665039,0.0,0.0,9.0,1.9946922,0.7749999761581421,0.6010615825653076
2204,Hlaing,Yangon City,MMR013D004,16.853713989258,96.11457824707,0.0,0.0,9.0,0.9976483,0.7749999761581421,0.8004703521728516
2205,Hlaing,Yangon City,MMR013D004,16.853713989258,96.115951538086,0.0,0.0,18.0,2.153755,0.550000011920929,0.5692490339279175
2206,Hlaing,Yangon City,MMR013D004,16.853713989258,96.117324829102,0.0,0.0,10.0,0.9548369,0.75,0.8090326189994812
2207,Hlaing,Yangon City,MMR013D004,16.853713989258,96.122817993164,0.0,0.0,13.0,0.9548369,0.675000011920929,0.8090326189994812
2208,Hlaing,Yangon City,MMR013D004,16.853713989258,96.12419128418,0.0,0.0,15.0,3.138737,0.625,0.37225258350372314
2209,Hlaing,Yangon City,MMR013D004,16.853713989258,96.125564575195,0.0,0.0,15.0,1.9091437,0.625,0.6181712746620178
2210,Hlaing,Yangon City,MMR013D004,16.853713989258,96.129684448242,0.0,0.0,24.0,3.0307229,0.3999999761581421,0.3938554525375366
2211,Hlaing,Yangon City,MMR013D004,16.853713989258,96.132431030273,0.0,0.0,25.0,0.9976483,0.375,0.8004703521728516
2212,Hlaing,Yangon City,MMR013D004,16.853713989258,96.13655090332,0.0,0.0,23.0,3.8140574,0.42500001192092896,0.23718851804733276
2213,Hlaing,Yangon City,MMR013D004,16.853713989258,96.137924194336,0.0,0.0,24.0,2.153755,0.3999999761581421,0.5692490339279175
2214,Hlaing,Yangon City,MMR013D004,16.853714,96.138611,0.0,0.0,23.0,1.9091437,0.42500001192092896,0.6181712746620178
2215,Hlaing,Yangon City,MMR013D004,16.853713989258,96.139297485352,0.0,0.0,21.0,4.8412433,0.4750000238418579,0.03175133466720581
2216,Hlaing,Yangon City,MMR013D004,16.853714,96.139755,0.0,0.0,20.0,5.7959256,0.5,0.0
2217,Hlaing,Yangon City,MMR013D004,16.854057,96.124191,0.0,0.0,14.0,3.0307229,0.6499999761581421,0.3938554525375366
2218,Hlaing,Yangon City,MMR013D004,16.854172,96.130142,0.0,0.0,23.0,2.2111168,0.42500001192092896,0.5577766299247742
2219,Hlaing,Yangon City,MMR013D004,16.854172,96.136093,0.0,0.0,25.0,5.0660734,0.375,0.0
2220,Hlaing,Yangon City,MMR013D004,16.854263,96.116776,0.0,0.0,7.0,5.0660734,0.824999988079071,0.0
2221,Hlaing,Yangon City,MMR013D004,16.854401,96.115952,0.0,0.0,12.0,8.282669,0.699999988079071,0.0
2222,Hlaing,Yangon City,MMR013D004,16.854401,96.133118,0.0,0.0,23.0,1.3808141,0.42500001192092896,0.7238371968269348
2223,Hlaing,Yangon City,MMR013D004,16.854401,96.135864,0.0,0.0,27.0,6.2581224,0.32499998807907104,0.0
2224,Hlaing,Yangon City,MMR013D004,16.854744,96.111694,0.0,0.0,9.0,1.9946922,0.7749999761581421,0.6010615825653076
2225,Hlaing,Yangon City,MMR013D004,16.855087280273,96.107711791992,0.0,0.0,10.0,1.3808141,0.75,0.7238371968269348
2226,Hlaing,Yangon City,MMR013D004,16.855087280273,96.109085083008,0.0,0.0,9.0,1.9946922,0.7749999761581421,0.6010615825653076
2227,Hlaing,Yangon City,MMR013D004,16.855087280273,96.110458374023,0.0,0.0,9.0,1.3808141,0.7749999761581421,0.7238371968269348
2228,Hlaing,Yangon City,MMR013D004,16.855087280273,96.11457824707,0.0,0.0,9.0,0.9976483,0.7749999761581421,0.8004703521728516
2229,Hlaing,Yangon City,MMR013D004,16.855087280273,96.115951538086,0.0,0.0,10.0,1.3808141,0.75,0.7238371968269348
2230,Hlaing,Yangon City,MMR013D004,16.855087,96.116638,0.0,0.0,10.0,3.138737,0.75,0.37225258350372314
2231,Hlaing,Yangon City,MMR013D004,16.855087280273,96.117324829102,0.0,0.0,12.0,0.0,0.699999988079071,1.0
2232,Hlaing,Yangon City,MMR013D004,16.855087280273,96.118698120117,0.0,0.0,11.0,0.9976483,0.7250000238418579,0.8004703521728516
2233,Hlaing,Yangon City,MMR013D004,16.855087280273,96.120071411133,0.0,0.0,10.0,1.3808141,0.75,0.7238371968269348
2234,Hlaing,Yangon City,MMR013D004,16.855087280273,96.121444702148,0.0,0.0,9.0,1.9946922,0.7749999761581421,0.6010615825653076
2235,Hlaing,Yangon City,MMR013D004,16.855087280273,96.122817993164,0.0,0.0,14.0,2.2111168,0.6499999761581421,0.5577766299247742
2236,Hlaing,Yangon City,MMR013D004,16.855087280273,96.12419128418,0.0,0.0,13.0,6.6072006,0.675000011920929,0.0
2237,Hlaing,Yangon City,MMR013D004,16.855087280273,96.128311157227,0.0,0.0,18.0,0.9548369,0.550000011920929,0.8090326189994812
2238,Hlaing,Yangon City,MMR013D004,16.855087280273,96.129684448242,0.0,0.0,20.0,0.9976483,0.5,0.8004703521728516
2239,Hlaing,Yangon City,MMR013D004,16.855087280273,96.131057739258,0.0,0.0,25.0,2.2111168,0.375,0.5577766299247742
2240,Hlaing,Yangon City,MMR013D004,16.855087,96.131744,0.0,0.0,22.0,0.9548369,0.44999998807907104,0.8090326189994812
2241,Hlaing,Yangon City,MMR013D004,16.855087280273,96.132431030273,0.0,0.0,24.0,2.9905288,0.3999999761581421,0.401894211769104
2242,Hlaing,Yangon City,MMR013D004,16.855087280273,96.133804321289,0.0,0.0,28.0,4.1360445,0.30000001192092896,0.17279112339019775
2243,Hlaing,Yangon City,MMR013D004,16.855545,96.10817,0.0,0.0,9.0,0.9548369,0.7749999761581421,0.8090326189994812
2244,Hlaing,Yangon City,MMR013D004,16.855546,96.123681,0.0,0.0,15.0,3.9416327,0.625,0.21167343854904175
2245,Hlaing,Yangon City,MMR013D004,16.855553,96.123825,0.0,0.0,15.0,3.9416327,0.625,0.21167343854904175
2246,Hlaing,Yangon City,MMR013D004,16.855637,96.117783,0.0,0.0,14.0,0.9548369,0.6499999761581421,0.8090326189994812
2247,Hlaing,Yangon City,MMR013D004,16.855734,96.124004,0.0,0.0,15.0,4.3014402,0.625,0.13971197605133057
2248,Hlaing,Yangon City,MMR013D004,16.855774,96.123505,0.0,0.0,14.0,4.1360445,0.6499999761581421,0.17279112339019775
2249,Hlaing,Yangon City,MMR013D004,16.855948,96.123863,0.0,0.0,13.0,1.9091437,0.675000011920929,0.6181712746620178
2250,Hlaing,Yangon City,MMR013D004,16.856460571289,96.113204956055,0.0,0.0,11.0,2.153755,0.7250000238418579,0.5692490339279175
2251,Hlaing,Yangon City,MMR013D004,16.856460571289,96.11457824707,0.0,0.0,9.0,1.3808141,0.7749999761581421,0.7238371968269348
2252,Hlaing,Yangon City,MMR013D004,16.856461,96.115265,0.0,0.0,9.0,1.3808141,0.7749999761581421,0.7238371968269348
2253,Hlaing,Yangon City,MMR013D004,16.856460571289,96.115951538086,0.0,0.0,11.0,1.9946922,0.7250000238418579,0.6010615825653076
2254,Hlaing,Yangon City,MMR013D004,16.856461,96.116638,0.0,0.0,11.0,2.2111168,0.7250000238418579,0.5577766299247742
2255,Hlaing,Yangon City,MMR013D004,16.856461,96.116867,0.0,0.0,10.0,0.0,0.75,1.0
2256,Hlaing,Yangon City,MMR013D004,16.856460571289,96.117324829102,0.0,0.0,11.0,1.3808141,0.7250000238418579,0.7238371968269348
2257,Hlaing,Yangon City,MMR013D004,16.856460571289,96.118698120117,0.0,0.0,12.0,0.0,0.699999988079071,1.0
2258,Hlaing,Yangon City,MMR013D004,16.856460571289,96.120071411133,0.0,0.0,12.0,1.9091437,0.699999988079071,0.6181712746620178
2259,Hlaing,Yangon City,MMR013D004,16.856460571289,96.122817993164,0.0,0.0,10.0,0.9976483,0.75,0.8004703521728516
2260,Hlaing,Yangon City,MMR013D004,16.856460571289,96.12419128418,0.0,0.0,13.0,6.2587476,0.675000011920929,0.0
2261,Hlaing,Yangon City,MMR013D004,16.856460571289,96.129684448242,0.0,0.0,18.0,2.9905288,0.550000011920929,0.401894211769104
2262,Hlaing,Yangon City,MMR013D004,16.856460571289,96.131057739258,0.0,0.0,26.0,0.9548369,0.3500000238418579,0.8090326189994812
2263,Hlaing,Yangon City,MMR013D004,16.856461,96.131744,0.0,0.0,27.0,4.415667,0.32499998807907104,0.1168665885925293
2264,Hlaing,Yangon City,MMR013D004,16.856460571289,96.132431030273,0.0,0.0,29.0,0.9548369,0.2749999761581421,0.8090326189994812
2265,Hlaing,Yangon City,MMR013D004,16.856460571289,96.133804321289,0.0,0.0,27.0,3.138737,0.32499998807907104,0.37225258350372314
2266,Hlaing,Yangon City,MMR013D004,16.856549,96.124565,0.0,0.0,17.0,6.2587476,0.574999988079071,0.0
2267,Hlaing,Yangon City,MMR013D004,16.856689,96.124191,0.0,0.0,12.0,5.0660734,0.699999988079071,0.0
2268,Hlaing,Yangon City,MMR013D004,16.856804,96.124878,0.0,0.0,17.0,4.3014402,0.574999988079071,0.13971197605133057
2269,Hlaing,Yangon City,MMR013D004,16.856918,96.117783,0.0,0.0,11.0,1.9091437,0.7250000238418579,0.6181712746620178
2270,Hlaing,Yangon City,MMR013D004,16.856918,96.11824,0.0,0.0,12.0,0.0,0.699999988079071,1.0
2271,Hlaing,Yangon City,MMR013D004,16.857147,96.115265,0.0,0.0,8.0,1.9946922,0.800000011920929,0.6010615825653076
2272,Hlaing,Yangon City,MMR013D004,16.857147,96.115952,0.0,0.0,9.0,0.9976483,0.7749999761581421,0.8004703521728516
2273,Hlaing,Yangon City,MMR013D004,16.857147,96.124878,0.0,0.0,15.0,3.5461073,0.625,0.2907785177230835
2274,Hlaing,Yangon City,MMR013D004,16.857147,96.132431,0.0,0.0,26.0,2.2111168,0.3500000238418579,0.5577766299247742
2275,Hlaing,Yangon City,MMR013D004,16.857245,96.123799,0.0,0.0,15.0,4.8412433,0.625,0.03175133466720581
2276,Hlaing,Yangon City,MMR013D004,16.857376,96.130142,0.0,0.0,20.0,1.3808141,0.5,0.7238371968269348
2277,Hlaing,Yangon City,MMR013D004,16.857491,96.123505,0.0,0.0,18.0,2.2111168,0.550000011920929,0.5577766299247742
2278,Hlaing,Yangon City,MMR013D004,16.857491,96.124191,0.0,0.0,15.0,3.0307229,0.625,0.3938554525375366
2279,Hlaing,Yangon City,MMR013D004,16.857491,96.129684,0.0,0.0,24.0,3.9416327,0.3999999761581421,0.21167343854904175
2280,Hlaing,Yangon City,MMR013D004,16.857834,96.113892,0.0,0.0,8.0,4.096654,0.800000011920929,0.18066918849945068
2281,Hlaing,Yangon City,MMR013D004,16.857833862305,96.115951538086,0.0,0.0,11.0,2.2111168,0.7250000238418579,0.5577766299247742
2282,Hlaing,Yangon City,MMR013D004,16.857834,96.116638,0.0,0.0,13.0,1.9946922,0.675000011920929,0.6010615825653076
2283,Hlaing,Yangon City,MMR013D004,16.857834,96.119385,0.0,0.0,12.0,0.9976483,0.699999988079071,0.8004703521728516
2284,Hlaing,Yangon City,MMR013D004,16.857834,96.119614,0.0,0.0,11.0,3.0307229,0.7250000238418579,0.3938554525375366
2285,Hlaing,Yangon City,MMR013D004,16.857833862305,96.120071411133,0.0,0.0,11.0,1.9091437,0.7250000238418579,0.6181712746620178
2286,Hlaing,Yangon City,MMR013D004,16.857833862305,96.121444702148,0.0,0.0,13.0,0.9976483,0.675000011920929,0.8004703521728516
2287,Hlaing,Yangon City,MMR013D004,16.857833862305,96.122817993164,0.0,0.0,18.0,2.2111168,0.550000011920929,0.5577766299247742
2288,Hlaing,Yangon City,MMR013D004,16.857834,96.123505,0.0,0.0,18.0,0.9976483,0.550000011920929,0.8004703521728516
2289,Hlaing,Yangon City,MMR013D004,16.857833862305,96.12419128418,0.0,0.0,17.0,2.153755,0.574999988079071,0.5692490339279175
2290,Hlaing,Yangon City,MMR013D004,16.857834,96.125107,0.0,0.0,20.0,2.862392,0.5,0.42752158641815186
2291,Hlaing,Yangon City,MMR013D004,16.857833862305,96.125564575195,0.0,0.0,19.0,0.9548369,0.5249999761581421,0.8090326189994812
2292,Hlaing,Yangon City,MMR013D004,16.857833862305,96.126937866211,0.0,0.0,19.0,3.0307229,0.5249999761581421,0.3938554525375366
2293,Hlaing,Yangon City,MMR013D004,16.857834,96.127968,0.0,0.0,21.0,2.9905288,0.4750000238418579,0.401894211769104
2294,Hlaing,Yangon City,MMR013D004,16.857833862305,96.128311157227,0.0,0.0,20.0,0.9976483,0.5,0.8004703521728516
2295,Hlaing,Yangon City,MMR013D004,16.857834,96.128998,0.0,0.0,25.0,1.3808141,0.375,0.7238371968269348
2296,Hlaing,Yangon City,MMR013D004,16.857833862305,96.129684448242,0.0,0.0,25.0,1.3808141,0.375,0.7238371968269348
2297,Hlaing,Yangon City,MMR013D004,16.857833862305,96.131057739258,0.0,0.0,27.0,2.153755,0.32499998807907104,0.5692490339279175
2298,Hlaing,Yangon City,MMR013D004,16.858177,96.115952,0.0,0.0,11.0,1.9946922,0.7250000238418579,0.6010615825653076
2299,Hlaing,Yangon City,MMR013D004,16.858177,96.117325,0.0,0.0,12.0,0.9976483,0.699999988079071,0.8004703521728516
2300,Hlaing,Yangon City,MMR013D004,16.858521,96.122818,0.0,0.0,17.0,0.9976483,0.574999988079071,0.8004703521728516
2301,Hlaing,Yangon City,MMR013D004,16.858521,96.129684,0.0,0.0,19.0,1.9091437,0.5249999761581421,0.6181712746620178
2302,Hlaing,Yangon City,MMR013D004,16.858864,96.115265,0.0,0.0,5.0,3.5461073,0.875,0.2907785177230835
2303,Hlaing,Yangon City,MMR013D004,16.859207,96.115036,0.0,0.0,7.0,2.760026,0.824999988079071,0.44799482822418213
2304,Hlaing,Yangon City,MMR013D004,16.859207,96.115265,0.0,0.0,8.0,5.1608467,0.800000011920929,0.0
2305,Hlaing,Yangon City,MMR013D004,16.85920715332,96.115951538086,0.0,0.0,11.0,3.138737,0.7250000238418579,0.37225258350372314
2306,Hlaing,Yangon City,MMR013D004,16.85920715332,96.120071411133,0.0,0.0,10.0,2.2111168,0.75,0.5577766299247742
2307,Hlaing,Yangon City,MMR013D004,16.85920715332,96.121444702148,0.0,0.0,13.0,1.3808141,0.675000011920929,0.7238371968269348
2308,Hlaing,Yangon City,MMR013D004,16.85920715332,96.122817993164,0.0,0.0,17.0,1.3808141,0.574999988079071,0.7238371968269348
2309,Hlaing,Yangon City,MMR013D004,16.85920715332,96.12419128418,0.0,0.0,17.0,2.2111168,0.574999988079071,0.5577766299247742
2310,Hlaing,Yangon City,MMR013D004,16.85920715332,96.129684448242,0.0,0.0,18.0,4.9761953,0.550000011920929,0.004760921001434326
2311,Hlaing,Yangon City,MMR013D004,16.85920715332,96.133804321289,0.0,0.0,17.0,6.6072006,0.574999988079071,0.0
2312,Hlaing,Yangon City,MMR013D004,16.860237,96.124191,0.0,0.0,18.0,1.9946922,0.550000011920929,0.6010615825653076
2313,Hlaing,Yangon City,MMR013D004,16.860580444336,96.122817993164,0.0,0.0,18.0,1.9091437,0.550000011920929,0.6181712746620178
2314,Hlaing,Yangon City,MMR013D004,16.86058,96.124649,0.0,0.0,19.0,0.9976483,0.5249999761581421,0.8004703521728516
2315,Hlaing,Yangon City,MMR013D004,16.860580444336,96.129684448242,0.0,0.0,12.0,3.9845605,0.699999988079071,0.2030879259109497
2316,Hlaing,Yangon City,MMR013D004,16.860580444336,96.131057739258,0.0,0.0,11.0,3.138737,0.7250000238418579,0.37225258350372314
2317,Hlaing,Yangon City,MMR013D004,16.860748,96.129801,0.0,0.0,11.0,3.5461073,0.7250000238418579,0.2907785177230835
2318,Hlaing,Yangon City,MMR013D004,16.860973,96.122818,0.0,0.0,16.0,1.3808141,0.6000000238418579,0.7238371968269348
2319,Hlaing,Yangon City,MMR013D004,16.861496,96.12648,0.0,0.0,14.0,3.138737,0.6499999761581421,0.37225258350372314
2320,Hlaing,Yangon City,MMR013D004,16.861725,96.122818,0.0,0.0,15.0,1.9091437,0.625,0.6181712746620178
2321,Hlaing,Yangon City,MMR013D004,16.861953735352,96.122817993164,0.0,0.0,14.0,1.9091437,0.6499999761581421,0.6181712746620178
2322,Hlaingtharya (East),Yangon City,MMR013D001,16.835175,96.100845,0.0,0.0,10.0,5.0660734,0.75,0.0
2323,Hlaingtharya (East),Yangon City,MMR013D001,16.835861206055,96.096725463867,0.0,0.0,6.0,4.3014402,0.8500000238418579,0.13971197605133057
2324,Hlaingtharya (East),Yangon City,MMR013D001,16.836512,96.089158,0.0,0.0,8.0,2.2111168,0.800000011920929,0.5577766299247742
2325,Hlaingtharya (East),Yangon City,MMR013D001,16.83723449707,96.093978881836,0.0,0.0,9.0,8.530726,0.7749999761581421,0.0
2326,Hlaingtharya (East),Yangon City,MMR013D001,16.83723449707,96.103591918945,0.0,0.0,9.0,2.153755,0.7749999761581421,0.5692490339279175
2327,Hlaingtharya (East),Yangon City,MMR013D001,16.839981079102,96.09260559082,0.0,0.0,17.0,2.153755,0.574999988079071,0.5692490339279175
2328,Hlaingtharya (East),Yangon City,MMR013D001,16.840054,96.085434,0.0,0.0,6.0,7.065254,0.8500000238418579,0.0
2329,Hlaingtharya (East),Yangon City,MMR013D001,16.841016,96.078012,0.0,0.0,8.0,1.3808141,0.800000011920929,0.7238371968269348
2330,Hlaingtharya (East),Yangon City,MMR013D001,16.841354370117,96.087112426758,0.0,0.0,10.0,3.138737,0.75,0.37225258350372314
2331,Hlaingtharya (East),Yangon City,MMR013D001,16.841354370117,96.089859008789,0.0,0.0,8.0,2.760026,0.800000011920929,0.44799482822418213
2332,Hlaingtharya (East),Yangon City,MMR013D001,16.841354370117,96.09260559082,0.0,0.0,8.0,5.1608467,0.800000011920929,0.0
2333,Hlaingtharya (East),Yangon City,MMR013D001,16.841354370117,96.093978881836,0.0,0.0,13.0,6.0445805,0.675000011920929,0.0
2334,Hlaingtharya (East),Yangon City,MMR013D001,16.841354370117,96.095352172852,0.0,0.0,10.0,3.9416327,0.75,0.21167343854904175
2335,Hlaingtharya (East),Yangon City,MMR013D001,16.841545,96.076447,0.0,0.0,1.0,6.7274427,0.9750000238418579,0.0
2336,Hlaingtharya (East),Yangon City,MMR013D001,16.842369,96.076721,0.0,0.0,5.0,7.846306,0.875,0.0
2337,Hlaingtharya (East),Yangon City,MMR013D001,16.842727661133,96.073379516602,0.0,0.0,10.0,5.733568,0.75,0.0
2338,Hlaingtharya (East),Yangon City,MMR013D001,16.842727661133,96.093978881836,0.0,0.0,7.0,0.9976483,0.824999988079071,0.8004703521728516
2339,Hlaingtharya (East),Yangon City,MMR013D001,16.842727661133,96.096725463867,0.0,0.0,8.0,3.9416327,0.800000011920929,0.21167343854904175
2340,Hlaingtharya (East),Yangon City,MMR013D001,16.842728,96.098099,0.0,0.0,10.0,1.3808141,0.75,0.7238371968269348
2341,Hlaingtharya (East),Yangon City,MMR013D001,16.844100952148,96.082992553711,0.0,0.0,5.0,4.3014402,0.875,0.13971197605133057
2342,Hlaingtharya (East),Yangon City,MMR013D001,16.844100952148,96.085739135742,0.0,0.0,9.0,3.0307229,0.7749999761581421,0.3938554525375366
2343,Hlaingtharya (East),Yangon City,MMR013D001,16.845474243164,96.09260559082,0.0,0.0,3.0,3.0307229,0.925000011920929,0.3938554525375366
2344,Hlaingtharya (East),Yangon City,MMR013D001,16.848220825195,96.082992553711,0.0,0.0,8.0,2.2111168,0.800000011920929,0.5577766299247742
2345,Hlaingtharya (East),Yangon City,MMR013D001,16.848220825195,96.085739135742,0.0,0.0,8.0,6.8722596,0.800000011920929,0.0
2346,Hlaingtharya (East),Yangon City,MMR013D001,16.848220825195,96.09260559082,0.0,0.0,7.0,1.9946922,0.824999988079071,0.6010615825653076
2347,Hlaingtharya (East),Yangon City,MMR013D001,16.848220825195,96.095352172852,0.0,0.0,3.0,1.9091437,0.925000011920929,0.6181712746620178
2348,Hlaingtharya (East),Yangon City,MMR013D001,16.848220825195,96.096725463867,0.0,0.0,5.0,1.3808141,0.875,0.7238371968269348
2349,Hlaingtharya (East),Yangon City,MMR013D001,16.848417,96.087764,0.0,0.0,6.0,1.9946922,0.8500000238418579,0.6010615825653076
2350,Hlaingtharya (East),Yangon City,MMR013D001,16.849594116211,96.065139770508,0.0,0.0,6.0,2.153755,0.8500000238418579,0.5692490339279175
2351,Hlaingtharya (East),Yangon City,MMR013D001,16.850967407227,96.069259643555,0.0,0.0,0.0,3.138737,1.0,0.37225258350372314
2352,Hlaingtharya (East),Yangon City,MMR013D001,16.850973,96.096481,0.0,0.0,6.0,1.9946922,0.8500000238418579,0.6010615825653076
2353,Hlaingtharya (East),Yangon City,MMR013D001,16.852798,96.088028,0.0,0.0,8.0,0.9976483,0.800000011920929,0.8004703521728516
2354,Hlaingtharya (East),Yangon City,MMR013D001,16.853713989258,96.08024597168,0.0,0.0,9.0,2.9905288,0.7749999761581421,0.401894211769104
2355,Hlaingtharya (East),Yangon City,MMR013D001,16.853713989258,96.084365844727,0.0,0.0,11.0,4.415667,0.7250000238418579,0.1168665885925293
2356,Hlaingtharya (East),Yangon City,MMR013D001,16.853713989258,96.089859008789,0.0,0.0,4.0,3.8140574,0.8999999761581421,0.23718851804733276
2357,Hlaingtharya (East),Yangon City,MMR013D001,16.854744,96.088486,0.0,0.0,9.0,2.760026,0.7749999761581421,0.44799482822418213
2358,Hlaingtharya (East),Yangon City,MMR013D001,16.855087280273,96.054153442383,0.0,0.0,6.0,0.9548369,0.8500000238418579,0.8090326189994812
2359,Hlaingtharya (East),Yangon City,MMR013D001,16.855087280273,96.072006225586,0.0,0.0,15.0,1.3808141,0.625,0.7238371968269348
2360,Hlaingtharya (East),Yangon City,MMR013D001,16.855087280273,96.081619262695,0.0,0.0,14.0,2.153755,0.6499999761581421,0.5692490339279175
2361,Hlaingtharya (East),Yangon City,MMR013D001,16.855087280273,96.087112426758,0.0,0.0,6.0,3.138737,0.8500000238418579,0.37225258350372314
2362,Hlaingtharya (East),Yangon City,MMR013D001,16.855087280273,96.088485717773,0.0,0.0,9.0,2.2111168,0.7749999761581421,0.5577766299247742
2363,Hlaingtharya (East),Yangon City,MMR013D001,16.855087280273,96.09260559082,0.0,0.0,5.0,13.823813,0.875,0.0
2364,Hlaingtharya (East),Yangon City,MMR013D001,16.855087280273,96.093978881836,0.0,0.0,10.0,3.5461073,0.75,0.2907785177230835
2365,Hlaingtharya (East),Yangon City,MMR013D001,16.855362,96.092606,0.0,0.0,3.0,7.505716,0.925000011920929,0.0
2366,Hlaingtharya (East),Yangon City,MMR013D001,16.855395,96.098236,0.0,0.0,1.0,0.0,0.9750000238418579,1.0
2367,Hlaingtharya (East),Yangon City,MMR013D001,16.855705,96.088141,0.0,0.0,6.0,2.153755,0.8500000238418579,0.5692490339279175
2368,Hlaingtharya (East),Yangon City,MMR013D001,16.855887,96.088087,0.0,0.0,7.0,1.3808141,0.824999988079071,0.7238371968269348
2369,Hlaingtharya (East),Yangon City,MMR013D001,16.856441,96.080994,0.0,0.0,7.0,0.9548369,0.824999988079071,0.8090326189994812
2370,Hlaingtharya (East),Yangon City,MMR013D001,16.856460571289,96.076126098633,0.0,0.0,14.0,4.3014402,0.6499999761581421,0.13971197605133057
2371,Hlaingtharya (East),Yangon City,MMR013D001,16.856461,96.080933,0.0,0.0,7.0,0.9548369,0.824999988079071,0.8090326189994812
2372,Hlaingtharya (East),Yangon City,MMR013D001,16.856460571289,96.081619262695,0.0,0.0,9.0,1.9946922,0.7749999761581421,0.6010615825653076
2373,Hlaingtharya (East),Yangon City,MMR013D001,16.856460571289,96.082992553711,0.0,0.0,5.0,6.0445805,0.875,0.0
2374,Hlaingtharya (East),Yangon City,MMR013D001,16.856460571289,96.084365844727,0.0,0.0,5.0,8.149471,0.875,0.0
2375,Hlaingtharya (East),Yangon City,MMR013D001,16.856460571289,96.085739135742,0.0,0.0,7.0,1.3808141,0.824999988079071,0.7238371968269348
2376,Hlaingtharya (East),Yangon City,MMR013D001,16.856623,96.08728,0.0,0.0,7.0,4.7636194,0.824999988079071,0.04727613925933838
2377,Hlaingtharya (East),Yangon City,MMR013D001,16.856632,96.072502,0.0,0.0,9.0,4.8412433,0.7749999761581421,0.03175133466720581
2378,Hlaingtharya (East),Yangon City,MMR013D001,16.856813,96.081894,0.0,0.0,11.0,5.1608467,0.7250000238418579,0.0
2379,Hlaingtharya (East),Yangon City,MMR013D001,16.856847,96.095547,0.0,0.0,7.0,0.9548369,0.824999988079071,0.8090326189994812
2380,Hlaingtharya (East),Yangon City,MMR013D001,16.857147,96.080933,0.0,0.0,7.0,6.0397077,0.824999988079071,0.0
2381,Hlaingtharya (East),Yangon City,MMR013D001,16.857568,96.080166,0.0,0.0,9.0,2.760026,0.7749999761581421,0.44799482822418213
2382,Hlaingtharya (East),Yangon City,MMR013D001,16.857833862305,96.07063293457,0.0,0.0,9.0,0.9548369,0.7749999761581421,0.8090326189994812
2383,Hlaingtharya (East),Yangon City,MMR013D001,16.857833862305,96.077499389648,0.0,0.0,3.0,1.9091437,0.925000011920929,0.6181712746620178
2384,Hlaingtharya (East),Yangon City,MMR013D001,16.857833862305,96.08024597168,0.0,0.0,5.0,4.9007516,0.875,0.019849658012390137
2385,Hlaingtharya (East),Yangon City,MMR013D001,16.857833862305,96.081619262695,0.0,0.0,18.0,15.332604,0.550000011920929,0.0
2386,Hlaingtharya (East),Yangon City,MMR013D001,16.857833862305,96.085739135742,0.0,0.0,11.0,3.9416327,0.7250000238418579,0.21167343854904175
2387,Hlaingtharya (East),Yangon City,MMR013D001,16.857833862305,96.087112426758,0.0,0.0,10.0,0.9548369,0.75,0.8090326189994812
2388,Hlaingtharya (East),Yangon City,MMR013D001,16.85920715332,96.062393188477,0.0,0.0,5.0,2.862392,0.875,0.42752158641815186
2389,Hlaingtharya (East),Yangon City,MMR013D001,16.85920715332,96.063766479492,0.0,0.0,3.0,0.9976483,0.925000011920929,0.8004703521728516
2390,Hlaingtharya (East),Yangon City,MMR013D001,16.85920715332,96.073379516602,0.0,0.0,6.0,2.2111168,0.8500000238418579,0.5577766299247742
2391,Hlaingtharya (East),Yangon City,MMR013D001,16.85920715332,96.077499389648,0.0,0.0,8.0,1.3808141,0.800000011920929,0.7238371968269348
2392,Hlaingtharya (East),Yangon City,MMR013D001,16.85920715332,96.085739135742,0.0,0.0,7.0,2.862392,0.824999988079071,0.42752158641815186
2393,Hlaingtharya (East),Yangon City,MMR013D001,16.859345,96.094974,0.0,0.0,1.0,0.0,0.9750000238418579,1.0
2394,Hlaingtharya (East),Yangon City,MMR013D001,16.859762,96.088112,0.0,0.0,7.0,2.760026,0.824999988079071,0.44799482822418213
2395,Hlaingtharya (East),Yangon City,MMR013D001,16.859868,96.072592,0.0,0.0,8.0,1.9946922,0.800000011920929,0.6010615825653076
2396,Hlaingtharya (East),Yangon City,MMR013D001,16.860580444336,96.069259643555,0.0,0.0,9.0,0.9976483,0.7749999761581421,0.8004703521728516
2397,Hlaingtharya (East),Yangon City,MMR013D001,16.860580444336,96.07063293457,0.0,0.0,12.0,6.9482727,0.699999988079071,0.0
2398,Hlaingtharya (East),Yangon City,MMR013D001,16.860580444336,96.072006225586,0.0,0.0,9.0,3.5461073,0.7749999761581421,0.2907785177230835
2399,Hlaingtharya (East),Yangon City,MMR013D001,16.860697,96.073708,0.0,0.0,7.0,1.3808141,0.824999988079071,0.7238371968269348
2400,Hlaingtharya (East),Yangon City,MMR013D001,16.860924,96.072006,0.0,0.0,8.0,0.9976483,0.800000011920929,0.8004703521728516
2401,Hlaingtharya (East),Yangon City,MMR013D001,16.861568,96.072813,0.0,0.0,13.0,4.9761953,0.675000011920929,0.004760921001434326
2402,Hlaingtharya (East),Yangon City,MMR013D001,16.861953735352,96.063766479492,0.0,0.0,7.0,3.4869568,0.824999988079071,0.3026086091995239
2403,Hlaingtharya (East),Yangon City,MMR013D001,16.861953735352,96.065139770508,0.0,0.0,8.0,2.760026,0.800000011920929,0.44799482822418213
2404,Hlaingtharya (East),Yangon City,MMR013D001,16.861953735352,96.066513061523,0.0,0.0,7.0,3.4869568,0.824999988079071,0.3026086091995239
2405,Hlaingtharya (East),Yangon City,MMR013D001,16.861954,96.0672,0.0,0.0,6.0,3.0307229,0.8500000238418579,0.3938554525375366
2406,Hlaingtharya (East),Yangon City,MMR013D001,16.861953735352,96.082992553711,0.0,0.0,7.0,4.3014402,0.824999988079071,0.13971197605133057
2407,Hlaingtharya (East),Yangon City,MMR013D001,16.861953735352,96.084365844727,0.0,0.0,7.0,1.3808141,0.824999988079071,0.7238371968269348
2408,Hlaingtharya (East),Yangon City,MMR013D001,16.863327026367,96.056900024414,0.0,0.0,10.0,1.3808141,0.75,0.7238371968269348
2409,Hlaingtharya (East),Yangon City,MMR013D001,16.863327,96.057587,0.0,0.0,7.0,2.9905288,0.824999988079071,0.401894211769104
2410,Hlaingtharya (East),Yangon City,MMR013D001,16.863327026367,96.062393188477,0.0,0.0,9.0,1.3808141,0.7749999761581421,0.7238371968269348
2411,Hlaingtharya (East),Yangon City,MMR013D001,16.863327,96.064682,0.0,0.0,9.0,4.8660283,0.7749999761581421,0.02679431438446045
2412,Hlaingtharya (East),Yangon City,MMR013D001,16.863327,96.065826,0.0,0.0,1.0,3.9416327,0.9750000238418579,0.21167343854904175
2413,Hlaingtharya (East),Yangon City,MMR013D001,16.863327026367,96.082992553711,0.0,0.0,4.0,1.3808141,0.8999999761581421,0.7238371968269348
2414,Hlaingtharya (East),Yangon City,MMR013D001,16.863944,96.090042,0.0,0.0,9.0,4.096654,0.7749999761581421,0.18066918849945068
2415,Hlaingtharya (East),Yangon City,MMR013D001,16.864014,96.06308,0.0,0.0,13.0,2.2111168,0.675000011920929,0.5577766299247742
2416,Hlaingtharya (East),Yangon City,MMR013D001,16.864195,96.055428,0.0,0.0,8.0,1.3808141,0.800000011920929,0.7238371968269348
2417,Hlaingtharya (East),Yangon City,MMR013D001,16.864700317383,96.052780151367,0.0,0.0,9.0,3.5461073,0.7749999761581421,0.2907785177230835
2418,Hlaingtharya (East),Yangon City,MMR013D001,16.864701,96.05484,0.0,0.0,6.0,1.9946922,0.8500000238418579,0.6010615825653076
2419,Hlaingtharya (East),Yangon City,MMR013D001,16.864700317383,96.055526733398,0.0,0.0,7.0,1.9946922,0.824999988079071,0.6010615825653076
2420,Hlaingtharya (East),Yangon City,MMR013D001,16.8647,96.056213,0.0,0.0,10.0,5.1608467,0.75,0.0
2421,Hlaingtharya (East),Yangon City,MMR013D001,16.864700317383,96.056900024414,0.0,0.0,9.0,2.2111168,0.7749999761581421,0.5577766299247742
2422,Hlaingtharya (East),Yangon City,MMR013D001,16.864700317383,96.063766479492,0.0,0.0,7.0,5.1608467,0.824999988079071,0.0
2423,Hlaingtharya (East),Yangon City,MMR013D001,16.864700317383,96.066513061523,0.0,0.0,10.0,2.153755,0.75,0.5692490339279175
2424,Hlaingtharya (East),Yangon City,MMR013D001,16.864700317383,96.082992553711,0.0,0.0,6.0,3.5461073,0.8500000238418579,0.2907785177230835
2425,Hlaingtharya (East),Yangon City,MMR013D001,16.864700317383,96.089859008789,0.0,0.0,8.0,5.507302,0.800000011920929,0.0
2426,Hlaingtharya (East),Yangon City,MMR013D001,16.86492,96.069283,0.0,0.0,11.0,0.9976483,0.7250000238418579,0.8004703521728516
2427,Hlaingtharya (East),Yangon City,MMR013D001,16.865456,96.086617,0.0,0.0,8.0,8.7541895,0.800000011920929,0.0
2428,Hlaingtharya (East),Yangon City,MMR013D001,16.866073608398,96.045913696289,0.0,0.0,3.0,2.153755,0.925000011920929,0.5692490339279175
2429,Hlaingtharya (East),Yangon City,MMR013D001,16.866073608398,96.04866027832,0.0,0.0,8.0,2.153755,0.800000011920929,0.5692490339279175
2430,Hlaingtharya (East),Yangon City,MMR013D001,16.866073608398,96.051406860352,0.0,0.0,6.0,2.9905288,0.8500000238418579,0.401894211769104
2431,Hlaingtharya (East),Yangon City,MMR013D001,16.866073608398,96.052780151367,0.0,0.0,6.0,6.0397077,0.8500000238418579,0.0
2432,Hlaingtharya (East),Yangon City,MMR013D001,16.866073608398,96.05827331543,0.0,0.0,9.0,1.3808141,0.7749999761581421,0.7238371968269348
2433,Hlaingtharya (East),Yangon City,MMR013D001,16.866073608398,96.065139770508,0.0,0.0,10.0,3.4869568,0.75,0.3026086091995239
2434,Hlaingtharya (East),Yangon City,MMR013D001,16.866073608398,96.082992553711,0.0,0.0,7.0,1.3808141,0.824999988079071,0.7238371968269348
2435,Hlaingtharya (East),Yangon City,MMR013D001,16.866073608398,96.087112426758,0.0,0.0,8.0,3.4869568,0.800000011920929,0.3026086091995239
2436,Hlaingtharya (East),Yangon City,MMR013D001,16.866073608398,96.089859008789,0.0,0.0,10.0,3.5461073,0.75,0.2907785177230835
2437,Hlaingtharya (East),Yangon City,MMR013D001,16.866302,96.070404,0.0,0.0,5.0,3.8140574,0.875,0.23718851804733276
2438,Hlaingtharya (East),Yangon City,MMR013D001,16.86676,96.050034,0.0,0.0,6.0,5.3264294,0.8500000238418579,0.0
2439,Hlaingtharya (East),Yangon City,MMR013D001,16.86676,96.05278,0.0,0.0,7.0,2.760026,0.824999988079071,0.44799482822418213
2440,Hlaingtharya (East),Yangon City,MMR013D001,16.867446899414,96.037673950195,0.0,0.0,10.0,6.0397077,0.75,0.0
2441,Hlaingtharya (East),Yangon City,MMR013D001,16.867446899414,96.061019897461,0.0,0.0,5.0,3.8140574,0.875,0.23718851804733276
2442,Hlaingtharya (East),Yangon City,MMR013D001,16.867446899414,96.082992553711,0.0,0.0,3.0,1.3808141,0.925000011920929,0.7238371968269348
2443,Hlaingtharya (East),Yangon City,MMR013D001,16.867446899414,96.087112426758,0.0,0.0,9.0,3.138737,0.7749999761581421,0.37225258350372314
2444,Hlaingtharya (East),Yangon City,MMR013D001,16.868643,96.066775,0.0,0.0,8.0,4.415667,0.800000011920929,0.1168665885925293
2445,Hlaingtharya (East),Yangon City,MMR013D001,16.86882019043,96.037673950195,0.0,0.0,8.0,1.3808141,0.800000011920929,0.7238371968269348
2446,Hlaingtharya (East),Yangon City,MMR013D001,16.86882019043,96.039047241211,0.0,0.0,5.0,2.760026,0.875,0.44799482822418213
2447,Hlaingtharya (East),Yangon City,MMR013D001,16.86882019043,96.040420532227,0.0,0.0,6.0,0.0,0.8500000238418579,1.0
2448,Hlaingtharya (East),Yangon City,MMR013D001,16.86882019043,96.043167114258,0.0,0.0,4.0,2.2111168,0.8999999761581421,0.5577766299247742
2449,Hlaingtharya (East),Yangon City,MMR013D001,16.86882019043,96.044540405273,0.0,0.0,7.0,1.9946922,0.824999988079071,0.6010615825653076
2450,Hlaingtharya (East),Yangon City,MMR013D001,16.86882019043,96.054153442383,0.0,0.0,9.0,1.3808141,0.7749999761581421,0.7238371968269348
2451,Hlaingtharya (East),Yangon City,MMR013D001,16.86882019043,96.081619262695,0.0,0.0,5.0,4.1360445,0.875,0.17279112339019775
2452,Hlaingtharya (East),Yangon City,MMR013D001,16.868861,96.066555,0.0,0.0,6.0,5.3264294,0.8500000238418579,0.0
2453,Hlaingtharya (East),Yangon City,MMR013D001,16.868875,96.068993,0.0,0.0,2.0,3.0307229,0.949999988079071,0.3938554525375366
2454,Hlaingtharya (East),Yangon City,MMR013D001,16.869043,96.04464,0.0,0.0,6.0,2.2111168,0.8500000238418579,0.5577766299247742
2455,Hlaingtharya (East),Yangon City,MMR013D001,16.869064,96.066241,0.0,0.0,6.0,3.5461073,0.8500000238418579,0.2907785177230835
2456,Hlaingtharya (East),Yangon City,MMR013D001,16.869218,96.04406,0.0,0.0,6.0,2.862392,0.8500000238418579,0.42752158641815186
2457,Hlaingtharya (East),Yangon City,MMR013D001,16.869289,96.065926,0.0,0.0,5.0,0.9548369,0.875,0.8090326189994812
2458,Hlaingtharya (East),Yangon City,MMR013D001,16.869297,96.083237,0.0,0.0,7.0,0.9548369,0.824999988079071,0.8090326189994812
2459,Hlaingtharya (East),Yangon City,MMR013D001,16.869568,96.0429,0.0,0.0,3.0,1.9946922,0.925000011920929,0.6010615825653076
2460,Hlaingtharya (East),Yangon City,MMR013D001,16.870056,96.082713,0.0,0.0,6.0,2.2111168,0.8500000238418579,0.5577766299247742
2461,Hlaingtharya (East),Yangon City,MMR013D001,16.870193481445,96.039047241211,0.0,0.0,4.0,3.4869568,0.8999999761581421,0.3026086091995239
2462,Hlaingtharya (East),Yangon City,MMR013D001,16.870193481445,96.040420532227,0.0,0.0,4.0,7.013975,0.8999999761581421,0.0
2463,Hlaingtharya (East),Yangon City,MMR013D001,16.870193481445,96.041793823242,0.0,0.0,3.0,1.9091437,0.925000011920929,0.6181712746620178
2464,Hlaingtharya (East),Yangon City,MMR013D001,16.870193481445,96.05827331543,0.0,0.0,10.0,1.3808141,0.75,0.7238371968269348
2465,Hlaingtharya (East),Yangon City,MMR013D001,16.870193481445,96.08024597168,0.0,0.0,8.0,4.3014402,0.800000011920929,0.13971197605133057
2466,Hlaingtharya (East),Yangon City,MMR013D001,16.870835,96.083706,0.0,0.0,6.0,2.760026,0.8500000238418579,0.44799482822418213
2467,Hlaingtharya (East),Yangon City,MMR013D001,16.871566772461,96.039047241211,0.0,0.0,11.0,3.4869568,0.7250000238418579,0.3026086091995239
2468,Hlaingtharya (East),Yangon City,MMR013D001,16.871566772461,96.040420532227,0.0,0.0,2.0,5.0660734,0.949999988079071,0.0
2469,Hlaingtharya (East),Yangon City,MMR013D001,16.871567,96.06514,0.0,0.0,4.0,2.153755,0.8999999761581421,0.5692490339279175
2470,Hlaingtharya (East),Yangon City,MMR013D001,16.871566772461,96.069259643555,0.0,0.0,9.0,4.8412433,0.7749999761581421,0.03175133466720581
2471,Hlaingtharya (East),Yangon City,MMR013D001,16.871566772461,96.07063293457,0.0,0.0,10.0,1.3808141,0.75,0.7238371968269348
2472,Hlaingtharya (East),Yangon City,MMR013D001,16.871566772461,96.08024597168,0.0,0.0,4.0,2.2111168,0.8999999761581421,0.5577766299247742
2473,Hlaingtharya (East),Yangon City,MMR013D001,16.871614,96.082619,0.0,0.0,7.0,2.153755,0.824999988079071,0.5692490339279175
2474,Hlaingtharya (East),Yangon City,MMR013D001,16.871723,96.081482,0.0,0.0,7.0,4.1360445,0.824999988079071,0.17279112339019775
2475,Hlaingtharya (East),Yangon City,MMR013D001,16.872698,96.081571,0.0,0.0,7.0,1.3808141,0.824999988079071,0.7238371968269348
2476,Hlaingtharya (East),Yangon City,MMR013D001,16.872940063477,96.045913696289,0.0,0.0,6.0,2.2111168,0.8500000238418579,0.5577766299247742
2477,Hlaingtharya (East),Yangon City,MMR013D001,16.872940063477,96.047286987305,0.0,0.0,6.0,2.153755,0.8500000238418579,0.5692490339279175
2478,Hlaingtharya (East),Yangon City,MMR013D001,16.87294,96.065826,0.0,0.0,9.0,2.2111168,0.7749999761581421,0.5577766299247742
2479,Hlaingtharya (East),Yangon City,MMR013D001,16.872940063477,96.07063293457,0.0,0.0,7.0,2.153755,0.824999988079071,0.5692490339279175
2480,Hlaingtharya (East),Yangon City,MMR013D001,16.873554,96.08596,0.0,0.0,4.0,6.6072006,0.8999999761581421,0.0
2481,Hlaingtharya (East),Yangon City,MMR013D001,16.874567,96.071709,0.0,0.0,8.0,0.9976483,0.800000011920929,0.8004703521728516
2482,Hlaingtharya (East),Yangon City,MMR013D001,16.874771,96.057167,0.0,0.0,7.0,0.9976483,0.824999988079071,0.8004703521728516
2483,Hlaingtharya (East),Yangon City,MMR013D001,16.875686645508,96.081619262695,0.0,0.0,10.0,3.5461073,0.75,0.2907785177230835
2484,Hlaingtharya (East),Yangon City,MMR013D001,16.87594,96.064346,0.0,0.0,10.0,3.4869568,0.75,0.3026086091995239
2485,Hlaingtharya (East),Yangon City,MMR013D001,16.875992,96.062546,0.0,0.0,6.0,1.3808141,0.8500000238418579,0.7238371968269348
2486,Hlaingtharya (East),Yangon City,MMR013D001,16.87603,96.062737,0.0,0.0,7.0,2.2111168,0.824999988079071,0.5577766299247742
2487,Hlaingtharya (East),Yangon City,MMR013D001,16.876373,96.065826,0.0,0.0,8.0,1.9091437,0.800000011920929,0.6181712746620178
2488,Hlaingtharya (East),Yangon City,MMR013D001,16.876453,96.06757,0.0,0.0,5.0,0.9976483,0.875,0.8004703521728516
2489,Hlaingtharya (East),Yangon City,MMR013D001,16.876449,96.067661,0.0,0.0,5.0,0.9976483,0.875,0.8004703521728516
2490,Hlaingtharya (East),Yangon City,MMR013D001,16.876717,96.074753,0.0,0.0,9.0,1.3808141,0.7749999761581421,0.7238371968269348
2491,Hlaingtharya (East),Yangon City,MMR013D001,16.876828,96.072006,0.0,0.0,10.0,1.3808141,0.75,0.7238371968269348
2492,Hlaingtharya (East),Yangon City,MMR013D001,16.876935,96.062393,0.0,0.0,5.0,0.9976483,0.875,0.8004703521728516
2493,Hlaingtharya (East),Yangon City,MMR013D001,16.877059936523,96.062393188477,0.0,0.0,5.0,0.9976483,0.875,0.8004703521728516
2494,Hlaingtharya (East),Yangon City,MMR013D001,16.87706,96.065826,0.0,0.0,5.0,2.760026,0.875,0.44799482822418213
2495,Hlaingtharya (East),Yangon City,MMR013D001,16.877059936523,96.067886352539,0.0,0.0,4.0,2.2111168,0.8999999761581421,0.5577766299247742
2496,Hlaingtharya (East),Yangon City,MMR013D001,16.877059936523,96.069259643555,0.0,0.0,8.0,0.9548369,0.800000011920929,0.8090326189994812
2497,Hlaingtharya (East),Yangon City,MMR013D001,16.877059936523,96.07063293457,0.0,0.0,8.0,4.3014402,0.800000011920929,0.13971197605133057
2498,Hlaingtharya (East),Yangon City,MMR013D001,16.877059936523,96.072006225586,0.0,0.0,10.0,0.9548369,0.75,0.8090326189994812
2499,Hlaingtharya (East),Yangon City,MMR013D001,16.877059936523,96.073379516602,0.0,0.0,10.0,1.3808141,0.75,0.7238371968269348
2500,Hlaingtharya (East),Yangon City,MMR013D001,16.877059936523,96.074752807617,0.0,0.0,10.0,1.3808141,0.75,0.7238371968269348
2501,Hlaingtharya (East),Yangon City,MMR013D001,16.877059936523,96.076126098633,0.0,0.0,10.0,0.9976483,0.75,0.8004703521728516
2502,Hlaingtharya (East),Yangon City,MMR013D001,16.877747,96.077499,0.0,0.0,9.0,2.760026,0.7749999761581421,0.44799482822418213
2503,Hlaingtharya (East),Yangon City,MMR013D001,16.878433,96.076584,0.0,0.0,7.0,0.0,0.824999988079071,1.0
2504,Hlaingtharya (East),Yangon City,MMR013D001,16.878433227539,96.078872680664,0.0,0.0,8.0,0.9548369,0.800000011920929,0.8090326189994812
2505,Hlaingtharya (East),Yangon City,MMR013D001,16.878433227539,96.081619262695,0.0,0.0,7.0,2.2111168,0.824999988079071,0.5577766299247742
2506,Hlaingtharya (East),Yangon City,MMR013D001,16.878433227539,96.082992553711,0.0,0.0,8.0,4.3014402,0.800000011920929,0.13971197605133057
2507,Hlaingtharya (East),Yangon City,MMR013D001,16.87912,96.060333,0.0,0.0,6.0,0.9548369,0.8500000238418579,0.8090326189994812
2508,Hlaingtharya (East),Yangon City,MMR013D001,16.87912,96.084366,0.0,0.0,10.0,0.9976483,0.75,0.8004703521728516
2509,Hlaingtharya (East),Yangon City,MMR013D001,16.879349,96.083908,0.0,0.0,5.0,4.1360445,0.875,0.17279112339019775
2510,Hlaingtharya (East),Yangon City,MMR013D001,16.879824,96.073692,0.0,0.0,12.0,1.3808141,0.699999988079071,0.7238371968269348
2511,Hlaingtharya (East),Yangon City,MMR013D001,16.88117980957,96.076126098633,0.0,0.0,10.0,1.3808141,0.75,0.7238371968269348
2512,Hlaingtharya (East),Yangon City,MMR013D001,16.882711,96.071182,0.0,0.0,3.0,1.3808141,0.925000011920929,0.7238371968269348
2513,Hlaingtharya (East),Yangon City,MMR013D001,16.883896,96.083969,0.0,0.0,5.0,4.415667,0.875,0.1168665885925293
2514,Hlaingtharya (East),Yangon City,MMR013D001,16.883926391602,96.061019897461,0.0,0.0,5.0,2.760026,0.875,0.44799482822418213
2515,Hlaingtharya (East),Yangon City,MMR013D001,16.884043,96.07901,0.0,0.0,7.0,1.3808141,0.824999988079071,0.7238371968269348
2516,Hlaingtharya (East),Yangon City,MMR013D001,16.884196,96.079229,0.0,0.0,8.0,4.8660283,0.800000011920929,0.02679431438446045
2517,Hlaingtharya (East),Yangon City,MMR013D001,16.88429,96.078935,0.0,0.0,7.0,2.153755,0.824999988079071,0.5692490339279175
2518,Hlaingtharya (East),Yangon City,MMR013D001,16.884574,96.079187,0.0,0.0,11.0,3.9416327,0.7250000238418579,0.21167343854904175
2519,Hlaingtharya (East),Yangon City,MMR013D001,16.884787,96.078674,0.0,0.0,8.0,3.4869568,0.800000011920929,0.3026086091995239
2520,Hlaingtharya (East),Yangon City,MMR013D001,16.886654,96.077682,0.0,0.0,8.0,1.3808141,0.800000011920929,0.7238371968269348
2521,Hlaingtharya (East),Yangon City,MMR013D001,16.894912719727,96.069259643555,0.0,0.0,7.0,2.2111168,0.824999988079071,0.5577766299247742
2522,Hlaingtharya (East),Yangon City,MMR013D001,16.896286010742,96.069259643555,0.0,0.0,9.0,1.3808141,0.7749999761581421,0.7238371968269348
2523,Hlaingtharya (East),Yangon City,MMR013D001,16.896299,96.074371,0.0,0.0,5.0,2.760026,0.875,0.44799482822418213
2524,Hlaingtharya (East),Yangon City,MMR013D001,16.901917,96.070732,0.0,0.0,5.0,0.9976483,0.875,0.8004703521728516
2525,Hlaingtharya (East),Yangon City,MMR013D001,16.90315246582,96.066513061523,0.0,0.0,10.0,1.9091437,0.75,0.6181712746620178
2526,Hlaingtharya (East),Yangon City,MMR013D001,16.90315246582,96.073379516602,0.0,0.0,4.0,0.0,0.8999999761581421,1.0
2527,Hlaingtharya (East),Yangon City,MMR013D001,16.908905,96.067206,0.0,0.0,4.0,0.9976483,0.8999999761581421,0.8004703521728516
2528,Hlaingtharya (East),Yangon City,MMR013D001,16.911392,96.079788,0.0,0.0,2.0,2.2111168,0.949999988079071,0.5577766299247742
2529,Hlaingtharya (West),Yangon City,MMR013D001,16.852707,96.017712,0.0,0.0,7.0,2.760026,0.824999988079071,0.44799482822418213
2530,Hlaingtharya (West),Yangon City,MMR013D001,16.870092,96.031334,0.0,0.0,8.0,1.3808141,0.800000011920929,0.7238371968269348
2531,Hlaingtharya (West),Yangon City,MMR013D001,16.870193481445,96.037673950195,0.0,0.0,8.0,5.0660734,0.800000011920929,0.0
2532,Hlaingtharya (West),Yangon City,MMR013D001,16.871566772461,96.023941040039,0.0,0.0,5.0,1.9091437,0.875,0.6181712746620178
2533,Hlaingtharya (West),Yangon City,MMR013D001,16.872253,96.040421,0.0,0.0,8.0,3.138737,0.800000011920929,0.37225258350372314
2534,Hlaingtharya (West),Yangon City,MMR013D001,16.872459,96.038651,0.0,0.0,8.0,0.9976483,0.800000011920929,0.8004703521728516
2535,Hlaingtharya (West),Yangon City,MMR013D001,16.872895,96.041296,0.0,0.0,7.0,4.1360445,0.824999988079071,0.17279112339019775
2536,Hlaingtharya (West),Yangon City,MMR013D001,16.872940063477,96.023941040039,0.0,0.0,7.0,2.153755,0.824999988079071,0.5692490339279175
2537,Hlaingtharya (West),Yangon City,MMR013D001,16.872940063477,96.034927368164,0.0,0.0,6.0,3.4869568,0.8500000238418579,0.3026086091995239
2538,Hlaingtharya (West),Yangon City,MMR013D001,16.872940063477,96.03630065918,0.0,0.0,2.0,1.9946922,0.949999988079071,0.6010615825653076
2539,Hlaingtharya (West),Yangon City,MMR013D001,16.872940063477,96.037673950195,0.0,0.0,10.0,3.5461073,0.75,0.2907785177230835
2540,Hlaingtharya (West),Yangon City,MMR013D001,16.872940063477,96.041793823242,0.0,0.0,7.0,2.153755,0.824999988079071,0.5692490339279175
2541,Hlaingtharya (West),Yangon City,MMR013D001,16.872940063477,96.043167114258,0.0,0.0,8.0,3.0307229,0.800000011920929,0.3938554525375366
2542,Hlaingtharya (West),Yangon City,MMR013D001,16.873725,96.049837,0.0,0.0,8.0,3.0307229,0.800000011920929,0.3938554525375366
2543,Hlaingtharya (West),Yangon City,MMR013D001,16.874029,96.033218,0.0,0.0,9.0,3.138737,0.7749999761581421,0.37225258350372314
2544,Hlaingtharya (West),Yangon City,MMR013D001,16.874313354492,96.030807495117,0.0,0.0,10.0,1.3808141,0.75,0.7238371968269348
2545,Hlaingtharya (West),Yangon City,MMR013D001,16.874313354492,96.032180786133,0.0,0.0,5.0,3.9416327,0.875,0.21167343854904175
2546,Hlaingtharya (West),Yangon City,MMR013D001,16.874313177246,96.033554038574,0.0,0.0,10.0,2.760026,0.75,0.44799482822418213
2547,Hlaingtharya (West),Yangon City,MMR013D001,16.874313354492,96.051406860352,0.0,0.0,6.0,4.1360445,0.8500000238418579,0.17279112339019775
2548,Hlaingtharya (West),Yangon City,MMR013D001,16.875,96.031494,0.0,0.0,5.0,2.153755,0.875,0.5692490339279175
2549,Hlaingtharya (West),Yangon City,MMR013D001,16.875686645508,96.029434204102,0.0,0.0,5.0,3.4869568,0.875,0.3026086091995239
2550,Hlaingtharya (West),Yangon City,MMR013D001,16.875686645508,96.030807495117,0.0,0.0,7.0,4.415667,0.824999988079071,0.1168665885925293
2551,Hlaingtharya (West),Yangon City,MMR013D001,16.875686645508,96.032180786133,0.0,0.0,9.0,2.2111168,0.7749999761581421,0.5577766299247742
2552,Hlaingtharya (West),Yangon City,MMR013D001,16.876145,96.049118,0.0,0.0,10.0,0.9548369,0.75,0.8090326189994812
2553,Hlaingtharya (West),Yangon City,MMR013D001,16.876318,96.033962,0.0,0.0,11.0,0.0,0.7250000238418579,1.0
2554,Hlaingtharya (West),Yangon City,MMR013D001,16.876625,96.028809,0.0,0.0,3.0,7.2024827,0.925000011920929,0.0
2555,Hlaingtharya (West),Yangon City,MMR013D001,16.877059936523,96.023941040039,0.0,0.0,6.0,1.9946922,0.8500000238418579,0.6010615825653076
2556,Hlaingtharya (West),Yangon City,MMR013D001,16.877059936523,96.02668762207,0.0,0.0,6.0,6.949956,0.8500000238418579,0.0
2557,Hlaingtharya (West),Yangon City,MMR013D001,16.877059936523,96.028060913086,0.0,0.0,5.0,4.1360445,0.875,0.17279112339019775
2558,Hlaingtharya (West),Yangon City,MMR013D001,16.877751,96.026604,0.0,0.0,9.0,6.1986523,0.7749999761581421,0.0
2559,Hlaingtharya (West),Yangon City,MMR013D001,16.878433227539,96.022567749023,0.0,0.0,12.0,3.5461073,0.699999988079071,0.2907785177230835
2560,Hlaingtharya (West),Yangon City,MMR013D001,16.878433,96.024628,0.0,0.0,3.0,1.9946922,0.925000011920929,0.6010615825653076
2561,Hlaingtharya (West),Yangon City,MMR013D001,16.878462,96.055171,0.0,0.0,6.0,2.153755,0.8500000238418579,0.5692490339279175
2562,Hlaingtharya (West),Yangon City,MMR013D001,16.878981,96.038971,0.0,0.0,7.0,6.0397077,0.824999988079071,0.0
2563,Hlaingtharya (West),Yangon City,MMR013D001,16.879413,96.023689,0.0,0.0,10.0,3.4869568,0.75,0.3026086091995239
2564,Hlaingtharya (West),Yangon City,MMR013D001,16.879806518555,96.018447875977,0.0,0.0,7.0,2.2111168,0.824999988079071,0.5577766299247742
2565,Hlaingtharya (West),Yangon City,MMR013D001,16.879806518555,96.023941040039,0.0,0.0,9.0,4.7636194,0.7749999761581421,0.04727613925933838
2566,Hlaingtharya (West),Yangon City,MMR013D001,16.88117980957,96.015701293945,0.0,0.0,5.0,4.3014402,0.875,0.13971197605133057
2567,Hlaingtharya (West),Yangon City,MMR013D001,16.88117980957,96.017074584961,0.0,0.0,6.0,3.5461073,0.8500000238418579,0.2907785177230835
2568,Hlaingtharya (West),Yangon City,MMR013D001,16.881706,96.037867,0.0,0.0,8.0,1.9091437,0.800000011920929,0.6181712746620178
2569,Hlaingtharya (West),Yangon City,MMR013D001,16.881908,96.039299,0.0,0.0,7.0,1.9946922,0.824999988079071,0.6010615825653076
2570,Hlaingtharya (West),Yangon City,MMR013D001,16.882305,96.038307,0.0,0.0,8.0,1.9946922,0.800000011920929,0.6010615825653076
2571,Hlaingtharya (West),Yangon City,MMR013D001,16.882553100586,96.011581420898,0.3333333333333333,1.0,5.0,1.3808141,0.875,0.7238371968269348
2572,Hlaingtharya (West),Yangon City,MMR013D001,16.882553100586,96.01432800293,0.0,0.0,5.0,2.153755,0.875,0.5692490339279175
2573,Hlaingtharya (West),Yangon City,MMR013D001,16.882811,96.036558,0.0,0.0,8.0,0.9548369,0.800000011920929,0.8090326189994812
2574,Hlaingtharya (West),Yangon City,MMR013D001,16.883059,96.037643,0.0,0.0,9.0,2.153755,0.7749999761581421,0.5692490339279175
2575,Hlaingtharya (West),Yangon City,MMR013D001,16.883926391602,96.010208129883,0.3333333333333333,1.0,5.0,0.9548369,0.875,0.8090326189994812
2576,Hlaingtharya (West),Yangon City,MMR013D001,16.884617,96.034668,0.0,0.0,10.0,3.9845605,0.75,0.2030879259109497
2577,Hlaingtharya (West),Yangon City,MMR013D001,16.884817,96.037308,0.0,0.0,9.0,1.3808141,0.7749999761581421,0.7238371968269348
2578,Hlaingtharya (West),Yangon City,MMR013D001,16.884918,96.045982,0.0,0.0,10.0,1.3808141,0.75,0.7238371968269348
2579,Hlaingtharya (West),Yangon City,MMR013D001,16.884968,96.045982,0.0,0.0,10.0,1.3808141,0.75,0.7238371968269348
2580,Hlaingtharya (West),Yangon City,MMR013D001,16.884991,96.046,0.0,0.0,9.0,0.9976483,0.7749999761581421,0.8004703521728516
2581,Hlaingtharya (West),Yangon City,MMR013D001,16.885114,96.046028,0.0,0.0,9.0,0.9976483,0.7749999761581421,0.8004703521728516
2582,Hlaingtharya (West),Yangon City,MMR013D001,16.885228,96.037524,0.0,0.0,9.0,2.153755,0.7749999761581421,0.5692490339279175
2583,Hlaingtharya (West),Yangon City,MMR013D001,16.885239,96.037521,0.0,0.0,9.0,2.153755,0.7749999761581421,0.5692490339279175
2584,Hlaingtharya (West),Yangon City,MMR013D001,16.88525,96.037451,0.0,0.0,9.0,2.153755,0.7749999761581421,0.5692490339279175
2585,Hlaingtharya (West),Yangon City,MMR013D001,16.885299682617,96.006088256836,0.0,0.0,7.0,1.3808141,0.824999988079071,0.7238371968269348
2586,Hlaingtharya (West),Yangon City,MMR013D001,16.8853,96.035385,0.0,0.0,11.0,4.096654,0.7250000238418579,0.18066918849945068
2587,Hlaingtharya (West),Yangon City,MMR013D001,16.885675,96.036768,0.0,0.0,9.0,3.138737,0.7749999761581421,0.37225258350372314
2588,Hlaingtharya (West),Yangon City,MMR013D001,16.885694,96.037279,0.0,0.0,11.0,2.153755,0.7250000238418579,0.5692490339279175
2589,Hlaingtharya (West),Yangon City,MMR013D001,16.885745,96.037506,0.0,0.0,10.0,0.9548369,0.75,0.8090326189994812
2590,Hlaingtharya (West),Yangon City,MMR013D001,16.886113,96.036038,0.0,0.0,8.0,0.9976483,0.800000011920929,0.8004703521728516
2591,Hlaingtharya (West),Yangon City,MMR013D001,16.886672973633,96.037673950195,0.0,0.0,10.0,2.2111168,0.75,0.5577766299247742
2592,Hlaingtharya (West),Yangon City,MMR013D001,16.886672973633,96.055526733398,0.0,0.0,9.0,0.9548369,0.7749999761581421,0.8090326189994812
2593,Hlaingtharya (West),Yangon City,MMR013D001,16.888046,96.036987,0.0,0.0,9.0,0.9548369,0.7749999761581421,0.8090326189994812
2594,Hlaingtharya (West),Yangon City,MMR013D001,16.888046264648,96.059646606445,0.0,0.0,8.0,2.153755,0.800000011920929,0.5692490339279175
2595,Hlaingtharya (West),Yangon City,MMR013D001,16.889419555664,96.039047241211,0.0,0.0,8.0,0.9976483,0.800000011920929,0.8004703521728516
2596,Hlaingtharya (West),Yangon City,MMR013D001,16.890108,96.010895,0.5283208335737188,2.0,5.0,4.096654,0.875,0.18066918849945068
2597,Hlaingtharya (West),Yangon City,MMR013D001,16.89079284668,96.040420532227,0.0,0.0,7.0,2.2111168,0.824999988079071,0.5577766299247742
2598,Hlaingtharya (West),Yangon City,MMR013D001,16.89079284668,96.041793823242,0.0,0.0,11.0,4.8660283,0.7250000238418579,0.02679431438446045
2599,Hlaingtharya (West),Yangon City,MMR013D001,16.893177,96.042473,0.0,0.0,7.0,0.9976483,0.824999988079071,0.8004703521728516
2600,Hlaingtharya (West),Yangon City,MMR013D001,16.893539428711,96.043167114258,0.0,0.0,7.0,2.862392,0.824999988079071,0.42752158641815186
2601,Hlaingtharya (West),Yangon City,MMR013D001,16.893671,96.041656,0.0,0.0,6.0,0.9976483,0.8500000238418579,0.8004703521728516
2602,Hlaingtharya (West),Yangon City,MMR013D001,16.894912719727,96.043167114258,0.0,0.0,4.0,4.7636194,0.8999999761581421,0.04727613925933838
2603,Hlaingtharya (West),Yangon City,MMR013D001,16.89572,96.044266,0.0,0.0,7.0,4.096654,0.824999988079071,0.18066918849945068
2604,Hlaingtharya (West),Yangon City,MMR013D001,16.896156,96.0439,0.0,0.0,7.0,0.9976483,0.824999988079071,0.8004703521728516
2605,Hlaingtharya (West),Yangon City,MMR013D001,16.896664,96.045532,0.0,0.0,9.0,1.3808141,0.7749999761581421,0.7238371968269348
2606,Hlaingtharya (West),Yangon City,MMR013D001,16.899032592773,96.029434204102,0.0,0.0,8.0,2.153755,0.800000011920929,0.5692490339279175
2607,Hlaingtharya (West),Yangon City,MMR013D001,16.90315246582,96.047286987305,0.0,0.0,8.0,2.760026,0.800000011920929,0.44799482822418213
2608,Hlaingtharya (West),Yangon City,MMR013D001,16.904525756836,96.047286987305,0.0,0.0,5.0,2.862392,0.875,0.42752158641815186
2609,Hlaingtharya (West),Yangon City,MMR013D001,16.907272338867,96.05827331543,0.0,0.0,5.0,0.9548369,0.875,0.8090326189994812
2610,Hlaingtharya (West),Yangon City,MMR013D001,16.911392211914,96.059646606445,0.0,0.0,3.0,2.2111168,0.925000011920929,0.5577766299247742
2611,Hlaingtharya (West),Yangon City,MMR013D001,16.91276550293,96.052780151367,0.0,0.0,9.0,3.8140574,0.7749999761581421,0.23718851804733276
2612,Hlaingtharya (West),Yangon City,MMR013D001,16.91276550293,96.061019897461,0.0,0.0,5.0,2.153755,0.875,0.5692490339279175
2613,Hlaingtharya (West),Yangon City,MMR013D001,16.912778,96.052925,0.0,0.0,9.0,3.8140574,0.7749999761581421,0.23718851804733276
2614,Hlaingtharya (West),Yangon City,MMR013D001,16.913305,96.069131,0.0,0.0,5.0,2.862392,0.875,0.42752158641815186
2615,Hlaingtharya (West),Yangon City,MMR013D001,16.914138793945,96.052780151367,0.0,0.0,7.0,3.138737,0.824999988079071,0.37225258350372314
2616,Hlaingtharya (West),Yangon City,MMR013D001,16.916321,96.061249,0.0,0.0,7.0,3.5461073,0.824999988079071,0.2907785177230835
2617,Hlaingtharya (West),Yangon City,MMR013D001,16.918258666992,96.055526733398,0.0,0.0,4.0,6.0397077,0.8999999761581421,0.0
2618,Hlaingtharya (West),Yangon City,MMR013D001,16.918258666992,96.065139770508,0.0,0.0,7.0,2.153755,0.824999988079071,0.5692490339279175
2619,Hlaingtharya (West),Yangon City,MMR013D001,16.918421,96.056389,0.0,0.0,2.0,6.949956,0.949999988079071,0.0
2620,Hlaingtharya (West),Yangon City,MMR013D001,16.919631958008,96.065139770508,0.0,0.0,3.0,1.9091437,0.925000011920929,0.6181712746620178
2621,Hlaingtharya (West),Yangon City,MMR013D001,16.919631958008,96.066513061523,0.0,0.0,5.0,5.507302,0.875,0.0
2622,Hlaingtharya (West),Yangon City,MMR013D001,16.919631958008,96.07063293457,0.0,0.0,10.0,2.153755,0.75,0.5692490339279175
2623,Hlaingtharya (West),Yangon City,MMR013D001,16.920259,96.07077,0.0,0.0,6.0,4.8412433,0.8500000238418579,0.03175133466720581
2624,Hlaingtharya (West),Yangon City,MMR013D001,16.920256,96.070778,0.0,0.0,7.0,1.3808141,0.824999988079071,0.7238371968269348
2625,Hlaingtharya (West),Yangon City,MMR013D001,16.921005249023,96.065139770508,0.0,0.0,4.0,3.138737,0.8999999761581421,0.37225258350372314
2626,Hlaingtharya (West),Yangon City,MMR013D001,16.921005249023,96.066513061523,0.0,0.0,8.0,3.8140574,0.800000011920929,0.23718851804733276
2627,Hlaingtharya (West),Yangon City,MMR013D001,16.921005249023,96.067886352539,0.0,0.0,4.0,5.617232,0.8999999761581421,0.0
2628,Hlaingtharya (West),Yangon City,MMR013D001,16.921005249023,96.072006225586,0.0,0.0,7.0,1.9946922,0.824999988079071,0.6010615825653076
2629,Hlaingtharya (West),Yangon City,MMR013D001,16.923751831055,96.072006225586,0.0,0.0,9.0,4.096654,0.7749999761581421,0.18066918849945068
2630,Hlaingtharya (West),Yangon City,MMR013D001,16.927871704102,96.069259643555,0.0,0.0,7.0,1.3808141,0.824999988079071,0.7238371968269348
2631,Hmawbi,Hmawbi,MMR013D001,17.002139,96.036949,0.0,0.0,8.0,0.9976483,0.800000011920929,0.8004703521728516
2632,Hmawbi,Hmawbi,MMR013D001,17.043228149414,96.07063293457,0.0,0.0,7.0,0.0,0.824999988079071,1.0
2633,Hmawbi,Hmawbi,MMR013D001,17.059707641602,96.063766479492,0.0,0.0,7.0,3.9845605,0.824999988079071,0.2030879259109497
2634,Hmawbi,Hmawbi,MMR013D001,17.063169,96.001328,0.0,0.0,11.0,3.5461073,0.7250000238418579,0.2907785177230835
2635,Hmawbi,Hmawbi,MMR013D001,17.068863,96.164474,0.3333333333333333,1.0,7.0,4.1360445,0.824999988079071,0.17279112339019775
2636,Hmawbi,Hmawbi,MMR013D001,17.074816,96.153026,0.5283208335737188,2.0,10.0,2.2111168,0.75,0.5577766299247742
2637,Hmawbi,Hmawbi,MMR013D001,17.077560424805,96.162643432617,0.3333333333333333,1.0,6.0,2.2111168,0.8500000238418579,0.5577766299247742
2638,Hmawbi,Hmawbi,MMR013D001,17.078693,95.996353,0.0,0.0,14.0,2.2111168,0.6499999761581421,0.5577766299247742
2639,Hmawbi,Hmawbi,MMR013D001,17.078934,96.166763,0.0,0.0,8.0,1.3808141,0.800000011920929,0.7238371968269348
2640,Hmawbi,Hmawbi,MMR013D001,17.080307006836,96.104965209961,0.0,0.0,20.0,1.3808141,0.5,0.7238371968269348
2641,Hmawbi,Hmawbi,MMR013D001,17.084426879883,96.10221862793,0.0,0.0,21.0,4.9007516,0.4750000238418579,0.019849658012390137
2642,Hmawbi,Hmawbi,MMR013D001,17.085800170898,96.100845336914,0.0,0.0,17.0,3.5461073,0.574999988079071,0.2907785177230835
2643,Hmawbi,Hmawbi,MMR013D001,17.085972,96.089317,0.0,0.0,25.0,1.9946922,0.375,0.6010615825653076
2644,Hmawbi,Hmawbi,MMR013D001,17.089239,96.096413,0.0,0.0,22.0,5.0660734,0.44999998807907104,0.0
2645,Hmawbi,Hmawbi,MMR013D001,17.091293334961,96.05827331543,0.0,0.0,6.0,1.3808141,0.8500000238418579,0.7238371968269348
2646,Hmawbi,Hmawbi,MMR013D001,17.092666625977,96.155776977539,0.5283208335737188,2.0,8.0,1.9091437,0.800000011920929,0.6181712746620178
2647,Hmawbi,Hmawbi,MMR013D001,17.094039916992,96.095352172852,0.0,0.0,15.0,1.9946922,0.625,0.6010615825653076
2648,Hmawbi,Hmawbi,MMR013D001,17.095413208008,96.089859008789,0.0,0.0,20.0,3.4869568,0.5,0.3026086091995239
2649,Hmawbi,Hmawbi,MMR013D001,17.096628,96.156967,0.3333333333333333,1.0,6.0,2.2111168,0.8500000238418579,0.5577766299247742
2650,Hmawbi,Hmawbi,MMR013D001,17.096786499023,96.089859008789,0.0,0.0,24.0,2.760026,0.3999999761581421,0.44799482822418213
2651,Hmawbi,Hmawbi,MMR013D001,17.098159790039,96.039047241211,0.0,0.0,16.0,4.8412433,0.6000000238418579,0.03175133466720581
2652,Hmawbi,Hmawbi,MMR013D001,17.099533081055,96.033554077148,0.0,0.0,12.0,3.0307229,0.699999988079071,0.3938554525375366
2653,Hmawbi,Hmawbi,MMR013D001,17.099533081055,96.087112426758,0.0,0.0,17.0,1.3808141,0.574999988079071,0.7238371968269348
2654,Hmawbi,Hmawbi,MMR013D001,17.099533081055,96.096725463867,0.0,0.0,14.0,0.9548369,0.6499999761581421,0.8090326189994812
2655,Hmawbi,Hmawbi,MMR013D001,17.10090637207,96.029434204102,0.0,0.0,8.0,1.9091437,0.800000011920929,0.6181712746620178
2656,Hmawbi,Hmawbi,MMR013D001,17.10090637207,96.039047241211,0.0,0.0,21.0,1.9946922,0.4750000238418579,0.6010615825653076
2657,Hmawbi,Hmawbi,MMR013D001,17.10090637207,96.040420532227,0.0,0.0,15.0,0.9548369,0.625,0.8090326189994812
2658,Hmawbi,Hmawbi,MMR013D001,17.10090637207,96.041793823242,0.0,0.0,12.0,1.3808141,0.699999988079071,0.7238371968269348
2659,Hmawbi,Hmawbi,MMR013D001,17.10090637207,96.043167114258,0.0,0.0,13.0,2.153755,0.675000011920929,0.5692490339279175
2660,Hmawbi,Hmawbi,MMR013D001,17.10090637207,96.044540405273,0.0,0.0,12.0,1.9091437,0.699999988079071,0.6181712746620178
2661,Hmawbi,Hmawbi,MMR013D001,17.10090637207,96.045913696289,0.0,0.0,12.0,1.3808141,0.699999988079071,0.7238371968269348
2662,Hmawbi,Hmawbi,MMR013D001,17.10090637207,96.047286987305,0.0,0.0,12.0,3.138737,0.699999988079071,0.37225258350372314
2663,Hmawbi,Hmawbi,MMR013D001,17.102279663086,96.025314331055,0.0,0.0,9.0,2.862392,0.7749999761581421,0.42752158641815186
2664,Hmawbi,Hmawbi,MMR013D001,17.102279663086,96.02668762207,0.0,0.0,12.0,1.3808141,0.699999988079071,0.7238371968269348
2665,Hmawbi,Hmawbi,MMR013D001,17.102279663086,96.033554077148,0.0,0.0,24.0,4.3014402,0.3999999761581421,0.13971197605133057
2666,Hmawbi,Hmawbi,MMR013D001,17.103652954102,96.021194458008,0.0,0.0,8.0,2.760026,0.800000011920929,0.44799482822418213
2667,Hmawbi,Hmawbi,MMR013D001,17.103652954102,96.022567749023,0.0,0.0,10.0,3.0307229,0.75,0.3938554525375366
2668,Hmawbi,Hmawbi,MMR013D001,17.103652954102,96.023941040039,0.0,0.0,8.0,3.4869568,0.800000011920929,0.3026086091995239
2669,Hmawbi,Hmawbi,MMR013D001,17.103922,96.053436,0.0,0.0,7.0,2.862392,0.824999988079071,0.42752158641815186
2670,Hmawbi,Hmawbi,MMR013D001,17.10434,96.049347,0.0,0.0,10.0,7.909878,0.75,0.0
2671,Hmawbi,Hmawbi,MMR013D001,17.105026245117,96.019821166992,0.0,0.0,10.0,3.4869568,0.75,0.3026086091995239
2672,Hmawbi,Hmawbi,MMR013D001,17.105026245117,96.051406860352,0.0,0.0,9.0,1.3808141,0.7749999761581421,0.7238371968269348
2673,Hmawbi,Hmawbi,MMR013D001,17.10604,96.064735,0.0,0.0,31.0,2.2111168,0.2250000238418579,0.5577766299247742
2674,Hmawbi,Hmawbi,MMR013D001,17.106399536133,96.019821166992,0.0,0.0,10.0,4.096654,0.75,0.18066918849945068
2675,Hmawbi,Hmawbi,MMR013D001,17.106399536133,96.055526733398,0.0,0.0,18.0,0.9976483,0.550000011920929,0.8004703521728516
2676,Hmawbi,Hmawbi,MMR013D001,17.106399536133,96.059646606445,0.0,0.0,25.0,1.3808141,0.375,0.7238371968269348
2677,Hmawbi,Hmawbi,MMR013D001,17.106399536133,96.063766479492,0.0,0.0,30.0,0.9976483,0.25,0.8004703521728516
2678,Hmawbi,Hmawbi,MMR013D001,17.106399536133,96.077499389648,0.0,0.0,19.0,2.9905288,0.5249999761581421,0.401894211769104
2679,Hmawbi,Hmawbi,MMR013D001,17.107772827148,96.069259643555,0.0,0.0,24.0,1.3808141,0.3999999761581421,0.7238371968269348
2680,Hmawbi,Hmawbi,MMR013D001,17.108404,96.059956,0.0,0.0,26.0,0.9976483,0.3500000238418579,0.8004703521728516
2681,Hmawbi,Hmawbi,MMR013D001,17.109146118164,96.015701293945,0.0,0.0,20.0,0.9548369,0.5,0.8090326189994812
2682,Hmawbi,Hmawbi,MMR013D001,17.11051940918,96.015701293945,0.0,0.0,20.0,3.9416327,0.5,0.21167343854904175
2683,Hmawbi,Hmawbi,MMR013D001,17.11052,96.024629,0.0,0.0,13.0,1.9091437,0.675000011920929,0.6181712746620178
2684,Hmawbi,Hmawbi,MMR013D001,17.11051940918,96.073379516602,0.0,0.0,23.0,0.9976483,0.42500001192092896,0.8004703521728516
2685,Hmawbi,Hmawbi,MMR013D001,17.111206,96.019822,0.0,0.0,17.0,5.1608467,0.574999988079071,0.0
2686,Hmawbi,Hmawbi,MMR013D001,17.114471,96.052864,0.0,0.0,24.0,9.220603,0.3999999761581421,0.0
2687,Hmawbi,Hmawbi,MMR013D001,17.114639282227,96.012954711914,0.0,0.0,18.0,3.8140574,0.550000011920929,0.23718851804733276
2688,Hmawbi,Hmawbi,MMR013D001,17.11568,96.057437,0.0,0.0,22.0,2.2111168,0.44999998807907104,0.5577766299247742
2689,Hmawbi,Hmawbi,MMR013D001,17.117385864258,96.010208129883,0.0,0.0,16.0,2.2111168,0.6000000238418579,0.5577766299247742
2690,Hmawbi,Hmawbi,MMR013D001,17.118759155273,96.008834838867,0.0,0.0,15.0,0.9976483,0.625,0.8004703521728516
2691,Hmawbi,Hmawbi,MMR013D001,17.120132446289,96.007461547852,0.0,0.0,16.0,1.9946922,0.6000000238418579,0.6010615825653076
2692,Hmawbi,Hmawbi,MMR013D001,17.120132446289,96.008834838867,0.0,0.0,13.0,3.138737,0.675000011920929,0.37225258350372314
2693,Hmawbi,Hmawbi,MMR013D001,17.120132446289,96.010208129883,0.0,0.0,15.0,3.9416327,0.625,0.21167343854904175
2694,Hmawbi,Hmawbi,MMR013D001,17.125731,96.057495,0.0,0.0,21.0,2.153755,0.4750000238418579,0.5692490339279175
2695,Hmawbi,Hmawbi,MMR013D001,17.126575,96.00721,0.0,0.0,12.0,2.153755,0.699999988079071,0.5692490339279175
2696,Hmawbi,Hmawbi,MMR013D001,17.133865356445,96.050033569336,0.0,0.0,25.0,5.3264294,0.375,0.0
2697,Hmawbi,Hmawbi,MMR013D001,17.135239,96.001511,0.0,0.0,7.0,0.9976483,0.824999988079071,0.8004703521728516
2698,Hmawbi,Hmawbi,MMR013D001,17.143478393555,95.999221801758,0.0,0.0,14.0,5.507302,0.6499999761581421,0.0
2699,Hmawbi,Hmawbi,MMR013D001,17.157669,95.991899,0.0,0.0,10.0,2.862392,0.75,0.42752158641815186
2700,Hmawbi,Hmawbi,MMR013D001,17.159957885742,95.996475219727,0.0,0.0,8.0,3.0307229,0.800000011920929,0.3938554525375366
2701,Hmawbi,Hmawbi,MMR013D001,17.160874,95.98778,0.0,0.0,9.0,2.9905288,0.7749999761581421,0.401894211769104
2702,Hmawbi,Hmawbi,MMR013D001,17.165451049805,95.995101928711,0.0,0.0,15.0,3.0307229,0.625,0.3938554525375366
2703,Hmawbi,Hmawbi,MMR013D001,17.16682434082,95.977249145508,0.0,0.0,12.0,1.3808141,0.699999988079071,0.7238371968269348
2704,Hmawbi,Hmawbi,MMR013D001,17.16682434082,95.978622436523,0.0,0.0,9.0,1.9091437,0.7749999761581421,0.6181712746620178
2705,Hmawbi,Hmawbi,MMR013D001,17.168197631836,95.977249145508,0.0,0.0,12.0,3.138737,0.699999988079071,0.37225258350372314
2706,Hmawbi,Hmawbi,MMR013D001,17.169570922852,95.99235534668,0.0,0.0,9.0,0.9976483,0.7749999761581421,0.8004703521728516
2707,Hmawbi,Hmawbi,MMR013D001,17.170944213867,95.990982055664,0.0,0.0,10.0,0.0,0.75,1.0
2708,Hmawbi,Hmawbi,MMR013D001,17.173573,95.978783,0.0,0.0,7.0,2.153755,0.824999988079071,0.5692490339279175
2709,Hmawbi,Hmawbi,MMR013D001,17.173690795898,95.989608764648,0.0,0.0,11.0,2.760026,0.7250000238418579,0.44799482822418213
2710,Hmawbi,Hmawbi,MMR013D001,17.178081,95.970205,0.0,0.0,9.0,3.4869568,0.7749999761581421,0.3026086091995239
2711,Hmawbi,Hmawbi,MMR013D001,17.178908,95.968292,0.0,0.0,10.0,2.153755,0.75,0.5692490339279175
2712,Hmawbi,Hmawbi,MMR013D001,17.179197,95.967827,0.0,0.0,7.0,3.0307229,0.824999988079071,0.3938554525375366
2713,Hmawbi,Hmawbi,MMR013D001,17.179766,95.96965,0.0,0.0,10.0,2.153755,0.75,0.5692490339279175
2714,Hmawbi,Hmawbi,MMR013D001,17.179831,95.970802,0.0,0.0,10.0,4.7636194,0.75,0.04727613925933838
2715,Hmawbi,Hmawbi,MMR013D001,17.179871,95.979309,0.0,0.0,14.0,3.9845605,0.6499999761581421,0.2030879259109497
2716,Hmawbi,Hmawbi,MMR013D001,17.180165,95.970009,0.0,0.0,11.0,4.9007516,0.7250000238418579,0.019849658012390137
2717,Hmawbi,Hmawbi,MMR013D001,17.180557250977,95.977249145508,0.0,0.0,16.0,0.9976483,0.6000000238418579,0.8004703521728516
2718,Hmawbi,Hmawbi,MMR013D001,17.180793,95.968482,0.0,0.0,10.0,0.9548369,0.75,0.8090326189994812
2719,Hmawbi,Hmawbi,MMR013D001,17.180828,95.973793,0.0,0.0,15.0,3.5461073,0.625,0.2907785177230835
2720,Hmawbi,Hmawbi,MMR013D001,17.180869,95.973786,0.0,0.0,15.0,3.5461073,0.625,0.2907785177230835
2721,Hmawbi,Hmawbi,MMR013D001,17.180911,95.971713,0.0,0.0,15.0,4.096654,0.625,0.18066918849945068
2722,Hmawbi,Hmawbi,MMR013D001,17.181413,95.969861,0.0,0.0,14.0,6.2581224,0.6499999761581421,0.0
2723,Hmawbi,Hmawbi,MMR013D001,17.181968,95.96975,0.0,0.0,17.0,2.9905288,0.574999988079071,0.401894211769104
2724,Hmawbi,Hmawbi,MMR013D001,17.182549,95.972018,0.0,0.0,13.0,1.3808141,0.675000011920929,0.7238371968269348
2725,Hmawbi,Hmawbi,MMR013D001,17.182845,95.969483,0.0,0.0,14.0,1.3808141,0.6499999761581421,0.7238371968269348
2726,Hmawbi,Hmawbi,MMR013D001,17.182903,95.968185,0.0,0.0,15.0,3.9416327,0.625,0.21167343854904175
2727,Hmawbi,Hmawbi,MMR013D001,17.182905,95.968185,0.0,0.0,15.0,3.9416327,0.625,0.21167343854904175
2728,Hmawbi,Hmawbi,MMR013D001,17.183569,95.971931,0.0,0.0,7.0,4.8412433,0.824999988079071,0.03175133466720581
2729,Hmawbi,Hmawbi,MMR013D001,17.183807,95.972561,0.0,0.0,6.0,5.964852,0.8500000238418579,0.0
2730,Hmawbi,Hmawbi,MMR013D001,17.184131,95.972399,0.0,0.0,6.0,3.9416327,0.8500000238418579,0.21167343854904175
2731,Hmawbi,Hmawbi,MMR013D001,17.184677124023,95.97038269043,0.0,0.0,11.0,0.0,0.7250000238418579,1.0
2732,Hmawbi,Hmawbi,MMR013D001,17.18879699707,95.97038269043,0.0,0.0,10.0,0.9976483,0.75,0.8004703521728516
2733,Hmawbi,Hmawbi,MMR013D001,17.192916870117,96.052780151367,0.0,0.0,26.0,3.9416327,0.3500000238418579,0.21167343854904175
2734,Hmawbi,Hmawbi,MMR013D001,17.19841003418,96.061019897461,0.0,0.0,40.0,4.096654,0.0,0.18066918849945068
2735,Hmawbi,Hmawbi,MMR013D001,17.201156616211,95.962142944336,0.0,0.0,9.0,1.3808141,0.7749999761581421,0.7238371968269348
2736,Hmawbi,Hmawbi,MMR013D001,17.20871,95.965576,0.0,0.0,12.0,1.9091437,0.699999988079071,0.6181712746620178
2737,Hmawbi,Hmawbi,MMR013D001,17.210083,95.968323,0.0,0.0,8.0,3.5461073,0.800000011920929,0.2907785177230835
2738,Hmawbi,Hmawbi,MMR013D001,17.213516235352,95.962142944336,0.0,0.0,8.0,2.153755,0.800000011920929,0.5692490339279175
2739,Hmawbi,Hmawbi,MMR013D001,17.21489,95.96489,0.0,0.0,14.0,3.138737,0.6499999761581421,0.37225258350372314
2740,Hmawbi,Hmawbi,MMR013D001,17.219009399414,95.963516235352,0.0,0.0,19.0,3.0307229,0.5249999761581421,0.3938554525375366
2741,Hmawbi,Hmawbi,MMR013D001,17.228622436523,95.96076965332,0.0,0.0,18.0,1.3808141,0.550000011920929,0.7238371968269348
2742,Hmawbi,Hmawbi,MMR013D001,17.229995727539,95.96076965332,0.0,0.0,13.0,1.3808141,0.675000011920929,0.7238371968269348
2743,Hmawbi,Hmawbi,MMR013D001,17.235488891602,95.959396362305,0.0,0.0,10.0,0.9976483,0.75,0.8004703521728516
2744,Hmawbi,Hmawbi,MMR013D001,17.238235473633,95.959396362305,0.0,0.0,6.0,4.3014402,0.8500000238418579,0.13971197605133057
2745,Insein,Yangon City,MMR013D001,16.865387,96.097412,0.0,0.0,11.0,0.9976483,0.7250000238418579,0.8004703521728516
2746,Insein,Yangon City,MMR013D001,16.866073608398,96.100845336914,0.0,0.0,7.0,2.2111168,0.824999988079071,0.5577766299247742
2747,Insein,Yangon City,MMR013D001,16.867446899414,96.10221862793,0.0,0.0,6.0,2.153755,0.8500000238418579,0.5692490339279175
2748,Insein,Yangon City,MMR013D001,16.867446899414,96.103591918945,0.0,0.0,8.0,1.3808141,0.800000011920929,0.7238371968269348
2749,Insein,Yangon City,MMR013D001,16.867447,96.104279,0.0,0.0,10.0,4.9761953,0.75,0.004760921001434326
2750,Insein,Yangon City,MMR013D001,16.867446899414,96.104965209961,0.0,0.0,11.0,3.4869568,0.7250000238418579,0.3026086091995239
2751,Insein,Yangon City,MMR013D001,16.867722,96.104691,0.0,0.0,13.0,2.2111168,0.675000011920929,0.5577766299247742
2752,Insein,Yangon City,MMR013D001,16.868134,96.104965,0.0,0.0,12.0,0.9548369,0.699999988079071,0.8090326189994812
2753,Insein,Yangon City,MMR013D001,16.86882019043,96.104965209961,0.0,0.0,8.0,3.4869568,0.800000011920929,0.3026086091995239
2754,Insein,Yangon City,MMR013D001,16.869736,96.109543,0.0,0.0,7.0,0.9548369,0.824999988079071,0.8090326189994812
2755,Insein,Yangon City,MMR013D001,16.86985,96.108055,0.0,0.0,6.0,4.1360445,0.8500000238418579,0.17279112339019775
2756,Insein,Yangon City,MMR013D001,16.870708,96.110458,0.0,0.0,6.0,2.153755,0.8500000238418579,0.5692490339279175
2757,Insein,Yangon City,MMR013D001,16.87088,96.103592,0.0,0.0,7.0,0.0,0.824999988079071,1.0
2758,Insein,Yangon City,MMR013D001,16.87088,96.112518,0.0,0.0,9.0,3.4869568,0.7749999761581421,0.3026086091995239
2759,Insein,Yangon City,MMR013D001,16.871109,96.108856,0.0,0.0,10.0,0.9976483,0.75,0.8004703521728516
2760,Insein,Yangon City,MMR013D001,16.871442,96.112081,0.0,0.0,11.0,0.9548369,0.7250000238418579,0.8090326189994812
2761,Insein,Yangon City,MMR013D001,16.871566772461,96.104965209961,0.0,0.0,9.0,0.9548369,0.7749999761581421,0.8090326189994812
2762,Insein,Yangon City,MMR013D001,16.871566772461,96.113204956055,0.0,0.0,10.0,3.138737,0.75,0.37225258350372314
2763,Insein,Yangon City,MMR013D001,16.871566772461,96.11457824707,0.0,0.0,9.0,2.760026,0.7749999761581421,0.44799482822418213
2764,Insein,Yangon City,MMR013D001,16.872025,96.11412,0.0,0.0,10.0,1.3808141,0.75,0.7238371968269348
2765,Insein,Yangon City,MMR013D001,16.872253,96.105652,0.0,0.0,8.0,2.760026,0.800000011920929,0.44799482822418213
2766,Insein,Yangon City,MMR013D001,16.872253,96.113205,0.0,0.0,12.0,3.0307229,0.699999988079071,0.3938554525375366
2767,Insein,Yangon City,MMR013D001,16.872459,96.110115,0.0,0.0,8.0,1.3808141,0.800000011920929,0.7238371968269348
2768,Insein,Yangon City,MMR013D001,16.872940063477,96.103591918945,0.0,0.0,9.0,0.9548369,0.7749999761581421,0.8090326189994812
2769,Insein,Yangon City,MMR013D001,16.872940063477,96.109085083008,0.0,0.0,11.0,1.3808141,0.7250000238418579,0.7238371968269348
2770,Insein,Yangon City,MMR013D001,16.872940063477,96.110458374023,0.0,0.0,12.0,3.138737,0.699999988079071,0.37225258350372314
2771,Insein,Yangon City,MMR013D001,16.872940063477,96.111831665039,0.0,0.0,12.0,6.0397077,0.699999988079071,0.0
2772,Insein,Yangon City,MMR013D001,16.872940063477,96.113204956055,0.0,0.0,11.0,2.153755,0.7250000238418579,0.5692490339279175
2773,Insein,Yangon City,MMR013D001,16.872940063477,96.11457824707,0.0,0.0,10.0,0.9548369,0.75,0.8090326189994812
2774,Insein,Yangon City,MMR013D001,16.873169,96.103363,0.0,0.0,9.0,2.2111168,0.7749999761581421,0.5577766299247742
2775,Insein,Yangon City,MMR013D001,16.873627,96.112518,0.0,0.0,10.0,1.9091437,0.75,0.6181712746620178
2776,Insein,Yangon City,MMR013D001,16.873627,96.114578,0.0,0.0,10.0,3.138737,0.75,0.37225258350372314
2777,Insein,Yangon City,MMR013D001,16.874313354492,96.103591918945,0.0,0.0,10.0,0.9976483,0.75,0.8004703521728516
2778,Insein,Yangon City,MMR013D001,16.874313177246,96.11045818701147,0.0,0.0,12.0,2.153755,0.699999988079071,0.5692490339279175
2779,Insein,Yangon City,MMR013D001,16.874313,96.111374,0.0,0.0,13.0,1.9946922,0.675000011920929,0.6010615825653076
2780,Insein,Yangon City,MMR013D001,16.874313354492,96.111831665039,0.0,0.0,9.0,5.3264294,0.7749999761581421,0.0
2781,Insein,Yangon City,MMR013D001,16.874313,96.112518,0.0,0.0,9.0,5.733568,0.7749999761581421,0.0
2782,Insein,Yangon City,MMR013D001,16.874313354492,96.113204956055,0.0,0.0,15.0,1.3808141,0.625,0.7238371968269348
2783,Insein,Yangon City,MMR013D001,16.874313354492,96.11457824707,0.0,0.0,11.0,3.9416327,0.7250000238418579,0.21167343854904175
2784,Insein,Yangon City,MMR013D001,16.874313354492,96.115951538086,0.0,0.0,17.0,4.1360445,0.574999988079071,0.17279112339019775
2785,Insein,Yangon City,MMR013D001,16.874313354492,96.117324829102,0.0,0.0,20.0,0.9976483,0.5,0.8004703521728516
2786,Insein,Yangon City,MMR013D001,16.874588,96.111557,0.0,0.0,11.0,4.096654,0.7250000238418579,0.18066918849945068
2787,Insein,Yangon City,MMR013D001,16.875,96.113205,0.0,0.0,15.0,1.3808141,0.625,0.7238371968269348
2788,Insein,Yangon City,MMR013D001,16.875087,96.095433,0.0,0.0,7.0,4.9761953,0.824999988079071,0.004760921001434326
2789,Insein,Yangon City,MMR013D001,16.875686645508,96.10221862793,0.0,0.0,9.0,1.9091437,0.7749999761581421,0.6181712746620178
2790,Insein,Yangon City,MMR013D001,16.875686645508,96.111831665039,0.0,0.0,12.0,1.9091437,0.699999988079071,0.6181712746620178
2791,Insein,Yangon City,MMR013D001,16.875686645508,96.11457824707,0.0,0.0,16.0,3.0307229,0.6000000238418579,0.3938554525375366
2792,Insein,Yangon City,MMR013D001,16.875686645508,96.115951538086,0.0,0.0,23.0,2.9905288,0.42500001192092896,0.401894211769104
2793,Insein,Yangon City,MMR013D001,16.875686645508,96.117324829102,0.0,0.0,19.0,2.760026,0.5249999761581421,0.44799482822418213
2794,Insein,Yangon City,MMR013D001,16.875686645508,96.118698120117,0.0,0.0,20.0,7.737872,0.5,0.0
2795,Insein,Yangon City,MMR013D001,16.875687,96.121445,0.0,0.0,14.0,5.733568,0.6499999761581421,0.0
2796,Insein,Yangon City,MMR013D001,16.876545,96.101189,0.0,0.0,10.0,0.9976483,0.75,0.8004703521728516
2797,Insein,Yangon City,MMR013D001,16.876717,96.111832,0.0,0.0,17.0,5.964852,0.574999988079071,0.0
2798,Insein,Yangon City,MMR013D001,16.876923,96.096222,0.0,0.0,7.0,0.9548369,0.824999988079071,0.8090326189994812
2799,Insein,Yangon City,MMR013D001,16.87697,96.094566,0.0,0.0,10.0,2.760026,0.75,0.44799482822418213
2800,Insein,Yangon City,MMR013D001,16.877059936523,96.100845336914,0.0,0.0,10.0,1.3808141,0.75,0.7238371968269348
2801,Insein,Yangon City,MMR013D001,16.877059936523,96.10221862793,0.0,0.0,9.0,2.760026,0.7749999761581421,0.44799482822418213
2802,Insein,Yangon City,MMR013D001,16.877059936523,96.111831665039,0.0,0.0,16.0,5.733568,0.6000000238418579,0.0
2803,Insein,Yangon City,MMR013D001,16.877059936523,96.113204956055,0.0,0.0,19.0,0.9548369,0.5249999761581421,0.8090326189994812
2804,Insein,Yangon City,MMR013D001,16.877059936523,96.11457824707,0.0,0.0,20.0,0.9976483,0.5,0.8004703521728516
2805,Insein,Yangon City,MMR013D001,16.877059936523,96.115951538086,0.0,0.0,23.0,3.138737,0.42500001192092896,0.37225258350372314
2806,Insein,Yangon City,MMR013D001,16.877348,96.094233,0.0,0.0,8.0,0.0,0.800000011920929,1.0
2807,Insein,Yangon City,MMR013D001,16.877747,96.107025,0.0,0.0,12.0,1.3808141,0.699999988079071,0.7238371968269348
2808,Insein,Yangon City,MMR013D001,16.878068,96.09517,0.0,0.0,10.0,3.9416327,0.75,0.21167343854904175
2809,Insein,Yangon City,MMR013D001,16.878276,96.095434,0.0,0.0,12.0,2.2111168,0.699999988079071,0.5577766299247742
2810,Insein,Yangon City,MMR013D001,16.878351,96.095667,0.0,0.0,10.0,2.2111168,0.75,0.5577766299247742
2811,Insein,Yangon City,MMR013D001,16.878433227539,96.091232299805,0.0,0.0,8.0,1.3808141,0.800000011920929,0.7238371968269348
2812,Insein,Yangon City,MMR013D001,16.878433227539,96.100845336914,0.0,0.0,12.0,3.5461073,0.699999988079071,0.2907785177230835
2813,Insein,Yangon City,MMR013D001,16.878433227539,96.111831665039,0.0,0.0,14.0,6.0397077,0.6499999761581421,0.0
2814,Insein,Yangon City,MMR013D001,16.878433227539,96.113204956055,0.0,0.0,12.0,1.3808141,0.699999988079071,0.7238371968269348
2815,Insein,Yangon City,MMR013D001,16.878433227539,96.11457824707,0.0,0.0,18.0,4.9007516,0.550000011920929,0.019849658012390137
2816,Insein,Yangon City,MMR013D001,16.878433227539,96.117324829102,0.0,0.0,17.0,6.0445805,0.574999988079071,0.0
2817,Insein,Yangon City,MMR013D001,16.878584,96.095889,0.0,0.0,9.0,2.2111168,0.7749999761581421,0.5577766299247742
2818,Insein,Yangon City,MMR013D001,16.878732,96.095742,0.0,0.0,13.0,1.3808141,0.675000011920929,0.7238371968269348
2819,Insein,Yangon City,MMR013D001,16.878777,96.115952,0.0,0.0,16.0,3.0307229,0.6000000238418579,0.3938554525375366
2820,Insein,Yangon City,MMR013D001,16.879036,96.096681,0.0,0.0,12.0,1.3808141,0.699999988079071,0.7238371968269348
2821,Insein,Yangon City,MMR013D001,16.879806518555,96.091232299805,0.0,0.0,10.0,1.9091437,0.75,0.6181712746620178
2822,Insein,Yangon City,MMR013D001,16.879806518555,96.099472045898,0.0,0.0,10.0,0.9976483,0.75,0.8004703521728516
2823,Insein,Yangon City,MMR013D001,16.879806518555,96.100845336914,0.0,0.0,10.0,3.138737,0.75,0.37225258350372314
2824,Insein,Yangon City,MMR013D001,16.879806518555,96.110458374023,0.0,0.0,13.0,1.9946922,0.675000011920929,0.6010615825653076
2825,Insein,Yangon City,MMR013D001,16.879806518555,96.111831665039,0.0,0.0,20.0,1.9946922,0.5,0.6010615825653076
2826,Insein,Yangon City,MMR013D001,16.879807,96.112518,0.0,0.0,17.0,1.3808141,0.574999988079071,0.7238371968269348
2827,Insein,Yangon City,MMR013D001,16.879812,96.112823,0.0,0.0,17.0,0.0,0.574999988079071,1.0
2828,Insein,Yangon City,MMR013D001,16.879806518555,96.126937866211,0.0,0.0,11.0,0.9976483,0.7250000238418579,0.8004703521728516
2829,Insein,Yangon City,MMR013D001,16.879807,96.127853,0.0,0.0,14.0,0.9548369,0.6499999761581421,0.8090326189994812
2830,Insein,Yangon City,MMR013D001,16.879806518555,96.128311157227,0.0,0.0,12.0,2.2111168,0.699999988079071,0.5577766299247742
2831,Insein,Yangon City,MMR013D001,16.879824,96.11285,0.0,0.0,17.0,0.0,0.574999988079071,1.0
2832,Insein,Yangon City,MMR013D001,16.879831,96.112847,0.0,0.0,17.0,0.0,0.574999988079071,1.0
2833,Insein,Yangon City,MMR013D001,16.87987,96.112814,0.0,0.0,17.0,1.9091437,0.574999988079071,0.6181712746620178
2834,Insein,Yangon City,MMR013D001,16.879883,96.112915,0.0,0.0,17.0,0.0,0.574999988079071,1.0
2835,Insein,Yangon City,MMR013D001,16.879957,96.099663,0.0,0.0,11.0,2.9905288,0.7250000238418579,0.401894211769104
2836,Insein,Yangon City,MMR013D001,16.879984,96.099827,0.0,0.0,11.0,2.9905288,0.7250000238418579,0.401894211769104
2837,Insein,Yangon City,MMR013D001,16.88002,96.10348,0.0,0.0,12.0,1.3808141,0.699999988079071,0.7238371968269348
2838,Insein,Yangon City,MMR013D001,16.880123,96.11067,0.0,0.0,14.0,3.138737,0.6499999761581421,0.37225258350372314
2839,Insein,Yangon City,MMR013D001,16.88015,96.114818,0.0,0.0,15.0,2.2111168,0.625,0.5577766299247742
2840,Insein,Yangon City,MMR013D001,16.880372,96.099391,0.0,0.0,10.0,0.0,0.75,1.0
2841,Insein,Yangon City,MMR013D001,16.880493,96.128311,0.0,0.0,13.0,0.0,0.675000011920929,1.0
2842,Insein,Yangon City,MMR013D001,16.880722,96.110458,0.0,0.0,10.0,5.0660734,0.75,0.0
2843,Insein,Yangon City,MMR013D001,16.880729,96.097875,0.0,0.0,11.0,2.2111168,0.7250000238418579,0.5577766299247742
2844,Insein,Yangon City,MMR013D001,16.880786,96.101458,0.0,0.0,11.0,2.153755,0.7250000238418579,0.5692490339279175
2845,Insein,Yangon City,MMR013D001,16.880802,96.098206,0.0,0.0,12.0,0.9976483,0.699999988079071,0.8004703521728516
2846,Insein,Yangon City,MMR013D001,16.880905,96.11171,0.0,0.0,17.0,2.9905288,0.574999988079071,0.401894211769104
2847,Insein,Yangon City,MMR013D001,16.881142,96.093765,0.0,0.0,6.0,6.2587476,0.8500000238418579,0.0
2848,Insein,Yangon City,MMR013D001,16.88117980957,96.093978881836,0.0,0.0,11.0,9.220603,0.7250000238418579,0.0
2849,Insein,Yangon City,MMR013D001,16.88117980957,96.110458374023,0.0,0.0,13.0,2.760026,0.675000011920929,0.44799482822418213
2850,Insein,Yangon City,MMR013D001,16.88117980957,96.111831665039,0.0,0.0,17.0,2.2111168,0.574999988079071,0.5577766299247742
2851,Insein,Yangon City,MMR013D001,16.88118,96.113892,0.0,0.0,24.0,2.862392,0.3999999761581421,0.42752158641815186
2852,Insein,Yangon City,MMR013D001,16.88117980957,96.118698120117,0.0,0.0,18.0,2.9905288,0.550000011920929,0.401894211769104
2853,Insein,Yangon City,MMR013D001,16.88117980957,96.120071411133,0.0,0.0,16.0,1.3808141,0.6000000238418579,0.7238371968269348
2854,Insein,Yangon City,MMR013D001,16.88118,96.131744,0.0,0.0,24.0,3.9416327,0.3999999761581421,0.21167343854904175
2855,Insein,Yangon City,MMR013D001,16.881206,96.103125,0.0,0.0,13.0,0.9976483,0.675000011920929,0.8004703521728516
2856,Insein,Yangon City,MMR013D001,16.88131,96.102924,0.0,0.0,13.0,0.9976483,0.675000011920929,0.8004703521728516
2857,Insein,Yangon City,MMR013D001,16.881317,96.109909,0.0,0.0,14.0,1.9946922,0.6499999761581421,0.6010615825653076
2858,Insein,Yangon City,MMR013D001,16.881456,96.120987,0.0,0.0,19.0,0.0,0.5249999761581421,1.0
2859,Insein,Yangon City,MMR013D001,16.881496,96.099045,0.0,0.0,12.0,1.9946922,0.699999988079071,0.6010615825653076
2860,Insein,Yangon City,MMR013D001,16.881618,96.098869,0.0,0.0,12.0,1.9946922,0.699999988079071,0.6010615825653076
2861,Insein,Yangon City,MMR013D001,16.881696,96.105364,0.0,0.0,16.0,2.2111168,0.6000000238418579,0.5577766299247742
2862,Insein,Yangon City,MMR013D001,16.881834,96.105939,0.0,0.0,13.0,2.153755,0.675000011920929,0.5692490339279175
2863,Insein,Yangon City,MMR013D001,16.881866,96.108398,0.0,0.0,12.0,1.3808141,0.699999988079071,0.7238371968269348
2864,Insein,Yangon City,MMR013D001,16.881992,96.10671,0.0,0.0,14.0,0.9976483,0.6499999761581421,0.8004703521728516
2865,Insein,Yangon City,MMR013D001,16.882004,96.110184,0.0,0.0,11.0,1.9946922,0.7250000238418579,0.6010615825653076
2866,Insein,Yangon City,MMR013D001,16.882095,96.110229,0.0,0.0,11.0,1.9946922,0.7250000238418579,0.6010615825653076
2867,Insein,Yangon City,MMR013D001,16.882095,96.131973,0.0,0.0,23.0,4.415667,0.42500001192092896,0.1168665885925293
2868,Insein,Yangon City,MMR013D001,16.882136,96.132425,0.0,0.0,23.0,5.3264294,0.42500001192092896,0.0
2869,Insein,Yangon City,MMR013D001,16.882553,96.091232,0.0,0.0,9.0,0.0,0.7749999761581421,1.0
2870,Insein,Yangon City,MMR013D001,16.882553100586,96.09260559082,0.0,0.0,9.0,2.2111168,0.7749999761581421,0.5577766299247742
2871,Insein,Yangon City,MMR013D001,16.882553100586,96.093978881836,0.0,0.0,12.0,1.9091437,0.699999988079071,0.6181712746620178
2872,Insein,Yangon City,MMR013D001,16.882553100586,96.098098754883,0.0,0.0,10.0,1.3808141,0.75,0.7238371968269348
2873,Insein,Yangon City,MMR013D001,16.882553100586,96.110458374023,0.0,0.0,11.0,1.3808141,0.7250000238418579,0.7238371968269348
2874,Insein,Yangon City,MMR013D001,16.882553100586,96.122817993164,0.0,0.0,18.0,0.9976483,0.550000011920929,0.8004703521728516
2875,Insein,Yangon City,MMR013D001,16.882553100586,96.12419128418,0.0,0.0,14.0,1.3808141,0.6499999761581421,0.7238371968269348
2876,Insein,Yangon City,MMR013D001,16.882553100586,96.132431030273,0.0,0.0,19.0,5.733568,0.5249999761581421,0.0
2877,Insein,Yangon City,MMR013D001,16.882601,96.129874,0.0,0.0,19.0,2.2111168,0.5249999761581421,0.5577766299247742
2878,Insein,Yangon City,MMR013D001,16.882681,96.133279,0.0,0.0,29.0,4.7636194,0.2749999761581421,0.04727613925933838
2879,Insein,Yangon City,MMR013D001,16.882738,96.100739,0.0,0.0,13.0,2.760026,0.675000011920929,0.44799482822418213
2880,Insein,Yangon City,MMR013D001,16.882748,96.123589,0.0,0.0,18.0,2.2111168,0.550000011920929,0.5577766299247742
2881,Insein,Yangon City,MMR013D001,16.882999,96.093735,0.0,0.0,11.0,4.9007516,0.7250000238418579,0.019849658012390137
2882,Insein,Yangon City,MMR013D001,16.88324,96.109314,0.0,0.0,9.0,3.0307229,0.7749999761581421,0.3938554525375366
2883,Insein,Yangon City,MMR013D001,16.88324,96.126251,0.0,0.0,12.0,0.9976483,0.699999988079071,0.8004703521728516
2884,Insein,Yangon City,MMR013D001,16.88324,96.133804,0.0,0.0,24.0,6.7274427,0.3999999761581421,0.0
2885,Insein,Yangon City,MMR013D001,16.883324,96.098122,0.0,0.0,11.0,2.153755,0.7250000238418579,0.5692490339279175
2886,Insein,Yangon City,MMR013D001,16.883338,96.110066,0.0,0.0,9.0,2.862392,0.7749999761581421,0.42752158641815186
2887,Insein,Yangon City,MMR013D001,16.883469,96.135521,0.0,0.0,28.0,1.9946922,0.30000001192092896,0.6010615825653076
2888,Insein,Yangon City,MMR013D001,16.88353,96.135567,0.0,0.0,28.0,1.9946922,0.30000001192092896,0.6010615825653076
2889,Insein,Yangon City,MMR013D001,16.883677,96.135552,0.0,0.0,29.0,5.733568,0.2749999761581421,0.0
2890,Insein,Yangon City,MMR013D001,16.883926391602,96.093978881836,0.0,0.0,10.0,2.153755,0.75,0.5692490339279175
2891,Insein,Yangon City,MMR013D001,16.883926391602,96.107711791992,0.0,0.0,15.0,2.153755,0.625,0.5692490339279175
2892,Insein,Yangon City,MMR013D001,16.883926391602,96.109085083008,0.0,0.0,9.0,0.0,0.7749999761581421,1.0
2893,Insein,Yangon City,MMR013D001,16.883926391602,96.110458374023,0.0,0.0,16.0,4.9007516,0.6000000238418579,0.019849658012390137
2894,Insein,Yangon City,MMR013D001,16.883926391602,96.121444702148,0.0,0.0,28.0,6.0397077,0.30000001192092896,0.0
2895,Insein,Yangon City,MMR013D001,16.883926391602,96.122817993164,0.0,0.0,27.0,7.594609,0.32499998807907104,0.0
2896,Insein,Yangon City,MMR013D001,16.883926391602,96.125564575195,0.0,0.0,16.0,1.3808141,0.6000000238418579,0.7238371968269348
2897,Insein,Yangon City,MMR013D001,16.883926,96.131058,0.0,0.0,19.0,3.9845605,0.5249999761581421,0.2030879259109497
2898,Insein,Yangon City,MMR013D001,16.883926195801,96.1338041606445,0.0,0.0,28.0,6.7274427,0.30000001192092896,0.0
2899,Insein,Yangon City,MMR013D001,16.883926391602,96.135177612305,0.0,0.0,25.0,4.3014402,0.375,0.13971197605133057
2900,Insein,Yangon City,MMR013D001,16.884098,96.097927,0.0,0.0,10.0,3.4869568,0.75,0.3026086091995239
2901,Insein,Yangon City,MMR013D001,16.884201,96.109085,0.0,0.0,10.0,2.153755,0.75,0.5692490339279175
2902,Insein,Yangon City,MMR013D001,16.884201,96.135727,0.0,0.0,35.0,3.9845605,0.125,0.2030879259109497
2903,Insein,Yangon City,MMR013D001,16.88427,96.095352,0.0,0.0,11.0,0.9976483,0.7250000238418579,0.8004703521728516
2904,Insein,Yangon City,MMR013D001,16.88427,96.108398,0.0,0.0,16.0,5.617232,0.6000000238418579,0.0
2905,Insein,Yangon City,MMR013D001,16.884613,96.096725,0.0,0.0,11.0,0.9976483,0.7250000238418579,0.8004703521728516
2906,Insein,Yangon City,MMR013D001,16.884613,96.108398,0.0,0.0,18.0,2.153755,0.550000011920929,0.5692490339279175
2907,Insein,Yangon City,MMR013D001,16.88475,96.110184,0.0,0.0,16.0,2.153755,0.6000000238418579,0.5692490339279175
2908,Insein,Yangon City,MMR013D001,16.884785,96.108398,0.0,0.0,18.0,1.3808141,0.550000011920929,0.7238371968269348
2909,Insein,Yangon City,MMR013D001,16.884842,96.09581,0.0,0.0,10.0,1.3808141,0.75,0.7238371968269348
2910,Insein,Yangon City,MMR013D001,16.884842,96.108627,0.0,0.0,17.0,5.733568,0.574999988079071,0.0
2911,Insein,Yangon City,MMR013D001,16.884842,96.132431,0.0,0.0,24.0,2.153755,0.3999999761581421,0.5692490339279175
2912,Insein,Yangon City,MMR013D001,16.884956,96.096382,0.0,0.0,12.0,1.3808141,0.699999988079071,0.7238371968269348
2913,Insein,Yangon City,MMR013D001,16.885299682617,96.095352172852,0.0,0.0,12.0,2.2111168,0.699999988079071,0.5577766299247742
2914,Insein,Yangon City,MMR013D001,16.885299682617,96.096725463867,0.0,0.0,13.0,2.2111168,0.675000011920929,0.5577766299247742
2915,Insein,Yangon City,MMR013D001,16.885299682617,96.098098754883,0.0,0.0,12.0,0.0,0.699999988079071,1.0
2916,Insein,Yangon City,MMR013D001,16.8853,96.099014,0.0,0.0,14.0,2.2111168,0.6499999761581421,0.5577766299247742
2917,Insein,Yangon City,MMR013D001,16.885299682617,96.099472045898,0.0,0.0,16.0,1.9946922,0.6000000238418579,0.6010615825653076
2918,Insein,Yangon City,MMR013D001,16.885299682617,96.107711791992,0.0,0.0,15.0,3.138737,0.625,0.37225258350372314
2919,Insein,Yangon City,MMR013D001,16.885299682617,96.109085083008,0.0,0.0,19.0,2.760026,0.5249999761581421,0.44799482822418213
2920,Insein,Yangon City,MMR013D001,16.885299682617,96.110458374023,0.0,0.0,20.0,3.5461073,0.5,0.2907785177230835
2921,Insein,Yangon City,MMR013D001,16.885299682617,96.111831665039,0.0,0.0,24.0,5.0660734,0.3999999761581421,0.0
2922,Insein,Yangon City,MMR013D001,16.885299682617,96.122817993164,0.0,0.0,31.0,7.2845483,0.2250000238418579,0.0
2923,Insein,Yangon City,MMR013D001,16.885299682617,96.12419128418,0.0,0.0,26.0,8.779495,0.3500000238418579,0.0
2924,Insein,Yangon City,MMR013D001,16.885299682617,96.135177612305,0.0,0.0,35.0,8.149471,0.125,0.0
2925,Insein,Yangon City,MMR013D001,16.885332,96.127554,0.0,0.0,23.0,2.153755,0.42500001192092896,0.5692490339279175
2926,Insein,Yangon City,MMR013D001,16.885506,96.135088,0.0,0.0,39.0,3.9416327,0.02499997615814209,0.21167343854904175
2927,Insein,Yangon City,MMR013D001,16.885609,96.127905,0.0,0.0,20.0,3.9416327,0.5,0.21167343854904175
2928,Insein,Yangon City,MMR013D001,16.885665,96.128,0.0,0.0,19.0,2.153755,0.5249999761581421,0.5692490339279175
2929,Insein,Yangon City,MMR013D001,16.885757,96.132889,0.0,0.0,21.0,2.760026,0.4750000238418579,0.44799482822418213
2930,Insein,Yangon City,MMR013D001,16.885857,96.134487,0.0,0.0,34.0,6.9418087,0.1499999761581421,0.0
2931,Insein,Yangon City,MMR013D001,16.885986,96.095352,0.0,0.0,11.0,3.4869568,0.7250000238418579,0.3026086091995239
2932,Insein,Yangon City,MMR013D001,16.885986,96.107712,0.0,0.0,14.0,5.1608467,0.6499999761581421,0.0
2933,Insein,Yangon City,MMR013D001,16.886136,96.128502,0.0,0.0,23.0,1.3808141,0.42500001192092896,0.7238371968269348
2934,Insein,Yangon City,MMR013D001,16.88633,96.134422,0.0,0.0,28.0,2.2111168,0.30000001192092896,0.5577766299247742
2935,Insein,Yangon City,MMR013D001,16.886542,96.095548,0.0,0.0,9.0,0.0,0.7749999761581421,1.0
2936,Insein,Yangon City,MMR013D001,16.886672973633,96.095352172852,0.0,0.0,9.0,0.0,0.7749999761581421,1.0
2937,Insein,Yangon City,MMR013D001,16.886672973633,96.098098754883,0.0,0.0,14.0,0.9976483,0.6499999761581421,0.8004703521728516
2938,Insein,Yangon City,MMR013D001,16.886672973633,96.100845336914,0.0,0.0,14.0,2.153755,0.6499999761581421,0.5692490339279175
2939,Insein,Yangon City,MMR013D001,16.886672973633,96.10221862793,0.0,0.0,16.0,2.760026,0.6000000238418579,0.44799482822418213
2940,Insein,Yangon City,MMR013D001,16.886672973633,96.106338500977,0.0,0.0,17.0,2.760026,0.574999988079071,0.44799482822418213
2941,Insein,Yangon City,MMR013D001,16.886672973633,96.107711791992,0.0,0.0,14.0,5.7959256,0.6499999761581421,0.0
2942,Insein,Yangon City,MMR013D001,16.886672973633,96.109085083008,0.0,0.0,21.0,1.3808141,0.4750000238418579,0.7238371968269348
2943,Insein,Yangon City,MMR013D001,16.886673,96.109772,0.0,0.0,20.0,2.760026,0.5,0.44799482822418213
2944,Insein,Yangon City,MMR013D001,16.886672973633,96.110458374023,0.0,0.0,22.0,2.2111168,0.44999998807907104,0.5577766299247742
2945,Insein,Yangon City,MMR013D001,16.886673,96.111243,0.0,0.0,25.0,0.9976483,0.375,0.8004703521728516
2946,Insein,Yangon City,MMR013D001,16.886672973633,96.111831665039,0.0,0.0,24.0,5.7959256,0.3999999761581421,0.0
2947,Insein,Yangon City,MMR013D001,16.886672973633,96.113204956055,0.0,0.0,22.0,2.2111168,0.44999998807907104,0.5577766299247742
2948,Insein,Yangon City,MMR013D001,16.886673,96.124191,0.0,0.0,20.0,2.2111168,0.5,0.5577766299247742
2949,Insein,Yangon City,MMR013D001,16.886672973633,96.125564575195,0.0,0.0,21.0,2.153755,0.4750000238418579,0.5692490339279175
2950,Insein,Yangon City,MMR013D001,16.886672973633,96.135177612305,0.0,0.0,33.0,5.617232,0.17500001192092896,0.0
2951,Insein,Yangon City,MMR013D001,16.886826,96.131058,0.0,0.0,25.0,3.9416327,0.375,0.21167343854904175
2952,Insein,Yangon City,MMR013D001,16.886927,96.112022,0.0,0.0,22.0,4.8660283,0.44999998807907104,0.02679431438446045
2953,Insein,Yangon City,MMR013D001,16.887016,96.102562,0.0,0.0,17.0,1.3808141,0.574999988079071,0.7238371968269348
2954,Insein,Yangon City,MMR013D001,16.887131,96.109543,0.0,0.0,22.0,2.760026,0.44999998807907104,0.44799482822418213
2955,Insein,Yangon City,MMR013D001,16.887262,96.112616,0.0,0.0,19.0,4.3014402,0.5249999761581421,0.13971197605133057
2956,Insein,Yangon City,MMR013D001,16.88736,96.095352,0.0,0.0,8.0,1.3808141,0.800000011920929,0.7238371968269348
2957,Insein,Yangon City,MMR013D001,16.88736,96.103592,0.0,0.0,16.0,0.0,0.6000000238418579,1.0
2958,Insein,Yangon City,MMR013D001,16.88736,96.128014,0.0,0.0,21.0,1.3808141,0.4750000238418579,0.7238371968269348
2959,Insein,Yangon City,MMR013D001,16.887894,96.12999,0.0,0.0,24.0,3.5461073,0.3999999761581421,0.2907785177230835
2960,Insein,Yangon City,MMR013D001,16.888046,96.096725,0.0,0.0,13.0,3.9416327,0.675000011920929,0.21167343854904175
2961,Insein,Yangon City,MMR013D001,16.888046264648,96.103591918945,0.0,0.0,16.0,1.3808141,0.6000000238418579,0.7238371968269348
2962,Insein,Yangon City,MMR013D001,16.888046264648,96.104965209961,0.0,0.0,13.0,0.9976483,0.675000011920929,0.8004703521728516
2963,Insein,Yangon City,MMR013D001,16.888046,96.105652,0.0,0.0,14.0,2.760026,0.6499999761581421,0.44799482822418213
2964,Insein,Yangon City,MMR013D001,16.888046264648,96.106338500977,0.0,0.0,16.0,2.153755,0.6000000238418579,0.5692490339279175
2965,Insein,Yangon City,MMR013D001,16.888046264648,96.107711791992,0.0,0.0,16.0,0.9548369,0.6000000238418579,0.8090326189994812
2966,Insein,Yangon City,MMR013D001,16.888046264648,96.110458374023,0.0,0.0,20.0,3.8140574,0.5,0.23718851804733276
2967,Insein,Yangon City,MMR013D001,16.888046264648,96.113204956055,0.0,0.0,19.0,3.9416327,0.5249999761581421,0.21167343854904175
2968,Insein,Yangon City,MMR013D001,16.888046,96.113892,0.0,0.0,16.0,3.138737,0.6000000238418579,0.37225258350372314
2969,Insein,Yangon City,MMR013D001,16.888046264648,96.11457824707,0.0,0.0,15.0,1.3808141,0.625,0.7238371968269348
2970,Insein,Yangon City,MMR013D001,16.888046264648,96.115951538086,0.0,0.0,22.0,2.153755,0.44999998807907104,0.5692490339279175
2971,Insein,Yangon City,MMR013D001,16.888046264648,96.121444702148,0.0,0.0,23.0,2.2111168,0.42500001192092896,0.5577766299247742
2972,Insein,Yangon City,MMR013D001,16.888046264648,96.122817993164,0.0,0.0,27.0,1.9091437,0.32499998807907104,0.6181712746620178
2973,Insein,Yangon City,MMR013D001,16.888046264648,96.12419128418,0.0,0.0,21.0,5.617232,0.4750000238418579,0.0
2974,Insein,Yangon City,MMR013D001,16.888046,96.125565,0.0,0.0,17.0,3.0307229,0.574999988079071,0.3938554525375366
2975,Insein,Yangon City,MMR013D001,16.888046,96.128654,0.0,0.0,25.0,3.9416327,0.375,0.21167343854904175
2976,Insein,Yangon City,MMR013D001,16.888046264648,96.129684448242,0.0,0.0,26.0,2.760026,0.3500000238418579,0.44799482822418213
2977,Insein,Yangon City,MMR013D001,16.888046264648,96.133804321289,0.0,0.0,31.0,2.153755,0.2250000238418579,0.5692490339279175
2978,Insein,Yangon City,MMR013D001,16.888321,96.092331,0.0,0.0,9.0,1.9091437,0.7749999761581421,0.6181712746620178
2979,Insein,Yangon City,MMR013D001,16.888321,96.127556,0.0,0.0,21.0,2.153755,0.4750000238418579,0.5692490339279175
2980,Insein,Yangon City,MMR013D001,16.88839,96.093636,0.0,0.0,14.0,2.760026,0.6499999761581421,0.44799482822418213
2981,Insein,Yangon City,MMR013D001,16.888431,96.132103,0.0,0.0,29.0,4.8660283,0.2749999761581421,0.02679431438446045
2982,Insein,Yangon City,MMR013D001,16.888504,96.10817,0.0,0.0,18.0,1.9946922,0.550000011920929,0.6010615825653076
2983,Insein,Yangon City,MMR013D001,16.888514,96.100716,0.0,0.0,17.0,2.2111168,0.574999988079071,0.5577766299247742
2984,Insein,Yangon City,MMR013D001,16.888687,96.123917,0.0,0.0,19.0,1.3808141,0.5249999761581421,0.7238371968269348
2985,Insein,Yangon City,MMR013D001,16.888733,96.121445,0.0,0.0,20.0,2.153755,0.5,0.5692490339279175
2986,Insein,Yangon City,MMR013D001,16.888733,96.124191,0.0,0.0,20.0,3.0307229,0.5,0.3938554525375366
2987,Insein,Yangon City,MMR013D001,16.888962,96.105423,0.0,0.0,13.0,1.9946922,0.675000011920929,0.6010615825653076
2988,Insein,Yangon City,MMR013D001,16.888962,96.113663,0.0,0.0,17.0,0.0,0.574999988079071,1.0
2989,Insein,Yangon City,MMR013D001,16.888962,96.132889,0.0,0.0,34.0,5.0660734,0.1499999761581421,0.0
2990,Insein,Yangon City,MMR013D001,16.888983,96.130257,0.0,0.0,32.0,3.4869568,0.19999998807907104,0.3026086091995239
2991,Insein,Yangon City,MMR013D001,16.889034,96.130795,0.0,0.0,29.0,9.907443,0.2749999761581421,0.0
2992,Insein,Yangon City,MMR013D001,16.889037,96.131592,0.0,0.0,28.0,5.507302,0.30000001192092896,0.0
2993,Insein,Yangon City,MMR013D001,16.889076,96.116295,0.0,0.0,22.0,5.1608467,0.44999998807907104,0.0
2994,Insein,Yangon City,MMR013D001,16.889076,96.130714,0.0,0.0,29.0,9.907443,0.2749999761581421,0.0
2995,Insein,Yangon City,MMR013D001,16.889227,96.122017,0.0,0.0,20.0,0.9548369,0.5,0.8090326189994812
2996,Insein,Yangon City,MMR013D001,16.88942,96.096039,0.0,0.0,11.0,1.3808141,0.7250000238418579,0.7238371968269348
2997,Insein,Yangon City,MMR013D001,16.88942,96.104965,0.0,0.0,14.0,2.2111168,0.6499999761581421,0.5577766299247742
2998,Insein,Yangon City,MMR013D001,16.889419555664,96.106338500977,0.0,0.0,18.0,1.3808141,0.550000011920929,0.7238371968269348
2999,Insein,Yangon City,MMR013D001,16.889419555664,96.110458374023,0.0,0.0,14.0,0.0,0.6499999761581421,1.0
3000,Insein,Yangon City,MMR013D001,16.88942,96.111145,0.0,0.0,13.0,1.3808141,0.675000011920929,0.7238371968269348
3001,Insein,Yangon City,MMR013D001,16.889419555664,96.111831665039,0.0,0.0,16.0,2.153755,0.6000000238418579,0.5692490339279175
3002,Insein,Yangon City,MMR013D001,16.889419555664,96.113204956055,0.0,0.0,17.0,0.9976483,0.574999988079071,0.8004703521728516
3003,Insein,Yangon City,MMR013D001,16.889419555664,96.115951538086,0.0,0.0,24.0,2.862392,0.3999999761581421,0.42752158641815186
3004,Insein,Yangon City,MMR013D001,16.889419777832,96.117324914551,0.0,0.0,23.0,5.0660734,0.42500001192092896,0.0
3005,Insein,Yangon City,MMR013D001,16.889419555664,96.118698120117,0.0,0.0,21.0,2.153755,0.4750000238418579,0.5692490339279175
3006,Insein,Yangon City,MMR013D001,16.889419555664,96.120071411133,0.0,0.0,26.0,6.0397077,0.3500000238418579,0.0
3007,Insein,Yangon City,MMR013D001,16.889419555664,96.121444702148,0.0,0.0,20.0,0.9976483,0.5,0.8004703521728516
3008,Insein,Yangon City,MMR013D001,16.88942,96.126938,0.0,0.0,22.0,2.153755,0.44999998807907104,0.5692490339279175
3009,Insein,Yangon City,MMR013D001,16.889419555664,96.129684448242,0.0,0.0,31.0,4.3014402,0.2250000238418579,0.13971197605133057
3010,Insein,Yangon City,MMR013D001,16.88942,96.131668,0.0,0.0,30.0,0.9548369,0.25,0.8090326189994812
3011,Insein,Yangon City,MMR013D001,16.889419555664,96.132431030273,0.0,0.0,32.0,4.3014402,0.19999998807907104,0.13971197605133057
3012,Insein,Yangon City,MMR013D001,16.889624,96.12603,0.0,0.0,19.0,2.760026,0.5249999761581421,0.44799482822418213
3013,Insein,Yangon City,MMR013D001,16.889877,96.117325,0.0,0.0,20.0,1.3808141,0.5,0.7238371968269348
3014,Insein,Yangon City,MMR013D001,16.889953,96.105072,0.0,0.0,15.0,2.862392,0.625,0.42752158641815186
3015,Insein,Yangon City,MMR013D001,16.88995,96.105438,0.0,0.0,15.0,4.8660283,0.625,0.02679431438446045
3016,Insein,Yangon City,MMR013D001,16.890033,96.103199,0.0,0.0,14.0,1.3808141,0.6499999761581421,0.7238371968269348
3017,Insein,Yangon City,MMR013D001,16.89003,96.124702,0.0,0.0,18.0,0.0,0.550000011920929,1.0
3018,Insein,Yangon City,MMR013D001,16.890106,96.111145,0.0,0.0,18.0,5.1608467,0.550000011920929,0.0
3019,Insein,Yangon City,MMR013D001,16.890106,96.111832,0.0,0.0,15.0,3.0307229,0.625,0.3938554525375366
3020,Insein,Yangon City,MMR013D001,16.890106,96.114578,0.0,0.0,21.0,4.096654,0.4750000238418579,0.18066918849945068
3021,Insein,Yangon City,MMR013D001,16.890144,96.120514,0.0,0.0,22.0,6.2587476,0.44999998807907104,0.0
3022,Insein,Yangon City,MMR013D001,16.890335,96.117096,0.0,0.0,24.0,4.8660283,0.3999999761581421,0.02679431438446045
3023,Insein,Yangon City,MMR013D001,16.890359,96.117036,0.0,0.0,24.0,4.8660283,0.3999999761581421,0.02679431438446045
3024,Insein,Yangon City,MMR013D001,16.890554,96.105163,0.0,0.0,19.0,2.153755,0.5249999761581421,0.5692490339279175
3025,Insein,Yangon City,MMR013D001,16.89079284668,96.104965209961,0.0,0.0,19.0,3.0307229,0.5249999761581421,0.3938554525375366
3026,Insein,Yangon City,MMR013D001,16.89079284668,96.110458374023,0.0,0.0,20.0,0.9976483,0.5,0.8004703521728516
3027,Insein,Yangon City,MMR013D001,16.890793,96.112175,0.0,0.0,17.0,1.3808141,0.574999988079071,0.7238371968269348
3028,Insein,Yangon City,MMR013D001,16.89079284668,96.113204956055,0.0,0.0,18.0,3.138737,0.550000011920929,0.37225258350372314
3029,Insein,Yangon City,MMR013D001,16.89079284668,96.11457824707,0.0,0.0,19.0,0.9548369,0.5249999761581421,0.8090326189994812
3030,Insein,Yangon City,MMR013D001,16.89079284668,96.117324829102,0.0,0.0,26.0,0.9976483,0.3500000238418579,0.8004703521728516
3031,Insein,Yangon City,MMR013D001,16.89079284668,96.118698120117,0.0,0.0,22.0,0.9976483,0.44999998807907104,0.8004703521728516
3032,Insein,Yangon City,MMR013D001,16.89079284668,96.120071411133,0.0,0.0,26.0,3.4869568,0.3500000238418579,0.3026086091995239
3033,Insein,Yangon City,MMR013D001,16.890793,96.120758,0.0,0.0,18.0,2.9905288,0.550000011920929,0.401894211769104
3034,Insein,Yangon City,MMR013D001,16.89079284668,96.121444702148,0.0,0.0,18.0,2.2111168,0.550000011920929,0.5577766299247742
3035,Insein,Yangon City,MMR013D001,16.890793,96.123276,0.0,0.0,17.0,0.9976483,0.574999988079071,0.8004703521728516
3036,Insein,Yangon City,MMR013D001,16.89079284668,96.12419128418,0.0,0.0,17.0,0.9976483,0.574999988079071,0.8004703521728516
3037,Insein,Yangon City,MMR013D001,16.89079284668,96.125564575195,0.0,0.0,19.0,2.2111168,0.5249999761581421,0.5577766299247742
3038,Insein,Yangon City,MMR013D001,16.89079284668,96.129684448242,0.0,0.0,22.0,1.3808141,0.44999998807907104,0.7238371968269348
3039,Insein,Yangon City,MMR013D001,16.891062,96.121132,0.0,0.0,17.0,0.9548369,0.574999988079071,0.8090326189994812
3040,Insein,Yangon City,MMR013D001,16.891136,96.095352,0.3333333333333333,1.0,12.0,2.760026,0.699999988079071,0.44799482822418213
3041,Insein,Yangon City,MMR013D001,16.89148,96.118011,0.0,0.0,24.0,2.153755,0.3999999761581421,0.5692490339279175
3042,Insein,Yangon City,MMR013D001,16.891552,96.105682,0.0,0.0,14.0,2.760026,0.6499999761581421,0.44799482822418213
3043,Insein,Yangon City,MMR013D001,16.891708,96.118698,0.0,0.0,23.0,2.9905288,0.42500001192092896,0.401894211769104
3044,Insein,Yangon City,MMR013D001,16.892166137695,96.115951538086,0.0,0.0,27.0,3.4869568,0.32499998807907104,0.3026086091995239
3045,Insein,Yangon City,MMR013D001,16.892166,96.116409,0.0,0.0,28.0,4.8412433,0.30000001192092896,0.03175133466720581
3046,Insein,Yangon City,MMR013D001,16.892166137695,96.117324829102,0.0,0.0,24.0,2.153755,0.3999999761581421,0.5692490339279175
3047,Insein,Yangon City,MMR013D001,16.892166,96.117783,0.0,0.0,26.0,2.153755,0.3500000238418579,0.5692490339279175
3048,Insein,Yangon City,MMR013D001,16.892166137695,96.118698120117,0.0,0.0,22.0,4.9761953,0.44999998807907104,0.004760921001434326
3049,Insein,Yangon City,MMR013D001,16.892166137695,96.120071411133,0.0,0.0,22.0,6.949956,0.44999998807907104,0.0
3050,Insein,Yangon City,MMR013D001,16.892166137695,96.122817993164,0.0,0.0,20.0,1.3808141,0.5,0.7238371968269348
3051,Insein,Yangon City,MMR013D001,16.8921660688475,96.12419114209,0.0,0.0,17.0,1.3808141,0.574999988079071,0.7238371968269348
3052,Insein,Yangon City,MMR013D001,16.892166137695,96.126937866211,0.0,0.0,24.0,3.0307229,0.3999999761581421,0.3938554525375366
3053,Insein,Yangon City,MMR013D001,16.892166137695,96.129684448242,0.0,0.0,20.0,3.138737,0.5,0.37225258350372314
3054,Insein,Yangon City,MMR013D001,16.892166137695,96.131057739258,0.0,0.0,25.0,2.760026,0.375,0.44799482822418213
3055,Insein,Yangon City,MMR013D001,16.892471,96.117935,0.0,0.0,26.0,2.153755,0.3500000238418579,0.5692490339279175
3056,Insein,Yangon City,MMR013D001,16.892681,96.11784,0.0,0.0,26.0,2.153755,0.3500000238418579,0.5692490339279175
3057,Insein,Yangon City,MMR013D001,16.892715,96.116501,0.0,0.0,31.0,4.096654,0.2250000238418579,0.18066918849945068
3058,Insein,Yangon City,MMR013D001,16.892853,96.100845,0.0,0.0,11.0,2.760026,0.7250000238418579,0.44799482822418213
3059,Insein,Yangon City,MMR013D001,16.892853,96.131058,0.0,0.0,28.0,3.9416327,0.30000001192092896,0.21167343854904175
3060,Insein,Yangon City,MMR013D001,16.892929,96.131058,0.0,0.0,28.0,3.9416327,0.30000001192092896,0.21167343854904175
3061,Insein,Yangon City,MMR013D001,16.893147,96.130665,0.0,0.0,29.0,3.5461073,0.2749999761581421,0.2907785177230835
3062,Insein,Yangon City,MMR013D001,16.893147,96.131548,0.0,0.0,29.0,5.7105665,0.2749999761581421,0.0
3063,Insein,Yangon City,MMR013D001,16.893265,96.131058,0.0,0.0,30.0,2.862392,0.25,0.42752158641815186
3064,Insein,Yangon City,MMR013D001,16.893539428711,96.10221862793,0.0,0.0,11.0,1.3808141,0.7250000238418579,0.7238371968269348
3065,Insein,Yangon City,MMR013D001,16.893539428711,96.104965209961,0.0,0.0,18.0,2.153755,0.550000011920929,0.5692490339279175
3066,Insein,Yangon City,MMR013D001,16.893539428711,96.115951538086,0.0,0.0,26.0,5.3264294,0.3500000238418579,0.0
3067,Insein,Yangon City,MMR013D001,16.893539428711,96.117324829102,0.0,0.0,29.0,1.9946922,0.2749999761581421,0.6010615825653076
3068,Insein,Yangon City,MMR013D001,16.893539428711,96.120071411133,0.0,0.0,22.0,3.5461073,0.44999998807907104,0.2907785177230835
3069,Insein,Yangon City,MMR013D001,16.893539428711,96.121444702148,0.0,0.0,19.0,2.153755,0.5249999761581421,0.5692490339279175
3070,Insein,Yangon City,MMR013D001,16.8935392143555,96.122817996582,0.0,0.0,19.0,3.0307229,0.5249999761581421,0.3938554525375366
3071,Insein,Yangon City,MMR013D001,16.893539,96.131058,0.0,0.0,32.0,3.0307229,0.19999998807907104,0.3938554525375366
3072,Insein,Yangon City,MMR013D001,16.893863,96.10376,0.0,0.0,17.0,2.2111168,0.574999988079071,0.5577766299247742
3073,Insein,Yangon City,MMR013D001,16.89386,96.103775,0.0,0.0,17.0,2.2111168,0.574999988079071,0.5577766299247742
3074,Insein,Yangon City,MMR013D001,16.893883,96.131058,0.0,0.0,34.0,3.4869568,0.1499999761581421,0.3026086091995239
3075,Insein,Yangon City,MMR013D001,16.893902,96.103767,0.0,0.0,17.0,2.2111168,0.574999988079071,0.5577766299247742
3076,Insein,Yangon City,MMR013D001,16.893898,96.103775,0.0,0.0,17.0,2.2111168,0.574999988079071,0.5577766299247742
3077,Insein,Yangon City,MMR013D001,16.893948,96.103798,0.0,0.0,17.0,2.2111168,0.574999988079071,0.5577766299247742
3078,Insein,Yangon City,MMR013D001,16.894307,96.096079,0.0,0.0,10.0,0.0,0.75,1.0
3079,Insein,Yangon City,MMR013D001,16.894775,96.095078,0.0,0.0,13.0,3.138737,0.675000011920929,0.37225258350372314
3080,Insein,Yangon City,MMR013D001,16.894912719727,96.100845336914,0.0,0.0,12.0,1.3808141,0.699999988079071,0.7238371968269348
3081,Insein,Yangon City,MMR013D001,16.894912719727,96.10221862793,0.0,0.0,16.0,2.9905288,0.6000000238418579,0.401894211769104
3082,Insein,Yangon City,MMR013D001,16.894912719727,96.11457824707,0.0,0.0,21.0,2.862392,0.4750000238418579,0.42752158641815186
3083,Insein,Yangon City,MMR013D001,16.894912719727,96.121444702148,0.0,0.0,21.0,2.2111168,0.4750000238418579,0.5577766299247742
3084,Insein,Yangon City,MMR013D001,16.895187,96.12117,0.0,0.0,23.0,0.9976483,0.42500001192092896,0.8004703521728516
3085,Insein,Yangon City,MMR013D001,16.895599,96.100845,0.0,0.0,15.0,4.3014402,0.625,0.13971197605133057
3086,Insein,Yangon City,MMR013D001,16.896286010742,96.100845336914,0.0,0.0,20.0,2.760026,0.5,0.44799482822418213
3087,Insein,Yangon City,MMR013D001,16.896286010742,96.10221862793,0.0,0.0,19.0,1.3808141,0.5249999761581421,0.7238371968269348
3088,Insein,Yangon City,MMR013D001,16.896286010742,96.11457824707,0.0,0.0,18.0,1.9091437,0.550000011920929,0.6181712746620178
3089,Insein,Yangon City,MMR013D001,16.896286010742,96.121444702148,0.0,0.0,18.0,1.3808141,0.550000011920929,0.7238371968269348
3090,Insein,Yangon City,MMR013D001,16.896286,96.121902,0.0,0.0,19.0,1.3808141,0.5249999761581421,0.7238371968269348
3091,Insein,Yangon City,MMR013D001,16.897659,96.096039,0.0,0.0,11.0,3.9416327,0.7250000238418579,0.21167343854904175
3092,Insein,Yangon City,MMR013D001,16.897659301758,96.111831665039,0.0,0.0,17.0,2.760026,0.574999988079071,0.44799482822418213
3093,Insein,Yangon City,MMR013D001,16.897659301758,96.122817993164,0.0,0.0,25.0,2.153755,0.375,0.5692490339279175
3094,Insein,Yangon City,MMR013D001,16.898346,96.098785,0.0,0.0,12.0,1.3808141,0.699999988079071,0.7238371968269348
3095,Insein,Yangon City,MMR013D001,16.899032592773,96.095352172852,0.0,0.0,9.0,0.9976483,0.7749999761581421,0.8004703521728516
3096,Insein,Yangon City,MMR013D001,16.899032592773,96.098098754883,0.0,0.0,12.0,1.9946922,0.699999988079071,0.6010615825653076
3097,Insein,Yangon City,MMR013D001,16.899032592773,96.099472045898,0.0,0.0,13.0,3.0307229,0.675000011920929,0.3938554525375366
3098,Insein,Yangon City,MMR013D001,16.899032592773,96.10221862793,0.0,0.0,17.0,0.9976483,0.574999988079071,0.8004703521728516
3099,Insein,Yangon City,MMR013D001,16.899032592773,96.111831665039,0.0,0.0,15.0,1.9091437,0.625,0.6181712746620178
3100,Insein,Yangon City,MMR013D001,16.899972,96.097376,0.0,0.0,12.0,4.415667,0.699999988079071,0.1168665885925293
3101,Insein,Yangon City,MMR013D001,16.900405883789,96.095352172852,0.0,0.0,6.0,2.2111168,0.8500000238418579,0.5577766299247742
3102,Insein,Yangon City,MMR013D001,16.900405883789,96.096725463867,0.0,0.0,6.0,0.9976483,0.8500000238418579,0.8004703521728516
3103,Insein,Yangon City,MMR013D001,16.900405883789,96.107711791992,0.0,0.0,26.0,1.3808141,0.3500000238418579,0.7238371968269348
3104,Insein,Yangon City,MMR013D001,16.900405883789,96.109085083008,0.0,0.0,17.0,3.0307229,0.574999988079071,0.3938554525375366
3105,Insein,Yangon City,MMR013D001,16.900602,96.096137,0.0,0.0,7.0,1.3808141,0.824999988079071,0.7238371968269348
3106,Insein,Yangon City,MMR013D001,16.901505,96.095627,0.0,0.0,10.0,0.9976483,0.75,0.8004703521728516
3107,Insein,Yangon City,MMR013D001,16.901779174805,96.095352172852,0.0,0.0,9.0,0.0,0.7749999761581421,1.0
3108,Insein,Yangon City,MMR013D001,16.901779174805,96.096725463867,0.0,0.0,13.0,3.138737,0.675000011920929,0.37225258350372314
3109,Insein,Yangon City,MMR013D001,16.901779174805,96.099472045898,0.0,0.0,13.0,0.9976483,0.675000011920929,0.8004703521728516
3110,Insein,Yangon City,MMR013D001,16.902202,96.122501,0.0,0.0,16.0,3.138737,0.6000000238418579,0.37225258350372314
3111,Insein,Yangon City,MMR013D001,16.902466,96.096725,0.0,0.0,13.0,3.5461073,0.675000011920929,0.2907785177230835
3112,Insein,Yangon City,MMR013D001,16.903152,96.096725,0.0,0.0,14.0,3.5461073,0.6499999761581421,0.2907785177230835
3113,Insein,Yangon City,MMR013D001,16.90315246582,96.096725463867,0.0,0.0,14.0,3.5461073,0.6499999761581421,0.2907785177230835
3114,Insein,Yangon City,MMR013D001,16.90315246582,96.120071411133,0.0,0.0,21.0,3.138737,0.4750000238418579,0.37225258350372314
3115,Insein,Yangon City,MMR013D001,16.904182,96.119041,0.0,0.0,24.0,3.9416327,0.3999999761581421,0.21167343854904175
3116,Insein,Yangon City,MMR013D001,16.904525756836,96.098098754883,0.0,0.0,13.0,3.138737,0.675000011920929,0.37225258350372314
3117,Insein,Yangon City,MMR013D001,16.904887,96.100123,0.0,0.0,12.0,1.3808141,0.699999988079071,0.7238371968269348
3118,Insein,Yangon City,MMR013D001,16.905259,96.098839,0.0,0.0,14.0,2.153755,0.6499999761581421,0.5692490339279175
3119,Insein,Yangon City,MMR013D001,16.905379,96.098957,0.0,0.0,14.0,2.153755,0.6499999761581421,0.5692490339279175
3120,Insein,Yangon City,MMR013D001,16.905642,96.098473,0.0,0.0,14.0,0.9976483,0.6499999761581421,0.8004703521728516
3121,Insein,Yangon City,MMR013D001,16.905899047852,96.093978881836,0.0,0.0,9.0,3.9845605,0.7749999761581421,0.2030879259109497
3122,Insein,Yangon City,MMR013D001,16.905899047852,96.098098754883,0.0,0.0,14.0,1.3808141,0.6499999761581421,0.7238371968269348
3123,Insein,Yangon City,MMR013D001,16.906414,96.106338,0.0,0.0,14.0,0.9548369,0.6499999761581421,0.8090326189994812
3124,Insein,Yangon City,MMR013D001,16.906473,96.102844,0.0,0.0,17.0,2.2111168,0.574999988079071,0.5577766299247742
3125,Insein,Yangon City,MMR013D001,16.907272,96.110458,0.0,0.0,17.0,2.760026,0.574999988079071,0.44799482822418213
3126,Insein,Yangon City,MMR013D001,16.907272338867,96.111831665039,0.0,0.0,17.0,5.507302,0.574999988079071,0.0
3127,Insein,Yangon City,MMR013D001,16.907578,96.115952,0.0,0.0,18.0,1.3808141,0.550000011920929,0.7238371968269348
3128,Insein,Yangon City,MMR013D001,16.907959,96.111832,0.0,0.0,24.0,7.065254,0.3999999761581421,0.0
3129,Insein,Yangon City,MMR013D001,16.908155,96.114578,0.0,0.0,22.0,0.9976483,0.44999998807907104,0.8004703521728516
3130,Insein,Yangon City,MMR013D001,16.908493,96.109848,0.0,0.0,17.0,1.9946922,0.574999988079071,0.6010615825653076
3131,Insein,Yangon City,MMR013D001,16.908645629883,96.093978881836,0.0,0.0,12.0,2.760026,0.699999988079071,0.44799482822418213
3132,Insein,Yangon City,MMR013D001,16.908645629883,96.098098754883,0.0,0.0,15.0,4.096654,0.625,0.18066918849945068
3133,Insein,Yangon City,MMR013D001,16.908645629883,96.113204956055,0.0,0.0,30.0,12.370391,0.25,0.0
3134,Insein,Yangon City,MMR013D001,16.910018920898,96.09260559082,0.0,0.0,8.0,0.9548369,0.800000011920929,0.8090326189994812
3135,Insein,Yangon City,MMR013D001,16.910018920898,96.098098754883,0.0,0.0,15.0,1.3808141,0.625,0.7238371968269348
3136,Insein,Yangon City,MMR013D001,16.911153,96.095264,0.0,0.0,9.0,2.2111168,0.7749999761581421,0.5577766299247742
3137,Insein,Yangon City,MMR013D001,16.911392211914,96.096725463867,0.0,0.0,14.0,1.3808141,0.6499999761581421,0.7238371968269348
3138,Insein,Yangon City,MMR013D001,16.911392211914,96.113204956055,0.0,0.0,24.0,1.9091437,0.3999999761581421,0.6181712746620178
3139,Insein,Yangon City,MMR013D001,16.911392211914,96.11457824707,0.0,0.0,15.0,2.2111168,0.625,0.5577766299247742
3140,Insein,Yangon City,MMR013D001,16.911967,96.091702,0.0,0.0,7.0,2.153755,0.824999988079071,0.5692490339279175
3141,Insein,Yangon City,MMR013D001,16.912106,96.094719,0.0,0.0,12.0,3.9416327,0.699999988079071,0.21167343854904175
3142,Insein,Yangon City,MMR013D001,16.91276550293,96.096725463867,0.0,0.0,14.0,1.9091437,0.6499999761581421,0.6181712746620178
3143,Insein,Yangon City,MMR013D001,16.912766,96.097183,0.0,0.0,15.0,2.2111168,0.625,0.5577766299247742
3144,Insein,Yangon City,MMR013D001,16.91276550293,96.111831665039,0.0,0.0,27.0,1.3808141,0.32499998807907104,0.7238371968269348
3145,Insein,Yangon City,MMR013D001,16.91276550293,96.113204956055,0.0,0.0,25.0,1.3808141,0.375,0.7238371968269348
3146,Insein,Yangon City,MMR013D001,16.91276550293,96.11457824707,0.0,0.0,24.0,3.4869568,0.3999999761581421,0.3026086091995239
3147,Insein,Yangon City,MMR013D001,16.913452,96.113205,0.0,0.0,26.0,4.096654,0.3500000238418579,0.18066918849945068
3148,Insein,Yangon City,MMR013D001,16.913455,96.095701,0.0,0.0,14.0,0.9548369,0.6499999761581421,0.8090326189994812
3149,Insein,Yangon City,MMR013D001,16.913933,96.095755,0.0,0.0,15.0,0.9976483,0.625,0.8004703521728516
3150,Insein,Yangon City,MMR013D001,16.914138793945,96.096725463867,0.0,0.0,15.0,0.9976483,0.625,0.8004703521728516
3151,Insein,Yangon City,MMR013D001,16.91434,96.09549,0.0,0.0,12.0,0.9548369,0.699999988079071,0.8090326189994812
3152,Insein,Yangon City,MMR013D001,16.9145,96.095364,0.0,0.0,12.0,0.9548369,0.699999988079071,0.8090326189994812
3153,Insein,Yangon City,MMR013D001,16.914969,96.093569,0.0,0.0,13.0,0.9976483,0.675000011920929,0.8004703521728516
3154,Insein,Yangon City,MMR013D001,16.915512084961,96.096725463867,0.0,0.0,16.0,0.9548369,0.6000000238418579,0.8090326189994812
3155,Insein,Yangon City,MMR013D001,16.915512084961,96.098098754883,0.0,0.0,18.0,1.9946922,0.550000011920929,0.6010615825653076
3156,Insein,Yangon City,MMR013D001,16.915825,96.095253,0.0,0.0,13.0,2.153755,0.675000011920929,0.5692490339279175
3157,Insein,Yangon City,MMR013D001,16.915906,96.09282,0.0,0.0,9.0,2.9905288,0.7749999761581421,0.401894211769104
3158,Insein,Yangon City,MMR013D001,16.916027,96.091125,0.0,0.0,8.0,2.760026,0.800000011920929,0.44799482822418213
3159,Insein,Yangon City,MMR013D001,16.916885375977,96.088485717773,0.0,0.0,7.0,1.3808141,0.824999988079071,0.7238371968269348
3160,Insein,Yangon City,MMR013D001,16.916885375977,96.09260559082,0.0,0.0,5.0,3.4869568,0.875,0.3026086091995239
3161,Insein,Yangon City,MMR013D001,16.916885375977,96.096725463867,0.0,0.0,16.0,2.2111168,0.6000000238418579,0.5577766299247742
3162,Insein,Yangon City,MMR013D001,16.916885375977,96.098098754883,0.0,0.0,16.0,4.096654,0.6000000238418579,0.18066918849945068
3163,Insein,Yangon City,MMR013D001,16.918258666992,96.09260559082,0.0,0.0,5.0,0.0,0.875,1.0
3164,Insein,Yangon City,MMR013D001,16.919338,96.092802,0.0,0.0,9.0,2.2111168,0.7749999761581421,0.5577766299247742
3165,Insein,Yangon City,MMR013D001,16.921005249023,96.09260559082,0.0,0.0,4.0,0.9548369,0.8999999761581421,0.8090326189994812
3166,Insein,Yangon City,MMR013D001,16.921005249023,96.098098754883,0.0,0.0,15.0,2.2111168,0.625,0.5577766299247742
3167,Insein,Yangon City,MMR013D001,16.921134,96.088185,0.0,0.0,6.0,3.9845605,0.8500000238418579,0.2030879259109497
3168,Insein,Yangon City,MMR013D001,16.922378540039,96.084365844727,0.0,0.0,5.0,2.760026,0.875,0.44799482822418213
3169,Insein,Yangon City,MMR013D001,16.922378540039,96.093978881836,0.0,0.0,9.0,0.9976483,0.7749999761581421,0.8004703521728516
3170,Insein,Yangon City,MMR013D001,16.92607,96.088863,0.0,0.0,4.0,7.013975,0.8999999761581421,0.0
3171,Insein,Yangon City,MMR013D001,16.926498413086,96.074752807617,0.0,0.0,2.0,0.0,0.949999988079071,1.0
3172,Insein,Yangon City,MMR013D001,16.926498413086,96.076126098633,0.0,0.0,13.0,12.564441,0.675000011920929,0.0
3173,Insein,Yangon City,MMR013D001,16.926498413086,96.093978881836,0.0,0.0,12.0,3.0307229,0.699999988079071,0.3938554525375366
3174,Insein,Yangon City,MMR013D001,16.926498413086,96.099472045898,0.0,0.0,14.0,1.9091437,0.6499999761581421,0.6181712746620178
3175,Insein,Yangon City,MMR013D001,16.927872,96.089172,0.0,0.0,10.0,0.9548369,0.75,0.8090326189994812
3176,Insein,Yangon City,MMR013D001,16.927871704102,96.093978881836,0.0,0.0,13.0,2.760026,0.675000011920929,0.44799482822418213
3177,Insein,Yangon City,MMR013D001,16.927871704102,96.100845336914,0.0,0.0,14.0,2.153755,0.6499999761581421,0.5692490339279175
3178,Insein,Yangon City,MMR013D001,16.928559,96.089172,0.0,0.0,7.0,1.3808141,0.824999988079071,0.7238371968269348
3179,Insein,Yangon City,MMR013D001,16.929129,96.08686,0.0,0.0,12.0,4.8412433,0.699999988079071,0.03175133466720581
3180,Insein,Yangon City,MMR013D001,16.929226,96.086929,0.0,0.0,12.0,4.8412433,0.699999988079071,0.03175133466720581
3181,Insein,Yangon City,MMR013D001,16.929244995117,96.099472045898,0.0,0.0,9.0,0.9548369,0.7749999761581421,0.8090326189994812
3182,Insein,Yangon City,MMR013D001,16.930618286133,96.081619262695,0.0,0.0,7.0,4.096654,0.824999988079071,0.18066918849945068
3183,Insein,Yangon City,MMR013D001,16.930618286133,96.082992553711,0.0,0.0,9.0,4.7636194,0.7749999761581421,0.04727613925933838
3184,Insein,Yangon City,MMR013D001,16.930618286133,96.10221862793,0.0,0.0,15.0,0.9548369,0.625,0.8090326189994812
3185,Insein,Yangon City,MMR013D001,16.930638,96.076821,0.0,0.0,5.0,2.153755,0.875,0.5692490339279175
3186,Insein,Yangon City,MMR013D001,16.931286,96.105133,0.0,0.0,26.0,3.4869568,0.3500000238418579,0.3026086091995239
3187,Insein,Yangon City,MMR013D001,16.931318,96.099861,0.0,0.0,9.0,2.2111168,0.7749999761581421,0.5577766299247742
3188,Insein,Yangon City,MMR013D001,16.931991577148,96.084365844727,0.0,0.0,10.0,0.0,0.75,1.0
3189,Insein,Yangon City,MMR013D001,16.931991577148,96.085739135742,0.0,0.0,6.0,1.9946922,0.8500000238418579,0.6010615825653076
3190,Insein,Yangon City,MMR013D001,16.931991577148,96.10221862793,0.0,0.0,15.0,1.3808141,0.625,0.7238371968269348
3191,Insein,Yangon City,MMR013D001,16.931991577148,96.107711791992,0.0,0.0,13.0,2.153755,0.675000011920929,0.5692490339279175
3192,Insein,Yangon City,MMR013D001,16.93306,96.078415,0.0,0.0,5.0,3.9416327,0.875,0.21167343854904175
3193,Insein,Yangon City,MMR013D001,16.933364868164,96.087112426758,0.0,0.0,13.0,3.9845605,0.675000011920929,0.2030879259109497
3194,Insein,Yangon City,MMR013D001,16.933364868164,96.091232299805,0.0,0.0,5.0,0.0,0.875,1.0
3195,Insein,Yangon City,MMR013D001,16.933364868164,96.096725463867,0.0,0.0,8.0,1.3808141,0.800000011920929,0.7238371968269348
3196,Insein,Yangon City,MMR013D001,16.933364868164,96.10221862793,0.0,0.0,11.0,3.138737,0.7250000238418579,0.37225258350372314
3197,Insein,Yangon City,MMR013D001,16.933708,96.090546,0.0,0.0,6.0,2.9905288,0.8500000238418579,0.401894211769104
3198,Insein,Yangon City,MMR013D001,16.934029,96.101662,0.0,0.0,12.0,2.862392,0.699999988079071,0.42752158641815186
3199,Insein,Yangon City,MMR013D001,16.934395,96.094322,0.0,0.0,8.0,1.9091437,0.800000011920929,0.6181712746620178
3200,Insein,Yangon City,MMR013D001,16.93473815918,96.10221862793,0.0,0.0,12.0,0.9976483,0.699999988079071,0.8004703521728516
3201,Insein,Yangon City,MMR013D001,16.935389,96.106122,0.0,0.0,13.0,6.0397077,0.675000011920929,0.0
3202,Insein,Yangon City,MMR013D001,16.936346,96.102501,0.0,0.0,7.0,1.9946922,0.824999988079071,0.6010615825653076
3203,Insein,Yangon City,MMR013D001,16.937484741211,96.087112426758,0.0,0.0,4.0,0.9976483,0.8999999761581421,0.8004703521728516
3204,Insein,Yangon City,MMR013D001,16.938858032227,96.088485717773,0.0,0.0,3.0,0.9548369,0.925000011920929,0.8090326189994812
3205,Insein,Yangon City,MMR013D001,16.938858032227,96.10221862793,0.0,0.0,13.0,1.3808141,0.675000011920929,0.7238371968269348
3206,Kamaryut,Yangon City,MMR013D004,16.804962,96.142731,0.0,0.0,19.0,2.862392,0.5249999761581421,0.42752158641815186
3207,Kamaryut,Yangon City,MMR013D004,16.805099,96.142776,0.0,0.0,20.0,2.9905288,0.5,0.401894211769104
3208,Kamaryut,Yangon City,MMR013D004,16.805256,96.142829,0.0,0.0,21.0,4.7636194,0.4750000238418579,0.04727613925933838
3209,Kamaryut,Yangon City,MMR013D004,16.805649,96.142044,0.0,0.0,26.0,3.4869568,0.3500000238418579,0.3026086091995239
3210,Kamaryut,Yangon City,MMR013D004,16.805649,96.142387,0.0,0.0,25.0,2.2111168,0.375,0.5577766299247742
3211,Kamaryut,Yangon City,MMR013D004,16.805648803711,96.143417358398,0.0,0.0,25.0,4.8412433,0.375,0.03175133466720581
3212,Kamaryut,Yangon City,MMR013D004,16.805834,96.142319,0.0,0.0,24.0,1.3808141,0.3999999761581421,0.7238371968269348
3213,Kamaryut,Yangon City,MMR013D004,16.806107,96.14502,0.0,0.0,25.0,4.9007516,0.375,0.019849658012390137
3214,Kamaryut,Yangon City,MMR013D004,16.806335,96.143417,0.0,0.0,27.0,7.065254,0.32499998807907104,0.0
3215,Kamaryut,Yangon City,MMR013D004,16.806564,96.143265,0.0,0.0,29.0,4.3014402,0.2749999761581421,0.13971197605133057
3216,Kamaryut,Yangon City,MMR013D004,16.807022094727,96.140670776367,0.0,0.0,25.0,0.9548369,0.375,0.8090326189994812
3217,Kamaryut,Yangon City,MMR013D004,16.807022094727,96.142044067383,0.0,0.0,24.0,2.862392,0.3999999761581421,0.42752158641815186
3218,Kamaryut,Yangon City,MMR013D004,16.807022094727,96.144790649414,0.0,0.0,24.0,3.0307229,0.3999999761581421,0.3938554525375366
3219,Kamaryut,Yangon City,MMR013D004,16.807709,96.141357,0.0,0.0,27.0,4.7636194,0.32499998807907104,0.04727613925933838
3220,Kamaryut,Yangon City,MMR013D004,16.808395,96.142273,0.0,0.0,27.0,2.9905288,0.32499998807907104,0.401894211769104
3221,Kamaryut,Yangon City,MMR013D004,16.808395,96.142731,0.0,0.0,25.0,1.9946922,0.375,0.6010615825653076
3222,Kamaryut,Yangon City,MMR013D004,16.808395385742,96.143417358398,0.0,0.0,26.0,4.8660283,0.3500000238418579,0.02679431438446045
3223,Kamaryut,Yangon City,MMR013D004,16.808853,96.142502,0.0,0.0,25.0,1.3808141,0.375,0.7238371968269348
3224,Kamaryut,Yangon City,MMR013D004,16.809311,96.140671,0.0,0.0,32.0,3.138737,0.19999998807907104,0.37225258350372314
3225,Kamaryut,Yangon City,MMR013D004,16.809769,96.139641,0.0,0.0,35.0,0.0,0.125,1.0
3226,Kamaryut,Yangon City,MMR013D004,16.811142,96.137238,0.0,0.0,35.0,0.9548369,0.125,0.8090326189994812
3227,Kamaryut,Yangon City,MMR013D004,16.811141967773,96.142044067383,0.0,0.0,25.0,6.2581224,0.375,0.0
3228,Kamaryut,Yangon City,MMR013D004,16.812515258789,96.142044067383,0.0,0.0,31.0,5.0660734,0.2250000238418579,0.0
3229,Kamaryut,Yangon City,MMR013D004,16.812515258789,96.143417358398,0.0,0.0,30.0,7.2845483,0.25,0.0
3230,Kamaryut,Yangon City,MMR013D004,16.813065,96.135452,0.0,0.0,33.0,3.9845605,0.17500001192092896,0.2030879259109497
3231,Kamaryut,Yangon City,MMR013D004,16.813065,96.13765,0.0,0.0,34.0,2.760026,0.1499999761581421,0.44799482822418213
3232,Kamaryut,Yangon City,MMR013D004,16.813432,96.134117,0.0,0.0,33.0,1.3808141,0.17500001192092896,0.7238371968269348
3233,Kamaryut,Yangon City,MMR013D004,16.813448,96.134112,0.0,0.0,33.0,1.3808141,0.17500001192092896,0.7238371968269348
3234,Kamaryut,Yangon City,MMR013D004,16.813836,96.135019,0.0,0.0,35.0,2.153755,0.125,0.5692490339279175
3235,Kamaryut,Yangon City,MMR013D004,16.813878,96.134495,0.0,0.0,35.0,1.3808141,0.125,0.7238371968269348
3236,Kamaryut,Yangon City,MMR013D004,16.813889,96.132156,0.0,0.0,29.0,1.3808141,0.2749999761581421,0.7238371968269348
3237,Kamaryut,Yangon City,MMR013D004,16.813888549805,96.132431030273,0.0,0.0,29.0,4.096654,0.2749999761581421,0.18066918849945068
3238,Kamaryut,Yangon City,MMR013D004,16.813888549805,96.133804321289,0.0,0.0,33.0,0.9976483,0.17500001192092896,0.8004703521728516
3239,Kamaryut,Yangon City,MMR013D004,16.813889,96.134148,0.0,0.0,35.0,1.9946922,0.125,0.6010615825653076
3240,Kamaryut,Yangon City,MMR013D004,16.813889,96.135635,0.0,0.0,35.0,1.3808141,0.125,0.7238371968269348
3241,Kamaryut,Yangon City,MMR013D004,16.813889,96.137238,0.0,0.0,34.0,3.4869568,0.1499999761581421,0.3026086091995239
3242,Kamaryut,Yangon City,MMR013D004,16.813888549805,96.139297485352,0.0,0.0,39.0,0.9548369,0.02499997615814209,0.8090326189994812
3243,Kamaryut,Yangon City,MMR013D004,16.813888549805,96.140670776367,0.0,0.0,40.0,1.9091437,0.0,0.6181712746620178
3244,Kamaryut,Yangon City,MMR013D004,16.813898,96.13432,0.0,0.0,35.0,1.9946922,0.125,0.6010615825653076
3245,Kamaryut,Yangon City,MMR013D004,16.814013,96.133929,0.0,0.0,33.0,1.9946922,0.17500001192092896,0.6010615825653076
3246,Kamaryut,Yangon City,MMR013D004,16.814131,96.13235,0.0,0.0,28.0,2.2111168,0.30000001192092896,0.5577766299247742
3247,Kamaryut,Yangon City,MMR013D004,16.814184,96.13166,0.0,0.0,28.0,3.0307229,0.30000001192092896,0.3938554525375366
3248,Kamaryut,Yangon City,MMR013D004,16.814346,96.131058,0.0,0.0,28.0,2.9905288,0.30000001192092896,0.401894211769104
3249,Kamaryut,Yangon City,MMR013D004,16.814575,96.133804,0.0,0.0,32.0,3.138737,0.19999998807907104,0.37225258350372314
3250,Kamaryut,Yangon City,MMR013D004,16.814804,96.133575,0.0,0.0,31.0,3.5461073,0.2250000238418579,0.2907785177230835
3251,Kamaryut,Yangon City,MMR013D004,16.814804,96.134262,0.0,0.0,35.0,4.096654,0.125,0.18066918849945068
3252,Kamaryut,Yangon City,MMR013D004,16.81509,96.131916,0.0,0.0,27.0,3.8140574,0.32499998807907104,0.23718851804733276
3253,Kamaryut,Yangon City,MMR013D004,16.81526184082,96.129684448242,0.0,0.0,25.0,2.760026,0.375,0.44799482822418213
3254,Kamaryut,Yangon City,MMR013D004,16.815262,96.131058,0.0,0.0,31.0,1.9946922,0.2250000238418579,0.6010615825653076
3255,Kamaryut,Yangon City,MMR013D004,16.815262,96.131515,0.0,0.0,28.0,6.2587476,0.30000001192092896,0.0
3256,Kamaryut,Yangon City,MMR013D004,16.815262,96.131744,0.0,0.0,25.0,2.9905288,0.375,0.401894211769104
3257,Kamaryut,Yangon City,MMR013D004,16.81526184082,96.133804321289,0.0,0.0,31.0,3.0307229,0.2250000238418579,0.3938554525375366
3258,Kamaryut,Yangon City,MMR013D004,16.815262,96.134491,0.0,0.0,35.0,0.9548369,0.125,0.8090326189994812
3259,Kamaryut,Yangon City,MMR013D004,16.81526184082,96.139297485352,0.0,0.0,41.0,2.2111168,0.0,0.5577766299247742
3260,Kamaryut,Yangon City,MMR013D004,16.81526184082,96.140670776367,0.0,0.0,41.0,5.617232,0.0,0.0
3261,Kamaryut,Yangon City,MMR013D004,16.81526184082,96.143417358398,0.0,0.0,32.0,11.839565,0.19999998807907104,0.0
3262,Kamaryut,Yangon City,MMR013D004,16.81526184082,96.144790649414,0.0,0.0,33.0,0.9548369,0.17500001192092896,0.8090326189994812
3263,Kamaryut,Yangon City,MMR013D004,16.815445,96.133247,0.0,0.0,33.0,0.9548369,0.17500001192092896,0.8090326189994812
3264,Kamaryut,Yangon City,MMR013D004,16.81572,96.133804,0.0,0.0,33.0,1.9946922,0.17500001192092896,0.6010615825653076
3265,Kamaryut,Yangon City,MMR013D004,16.815777,96.131573,0.0,0.0,30.0,4.7636194,0.25,0.04727613925933838
3266,Kamaryut,Yangon City,MMR013D004,16.815948,96.129684,0.0,0.0,27.0,4.096654,0.32499998807907104,0.18066918849945068
3267,Kamaryut,Yangon City,MMR013D004,16.815948,96.133804,0.0,0.0,33.0,1.3808141,0.17500001192092896,0.7238371968269348
3268,Kamaryut,Yangon City,MMR013D004,16.816599,96.133698,0.0,0.0,30.0,1.3808141,0.25,0.7238371968269348
3269,Kamaryut,Yangon City,MMR013D004,16.816635131836,96.128311157227,0.0,0.0,25.0,2.760026,0.375,0.44799482822418213
3270,Kamaryut,Yangon City,MMR013D004,16.816635,96.128998,0.0,0.0,21.0,3.138737,0.4750000238418579,0.37225258350372314
3271,Kamaryut,Yangon City,MMR013D004,16.816635131836,96.129684448242,0.0,0.0,25.0,5.964852,0.375,0.0
3272,Kamaryut,Yangon City,MMR013D004,16.816635131836,96.131057739258,0.0,0.0,24.0,2.760026,0.3999999761581421,0.44799482822418213
3273,Kamaryut,Yangon City,MMR013D004,16.816635131836,96.132431030273,0.0,0.0,25.0,2.760026,0.375,0.44799482822418213
3274,Kamaryut,Yangon City,MMR013D004,16.816635131836,96.133804321289,0.0,0.0,30.0,1.3808141,0.25,0.7238371968269348
3275,Kamaryut,Yangon City,MMR013D004,16.816635131836,96.137924194336,0.0,0.0,35.0,1.3808141,0.125,0.7238371968269348
3276,Kamaryut,Yangon City,MMR013D004,16.816635131836,96.139297485352,0.0,0.0,39.0,1.3808141,0.02499997615814209,0.7238371968269348
3277,Kamaryut,Yangon City,MMR013D004,16.816635131836,96.143417358398,0.0,0.0,35.0,6.654394,0.125,0.0
3278,Kamaryut,Yangon City,MMR013D004,16.816635131836,96.144790649414,0.0,0.0,31.0,4.9761953,0.2250000238418579,0.004760921001434326
3279,Kamaryut,Yangon City,MMR013D004,16.816788,96.133652,0.0,0.0,31.0,2.862392,0.2250000238418579,0.42752158641815186
3280,Kamaryut,Yangon City,MMR013D004,16.817093,96.133804,0.0,0.0,33.0,1.9091437,0.17500001192092896,0.6181712746620178
3281,Kamaryut,Yangon City,MMR013D004,16.81715,96.133289,0.0,0.0,29.0,4.415667,0.2749999761581421,0.1168665885925293
3282,Kamaryut,Yangon City,MMR013D004,16.817322,96.128311,0.0,0.0,21.0,1.3808141,0.4750000238418579,0.7238371968269348
3283,Kamaryut,Yangon City,MMR013D004,16.817459,96.13298,0.0,0.0,32.0,4.8660283,0.19999998807907104,0.02679431438446045
3284,Kamaryut,Yangon City,MMR013D004,16.817493,96.127625,0.0,0.0,21.0,2.153755,0.4750000238418579,0.5692490339279175
3285,Kamaryut,Yangon City,MMR013D004,16.817551,96.129684,0.0,0.0,22.0,0.0,0.44999998807907104,1.0
3286,Kamaryut,Yangon City,MMR013D004,16.817551,96.137466,0.0,0.0,37.0,3.5461073,0.07499998807907104,0.2907785177230835
3287,Kamaryut,Yangon City,MMR013D004,16.817665,96.133804,0.0,0.0,33.0,2.2111168,0.17500001192092896,0.5577766299247742
3288,Kamaryut,Yangon City,MMR013D004,16.81778,96.133308,0.0,0.0,34.0,1.9091437,0.1499999761581421,0.6181712746620178
3289,Kamaryut,Yangon City,MMR013D004,16.817924,96.133011,0.0,0.0,32.0,4.415667,0.19999998807907104,0.1168665885925293
3290,Kamaryut,Yangon City,MMR013D004,16.818008422852,96.125564575195,0.0,0.0,17.0,1.3808141,0.574999988079071,0.7238371968269348
3291,Kamaryut,Yangon City,MMR013D004,16.818008422852,96.129684448242,0.0,0.0,23.0,1.9091437,0.42500001192092896,0.6181712746620178
3292,Kamaryut,Yangon City,MMR013D004,16.818008422852,96.131057739258,0.0,0.0,24.0,3.0307229,0.3999999761581421,0.3938554525375366
3293,Kamaryut,Yangon City,MMR013D004,16.818008422852,96.132431030273,0.0,0.0,29.0,0.9976483,0.2749999761581421,0.8004703521728516
3294,Kamaryut,Yangon City,MMR013D004,16.818008,96.132627,0.0,0.0,30.0,4.1360445,0.25,0.17279112339019775
3295,Kamaryut,Yangon City,MMR013D004,16.818008422852,96.133804321289,0.0,0.0,34.0,4.3014402,0.1499999761581421,0.13971197605133057
3296,Kamaryut,Yangon City,MMR013D004,16.818008211425997,96.1351778061525,0.0,0.0,32.0,5.7959256,0.19999998807907104,0.0
3297,Kamaryut,Yangon City,MMR013D004,16.818008422852,96.137924194336,0.0,0.0,40.0,1.3808141,0.0,0.7238371968269348
3298,Kamaryut,Yangon City,MMR013D004,16.818008,96.139755,0.0,0.0,40.0,2.760026,0.0,0.44799482822418213
3299,Kamaryut,Yangon City,MMR013D004,16.818008422852,96.142044067383,0.0,0.0,38.0,4.096654,0.050000011920928955,0.18066918849945068
3300,Kamaryut,Yangon City,MMR013D004,16.818008422852,96.143417358398,0.0,0.0,41.0,6.2587476,0.0,0.0
3301,Kamaryut,Yangon City,MMR013D004,16.818008422852,96.144790649414,0.0,0.0,34.0,0.9976483,0.1499999761581421,0.8004703521728516
3302,Kamaryut,Yangon City,MMR013D004,16.81819,96.133059,0.0,0.0,34.0,6.0397077,0.1499999761581421,0.0
3303,Kamaryut,Yangon City,MMR013D004,16.818314,96.130447,0.0,0.0,26.0,2.2111168,0.3500000238418579,0.5577766299247742
3304,Kamaryut,Yangon City,MMR013D004,16.818316,96.132998,0.0,0.0,31.0,5.0660734,0.2250000238418579,0.0
3305,Kamaryut,Yangon City,MMR013D004,16.818391,96.133051,0.0,0.0,33.0,5.733568,0.17500001192092896,0.0
3306,Kamaryut,Yangon City,MMR013D004,16.818407,96.133118,0.0,0.0,33.0,5.733568,0.17500001192092896,0.0
3307,Kamaryut,Yangon City,MMR013D004,16.818695,96.131058,0.0,0.0,30.0,6.0397077,0.25,0.0
3308,Kamaryut,Yangon City,MMR013D004,16.818695,96.133804,0.0,0.0,35.0,2.153755,0.125,0.5692490339279175
3309,Kamaryut,Yangon City,MMR013D004,16.818832,96.131332,0.0,0.0,33.0,4.415667,0.17500001192092896,0.1168665885925293
3310,Kamaryut,Yangon City,MMR013D004,16.818924,96.136551,0.0,0.0,36.0,1.3808141,0.10000002384185791,0.7238371968269348
3311,Kamaryut,Yangon City,MMR013D004,16.819381713867,96.12419128418,0.0,0.0,13.0,3.138737,0.675000011920929,0.37225258350372314
3312,Kamaryut,Yangon City,MMR013D004,16.819381713867,96.125564575195,0.0,0.0,20.0,2.760026,0.5,0.44799482822418213
3313,Kamaryut,Yangon City,MMR013D004,16.819381713867,96.126937866211,0.0,0.0,19.0,2.862392,0.5249999761581421,0.42752158641815186
3314,Kamaryut,Yangon City,MMR013D004,16.819381713867,96.131057739258,0.0,0.0,30.0,4.096654,0.25,0.18066918849945068
3315,Kamaryut,Yangon City,MMR013D004,16.819382,96.131401,0.0,0.0,31.0,4.3014402,0.2250000238418579,0.13971197605133057
3316,Kamaryut,Yangon City,MMR013D004,16.819381713867,96.132431030273,0.0,0.0,31.0,0.0,0.2250000238418579,1.0
3317,Kamaryut,Yangon City,MMR013D004,16.819381713867,96.133804321289,0.0,0.0,33.0,3.9416327,0.17500001192092896,0.21167343854904175
3318,Kamaryut,Yangon City,MMR013D004,16.819381713867,96.135177612305,0.0,0.0,31.0,3.9416327,0.2250000238418579,0.21167343854904175
3319,Kamaryut,Yangon City,MMR013D004,16.819381713867,96.144790649414,0.0,0.0,36.0,1.9091437,0.10000002384185791,0.6181712746620178
3320,Kamaryut,Yangon City,MMR013D004,16.819656,96.145065,0.0,0.0,38.0,1.3808141,0.050000011920928955,0.7238371968269348
3321,Kamaryut,Yangon City,MMR013D004,16.819839,96.13472,0.0,0.0,35.0,3.138737,0.125,0.37225258350372314
3322,Kamaryut,Yangon City,MMR013D004,16.819897,96.131916,0.0,0.0,28.0,3.5461073,0.30000001192092896,0.2907785177230835
3323,Kamaryut,Yangon City,MMR013D004,16.819897,96.144447,0.0,0.0,38.0,4.096654,0.050000011920928955,0.18066918849945068
3324,Kamaryut,Yangon City,MMR013D004,16.820044,96.122173,0.0,0.0,11.0,2.2111168,0.7250000238418579,0.5577766299247742
3325,Kamaryut,Yangon City,MMR013D004,16.820068,96.126251,0.0,0.0,16.0,2.862392,0.6000000238418579,0.42752158641815186
3326,Kamaryut,Yangon City,MMR013D004,16.820068,96.128311,0.0,0.0,22.0,3.4869568,0.44999998807907104,0.3026086091995239
3327,Kamaryut,Yangon City,MMR013D004,16.820068,96.132431,0.0,0.0,29.0,2.862392,0.2749999761581421,0.42752158641815186
3328,Kamaryut,Yangon City,MMR013D004,16.820297,96.13163,0.0,0.0,25.0,2.862392,0.375,0.42752158641815186
3329,Kamaryut,Yangon City,MMR013D004,16.820297,96.137009,0.0,0.0,33.0,1.3808141,0.17500001192092896,0.7238371968269348
3330,Kamaryut,Yangon City,MMR013D004,16.820755,96.126663,0.0,0.0,17.0,4.9007516,0.574999988079071,0.019849658012390137
3331,Kamaryut,Yangon City,MMR013D004,16.820755,96.128409,0.0,0.0,24.0,0.0,0.3999999761581421,1.0
3332,Kamaryut,Yangon City,MMR013D004,16.820755,96.129684,0.0,0.0,23.0,4.415667,0.42500001192092896,0.1168665885925293
3333,Kamaryut,Yangon City,MMR013D004,16.820755,96.130121,0.0,0.0,19.0,4.096654,0.5249999761581421,0.18066918849945068
3334,Kamaryut,Yangon City,MMR013D004,16.820755,96.130371,0.0,0.0,24.0,8.151844,0.3999999761581421,0.0
3335,Kamaryut,Yangon City,MMR013D004,16.820755,96.131744,0.0,0.0,24.0,2.153755,0.3999999761581421,0.5692490339279175
3336,Kamaryut,Yangon City,MMR013D004,16.820755,96.131973,0.0,0.0,25.0,1.3808141,0.375,0.7238371968269348
3337,Kamaryut,Yangon City,MMR013D004,16.820755,96.135635,0.0,0.0,38.0,2.862392,0.050000011920928955,0.42752158641815186
3338,Kamaryut,Yangon City,MMR013D004,16.820755004883,96.121444702148,0.0,0.0,10.0,1.3808141,0.75,0.7238371968269348
3339,Kamaryut,Yangon City,MMR013D004,16.820755004883,96.122817993164,0.0,0.0,11.0,0.0,0.7250000238418579,1.0
3340,Kamaryut,Yangon City,MMR013D004,16.820755004883,96.12419128418,0.0,0.0,13.0,3.138737,0.675000011920929,0.37225258350372314
3341,Kamaryut,Yangon City,MMR013D004,16.820755004883,96.126937866211,0.0,0.0,19.0,4.3014402,0.5249999761581421,0.13971197605133057
3342,Kamaryut,Yangon City,MMR013D004,16.820755004883,96.128311157227,0.0,0.0,24.0,0.0,0.3999999761581421,1.0
3343,Kamaryut,Yangon City,MMR013D004,16.820755004883,96.129684448242,0.0,0.0,23.0,4.415667,0.42500001192092896,0.1168665885925293
3344,Kamaryut,Yangon City,MMR013D004,16.820755004883,96.131057739258,0.0,0.0,27.0,1.9946922,0.32499998807907104,0.6010615825653076
3345,Kamaryut,Yangon City,MMR013D004,16.820755004883,96.132431030273,0.0,0.0,25.0,3.138737,0.375,0.37225258350372314
3346,Kamaryut,Yangon City,MMR013D004,16.820755004883,96.135177612305,0.0,0.0,38.0,1.9946922,0.050000011920928955,0.6010615825653076
3347,Kamaryut,Yangon City,MMR013D004,16.820755004883,96.13655090332,0.0,0.0,36.0,2.760026,0.10000002384185791,0.44799482822418213
3348,Kamaryut,Yangon City,MMR013D004,16.820755004883,96.137924194336,0.0,0.0,34.0,3.5461073,0.1499999761581421,0.2907785177230835
3349,Kamaryut,Yangon City,MMR013D004,16.820755004883,96.143417358398,0.0,0.0,30.0,5.3264294,0.25,0.0
3350,Kamaryut,Yangon City,MMR013D004,16.820951,96.131842,0.0,0.0,24.0,3.0307229,0.3999999761581421,0.3938554525375366
3351,Kamaryut,Yangon City,MMR013D004,16.821001,96.12616,0.0,0.0,15.0,1.9091437,0.625,0.6181712746620178
3352,Kamaryut,Yangon City,MMR013D004,16.821085,96.122711,0.0,0.0,12.0,1.3808141,0.699999988079071,0.7238371968269348
3353,Kamaryut,Yangon City,MMR013D004,16.821081,96.126114,0.0,0.0,17.0,2.862392,0.574999988079071,0.42752158641815186
3354,Kamaryut,Yangon City,MMR013D004,16.821205,96.132232,0.0,0.0,28.0,3.0307229,0.30000001192092896,0.3938554525375366
3355,Kamaryut,Yangon City,MMR013D004,16.821249,96.132233,0.0,0.0,28.0,3.0307229,0.30000001192092896,0.3938554525375366
3356,Kamaryut,Yangon City,MMR013D004,16.821442,96.122818,0.0,0.0,12.0,1.3808141,0.699999988079071,0.7238371968269348
3357,Kamaryut,Yangon City,MMR013D004,16.821442,96.129684,0.0,0.0,23.0,0.0,0.42500001192092896,1.0
3358,Kamaryut,Yangon City,MMR013D004,16.821442,96.131058,0.0,0.0,26.0,3.4869568,0.3500000238418579,0.3026086091995239
3359,Kamaryut,Yangon City,MMR013D004,16.821442,96.132431,0.0,0.0,29.0,0.9548369,0.2749999761581421,0.8090326189994812
3360,Kamaryut,Yangon City,MMR013D004,16.821646,96.127686,0.0,0.0,23.0,2.153755,0.42500001192092896,0.5692490339279175
3361,Kamaryut,Yangon City,MMR013D004,16.821671,96.125565,0.0,0.0,15.0,5.1608467,0.625,0.0
3362,Kamaryut,Yangon City,MMR013D004,16.821785,96.122818,0.0,0.0,11.0,0.9976483,0.7250000238418579,0.8004703521728516
3363,Kamaryut,Yangon City,MMR013D004,16.821823,96.123123,0.0,0.0,11.0,0.0,0.7250000238418579,1.0
3364,Kamaryut,Yangon City,MMR013D004,16.821854,96.126114,0.0,0.0,19.0,8.956695,0.5249999761581421,0.0
3365,Kamaryut,Yangon City,MMR013D004,16.821854,96.132431,0.0,0.0,25.0,2.153755,0.375,0.5692490339279175
3366,Kamaryut,Yangon City,MMR013D004,16.822102,96.124702,0.0,0.0,14.0,2.2111168,0.6499999761581421,0.5577766299247742
3367,Kamaryut,Yangon City,MMR013D004,16.822128295898,96.120071411133,0.0,0.0,13.0,0.9548369,0.675000011920929,0.8090326189994812
3368,Kamaryut,Yangon City,MMR013D004,16.822128295898,96.121444702148,0.0,0.0,14.0,0.9976483,0.6499999761581421,0.8004703521728516
3369,Kamaryut,Yangon City,MMR013D004,16.822128295898,96.122817993164,0.0,0.0,13.0,2.862392,0.675000011920929,0.42752158641815186
3370,Kamaryut,Yangon City,MMR013D004,16.822128295898,96.12419128418,0.0,0.0,11.0,2.2111168,0.7250000238418579,0.5577766299247742
3371,Kamaryut,Yangon City,MMR013D004,16.822128295898,96.125564575195,0.0,0.0,15.0,3.9416327,0.625,0.21167343854904175
3372,Kamaryut,Yangon City,MMR013D004,16.822128295898,96.129684448242,0.0,0.0,22.0,2.2111168,0.44999998807907104,0.5577766299247742
3373,Kamaryut,Yangon City,MMR013D004,16.822128295898,96.131057739258,0.0,0.0,25.0,1.3808141,0.375,0.7238371968269348
3374,Kamaryut,Yangon City,MMR013D004,16.822128295898,96.132431030273,0.0,0.0,25.0,4.3014402,0.375,0.13971197605133057
3375,Kamaryut,Yangon City,MMR013D004,16.822128295898,96.133804321289,0.0,0.0,29.0,5.1608467,0.2749999761581421,0.0
3376,Kamaryut,Yangon City,MMR013D004,16.822128295898,96.137924194336,0.0,0.0,36.0,3.138737,0.10000002384185791,0.37225258350372314
3377,Kamaryut,Yangon City,MMR013D004,16.822128295898,96.139297485352,0.0,0.0,39.0,0.9548369,0.02499997615814209,0.8090326189994812
3378,Kamaryut,Yangon City,MMR013D004,16.822128295898,96.143417358398,0.0,0.0,31.0,1.3808141,0.2250000238418579,0.7238371968269348
3379,Kamaryut,Yangon City,MMR013D004,16.822521,96.131842,0.0,0.0,26.0,7.612252,0.3500000238418579,0.0
3380,Kamaryut,Yangon City,MMR013D004,16.822643,96.124706,0.0,0.0,15.0,4.3014402,0.625,0.13971197605133057
3381,Kamaryut,Yangon City,MMR013D004,16.822678,96.131607,0.0,0.0,25.0,3.5461073,0.375,0.2907785177230835
3382,Kamaryut,Yangon City,MMR013D004,16.822815,96.124191,0.0,0.0,15.0,3.9416327,0.625,0.21167343854904175
3383,Kamaryut,Yangon City,MMR013D004,16.822815,96.130543,0.0,0.0,21.0,2.9905288,0.4750000238418579,0.401894211769104
3384,Kamaryut,Yangon City,MMR013D004,16.822815,96.131744,0.0,0.0,28.0,5.0660734,0.30000001192092896,0.0
3385,Kamaryut,Yangon City,MMR013D004,16.82282,96.131696,0.0,0.0,28.0,5.0660734,0.30000001192092896,0.0
3386,Kamaryut,Yangon City,MMR013D004,16.823007,96.140889,0.0,0.0,39.0,2.2111168,0.02499997615814209,0.5577766299247742
3387,Kamaryut,Yangon City,MMR013D004,16.823044,96.122818,0.0,0.0,16.0,4.1360445,0.6000000238418579,0.17279112339019775
3388,Kamaryut,Yangon City,MMR013D004,16.823158,96.121445,0.0,0.0,9.0,1.3808141,0.7749999761581421,0.7238371968269348
3389,Kamaryut,Yangon City,MMR013D004,16.823158,96.131401,0.0,0.0,25.0,1.3808141,0.375,0.7238371968269348
3390,Kamaryut,Yangon City,MMR013D004,16.823261,96.122711,0.0,0.0,11.0,5.733568,0.7250000238418579,0.0
3391,Kamaryut,Yangon City,MMR013D004,16.823273,96.131172,0.0,0.0,24.0,2.2111168,0.3999999761581421,0.5577766299247742
3392,Kamaryut,Yangon City,MMR013D004,16.823305,96.12321,0.0,0.0,13.0,4.7636194,0.675000011920929,0.04727613925933838
3393,Kamaryut,Yangon City,MMR013D004,16.823501586914,96.120071411133,0.0,0.0,5.0,2.2111168,0.875,0.5577766299247742
3394,Kamaryut,Yangon City,MMR013D004,16.823501586914,96.121444702148,0.0,0.0,10.0,0.9976483,0.75,0.8004703521728516
3395,Kamaryut,Yangon City,MMR013D004,16.823502,96.122131,0.0,0.0,10.0,0.9976483,0.75,0.8004703521728516
3396,Kamaryut,Yangon City,MMR013D004,16.823501586914,96.122817993164,0.0,0.0,11.0,1.3808141,0.7250000238418579,0.7238371968269348
3397,Kamaryut,Yangon City,MMR013D004,16.823501586914,96.12419128418,0.0,0.0,13.0,2.2111168,0.675000011920929,0.5577766299247742
3398,Kamaryut,Yangon City,MMR013D004,16.823501586914,96.125564575195,0.0,0.0,15.0,3.138737,0.625,0.37225258350372314
3399,Kamaryut,Yangon City,MMR013D004,16.823501586914,96.128311157227,0.0,0.0,22.0,2.2111168,0.44999998807907104,0.5577766299247742
3400,Kamaryut,Yangon City,MMR013D004,16.823501586914,96.129684448242,0.0,0.0,21.0,3.4869568,0.4750000238418579,0.3026086091995239
3401,Kamaryut,Yangon City,MMR013D004,16.823502,96.130371,0.0,0.0,23.0,2.9905288,0.42500001192092896,0.401894211769104
3402,Kamaryut,Yangon City,MMR013D004,16.823501586914,96.131057739258,0.0,0.0,24.0,3.8140574,0.3999999761581421,0.23718851804733276
3403,Kamaryut,Yangon City,MMR013D004,16.823502,96.131229,0.0,0.0,24.0,0.9548369,0.3999999761581421,0.8090326189994812
3404,Kamaryut,Yangon City,MMR013D004,16.823502,96.131516,0.0,0.0,24.0,0.0,0.3999999761581421,1.0
3405,Kamaryut,Yangon City,MMR013D004,16.823501586914,96.132431030273,0.0,0.0,23.0,0.0,0.42500001192092896,1.0
3406,Kamaryut,Yangon City,MMR013D004,16.823501586914,96.13655090332,0.0,0.0,33.0,2.760026,0.17500001192092896,0.44799482822418213
3407,Kamaryut,Yangon City,MMR013D004,16.823501586914,96.139297485352,0.0,0.0,36.0,3.138737,0.10000002384185791,0.37225258350372314
3408,Kamaryut,Yangon City,MMR013D004,16.823501586914,96.140670776367,0.0,0.0,39.0,3.138737,0.02499997615814209,0.37225258350372314
3409,Kamaryut,Yangon City,MMR013D004,16.823501586914,96.144790649414,0.0,0.0,34.0,1.3808141,0.1499999761581421,0.7238371968269348
3410,Kamaryut,Yangon City,MMR013D004,16.823959,96.125793,0.0,0.0,17.0,1.3808141,0.574999988079071,0.7238371968269348
3411,Kamaryut,Yangon City,MMR013D004,16.823959,96.131058,0.0,0.0,22.0,1.3808141,0.44999998807907104,0.7238371968269348
3412,Kamaryut,Yangon City,MMR013D004,16.824188,96.122818,0.0,0.0,12.0,2.760026,0.699999988079071,0.44799482822418213
3413,Kamaryut,Yangon City,MMR013D004,16.824188,96.126938,0.0,0.0,18.0,2.760026,0.550000011920929,0.44799482822418213
3414,Kamaryut,Yangon City,MMR013D004,16.824188,96.131058,0.0,0.0,23.0,3.0307229,0.42500001192092896,0.3938554525375366
3415,Kamaryut,Yangon City,MMR013D004,16.824188,96.140671,0.0,0.0,37.0,6.6072006,0.07499998807907104,0.0
3416,Kamaryut,Yangon City,MMR013D004,16.824188,96.144104,0.0,0.0,32.0,5.7105665,0.19999998807907104,0.0
3417,Kamaryut,Yangon City,MMR013D004,16.824267,96.145078,0.0,0.0,33.0,6.0445805,0.17500001192092896,0.0
3418,Kamaryut,Yangon City,MMR013D004,16.824417,96.125565,0.0,0.0,17.0,3.9416327,0.574999988079071,0.21167343854904175
3419,Kamaryut,Yangon City,MMR013D004,16.824417,96.13472,0.0,0.0,29.0,3.138737,0.2749999761581421,0.37225258350372314
3420,Kamaryut,Yangon City,MMR013D004,16.824532,96.131058,0.0,0.0,25.0,4.9007516,0.375,0.019849658012390137
3421,Kamaryut,Yangon City,MMR013D004,16.824532,96.136208,0.0,0.0,32.0,2.2111168,0.19999998807907104,0.5577766299247742
3422,Kamaryut,Yangon City,MMR013D004,16.824532,96.145821,0.0,0.0,24.0,6.7274427,0.3999999761581421,0.0
3423,Kamaryut,Yangon City,MMR013D004,16.8246,96.129959,0.0,0.0,22.0,1.3808141,0.44999998807907104,0.7238371968269348
3424,Kamaryut,Yangon City,MMR013D004,16.82487487793,96.120071411133,0.0,0.0,11.0,2.2111168,0.7250000238418579,0.5577766299247742
3425,Kamaryut,Yangon City,MMR013D004,16.82487487793,96.122817993164,0.0,0.0,7.0,3.138737,0.824999988079071,0.37225258350372314
3426,Kamaryut,Yangon City,MMR013D004,16.824875,96.123567,0.0,0.0,8.0,3.9416327,0.800000011920929,0.21167343854904175
3427,Kamaryut,Yangon City,MMR013D004,16.82487487793,96.12419128418,0.0,0.0,12.0,3.138737,0.699999988079071,0.37225258350372314
3428,Kamaryut,Yangon City,MMR013D004,16.82487487793,96.125564575195,0.0,0.0,13.0,1.9946922,0.675000011920929,0.6010615825653076
3429,Kamaryut,Yangon City,MMR013D004,16.824875,96.126251,0.0,0.0,16.0,3.138737,0.6000000238418579,0.37225258350372314
3430,Kamaryut,Yangon City,MMR013D004,16.82487487793,96.126937866211,0.0,0.0,19.0,3.8140574,0.5249999761581421,0.23718851804733276
3431,Kamaryut,Yangon City,MMR013D004,16.824875,96.128036,0.0,0.0,21.0,2.2111168,0.4750000238418579,0.5577766299247742
3432,Kamaryut,Yangon City,MMR013D004,16.82487487793,96.128311157227,0.0,0.0,19.0,4.9761953,0.5249999761581421,0.004760921001434326
3433,Kamaryut,Yangon City,MMR013D004,16.824875,96.129227,0.0,0.0,20.0,3.9845605,0.5,0.2030879259109497
3434,Kamaryut,Yangon City,MMR013D004,16.82487487793,96.129684448242,0.0,0.0,22.0,1.3808141,0.44999998807907104,0.7238371968269348
3435,Kamaryut,Yangon City,MMR013D004,16.82487487793,96.131057739258,0.0,0.0,27.0,3.138737,0.32499998807907104,0.37225258350372314
3436,Kamaryut,Yangon City,MMR013D004,16.82487487793,96.132431030273,0.0,0.0,31.0,0.9976483,0.2250000238418579,0.8004703521728516
3437,Kamaryut,Yangon City,MMR013D004,16.82487487793,96.133804321289,0.0,0.0,25.0,4.3014402,0.375,0.13971197605133057
3438,Kamaryut,Yangon City,MMR013D004,16.82487487793,96.139297485352,0.0,0.0,40.0,7.065254,0.0,0.0
3439,Kamaryut,Yangon City,MMR013D004,16.82487487793,96.140670776367,0.0,0.0,32.0,6.8722596,0.19999998807907104,0.0
3440,Kamaryut,Yangon City,MMR013D004,16.824875,96.141014,0.0,0.0,35.0,4.8412433,0.125,0.03175133466720581
3441,Kamaryut,Yangon City,MMR013D004,16.82487487793,96.142044067383,0.0,0.0,26.0,3.5461073,0.3500000238418579,0.2907785177230835
3442,Kamaryut,Yangon City,MMR013D004,16.82487487793,96.143417358398,0.0,0.0,29.0,4.8412433,0.2749999761581421,0.03175133466720581
3443,Kamaryut,Yangon City,MMR013D004,16.824875,96.144104,0.0,0.0,30.0,1.3808141,0.25,0.7238371968269348
3444,Kamaryut,Yangon City,MMR013D004,16.82487487793,96.144790649414,0.0,0.0,28.0,4.415667,0.30000001192092896,0.1168665885925293
3445,Kamaryut,Yangon City,MMR013D004,16.824875,96.145248,0.0,0.0,26.0,7.6583467,0.3500000238418579,0.0
3446,Kamaryut,Yangon City,MMR013D004,16.82487487793,96.14616394043,0.0,0.0,23.0,4.3014402,0.42500001192092896,0.13971197605133057
3447,Kamaryut,Yangon City,MMR013D004,16.82498,96.142971,0.0,0.0,30.0,2.2111168,0.25,0.5577766299247742
3448,Kamaryut,Yangon City,MMR013D004,16.825012,96.12323,0.0,0.0,7.0,1.3808141,0.824999988079071,0.7238371968269348
3449,Kamaryut,Yangon City,MMR013D004,16.825104,96.1409,0.0,0.0,32.0,7.2845483,0.19999998807907104,0.0
3450,Kamaryut,Yangon City,MMR013D004,16.82515,96.141769,0.0,0.0,28.0,6.6072006,0.30000001192092896,0.0
3451,Kamaryut,Yangon City,MMR013D004,16.825218,96.122818,0.0,0.0,8.0,2.2111168,0.800000011920929,0.5577766299247742
3452,Kamaryut,Yangon City,MMR013D004,16.825218,96.125565,0.0,0.0,14.0,2.2111168,0.6499999761581421,0.5577766299247742
3453,Kamaryut,Yangon City,MMR013D004,16.825218,96.128311,0.0,0.0,20.0,3.5461073,0.5,0.2907785177230835
3454,Kamaryut,Yangon City,MMR013D004,16.825218,96.139984,0.0,0.0,31.0,5.0660734,0.2250000238418579,0.0
3455,Kamaryut,Yangon City,MMR013D004,16.825333,96.123276,0.0,0.0,8.0,2.2111168,0.800000011920929,0.5577766299247742
3456,Kamaryut,Yangon City,MMR013D004,16.825333,96.139297,0.0,0.0,38.0,6.2587476,0.050000011920928955,0.0
3457,Kamaryut,Yangon City,MMR013D004,16.825542,96.1258,0.0,0.0,15.0,0.0,0.625,1.0
3458,Kamaryut,Yangon City,MMR013D004,16.825562,96.124191,0.0,0.0,12.0,0.9548369,0.699999988079071,0.8090326189994812
3459,Kamaryut,Yangon City,MMR013D004,16.825562,96.126938,0.0,0.0,20.0,5.7105665,0.5,0.0
3460,Kamaryut,Yangon City,MMR013D004,16.825562,96.128311,0.0,0.0,21.0,0.9548369,0.4750000238418579,0.8090326189994812
3461,Kamaryut,Yangon City,MMR013D004,16.825562,96.131058,0.0,0.0,27.0,3.9845605,0.32499998807907104,0.2030879259109497
3462,Kamaryut,Yangon City,MMR013D004,16.825562,96.133118,0.0,0.0,29.0,3.4869568,0.2749999761581421,0.3026086091995239
3463,Kamaryut,Yangon City,MMR013D004,16.825562,96.139297,0.0,0.0,38.0,0.9976483,0.050000011920928955,0.8004703521728516
3464,Kamaryut,Yangon City,MMR013D004,16.825562,96.142731,0.0,0.0,27.0,2.153755,0.32499998807907104,0.5692490339279175
3465,Kamaryut,Yangon City,MMR013D004,16.82572,96.131058,0.0,0.0,27.0,3.138737,0.32499998807907104,0.37225258350372314
3466,Kamaryut,Yangon City,MMR013D004,16.825836,96.125427,0.0,0.0,12.0,3.4869568,0.699999988079071,0.3026086091995239
3467,Kamaryut,Yangon City,MMR013D004,16.825905,96.134491,0.0,0.0,30.0,1.9091437,0.25,0.6181712746620178
3468,Kamaryut,Yangon City,MMR013D004,16.825905,96.143417,0.0,0.0,22.0,2.2111168,0.44999998807907104,0.5577766299247742
3469,Kamaryut,Yangon City,MMR013D004,16.825965,96.129431,0.0,0.0,22.0,1.9946922,0.44999998807907104,0.6010615825653076
3470,Kamaryut,Yangon City,MMR013D004,16.826019,96.129227,0.0,0.0,21.0,0.9976483,0.4750000238418579,0.8004703521728516
3471,Kamaryut,Yangon City,MMR013D004,16.826023,96.130783,0.0,0.0,25.0,2.2111168,0.375,0.5577766299247742
3472,Kamaryut,Yangon City,MMR013D004,16.826059,96.12735,0.0,0.0,17.0,3.138737,0.574999988079071,0.37225258350372314
3473,Kamaryut,Yangon City,MMR013D004,16.826055,96.127632,0.0,0.0,18.0,4.096654,0.550000011920929,0.18066918849945068
3474,Kamaryut,Yangon City,MMR013D004,16.826248168945,96.122817993164,0.0,0.0,10.0,0.9548369,0.75,0.8090326189994812
3475,Kamaryut,Yangon City,MMR013D004,16.826248168945,96.12419128418,0.0,0.0,10.0,3.4869568,0.75,0.3026086091995239
3476,Kamaryut,Yangon City,MMR013D004,16.826248168945,96.125564575195,0.0,0.0,12.0,4.096654,0.699999988079071,0.18066918849945068
3477,Kamaryut,Yangon City,MMR013D004,16.826248168945,96.126937866211,0.0,0.0,17.0,3.5461073,0.574999988079071,0.2907785177230835
3478,Kamaryut,Yangon City,MMR013D004,16.826248,96.127625,0.0,0.0,19.0,4.415667,0.5249999761581421,0.1168665885925293
3479,Kamaryut,Yangon City,MMR013D004,16.826248168945,96.128311157227,0.0,0.0,20.0,0.9976483,0.5,0.8004703521728516
3480,Kamaryut,Yangon City,MMR013D004,16.826248168945,96.129684448242,0.0,0.0,22.0,2.153755,0.44999998807907104,0.5692490339279175
3481,Kamaryut,Yangon City,MMR013D004,16.826248168945,96.131057739258,0.0,0.0,25.0,1.3808141,0.375,0.7238371968269348
3482,Kamaryut,Yangon City,MMR013D004,16.826248168945,96.132431030273,0.0,0.0,26.0,4.1360445,0.3500000238418579,0.17279112339019775
3483,Kamaryut,Yangon City,MMR013D004,16.826248168945,96.133804321289,0.0,0.0,32.0,2.760026,0.19999998807907104,0.44799482822418213
3484,Kamaryut,Yangon City,MMR013D004,16.826248,96.134262,0.0,0.0,33.0,4.1360445,0.17500001192092896,0.17279112339019775
3485,Kamaryut,Yangon City,MMR013D004,16.826248,96.134491,0.0,0.0,31.0,2.2111168,0.2250000238418579,0.5577766299247742
3486,Kamaryut,Yangon City,MMR013D004,16.826248168945,96.13655090332,0.0,0.0,34.0,2.862392,0.1499999761581421,0.42752158641815186
3487,Kamaryut,Yangon City,MMR013D004,16.826248168945,96.137924194336,0.0,0.0,40.0,0.9976483,0.0,0.8004703521728516
3488,Kamaryut,Yangon City,MMR013D004,16.826248168945,96.139297485352,0.0,0.0,39.0,1.3808141,0.02499997615814209,0.7238371968269348
3489,Kamaryut,Yangon City,MMR013D004,16.826248,96.140213,0.0,0.0,38.0,3.138737,0.050000011920928955,0.37225258350372314
3490,Kamaryut,Yangon City,MMR013D004,16.826248168945,96.140670776367,0.0,0.0,33.0,3.138737,0.17500001192092896,0.37225258350372314
3491,Kamaryut,Yangon City,MMR013D004,16.826248168945,96.142044067383,0.0,0.0,30.0,5.733568,0.25,0.0
3492,Kamaryut,Yangon City,MMR013D004,16.826248168945,96.143417358398,0.0,0.0,22.0,3.5461073,0.44999998807907104,0.2907785177230835
3493,Kamaryut,Yangon City,MMR013D004,16.826523,96.122818,0.0,0.0,11.0,3.0307229,0.7250000238418579,0.3938554525375366
3494,Kamaryut,Yangon City,MMR013D004,16.826723,96.128898,0.0,0.0,17.0,2.153755,0.574999988079071,0.5692490339279175
3495,Kamaryut,Yangon City,MMR013D004,16.826837,96.128115,0.0,0.0,18.0,5.7959256,0.550000011920929,0.0
3496,Kamaryut,Yangon City,MMR013D004,16.826885,96.127982,0.0,0.0,18.0,5.7959256,0.550000011920929,0.0
3497,Kamaryut,Yangon City,MMR013D004,16.826935,96.120758,0.0,0.0,10.0,0.9548369,0.75,0.8090326189994812
3498,Kamaryut,Yangon City,MMR013D004,16.826935,96.130371,0.0,0.0,30.0,3.8140574,0.25,0.23718851804733276
3499,Kamaryut,Yangon City,MMR013D004,16.826935,96.131744,0.0,0.0,22.0,3.9416327,0.44999998807907104,0.21167343854904175
3500,Kamaryut,Yangon City,MMR013D004,16.826935,96.140671,0.0,0.0,32.0,5.0660734,0.19999998807907104,0.0
3501,Kamaryut,Yangon City,MMR013D004,16.827071,96.131481,0.0,0.0,20.0,2.760026,0.5,0.44799482822418213
3502,Kamaryut,Yangon City,MMR013D004,16.827164,96.1306,0.0,0.0,25.0,6.0445805,0.375,0.0
3503,Kamaryut,Yangon City,MMR013D004,16.827209,96.130646,0.0,0.0,25.0,3.9416327,0.375,0.21167343854904175
3504,Kamaryut,Yangon City,MMR013D004,16.827278,96.129856,0.0,0.0,21.0,2.760026,0.4750000238418579,0.44799482822418213
3505,Kamaryut,Yangon City,MMR013D004,16.827278,96.133804,0.0,0.0,31.0,2.153755,0.2250000238418579,0.5692490339279175
3506,Kamaryut,Yangon City,MMR013D004,16.827393,96.130829,0.0,0.0,24.0,0.9548369,0.3999999761581421,0.8090326189994812
3507,Kamaryut,Yangon City,MMR013D004,16.827439,96.124206,0.0,0.0,13.0,4.8412433,0.675000011920929,0.03175133466720581
3508,Kamaryut,Yangon City,MMR013D004,16.827565,96.12307,0.0,0.0,16.0,0.0,0.6000000238418579,1.0
3509,Kamaryut,Yangon City,MMR013D004,16.827621459961,96.122817993164,0.0,0.0,16.0,0.9976483,0.6000000238418579,0.8004703521728516
3510,Kamaryut,Yangon City,MMR013D004,16.827621459961,96.12419128418,0.0,0.0,10.0,3.0307229,0.75,0.3938554525375366
3511,Kamaryut,Yangon City,MMR013D004,16.827621459961,96.126937866211,0.0,0.0,15.0,2.9905288,0.625,0.401894211769104
3512,Kamaryut,Yangon City,MMR013D004,16.827621459961,96.128311157227,0.0,0.0,16.0,4.096654,0.6000000238418579,0.18066918849945068
3513,Kamaryut,Yangon City,MMR013D004,16.827621459961,96.129684448242,0.0,0.0,20.0,2.760026,0.5,0.44799482822418213
3514,Kamaryut,Yangon City,MMR013D004,16.827621,96.130808,0.0,0.0,26.0,1.9091437,0.3500000238418579,0.6181712746620178
3515,Kamaryut,Yangon City,MMR013D004,16.827621459961,96.131057739258,0.0,0.0,26.0,2.760026,0.3500000238418579,0.44799482822418213
3516,Kamaryut,Yangon City,MMR013D004,16.827621,96.133118,0.0,0.0,25.0,4.9007516,0.375,0.019849658012390137
3517,Kamaryut,Yangon City,MMR013D004,16.827621459961,96.133804321289,0.0,0.0,32.0,0.9548369,0.19999998807907104,0.8090326189994812
3518,Kamaryut,Yangon City,MMR013D004,16.827621,96.134491,0.0,0.0,28.0,3.5461073,0.30000001192092896,0.2907785177230835
3519,Kamaryut,Yangon City,MMR013D004,16.827621459961,96.13655090332,0.0,0.0,31.0,1.9091437,0.2250000238418579,0.6181712746620178
3520,Kamaryut,Yangon City,MMR013D004,16.827621459961,96.139297485352,0.0,0.0,42.0,0.9976483,0.0,0.8004703521728516
3521,Kamaryut,Yangon City,MMR013D004,16.827707,96.130453,0.0,0.0,26.0,6.2587476,0.3500000238418579,0.0
3522,Kamaryut,Yangon City,MMR013D004,16.827807,96.124207,0.0,0.0,10.0,0.9976483,0.75,0.8004703521728516
3523,Kamaryut,Yangon City,MMR013D004,16.827818,96.13145,0.0,0.0,23.0,4.096654,0.42500001192092896,0.18066918849945068
3524,Kamaryut,Yangon City,MMR013D004,16.827877,96.130424,0.0,0.0,26.0,6.0397077,0.3500000238418579,0.0
3525,Kamaryut,Yangon City,MMR013D004,16.827896,96.124466,0.0,0.0,11.0,2.2111168,0.7250000238418579,0.5577766299247742
3526,Kamaryut,Yangon City,MMR013D004,16.827896,96.131058,0.0,0.0,26.0,2.760026,0.3500000238418579,0.44799482822418213
3527,Kamaryut,Yangon City,MMR013D004,16.827965,96.12299,0.0,0.0,16.0,3.0307229,0.6000000238418579,0.3938554525375366
3528,Kamaryut,Yangon City,MMR013D004,16.827965,96.131058,0.0,0.0,26.0,2.760026,0.3500000238418579,0.44799482822418213
3529,Kamaryut,Yangon City,MMR013D004,16.828033,96.122818,0.0,0.0,16.0,3.0307229,0.6000000238418579,0.3938554525375366
3530,Kamaryut,Yangon City,MMR013D004,16.828079,96.12236,0.0,0.0,15.0,2.9905288,0.625,0.401894211769104
3531,Kamaryut,Yangon City,MMR013D004,16.828266,96.122375,0.0,0.0,15.0,2.9905288,0.625,0.401894211769104
3532,Kamaryut,Yangon City,MMR013D004,16.828277,96.124255,0.0,0.0,10.0,1.9946922,0.75,0.6010615825653076
3533,Kamaryut,Yangon City,MMR013D004,16.828306,96.12706,0.0,0.0,15.0,0.9976483,0.625,0.8004703521728516
3534,Kamaryut,Yangon City,MMR013D004,16.828445,96.129135,0.0,0.0,20.0,3.0307229,0.5,0.3938554525375366
3535,Kamaryut,Yangon City,MMR013D004,16.82848,96.129684,0.0,0.0,19.0,0.9976483,0.5249999761581421,0.8004703521728516
3536,Kamaryut,Yangon City,MMR013D004,16.828489,96.130407,0.0,0.0,26.0,12.126574,0.3500000238418579,0.0
3537,Kamaryut,Yangon City,MMR013D004,16.828537,96.136551,0.0,0.0,35.0,4.415667,0.125,0.1168665885925293
3538,Kamaryut,Yangon City,MMR013D004,16.828591,96.140752,0.0,0.0,34.0,0.0,0.1499999761581421,1.0
3539,Kamaryut,Yangon City,MMR013D004,16.828633,96.125854,0.0,0.0,14.0,2.153755,0.6499999761581421,0.5692490339279175
3540,Kamaryut,Yangon City,MMR013D004,16.828651,96.132088,0.0,0.0,28.0,3.5461073,0.30000001192092896,0.2907785177230835
3541,Kamaryut,Yangon City,MMR013D004,16.828836,96.127129,0.0,0.0,14.0,0.9548369,0.6499999761581421,0.8090326189994812
3542,Kamaryut,Yangon City,MMR013D004,16.828942,96.130071,0.0,0.0,17.0,2.2111168,0.574999988079071,0.5577766299247742
3543,Kamaryut,Yangon City,MMR013D004,16.828994750977,96.122817993164,0.0,0.0,14.0,0.9548369,0.6499999761581421,0.8090326189994812
3544,Kamaryut,Yangon City,MMR013D004,16.828994750977,96.12419128418,0.0,0.0,12.0,1.9946922,0.699999988079071,0.6010615825653076
3545,Kamaryut,Yangon City,MMR013D004,16.828994750977,96.125564575195,0.0,0.0,12.0,1.3808141,0.699999988079071,0.7238371968269348
3546,Kamaryut,Yangon City,MMR013D004,16.828994750977,96.126937866211,0.0,0.0,14.0,0.9976483,0.6499999761581421,0.8004703521728516
3547,Kamaryut,Yangon City,MMR013D004,16.828994750977,96.128311157227,0.0,0.0,16.0,0.9976483,0.6000000238418579,0.8004703521728516
3548,Kamaryut,Yangon City,MMR013D004,16.828994750977,96.129684448242,0.0,0.0,19.0,2.153755,0.5249999761581421,0.5692490339279175
3549,Kamaryut,Yangon City,MMR013D004,16.828994750977,96.131057739258,0.0,0.0,28.0,4.8660283,0.30000001192092896,0.02679431438446045
3550,Kamaryut,Yangon City,MMR013D004,16.828994750977,96.139297485352,0.0,0.0,40.0,4.1360445,0.0,0.17279112339019775
3551,Kamaryut,Yangon City,MMR013D004,16.828995,96.12236,0.0,0.0,11.0,7.612252,0.7250000238418579,0.0
3552,Kamaryut,Yangon City,MMR013D004,16.828995,96.122622,0.0,0.0,14.0,4.8412433,0.6499999761581421,0.03175133466720581
3553,Kamaryut,Yangon City,MMR013D004,16.828995,96.123505,0.0,0.0,13.0,2.9905288,0.675000011920929,0.401894211769104
3554,Kamaryut,Yangon City,MMR013D004,16.828995,96.130142,0.0,0.0,17.0,2.2111168,0.574999988079071,0.5577766299247742
3555,Kamaryut,Yangon City,MMR013D004,16.829338,96.122818,0.0,0.0,13.0,3.4869568,0.675000011920929,0.3026086091995239
3556,Kamaryut,Yangon City,MMR013D004,16.829338,96.128998,0.0,0.0,17.0,2.760026,0.574999988079071,0.44799482822418213
3557,Kamaryut,Yangon City,MMR013D004,16.829441,96.131676,0.0,0.0,24.0,7.013975,0.3999999761581421,0.0
3558,Kamaryut,Yangon City,MMR013D004,16.829453,96.129684,0.0,0.0,15.0,2.2111168,0.625,0.5577766299247742
3559,Kamaryut,Yangon City,MMR013D004,16.829654,96.1215,0.0,0.0,10.0,0.9976483,0.75,0.8004703521728516
3560,Kamaryut,Yangon City,MMR013D004,16.829681,96.122818,0.0,0.0,10.0,0.0,0.75,1.0
3561,Kamaryut,Yangon City,MMR013D004,16.829681,96.129684,0.0,0.0,16.0,2.760026,0.6000000238418579,0.44799482822418213
3562,Kamaryut,Yangon City,MMR013D004,16.829681,96.132088,0.0,0.0,29.0,2.153755,0.2749999761581421,0.5692490339279175
3563,Kamaryut,Yangon City,MMR013D004,16.829779,96.121837,0.0,0.0,10.0,0.9976483,0.75,0.8004703521728516
3564,Kamaryut,Yangon City,MMR013D004,16.82991,96.129684,0.0,0.0,16.0,2.760026,0.6000000238418579,0.44799482822418213
3565,Kamaryut,Yangon City,MMR013D004,16.830025,96.123161,0.0,0.0,11.0,0.0,0.7250000238418579,1.0
3566,Kamaryut,Yangon City,MMR013D004,16.830093,96.129684,0.0,0.0,17.0,2.153755,0.574999988079071,0.5692490339279175
3567,Kamaryut,Yangon City,MMR013D004,16.830368041992,96.120071411133,0.0,0.0,10.0,2.9905288,0.75,0.401894211769104
3568,Kamaryut,Yangon City,MMR013D004,16.830368,96.120529,0.0,0.0,12.0,0.0,0.699999988079071,1.0
3569,Kamaryut,Yangon City,MMR013D004,16.830368041992,96.121444702148,0.0,0.0,10.0,0.9976483,0.75,0.8004703521728516
3570,Kamaryut,Yangon City,MMR013D004,16.830368041992,96.122817993164,0.0,0.0,10.0,2.153755,0.75,0.5692490339279175
3571,Kamaryut,Yangon City,MMR013D004,16.830368041992,96.12419128418,0.0,0.0,11.0,2.153755,0.7250000238418579,0.5692490339279175
3572,Kamaryut,Yangon City,MMR013D004,16.830368041992,96.125564575195,0.0,0.0,9.0,2.862392,0.7749999761581421,0.42752158641815186
3573,Kamaryut,Yangon City,MMR013D004,16.830368041992,96.126937866211,0.0,0.0,12.0,1.9091437,0.699999988079071,0.6181712746620178
3574,Kamaryut,Yangon City,MMR013D004,16.830368041992,96.128311157227,0.0,0.0,18.0,3.138737,0.550000011920929,0.37225258350372314
3575,Kamaryut,Yangon City,MMR013D004,16.830368041992,96.129684448242,0.0,0.0,18.0,0.9548369,0.550000011920929,0.8090326189994812
3576,Kamaryut,Yangon City,MMR013D004,16.830368041992,96.132431030273,0.0,0.0,24.0,5.617232,0.3999999761581421,0.0
3577,Kamaryut,Yangon City,MMR013D004,16.830368041992,96.13655090332,0.0,0.0,33.0,2.153755,0.17500001192092896,0.5692490339279175
3578,Kamaryut,Yangon City,MMR013D004,16.830368041992,96.139297485352,0.0,0.0,30.0,3.138737,0.25,0.37225258350372314
3579,Kamaryut,Yangon City,MMR013D004,16.830368041992,96.140670776367,0.0,0.0,32.0,3.0307229,0.19999998807907104,0.3938554525375366
3580,Kamaryut,Yangon City,MMR013D004,16.830388,96.129918,0.0,0.0,18.0,0.0,0.550000011920929,1.0
3581,Kamaryut,Yangon City,MMR013D004,16.830577,96.122409,0.0,0.0,8.0,1.9091437,0.800000011920929,0.6181712746620178
3582,Kamaryut,Yangon City,MMR013D004,16.830597,96.121674,0.0,0.0,10.0,3.138737,0.75,0.37225258350372314
3583,Kamaryut,Yangon City,MMR013D004,16.830826,96.130829,0.0,0.0,18.0,3.0307229,0.550000011920929,0.3938554525375366
3584,Kamaryut,Yangon City,MMR013D004,16.830933,96.122414,0.0,0.0,7.0,1.3808141,0.824999988079071,0.7238371968269348
3585,Kamaryut,Yangon City,MMR013D004,16.831055,96.122818,0.0,0.0,8.0,0.0,0.800000011920929,1.0
3586,Kamaryut,Yangon City,MMR013D004,16.831192,96.131607,0.0,0.0,18.0,2.2111168,0.550000011920929,0.5577766299247742
3587,Kamaryut,Yangon City,MMR013D004,16.831284,96.127853,0.0,0.0,12.0,2.760026,0.699999988079071,0.44799482822418213
3588,Kamaryut,Yangon City,MMR013D004,16.831674,96.123421,0.0,0.0,11.0,1.3808141,0.7250000238418579,0.7238371968269348
3589,Kamaryut,Yangon City,MMR013D004,16.831741,96.120758,0.0,0.0,9.0,3.9416327,0.7749999761581421,0.21167343854904175
3590,Kamaryut,Yangon City,MMR013D004,16.831741333008,96.121444702148,0.0,0.0,10.0,0.9976483,0.75,0.8004703521728516
3591,Kamaryut,Yangon City,MMR013D004,16.831741333008,96.122817993164,0.0,0.0,11.0,1.9091437,0.7250000238418579,0.6181712746620178
3592,Kamaryut,Yangon City,MMR013D004,16.831741333008,96.12419128418,0.0,0.0,9.0,3.4869568,0.7749999761581421,0.3026086091995239
3593,Kamaryut,Yangon City,MMR013D004,16.831741333008,96.125564575195,0.0,0.0,11.0,4.8412433,0.7250000238418579,0.03175133466720581
3594,Kamaryut,Yangon City,MMR013D004,16.831741333008,96.126937866211,0.0,0.0,14.0,1.3808141,0.6499999761581421,0.7238371968269348
3595,Kamaryut,Yangon City,MMR013D004,16.831741333008,96.128311157227,0.0,0.0,13.0,4.8412433,0.675000011920929,0.03175133466720581
3596,Kamaryut,Yangon City,MMR013D004,16.831741,96.128998,0.0,0.0,15.0,5.7105665,0.625,0.0
3597,Kamaryut,Yangon City,MMR013D004,16.831741333008,96.129684448242,0.0,0.0,19.0,5.0660734,0.5249999761581421,0.0
3598,Kamaryut,Yangon City,MMR013D004,16.831741333008,96.131057739258,0.0,0.0,18.0,2.153755,0.550000011920929,0.5692490339279175
3599,Kamaryut,Yangon City,MMR013D004,16.831741333008,96.132431030273,0.0,0.0,22.0,2.760026,0.44999998807907104,0.44799482822418213
3600,Kamaryut,Yangon City,MMR013D004,16.831741,96.133118,0.0,0.0,27.0,1.3808141,0.32499998807907104,0.7238371968269348
3601,Kamaryut,Yangon City,MMR013D004,16.831741333008,96.139297485352,0.0,0.0,30.0,10.914678,0.25,0.0
3602,Kamaryut,Yangon City,MMR013D004,16.831741333008,96.140670776367,0.0,0.0,28.0,4.1360445,0.30000001192092896,0.17279112339019775
3603,Kamaryut,Yangon City,MMR013D004,16.831923,96.129461,0.0,0.0,13.0,7.2024827,0.675000011920929,0.0
3604,Kamaryut,Yangon City,MMR013D004,16.83195,96.129425,0.0,0.0,13.0,7.2024827,0.675000011920929,0.0
3605,Kamaryut,Yangon City,MMR013D004,16.832199,96.119614,0.0,0.0,7.0,6.2581224,0.824999988079071,0.0
3606,Kamaryut,Yangon City,MMR013D004,16.832199,96.134262,0.0,0.0,26.0,0.9976483,0.3500000238418579,0.8004703521728516
3607,Kamaryut,Yangon City,MMR013D004,16.832428,96.120758,0.0,0.0,7.0,0.9548369,0.824999988079071,0.8090326189994812
3608,Kamaryut,Yangon City,MMR013D004,16.832428,96.124878,0.0,0.0,7.0,0.0,0.824999988079071,1.0
3609,Kamaryut,Yangon City,MMR013D004,16.832428,96.126938,0.0,0.0,12.0,2.760026,0.699999988079071,0.44799482822418213
3610,Kamaryut,Yangon City,MMR013D004,16.832428,96.132431,0.0,0.0,20.0,2.760026,0.5,0.44799482822418213
3611,Kamaryut,Yangon City,MMR013D004,16.832451,96.127235,0.0,0.0,11.0,1.9946922,0.7250000238418579,0.6010615825653076
3612,Kamaryut,Yangon City,MMR013D004,16.832856,96.138844,0.0,0.0,26.0,3.0307229,0.3500000238418579,0.3938554525375366
3613,Kamaryut,Yangon City,MMR013D004,16.832901,96.137303,0.0,0.0,32.0,2.2111168,0.19999998807907104,0.5577766299247742
3614,Kamaryut,Yangon City,MMR013D004,16.833114624023,96.12419128418,0.0,0.0,9.0,3.138737,0.7749999761581421,0.37225258350372314
3615,Kamaryut,Yangon City,MMR013D004,16.833114624023,96.126937866211,0.0,0.0,13.0,1.9091437,0.675000011920929,0.6181712746620178
3616,Kamaryut,Yangon City,MMR013D004,16.833114624023,96.128311157227,0.0,0.0,13.0,1.3808141,0.675000011920929,0.7238371968269348
3617,Kamaryut,Yangon City,MMR013D004,16.833114624023,96.129684448242,0.0,0.0,17.0,4.9761953,0.574999988079071,0.004760921001434326
3618,Kamaryut,Yangon City,MMR013D004,16.833114624023,96.131057739258,0.0,0.0,20.0,0.9976483,0.5,0.8004703521728516
3619,Kamaryut,Yangon City,MMR013D004,16.833114624023,96.132431030273,0.0,0.0,20.0,0.9548369,0.5,0.8090326189994812
3620,Kamaryut,Yangon City,MMR013D004,16.833114624023,96.133804321289,0.0,0.0,24.0,3.9416327,0.3999999761581421,0.21167343854904175
3621,Kamaryut,Yangon City,MMR013D004,16.833114624023,96.135177612305,0.0,0.0,32.0,4.7636194,0.19999998807907104,0.04727613925933838
3622,Kamaryut,Yangon City,MMR013D004,16.833114624023,96.13655090332,0.0,0.0,31.0,4.9007516,0.2250000238418579,0.019849658012390137
3623,Kamaryut,Yangon City,MMR013D004,16.833114624023,96.137924194336,0.0,0.0,26.0,13.44746,0.3500000238418579,0.0
3624,Kamaryut,Yangon City,MMR013D004,16.833115,96.12886,0.0,0.0,13.0,0.9548369,0.675000011920929,0.8090326189994812
3625,Kamaryut,Yangon City,MMR013D004,16.833115,96.129685,0.0,0.0,17.0,4.9761953,0.574999988079071,0.004760921001434326
3626,Kamaryut,Yangon City,MMR013D004,16.833544,96.128139,0.0,0.0,14.0,1.3808141,0.6499999761581421,0.7238371968269348
3627,Kamaryut,Yangon City,MMR013D004,16.833801,96.128998,0.0,0.0,13.0,1.3808141,0.675000011920929,0.7238371968269348
3628,Kamaryut,Yangon City,MMR013D004,16.833801,96.133804,0.0,0.0,28.0,0.9976483,0.30000001192092896,0.8004703521728516
3629,Kamaryut,Yangon City,MMR013D004,16.833801,96.136551,0.0,0.0,31.0,11.679097,0.2250000238418579,0.0
3630,Kamaryut,Yangon City,MMR013D004,16.834179,96.128636,0.0,0.0,11.0,2.153755,0.7250000238418579,0.5692490339279175
3631,Kamaryut,Yangon City,MMR013D004,16.834259,96.12854,0.0,0.0,11.0,2.153755,0.7250000238418579,0.5692490339279175
3632,Kamaryut,Yangon City,MMR013D004,16.834487915039,96.126937866211,0.0,0.0,12.0,3.5461073,0.699999988079071,0.2907785177230835
3633,Kamaryut,Yangon City,MMR013D004,16.834488,96.127625,0.0,0.0,10.0,3.138737,0.75,0.37225258350372314
3634,Kamaryut,Yangon City,MMR013D004,16.834487915039,96.128311157227,0.0,0.0,11.0,2.760026,0.7250000238418579,0.44799482822418213
3635,Kamaryut,Yangon City,MMR013D004,16.834487915039,96.129684448242,0.0,0.0,12.0,0.0,0.699999988079071,1.0
3636,Kamaryut,Yangon City,MMR013D004,16.834487915039,96.132431030273,0.0,0.0,21.0,2.153755,0.4750000238418579,0.5692490339279175
3637,Kamaryut,Yangon City,MMR013D004,16.834487915039,96.133804321289,0.0,0.0,25.0,6.437088,0.375,0.0
3638,Kamaryut,Yangon City,MMR013D004,16.834487915039,96.135177612305,0.0,0.0,23.0,5.617232,0.42500001192092896,0.0
3639,Kamaryut,Yangon City,MMR013D004,16.834488,96.135582,0.0,0.0,23.0,4.7636194,0.42500001192092896,0.04727613925933838
3640,Kamaryut,Yangon City,MMR013D004,16.834487915039,96.13655090332,0.0,0.0,19.0,5.3264294,0.5249999761581421,0.0
3641,Kamaryut,Yangon City,MMR013D004,16.834488,96.137238,0.0,0.0,27.0,10.562353,0.32499998807907104,0.0
3642,Kamaryut,Yangon City,MMR013D004,16.834846,96.129784,0.0,0.0,14.0,1.9946922,0.6499999761581421,0.6010615825653076
3643,Kamaryut,Yangon City,MMR013D004,16.83495,96.12971,0.0,0.0,14.0,1.9946922,0.6499999761581421,0.6010615825653076
3644,Kamaryut,Yangon City,MMR013D004,16.834946,96.133804,0.0,0.0,18.0,4.1360445,0.550000011920929,0.17279112339019775
3645,Kamaryut,Yangon City,MMR013D004,16.835175,96.133804,0.0,0.0,18.0,1.9091437,0.550000011920929,0.6181712746620178
3646,Kamaryut,Yangon City,MMR013D004,16.835861206055,96.131057739258,0.0,0.0,12.0,3.138737,0.699999988079071,0.37225258350372314
3647,Kamaryut,Yangon City,MMR013D004,16.835861206055,96.133804321289,0.0,0.0,23.0,4.9761953,0.42500001192092896,0.004760921001434326
3648,Kamaryut,Yangon City,MMR013D004,16.835861,96.13472,0.0,0.0,17.0,6.949956,0.574999988079071,0.0
3649,Kamaryut,Yangon City,MMR013D004,16.837823,96.134589,0.3333333333333333,1.0,17.0,2.2111168,0.574999988079071,0.5577766299247742
3650,Kamaryut,Yangon City,MMR013D004,16.839981079102,96.135177612305,0.0,0.0,20.0,3.5461073,0.5,0.2907785177230835
3651,Kamaryut,Yangon City,MMR013D004,16.840668,96.135178,0.0,0.0,25.0,3.138737,0.375,0.37225258350372314
3652,Kyauktada,Yangon City,MMR013D004,16.769257,96.161957,0.0,0.0,21.0,8.149471,0.4750000238418579,0.0
3653,Kyauktada,Yangon City,MMR013D004,16.769257,96.16333,0.0,0.0,16.0,4.8660283,0.6000000238418579,0.02679431438446045
3654,Kyauktada,Yangon City,MMR013D004,16.769943237305,96.159896850586,0.0,0.0,17.0,13.525146,0.574999988079071,0.0
3655,Kyauktada,Yangon City,MMR013D004,16.769943,96.160172,0.0,0.0,21.0,14.548531,0.4750000238418579,0.0
3656,Kyauktada,Yangon City,MMR013D004,16.769943,96.160583,0.0,0.0,17.0,6.2581224,0.574999988079071,0.0
3657,Kyauktada,Yangon City,MMR013D004,16.769943237305,96.161270141602,0.0,0.0,19.0,6.2581224,0.5249999761581421,0.0
3658,Kyauktada,Yangon City,MMR013D004,16.769943,96.162415,0.0,0.0,22.0,3.0307229,0.44999998807907104,0.3938554525375366
3659,Kyauktada,Yangon City,MMR013D004,16.7699431186525,96.16264321630852,0.0,0.0,22.0,3.0307229,0.44999998807907104,0.3938554525375366
3660,Kyauktada,Yangon City,MMR013D004,16.769943237305,96.164016723633,0.0,0.0,17.0,2.862392,0.574999988079071,0.42752158641815186
3661,Kyauktada,Yangon City,MMR013D004,16.770401,96.15921,0.0,0.0,29.0,5.7105665,0.2749999761581421,0.0
3662,Kyauktada,Yangon City,MMR013D004,16.770401,96.159897,0.0,0.0,27.0,4.415667,0.32499998807907104,0.1168665885925293
3663,Kyauktada,Yangon City,MMR013D004,16.770401,96.160812,0.0,0.0,18.0,6.8722596,0.550000011920929,0.0
3664,Kyauktada,Yangon City,MMR013D004,16.770401,96.16127,0.0,0.0,16.0,3.8140574,0.6000000238418579,0.23718851804733276
3665,Kyauktada,Yangon City,MMR013D004,16.770401,96.161957,0.0,0.0,21.0,3.0307229,0.4750000238418579,0.3938554525375366
3666,Kyauktada,Yangon City,MMR013D004,16.770493,96.160721,0.0,0.0,21.0,7.065254,0.4750000238418579,0.0
3667,Kyauktada,Yangon City,MMR013D004,16.770554,96.159134,0.0,0.0,29.0,11.627377,0.2749999761581421,0.0
3668,Kyauktada,Yangon City,MMR013D004,16.770728,96.16127,0.0,0.0,20.0,4.7636194,0.5,0.04727613925933838
3669,Kyauktada,Yangon City,MMR013D004,16.770859,96.162186,0.0,0.0,20.0,0.0,0.5,1.0
3670,Kyauktada,Yangon City,MMR013D004,16.770859,96.163559,0.0,0.0,13.0,2.2111168,0.675000011920929,0.5577766299247742
3671,Kyauktada,Yangon City,MMR013D004,16.770859,96.164017,0.0,0.0,16.0,5.0660734,0.6000000238418579,0.0
3672,Kyauktada,Yangon City,MMR013D004,16.771141,96.161285,0.0,0.0,21.0,5.0660734,0.4750000238418579,0.0
3673,Kyauktada,Yangon City,MMR013D004,16.771164,96.16066,0.0,0.0,20.0,4.7636194,0.5,0.04727613925933838
3674,Kyauktada,Yangon City,MMR013D004,16.771192,96.16127,0.0,0.0,21.0,5.964852,0.4750000238418579,0.0
3675,Kyauktada,Yangon City,MMR013D004,16.771211,96.16127,0.0,0.0,21.0,5.964852,0.4750000238418579,0.0
3676,Kyauktada,Yangon City,MMR013D004,16.77131652832,96.15852355957,0.0,0.0,14.0,2.153755,0.6499999761581421,0.5692490339279175
3677,Kyauktada,Yangon City,MMR013D004,16.77131652832,96.159896850586,0.0,0.0,22.0,6.2587476,0.44999998807907104,0.0
3678,Kyauktada,Yangon City,MMR013D004,16.771317,96.160812,0.0,0.0,18.0,4.415667,0.550000011920929,0.1168665885925293
3679,Kyauktada,Yangon City,MMR013D004,16.77131652832,96.161270141602,0.0,0.0,21.0,5.964852,0.4750000238418579,0.0
3680,Kyauktada,Yangon City,MMR013D004,16.771317,96.161545,0.0,0.0,24.0,3.138737,0.3999999761581421,0.37225258350372314
3681,Kyauktada,Yangon City,MMR013D004,16.771317,96.161957,0.0,0.0,22.0,4.096654,0.44999998807907104,0.18066918849945068
3682,Kyauktada,Yangon City,MMR013D004,16.77131652832,96.162643432617,0.0,0.0,19.0,2.9905288,0.5249999761581421,0.401894211769104
3683,Kyauktada,Yangon City,MMR013D004,16.77131652832,96.164016723633,0.0,0.0,18.0,3.4869568,0.550000011920929,0.3026086091995239
3684,Kyauktada,Yangon City,MMR013D004,16.771317,96.164246,0.0,0.0,19.0,1.9091437,0.5249999761581421,0.6181712746620178
3685,Kyauktada,Yangon City,MMR013D004,16.771435,96.159948,0.0,0.0,22.0,6.2587476,0.44999998807907104,0.0
3686,Kyauktada,Yangon City,MMR013D004,16.771547,96.160193,0.0,0.0,19.0,2.760026,0.5249999761581421,0.44799482822418213
3687,Kyauktada,Yangon City,MMR013D004,16.771912,96.159815,0.0,0.0,16.0,8.530726,0.6000000238418579,0.0
3688,Kyauktada,Yangon City,MMR013D004,16.772003,96.158524,0.0,0.0,25.0,6.0445805,0.375,0.0
3689,Kyauktada,Yangon City,MMR013D004,16.772003,96.15921,0.0,0.0,14.0,6.0397077,0.6499999761581421,0.0
3690,Kyauktada,Yangon City,MMR013D004,16.772003,96.159897,0.0,0.0,12.0,4.3014402,0.699999988079071,0.13971197605133057
3691,Kyauktada,Yangon City,MMR013D004,16.772003,96.160812,0.0,0.0,19.0,0.9976483,0.5249999761581421,0.8004703521728516
3692,Kyauktada,Yangon City,MMR013D004,16.772003,96.16127,0.0,0.0,22.0,4.9761953,0.44999998807907104,0.004760921001434326
3693,Kyauktada,Yangon City,MMR013D004,16.772232,96.164017,0.0,0.0,21.0,3.5461073,0.4750000238418579,0.2907785177230835
3694,Kyauktada,Yangon City,MMR013D004,16.772443,96.159523,0.0,0.0,16.0,4.415667,0.6000000238418579,0.1168665885925293
3695,Kyauktada,Yangon City,MMR013D004,16.772494,96.159897,0.0,0.0,12.0,1.3808141,0.699999988079071,0.7238371968269348
3696,Kyauktada,Yangon City,MMR013D004,16.772689819336,96.15852355957,0.0,0.0,32.0,8.399607,0.19999998807907104,0.0
3697,Kyauktada,Yangon City,MMR013D004,16.772689819336,96.159896850586,0.0,0.0,13.0,4.415667,0.675000011920929,0.1168665885925293
3698,Kyauktada,Yangon City,MMR013D004,16.772689819336,96.161270141602,0.0,0.0,19.0,4.8412433,0.5249999761581421,0.03175133466720581
3699,Kyauktada,Yangon City,MMR013D004,16.77269,96.161728,0.0,0.0,17.0,9.025263,0.574999988079071,0.0
3700,Kyauktada,Yangon City,MMR013D004,16.772689819336,96.162643432617,0.0,0.0,18.0,3.0307229,0.550000011920929,0.3938554525375366
3701,Kyauktada,Yangon City,MMR013D004,16.77269,96.163101,0.0,0.0,17.0,2.760026,0.574999988079071,0.44799482822418213
3702,Kyauktada,Yangon City,MMR013D004,16.772689819336,96.164016723633,0.0,0.0,21.0,3.5461073,0.4750000238418579,0.2907785177230835
3703,Kyauktada,Yangon City,MMR013D004,16.772814,96.158948,0.0,0.0,12.0,9.220603,0.699999988079071,0.0
3704,Kyauktada,Yangon City,MMR013D004,16.773148,96.158524,0.0,0.0,10.0,12.225068,0.75,0.0
3705,Kyauktada,Yangon City,MMR013D004,16.773148,96.158981,0.0,0.0,12.0,4.9761953,0.699999988079071,0.004760921001434326
3706,Kyauktada,Yangon City,MMR013D004,16.773148,96.159897,0.0,0.0,8.0,4.415667,0.800000011920929,0.1168665885925293
3707,Kyauktada,Yangon City,MMR013D004,16.773177,96.160271,0.0,0.0,15.0,6.9482727,0.625,0.0
3708,Kyauktada,Yangon City,MMR013D004,16.773276,96.158698,0.0,0.0,13.0,6.0445805,0.675000011920929,0.0
3709,Kyauktada,Yangon City,MMR013D004,16.773376,96.15921,0.0,0.0,9.0,3.138737,0.7749999761581421,0.37225258350372314
3710,Kyauktada,Yangon City,MMR013D004,16.773376,96.160583,0.0,0.0,13.0,3.4869568,0.675000011920929,0.3026086091995239
3711,Kyauktada,Yangon City,MMR013D004,16.773376,96.16127,0.0,0.0,18.0,3.5461073,0.550000011920929,0.2907785177230835
3712,Kyauktada,Yangon City,MMR013D004,16.773406,96.158693,0.0,0.0,13.0,0.9976483,0.675000011920929,0.8004703521728516
3713,Kyauktada,Yangon City,MMR013D004,16.773606,96.158234,0.0,0.0,13.0,3.9845605,0.675000011920929,0.2030879259109497
3714,Kyauktada,Yangon City,MMR013D004,16.773617,96.158283,0.0,0.0,13.0,3.9845605,0.675000011920929,0.2030879259109497
3715,Kyauktada,Yangon City,MMR013D004,16.773671,96.160878,0.0,0.0,15.0,5.3264294,0.625,0.0
3716,Kyauktada,Yangon City,MMR013D004,16.773746,96.161247,0.0,0.0,18.0,3.5461073,0.550000011920929,0.2907785177230835
3717,Kyauktada,Yangon City,MMR013D004,16.773765,96.161957,0.0,0.0,19.0,6.437088,0.5249999761581421,0.0
3718,Kyauktada,Yangon City,MMR013D004,16.774063110352,96.15852355957,0.0,0.0,12.0,3.0307229,0.699999988079071,0.3938554525375366
3719,Kyauktada,Yangon City,MMR013D004,16.774063,96.158752,0.0,0.0,12.0,0.9548369,0.699999988079071,0.8090326189994812
3720,Kyauktada,Yangon City,MMR013D004,16.774063,96.158981,0.0,0.0,12.0,3.138737,0.699999988079071,0.37225258350372314
3721,Kyauktada,Yangon City,MMR013D004,16.774063,96.159439,0.0,0.0,9.0,2.9905288,0.7749999761581421,0.401894211769104
3722,Kyauktada,Yangon City,MMR013D004,16.774063110352,96.159896850586,0.0,0.0,9.0,2.2111168,0.7749999761581421,0.5577766299247742
3723,Kyauktada,Yangon City,MMR013D004,16.774063,96.160812,0.0,0.0,17.0,6.2581224,0.574999988079071,0.0
3724,Kyauktada,Yangon City,MMR013D004,16.774063055176,96.161270070801,0.0,0.0,20.0,7.013975,0.5,0.0
3725,Kyauktada,Yangon City,MMR013D004,16.774063,96.161957,0.0,0.0,25.0,8.399607,0.375,0.0
3726,Kyauktada,Yangon City,MMR013D004,16.774063110352,96.162643432617,0.0,0.0,17.0,6.2587476,0.574999988079071,0.0
3727,Kyauktada,Yangon City,MMR013D004,16.774063110352,96.164016723633,0.0,0.0,17.0,1.3808141,0.574999988079071,0.7238371968269348
3728,Kyauktada,Yangon City,MMR013D004,16.774292,96.158524,0.0,0.0,14.0,2.153755,0.6499999761581421,0.5692490339279175
3729,Kyauktada,Yangon City,MMR013D004,16.774292,96.162643,0.0,0.0,17.0,2.9905288,0.574999988079071,0.401894211769104
3730,Kyauktada,Yangon City,MMR013D004,16.774338,96.158524,0.0,0.0,14.0,2.153755,0.6499999761581421,0.5692490339279175
3731,Kyauktada,Yangon City,MMR013D004,16.774415,96.163,0.0,0.0,15.0,3.0307229,0.625,0.3938554525375366
3732,Kyauktada,Yangon City,MMR013D004,16.774521,96.163559,0.0,0.0,18.0,0.9548369,0.550000011920929,0.8090326189994812
3733,Kyauktada,Yangon City,MMR013D004,16.774601,96.161736,0.0,0.0,17.0,14.068844,0.574999988079071,0.0
3734,Kyauktada,Yangon City,MMR013D004,16.774652,96.160682,0.0,0.0,18.0,2.2111168,0.550000011920929,0.5577766299247742
3735,Kyauktada,Yangon City,MMR013D004,16.774723,96.162476,0.0,0.0,18.0,3.0307229,0.550000011920929,0.3938554525375366
3736,Kyauktada,Yangon City,MMR013D004,16.77475,96.16127,0.0,0.0,13.0,1.3808141,0.675000011920929,0.7238371968269348
3737,Kyauktada,Yangon City,MMR013D004,16.774766,96.160194,0.0,0.0,15.0,5.3264294,0.625,0.0
3738,Kyauktada,Yangon City,MMR013D004,16.774979,96.158981,0.0,0.0,13.0,2.2111168,0.675000011920929,0.5577766299247742
3739,Kyauktada,Yangon City,MMR013D004,16.775162,96.158798,0.0,0.0,12.0,0.9548369,0.699999988079071,0.8090326189994812
3740,Kyauktada,Yangon City,MMR013D004,16.775162,96.160995,0.0,0.0,17.0,1.9091437,0.574999988079071,0.6181712746620178
3741,Kyauktada,Yangon City,MMR013D004,16.775436401367,96.15852355957,0.0,0.0,13.0,3.138737,0.675000011920929,0.37225258350372314
3742,Kyauktada,Yangon City,MMR013D004,16.7754362006835,96.159896925293,0.0,0.0,18.0,4.8660283,0.550000011920929,0.02679431438446045
3743,Kyauktada,Yangon City,MMR013D004,16.775436401367,96.161270141602,0.0,0.0,19.0,3.138737,0.5249999761581421,0.37225258350372314
3744,Kyauktada,Yangon City,MMR013D004,16.775436,96.161957,0.0,0.0,19.0,6.949956,0.5249999761581421,0.0
3745,Kyauktada,Yangon City,MMR013D004,16.775436401367,96.162643432617,0.0,0.0,21.0,1.3808141,0.4750000238418579,0.7238371968269348
3746,Kyauktada,Yangon City,MMR013D004,16.775436401367,96.164016723633,0.0,0.0,19.0,3.138737,0.5249999761581421,0.37225258350372314
3747,Kyauktada,Yangon City,MMR013D004,16.775665,96.160126,0.0,0.0,21.0,5.617232,0.4750000238418579,0.0
3748,Kyauktada,Yangon City,MMR013D004,16.775711,96.161682,0.0,0.0,14.0,2.153755,0.6499999761581421,0.5692490339279175
3749,Kyauktada,Yangon City,MMR013D004,16.775711,96.162369,0.0,0.0,20.0,5.507302,0.5,0.0
3750,Kyauktada,Yangon City,MMR013D004,16.77578,96.160584,0.0,0.0,17.0,6.1986523,0.574999988079071,0.0
3751,Kyauktada,Yangon City,MMR013D004,16.776019,96.15977,0.0,0.0,20.0,6.2587476,0.5,0.0
3752,Kyauktada,Yangon City,MMR013D004,16.776123,96.158524,0.0,0.0,20.0,6.2581224,0.5,0.0
3753,Kyauktada,Yangon City,MMR013D004,16.776123,96.159554,0.0,0.0,18.0,3.5461073,0.550000011920929,0.2907785177230835
3754,Kyauktada,Yangon City,MMR013D004,16.776123,96.162643,0.0,0.0,17.0,3.9845605,0.574999988079071,0.2030879259109497
3755,Kyauktada,Yangon City,MMR013D004,16.776505,96.158524,0.0,0.0,20.0,5.733568,0.5,0.0
3756,Kyauktada,Yangon City,MMR013D004,16.776535,96.158524,0.0,0.0,20.0,5.733568,0.5,0.0
3757,Kyauktada,Yangon City,MMR013D004,16.776535,96.16127,0.0,0.0,20.0,2.2111168,0.5,0.5577766299247742
3758,Kyauktada,Yangon City,MMR013D004,16.776809692383,96.15852355957,0.0,0.0,17.0,6.0445805,0.574999988079071,0.0
3759,Kyauktada,Yangon City,MMR013D004,16.77681,96.158867,0.0,0.0,17.0,2.153755,0.574999988079071,0.5692490339279175
3760,Kyauktada,Yangon City,MMR013D004,16.776809692383,96.159896850586,0.0,0.0,17.0,1.9091437,0.574999988079071,0.6181712746620178
3761,Kyauktada,Yangon City,MMR013D004,16.77681,96.160309,0.0,0.0,17.0,1.9091437,0.574999988079071,0.6181712746620178
3762,Kyauktada,Yangon City,MMR013D004,16.77681,96.160355,0.0,0.0,17.0,1.9091437,0.574999988079071,0.6181712746620178
3763,Kyauktada,Yangon City,MMR013D004,16.776809692383,96.161270141602,0.0,0.0,21.0,2.153755,0.4750000238418579,0.5692490339279175
3764,Kyauktada,Yangon City,MMR013D004,16.77681,96.161728,0.0,0.0,16.0,4.415667,0.6000000238418579,0.1168665885925293
3765,Kyauktada,Yangon City,MMR013D004,16.776809692383,96.162643432617,0.0,0.0,19.0,0.9548369,0.5249999761581421,0.8090326189994812
3766,Kyauktada,Yangon City,MMR013D004,16.77681,96.16333,0.0,0.0,18.0,3.0307229,0.550000011920929,0.3938554525375366
3767,Kyauktada,Yangon City,MMR013D004,16.77681,96.163559,0.0,0.0,18.0,1.9946922,0.550000011920929,0.6010615825653076
3768,Kyauktada,Yangon City,MMR013D004,16.77681,96.163742,0.0,0.0,18.0,1.9946922,0.550000011920929,0.6010615825653076
3769,Kyauktada,Yangon City,MMR013D004,16.776809692383,96.164016723633,0.0,0.0,20.0,2.760026,0.5,0.44799482822418213
3770,Kyauktada,Yangon City,MMR013D004,16.77689,96.159735,0.0,0.0,20.0,4.3014402,0.5,0.13971197605133057
3771,Kyauktada,Yangon City,MMR013D004,16.777084,96.15976,0.0,0.0,20.0,4.3014402,0.5,0.13971197605133057
3772,Kyauktada,Yangon City,MMR013D004,16.777202,96.159112,0.0,0.0,21.0,7.013975,0.4750000238418579,0.0
3773,Kyauktada,Yangon City,MMR013D004,16.777359,96.158798,0.0,0.0,15.0,11.948097,0.625,0.0
3774,Kyauktada,Yangon City,MMR013D004,16.777496,96.159554,0.0,0.0,20.0,2.153755,0.5,0.5692490339279175
3775,Kyauktada,Yangon City,MMR013D004,16.777496,96.16127,0.0,0.0,21.0,2.760026,0.4750000238418579,0.44799482822418213
3776,Kyauktada,Yangon City,MMR013D004,16.777725,96.16188,0.0,0.0,16.0,1.3808141,0.6000000238418579,0.7238371968269348
3777,Kyauktada,Yangon City,MMR013D004,16.778036,96.162033,0.0,0.0,18.0,2.153755,0.550000011920929,0.5692490339279175
3778,Kyauktada,Yangon City,MMR013D004,16.778182983398,96.15852355957,0.0,0.0,25.0,17.596092,0.375,0.0
3779,Kyauktada,Yangon City,MMR013D004,16.778183,96.158981,0.0,0.0,17.0,5.507302,0.574999988079071,0.0
3780,Kyauktada,Yangon City,MMR013D004,16.778182983398,96.159896850586,0.0,0.0,22.0,4.415667,0.44999998807907104,0.1168665885925293
3781,Kyauktada,Yangon City,MMR013D004,16.778182983398,96.161270141602,0.0,0.0,19.0,1.9091437,0.5249999761581421,0.6181712746620178
3782,Kyauktada,Yangon City,MMR013D004,16.778183,96.161957,0.0,0.0,18.0,2.153755,0.550000011920929,0.5692490339279175
3783,Kyauktada,Yangon City,MMR013D004,16.778182983398,96.164016723633,0.0,0.0,20.0,4.1360445,0.5,0.17279112339019775
3784,Kyauktada,Yangon City,MMR013D004,16.77832,96.160583,0.0,0.0,18.0,4.415667,0.550000011920929,0.1168665885925293
3785,Kyauktada,Yangon City,MMR013D004,16.778641,96.159439,0.0,0.0,27.0,10.649493,0.32499998807907104,0.0
3786,Kyauktada,Yangon City,MMR013D004,16.778732,96.159073,0.0,0.0,32.0,15.973518,0.19999998807907104,0.0
3787,Kyauktada,Yangon City,MMR013D004,16.778772,96.163036,0.0,0.0,21.0,5.507302,0.4750000238418579,0.0
3788,Kyauktada,Yangon City,MMR013D004,16.779213,96.160583,0.0,0.0,16.0,5.7959256,0.6000000238418579,0.0
3789,Kyauktan,Kyauktan,MMR013D003,16.631240844727,96.323318481445,0.0,0.0,8.0,2.153755,0.800000011920929,0.5692490339279175
3790,Kyauktan,Kyauktan,MMR013D003,16.631240844727,96.324691772461,0.0,0.0,6.0,9.614329,0.8500000238418579,0.0
3791,Kyauktan,Kyauktan,MMR013D003,16.632614135742,96.324691772461,0.0,0.0,14.0,1.3808141,0.6499999761581421,0.7238371968269348
3792,Kyauktan,Kyauktan,MMR013D003,16.632614135742,96.326065063477,0.0,0.0,8.0,1.9091437,0.800000011920929,0.6181712746620178
3793,Kyauktan,Kyauktan,MMR013D003,16.633987426758,96.327438354492,0.0,0.0,12.0,2.2111168,0.699999988079071,0.5577766299247742
3794,Kyauktan,Kyauktan,MMR013D003,16.639595,96.324768,0.0,0.0,21.0,3.0307229,0.4750000238418579,0.3938554525375366
3795,Kyauktan,Kyauktan,MMR013D003,16.64015,96.3246,0.0,0.0,21.0,1.3808141,0.4750000238418579,0.7238371968269348
3796,Kyauktan,Kyauktan,MMR013D003,16.640853881836,96.265640258789,0.7739760316291208,4.0,6.0,1.3808141,0.8500000238418579,0.7238371968269348
3797,Kyauktan,Kyauktan,MMR013D003,16.640853881836,96.267013549805,0.0,0.0,5.0,0.9548369,0.875,0.8090326189994812
3798,Kyauktan,Kyauktan,MMR013D003,16.640853881836,96.26838684082,0.3333333333333333,1.0,5.0,3.0307229,0.875,0.3938554525375366
3799,Kyauktan,Kyauktan,MMR013D003,16.640853881836,96.272506713867,0.3333333333333333,1.0,5.0,2.153755,0.875,0.5692490339279175
3800,Kyauktan,Kyauktan,MMR013D003,16.64095,96.324432,0.0,0.0,19.0,1.3808141,0.5249999761581421,0.7238371968269348
3801,Kyauktan,Kyauktan,MMR013D003,16.666946411133,96.269760131836,0.0,0.0,8.0,1.9946922,0.800000011920929,0.6010615825653076
3802,Kyauktan,Kyauktan,MMR013D003,16.668319702148,96.251907348633,0.0,0.0,8.0,3.0307229,0.800000011920929,0.3938554525375366
3803,Kyauktan,Kyauktan,MMR013D003,16.669692993164,96.276626586914,0.0,0.0,6.0,1.3808141,0.8500000238418579,0.7238371968269348
3804,Kyauktan,Kyauktan,MMR013D003,16.669692993164,96.279373168945,0.0,0.0,6.0,4.096654,0.8500000238418579,0.18066918849945068
3805,Kyauktan,Kyauktan,MMR013D003,16.67106628418,96.279373168945,0.0,0.0,8.0,1.3808141,0.800000011920929,0.7238371968269348
3806,Kyauktan,Kyauktan,MMR013D003,16.672439575195,96.282119750977,0.0,0.0,8.0,4.096654,0.800000011920929,0.18066918849945068
3807,Kyauktan,Kyauktan,MMR013D003,16.677932739258,96.267013549805,0.0,0.0,9.0,2.862392,0.7749999761581421,0.42752158641815186
3808,Kyauktan,Kyauktan,MMR013D003,16.686172485352,96.309585571289,0.0,0.0,23.0,0.0,0.42500001192092896,1.0
3809,Kyeemyindaing,Yangon City,MMR013D004,16.794397,96.123878,0.0,0.0,11.0,1.3808141,0.7250000238418579,0.7238371968269348
3810,Kyeemyindaing,Yangon City,MMR013D004,16.794662475586,96.122817993164,0.0,0.0,14.0,1.3808141,0.6499999761581421,0.7238371968269348
3811,Kyeemyindaing,Yangon City,MMR013D004,16.794662475586,96.125564575195,0.0,0.0,12.0,0.9548369,0.699999988079071,0.8090326189994812
3812,Kyeemyindaing,Yangon City,MMR013D004,16.794662475586,96.126937866211,0.0,0.0,11.0,0.9976483,0.7250000238418579,0.8004703521728516
3813,Kyeemyindaing,Yangon City,MMR013D004,16.794662475586,96.128311157227,0.0,0.0,13.0,4.9007516,0.675000011920929,0.019849658012390137
3814,Kyeemyindaing,Yangon City,MMR013D004,16.795349,96.126251,0.0,0.0,16.0,3.0307229,0.6000000238418579,0.3938554525375366
3815,Kyeemyindaing,Yangon City,MMR013D004,16.796035766602,96.122817993164,0.0,0.0,11.0,2.153755,0.7250000238418579,0.5692490339279175
3816,Kyeemyindaing,Yangon City,MMR013D004,16.796035766602,96.125564575195,0.0,0.0,21.0,4.415667,0.4750000238418579,0.1168665885925293
3817,Kyeemyindaing,Yangon City,MMR013D004,16.796036,96.127853,0.0,0.0,13.0,1.3808141,0.675000011920929,0.7238371968269348
3818,Kyeemyindaing,Yangon City,MMR013D004,16.796494,96.126022,0.0,0.0,19.0,4.096654,0.5249999761581421,0.18066918849945068
3819,Kyeemyindaing,Yangon City,MMR013D004,16.797409057617,96.122817993164,0.0,0.0,12.0,1.9946922,0.699999988079071,0.6010615825653076
3820,Kyeemyindaing,Yangon City,MMR013D004,16.797409057617,96.125564575195,0.0,0.0,21.0,1.9091437,0.4750000238418579,0.6181712746620178
3821,Kyeemyindaing,Yangon City,MMR013D004,16.797409057617,96.126937866211,0.0,0.0,17.0,6.8722596,0.574999988079071,0.0
3822,Kyeemyindaing,Yangon City,MMR013D004,16.797667,96.122604,0.0,0.0,9.0,4.096654,0.7749999761581421,0.18066918849945068
3823,Kyeemyindaing,Yangon City,MMR013D004,16.798782348633,96.122817993164,0.0,0.0,13.0,2.2111168,0.675000011920929,0.5577766299247742
3824,Kyeemyindaing,Yangon City,MMR013D004,16.798782348633,96.125564575195,0.0,0.0,18.0,5.1608467,0.550000011920929,0.0
3825,Kyeemyindaing,Yangon City,MMR013D004,16.798782,96.126251,0.0,0.0,19.0,4.8660283,0.5249999761581421,0.02679431438446045
3826,Kyeemyindaing,Yangon City,MMR013D004,16.798782348633,96.126937866211,0.0,0.0,18.0,3.9845605,0.550000011920929,0.2030879259109497
3827,Kyeemyindaing,Yangon City,MMR013D004,16.800155639648,96.125564575195,0.0,0.0,22.0,1.3808141,0.44999998807907104,0.7238371968269348
3828,Kyeemyindaing,Yangon City,MMR013D004,16.800156,96.126251,0.0,0.0,22.0,1.9091437,0.44999998807907104,0.6181712746620178
3829,Kyeemyindaing,Yangon City,MMR013D004,16.800527,96.122391,0.0,0.0,10.0,1.9946922,0.75,0.6010615825653076
3830,Kyeemyindaing,Yangon City,MMR013D004,16.801528930664,96.121444702148,0.0,0.0,10.0,3.138737,0.75,0.37225258350372314
3831,Kyeemyindaing,Yangon City,MMR013D004,16.801528930664,96.122817993164,0.0,0.0,18.0,2.153755,0.550000011920929,0.5692490339279175
3832,Kyeemyindaing,Yangon City,MMR013D004,16.801528930664,96.125564575195,0.0,0.0,19.0,1.3808141,0.5249999761581421,0.7238371968269348
3833,Kyeemyindaing,Yangon City,MMR013D004,16.802673,96.125565,0.0,0.0,18.0,0.9976483,0.550000011920929,0.8004703521728516
3834,Kyeemyindaing,Yangon City,MMR013D004,16.802759,96.126045,0.0,0.0,20.0,3.138737,0.5,0.37225258350372314
3835,Kyeemyindaing,Yangon City,MMR013D004,16.80290222168,96.122817993164,0.0,0.0,18.0,1.3808141,0.550000011920929,0.7238371968269348
3836,Kyeemyindaing,Yangon City,MMR013D004,16.802902,96.123505,0.0,0.0,20.0,2.9905288,0.5,0.401894211769104
3837,Kyeemyindaing,Yangon City,MMR013D004,16.80290222168,96.125564575195,0.0,0.0,18.0,0.0,0.550000011920929,1.0
3838,Kyeemyindaing,Yangon City,MMR013D004,16.803387,96.122177,0.0,0.0,14.0,4.9761953,0.6499999761581421,0.004760921001434326
3839,Kyeemyindaing,Yangon City,MMR013D004,16.803589,96.122818,0.0,0.0,16.0,1.9091437,0.6000000238418579,0.6181712746620178
3840,Kyeemyindaing,Yangon City,MMR013D004,16.804275512695,96.122817993164,0.0,0.0,18.0,1.3808141,0.550000011920929,0.7238371968269348
3841,Kyeemyindaing,Yangon City,MMR013D004,16.804276,96.123367,0.0,0.0,18.0,1.3808141,0.550000011920929,0.7238371968269348
3842,Kyeemyindaing,Yangon City,MMR013D004,16.804275512695,96.12419128418,0.0,0.0,19.0,0.9548369,0.5249999761581421,0.8090326189994812
3843,Kyeemyindaing,Yangon City,MMR013D004,16.804275512695,96.125564575195,0.0,0.0,15.0,4.3014402,0.625,0.13971197605133057
3844,Kyeemyindaing,Yangon City,MMR013D004,16.805393,96.125401,0.0,0.0,20.0,2.2111168,0.5,0.5577766299247742
3845,Kyeemyindaing,Yangon City,MMR013D004,16.805648803711,96.122817993164,0.0,0.0,21.0,1.3808141,0.4750000238418579,0.7238371968269348
3846,Kyeemyindaing,Yangon City,MMR013D004,16.805648803711,96.125564575195,0.0,0.0,18.0,4.096654,0.550000011920929,0.18066918849945068
3847,Kyeemyindaing,Yangon City,MMR013D004,16.806026,96.122055,0.0,0.0,13.0,7.612252,0.675000011920929,0.0
3848,Kyeemyindaing,Yangon City,MMR013D004,16.806061,96.122101,0.0,0.0,13.0,7.612252,0.675000011920929,0.0
3849,Kyeemyindaing,Yangon City,MMR013D004,16.806107,96.126022,0.0,0.0,17.0,1.3808141,0.574999988079071,0.7238371968269348
3850,Kyeemyindaing,Yangon City,MMR013D004,16.806574,96.121907,0.0,0.0,13.0,11.198167,0.675000011920929,0.0
3851,Kyeemyindaing,Yangon City,MMR013D004,16.806999,96.126358,0.0,0.0,17.0,0.9976483,0.574999988079071,0.8004703521728516
3852,Kyeemyindaing,Yangon City,MMR013D004,16.807022094727,96.12419128418,0.0,0.0,19.0,0.9548369,0.5249999761581421,0.8090326189994812
3853,Kyeemyindaing,Yangon City,MMR013D004,16.807022094727,96.125564575195,0.0,0.0,19.0,0.9976483,0.5249999761581421,0.8004703521728516
3854,Kyeemyindaing,Yangon City,MMR013D004,16.807243,96.124371,0.0,0.0,19.0,2.9905288,0.5249999761581421,0.401894211769104
3855,Kyeemyindaing,Yangon City,MMR013D004,16.807352,96.123452,0.0,0.0,19.0,4.9007516,0.5249999761581421,0.019849658012390137
3856,Kyeemyindaing,Yangon City,MMR013D004,16.807495,96.122055,0.0,0.0,18.0,8.419388,0.550000011920929,0.0
3857,Kyeemyindaing,Yangon City,MMR013D004,16.807567,96.123708,0.0,0.0,20.0,4.8660283,0.5,0.02679431438446045
3858,Kyeemyindaing,Yangon City,MMR013D004,16.807875,96.123283,0.0,0.0,17.0,0.9976483,0.574999988079071,0.8004703521728516
3859,Kyeemyindaing,Yangon City,MMR013D004,16.808167,96.125565,0.0,0.0,21.0,2.153755,0.4750000238418579,0.5692490339279175
3860,Kyeemyindaing,Yangon City,MMR013D004,16.808365,96.121979,0.0,0.0,15.0,3.5461073,0.625,0.2907785177230835
3861,Kyeemyindaing,Yangon City,MMR013D004,16.808395385742,96.121444702148,0.0,0.0,14.0,7.505716,0.6499999761581421,0.0
3862,Kyeemyindaing,Yangon City,MMR013D004,16.808395385742,96.125564575195,0.0,0.0,20.0,0.9976483,0.5,0.8004703521728516
3863,Kyeemyindaing,Yangon City,MMR013D004,16.808432,96.123426,0.0,0.0,16.0,3.0307229,0.6000000238418579,0.3938554525375366
3864,Kyeemyindaing,Yangon City,MMR013D004,16.808695,96.123322,0.0,0.0,18.0,1.3808141,0.550000011920929,0.7238371968269348
3865,Kyeemyindaing,Yangon City,MMR013D004,16.808735,96.122025,0.0,0.0,16.0,2.760026,0.6000000238418579,0.44799482822418213
3866,Kyeemyindaing,Yangon City,MMR013D004,16.809059,96.124619,0.0,0.0,18.0,5.0660734,0.550000011920929,0.0
3867,Kyeemyindaing,Yangon City,MMR013D004,16.809252,96.124702,0.0,0.0,20.0,1.3808141,0.5,0.7238371968269348
3868,Kyeemyindaing,Yangon City,MMR013D004,16.809768676758,96.121444702148,0.0,0.0,14.0,7.013975,0.6499999761581421,0.0
3869,Kyeemyindaing,Yangon City,MMR013D004,16.809768676758,96.125564575195,0.0,0.0,19.0,3.138737,0.5249999761581421,0.37225258350372314
3870,Kyeemyindaing,Yangon City,MMR013D004,16.809817,96.124207,0.0,0.0,19.0,2.2111168,0.5249999761581421,0.5577766299247742
3871,Kyeemyindaing,Yangon City,MMR013D004,16.810799,96.125565,0.0,0.0,23.0,3.8140574,0.42500001192092896,0.23718851804733276
3872,Kyeemyindaing,Yangon City,MMR013D004,16.810957,96.122879,0.0,0.0,19.0,0.0,0.5249999761581421,1.0
3873,Kyeemyindaing,Yangon City,MMR013D004,16.811141967773,96.121444702148,0.0,0.0,15.0,6.8722596,0.625,0.0
3874,Kyeemyindaing,Yangon City,MMR013D004,16.811141967773,96.122817993164,0.0,0.0,19.0,0.0,0.5249999761581421,1.0
3875,Kyeemyindaing,Yangon City,MMR013D004,16.811141967773,96.12419128418,0.0,0.0,22.0,1.9946922,0.44999998807907104,0.6010615825653076
3876,Kyeemyindaing,Yangon City,MMR013D004,16.811141967773,96.125564575195,0.0,0.0,22.0,5.7105665,0.44999998807907104,0.0
3877,Kyeemyindaing,Yangon City,MMR013D004,16.811829,96.123505,0.0,0.0,19.0,0.0,0.5249999761581421,1.0
3878,Kyeemyindaing,Yangon City,MMR013D004,16.811829,96.125565,0.0,0.0,18.0,2.760026,0.550000011920929,0.44799482822418213
3879,Kyeemyindaing,Yangon City,MMR013D004,16.81189,96.122383,0.0,0.0,19.0,0.9976483,0.5249999761581421,0.8004703521728516
3880,Kyeemyindaing,Yangon City,MMR013D004,16.812515258789,96.121444702148,0.0,0.0,17.0,4.8412433,0.574999988079071,0.03175133466720581
3881,Kyeemyindaing,Yangon City,MMR013D004,16.812515258789,96.125564575195,0.0,0.0,13.0,0.9976483,0.675000011920929,0.8004703521728516
3882,Kyeemyindaing,Yangon City,MMR013D004,16.812634,96.122055,0.0,0.0,20.0,0.0,0.5,1.0
3883,Kyeemyindaing,Yangon City,MMR013D004,16.812732,96.12204,0.0,0.0,19.0,2.153755,0.5249999761581421,0.5692490339279175
3884,Kyeemyindaing,Yangon City,MMR013D004,16.813517,96.12117,0.0,0.0,15.0,2.760026,0.625,0.44799482822418213
3885,Kyeemyindaing,Yangon City,MMR013D004,16.813888549805,96.120071411133,0.0,0.0,0.0,5.964852,1.0,0.0
3886,Kyeemyindaing,Yangon City,MMR013D004,16.813888549805,96.125564575195,0.0,0.0,22.0,0.0,0.44999998807907104,1.0
3887,Kyeemyindaing,Yangon City,MMR013D004,16.81526184082,96.121444702148,0.0,0.0,13.0,2.9905288,0.675000011920929,0.401894211769104
3888,Kyeemyindaing,Yangon City,MMR013D004,16.81526184082,96.122817993164,0.0,0.0,16.0,1.9091437,0.6000000238418579,0.6181712746620178
3889,Kyeemyindaing,Yangon City,MMR013D004,16.81526184082,96.12419128418,0.0,0.0,14.0,2.2111168,0.6499999761581421,0.5577766299247742
3890,Kyeemyindaing,Yangon City,MMR013D004,16.815262,96.124878,0.0,0.0,17.0,2.2111168,0.574999988079071,0.5577766299247742
3891,Kyeemyindaing,Yangon City,MMR013D004,16.81526184082,96.125564575195,0.0,0.0,17.0,0.0,0.574999988079071,1.0
3892,Kyeemyindaing,Yangon City,MMR013D004,16.81572,96.125565,0.0,0.0,18.0,1.9946922,0.550000011920929,0.6010615825653076
3893,Kyeemyindaing,Yangon City,MMR013D004,16.816635131836,96.121444702148,0.0,0.0,14.0,1.3808141,0.6499999761581421,0.7238371968269348
3894,Kyeemyindaing,Yangon City,MMR013D004,16.816635131836,96.12419128418,0.0,0.0,16.0,1.9946922,0.6000000238418579,0.6010615825653076
3895,Kyeemyindaing,Yangon City,MMR013D004,16.816635131836,96.125564575195,0.0,0.0,20.0,2.862392,0.5,0.42752158641815186
3896,Kyeemyindaing,Yangon City,MMR013D004,16.816673,96.122055,0.0,0.0,14.0,0.0,0.6499999761581421,1.0
3897,Kyeemyindaing,Yangon City,MMR013D004,16.816729,96.122055,0.0,0.0,14.0,0.0,0.6499999761581421,1.0
3898,Kyeemyindaing,Yangon City,MMR013D004,16.817322,96.121445,0.0,0.0,13.0,2.2111168,0.675000011920929,0.5577766299247742
3899,Kyeemyindaing,Yangon City,MMR013D004,16.817322,96.122131,0.0,0.0,13.0,2.153755,0.675000011920929,0.5692490339279175
3900,Kyeemyindaing,Yangon City,MMR013D004,16.817866,96.121845,0.0,0.0,14.0,4.1360445,0.6499999761581421,0.17279112339019775
3901,Kyeemyindaing,Yangon City,MMR013D004,16.818008,96.124954,0.0,0.0,17.0,0.9976483,0.574999988079071,0.8004703521728516
3902,Kyeemyindaing,Yangon City,MMR013D004,16.818314,96.12381,0.0,0.0,17.0,2.153755,0.574999988079071,0.5692490339279175
3903,Kyeemyindaing,Yangon City,MMR013D004,16.819002,96.121635,0.0,0.0,15.0,3.4869568,0.625,0.3026086091995239
3904,Kyeemyindaing,Yangon City,MMR013D004,16.819381713867,96.121444702148,0.0,0.0,12.0,4.7636194,0.699999988079071,0.04727613925933838
3905,Kyeemyindaing,Yangon City,MMR013D004,16.819381713867,96.122817993164,0.0,0.0,13.0,0.9548369,0.675000011920929,0.8090326189994812
3906,Lanmadaw,Yangon City,MMR013D004,16.767883,96.162643,0.0,0.0,6.0,4.3014402,0.8500000238418579,0.13971197605133057
3907,Lanmadaw,Yangon City,MMR013D004,16.768569946289,96.159896850586,0.0,0.0,0.0,1.9091437,1.0,0.6181712746620178
3908,Lanmadaw,Yangon City,MMR013D004,16.768569946289,96.161270141602,0.0,0.0,10.0,4.1360445,0.75,0.17279112339019775
3909,Lanmadaw,Yangon City,MMR013D004,16.768569946289,96.162643432617,0.0,0.0,16.0,2.2111168,0.6000000238418579,0.5577766299247742
3910,Lanmadaw,Yangon City,MMR013D004,16.768569946289,96.164016723633,0.0,0.0,9.0,2.153755,0.7749999761581421,0.5692490339279175
3911,Lanmadaw,Yangon City,MMR013D004,16.769943237305,96.15852355957,0.0,0.0,8.0,3.5461073,0.800000011920929,0.2907785177230835
3912,Lanmadaw,Yangon City,MMR013D004,16.77063,96.157837,0.0,0.0,11.0,12.263299,0.7250000238418579,0.0
3913,Lanmadaw,Yangon City,MMR013D004,16.77131652832,96.153030395508,0.0,0.0,4.0,6.437088,0.8999999761581421,0.0
3914,Lanmadaw,Yangon City,MMR013D004,16.77131652832,96.154403686523,0.0,0.0,8.0,5.7959256,0.800000011920929,0.0
3915,Lanmadaw,Yangon City,MMR013D004,16.772003,96.150284,0.0,0.0,11.0,7.6583467,0.7250000238418579,0.0
3916,Lanmadaw,Yangon City,MMR013D004,16.772689819336,96.144790649414,0.0,0.0,5.0,6.7274427,0.875,0.0
3917,Lanmadaw,Yangon City,MMR013D004,16.772689819336,96.14616394043,0.0,0.0,12.0,10.914678,0.699999988079071,0.0
3918,Lanmadaw,Yangon City,MMR013D004,16.772689819336,96.147537231445,0.0,0.0,16.0,2.2111168,0.6000000238418579,0.5577766299247742
3919,Lanmadaw,Yangon City,MMR013D004,16.773376,96.146164,0.0,0.0,16.0,1.9946922,0.6000000238418579,0.6010615825653076
3920,Lanmadaw,Yangon City,MMR013D004,16.773855,96.147146,0.0,0.0,14.0,1.3808141,0.6499999761581421,0.7238371968269348
3921,Lanmadaw,Yangon City,MMR013D004,16.773882,96.14716,0.0,0.0,13.0,0.9548369,0.675000011920929,0.8090326189994812
3922,Lanmadaw,Yangon City,MMR013D004,16.774063110352,96.13655090332,0.0,0.0,4.0,3.0307229,0.8999999761581421,0.3938554525375366
3923,Lanmadaw,Yangon City,MMR013D004,16.774063,96.141357,0.0,0.0,7.0,2.760026,0.824999988079071,0.44799482822418213
3924,Lanmadaw,Yangon City,MMR013D004,16.774063110352,96.142044067383,0.0,0.0,8.0,1.9946922,0.800000011920929,0.6010615825653076
3925,Lanmadaw,Yangon City,MMR013D004,16.774063,96.142731,0.0,0.0,9.0,0.9548369,0.7749999761581421,0.8090326189994812
3926,Lanmadaw,Yangon City,MMR013D004,16.774063110352,96.143417358398,0.0,0.0,7.0,4.1360445,0.824999988079071,0.17279112339019775
3927,Lanmadaw,Yangon City,MMR013D004,16.774063110352,96.144790649414,0.0,0.0,15.0,4.096654,0.625,0.18066918849945068
3928,Lanmadaw,Yangon City,MMR013D004,16.774063110352,96.14616394043,0.0,0.0,14.0,4.8412433,0.6499999761581421,0.03175133466720581
3929,Lanmadaw,Yangon City,MMR013D004,16.774063,96.147079,0.0,0.0,13.0,0.9548369,0.675000011920929,0.8090326189994812
3930,Lanmadaw,Yangon City,MMR013D004,16.774063110352,96.147537231445,0.0,0.0,14.0,3.0307229,0.6499999761581421,0.3938554525375366
3931,Lanmadaw,Yangon City,MMR013D004,16.774202,96.14528,0.0,0.0,15.0,2.760026,0.625,0.44799482822418213
3932,Lanmadaw,Yangon City,MMR013D004,16.774521,96.143875,0.0,0.0,14.0,2.2111168,0.6499999761581421,0.5577766299247742
3933,Lanmadaw,Yangon City,MMR013D004,16.774521,96.147537,0.0,0.0,18.0,4.7636194,0.550000011920929,0.04727613925933838
3934,Lanmadaw,Yangon City,MMR013D004,16.77475,96.143074,0.0,0.0,13.0,6.654394,0.675000011920929,0.0
3935,Lanmadaw,Yangon City,MMR013D004,16.77475,96.143417,0.0,0.0,12.0,5.7105665,0.699999988079071,0.0
3936,Lanmadaw,Yangon City,MMR013D004,16.77475,96.147537,0.0,0.0,21.0,4.8660283,0.4750000238418579,0.02679431438446045
3937,Lanmadaw,Yangon City,MMR013D004,16.774979,96.146164,0.0,0.0,13.0,4.096654,0.675000011920929,0.18066918849945068
3938,Lanmadaw,Yangon City,MMR013D004,16.775141,96.145599,0.0,0.0,16.0,2.9905288,0.6000000238418579,0.401894211769104
3939,Lanmadaw,Yangon City,MMR013D004,16.775436401367,96.13655090332,0.0,0.0,10.0,2.153755,0.75,0.5692490339279175
3940,Lanmadaw,Yangon City,MMR013D004,16.775436401367,96.137924194336,0.0,0.0,10.0,3.0307229,0.75,0.3938554525375366
3941,Lanmadaw,Yangon City,MMR013D004,16.775436401367,96.139297485352,0.0,0.0,11.0,3.138737,0.7250000238418579,0.37225258350372314
3942,Lanmadaw,Yangon City,MMR013D004,16.775436,96.139984,0.0,0.0,12.0,4.8660283,0.699999988079071,0.02679431438446045
3943,Lanmadaw,Yangon City,MMR013D004,16.775436401367,96.140670776367,0.0,0.0,14.0,3.138737,0.6499999761581421,0.37225258350372314
3944,Lanmadaw,Yangon City,MMR013D004,16.775436,96.141129,0.0,0.0,17.0,2.153755,0.574999988079071,0.5692490339279175
3945,Lanmadaw,Yangon City,MMR013D004,16.775436401367,96.142044067383,0.0,0.0,13.0,2.153755,0.675000011920929,0.5692490339279175
3946,Lanmadaw,Yangon City,MMR013D004,16.775436401367,96.143417358398,0.0,0.0,17.0,2.9905288,0.574999988079071,0.401894211769104
3947,Lanmadaw,Yangon City,MMR013D004,16.775436,96.143761,0.0,0.0,16.0,1.3808141,0.6000000238418579,0.7238371968269348
3948,Lanmadaw,Yangon City,MMR013D004,16.775436,96.143967,0.0,0.0,16.0,1.9091437,0.6000000238418579,0.6181712746620178
3949,Lanmadaw,Yangon City,MMR013D004,16.775436401367,96.144790649414,0.0,0.0,15.0,2.2111168,0.625,0.5577766299247742
3950,Lanmadaw,Yangon City,MMR013D004,16.775436401367,96.14616394043,0.0,0.0,14.0,2.2111168,0.6499999761581421,0.5577766299247742
3951,Lanmadaw,Yangon City,MMR013D004,16.775436,96.146851,0.0,0.0,17.0,8.399607,0.574999988079071,0.0
3952,Lanmadaw,Yangon City,MMR013D004,16.775436401367,96.147537231445,0.0,0.0,23.0,6.6072006,0.42500001192092896,0.0
3953,Lanmadaw,Yangon City,MMR013D004,16.775592,96.147565,0.0,0.0,20.0,8.959924,0.5,0.0
3954,Lanmadaw,Yangon City,MMR013D004,16.775665,96.147443,0.0,0.0,20.0,8.959924,0.5,0.0
3955,Lanmadaw,Yangon City,MMR013D004,16.775655,96.147451,0.0,0.0,20.0,8.959924,0.5,0.0
3956,Lanmadaw,Yangon City,MMR013D004,16.77582,96.147652,0.0,0.0,21.0,6.2581224,0.4750000238418579,0.0
3957,Lanmadaw,Yangon City,MMR013D004,16.775894,96.143875,0.0,0.0,14.0,3.138737,0.6499999761581421,0.37225258350372314
3958,Lanmadaw,Yangon City,MMR013D004,16.775894,96.145248,0.0,0.0,15.0,2.153755,0.625,0.5692490339279175
3959,Lanmadaw,Yangon City,MMR013D004,16.775894,96.146164,0.0,0.0,13.0,1.3808141,0.675000011920929,0.7238371968269348
3960,Lanmadaw,Yangon City,MMR013D004,16.775894,96.146622,0.0,0.0,14.0,0.0,0.6499999761581421,1.0
3961,Lanmadaw,Yangon City,MMR013D004,16.776123,96.140671,0.0,0.0,15.0,2.153755,0.625,0.5692490339279175
3962,Lanmadaw,Yangon City,MMR013D004,16.776123,96.147537,0.0,0.0,17.0,3.9845605,0.574999988079071,0.2030879259109497
3963,Lanmadaw,Yangon City,MMR013D004,16.776498,96.147576,0.0,0.0,17.0,3.138737,0.574999988079071,0.37225258350372314
3964,Lanmadaw,Yangon City,MMR013D004,16.776726,96.147377,0.0,0.0,16.0,2.862392,0.6000000238418579,0.42752158641815186
3965,Lanmadaw,Yangon City,MMR013D004,16.776809692383,96.13655090332,0.0,0.0,8.0,4.8660283,0.800000011920929,0.02679431438446045
3966,Lanmadaw,Yangon City,MMR013D004,16.776809692383,96.137924194336,0.0,0.0,12.0,3.4869568,0.699999988079071,0.3026086091995239
3967,Lanmadaw,Yangon City,MMR013D004,16.776809692383,96.139297485352,0.0,0.0,15.0,0.9548369,0.625,0.8090326189994812
3968,Lanmadaw,Yangon City,MMR013D004,16.77681,96.139755,0.0,0.0,14.0,0.0,0.6499999761581421,1.0
3969,Lanmadaw,Yangon City,MMR013D004,16.776809692383,96.140670776367,0.0,0.0,16.0,0.9976483,0.6000000238418579,0.8004703521728516
3970,Lanmadaw,Yangon City,MMR013D004,16.776809692383,96.142044067383,0.0,0.0,14.0,0.9976483,0.6499999761581421,0.8004703521728516
3971,Lanmadaw,Yangon City,MMR013D004,16.776809692383,96.143417358398,0.0,0.0,16.0,3.138737,0.6000000238418579,0.37225258350372314
3972,Lanmadaw,Yangon City,MMR013D004,16.77681,96.143646,0.0,0.0,17.0,1.3808141,0.574999988079071,0.7238371968269348
3973,Lanmadaw,Yangon City,MMR013D004,16.77681,96.144104,0.0,0.0,17.0,2.153755,0.574999988079071,0.5692490339279175
3974,Lanmadaw,Yangon City,MMR013D004,16.77681,96.144241,0.0,0.0,17.0,2.153755,0.574999988079071,0.5692490339279175
3975,Lanmadaw,Yangon City,MMR013D004,16.77681,96.144562,0.0,0.0,16.0,2.153755,0.6000000238418579,0.5692490339279175
3976,Lanmadaw,Yangon City,MMR013D004,16.776809692383,96.144790649414,0.0,0.0,16.0,0.0,0.6000000238418579,1.0
3977,Lanmadaw,Yangon City,MMR013D004,16.776809692383,96.14616394043,0.0,0.0,14.0,2.760026,0.6499999761581421,0.44799482822418213
3978,Lanmadaw,Yangon City,MMR013D004,16.77681,96.146622,0.0,0.0,12.0,1.3808141,0.699999988079071,0.7238371968269348
3979,Lanmadaw,Yangon City,MMR013D004,16.776809692383,96.147537231445,0.0,0.0,16.0,2.862392,0.6000000238418579,0.42752158641815186
3980,Lanmadaw,Yangon City,MMR013D004,16.776903,96.143734,0.0,0.0,16.0,1.9946922,0.6000000238418579,0.6010615825653076
3981,Lanmadaw,Yangon City,MMR013D004,16.776915,96.14722,0.0,0.0,16.0,1.3808141,0.6000000238418579,0.7238371968269348
3982,Lanmadaw,Yangon City,MMR013D004,16.776981,96.144791,0.0,0.0,15.0,1.9091437,0.625,0.6181712746620178
3983,Lanmadaw,Yangon City,MMR013D004,16.777084,96.146164,0.0,0.0,15.0,1.3808141,0.625,0.7238371968269348
3984,Lanmadaw,Yangon City,MMR013D004,16.777153,96.14296,0.0,0.0,12.0,4.1360445,0.699999988079071,0.17279112339019775
3985,Lanmadaw,Yangon City,MMR013D004,16.777153,96.146164,0.0,0.0,15.0,0.9976483,0.625,0.8004703521728516
3986,Lanmadaw,Yangon City,MMR013D004,16.777153,96.146851,0.0,0.0,17.0,3.0307229,0.574999988079071,0.3938554525375366
3987,Lanmadaw,Yangon City,MMR013D004,16.777496,96.139984,0.0,0.0,14.0,0.9976483,0.6499999761581421,0.8004703521728516
3988,Lanmadaw,Yangon City,MMR013D004,16.777496,96.142731,0.0,0.0,8.0,1.9946922,0.800000011920929,0.6010615825653076
3989,Lanmadaw,Yangon City,MMR013D004,16.777496,96.145306,0.0,0.0,13.0,2.2111168,0.675000011920929,0.5577766299247742
3990,Lanmadaw,Yangon City,MMR013D004,16.777575,96.140419,0.0,0.0,15.0,1.3808141,0.625,0.7238371968269348
3991,Lanmadaw,Yangon City,MMR013D004,16.777591,96.139831,0.0,0.0,14.0,0.9976483,0.6499999761581421,0.8004703521728516
3992,Lanmadaw,Yangon City,MMR013D004,16.777634,96.147682,0.0,0.0,12.0,4.8660283,0.699999988079071,0.02679431438446045
3993,Lanmadaw,Yangon City,MMR013D004,16.777725,96.144791,0.0,0.0,13.0,6.437088,0.675000011920929,0.0
3994,Lanmadaw,Yangon City,MMR013D004,16.777767,96.146568,0.0,0.0,16.0,0.9548369,0.6000000238418579,0.8090326189994812
3995,Lanmadaw,Yangon City,MMR013D004,16.777866,96.142361,0.0,0.0,10.0,3.9416327,0.75,0.21167343854904175
3996,Lanmadaw,Yangon City,MMR013D004,16.77792,96.14756,0.0,0.0,16.0,1.3808141,0.6000000238418579,0.7238371968269348
3997,Lanmadaw,Yangon City,MMR013D004,16.777954,96.147766,0.0,0.0,17.0,2.862392,0.574999988079071,0.42752158641815186
3998,Lanmadaw,Yangon City,MMR013D004,16.7781,96.140028,0.0,0.0,19.0,7.846306,0.5249999761581421,0.0
3999,Lanmadaw,Yangon City,MMR013D004,16.778182983398,96.139297485352,0.0,0.0,18.0,4.415667,0.550000011920929,0.1168665885925293
4000,Lanmadaw,Yangon City,MMR013D004,16.778182983398,96.140670776367,0.0,0.0,15.0,2.2111168,0.625,0.5577766299247742
4001,Lanmadaw,Yangon City,MMR013D004,16.778182983398,96.142044067383,0.0,0.0,11.0,2.760026,0.7250000238418579,0.44799482822418213
4002,Lanmadaw,Yangon City,MMR013D004,16.778182983398,96.143417358398,0.0,0.0,14.0,2.862392,0.6499999761581421,0.42752158641815186
4003,Lanmadaw,Yangon City,MMR013D004,16.778182983398,96.144790649414,0.0,0.0,9.0,3.9416327,0.7749999761581421,0.21167343854904175
4004,Lanmadaw,Yangon City,MMR013D004,16.778182983398,96.14616394043,0.0,0.0,15.0,2.153755,0.625,0.5692490339279175
4005,Lanmadaw,Yangon City,MMR013D004,16.778182983398,96.147537231445,0.0,0.0,16.0,2.760026,0.6000000238418579,0.44799482822418213
4006,Lanmadaw,Yangon City,MMR013D004,16.778243,96.138865,0.0,0.0,13.0,2.2111168,0.675000011920929,0.5577766299247742
4007,Lanmadaw,Yangon City,MMR013D004,16.778294,96.140091,0.0,0.0,19.0,5.733568,0.5249999761581421,0.0
4008,Lanmadaw,Yangon City,MMR013D004,16.778319,96.143315,0.0,0.0,12.0,2.153755,0.699999988079071,0.5692490339279175
4009,Lanmadaw,Yangon City,MMR013D004,16.778356,96.139779,0.0,0.0,22.0,1.9946922,0.44999998807907104,0.6010615825653076
4010,Lanmadaw,Yangon City,MMR013D004,16.77839,96.139633,0.0,0.0,21.0,5.733568,0.4750000238418579,0.0
4011,Lanmadaw,Yangon City,MMR013D004,16.77845,96.142365,0.0,0.0,13.0,2.9905288,0.675000011920929,0.401894211769104
4012,Lanmadaw,Yangon City,MMR013D004,16.778458,96.146988,0.0,0.0,17.0,3.9416327,0.574999988079071,0.21167343854904175
4013,Lanmadaw,Yangon City,MMR013D004,16.778497,96.140159,0.0,0.0,20.0,1.3808141,0.5,0.7238371968269348
4014,Lanmadaw,Yangon City,MMR013D004,16.778526,96.145134,0.0,0.0,11.0,2.760026,0.7250000238418579,0.44799482822418213
4015,Lanmadaw,Yangon City,MMR013D004,16.778755,96.14605,0.0,0.0,19.0,4.415667,0.5249999761581421,0.1168665885925293
4016,Lanmadaw,Yangon City,MMR013D004,16.77887,96.139984,0.0,0.0,18.0,4.9761953,0.550000011920929,0.004760921001434326
4017,Lanmadaw,Yangon City,MMR013D004,16.779556274414,96.137924194336,0.0,0.0,12.0,2.2111168,0.699999988079071,0.5577766299247742
4018,Lanmadaw,Yangon City,MMR013D004,16.779556274414,96.139297485352,0.0,0.0,22.0,8.399607,0.44999998807907104,0.0
4019,Lanmadaw,Yangon City,MMR013D004,16.779556,96.140213,0.0,0.0,22.0,3.8140574,0.44999998807907104,0.23718851804733276
4020,Lanmadaw,Yangon City,MMR013D004,16.779556274414,96.140670776367,0.0,0.0,23.0,2.9905288,0.42500001192092896,0.401894211769104
4021,Lanmadaw,Yangon City,MMR013D004,16.779556,96.141357,0.0,0.0,19.0,2.153755,0.5249999761581421,0.5692490339279175
4022,Lanmadaw,Yangon City,MMR013D004,16.779556274414,96.142044067383,0.0,0.0,22.0,2.2111168,0.44999998807907104,0.5577766299247742
4023,Lanmadaw,Yangon City,MMR013D004,16.779556,96.142731,0.0,0.0,20.0,4.9007516,0.5,0.019849658012390137
4024,Lanmadaw,Yangon City,MMR013D004,16.779556274414,96.143417358398,0.0,0.0,16.0,1.9091437,0.6000000238418579,0.6181712746620178
4025,Lanmadaw,Yangon City,MMR013D004,16.779556274414,96.144790649414,0.0,0.0,14.0,3.0307229,0.6499999761581421,0.3938554525375366
4026,Lanmadaw,Yangon City,MMR013D004,16.779556274414,96.14616394043,0.0,0.0,17.0,0.0,0.574999988079071,1.0
4027,Lanmadaw,Yangon City,MMR013D004,16.779556,96.146507,0.0,0.0,19.0,0.9548369,0.5249999761581421,0.8090326189994812
4028,Lanmadaw,Yangon City,MMR013D004,16.779556274414,96.147537231445,0.0,0.0,15.0,0.9976483,0.625,0.8004703521728516
4029,Lanmadaw,Yangon City,MMR013D004,16.779752,96.137139,0.0,0.0,12.0,3.138737,0.699999988079071,0.37225258350372314
4030,Lanmadaw,Yangon City,MMR013D004,16.779778,96.139674,0.0,0.0,25.0,8.587172,0.375,0.0
4031,Lanmadaw,Yangon City,MMR013D004,16.779985,96.13698,0.0,0.0,14.0,5.617232,0.6499999761581421,0.0
4032,Lanmadaw,Yangon City,MMR013D004,16.780014,96.137924,0.0,0.0,13.0,5.1608467,0.675000011920929,0.0
4033,Lanmadaw,Yangon City,MMR013D004,16.780014,96.141586,0.0,0.0,19.0,1.3808141,0.5249999761581421,0.7238371968269348
4034,Lanmadaw,Yangon City,MMR013D004,16.780167,96.147537,0.0,0.0,18.0,5.7105665,0.550000011920929,0.0
4035,Lanmadaw,Yangon City,MMR013D004,16.780243,96.138268,0.0,0.0,16.0,3.8140574,0.6000000238418579,0.23718851804733276
4036,Lanmadaw,Yangon City,MMR013D004,16.780243,96.144791,0.0,0.0,20.0,7.505716,0.5,0.0
4037,Lanmadaw,Yangon City,MMR013D004,16.780243,96.145477,0.0,0.0,19.0,1.9946922,0.5249999761581421,0.6010615825653076
4038,Lanmadaw,Yangon City,MMR013D004,16.780472,96.144333,0.0,0.0,21.0,2.9905288,0.4750000238418579,0.401894211769104
4039,Lanmadaw,Yangon City,MMR013D004,16.780537,96.138317,0.0,0.0,18.0,0.9548369,0.550000011920929,0.8090326189994812
4040,Lanmadaw,Yangon City,MMR013D004,16.780586,96.139984,0.0,0.0,25.0,8.554933,0.375,0.0
4041,Lanmadaw,Yangon City,MMR013D004,16.780718,96.145424,0.0,0.0,19.0,3.4869568,0.5249999761581421,0.3026086091995239
4042,Lanmadaw,Yangon City,MMR013D004,16.780793,96.1397,0.0,0.0,21.0,6.7274427,0.4750000238418579,0.0
4043,Lanmadaw,Yangon City,MMR013D004,16.78093,96.137924,0.0,0.0,18.0,2.862392,0.550000011920929,0.42752158641815186
4044,Lanmadaw,Yangon City,MMR013D004,16.78092956543,96.139297485352,0.0,0.0,20.0,4.1360445,0.5,0.17279112339019775
4045,Lanmadaw,Yangon City,MMR013D004,16.78093,96.144104,0.0,0.0,21.0,3.4869568,0.4750000238418579,0.3026086091995239
4046,Lanmadaw,Yangon City,MMR013D004,16.78092956543,96.144790649414,0.0,0.0,23.0,1.3808141,0.42500001192092896,0.7238371968269348
4047,Lanmadaw,Yangon City,MMR013D004,16.78092956543,96.14616394043,0.0,0.0,21.0,3.5461073,0.4750000238418579,0.2907785177230835
4048,Lanmadaw,Yangon City,MMR013D004,16.78093,96.146622,0.0,0.0,25.0,5.3264294,0.375,0.0
4049,Lanmadaw,Yangon City,MMR013D004,16.781265,96.139135,0.0,0.0,21.0,2.2111168,0.4750000238418579,0.5577766299247742
4050,Lanmadaw,Yangon City,MMR013D004,16.781282,96.141579,0.0,0.0,17.0,1.3808141,0.574999988079071,0.7238371968269348
4051,Lanmadaw,Yangon City,MMR013D004,16.781387,96.137009,0.0,0.0,22.0,2.153755,0.44999998807907104,0.5692490339279175
4052,Lanmadaw,Yangon City,MMR013D004,16.781479,96.143143,0.0,0.0,23.0,3.0307229,0.42500001192092896,0.3938554525375366
4053,Lanmadaw,Yangon City,MMR013D004,16.781508,96.139977,0.0,0.0,22.0,2.153755,0.44999998807907104,0.5692490339279175
4054,Lanmadaw,Yangon City,MMR013D004,16.781563,96.13961,0.0,0.0,22.0,5.617232,0.44999998807907104,0.0
4055,Lanmadaw,Yangon City,MMR013D004,16.781593,96.140358,0.0,0.0,20.0,1.3808141,0.5,0.7238371968269348
4056,Lanmadaw,Yangon City,MMR013D004,16.781633,96.144096,0.0,0.0,24.0,2.760026,0.3999999761581421,0.44799482822418213
4057,Lanmadaw,Yangon City,MMR013D004,16.781845,96.140671,0.0,0.0,19.0,0.9548369,0.5249999761581421,0.8090326189994812
4058,Lanmadaw,Yangon City,MMR013D004,16.781845,96.144333,0.0,0.0,22.0,4.7636194,0.44999998807907104,0.04727613925933838
4059,Lanmadaw,Yangon City,MMR013D004,16.782133,96.139162,0.0,0.0,32.0,7.2024827,0.19999998807907104,0.0
4060,Lanmadaw,Yangon City,MMR013D004,16.782252,96.139313,0.0,0.0,27.0,4.096654,0.32499998807907104,0.18066918849945068
4061,Lanmadaw,Yangon City,MMR013D004,16.782302856445,96.137924194336,0.0,0.0,20.0,3.0307229,0.5,0.3938554525375366
4062,Lanmadaw,Yangon City,MMR013D004,16.782302856445,96.139297485352,0.0,0.0,27.0,4.096654,0.32499998807907104,0.18066918849945068
4063,Lanmadaw,Yangon City,MMR013D004,16.782302856445,96.140670776367,0.0,0.0,23.0,2.153755,0.42500001192092896,0.5692490339279175
4064,Lanmadaw,Yangon City,MMR013D004,16.782302856445,96.143417358398,0.0,0.0,22.0,4.1360445,0.44999998807907104,0.17279112339019775
4065,Lanmadaw,Yangon City,MMR013D004,16.782302856445,96.144790649414,0.0,0.0,14.0,3.8140574,0.6499999761581421,0.23718851804733276
4066,Lanmadaw,Yangon City,MMR013D004,16.782303,96.145477,0.0,0.0,18.0,3.138737,0.550000011920929,0.37225258350372314
4067,Lanmadaw,Yangon City,MMR013D004,16.782359,96.140271,0.0,0.0,25.0,3.0307229,0.375,0.3938554525375366
4068,Lanmadaw,Yangon City,MMR013D004,16.782535,96.139618,0.0,0.0,25.0,0.0,0.375,1.0
4069,Lanmadaw,Yangon City,MMR013D004,16.782761,96.141815,0.0,0.0,23.0,4.096654,0.42500001192092896,0.18066918849945068
4070,Lanmadaw,Yangon City,MMR013D004,16.782766,96.140619,0.0,0.0,23.0,3.9845605,0.42500001192092896,0.2030879259109497
4071,Lanmadaw,Yangon City,MMR013D004,16.782907,96.143028,0.0,0.0,24.0,1.9946922,0.3999999761581421,0.6010615825653076
4072,Lanmadaw,Yangon City,MMR013D004,16.782934,96.143066,0.0,0.0,24.0,1.9946922,0.3999999761581421,0.6010615825653076
4073,Lanmadaw,Yangon City,MMR013D004,16.783218,96.143417,0.0,0.0,23.0,3.9845605,0.42500001192092896,0.2030879259109497
4074,Lanmadaw,Yangon City,MMR013D004,16.783401,96.143417,0.0,0.0,23.0,3.138737,0.42500001192092896,0.37225258350372314
4075,Lanmadaw,Yangon City,MMR013D004,16.783676147461,96.13655090332,0.0,0.0,24.0,4.096654,0.3999999761581421,0.18066918849945068
4076,Lanmadaw,Yangon City,MMR013D004,16.783676147461,96.137924194336,0.0,0.0,26.0,3.5461073,0.3500000238418579,0.2907785177230835
4077,Lanmadaw,Yangon City,MMR013D004,16.783676147461,96.142044067383,0.0,0.0,25.0,2.2111168,0.375,0.5577766299247742
4078,Lanmadaw,Yangon City,MMR013D004,16.784225,96.137924,0.0,0.0,22.0,3.5461073,0.44999998807907104,0.2907785177230835
4079,Lanmadaw,Yangon City,MMR013D004,16.784225,96.142868,0.0,0.0,23.0,3.0307229,0.42500001192092896,0.3938554525375366
4080,Lanmadaw,Yangon City,MMR013D004,16.785049,96.137009,0.0,0.0,24.0,3.0307229,0.3999999761581421,0.3938554525375366
4081,Lanmadaw,Yangon City,MMR013D004,16.785049219238502,96.137924097168,0.0,0.0,25.0,3.5461073,0.375,0.2907785177230835
4082,Lanmadaw,Yangon City,MMR013D004,16.785049,96.138382,0.0,0.0,23.0,3.138737,0.42500001192092896,0.37225258350372314
4083,Lanmadaw,Yangon City,MMR013D004,16.785515,96.136887,0.0,0.0,21.0,0.9548369,0.4750000238418579,0.8090326189994812
4084,Latha,Yangon City,MMR013D004,16.772003,96.15303,0.0,0.0,16.0,6.1986523,0.6000000238418579,0.0
4085,Latha,Yangon City,MMR013D004,16.772232,96.152573,0.0,0.0,18.0,4.1360445,0.550000011920929,0.17279112339019775
4086,Latha,Yangon City,MMR013D004,16.772689819336,96.148910522461,0.0,0.0,13.0,2.153755,0.675000011920929,0.5692490339279175
4087,Latha,Yangon City,MMR013D004,16.77269,96.149597,0.0,0.0,14.0,1.9091437,0.6499999761581421,0.6181712746620178
4088,Latha,Yangon City,MMR013D004,16.772689819336,96.150283813477,0.0,0.0,13.0,0.0,0.675000011920929,1.0
4089,Latha,Yangon City,MMR013D004,16.77269,96.150742,0.0,0.0,13.0,2.153755,0.675000011920929,0.5692490339279175
4090,Latha,Yangon City,MMR013D004,16.772689819336,96.151657104492,0.0,0.0,16.0,3.9416327,0.6000000238418579,0.21167343854904175
4091,Latha,Yangon City,MMR013D004,16.772689909668003,96.153030197754,0.0,0.0,18.0,0.0,0.550000011920929,1.0
4092,Latha,Yangon City,MMR013D004,16.773605,96.150284,0.0,0.0,10.0,3.4869568,0.75,0.3026086091995239
4093,Latha,Yangon City,MMR013D004,16.774063,96.147995,0.0,0.0,13.0,2.2111168,0.675000011920929,0.5577766299247742
4094,Latha,Yangon City,MMR013D004,16.774063110352,96.148910522461,0.0,0.0,14.0,3.138737,0.6499999761581421,0.37225258350372314
4095,Latha,Yangon City,MMR013D004,16.774063,96.149597,0.3333333333333333,1.0,12.0,6.0397077,0.699999988079071,0.0
4096,Latha,Yangon City,MMR013D004,16.774063,96.150009,0.3333333333333333,1.0,8.0,1.3808141,0.800000011920929,0.7238371968269348
4097,Latha,Yangon City,MMR013D004,16.774063110352,96.150283813477,0.3333333333333333,1.0,8.0,1.3808141,0.800000011920929,0.7238371968269348
4098,Latha,Yangon City,MMR013D004,16.774063,96.15097,0.3333333333333333,1.0,13.0,6.6072006,0.675000011920929,0.0
4099,Latha,Yangon City,MMR013D004,16.774063,96.151461,0.0,0.0,14.0,3.138737,0.6499999761581421,0.37225258350372314
4100,Latha,Yangon City,MMR013D004,16.774063,96.151505,0.0,0.0,14.0,3.138737,0.6499999761581421,0.37225258350372314
4101,Latha,Yangon City,MMR013D004,16.774063110352,96.151657104492,0.0,0.0,12.0,3.0307229,0.699999988079071,0.3938554525375366
4102,Latha,Yangon City,MMR013D004,16.774063,96.152206,0.0,0.0,16.0,2.760026,0.6000000238418579,0.44799482822418213
4103,Latha,Yangon City,MMR013D004,16.774063110352,96.153030395508,0.0,0.0,16.0,3.0307229,0.6000000238418579,0.3938554525375366
4104,Latha,Yangon City,MMR013D004,16.774338,96.150284,0.3333333333333333,1.0,9.0,2.862392,0.7749999761581421,0.42752158641815186
4105,Latha,Yangon City,MMR013D004,16.774481,96.147704,0.0,0.0,20.0,6.654394,0.5,0.0
4106,Latha,Yangon City,MMR013D004,16.774521,96.148911,0.0,0.0,16.0,6.6072006,0.6000000238418579,0.0
4107,Latha,Yangon City,MMR013D004,16.774521,96.149826,0.3333333333333333,1.0,12.0,2.2111168,0.699999988079071,0.5577766299247742
4108,Latha,Yangon City,MMR013D004,16.774612,96.147812,0.0,0.0,20.0,6.654394,0.5,0.0
4109,Latha,Yangon City,MMR013D004,16.775162,96.150009,0.3333333333333333,1.0,14.0,4.3014402,0.6499999761581421,0.13971197605133057
4110,Latha,Yangon City,MMR013D004,16.775437,96.148224,0.0,0.0,21.0,8.956695,0.4750000238418579,0.0
4111,Latha,Yangon City,MMR013D004,16.775436,96.148361,0.0,0.0,21.0,8.956695,0.4750000238418579,0.0
4112,Latha,Yangon City,MMR013D004,16.775436401367,96.148910522461,0.0,0.0,16.0,5.7105665,0.6000000238418579,0.0
4113,Latha,Yangon City,MMR013D004,16.775436401367,96.150283813477,0.3333333333333333,1.0,16.0,2.153755,0.6000000238418579,0.5692490339279175
4114,Latha,Yangon City,MMR013D004,16.775436,96.150513,0.3333333333333333,1.0,16.0,2.153755,0.6000000238418579,0.5692490339279175
4115,Latha,Yangon City,MMR013D004,16.775436,96.15097,0.3333333333333333,1.0,19.0,2.2111168,0.5249999761581421,0.5577766299247742
4116,Latha,Yangon City,MMR013D004,16.775436401367,96.151657104492,0.0,0.0,16.0,2.760026,0.6000000238418579,0.44799482822418213
4117,Latha,Yangon City,MMR013D004,16.775436401367,96.153030395508,0.0,0.0,20.0,9.662858,0.5,0.0
4118,Latha,Yangon City,MMR013D004,16.775478,96.15229,0.0,0.0,18.0,4.8412433,0.550000011920929,0.03175133466720581
4119,Latha,Yangon City,MMR013D004,16.77549,96.15226,0.0,0.0,18.0,4.8412433,0.550000011920929,0.03175133466720581
4120,Latha,Yangon City,MMR013D004,16.775525,96.151145,0.3333333333333333,1.0,19.0,1.3808141,0.5249999761581421,0.7238371968269348
4121,Latha,Yangon City,MMR013D004,16.775755,96.151405,0.0,0.0,18.0,2.9905288,0.550000011920929,0.401894211769104
4122,Latha,Yangon City,MMR013D004,16.775864,96.148888,0.0,0.0,17.0,4.9007516,0.574999988079071,0.019849658012390137
4123,Latha,Yangon City,MMR013D004,16.776123,96.149597,0.0,0.0,14.0,5.617232,0.6499999761581421,0.0
4124,Latha,Yangon City,MMR013D004,16.776202,96.152524,0.0,0.0,21.0,10.298894,0.4750000238418579,0.0
4125,Latha,Yangon City,MMR013D004,16.776282,96.150178,0.0,0.0,14.0,2.153755,0.6499999761581421,0.5692490339279175
4126,Latha,Yangon City,MMR013D004,16.776466,96.150627,0.0,0.0,18.0,3.138737,0.550000011920929,0.37225258350372314
4127,Latha,Yangon City,MMR013D004,16.77681,96.148037,0.0,0.0,15.0,3.9416327,0.625,0.21167343854904175
4128,Latha,Yangon City,MMR013D004,16.776809692383,96.148910522461,0.0,0.0,15.0,2.2111168,0.625,0.5577766299247742
4129,Latha,Yangon City,MMR013D004,16.776809692383,96.150283813477,0.0,0.0,16.0,1.3808141,0.6000000238418579,0.7238371968269348
4130,Latha,Yangon City,MMR013D004,16.77681,96.15097,0.0,0.0,17.0,2.153755,0.574999988079071,0.5692490339279175
4131,Latha,Yangon City,MMR013D004,16.776809692383,96.151657104492,0.0,0.0,14.0,0.9548369,0.6499999761581421,0.8090326189994812
4132,Latha,Yangon City,MMR013D004,16.776809692383,96.153030395508,0.0,0.0,19.0,5.1608467,0.5249999761581421,0.0
4133,Latha,Yangon City,MMR013D004,16.777496,96.148567,0.0,0.0,10.0,5.3264294,0.75,0.0
4134,Latha,Yangon City,MMR013D004,16.777556,96.15259,0.0,0.0,18.0,2.2111168,0.550000011920929,0.5577766299247742
4135,Latha,Yangon City,MMR013D004,16.777594,96.15048,0.0,0.0,13.0,2.760026,0.675000011920929,0.44799482822418213
4136,Latha,Yangon City,MMR013D004,16.777715,96.152408,0.0,0.0,17.0,2.153755,0.574999988079071,0.5692490339279175
4137,Latha,Yangon City,MMR013D004,16.778086,96.148224,0.0,0.0,16.0,1.3808141,0.6000000238418579,0.7238371968269348
4138,Latha,Yangon City,MMR013D004,16.778182983398,96.148910522461,0.0,0.0,15.0,6.0445805,0.625,0.0
4139,Latha,Yangon City,MMR013D004,16.778183,96.151657,0.0,0.0,14.0,3.5461073,0.6499999761581421,0.2907785177230835
4140,Latha,Yangon City,MMR013D004,16.778182983398,96.153030395508,0.0,0.0,14.0,4.9761953,0.6499999761581421,0.004760921001434326
4141,Latha,Yangon City,MMR013D004,16.778641,96.149368,0.0,0.0,16.0,5.7959256,0.6000000238418579,0.0
4142,Latha,Yangon City,MMR013D004,16.779007,96.14946,0.0,0.0,22.0,0.9976483,0.44999998807907104,0.8004703521728516
4143,Latha,Yangon City,MMR013D004,16.779099,96.147995,0.0,0.0,15.0,3.0307229,0.625,0.3938554525375366
4144,Latha,Yangon City,MMR013D004,16.779373,96.149734,0.0,0.0,19.0,4.3014402,0.5249999761581421,0.13971197605133057
4145,Latha,Yangon City,MMR013D004,16.779556274414,96.148910522461,0.0,0.0,22.0,1.3808141,0.44999998807907104,0.7238371968269348
4146,Latha,Yangon City,MMR013D004,16.779556274414,96.150283813477,0.0,0.0,16.0,0.0,0.6000000238418579,1.0
4147,Latha,Yangon City,MMR013D004,16.779556,96.15097,0.0,0.0,17.0,0.9976483,0.574999988079071,0.8004703521728516
4148,Latha,Yangon City,MMR013D004,16.779556274414,96.151657104492,0.0,0.0,17.0,1.3808141,0.574999988079071,0.7238371968269348
4149,Latha,Yangon City,MMR013D004,16.779556274414,96.153030395508,0.0,0.0,14.0,0.0,0.6499999761581421,1.0
4150,Latha,Yangon City,MMR013D004,16.780243,96.148567,0.0,0.0,20.0,2.862392,0.5,0.42752158641815186
4151,Latha,Yangon City,MMR013D004,16.780243,96.15303,0.0,0.0,14.0,2.760026,0.6499999761581421,0.44799482822418213
4152,Latha,Yangon City,MMR013D004,16.78038,96.148087,0.0,0.0,20.0,1.3808141,0.5,0.7238371968269348
4153,Latha,Yangon City,MMR013D004,16.78092956543,96.148910522461,0.0,0.0,18.0,0.0,0.550000011920929,1.0
4154,Latha,Yangon City,MMR013D004,16.78092956543,96.151657104492,0.0,0.0,17.0,3.5461073,0.574999988079071,0.2907785177230835
4155,Latha,Yangon City,MMR013D004,16.78092956543,96.153030395508,0.0,0.0,21.0,4.9761953,0.4750000238418579,0.004760921001434326
4156,Mayangone,Yangon City,MMR013D004,16.826681,96.144227,0.0,0.0,19.0,2.153755,0.5249999761581421,0.5692490339279175
4157,Mayangone,Yangon City,MMR013D004,16.826935,96.152344,0.0,0.0,22.0,3.5461073,0.44999998807907104,0.2907785177230835
4158,Mayangone,Yangon City,MMR013D004,16.827621459961,96.150283813477,0.0,0.0,19.0,5.507302,0.5249999761581421,0.0
4159,Mayangone,Yangon City,MMR013D004,16.828486,96.152878,0.0,0.0,21.0,4.415667,0.4750000238418579,0.1168665885925293
4160,Mayangone,Yangon City,MMR013D004,16.828947,96.150094,0.0,0.0,24.0,10.359424,0.3999999761581421,0.0
4161,Mayangone,Yangon City,MMR013D004,16.828994750977,96.154403686523,0.0,0.0,23.0,10.883874,0.42500001192092896,0.0
4162,Mayangone,Yangon City,MMR013D004,16.828995,96.154404,0.0,0.0,23.0,10.883874,0.42500001192092896,0.0
4163,Mayangone,Yangon City,MMR013D004,16.829048,96.154404,0.0,0.0,23.0,10.883874,0.42500001192092896,0.0
4164,Mayangone,Yangon City,MMR013D004,16.82951,96.154575,0.0,0.0,24.0,10.054151,0.3999999761581421,0.0
4165,Mayangone,Yangon City,MMR013D004,16.830368,96.152115,0.0,0.0,23.0,3.0307229,0.42500001192092896,0.3938554525375366
4166,Mayangone,Yangon City,MMR013D004,16.830368041992,96.153030395508,0.0,0.0,22.0,2.760026,0.44999998807907104,0.44799482822418213
4167,Mayangone,Yangon City,MMR013D004,16.830368041992,96.154403686523,0.0,0.0,29.0,4.8660283,0.2749999761581421,0.02679431438446045
4168,Mayangone,Yangon City,MMR013D004,16.830579,96.154826,0.0,0.0,28.0,4.9007516,0.30000001192092896,0.019849658012390137
4169,Mayangone,Yangon City,MMR013D004,16.830643,96.154404,0.0,0.0,31.0,5.0660734,0.2250000238418579,0.0
4170,Mayangone,Yangon City,MMR013D004,16.830643,96.154678,0.0,0.0,28.0,4.9007516,0.30000001192092896,0.019849658012390137
4171,Mayangone,Yangon City,MMR013D004,16.830711,96.154404,0.0,0.0,31.0,5.0660734,0.2250000238418579,0.0
4172,Mayangone,Yangon City,MMR013D004,16.831055,96.154404,0.0,0.0,29.0,5.0660734,0.2749999761581421,0.0
4173,Mayangone,Yangon City,MMR013D004,16.831741333008,96.151657104492,0.0,0.0,16.0,7.9309487,0.6000000238418579,0.0
4174,Mayangone,Yangon City,MMR013D004,16.831741333008,96.154403686523,0.0,0.0,28.0,4.8412433,0.30000001192092896,0.03175133466720581
4175,Mayangone,Yangon City,MMR013D004,16.832134,96.140082,0.0,0.0,21.0,1.9946922,0.4750000238418579,0.6010615825653076
4176,Mayangone,Yangon City,MMR013D004,16.832199,96.154404,0.0,0.0,22.0,7.594609,0.44999998807907104,0.0
4177,Mayangone,Yangon City,MMR013D004,16.832375,96.15377,0.0,0.0,25.0,0.9548369,0.375,0.8090326189994812
4178,Mayangone,Yangon City,MMR013D004,16.832428,96.15509,0.0,0.0,22.0,2.862392,0.44999998807907104,0.42752158641815186
4179,Mayangone,Yangon City,MMR013D004,16.833114624023,96.148910522461,0.0,0.0,16.0,0.0,0.6000000238418579,1.0
4180,Mayangone,Yangon City,MMR013D004,16.833114624023,96.151657104492,0.0,0.0,16.0,0.0,0.6000000238418579,1.0
4181,Mayangone,Yangon City,MMR013D004,16.833114624023,96.154403686523,0.0,0.0,17.0,3.8140574,0.574999988079071,0.23718851804733276
4182,Mayangone,Yangon City,MMR013D004,16.833664,96.155228,0.0,0.0,23.0,4.7636194,0.42500001192092896,0.04727613925933838
4183,Mayangone,Yangon City,MMR013D004,16.834487915039,96.137924194336,0.0,0.0,23.0,8.282669,0.42500001192092896,0.0
4184,Mayangone,Yangon City,MMR013D004,16.834487915039,96.154403686523,0.0,0.0,16.0,0.0,0.6000000238418579,1.0
4185,Mayangone,Yangon City,MMR013D004,16.834488,96.154861,0.0,0.0,17.0,0.9976483,0.574999988079071,0.8004703521728516
4186,Mayangone,Yangon City,MMR013D004,16.834488,96.155319,0.0,0.0,17.0,1.3808141,0.574999988079071,0.7238371968269348
4187,Mayangone,Yangon City,MMR013D004,16.834869,96.138698,0.0,0.0,16.0,0.0,0.6000000238418579,1.0
4188,Mayangone,Yangon City,MMR013D004,16.834892,96.155413,0.0,0.0,16.0,1.9091437,0.6000000238418579,0.6181712746620178
4189,Mayangone,Yangon City,MMR013D004,16.835175,96.139297,0.0,0.0,16.0,0.0,0.6000000238418579,1.0
4190,Mayangone,Yangon City,MMR013D004,16.835175,96.151657,0.0,0.0,16.0,0.0,0.6000000238418579,1.0
4191,Mayangone,Yangon City,MMR013D004,16.835861,96.154404,0.0,0.0,16.0,2.9905288,0.6000000238418579,0.401894211769104
4192,Mayangone,Yangon City,MMR013D004,16.836532,96.142711,0.0,0.0,16.0,0.0,0.6000000238418579,1.0
4193,Mayangone,Yangon City,MMR013D004,16.83723449707,96.135177612305,0.3333333333333333,1.0,16.0,0.0,0.6000000238418579,1.0
4194,Mayangone,Yangon City,MMR013D004,16.83723449707,96.155776977539,0.0,0.0,20.0,3.5461073,0.5,0.2907785177230835
4195,Mayangone,Yangon City,MMR013D004,16.837235,96.139297,0.0,0.0,16.0,0.0,0.6000000238418579,1.0
4196,Mayangone,Yangon City,MMR013D004,16.837333,96.145772,0.0,0.0,24.0,3.8140574,0.3999999761581421,0.23718851804733276
4197,Mayangone,Yangon City,MMR013D004,16.837634,96.140526,0.0,0.0,16.0,0.0,0.6000000238418579,1.0
4198,Mayangone,Yangon City,MMR013D004,16.837692,96.135178,0.3333333333333333,1.0,16.0,0.0,0.6000000238418579,1.0
4199,Mayangone,Yangon City,MMR013D004,16.837784,96.155746,0.0,0.0,20.0,0.9548369,0.5,0.8090326189994812
4200,Mayangone,Yangon City,MMR013D004,16.837921,96.15509,0.0,0.0,21.0,2.153755,0.4750000238418579,0.5692490339279175
4201,Mayangone,Yangon City,MMR013D004,16.838291,96.135178,0.3333333333333333,1.0,16.0,0.0,0.6000000238418579,1.0
4202,Mayangone,Yangon City,MMR013D004,16.838607788086,96.135177612305,0.3333333333333333,1.0,16.0,2.760026,0.6000000238418579,0.44799482822418213
4203,Mayangone,Yangon City,MMR013D004,16.838607788086,96.155776977539,0.0,0.0,19.0,0.9976483,0.5249999761581421,0.8004703521728516
4204,Mayangone,Yangon City,MMR013D004,16.839294,96.14994,0.0,0.0,23.0,6.0445805,0.42500001192092896,0.0
4205,Mayangone,Yangon City,MMR013D004,16.839523,96.151199,0.0,0.0,21.0,4.8412433,0.4750000238418579,0.03175133466720581
4206,Mayangone,Yangon City,MMR013D004,16.839981079102,96.140670776367,0.0,0.0,16.0,0.0,0.6000000238418579,1.0
4207,Mayangone,Yangon City,MMR013D004,16.839981079102,96.155776977539,0.0,0.0,16.0,2.760026,0.6000000238418579,0.44799482822418213
4208,Mayangone,Yangon City,MMR013D004,16.840134,96.155777,0.0,0.0,16.0,2.760026,0.6000000238418579,0.44799482822418213
4209,Mayangone,Yangon City,MMR013D004,16.84026,96.13558,0.0,0.0,21.0,6.9482727,0.4750000238418579,0.0
4210,Mayangone,Yangon City,MMR013D004,16.840327,96.135685,0.0,0.0,21.0,6.9482727,0.4750000238418579,0.0
4211,Mayangone,Yangon City,MMR013D004,16.840439,96.155777,0.0,0.0,16.0,1.3808141,0.6000000238418579,0.7238371968269348
4212,Mayangone,Yangon City,MMR013D004,16.840744,96.15298,0.0,0.0,21.0,1.3808141,0.4750000238418579,0.7238371968269348
4213,Mayangone,Yangon City,MMR013D004,16.840744,96.156158,0.0,0.0,18.0,2.2111168,0.550000011920929,0.5577766299247742
4214,Mayangone,Yangon City,MMR013D004,16.840962,96.155973,0.0,0.0,18.0,2.2111168,0.550000011920929,0.5577766299247742
4215,Mayangone,Yangon City,MMR013D004,16.841354,96.149597,0.0,0.0,28.0,2.153755,0.30000001192092896,0.5692490339279175
4216,Mayangone,Yangon City,MMR013D004,16.841354370117,96.155776977539,0.0,0.0,17.0,2.760026,0.574999988079071,0.44799482822418213
4217,Mayangone,Yangon City,MMR013D004,16.841812,96.147079,0.0,0.0,26.0,1.9091437,0.3500000238418579,0.6181712746620178
4218,Mayangone,Yangon City,MMR013D004,16.841812,96.156235,0.0,0.0,17.0,0.0,0.574999988079071,1.0
4219,Mayangone,Yangon City,MMR013D004,16.842728,96.15303,0.0,0.0,21.0,1.3808141,0.4750000238418579,0.7238371968269348
4220,Mayangone,Yangon City,MMR013D004,16.842727661133,96.154403686523,0.0,0.0,20.0,4.1360445,0.5,0.17279112339019775
4221,Mayangone,Yangon City,MMR013D004,16.842727661133,96.155776977539,0.0,0.0,21.0,3.138737,0.4750000238418579,0.37225258350372314
4222,Mayangone,Yangon City,MMR013D004,16.843414,96.149426,0.0,0.0,24.0,9.665629,0.3999999761581421,0.0
4223,Mayangone,Yangon City,MMR013D004,16.843414,96.151657,0.0,0.0,27.0,4.9761953,0.32499998807907104,0.004760921001434326
4224,Mayangone,Yangon City,MMR013D004,16.843414,96.153259,0.0,0.0,19.0,0.9548369,0.5249999761581421,0.8090326189994812
4225,Mayangone,Yangon City,MMR013D004,16.844100952148,96.139297485352,0.0,0.0,16.0,6.654394,0.6000000238418579,0.0
4226,Mayangone,Yangon City,MMR013D004,16.844100952148,96.150283813477,0.0,0.0,25.0,2.760026,0.375,0.44799482822418213
4227,Mayangone,Yangon City,MMR013D004,16.844100952148,96.151657104492,0.0,0.0,24.0,0.9548369,0.3999999761581421,0.8090326189994812
4228,Mayangone,Yangon City,MMR013D004,16.844100952148,96.153030395508,0.0,0.0,20.0,5.0660734,0.5,0.0
4229,Mayangone,Yangon City,MMR013D004,16.844376,96.151657,0.0,0.0,24.0,0.9976483,0.3999999761581421,0.8004703521728516
4230,Mayangone,Yangon City,MMR013D004,16.844788,96.149597,0.0,0.0,27.0,6.0445805,0.32499998807907104,0.0
4231,Mayangone,Yangon City,MMR013D004,16.8452,96.150284,0.0,0.0,22.0,1.3808141,0.44999998807907104,0.7238371968269348
4232,Mayangone,Yangon City,MMR013D004,16.8452,96.15303,0.0,0.0,22.0,2.9905288,0.44999998807907104,0.401894211769104
4233,Mayangone,Yangon City,MMR013D004,16.845474243164,96.150283813477,0.0,0.0,24.0,1.9091437,0.3999999761581421,0.6181712746620178
4234,Mayangone,Yangon City,MMR013D004,16.845474243164,96.151657104492,0.0,0.0,25.0,4.096654,0.375,0.18066918849945068
4235,Mayangone,Yangon City,MMR013D004,16.845474243164,96.153030395508,0.0,0.0,22.0,1.3808141,0.44999998807907104,0.7238371968269348
4236,Mayangone,Yangon City,MMR013D004,16.845474243164,96.155776977539,0.0,0.0,24.0,4.8412433,0.3999999761581421,0.03175133466720581
4237,Mayangone,Yangon City,MMR013D004,16.846063,96.150088,0.0,0.0,24.0,2.153755,0.3999999761581421,0.5692490339279175
4238,Mayangone,Yangon City,MMR013D004,16.846161,96.154404,0.0,0.0,20.0,1.3808141,0.5,0.7238371968269348
4239,Mayangone,Yangon City,MMR013D004,16.84684753418,96.148910522461,0.0,0.0,18.0,8.149471,0.550000011920929,0.0
4240,Mayangone,Yangon City,MMR013D004,16.846848,96.151485,0.0,0.0,17.0,5.617232,0.574999988079071,0.0
4241,Mayangone,Yangon City,MMR013D004,16.84684753418,96.151657104492,0.0,0.0,19.0,5.507302,0.5249999761581421,0.0
4242,Mayangone,Yangon City,MMR013D004,16.846848,96.152115,0.0,0.0,21.0,2.9905288,0.4750000238418579,0.401894211769104
4243,Mayangone,Yangon City,MMR013D004,16.84684753418,96.153030395508,0.0,0.0,21.0,1.3808141,0.4750000238418579,0.7238371968269348
4244,Mayangone,Yangon City,MMR013D004,16.84684753418,96.154403686523,0.0,0.0,21.0,1.3808141,0.4750000238418579,0.7238371968269348
4245,Mayangone,Yangon City,MMR013D004,16.84684753418,96.155776977539,0.0,0.0,19.0,2.153755,0.5249999761581421,0.5692490339279175
4246,Mayangone,Yangon City,MMR013D004,16.84684753418,96.157150268555,0.0,0.0,19.0,1.9946922,0.5249999761581421,0.6010615825653076
4247,Mayangone,Yangon City,MMR013D004,16.847,96.155014,0.0,0.0,22.0,3.0307229,0.44999998807907104,0.3938554525375366
4248,Mayangone,Yangon City,MMR013D004,16.847191,96.15715,0.0,0.0,19.0,1.3808141,0.5249999761581421,0.7238371968269348
4249,Mayangone,Yangon City,MMR013D004,16.847305,96.15715,0.0,0.0,19.0,1.3808141,0.5249999761581421,0.7238371968269348
4250,Mayangone,Yangon City,MMR013D004,16.847534,96.15303,0.0,0.0,22.0,2.2111168,0.44999998807907104,0.5577766299247742
4251,Mayangone,Yangon City,MMR013D004,16.847878,96.15818,0.0,0.0,16.0,1.3808141,0.6000000238418579,0.7238371968269348
4252,Mayangone,Yangon City,MMR013D004,16.848062,96.1562,0.0,0.0,18.0,6.9482727,0.550000011920929,0.0
4253,Mayangone,Yangon City,MMR013D004,16.848220825195,96.140670776367,0.0,0.0,28.0,5.733568,0.30000001192092896,0.0
4254,Mayangone,Yangon City,MMR013D004,16.848220825195,96.151657104492,0.0,0.0,21.0,2.862392,0.4750000238418579,0.42752158641815186
4255,Mayangone,Yangon City,MMR013D004,16.848220825195,96.154403686523,0.0,0.0,20.0,1.3808141,0.5,0.7238371968269348
4256,Mayangone,Yangon City,MMR013D004,16.848220825195,96.157150268555,0.0,0.0,15.0,0.9976483,0.625,0.8004703521728516
4257,Mayangone,Yangon City,MMR013D004,16.848220825195,96.15852355957,0.0,0.0,14.0,1.3808141,0.6499999761581421,0.7238371968269348
4258,Mayangone,Yangon City,MMR013D004,16.848393,96.151314,0.0,0.0,24.0,3.138737,0.3999999761581421,0.37225258350372314
4259,Mayangone,Yangon City,MMR013D004,16.848907,96.155777,0.0,0.0,16.0,3.5461073,0.6000000238418579,0.2907785177230835
4260,Mayangone,Yangon City,MMR013D004,16.84897,96.154279,0.0,0.0,19.0,2.2111168,0.5249999761581421,0.5577766299247742
4261,Mayangone,Yangon City,MMR013D004,16.84897,96.158961,0.0,0.0,14.0,2.760026,0.6499999761581421,0.44799482822418213
4262,Mayangone,Yangon City,MMR013D004,16.849422,96.140327,0.0,0.0,35.0,6.8722596,0.125,0.0
4263,Mayangone,Yangon City,MMR013D004,16.849594116211,96.144790649414,0.0,0.0,29.0,4.415667,0.2749999761581421,0.1168665885925293
4264,Mayangone,Yangon City,MMR013D004,16.849594116211,96.150283813477,0.0,0.0,20.0,3.4869568,0.5,0.3026086091995239
4265,Mayangone,Yangon City,MMR013D004,16.849594116211,96.151657104492,0.0,0.0,23.0,8.151844,0.42500001192092896,0.0
4266,Mayangone,Yangon City,MMR013D004,16.849594116211,96.153030395508,0.0,0.0,18.0,1.9946922,0.550000011920929,0.6010615825653076
4267,Mayangone,Yangon City,MMR013D004,16.849594116211,96.155776977539,0.0,0.0,16.0,4.9007516,0.6000000238418579,0.019849658012390137
4268,Mayangone,Yangon City,MMR013D004,16.849594116211,96.157150268555,0.0,0.0,16.0,0.9976483,0.6000000238418579,0.8004703521728516
4269,Mayangone,Yangon City,MMR013D004,16.849594,96.157608,0.0,0.0,15.0,3.4869568,0.625,0.3026086091995239
4270,Mayangone,Yangon City,MMR013D004,16.849594,96.157935,0.0,0.0,14.0,4.8412433,0.6499999761581421,0.03175133466720581
4271,Mayangone,Yangon City,MMR013D004,16.849594116211,96.15852355957,0.0,0.0,12.0,3.8140574,0.699999988079071,0.23718851804733276
4272,Mayangone,Yangon City,MMR013D004,16.849594,96.15921,0.0,0.0,13.0,1.3808141,0.675000011920929,0.7238371968269348
4273,Mayangone,Yangon City,MMR013D004,16.849594,96.159273,0.0,0.0,13.0,1.3808141,0.675000011920929,0.7238371968269348
4274,Mayangone,Yangon City,MMR013D004,16.849747,96.155777,0.0,0.0,18.0,3.0307229,0.550000011920929,0.3938554525375366
4275,Mayangone,Yangon City,MMR013D004,16.849747,96.157455,0.0,0.0,17.0,1.3808141,0.574999988079071,0.7238371968269348
4276,Mayangone,Yangon City,MMR013D004,16.849788,96.141052,0.0,0.0,25.0,3.4869568,0.375,0.3026086091995239
4277,Mayangone,Yangon City,MMR013D004,16.850052,96.152725,0.0,0.0,17.0,1.9091437,0.574999988079071,0.6181712746620178
4278,Mayangone,Yangon City,MMR013D004,16.850052,96.155777,0.0,0.0,19.0,2.153755,0.5249999761581421,0.5692490339279175
4279,Mayangone,Yangon City,MMR013D004,16.850052,96.159439,0.0,0.0,11.0,0.0,0.7250000238418579,1.0
4280,Mayangone,Yangon City,MMR013D004,16.850143,96.156601,0.0,0.0,18.0,1.9091437,0.550000011920929,0.6181712746620178
4281,Mayangone,Yangon City,MMR013D004,16.850204,96.15715,0.0,0.0,18.0,5.1608467,0.550000011920929,0.0
4282,Mayangone,Yangon City,MMR013D004,16.850281,96.148224,0.0,0.0,26.0,5.507302,0.3500000238418579,0.0
4283,Mayangone,Yangon City,MMR013D004,16.85051,96.147537,0.0,0.0,27.0,1.3808141,0.32499998807907104,0.7238371968269348
4284,Mayangone,Yangon City,MMR013D004,16.85051,96.158524,0.0,0.0,14.0,2.760026,0.6499999761581421,0.44799482822418213
4285,Mayangone,Yangon City,MMR013D004,16.85071,96.152601,0.0,0.0,21.0,6.2587476,0.4750000238418579,0.0
4286,Mayangone,Yangon City,MMR013D004,16.850771,96.150284,0.0,0.0,25.0,2.862392,0.375,0.42752158641815186
4287,Mayangone,Yangon City,MMR013D004,16.85083,96.159348,0.0,0.0,13.0,0.9548369,0.675000011920929,0.8090326189994812
4288,Mayangone,Yangon City,MMR013D004,16.850859,96.140624,0.0,0.0,27.0,4.9761953,0.32499998807907104,0.004760921001434326
4289,Mayangone,Yangon City,MMR013D004,16.850967407227,96.140670776367,0.0,0.0,27.0,3.138737,0.32499998807907104,0.37225258350372314
4290,Mayangone,Yangon City,MMR013D004,16.850967,96.142502,0.0,0.0,24.0,2.9905288,0.3999999761581421,0.401894211769104
4291,Mayangone,Yangon City,MMR013D004,16.850967407227,96.148910522461,0.0,0.0,27.0,1.9091437,0.32499998807907104,0.6181712746620178
4292,Mayangone,Yangon City,MMR013D004,16.850967407227,96.150283813477,0.0,0.0,27.0,3.9416327,0.32499998807907104,0.21167343854904175
4293,Mayangone,Yangon City,MMR013D004,16.850967407227,96.151657104492,0.0,0.0,27.0,0.9548369,0.32499998807907104,0.8090326189994812
4294,Mayangone,Yangon City,MMR013D004,16.850967407227,96.153030395508,0.0,0.0,20.0,0.9976483,0.5,0.8004703521728516
4295,Mayangone,Yangon City,MMR013D004,16.850967407227,96.154403686523,0.0,0.0,17.0,2.153755,0.574999988079071,0.5692490339279175
4296,Mayangone,Yangon City,MMR013D004,16.850967,96.15509,0.0,0.0,19.0,3.138737,0.5249999761581421,0.37225258350372314
4297,Mayangone,Yangon City,MMR013D004,16.850967,96.155777,0.0,0.0,23.0,1.9091437,0.42500001192092896,0.6181712746620178
4298,Mayangone,Yangon City,MMR013D004,16.850967407227,96.157150268555,0.0,0.0,20.0,2.153755,0.5,0.5692490339279175
4299,Mayangone,Yangon City,MMR013D004,16.850967407227,96.15852355957,0.0,0.0,13.0,2.2111168,0.675000011920929,0.5577766299247742
4300,Mayangone,Yangon City,MMR013D004,16.850967,96.15921,0.0,0.0,14.0,0.9548369,0.6499999761581421,0.8090326189994812
4301,Mayangone,Yangon City,MMR013D004,16.850967,96.159439,0.0,0.0,14.0,0.9548369,0.6499999761581421,0.8090326189994812
4302,Mayangone,Yangon City,MMR013D004,16.850988,96.157824,0.0,0.0,14.0,5.0660734,0.6499999761581421,0.0
4303,Mayangone,Yangon City,MMR013D004,16.851425,96.152115,0.0,0.0,27.0,4.1360445,0.32499998807907104,0.17279112339019775
4304,Mayangone,Yangon City,MMR013D004,16.851654,96.142044,0.0,0.0,25.0,3.4869568,0.375,0.3026086091995239
4305,Mayangone,Yangon City,MMR013D004,16.851654,96.151657,0.0,0.0,25.0,3.8140574,0.375,0.23718851804733276
4306,Mayangone,Yangon City,MMR013D004,16.852066,96.142593,0.0,0.0,26.0,6.2581224,0.3500000238418579,0.0
4307,Mayangone,Yangon City,MMR013D004,16.852341,96.141495,0.0,0.0,22.0,3.138737,0.44999998807907104,0.37225258350372314
4308,Mayangone,Yangon City,MMR013D004,16.852340698242,96.14616394043,0.0,0.0,20.0,0.9548369,0.5,0.8090326189994812
4309,Mayangone,Yangon City,MMR013D004,16.852340698242,96.147537231445,0.0,0.0,27.0,2.153755,0.32499998807907104,0.5692490339279175
4310,Mayangone,Yangon City,MMR013D004,16.852341,96.147709,0.0,0.0,26.0,4.8660283,0.3500000238418579,0.02679431438446045
4311,Mayangone,Yangon City,MMR013D004,16.852341,96.149368,0.0,0.0,24.0,0.0,0.3999999761581421,1.0
4312,Mayangone,Yangon City,MMR013D004,16.852340698242,96.150283813477,0.0,0.0,25.0,1.3808141,0.375,0.7238371968269348
4313,Mayangone,Yangon City,MMR013D004,16.852340698242,96.151657104492,0.0,0.0,21.0,4.415667,0.4750000238418579,0.1168665885925293
4314,Mayangone,Yangon City,MMR013D004,16.852340698242,96.15852355957,0.0,0.0,18.0,7.2024827,0.550000011920929,0.0
4315,Mayangone,Yangon City,MMR013D004,16.852341,96.159897,0.0,0.0,12.0,2.760026,0.699999988079071,0.44799482822418213
4316,Mayangone,Yangon City,MMR013D004,16.853027,96.146851,0.0,0.0,24.0,2.153755,0.3999999761581421,0.5692490339279175
4317,Mayangone,Yangon City,MMR013D004,16.853027,96.151314,0.0,0.0,24.0,3.4869568,0.3999999761581421,0.3026086091995239
4318,Mayangone,Yangon City,MMR013D004,16.853027,96.15303,0.0,0.0,19.0,1.3808141,0.5249999761581421,0.7238371968269348
4319,Mayangone,Yangon City,MMR013D004,16.853264,96.142677,0.0,0.0,28.0,3.138737,0.30000001192092896,0.37225258350372314
4320,Mayangone,Yangon City,MMR013D004,16.853256,96.154861,0.0,0.0,30.0,0.9976483,0.25,0.8004703521728516
4321,Mayangone,Yangon City,MMR013D004,16.853371,96.157494,0.0,0.0,22.0,4.8412433,0.44999998807907104,0.03175133466720581
4322,Mayangone,Yangon City,MMR013D004,16.853439,96.140671,0.0,0.0,28.0,6.2581224,0.30000001192092896,0.0
4323,Mayangone,Yangon City,MMR013D004,16.853561,96.140366,0.0,0.0,25.0,7.612252,0.375,0.0
4324,Mayangone,Yangon City,MMR013D004,16.853714,96.137238,0.0,0.0,22.0,0.9548369,0.44999998807907104,0.8090326189994812
4325,Mayangone,Yangon City,MMR013D004,16.853713989258,96.140670776367,0.0,0.0,30.0,4.415667,0.25,0.1168665885925293
4326,Mayangone,Yangon City,MMR013D004,16.853714,96.141701,0.0,0.0,32.0,0.9548369,0.19999998807907104,0.8090326189994812
4327,Mayangone,Yangon City,MMR013D004,16.853713989258,96.142044067383,0.0,0.0,31.0,0.9548369,0.2250000238418579,0.8090326189994812
4328,Mayangone,Yangon City,MMR013D004,16.853713994629,96.143417179199,0.0,0.0,31.0,3.0307229,0.2250000238418579,0.3938554525375366
4329,Mayangone,Yangon City,MMR013D004,16.853713989258,96.144790649414,0.0,0.0,26.0,1.9091437,0.3500000238418579,0.6181712746620178
4330,Mayangone,Yangon City,MMR013D004,16.853714,96.145477,0.0,0.0,29.0,0.9976483,0.2749999761581421,0.8004703521728516
4331,Mayangone,Yangon City,MMR013D004,16.853713989258,96.14616394043,0.0,0.0,29.0,0.0,0.2749999761581421,1.0
4332,Mayangone,Yangon City,MMR013D004,16.853714,96.146851,0.0,0.0,26.0,6.437088,0.3500000238418579,0.0
4333,Mayangone,Yangon City,MMR013D004,16.853713989258,96.147537231445,0.0,0.0,26.0,3.4869568,0.3500000238418579,0.3026086091995239
4334,Mayangone,Yangon City,MMR013D004,16.853713989258,96.153030395508,0.0,0.0,21.0,2.2111168,0.4750000238418579,0.5577766299247742
4335,Mayangone,Yangon City,MMR013D004,16.853713989258,96.157150268555,0.0,0.0,26.0,2.2111168,0.3500000238418579,0.5577766299247742
4336,Mayangone,Yangon City,MMR013D004,16.854113,96.14093,0.0,0.0,31.0,1.3808141,0.2250000238418579,0.7238371968269348
4337,Mayangone,Yangon City,MMR013D004,16.854172,96.148453,0.0,0.0,27.0,2.2111168,0.32499998807907104,0.5577766299247742
4338,Mayangone,Yangon City,MMR013D004,16.854381,96.141016,0.0,0.0,30.0,1.9091437,0.25,0.6181712746620178
4339,Mayangone,Yangon City,MMR013D004,16.854401,96.137238,0.0,0.0,24.0,2.760026,0.3999999761581421,0.44799482822418213
4340,Mayangone,Yangon City,MMR013D004,16.854401,96.147537,0.0,0.0,29.0,3.5461073,0.2749999761581421,0.2907785177230835
4341,Mayangone,Yangon City,MMR013D004,16.854476,96.140173,0.0,0.0,30.0,4.415667,0.25,0.1168665885925293
4342,Mayangone,Yangon City,MMR013D004,16.854538,96.136276,0.0,0.0,23.0,1.3808141,0.42500001192092896,0.7238371968269348
4343,Mayangone,Yangon City,MMR013D004,16.854603,96.141317,0.0,0.0,32.0,3.9416327,0.19999998807907104,0.21167343854904175
4344,Mayangone,Yangon City,MMR013D004,16.854744,96.136551,0.0,0.0,25.0,4.096654,0.375,0.18066918849945068
4345,Mayangone,Yangon City,MMR013D004,16.854752,96.136337,0.0,0.0,22.0,4.096654,0.44999998807907104,0.18066918849945068
4346,Mayangone,Yangon City,MMR013D004,16.854759,96.140987,0.0,0.0,35.0,2.153755,0.125,0.5692490339279175
4347,Mayangone,Yangon City,MMR013D004,16.855087,96.135864,0.0,0.0,23.0,3.138737,0.42500001192092896,0.37225258350372314
4348,Mayangone,Yangon City,MMR013D004,16.855087280273,96.13655090332,0.0,0.0,25.0,4.415667,0.375,0.1168665885925293
4349,Mayangone,Yangon City,MMR013D004,16.855087,96.139984,0.0,0.0,30.0,3.5461073,0.25,0.2907785177230835
4350,Mayangone,Yangon City,MMR013D004,16.855087280273,96.140670776367,0.0,0.0,33.0,2.9905288,0.17500001192092896,0.401894211769104
4351,Mayangone,Yangon City,MMR013D004,16.855087280273,96.143417358398,0.0,0.0,34.0,2.2111168,0.1499999761581421,0.5577766299247742
4352,Mayangone,Yangon City,MMR013D004,16.855087280273,96.14616394043,0.0,0.0,27.0,2.2111168,0.32499998807907104,0.5577766299247742
4353,Mayangone,Yangon City,MMR013D004,16.855087280273,96.147537231445,0.0,0.0,27.0,0.9976483,0.32499998807907104,0.8004703521728516
4354,Mayangone,Yangon City,MMR013D004,16.855087,96.150284,0.0,0.0,22.0,4.096654,0.44999998807907104,0.18066918849945068
4355,Mayangone,Yangon City,MMR013D004,16.855087280273,96.157150268555,0.0,0.0,25.0,2.2111168,0.375,0.5577766299247742
4356,Mayangone,Yangon City,MMR013D004,16.855087280273,96.15852355957,0.0,0.0,15.0,1.3808141,0.625,0.7238371968269348
4357,Mayangone,Yangon City,MMR013D004,16.855087280273,96.161270141602,0.0,0.0,11.0,1.3808141,0.7250000238418579,0.7238371968269348
4358,Mayangone,Yangon City,MMR013D004,16.855087280273,96.165390014648,0.0,0.0,7.0,0.0,0.824999988079071,1.0
4359,Mayangone,Yangon City,MMR013D004,16.855724,96.136019,0.0,0.0,21.0,0.9548369,0.4750000238418579,0.8090326189994812
4360,Mayangone,Yangon City,MMR013D004,16.855774,96.139984,0.0,0.0,32.0,0.9548369,0.19999998807907104,0.8090326189994812
4361,Mayangone,Yangon City,MMR013D004,16.855915,96.141262,0.0,0.0,37.0,2.153755,0.07499998807907104,0.5692490339279175
4362,Mayangone,Yangon City,MMR013D004,16.856117,96.142044,0.0,0.0,34.0,2.2111168,0.1499999761581421,0.5577766299247742
4363,Mayangone,Yangon City,MMR013D004,16.856232,96.1409,0.0,0.0,35.0,1.9091437,0.125,0.6181712746620178
4364,Mayangone,Yangon City,MMR013D004,16.856232,96.154175,0.0,0.0,34.0,1.9946922,0.1499999761581421,0.6010615825653076
4365,Mayangone,Yangon City,MMR013D004,16.856323,96.142044,0.0,0.0,34.0,2.2111168,0.1499999761581421,0.5577766299247742
4366,Mayangone,Yangon City,MMR013D004,16.856460571289,96.107711791992,0.0,0.0,11.0,3.9845605,0.7250000238418579,0.2030879259109497
4367,Mayangone,Yangon City,MMR013D004,16.856460571289,96.13655090332,0.0,0.0,19.0,2.862392,0.5249999761581421,0.42752158641815186
4368,Mayangone,Yangon City,MMR013D004,16.856460571289,96.137924194336,0.0,0.0,31.0,2.2111168,0.2250000238418579,0.5577766299247742
4369,Mayangone,Yangon City,MMR013D004,16.856461,96.138611,0.0,0.0,34.0,2.153755,0.1499999761581421,0.5692490339279175
4370,Mayangone,Yangon City,MMR013D004,16.856460571289,96.140670776367,0.0,0.0,34.0,2.862392,0.1499999761581421,0.42752158641815186
4371,Mayangone,Yangon City,MMR013D004,16.856460571289,96.142044067383,0.0,0.0,33.0,4.1360445,0.17500001192092896,0.17279112339019775
4372,Mayangone,Yangon City,MMR013D004,16.856460571289,96.144790649414,0.0,0.0,31.0,1.9946922,0.2250000238418579,0.6010615825653076
4373,Mayangone,Yangon City,MMR013D004,16.856461,96.145477,0.0,0.0,28.0,2.2111168,0.30000001192092896,0.5577766299247742
4374,Mayangone,Yangon City,MMR013D004,16.856460571289,96.14616394043,0.0,0.0,30.0,2.760026,0.25,0.44799482822418213
4375,Mayangone,Yangon City,MMR013D004,16.856460571289,96.155776977539,0.0,0.0,33.0,0.9548369,0.17500001192092896,0.8090326189994812
4376,Mayangone,Yangon City,MMR013D004,16.856460571289,96.157150268555,0.0,0.0,22.0,2.9905288,0.44999998807907104,0.401894211769104
4377,Mayangone,Yangon City,MMR013D004,16.856460571289,96.164016723633,0.0,0.0,9.0,1.9946922,0.7749999761581421,0.6010615825653076
4378,Mayangone,Yangon City,MMR013D004,16.856460571289,96.166763305664,0.0,0.0,8.0,1.9946922,0.800000011920929,0.6010615825653076
4379,Mayangone,Yangon City,MMR013D004,16.856804,96.141357,0.0,0.0,33.0,3.0307229,0.17500001192092896,0.3938554525375366
4380,Mayangone,Yangon City,MMR013D004,16.856804,96.141701,0.0,0.0,34.0,3.4869568,0.1499999761581421,0.3026086091995239
4381,Mayangone,Yangon City,MMR013D004,16.856853,96.136159,0.0,0.0,19.0,5.617232,0.5249999761581421,0.0
4382,Mayangone,Yangon City,MMR013D004,16.856865,96.143997,0.0,0.0,31.0,0.9976483,0.2250000238418579,0.8004703521728516
4383,Mayangone,Yangon City,MMR013D004,16.856918,96.141586,0.0,0.0,31.0,2.862392,0.2250000238418579,0.42752158641815186
4384,Mayangone,Yangon City,MMR013D004,16.857071,96.142044,0.0,0.0,30.0,2.760026,0.25,0.44799482822418213
4385,Mayangone,Yangon City,MMR013D004,16.857147,96.147537,0.0,0.0,26.0,2.2111168,0.3500000238418579,0.5577766299247742
4386,Mayangone,Yangon City,MMR013D004,16.857338,96.147487,0.0,0.0,26.0,2.9905288,0.3500000238418579,0.401894211769104
4387,Mayangone,Yangon City,MMR013D004,16.857833862305,96.099472045898,0.0,0.0,10.0,4.7636194,0.75,0.04727613925933838
4388,Mayangone,Yangon City,MMR013D004,16.857833862305,96.10221862793,0.0,0.0,17.0,2.153755,0.574999988079071,0.5692490339279175
4389,Mayangone,Yangon City,MMR013D004,16.857833862305,96.103591918945,0.0,0.0,11.0,5.0660734,0.7250000238418579,0.0
4390,Mayangone,Yangon City,MMR013D004,16.857833862305,96.107711791992,0.0,0.0,8.0,1.9946922,0.800000011920929,0.6010615825653076
4391,Mayangone,Yangon City,MMR013D004,16.857833862305,96.109085083008,0.0,0.0,8.0,3.9416327,0.800000011920929,0.21167343854904175
4392,Mayangone,Yangon City,MMR013D004,16.857833862305,96.139297485352,0.0,0.0,28.0,5.7959256,0.30000001192092896,0.0
4393,Mayangone,Yangon City,MMR013D004,16.857833862305,96.140670776367,0.0,0.0,29.0,3.4869568,0.2749999761581421,0.3026086091995239
4394,Mayangone,Yangon City,MMR013D004,16.857834,96.141357,0.0,0.0,30.0,0.9548369,0.25,0.8090326189994812
4395,Mayangone,Yangon City,MMR013D004,16.857833862305,96.142044067383,0.0,0.0,30.0,0.9548369,0.25,0.8090326189994812
4396,Mayangone,Yangon City,MMR013D004,16.857833862305,96.144790649414,0.0,0.0,29.0,5.1608467,0.2749999761581421,0.0
4397,Mayangone,Yangon City,MMR013D004,16.857833862305,96.147537231445,0.0,0.0,24.0,4.9007516,0.3999999761581421,0.019849658012390137
4398,Mayangone,Yangon City,MMR013D004,16.857833862305,96.155776977539,0.0,0.0,30.0,3.0307229,0.25,0.3938554525375366
4399,Mayangone,Yangon City,MMR013D004,16.857834,96.156235,0.0,0.0,27.0,8.151844,0.32499998807907104,0.0
4400,Mayangone,Yangon City,MMR013D004,16.857833862305,96.164016723633,0.0,0.0,3.0,4.3014402,0.925000011920929,0.13971197605133057
4401,Mayangone,Yangon City,MMR013D004,16.857833862305,96.166763305664,0.0,0.0,7.0,6.6072006,0.824999988079071,0.0
4402,Mayangone,Yangon City,MMR013D004,16.857887,96.098564,0.0,0.0,1.0,0.9976483,0.9750000238418579,0.8004703521728516
4403,Mayangone,Yangon City,MMR013D004,16.857913,96.141525,0.0,0.0,30.0,0.9548369,0.25,0.8090326189994812
4404,Mayangone,Yangon City,MMR013D004,16.85818,96.141632,0.0,0.0,31.0,2.153755,0.2250000238418579,0.5692490339279175
4405,Mayangone,Yangon City,MMR013D004,16.858292,96.142502,0.0,0.0,26.0,1.3808141,0.3500000238418579,0.7238371968269348
4406,Mayangone,Yangon City,MMR013D004,16.858387,96.108269,0.0,0.0,13.0,4.8660283,0.675000011920929,0.02679431438446045
4407,Mayangone,Yangon City,MMR013D004,16.858521,96.16127,0.0,0.0,7.0,1.9091437,0.824999988079071,0.6181712746620178
4408,Mayangone,Yangon City,MMR013D004,16.859024,96.142044,0.0,0.0,29.0,2.760026,0.2749999761581421,0.44799482822418213
4409,Mayangone,Yangon City,MMR013D004,16.85920715332,96.10221862793,0.0,0.0,4.0,2.153755,0.8999999761581421,0.5692490339279175
4410,Mayangone,Yangon City,MMR013D004,16.85920715332,96.103591918945,0.0,0.0,10.0,2.760026,0.75,0.44799482822418213
4411,Mayangone,Yangon City,MMR013D004,16.85920715332,96.106338500977,0.0,0.0,7.0,0.9548369,0.824999988079071,0.8090326189994812
4412,Mayangone,Yangon City,MMR013D004,16.85920715332,96.107711791992,0.0,0.0,8.0,0.9548369,0.800000011920929,0.8090326189994812
4413,Mayangone,Yangon City,MMR013D004,16.859207,96.108398,0.0,0.0,7.0,3.9416327,0.824999988079071,0.21167343854904175
4414,Mayangone,Yangon City,MMR013D004,16.85920715332,96.109085083008,0.0,0.0,5.0,1.3808141,0.875,0.7238371968269348
4415,Mayangone,Yangon City,MMR013D004,16.85920715332,96.110458374023,0.0,0.0,9.0,2.760026,0.7749999761581421,0.44799482822418213
4416,Mayangone,Yangon City,MMR013D004,16.85920715332,96.111831665039,0.0,0.0,8.0,2.2111168,0.800000011920929,0.5577766299247742
4417,Mayangone,Yangon City,MMR013D004,16.85920715332,96.11457824707,0.0,0.0,6.0,1.3808141,0.8500000238418579,0.7238371968269348
4418,Mayangone,Yangon City,MMR013D004,16.85920715332,96.118698120117,0.0,0.0,10.0,0.9548369,0.75,0.8090326189994812
4419,Mayangone,Yangon City,MMR013D004,16.859207,96.134262,0.0,0.0,17.0,3.5461073,0.574999988079071,0.2907785177230835
4420,Mayangone,Yangon City,MMR013D004,16.85920715332,96.135177612305,0.0,0.0,17.0,1.9946922,0.574999988079071,0.6010615825653076
4421,Mayangone,Yangon City,MMR013D004,16.85920715332,96.13655090332,0.0,0.0,24.0,5.507302,0.3999999761581421,0.0
4422,Mayangone,Yangon City,MMR013D004,16.85920715332,96.137924194336,0.0,0.0,25.0,4.3014402,0.375,0.13971197605133057
4423,Mayangone,Yangon City,MMR013D004,16.85920715332,96.139297485352,0.0,0.0,26.0,0.9548369,0.3500000238418579,0.8090326189994812
4424,Mayangone,Yangon City,MMR013D004,16.85920715332,96.140670776367,0.0,0.0,33.0,1.3808141,0.17500001192092896,0.7238371968269348
4425,Mayangone,Yangon City,MMR013D004,16.85920715332,96.142044067383,0.0,0.0,30.0,2.153755,0.25,0.5692490339279175
4426,Mayangone,Yangon City,MMR013D004,16.85920715332,96.153030395508,0.0,0.0,37.0,2.760026,0.07499998807907104,0.44799482822418213
4427,Mayangone,Yangon City,MMR013D004,16.85920715332,96.155776977539,0.0,0.0,25.0,4.415667,0.375,0.1168665885925293
4428,Mayangone,Yangon City,MMR013D004,16.85920715332,96.157150268555,0.0,0.0,18.0,3.138737,0.550000011920929,0.37225258350372314
4429,Mayangone,Yangon City,MMR013D004,16.859207,96.157837,0.0,0.0,18.0,3.4869568,0.550000011920929,0.3026086091995239
4430,Mayangone,Yangon City,MMR013D004,16.85920715332,96.162643432617,0.0,0.0,9.0,1.3808141,0.7749999761581421,0.7238371968269348
4431,Mayangone,Yangon City,MMR013D004,16.859457,96.115327,0.0,0.0,10.0,3.4869568,0.75,0.3026086091995239
4432,Mayangone,Yangon City,MMR013D004,16.85955,96.142044,0.0,0.0,31.0,0.9976483,0.2250000238418579,0.8004703521728516
4433,Mayangone,Yangon City,MMR013D004,16.85963,96.105789,0.0,0.0,7.0,3.138737,0.824999988079071,0.37225258350372314
4434,Mayangone,Yangon City,MMR013D004,16.859665,96.120071,0.0,0.0,11.0,2.2111168,0.7250000238418579,0.5577766299247742
4435,Mayangone,Yangon City,MMR013D004,16.859703,96.106145,0.0,0.0,8.0,3.138737,0.800000011920929,0.37225258350372314
4436,Mayangone,Yangon City,MMR013D004,16.859756,96.140121,0.0,0.0,31.0,4.1360445,0.2250000238418579,0.17279112339019775
4437,Mayangone,Yangon City,MMR013D004,16.859894,96.107712,0.0,0.0,10.0,2.2111168,0.75,0.5577766299247742
4438,Mayangone,Yangon City,MMR013D004,16.859894,96.109772,0.0,0.0,9.0,1.9091437,0.7749999761581421,0.6181712746620178
4439,Mayangone,Yangon City,MMR013D004,16.859894,96.113892,0.0,0.0,10.0,1.9091437,0.75,0.6181712746620178
4440,Mayangone,Yangon City,MMR013D004,16.859894,96.115265,0.0,0.0,12.0,0.9976483,0.699999988079071,0.8004703521728516
4441,Mayangone,Yangon City,MMR013D004,16.859894,96.116638,0.0,0.0,11.0,3.138737,0.7250000238418579,0.37225258350372314
4442,Mayangone,Yangon City,MMR013D004,16.859894,96.142044,0.0,0.0,29.0,3.138737,0.2749999761581421,0.37225258350372314
4443,Mayangone,Yangon City,MMR013D004,16.859894,96.155777,0.0,0.0,22.0,8.282669,0.44999998807907104,0.0
4444,Mayangone,Yangon City,MMR013D004,16.859936,96.120279,0.0,0.0,11.0,1.3808141,0.7250000238418579,0.7238371968269348
4445,Mayangone,Yangon City,MMR013D004,16.860031,96.137924,0.0,0.0,25.0,5.0660734,0.375,0.0
4446,Mayangone,Yangon City,MMR013D004,16.860061,96.14184,0.0,0.0,30.0,2.2111168,0.25,0.5577766299247742
4447,Mayangone,Yangon City,MMR013D004,16.860237,96.11475,0.0,0.0,10.0,0.0,0.75,1.0
4448,Mayangone,Yangon City,MMR013D004,16.860237,96.158867,0.0,0.0,16.0,3.5461073,0.6000000238418579,0.2907785177230835
4449,Mayangone,Yangon City,MMR013D004,16.860384,96.137924,0.0,0.0,27.0,7.505716,0.32499998807907104,0.0
4450,Mayangone,Yangon City,MMR013D004,16.860580444336,96.099472045898,0.0,0.0,10.0,2.2111168,0.75,0.5577766299247742
4451,Mayangone,Yangon City,MMR013D004,16.860580444336,96.100845336914,0.0,0.0,10.0,0.9548369,0.75,0.8090326189994812
4452,Mayangone,Yangon City,MMR013D004,16.860580444336,96.107711791992,0.0,0.0,12.0,4.096654,0.699999988079071,0.18066918849945068
4453,Mayangone,Yangon City,MMR013D004,16.860580444336,96.110458374023,0.0,0.0,11.0,0.9548369,0.7250000238418579,0.8090326189994812
4454,Mayangone,Yangon City,MMR013D004,16.860580444336,96.111831665039,0.0,0.0,8.0,3.5461073,0.800000011920929,0.2907785177230835
4455,Mayangone,Yangon City,MMR013D004,16.860580444336,96.113204956055,0.0,0.0,9.0,1.9946922,0.7749999761581421,0.6010615825653076
4456,Mayangone,Yangon City,MMR013D004,16.86058,96.113892,0.0,0.0,10.0,2.760026,0.75,0.44799482822418213
4457,Mayangone,Yangon City,MMR013D004,16.860580444336,96.11457824707,0.0,0.0,11.0,1.3808141,0.7250000238418579,0.7238371968269348
4458,Mayangone,Yangon City,MMR013D004,16.860580444336,96.115951538086,0.0,0.0,10.0,2.2111168,0.75,0.5577766299247742
4459,Mayangone,Yangon City,MMR013D004,16.860580444336,96.117324829102,0.0,0.0,11.0,2.760026,0.7250000238418579,0.44799482822418213
4460,Mayangone,Yangon City,MMR013D004,16.86058,96.118011,0.0,0.0,16.0,2.153755,0.6000000238418579,0.5692490339279175
4461,Mayangone,Yangon City,MMR013D004,16.860580444336,96.118698120117,0.0,0.0,12.0,1.9946922,0.699999988079071,0.6010615825653076
4462,Mayangone,Yangon City,MMR013D004,16.86058,96.119156,0.0,0.0,11.0,0.9976483,0.7250000238418579,0.8004703521728516
4463,Mayangone,Yangon City,MMR013D004,16.860580444336,96.120071411133,0.0,0.0,10.0,2.2111168,0.75,0.5577766299247742
4464,Mayangone,Yangon City,MMR013D004,16.860580444336,96.121444702148,0.0,0.0,12.0,2.9905288,0.699999988079071,0.401894211769104
4465,Mayangone,Yangon City,MMR013D004,16.86058,96.122131,0.0,0.0,15.0,3.138737,0.625,0.37225258350372314
4466,Mayangone,Yangon City,MMR013D004,16.860580444336,96.132431030273,0.0,0.0,16.0,0.9548369,0.6000000238418579,0.8090326189994812
4467,Mayangone,Yangon City,MMR013D004,16.860580444336,96.13655090332,0.0,0.0,22.0,5.733568,0.44999998807907104,0.0
4468,Mayangone,Yangon City,MMR013D004,16.860580444336,96.137924194336,0.0,0.0,28.0,6.2587476,0.30000001192092896,0.0
4469,Mayangone,Yangon City,MMR013D004,16.860580444336,96.139297485352,0.0,0.0,23.0,7.065254,0.42500001192092896,0.0
4470,Mayangone,Yangon City,MMR013D004,16.86058,96.141357,0.0,0.0,30.0,1.9091437,0.25,0.6181712746620178
4471,Mayangone,Yangon City,MMR013D004,16.860580444336,96.142044067383,0.0,0.0,29.0,2.2111168,0.2749999761581421,0.5577766299247742
4472,Mayangone,Yangon City,MMR013D004,16.860580444336,96.155776977539,0.0,0.0,21.0,4.1360445,0.4750000238418579,0.17279112339019775
4473,Mayangone,Yangon City,MMR013D004,16.86058,96.156464,0.0,0.0,19.0,1.3808141,0.5249999761581421,0.7238371968269348
4474,Mayangone,Yangon City,MMR013D004,16.86058,96.156693,0.0,0.0,19.0,3.0307229,0.5249999761581421,0.3938554525375366
4475,Mayangone,Yangon City,MMR013D004,16.860580444336,96.157150268555,0.0,0.0,16.0,4.9007516,0.6000000238418579,0.019849658012390137
4476,Mayangone,Yangon City,MMR013D004,16.860580444336,96.15852355957,0.0,0.0,15.0,1.9091437,0.625,0.6181712746620178
4477,Mayangone,Yangon City,MMR013D004,16.860580444336,96.161270141602,0.0,0.0,6.0,0.9976483,0.8500000238418579,0.8004703521728516
4478,Mayangone,Yangon City,MMR013D004,16.860580444336,96.162643432617,0.0,0.0,10.0,3.5461073,0.75,0.2907785177230835
4479,Mayangone,Yangon City,MMR013D004,16.86099,96.119736,0.0,0.0,11.0,2.153755,0.7250000238418579,0.5692490339279175
4480,Mayangone,Yangon City,MMR013D004,16.861012,96.117924,0.0,0.0,12.0,0.0,0.699999988079071,1.0
4481,Mayangone,Yangon City,MMR013D004,16.861038,96.12236,0.0,0.0,14.0,2.2111168,0.6499999761581421,0.5577766299247742
4482,Mayangone,Yangon City,MMR013D004,16.861038,96.142044,0.0,0.0,29.0,3.5461073,0.2749999761581421,0.2907785177230835
4483,Mayangone,Yangon City,MMR013D004,16.861095,96.120163,0.0,0.0,14.0,2.760026,0.6499999761581421,0.44799482822418213
4484,Mayangone,Yangon City,MMR013D004,16.861095,96.121788,0.0,0.0,12.0,3.5461073,0.699999988079071,0.2907785177230835
4485,Mayangone,Yangon City,MMR013D004,16.861217,96.11956,0.0,0.0,12.0,4.3014402,0.699999988079071,0.13971197605133057
4486,Mayangone,Yangon City,MMR013D004,16.861267,96.118698,0.0,0.0,12.0,0.9548369,0.699999988079071,0.8090326189994812
4487,Mayangone,Yangon City,MMR013D004,16.861267,96.120071,0.0,0.0,14.0,4.8412433,0.6499999761581421,0.03175133466720581
4488,Mayangone,Yangon City,MMR013D004,16.861267,96.120758,0.0,0.0,14.0,4.415667,0.6499999761581421,0.1168665885925293
4489,Mayangone,Yangon City,MMR013D004,16.861267,96.141357,0.0,0.0,31.0,3.4869568,0.2250000238418579,0.3026086091995239
4490,Mayangone,Yangon City,MMR013D004,16.861267,96.15612,0.0,0.0,21.0,2.153755,0.4750000238418579,0.5692490339279175
4491,Mayangone,Yangon City,MMR013D004,16.861365,96.142044,0.0,0.0,30.0,4.096654,0.25,0.18066918849945068
4492,Mayangone,Yangon City,MMR013D004,16.861404,96.142593,0.0,0.0,27.0,2.862392,0.32499998807907104,0.42752158641815186
4493,Mayangone,Yangon City,MMR013D004,16.861515,96.14122,0.0,0.0,28.0,6.7274427,0.30000001192092896,0.0
4494,Mayangone,Yangon City,MMR013D004,16.861561,96.156954,0.0,0.0,16.0,4.9761953,0.6000000238418579,0.004760921001434326
4495,Mayangone,Yangon City,MMR013D004,16.861578,96.155182,0.0,0.0,21.0,0.9976483,0.4750000238418579,0.8004703521728516
4496,Mayangone,Yangon City,MMR013D004,16.86161,96.142387,0.0,0.0,24.0,7.065254,0.3999999761581421,0.0
4497,Mayangone,Yangon City,MMR013D004,16.861679,96.121445,0.0,0.0,10.0,2.2111168,0.75,0.5577766299247742
4498,Mayangone,Yangon City,MMR013D004,16.861831,96.141094,0.0,0.0,24.0,4.7636194,0.3999999761581421,0.04727613925933838
4499,Mayangone,Yangon City,MMR013D004,16.861953735352,96.107711791992,0.0,0.0,8.0,0.9976483,0.800000011920929,0.8004703521728516
4500,Mayangone,Yangon City,MMR013D004,16.861953735352,96.109085083008,0.0,0.0,11.0,0.9976483,0.7250000238418579,0.8004703521728516
4501,Mayangone,Yangon City,MMR013D004,16.861953867676,96.1118318325195,0.0,0.0,9.0,2.760026,0.7749999761581421,0.44799482822418213
4502,Mayangone,Yangon City,MMR013D004,16.861954,96.113892,0.0,0.0,11.0,3.138737,0.7250000238418579,0.37225258350372314
4503,Mayangone,Yangon City,MMR013D004,16.861953735352,96.11457824707,0.0,0.0,8.0,2.2111168,0.800000011920929,0.5577766299247742
4504,Mayangone,Yangon City,MMR013D004,16.861953735352,96.118698120117,0.0,0.0,11.0,1.3808141,0.7250000238418579,0.7238371968269348
4505,Mayangone,Yangon City,MMR013D004,16.861953735352,96.120071411133,0.0,0.0,16.0,0.9976483,0.6000000238418579,0.8004703521728516
4506,Mayangone,Yangon City,MMR013D004,16.861953735352,96.121444702148,0.0,0.0,11.0,2.153755,0.7250000238418579,0.5692490339279175
4507,Mayangone,Yangon City,MMR013D004,16.861953735352,96.129684448242,0.0,0.0,12.0,0.9548369,0.699999988079071,0.8090326189994812
4508,Mayangone,Yangon City,MMR013D004,16.861953735352,96.131057739258,0.0,0.0,14.0,4.096654,0.6499999761581421,0.18066918849945068
4509,Mayangone,Yangon City,MMR013D004,16.861953735352,96.132431030273,0.0,0.0,16.0,2.2111168,0.6000000238418579,0.5577766299247742
4510,Mayangone,Yangon City,MMR013D004,16.861953735352,96.142044067383,0.0,0.0,29.0,6.8722596,0.2749999761581421,0.0
4511,Mayangone,Yangon City,MMR013D004,16.861954,96.142502,0.0,0.0,22.0,3.0307229,0.44999998807907104,0.3938554525375366
4512,Mayangone,Yangon City,MMR013D004,16.861953735352,96.14616394043,0.0,0.0,34.0,6.437088,0.1499999761581421,0.0
4513,Mayangone,Yangon City,MMR013D004,16.861953735352,96.154403686523,0.0,0.0,25.0,5.3264294,0.375,0.0
4514,Mayangone,Yangon City,MMR013D004,16.861954,96.155319,0.0,0.0,21.0,1.3808141,0.4750000238418579,0.7238371968269348
4515,Mayangone,Yangon City,MMR013D004,16.861953735352,96.155776977539,0.0,0.0,19.0,3.138737,0.5249999761581421,0.37225258350372314
4516,Mayangone,Yangon City,MMR013D004,16.861953735352,96.157150268555,0.0,0.0,15.0,2.760026,0.625,0.44799482822418213
4517,Mayangone,Yangon City,MMR013D004,16.861954,96.157837,0.0,0.0,13.0,2.2111168,0.675000011920929,0.5577766299247742
4518,Mayangone,Yangon City,MMR013D004,16.861953735352,96.161270141602,0.0,0.0,11.0,1.3808141,0.7250000238418579,0.7238371968269348
4519,Mayangone,Yangon City,MMR013D004,16.861953735352,96.162643432617,0.0,0.0,7.0,4.1360445,0.824999988079071,0.17279112339019775
4520,Mayangone,Yangon City,MMR013D004,16.861953735352,96.164016723633,0.0,0.0,9.0,4.9761953,0.7749999761581421,0.004760921001434326
4521,Mayangone,Yangon City,MMR013D004,16.861953735352,96.165390014648,0.0,0.0,4.0,2.153755,0.8999999761581421,0.5692490339279175
4522,Mayangone,Yangon City,MMR013D004,16.861954,96.17569,0.0,0.0,10.0,3.9416327,0.75,0.21167343854904175
4523,Mayangone,Yangon City,MMR013D004,16.862055,96.119212,0.0,0.0,14.0,5.733568,0.6499999761581421,0.0
4524,Mayangone,Yangon City,MMR013D004,16.862289,96.114609,0.0,0.0,7.0,1.9946922,0.824999988079071,0.6010615825653076
4525,Mayangone,Yangon City,MMR013D004,16.862297,96.119385,0.0,0.0,18.0,6.0397077,0.550000011920929,0.0
4526,Mayangone,Yangon City,MMR013D004,16.862412,96.115952,0.0,0.0,11.0,1.9946922,0.7250000238418579,0.6010615825653076
4527,Mayangone,Yangon City,MMR013D004,16.862411,96.15715,0.0,0.0,14.0,2.153755,0.6499999761581421,0.5692490339279175
4528,Mayangone,Yangon City,MMR013D004,16.862411,96.158524,0.0,0.0,13.0,4.415667,0.675000011920929,0.1168665885925293
4529,Mayangone,Yangon City,MMR013D004,16.862412,96.162186,0.0,0.0,4.0,3.9845605,0.8999999761581421,0.2030879259109497
4530,Mayangone,Yangon City,MMR013D004,16.86264,96.113892,0.0,0.0,9.0,1.9946922,0.7749999761581421,0.6010615825653076
4531,Mayangone,Yangon City,MMR013D004,16.86264,96.118698,0.0,0.0,12.0,0.0,0.699999988079071,1.0
4532,Mayangone,Yangon City,MMR013D004,16.86264,96.119385,0.0,0.0,18.0,8.151844,0.550000011920929,0.0
4533,Mayangone,Yangon City,MMR013D004,16.86264,96.130371,0.0,0.0,13.0,3.5461073,0.675000011920929,0.2907785177230835
4534,Mayangone,Yangon City,MMR013D004,16.86264,96.143417,0.0,0.0,28.0,0.0,0.30000001192092896,1.0
4535,Mayangone,Yangon City,MMR013D004,16.862645,96.15784,0.0,0.0,13.0,1.3808141,0.675000011920929,0.7238371968269348
4536,Mayangone,Yangon City,MMR013D004,16.862648,96.105232,0.0,0.0,10.0,1.9091437,0.75,0.6181712746620178
4537,Mayangone,Yangon City,MMR013D004,16.862684,96.160164,0.0,0.0,6.0,2.2111168,0.8500000238418579,0.5577766299247742
4538,Mayangone,Yangon City,MMR013D004,16.862719,96.142018,0.0,0.0,23.0,0.9548369,0.42500001192092896,0.8090326189994812
4539,Mayangone,Yangon City,MMR013D004,16.862778,96.117325,0.0,0.0,9.0,0.9976483,0.7749999761581421,0.8004703521728516
4540,Mayangone,Yangon City,MMR013D004,16.862869,96.114426,0.0,0.0,10.0,1.9091437,0.75,0.6181712746620178
4541,Mayangone,Yangon City,MMR013D004,16.862869,96.118698,0.0,0.0,12.0,0.0,0.699999988079071,1.0
4542,Mayangone,Yangon City,MMR013D004,16.862869,96.135635,0.0,0.0,19.0,0.0,0.5249999761581421,1.0
4543,Mayangone,Yangon City,MMR013D004,16.862869,96.141586,0.0,0.0,26.0,2.862392,0.3500000238418579,0.42752158641815186
4544,Mayangone,Yangon City,MMR013D004,16.862869,96.142502,0.0,0.0,24.0,2.2111168,0.3999999761581421,0.5577766299247742
4545,Mayangone,Yangon City,MMR013D004,16.862984,96.15818,0.0,0.0,14.0,0.9976483,0.6499999761581421,0.8004703521728516
4546,Mayangone,Yangon City,MMR013D004,16.863206,96.172676,0.0,0.0,7.0,2.2111168,0.824999988079071,0.5577766299247742
4547,Mayangone,Yangon City,MMR013D004,16.863327026367,96.104965209961,0.0,0.0,10.0,0.0,0.75,1.0
4548,Mayangone,Yangon City,MMR013D004,16.863327026367,96.107711791992,0.0,0.0,8.0,1.9091437,0.800000011920929,0.6181712746620178
4549,Mayangone,Yangon City,MMR013D004,16.863327026367,96.111831665039,0.0,0.0,12.0,2.2111168,0.699999988079071,0.5577766299247742
4550,Mayangone,Yangon City,MMR013D004,16.863327026367,96.113204956055,0.0,0.0,11.0,2.2111168,0.7250000238418579,0.5577766299247742
4551,Mayangone,Yangon City,MMR013D004,16.863327,96.113892,0.0,0.0,8.0,2.153755,0.800000011920929,0.5692490339279175
4552,Mayangone,Yangon City,MMR013D004,16.863327026367,96.11457824707,0.0,0.0,12.0,3.5461073,0.699999988079071,0.2907785177230835
4553,Mayangone,Yangon City,MMR013D004,16.863327026367,96.117324829102,0.0,0.0,9.0,1.9946922,0.7749999761581421,0.6010615825653076
4554,Mayangone,Yangon City,MMR013D004,16.863327,96.118355,0.0,0.0,12.0,0.9976483,0.699999988079071,0.8004703521728516
4555,Mayangone,Yangon City,MMR013D004,16.863327026367,96.118698120117,0.0,0.0,12.0,0.9976483,0.699999988079071,0.8004703521728516
4556,Mayangone,Yangon City,MMR013D004,16.863327026367,96.121444702148,0.0,0.0,16.0,2.760026,0.6000000238418579,0.44799482822418213
4557,Mayangone,Yangon City,MMR013D004,16.863327026367,96.122817993164,0.0,0.0,12.0,2.153755,0.699999988079071,0.5692490339279175
4558,Mayangone,Yangon City,MMR013D004,16.863327026367,96.128311157227,0.0,0.0,10.0,1.3808141,0.75,0.7238371968269348
4559,Mayangone,Yangon City,MMR013D004,16.863327026367,96.131057739258,0.0,0.0,14.0,2.760026,0.6499999761581421,0.44799482822418213
4560,Mayangone,Yangon City,MMR013D004,16.863327026367,96.132431030273,0.0,0.0,21.0,2.153755,0.4750000238418579,0.5692490339279175
4561,Mayangone,Yangon City,MMR013D004,16.863327026367,96.133804321289,0.0,0.0,20.0,3.9416327,0.5,0.21167343854904175
4562,Mayangone,Yangon City,MMR013D004,16.863327,96.140976,0.0,0.0,25.0,1.3808141,0.375,0.7238371968269348
4563,Mayangone,Yangon City,MMR013D004,16.863327026367,96.142044067383,0.0,0.0,26.0,2.760026,0.3500000238418579,0.44799482822418213
4564,Mayangone,Yangon City,MMR013D004,16.863327,96.142593,0.0,0.0,24.0,1.3808141,0.3999999761581421,0.7238371968269348
4565,Mayangone,Yangon City,MMR013D004,16.863327026367,96.143417358398,0.0,0.0,27.0,2.2111168,0.32499998807907104,0.5577766299247742
4566,Mayangone,Yangon City,MMR013D004,16.863327026367,96.153030395508,0.0,0.0,22.0,16.744577,0.44999998807907104,0.0
4567,Mayangone,Yangon City,MMR013D004,16.863327026367,96.154403686523,0.0,0.0,20.0,5.7105665,0.5,0.0
4568,Mayangone,Yangon City,MMR013D004,16.863327026367,96.155776977539,0.0,0.0,18.0,3.138737,0.550000011920929,0.37225258350372314
4569,Mayangone,Yangon City,MMR013D004,16.863327,96.15715,0.0,0.0,13.0,5.0660734,0.675000011920929,0.0
4570,Mayangone,Yangon City,MMR013D004,16.863327026367,96.15852355957,0.0,0.0,11.0,4.096654,0.7250000238418579,0.18066918849945068
4571,Mayangone,Yangon City,MMR013D004,16.863327,96.15921,0.0,0.0,4.0,1.3808141,0.8999999761581421,0.7238371968269348
4572,Mayangone,Yangon City,MMR013D004,16.863327026367,96.159896850586,0.0,0.0,5.0,2.2111168,0.875,0.5577766299247742
4573,Mayangone,Yangon City,MMR013D004,16.863327,96.164703,0.0,0.0,7.0,2.9905288,0.824999988079071,0.401894211769104
4574,Mayangone,Yangon City,MMR013D004,16.863327026367,96.165390014648,0.0,0.0,9.0,4.096654,0.7749999761581421,0.18066918849945068
4575,Mayangone,Yangon City,MMR013D004,16.863327026367,96.170883178711,0.0,0.0,7.0,2.153755,0.824999988079071,0.5692490339279175
4576,Mayangone,Yangon City,MMR013D004,16.863327026367,96.172256469727,0.0,0.0,8.0,1.3808141,0.800000011920929,0.7238371968269348
4577,Mayangone,Yangon City,MMR013D004,16.8633270131835,96.173629880371,0.0,0.0,11.0,6.6072006,0.7250000238418579,0.0
4578,Mayangone,Yangon City,MMR013D004,16.863327026367,96.175003051758,0.0,0.0,6.0,3.5461073,0.8500000238418579,0.2907785177230835
4579,Mayangone,Yangon City,MMR013D004,16.863602,96.156601,0.0,0.0,15.0,3.0307229,0.625,0.3938554525375366
4580,Mayangone,Yangon City,MMR013D004,16.863671,96.133805,0.0,0.0,16.0,4.3014402,0.6000000238418579,0.13971197605133057
4581,Mayangone,Yangon City,MMR013D004,16.863785,96.113663,0.0,0.0,8.0,1.3808141,0.800000011920929,0.7238371968269348
4582,Mayangone,Yangon City,MMR013D004,16.863785,96.156235,0.0,0.0,13.0,1.3808141,0.675000011920929,0.7238371968269348
4583,Mayangone,Yangon City,MMR013D004,16.863922,96.142776,0.0,0.0,30.0,6.2587476,0.25,0.0
4584,Mayangone,Yangon City,MMR013D004,16.864014,96.107025,0.0,0.0,13.0,0.9976483,0.675000011920929,0.8004703521728516
4585,Mayangone,Yangon City,MMR013D004,16.864243,96.106339,0.0,0.0,12.0,1.3808141,0.699999988079071,0.7238371968269348
4586,Mayangone,Yangon City,MMR013D004,16.864326,96.122818,0.0,0.0,13.0,1.3808141,0.675000011920929,0.7238371968269348
4587,Mayangone,Yangon City,MMR013D004,16.864357,96.15715,0.0,0.0,12.0,0.9976483,0.699999988079071,0.8004703521728516
4588,Mayangone,Yangon City,MMR013D004,16.864665,96.159298,0.0,0.0,7.0,0.9976483,0.824999988079071,0.8004703521728516
4589,Mayangone,Yangon City,MMR013D004,16.864700317383,96.106338500977,0.0,0.0,11.0,2.2111168,0.7250000238418579,0.5577766299247742
4590,Mayangone,Yangon City,MMR013D004,16.864700317383,96.111831665039,0.0,0.0,7.0,2.153755,0.824999988079071,0.5692490339279175
4591,Mayangone,Yangon City,MMR013D004,16.864700317383,96.113204956055,0.0,0.0,7.0,0.9548369,0.824999988079071,0.8090326189994812
4592,Mayangone,Yangon City,MMR013D004,16.864700317383,96.117324829102,0.0,0.0,12.0,3.138737,0.699999988079071,0.37225258350372314
4593,Mayangone,Yangon City,MMR013D004,16.864700317383,96.121444702148,0.0,0.0,19.0,3.138737,0.5249999761581421,0.37225258350372314
4594,Mayangone,Yangon City,MMR013D004,16.8647,96.122131,0.0,0.0,13.0,2.2111168,0.675000011920929,0.5577766299247742
4595,Mayangone,Yangon City,MMR013D004,16.864700317383,96.122817993164,0.0,0.0,14.0,0.0,0.6499999761581421,1.0
4596,Mayangone,Yangon City,MMR013D004,16.864700317383,96.12419128418,0.0,0.0,12.0,0.9976483,0.699999988079071,0.8004703521728516
4597,Mayangone,Yangon City,MMR013D004,16.864700317383,96.129684448242,0.0,0.0,17.0,1.9946922,0.574999988079071,0.6010615825653076
4598,Mayangone,Yangon City,MMR013D004,16.864700317383,96.131057739258,0.0,0.0,15.0,4.096654,0.625,0.18066918849945068
4599,Mayangone,Yangon City,MMR013D004,16.864700317383,96.132431030273,0.0,0.0,18.0,0.9548369,0.550000011920929,0.8090326189994812
4600,Mayangone,Yangon City,MMR013D004,16.864700317383,96.139297485352,0.0,0.0,28.0,4.9007516,0.30000001192092896,0.019849658012390137
4601,Mayangone,Yangon City,MMR013D004,16.864700317383,96.140670776367,0.0,0.0,29.0,7.737872,0.2749999761581421,0.0
4602,Mayangone,Yangon City,MMR013D004,16.864700317383,96.142044067383,0.0,0.0,26.0,3.9416327,0.3500000238418579,0.21167343854904175
4603,Mayangone,Yangon City,MMR013D004,16.864700317383,96.143417358398,0.0,0.0,36.0,0.9976483,0.10000002384185791,0.8004703521728516
4604,Mayangone,Yangon City,MMR013D004,16.864700317383,96.154403686523,0.0,0.0,14.0,5.1608467,0.6499999761581421,0.0
4605,Mayangone,Yangon City,MMR013D004,16.8647,96.15509,0.0,0.0,14.0,3.9416327,0.6499999761581421,0.21167343854904175
4606,Mayangone,Yangon City,MMR013D004,16.8647,96.157494,0.0,0.0,12.0,0.0,0.699999988079071,1.0
4607,Mayangone,Yangon City,MMR013D004,16.864700317383,96.15852355957,0.0,0.0,10.0,5.1608467,0.75,0.0
4608,Mayangone,Yangon City,MMR013D004,16.864700317383,96.169509887695,0.0,0.0,5.0,2.153755,0.875,0.5692490339279175
4609,Mayangone,Yangon City,MMR013D004,16.864700317383,96.170883178711,0.0,0.0,5.0,1.3808141,0.875,0.7238371968269348
4610,Mayangone,Yangon City,MMR013D004,16.864906,96.141052,0.0,0.0,28.0,8.229426,0.30000001192092896,0.0
4611,Mayangone,Yangon City,MMR013D004,16.864911,96.146131,0.0,0.0,27.0,3.4869568,0.32499998807907104,0.3026086091995239
4612,Mayangone,Yangon City,MMR013D004,16.864975,96.142044,0.0,0.0,30.0,3.4869568,0.25,0.3026086091995239
4613,Mayangone,Yangon City,MMR013D004,16.865158,96.106339,0.0,0.0,9.0,4.1360445,0.7749999761581421,0.17279112339019775
4614,Mayangone,Yangon City,MMR013D004,16.865158,96.153946,0.0,0.0,23.0,4.3014402,0.42500001192092896,0.13971197605133057
4615,Mayangone,Yangon City,MMR013D004,16.86525,96.156876,0.0,0.0,12.0,0.9976483,0.699999988079071,0.8004703521728516
4616,Mayangone,Yangon City,MMR013D004,16.865387,96.106339,0.0,0.0,8.0,0.9976483,0.800000011920929,0.8004703521728516
4617,Mayangone,Yangon City,MMR013D004,16.865387,96.131401,0.0,0.0,18.0,1.9946922,0.550000011920929,0.6010615825653076
4618,Mayangone,Yangon City,MMR013D004,16.865387,96.141357,0.0,0.0,29.0,3.138737,0.2749999761581421,0.37225258350372314
4619,Mayangone,Yangon City,MMR013D004,16.865524,96.154404,0.0,0.0,22.0,3.0307229,0.44999998807907104,0.3938554525375366
4620,Mayangone,Yangon City,MMR013D004,16.865531,96.165636,0.0,0.0,6.0,4.3014402,0.8500000238418579,0.13971197605133057
4621,Mayangone,Yangon City,MMR013D004,16.865616,96.117325,0.0,0.0,15.0,1.9946922,0.625,0.6010615825653076
4622,Mayangone,Yangon City,MMR013D004,16.865616,96.153488,0.0,0.0,23.0,4.3014402,0.42500001192092896,0.13971197605133057
4623,Mayangone,Yangon City,MMR013D004,16.865616,96.168594,0.0,0.0,7.0,2.153755,0.824999988079071,0.5692490339279175
4624,Mayangone,Yangon City,MMR013D004,16.865767,96.16922,0.0,0.0,4.0,5.1608467,0.8999999761581421,0.0
4625,Mayangone,Yangon City,MMR013D004,16.865845,96.106339,0.0,0.0,10.0,2.760026,0.75,0.44799482822418213
4626,Mayangone,Yangon City,MMR013D004,16.865921,96.116119,0.0,0.0,13.0,0.9976483,0.675000011920929,0.8004703521728516
4627,Mayangone,Yangon City,MMR013D004,16.865952,96.130775,0.0,0.0,14.0,0.9976483,0.6499999761581421,0.8004703521728516
4628,Mayangone,Yangon City,MMR013D004,16.865959,96.11624,0.0,0.0,13.0,0.9976483,0.675000011920929,0.8004703521728516
4629,Mayangone,Yangon City,MMR013D004,16.866,96.116749,0.0,0.0,12.0,2.153755,0.699999988079071,0.5692490339279175
4630,Mayangone,Yangon City,MMR013D004,16.866024,96.142693,0.0,0.0,36.0,4.1360445,0.10000002384185791,0.17279112339019775
4631,Mayangone,Yangon City,MMR013D004,16.866074,96.105652,0.0,0.0,15.0,1.3808141,0.625,0.7238371968269348
4632,Mayangone,Yangon City,MMR013D004,16.866073608398,96.106338500977,0.0,0.0,11.0,5.3264294,0.7250000238418579,0.0
4633,Mayangone,Yangon City,MMR013D004,16.866073608398,96.111831665039,0.0,0.0,11.0,0.0,0.7250000238418579,1.0
4634,Mayangone,Yangon City,MMR013D004,16.866073608398,96.113204956055,0.0,0.0,9.0,0.9548369,0.7749999761581421,0.8090326189994812
4635,Mayangone,Yangon City,MMR013D004,16.866073608398,96.115951538086,0.0,0.0,11.0,3.4869568,0.7250000238418579,0.3026086091995239
4636,Mayangone,Yangon City,MMR013D004,16.866074,96.116295,0.0,0.0,12.0,3.0307229,0.699999988079071,0.3938554525375366
4637,Mayangone,Yangon City,MMR013D004,16.866073608398,96.117324829102,0.0,0.0,14.0,0.9548369,0.6499999761581421,0.8090326189994812
4638,Mayangone,Yangon City,MMR013D004,16.866073608398,96.120071411133,0.0,0.0,20.0,1.9091437,0.5,0.6181712746620178
4639,Mayangone,Yangon City,MMR013D004,16.866073608398,96.121444702148,0.0,0.0,17.0,3.9845605,0.574999988079071,0.2030879259109497
4640,Mayangone,Yangon City,MMR013D004,16.866073608398,96.122817993164,0.0,0.0,14.0,2.2111168,0.6499999761581421,0.5577766299247742
4641,Mayangone,Yangon City,MMR013D004,16.866073608398,96.125564575195,0.0,0.0,14.0,3.0307229,0.6499999761581421,0.3938554525375366
4642,Mayangone,Yangon City,MMR013D004,16.866073608398,96.126937866211,0.0,0.0,12.0,2.153755,0.699999988079071,0.5692490339279175
4643,Mayangone,Yangon City,MMR013D004,16.866074,96.127625,0.0,0.0,13.0,2.2111168,0.675000011920929,0.5577766299247742
4644,Mayangone,Yangon City,MMR013D004,16.866073608398,96.128311157227,0.0,0.0,17.0,1.3808141,0.574999988079071,0.7238371968269348
4645,Mayangone,Yangon City,MMR013D004,16.866074,96.128998,0.0,0.0,18.0,0.9976483,0.550000011920929,0.8004703521728516
4646,Mayangone,Yangon City,MMR013D004,16.866073608398,96.129684448242,0.0,0.0,17.0,0.9548369,0.574999988079071,0.8090326189994812
4647,Mayangone,Yangon City,MMR013D004,16.866073608398,96.132431030273,0.0,0.0,17.0,1.9946922,0.574999988079071,0.6010615825653076
4648,Mayangone,Yangon City,MMR013D004,16.866073608398,96.13655090332,0.0,0.0,26.0,4.096654,0.3500000238418579,0.18066918849945068
4649,Mayangone,Yangon City,MMR013D004,16.866073608398,96.137924194336,0.0,0.0,24.0,4.8660283,0.3999999761581421,0.02679431438446045
4650,Mayangone,Yangon City,MMR013D004,16.866073608398,96.139297485352,0.0,0.0,27.0,1.3808141,0.32499998807907104,0.7238371968269348
4651,Mayangone,Yangon City,MMR013D004,16.866073608398,96.140670776367,0.0,0.0,25.0,2.760026,0.375,0.44799482822418213
4652,Mayangone,Yangon City,MMR013D004,16.866073608398,96.142044067383,0.0,0.0,39.0,6.9482727,0.02499997615814209,0.0
4653,Mayangone,Yangon City,MMR013D004,16.866073608398,96.143417358398,0.0,0.0,42.0,7.505716,0.0,0.0
4654,Mayangone,Yangon City,MMR013D004,16.866073608398,96.14616394043,0.0,0.0,24.0,2.9905288,0.3999999761581421,0.401894211769104
4655,Mayangone,Yangon City,MMR013D004,16.866073608398,96.153030395508,0.0,0.0,20.0,0.9976483,0.5,0.8004703521728516
4656,Mayangone,Yangon City,MMR013D004,16.866074,96.153717,0.0,0.0,19.0,3.4869568,0.5249999761581421,0.3026086091995239
4657,Mayangone,Yangon City,MMR013D004,16.866073608398,96.154403686523,0.0,0.0,20.0,3.0307229,0.5,0.3938554525375366
4658,Mayangone,Yangon City,MMR013D004,16.866073608398,96.157150268555,0.0,0.0,13.0,0.9976483,0.675000011920929,0.8004703521728516
4659,Mayangone,Yangon City,MMR013D004,16.866124,96.116538,0.0,0.0,12.0,0.9976483,0.699999988079071,0.8004703521728516
4660,Mayangone,Yangon City,MMR013D004,16.8662,96.11665,0.0,0.0,13.0,2.760026,0.675000011920929,0.44799482822418213
4661,Mayangone,Yangon City,MMR013D004,16.866226,96.143417,0.0,0.0,42.0,7.505716,0.0,0.0
4662,Mayangone,Yangon City,MMR013D004,16.866243,96.116356,0.0,0.0,12.0,0.9976483,0.699999988079071,0.8004703521728516
4663,Mayangone,Yangon City,MMR013D004,16.866306,96.142021,0.0,0.0,39.0,6.9482727,0.02499997615814209,0.0
4664,Mayangone,Yangon City,MMR013D004,16.866343,96.142289,0.0,0.0,40.0,1.9946922,0.0,0.6010615825653076
4665,Mayangone,Yangon City,MMR013D004,16.866348,96.15715,0.0,0.0,13.0,0.9548369,0.675000011920929,0.8090326189994812
4666,Mayangone,Yangon City,MMR013D004,16.866531,96.108627,0.0,0.0,6.0,2.2111168,0.8500000238418579,0.5577766299247742
4667,Mayangone,Yangon City,MMR013D004,16.866531,96.132431,0.0,0.0,17.0,1.3808141,0.574999988079071,0.7238371968269348
4668,Mayangone,Yangon City,MMR013D004,16.866531,96.152573,0.0,0.0,24.0,4.415667,0.3999999761581421,0.1168665885925293
4669,Mayangone,Yangon City,MMR013D004,16.866615,96.161883,0.0,0.0,5.0,3.138737,0.875,0.37225258350372314
4670,Mayangone,Yangon City,MMR013D004,16.86676,96.113342,0.0,0.0,9.0,2.9905288,0.7749999761581421,0.401894211769104
4671,Mayangone,Yangon City,MMR013D004,16.86676,96.115952,0.0,0.0,11.0,2.760026,0.7250000238418579,0.44799482822418213
4672,Mayangone,Yangon City,MMR013D004,16.86676,96.132431,0.0,0.0,16.0,2.153755,0.6000000238418579,0.5692490339279175
4673,Mayangone,Yangon City,MMR013D004,16.86676,96.142044,0.0,0.0,38.0,6.437088,0.050000011920928955,0.0
4674,Mayangone,Yangon City,MMR013D004,16.86676,96.143417,0.0,0.0,33.0,7.553004,0.17500001192092896,0.0
4675,Mayangone,Yangon City,MMR013D004,16.86676,96.148911,0.0,0.0,27.0,2.9905288,0.32499998807907104,0.401894211769104
4676,Mayangone,Yangon City,MMR013D004,16.866769,96.142515,0.0,0.0,39.0,2.862392,0.02499997615814209,0.42752158641815186
4677,Mayangone,Yangon City,MMR013D004,16.866806,96.116902,0.0,0.0,15.0,1.3808141,0.625,0.7238371968269348
4678,Mayangone,Yangon City,MMR013D004,16.866989,96.144333,0.0,0.0,31.0,2.9905288,0.2250000238418579,0.401894211769104
4679,Mayangone,Yangon City,MMR013D004,16.866999,96.132034,0.0,0.0,15.0,2.2111168,0.625,0.5577766299247742
4680,Mayangone,Yangon City,MMR013D004,16.867011,96.158816,0.0,0.0,7.0,2.153755,0.824999988079071,0.5692490339279175
4681,Mayangone,Yangon City,MMR013D004,16.867035,96.113205,0.0,0.0,9.0,0.9976483,0.7749999761581421,0.8004703521728516
4682,Mayangone,Yangon City,MMR013D004,16.867104,96.120071,0.0,0.0,19.0,0.9976483,0.5249999761581421,0.8004703521728516
4683,Mayangone,Yangon City,MMR013D004,16.867172,96.139847,0.0,0.0,29.0,0.9548369,0.2749999761581421,0.8090326189994812
4684,Mayangone,Yangon City,MMR013D004,16.86726,96.138458,0.0,0.0,26.0,3.4869568,0.3500000238418579,0.3026086091995239
4685,Mayangone,Yangon City,MMR013D004,16.867352,96.145187,0.0,0.0,26.0,2.862392,0.3500000238418579,0.42752158641815186
4686,Mayangone,Yangon City,MMR013D004,16.867428,96.147762,0.0,0.0,25.0,3.0307229,0.375,0.3938554525375366
4687,Mayangone,Yangon City,MMR013D004,16.867432,96.157997,0.0,0.0,4.0,6.6072006,0.8999999761581421,0.0
4688,Mayangone,Yangon City,MMR013D004,16.867446899414,96.111831665039,0.0,0.0,8.0,2.153755,0.800000011920929,0.5692490339279175
4689,Mayangone,Yangon City,MMR013D004,16.867446899414,96.113204956055,0.0,0.0,10.0,2.760026,0.75,0.44799482822418213
4690,Mayangone,Yangon City,MMR013D004,16.867446899414,96.117324829102,0.0,0.0,14.0,2.2111168,0.6499999761581421,0.5577766299247742
4691,Mayangone,Yangon City,MMR013D004,16.867446899414,96.118698120117,0.0,0.0,18.0,2.153755,0.550000011920929,0.5692490339279175
4692,Mayangone,Yangon City,MMR013D004,16.867447,96.119156,0.0,0.0,18.0,1.3808141,0.550000011920929,0.7238371968269348
4693,Mayangone,Yangon City,MMR013D004,16.867446899414,96.120071411133,0.0,0.0,17.0,4.3014402,0.574999988079071,0.13971197605133057
4694,Mayangone,Yangon City,MMR013D004,16.867446899414,96.12419128418,0.0,0.0,16.0,4.9007516,0.6000000238418579,0.019849658012390137
4695,Mayangone,Yangon City,MMR013D004,16.867446899414,96.125564575195,0.0,0.0,16.0,2.2111168,0.6000000238418579,0.5577766299247742
4696,Mayangone,Yangon City,MMR013D004,16.867446899414,96.132431030273,0.0,0.0,15.0,1.3808141,0.625,0.7238371968269348
4697,Mayangone,Yangon City,MMR013D004,16.867447,96.133118,0.0,0.0,17.0,0.0,0.574999988079071,1.0
4698,Mayangone,Yangon City,MMR013D004,16.867446899414,96.133804321289,0.0,0.0,16.0,0.9976483,0.6000000238418579,0.8004703521728516
4699,Mayangone,Yangon City,MMR013D004,16.867446899414,96.135177612305,0.0,0.0,15.0,2.2111168,0.625,0.5577766299247742
4700,Mayangone,Yangon City,MMR013D004,16.867446899414,96.13655090332,0.0,0.0,24.0,3.0307229,0.3999999761581421,0.3938554525375366
4701,Mayangone,Yangon City,MMR013D004,16.867446899414,96.137924194336,0.0,0.0,25.0,3.138737,0.375,0.37225258350372314
4702,Mayangone,Yangon City,MMR013D004,16.867446899414,96.142044067383,0.0,0.0,29.0,3.4869568,0.2749999761581421,0.3026086091995239
4703,Mayangone,Yangon City,MMR013D004,16.867446899414,96.143417358398,0.0,0.0,32.0,3.138737,0.19999998807907104,0.37225258350372314
4704,Mayangone,Yangon City,MMR013D004,16.867446899414,96.144790649414,0.0,0.0,29.0,3.5461073,0.2749999761581421,0.2907785177230835
4705,Mayangone,Yangon City,MMR013D004,16.867446899414,96.14616394043,0.0,0.0,27.0,4.3014402,0.32499998807907104,0.13971197605133057
4706,Mayangone,Yangon City,MMR013D004,16.867446899414,96.150283813477,0.0,0.0,28.0,3.8140574,0.30000001192092896,0.23718851804733276
4707,Mayangone,Yangon City,MMR013D004,16.867446899414,96.151657104492,0.0,0.0,37.0,5.3264294,0.07499998807907104,0.0
4708,Mayangone,Yangon City,MMR013D004,16.867447,96.152344,0.0,0.0,37.0,6.0445805,0.07499998807907104,0.0
4709,Mayangone,Yangon City,MMR013D004,16.867446899414,96.153030395508,0.0,0.0,30.0,6.9418087,0.25,0.0
4710,Mayangone,Yangon City,MMR013D004,16.867446899414,96.154403686523,0.0,0.0,17.0,2.2111168,0.574999988079071,0.5577766299247742
4711,Mayangone,Yangon City,MMR013D004,16.867447,96.15509,0.0,0.0,14.0,3.138737,0.6499999761581421,0.37225258350372314
4712,Mayangone,Yangon City,MMR013D004,16.867447,96.160583,0.0,0.0,7.0,3.9845605,0.824999988079071,0.2030879259109497
4713,Mayangone,Yangon City,MMR013D004,16.867504,96.156947,0.0,0.0,12.0,0.9976483,0.699999988079071,0.8004703521728516
4714,Mayangone,Yangon City,MMR013D004,16.867541,96.141597,0.0,0.0,30.0,1.3808141,0.25,0.7238371968269348
4715,Mayangone,Yangon City,MMR013D004,16.867641,96.141586,0.0,0.0,30.0,1.3808141,0.25,0.7238371968269348
4716,Mayangone,Yangon City,MMR013D004,16.867722,96.113205,0.0,0.0,11.0,1.3808141,0.7250000238418579,0.7238371968269348
4717,Mayangone,Yangon City,MMR013D004,16.867722,96.113754,0.0,0.0,11.0,3.0307229,0.7250000238418579,0.3938554525375366
4718,Mayangone,Yangon City,MMR013D004,16.867876,96.116425,0.0,0.0,11.0,1.3808141,0.7250000238418579,0.7238371968269348
4719,Mayangone,Yangon City,MMR013D004,16.867905,96.120529,0.0,0.0,13.0,3.8140574,0.675000011920929,0.23718851804733276
4720,Mayangone,Yangon City,MMR013D004,16.867905,96.141586,0.0,0.0,30.0,0.9976483,0.25,0.8004703521728516
4721,Mayangone,Yangon City,MMR013D004,16.868134,96.118698,0.0,0.0,19.0,2.153755,0.5249999761581421,0.5692490339279175
4722,Mayangone,Yangon City,MMR013D004,16.868134,96.140671,0.0,0.0,32.0,0.9548369,0.19999998807907104,0.8090326189994812
4723,Mayangone,Yangon City,MMR013D004,16.868134,96.146164,0.0,0.0,28.0,0.9548369,0.30000001192092896,0.8090326189994812
4724,Mayangone,Yangon City,MMR013D004,16.868214,96.135628,0.0,0.0,18.0,0.9548369,0.550000011920929,0.8090326189994812
4725,Mayangone,Yangon City,MMR013D004,16.868477,96.118011,0.0,0.0,19.0,3.4869568,0.5249999761581421,0.3026086091995239
4726,Mayangone,Yangon City,MMR013D004,16.868706,96.141701,0.0,0.0,28.0,4.1360445,0.30000001192092896,0.17279112339019775
4727,Mayangone,Yangon City,MMR013D004,16.86882019043,96.113204956055,0.0,0.0,11.0,1.3808141,0.7250000238418579,0.7238371968269348
4728,Mayangone,Yangon City,MMR013D004,16.86882019043,96.11457824707,0.0,0.0,10.0,0.9548369,0.75,0.8090326189994812
4729,Mayangone,Yangon City,MMR013D004,16.86882019043,96.118698120117,0.0,0.0,21.0,0.9976483,0.4750000238418579,0.8004703521728516
4730,Mayangone,Yangon City,MMR013D004,16.86882019043,96.120071411133,0.0,0.0,16.0,0.9548369,0.6000000238418579,0.8090326189994812
4731,Mayangone,Yangon City,MMR013D004,16.86882,96.120758,0.0,0.0,19.0,1.9091437,0.5249999761581421,0.6181712746620178
4732,Mayangone,Yangon City,MMR013D004,16.86882019043,96.121444702148,0.0,0.0,13.0,2.760026,0.675000011920929,0.44799482822418213
4733,Mayangone,Yangon City,MMR013D004,16.86882019043,96.128311157227,0.0,0.0,20.0,3.9416327,0.5,0.21167343854904175
4734,Mayangone,Yangon City,MMR013D004,16.86882019043,96.129684448242,0.0,0.0,21.0,2.862392,0.4750000238418579,0.42752158641815186
4735,Mayangone,Yangon City,MMR013D004,16.86882019043,96.131057739258,0.0,0.0,17.0,2.2111168,0.574999988079071,0.5577766299247742
4736,Mayangone,Yangon City,MMR013D004,16.86882019043,96.132431030273,0.0,0.0,13.0,0.9976483,0.675000011920929,0.8004703521728516
4737,Mayangone,Yangon City,MMR013D004,16.86882,96.135864,0.0,0.0,16.0,4.096654,0.6000000238418579,0.18066918849945068
4738,Mayangone,Yangon City,MMR013D004,16.86882019043,96.137924194336,0.0,0.0,24.0,3.4869568,0.3999999761581421,0.3026086091995239
4739,Mayangone,Yangon City,MMR013D004,16.86882019043,96.139297485352,0.0,0.0,26.0,2.760026,0.3500000238418579,0.44799482822418213
4740,Mayangone,Yangon City,MMR013D004,16.86882019043,96.140670776367,0.0,0.0,31.0,0.9976483,0.2250000238418579,0.8004703521728516
4741,Mayangone,Yangon City,MMR013D004,16.86882019043,96.143417358398,0.0,0.0,27.0,6.654394,0.32499998807907104,0.0
4742,Mayangone,Yangon City,MMR013D004,16.86882019043,96.144790649414,0.0,0.0,27.0,2.2111168,0.32499998807907104,0.5577766299247742
4743,Mayangone,Yangon City,MMR013D004,16.86882019043,96.14616394043,0.0,0.0,25.0,6.0445805,0.375,0.0
4744,Mayangone,Yangon City,MMR013D004,16.86882,96.146851,0.0,0.0,27.0,3.4869568,0.32499998807907104,0.3026086091995239
4745,Mayangone,Yangon City,MMR013D004,16.86882019043,96.147537231445,0.0,0.0,29.0,4.8660283,0.2749999761581421,0.02679431438446045
4746,Mayangone,Yangon City,MMR013D004,16.86882019043,96.148910522461,0.0,0.0,25.0,2.760026,0.375,0.44799482822418213
4747,Mayangone,Yangon City,MMR013D004,16.86882019043,96.154403686523,0.0,0.0,19.0,6.2587476,0.5249999761581421,0.0
4748,Mayangone,Yangon City,MMR013D004,16.86882019043,96.155776977539,0.0,0.0,11.0,4.8412433,0.7250000238418579,0.03175133466720581
4749,Mayangone,Yangon City,MMR013D004,16.86882019043,96.164016723633,0.0,0.0,5.0,1.3808141,0.875,0.7238371968269348
4750,Mayangone,Yangon City,MMR013D004,16.869179,96.141081,0.0,0.0,30.0,3.9845605,0.25,0.2030879259109497
4751,Mayangone,Yangon City,MMR013D004,16.869278,96.140854,0.0,0.0,30.0,3.9845605,0.25,0.2030879259109497
4752,Mayangone,Yangon City,MMR013D004,16.869278,96.141129,0.0,0.0,27.0,2.9905288,0.32499998807907104,0.401894211769104
4753,Mayangone,Yangon City,MMR013D004,16.869389,96.13961,0.0,0.0,33.0,5.1608467,0.17500001192092896,0.0
4754,Mayangone,Yangon City,MMR013D004,16.869507,96.114578,0.0,0.0,9.0,1.3808141,0.7749999761581421,0.7238371968269348
4755,Mayangone,Yangon City,MMR013D004,16.869507,96.118011,0.0,0.0,21.0,1.9946922,0.4750000238418579,0.6010615825653076
4756,Mayangone,Yangon City,MMR013D004,16.869507,96.119385,0.0,0.0,18.0,1.3808141,0.550000011920929,0.7238371968269348
4757,Mayangone,Yangon City,MMR013D004,16.869507,96.131058,0.0,0.0,14.0,1.9946922,0.6499999761581421,0.6010615825653076
4758,Mayangone,Yangon City,MMR013D004,16.869507,96.140671,0.0,0.0,31.0,0.9976483,0.2250000238418579,0.8004703521728516
4759,Mayangone,Yangon City,MMR013D004,16.869507,96.17569,0.0,0.0,2.0,4.9761953,0.949999988079071,0.004760921001434326
4760,Mayangone,Yangon City,MMR013D004,16.870193481445,96.113204956055,0.0,0.0,12.0,8.151844,0.699999988079071,0.0
4761,Mayangone,Yangon City,MMR013D004,16.870193481445,96.11457824707,0.0,0.0,7.0,0.0,0.824999988079071,1.0
4762,Mayangone,Yangon City,MMR013D004,16.870193481445,96.118698120117,0.0,0.0,24.0,3.0307229,0.3999999761581421,0.3938554525375366
4763,Mayangone,Yangon City,MMR013D004,16.870193481445,96.121444702148,0.0,0.0,16.0,2.2111168,0.6000000238418579,0.5577766299247742
4764,Mayangone,Yangon City,MMR013D004,16.870193481445,96.122817993164,0.0,0.0,16.0,1.3808141,0.6000000238418579,0.7238371968269348
4765,Mayangone,Yangon City,MMR013D004,16.870193481445,96.131057739258,0.0,0.0,15.0,2.760026,0.625,0.44799482822418213
4766,Mayangone,Yangon City,MMR013D004,16.870193481445,96.133804321289,0.0,0.0,17.0,2.2111168,0.574999988079071,0.5577766299247742
4767,Mayangone,Yangon City,MMR013D004,16.870193481445,96.139297485352,0.0,0.0,27.0,9.220603,0.32499998807907104,0.0
4768,Mayangone,Yangon City,MMR013D004,16.870193481445,96.140670776367,0.0,0.0,30.0,0.9976483,0.25,0.8004703521728516
4769,Mayangone,Yangon City,MMR013D004,16.870193,96.145477,0.0,0.0,16.0,3.138737,0.6000000238418579,0.37225258350372314
4770,Mayangone,Yangon City,MMR013D004,16.870193481445,96.14616394043,0.0,0.0,16.0,2.760026,0.6000000238418579,0.44799482822418213
4771,Mayangone,Yangon City,MMR013D004,16.870193481445,96.147537231445,0.0,0.0,21.0,2.2111168,0.4750000238418579,0.5577766299247742
4772,Mayangone,Yangon City,MMR013D004,16.870193481445,96.153030395508,0.0,0.0,23.0,0.9548369,0.42500001192092896,0.8090326189994812
4773,Mayangone,Yangon City,MMR013D004,16.870193481445,96.15852355957,0.0,0.0,10.0,0.9976483,0.75,0.8004703521728516
4774,Mayangone,Yangon City,MMR013D004,16.870499,96.144333,0.0,0.0,19.0,4.8660283,0.5249999761581421,0.02679431438446045
4775,Mayangone,Yangon City,MMR013D004,16.870956,96.123123,0.0,0.0,17.0,2.153755,0.574999988079071,0.5692490339279175
4776,Mayangone,Yangon City,MMR013D004,16.871223,96.140327,0.0,0.0,25.0,3.4869568,0.375,0.3026086091995239
4777,Mayangone,Yangon City,MMR013D004,16.871239,96.161005,0.0,0.0,6.0,2.9905288,0.8500000238418579,0.401894211769104
4778,Mayangone,Yangon City,MMR013D004,16.871395,96.139984,0.0,0.0,28.0,2.862392,0.30000001192092896,0.42752158641815186
4779,Mayangone,Yangon City,MMR013D004,16.871566772461,96.118698120117,0.0,0.0,23.0,1.3808141,0.42500001192092896,0.7238371968269348
4780,Mayangone,Yangon City,MMR013D004,16.871566772461,96.122817993164,0.0,0.0,16.0,0.9548369,0.6000000238418579,0.8090326189994812
4781,Mayangone,Yangon City,MMR013D004,16.871566772461,96.12419128418,0.0,0.0,14.0,4.9007516,0.6499999761581421,0.019849658012390137
4782,Mayangone,Yangon City,MMR013D004,16.871567,96.126766,0.0,0.0,16.0,2.2111168,0.6000000238418579,0.5577766299247742
4783,Mayangone,Yangon City,MMR013D004,16.871566772461,96.129684448242,0.0,0.0,15.0,3.0307229,0.625,0.3938554525375366
4784,Mayangone,Yangon City,MMR013D004,16.871566772461,96.131057739258,0.0,0.0,13.0,0.9548369,0.675000011920929,0.8090326189994812
4785,Mayangone,Yangon City,MMR013D004,16.871566772461,96.132431030273,0.0,0.0,17.0,1.9946922,0.574999988079071,0.6010615825653076
4786,Mayangone,Yangon City,MMR013D004,16.871567,96.136551,0.0,0.0,22.0,5.733568,0.44999998807907104,0.0
4787,Mayangone,Yangon City,MMR013D004,16.871566772461,96.139297485352,0.0,0.0,23.0,4.096654,0.42500001192092896,0.18066918849945068
4788,Mayangone,Yangon City,MMR013D004,16.871566772461,96.140670776367,0.0,0.0,25.0,3.9845605,0.375,0.2030879259109497
4789,Mayangone,Yangon City,MMR013D004,16.871566772461,96.142044067383,0.0,0.0,26.0,9.103214,0.3500000238418579,0.0
4790,Mayangone,Yangon City,MMR013D004,16.871566772461,96.144790649414,0.0,0.0,22.0,7.909878,0.44999998807907104,0.0
4791,Mayangone,Yangon City,MMR013D004,16.871567,96.148911,0.0,0.0,28.0,4.1360445,0.30000001192092896,0.17279112339019775
4792,Mayangone,Yangon City,MMR013D004,16.871566772461,96.151657104492,0.0,0.0,27.0,2.760026,0.32499998807907104,0.44799482822418213
4793,Mayangone,Yangon City,MMR013D004,16.871566772461,96.153030395508,0.0,0.0,20.0,4.9007516,0.5,0.019849658012390137
4794,Mayangone,Yangon City,MMR013D004,16.871566772461,96.162643432617,0.0,0.0,3.0,2.760026,0.925000011920929,0.44799482822418213
4795,Mayangone,Yangon City,MMR013D004,16.87191,96.148224,0.0,0.0,25.0,4.096654,0.375,0.18066918849945068
4796,Mayangone,Yangon City,MMR013D004,16.872253,96.118698,0.0,0.0,22.0,2.153755,0.44999998807907104,0.5692490339279175
4797,Mayangone,Yangon City,MMR013D004,16.872253,96.129684,0.0,0.0,11.0,2.2111168,0.7250000238418579,0.5577766299247742
4798,Mayangone,Yangon City,MMR013D004,16.872482,96.139297,0.0,0.0,21.0,5.733568,0.4750000238418579,0.0
4799,Mayangone,Yangon City,MMR013D004,16.872744,96.148911,0.0,0.0,30.0,2.2111168,0.25,0.5577766299247742
4800,Mayangone,Yangon City,MMR013D004,16.872940063477,96.117324829102,0.0,0.0,18.0,3.138737,0.550000011920929,0.37225258350372314
4801,Mayangone,Yangon City,MMR013D004,16.872940063477,96.118698120117,0.0,0.0,24.0,1.9946922,0.3999999761581421,0.6010615825653076
4802,Mayangone,Yangon City,MMR013D004,16.872940063477,96.122817993164,0.0,0.0,16.0,0.9548369,0.6000000238418579,0.8090326189994812
4803,Mayangone,Yangon City,MMR013D004,16.872940063477,96.129684448242,0.0,0.0,11.0,1.9946922,0.7250000238418579,0.6010615825653076
4804,Mayangone,Yangon City,MMR013D004,16.872940063477,96.131057739258,0.0,0.0,16.0,5.0660734,0.6000000238418579,0.0
4805,Mayangone,Yangon City,MMR013D004,16.872940063477,96.137924194336,0.0,0.0,23.0,4.3014402,0.42500001192092896,0.13971197605133057
4806,Mayangone,Yangon City,MMR013D004,16.872940063477,96.139297485352,0.0,0.0,28.0,6.6072006,0.30000001192092896,0.0
4807,Mayangone,Yangon City,MMR013D004,16.87294,96.139984,0.0,0.0,29.0,6.0397077,0.2749999761581421,0.0
4808,Mayangone,Yangon City,MMR013D004,16.872940063477,96.14616394043,0.0,0.0,15.0,3.5461073,0.625,0.2907785177230835
4809,Mayangone,Yangon City,MMR013D004,16.872940063477,96.147537231445,0.0,0.0,24.0,0.9548369,0.3999999761581421,0.8090326189994812
4810,Mayangone,Yangon City,MMR013D004,16.87294,96.147733,0.0,0.0,24.0,3.0307229,0.3999999761581421,0.3938554525375366
4811,Mayangone,Yangon City,MMR013D004,16.87319,96.147163,0.0,0.0,24.0,4.415667,0.3999999761581421,0.1168665885925293
4812,Mayangone,Yangon City,MMR013D004,16.873284,96.139622,0.0,0.0,26.0,4.8660283,0.3500000238418579,0.02679431438446045
4813,Mayangone,Yangon City,MMR013D004,16.873352,96.147537,0.0,0.0,26.0,2.760026,0.3500000238418579,0.44799482822418213
4814,Mayangone,Yangon City,MMR013D004,16.873398,96.148453,0.0,0.0,28.0,7.505716,0.30000001192092896,0.0
4815,Mayangone,Yangon City,MMR013D004,16.873627,96.125565,0.0,0.0,13.0,2.153755,0.675000011920929,0.5692490339279175
4816,Mayangone,Yangon City,MMR013D004,16.873627,96.139297,0.0,0.0,34.0,4.9761953,0.1499999761581421,0.004760921001434326
4817,Mayangone,Yangon City,MMR013D004,16.873627,96.147537,0.0,0.0,26.0,3.138737,0.3500000238418579,0.37225258350372314
4818,Mayangone,Yangon City,MMR013D004,16.873627,96.150284,0.0,0.0,30.0,3.138737,0.25,0.37225258350372314
4819,Mayangone,Yangon City,MMR013D004,16.873764,96.140945,0.0,0.0,26.0,5.617232,0.3500000238418579,0.0
4820,Mayangone,Yangon City,MMR013D004,16.873856,96.145706,0.0,0.0,33.0,14.827633,0.17500001192092896,0.0
4821,Mayangone,Yangon City,MMR013D004,16.873856,96.148453,0.0,0.0,26.0,3.9416327,0.3500000238418579,0.21167343854904175
4822,Mayangone,Yangon City,MMR013D004,16.874313,96.121674,0.0,0.0,11.0,0.9548369,0.7250000238418579,0.8090326189994812
4823,Mayangone,Yangon City,MMR013D004,16.874313,96.12236,0.0,0.0,11.0,2.153755,0.7250000238418579,0.5692490339279175
4824,Mayangone,Yangon City,MMR013D004,16.874313354492,96.12419128418,0.0,0.0,11.0,0.0,0.7250000238418579,1.0
4825,Mayangone,Yangon City,MMR013D004,16.874313354492,96.128311157227,0.0,0.0,12.0,2.9905288,0.699999988079071,0.401894211769104
4826,Mayangone,Yangon City,MMR013D004,16.874313354492,96.129684448242,0.0,0.0,12.0,1.9091437,0.699999988079071,0.6181712746620178
4827,Mayangone,Yangon City,MMR013D004,16.874313,96.138611,0.0,0.0,38.0,0.0,0.050000011920928955,1.0
4828,Mayangone,Yangon City,MMR013D004,16.874313354492,96.139297485352,0.0,0.0,35.0,2.9905288,0.125,0.401894211769104
4829,Mayangone,Yangon City,MMR013D004,16.874313,96.140671,0.0,0.0,28.0,3.5461073,0.30000001192092896,0.2907785177230835
4830,Mayangone,Yangon City,MMR013D004,16.874313354492,96.143417358398,0.0,0.0,20.0,1.3808141,0.5,0.7238371968269348
4831,Mayangone,Yangon City,MMR013D004,16.874313354492,96.144790649414,0.0,0.0,21.0,5.617232,0.4750000238418579,0.0
4832,Mayangone,Yangon City,MMR013D004,16.874313354492,96.14616394043,0.0,0.0,24.0,34.372814,0.3999999761581421,0.0
4833,Mayangone,Yangon City,MMR013D004,16.874313354492,96.147537231445,0.0,0.0,26.0,2.2111168,0.3500000238418579,0.5577766299247742
4834,Mayangone,Yangon City,MMR013D004,16.874313354492,96.150283813477,0.0,0.0,27.0,6.437088,0.32499998807907104,0.0
4835,Mayangone,Yangon City,MMR013D004,16.874313354492,96.151657104492,0.0,0.0,17.0,1.3808141,0.574999988079071,0.7238371968269348
4836,Mayangone,Yangon City,MMR013D004,16.87441,96.12314,0.0,0.0,11.0,2.153755,0.7250000238418579,0.5692490339279175
4837,Mayangone,Yangon City,MMR013D004,16.874736,96.138664,0.0,0.0,38.0,2.760026,0.050000011920928955,0.44799482822418213
4838,Mayangone,Yangon City,MMR013D004,16.875,96.126938,0.0,0.0,12.0,3.5461073,0.699999988079071,0.2907785177230835
4839,Mayangone,Yangon City,MMR013D004,16.875,96.129456,0.0,0.0,14.0,0.9976483,0.6499999761581421,0.8004703521728516
4840,Mayangone,Yangon City,MMR013D004,16.875048,96.139313,0.0,0.0,34.0,4.415667,0.1499999761581421,0.1168665885925293
4841,Mayangone,Yangon City,MMR013D004,16.875137,96.13916,0.0,0.0,35.0,3.138737,0.125,0.37225258350372314
4842,Mayangone,Yangon City,MMR013D004,16.875229,96.131058,0.0,0.0,13.0,1.3808141,0.675000011920929,0.7238371968269348
4843,Mayangone,Yangon City,MMR013D004,16.875412,96.127213,0.0,0.0,14.0,1.3808141,0.6499999761581421,0.7238371968269348
4844,Mayangone,Yangon City,MMR013D004,16.87561,96.138741,0.0,0.0,32.0,3.5461073,0.19999998807907104,0.2907785177230835
4845,Mayangone,Yangon City,MMR013D004,16.875686645508,96.126937866211,0.0,0.0,12.0,1.3808141,0.699999988079071,0.7238371968269348
4846,Mayangone,Yangon City,MMR013D004,16.875687,96.127625,0.0,0.0,13.0,0.9548369,0.675000011920929,0.8090326189994812
4847,Mayangone,Yangon City,MMR013D004,16.875686645508,96.128311157227,0.0,0.0,12.0,3.4869568,0.699999988079071,0.3026086091995239
4848,Mayangone,Yangon City,MMR013D004,16.875686645508,96.131057739258,0.0,0.0,13.0,1.3808141,0.675000011920929,0.7238371968269348
4849,Mayangone,Yangon City,MMR013D004,16.875687,96.131744,0.0,0.0,12.0,1.3808141,0.699999988079071,0.7238371968269348
4850,Mayangone,Yangon City,MMR013D004,16.875686645508,96.135177612305,0.0,0.0,16.0,3.138737,0.6000000238418579,0.37225258350372314
4851,Mayangone,Yangon City,MMR013D004,16.875686645508,96.137924194336,0.0,0.0,28.0,6.2587476,0.30000001192092896,0.0
4852,Mayangone,Yangon City,MMR013D004,16.875686645508,96.139297485352,0.0,0.0,34.0,3.0307229,0.1499999761581421,0.3938554525375366
4853,Mayangone,Yangon City,MMR013D004,16.875686645508,96.140670776367,0.0,0.0,29.0,4.1360445,0.2749999761581421,0.17279112339019775
4854,Mayangone,Yangon City,MMR013D004,16.875686645508,96.143417358398,0.0,0.0,18.0,4.096654,0.550000011920929,0.18066918849945068
4855,Mayangone,Yangon City,MMR013D004,16.875686645508,96.147537231445,0.0,0.0,21.0,5.507302,0.4750000238418579,0.0
4856,Mayangone,Yangon City,MMR013D004,16.875686645508,96.148910522461,0.0,0.0,30.0,6.0445805,0.25,0.0
4857,Mayangone,Yangon City,MMR013D004,16.875686645508,96.150283813477,0.0,0.0,22.0,3.5461073,0.44999998807907104,0.2907785177230835
4858,Mayangone,Yangon City,MMR013D004,16.87613,96.137664,0.0,0.0,27.0,3.138737,0.32499998807907104,0.37225258350372314
4859,Mayangone,Yangon City,MMR013D004,16.876373,96.128483,0.0,0.0,15.0,1.3808141,0.625,0.7238371968269348
4860,Mayangone,Yangon City,MMR013D004,16.876373,96.138611,0.0,0.0,25.0,3.8140574,0.375,0.23718851804733276
4861,Mayangone,Yangon City,MMR013D004,16.876411,96.13735,0.0,0.0,27.0,4.8412433,0.32499998807907104,0.03175133466720581
4862,Mayangone,Yangon City,MMR013D004,16.877059936523,96.125564575195,0.0,0.0,16.0,6.0397077,0.6000000238418579,0.0
4863,Mayangone,Yangon City,MMR013D004,16.877059936523,96.126937866211,0.0,0.0,11.0,2.9905288,0.7250000238418579,0.401894211769104
4864,Mayangone,Yangon City,MMR013D004,16.877059936523,96.128311157227,0.0,0.0,13.0,1.3808141,0.675000011920929,0.7238371968269348
4865,Mayangone,Yangon City,MMR013D004,16.87706,96.128586,0.0,0.0,14.0,2.760026,0.6499999761581421,0.44799482822418213
4866,Mayangone,Yangon City,MMR013D004,16.87706,96.129684,0.0,0.0,18.0,2.862392,0.550000011920929,0.42752158641815186
4867,Mayangone,Yangon City,MMR013D004,16.87706,96.132946,0.0,0.0,14.0,2.2111168,0.6499999761581421,0.5577766299247742
4868,Mayangone,Yangon City,MMR013D004,16.8770599682615,96.1338041606445,0.0,0.0,13.0,5.3264294,0.675000011920929,0.0
4869,Mayangone,Yangon City,MMR013D004,16.877059936523,96.13655090332,0.0,0.0,20.0,2.2111168,0.5,0.5577766299247742
4870,Mayangone,Yangon City,MMR013D004,16.877059936523,96.137924194336,0.0,0.0,26.0,3.0307229,0.3500000238418579,0.3938554525375366
4871,Mayangone,Yangon City,MMR013D004,16.877059936523,96.139297485352,0.0,0.0,22.0,2.2111168,0.44999998807907104,0.5577766299247742
4872,Mayangone,Yangon City,MMR013D004,16.877059936523,96.148910522461,0.0,0.0,22.0,6.2587476,0.44999998807907104,0.0
4873,Mayangone,Yangon City,MMR013D004,16.877059936523,96.150283813477,0.0,0.0,24.0,8.149471,0.3999999761581421,0.0
4874,Mayangone,Yangon City,MMR013D004,16.877072,96.136205,0.0,0.0,21.0,3.0307229,0.4750000238418579,0.3938554525375366
4875,Mayangone,Yangon City,MMR013D004,16.877386,96.130005,0.0,0.0,17.0,3.5461073,0.574999988079071,0.2907785177230835
4876,Mayangone,Yangon City,MMR013D004,16.877518,96.126938,0.0,0.0,13.0,4.096654,0.675000011920929,0.18066918849945068
4877,Mayangone,Yangon City,MMR013D004,16.877594,96.128159,0.0,0.0,13.0,0.0,0.675000011920929,1.0
4878,Mayangone,Yangon City,MMR013D004,16.877747,96.137924,0.0,0.0,22.0,2.2111168,0.44999998807907104,0.5577766299247742
4879,Mayangone,Yangon City,MMR013D004,16.877954,96.136638,0.0,0.0,19.0,3.138737,0.5249999761581421,0.37225258350372314
4880,Mayangone,Yangon City,MMR013D004,16.877975,96.129684,0.0,0.0,14.0,4.8660283,0.6499999761581421,0.02679431438446045
4881,Mayangone,Yangon City,MMR013D004,16.87809,96.128483,0.0,0.0,9.0,0.0,0.7749999761581421,1.0
4882,Mayangone,Yangon City,MMR013D004,16.878159,96.137924,0.0,0.0,22.0,1.3808141,0.44999998807907104,0.7238371968269348
4883,Mayangone,Yangon City,MMR013D004,16.878227,96.137718,0.0,0.0,22.0,3.4869568,0.44999998807907104,0.3026086091995239
4884,Mayangone,Yangon City,MMR013D004,16.878433227539,96.126937866211,0.0,0.0,8.0,0.0,0.800000011920929,1.0
4885,Mayangone,Yangon City,MMR013D004,16.878433227539,96.129684448242,0.0,0.0,12.0,0.9548369,0.699999988079071,0.8090326189994812
4886,Mayangone,Yangon City,MMR013D004,16.878433227539,96.133804321289,0.0,0.0,15.0,1.3808141,0.625,0.7238371968269348
4887,Mayangone,Yangon City,MMR013D004,16.878433,96.134216,0.0,0.0,17.0,5.733568,0.574999988079071,0.0
4888,Mayangone,Yangon City,MMR013D004,16.878433227539,96.135177612305,0.0,0.0,21.0,2.760026,0.4750000238418579,0.44799482822418213
4889,Mayangone,Yangon City,MMR013D004,16.878433,96.135635,0.0,0.0,20.0,3.8140574,0.5,0.23718851804733276
4890,Mayangone,Yangon City,MMR013D004,16.878433,96.137581,0.0,0.0,21.0,3.0307229,0.4750000238418579,0.3938554525375366
4891,Mayangone,Yangon City,MMR013D004,16.878433227539,96.137924194336,0.0,0.0,23.0,2.153755,0.42500001192092896,0.5692490339279175
4892,Mayangone,Yangon City,MMR013D004,16.878433227539,96.139297485352,0.0,0.0,18.0,5.617232,0.550000011920929,0.0
4893,Mayangone,Yangon City,MMR013D004,16.878433,96.144447,0.0,0.0,16.0,6.2581224,0.6000000238418579,0.0
4894,Mayangone,Yangon City,MMR013D004,16.878433,96.144791,0.0,0.0,19.0,2.153755,0.5249999761581421,0.5692490339279175
4895,Mayangone,Yangon City,MMR013D004,16.878433227539,96.14616394043,0.0,0.0,12.0,0.9548369,0.699999988079071,0.8090326189994812
4896,Mayangone,Yangon City,MMR013D004,16.878777,96.136894,0.0,0.0,22.0,3.9845605,0.44999998807907104,0.2030879259109497
4897,Mayangone,Yangon City,MMR013D004,16.87912,96.126251,0.0,0.0,15.0,0.9976483,0.625,0.8004703521728516
4898,Mayangone,Yangon City,MMR013D004,16.87912,96.130371,0.0,0.0,17.0,5.7959256,0.574999988079071,0.0
4899,Mayangone,Yangon City,MMR013D004,16.87912,96.133118,0.0,0.0,19.0,2.2111168,0.5249999761581421,0.5577766299247742
4900,Mayangone,Yangon City,MMR013D004,16.87912,96.136551,0.0,0.0,20.0,3.5461073,0.5,0.2907785177230835
4901,Mayangone,Yangon City,MMR013D004,16.879134,96.13271,0.0,0.0,18.0,1.3808141,0.550000011920929,0.7238371968269348
4902,Mayangone,Yangon City,MMR013D004,16.879218,96.136943,0.0,0.0,22.0,4.096654,0.44999998807907104,0.18066918849945068
4903,Mayangone,Yangon City,MMR013D004,16.879349,96.132431,0.0,0.0,19.0,2.153755,0.5249999761581421,0.5692490339279175
4904,Mayangone,Yangon City,MMR013D004,16.879391,96.132652,0.0,0.0,18.0,1.3808141,0.550000011920929,0.7238371968269348
4905,Mayangone,Yangon City,MMR013D004,16.879463,96.136894,0.0,0.0,21.0,0.9548369,0.4750000238418579,0.8090326189994812
4906,Mayangone,Yangon City,MMR013D004,16.879463,96.143417,0.0,0.0,16.0,4.1360445,0.6000000238418579,0.17279112339019775
4907,Mayangone,Yangon City,MMR013D004,16.879806518555,96.129684448242,0.0,0.0,19.0,5.617232,0.5249999761581421,0.0
4908,Mayangone,Yangon City,MMR013D004,16.879807,96.130371,0.0,0.0,22.0,2.9905288,0.44999998807907104,0.401894211769104
4909,Mayangone,Yangon City,MMR013D004,16.879807,96.130714,0.0,0.0,24.0,3.138737,0.3999999761581421,0.37225258350372314
4910,Mayangone,Yangon City,MMR013D004,16.879807,96.130783,0.0,0.0,24.0,3.138737,0.3999999761581421,0.37225258350372314
4911,Mayangone,Yangon City,MMR013D004,16.879806518555,96.131057739258,0.0,0.0,25.0,2.2111168,0.375,0.5577766299247742
4912,Mayangone,Yangon City,MMR013D004,16.879807,96.131744,0.0,0.0,19.0,5.1608467,0.5249999761581421,0.0
4913,Mayangone,Yangon City,MMR013D004,16.879806518555,96.132431030273,0.0,0.0,19.0,5.7105665,0.5249999761581421,0.0
4914,Mayangone,Yangon City,MMR013D004,16.879806518555,96.13655090332,0.0,0.0,26.0,2.153755,0.3500000238418579,0.5692490339279175
4915,Mayangone,Yangon City,MMR013D004,16.879806518555,96.137924194336,0.0,0.0,24.0,4.096654,0.3999999761581421,0.18066918849945068
4916,Mayangone,Yangon City,MMR013D004,16.879806518555,96.148910522461,0.0,0.0,21.0,9.341967,0.4750000238418579,0.0
4917,Mayangone,Yangon City,MMR013D004,16.880264,96.132889,0.0,0.0,22.0,4.7636194,0.44999998807907104,0.04727613925933838
4918,Mayangone,Yangon City,MMR013D004,16.880493,96.133804,0.0,0.0,25.0,2.2111168,0.375,0.5577766299247742
4919,Mayangone,Yangon City,MMR013D004,16.880493,96.135864,0.0,0.0,31.0,3.4869568,0.2250000238418579,0.3026086091995239
4920,Mayangone,Yangon City,MMR013D004,16.880905,96.136002,0.0,0.0,28.0,5.0660734,0.30000001192092896,0.0
4921,Mayangone,Yangon City,MMR013D004,16.881094,96.135778,0.0,0.0,31.0,6.0397077,0.2250000238418579,0.0
4922,Mayangone,Yangon City,MMR013D004,16.88117980957,96.133804321289,0.0,0.0,26.0,0.9976483,0.3500000238418579,0.8004703521728516
4923,Mayangone,Yangon City,MMR013D004,16.88118,96.134001,0.0,0.0,27.0,4.096654,0.32499998807907104,0.18066918849945068
4924,Mayangone,Yangon City,MMR013D004,16.88117980957,96.135177612305,0.0,0.0,34.0,2.153755,0.1499999761581421,0.5692490339279175
4925,Mayangone,Yangon City,MMR013D004,16.88117980957,96.13655090332,0.0,0.0,27.0,0.9548369,0.32499998807907104,0.8090326189994812
4926,Mayangone,Yangon City,MMR013D004,16.8813,96.134918,0.0,0.0,34.0,2.153755,0.1499999761581421,0.5692490339279175
4927,Mayangone,Yangon City,MMR013D004,16.881454,96.136276,0.0,0.0,26.0,3.138737,0.3500000238418579,0.37225258350372314
4928,Mayangone,Yangon City,MMR013D004,16.881638,96.135178,0.0,0.0,32.0,4.8412433,0.19999998807907104,0.03175133466720581
4929,Mayangone,Yangon City,MMR013D004,16.882553100586,96.133804321289,0.0,0.0,27.0,1.3808141,0.32499998807907104,0.7238371968269348
4930,Mayangone,Yangon City,MMR013D004,16.882553100586,96.135177612305,0.0,0.0,31.0,1.3808141,0.2250000238418579,0.7238371968269348
4931,Mayangone,Yangon City,MMR013D004,16.883011,96.135635,0.0,0.0,29.0,0.9976483,0.2749999761581421,0.8004703521728516
4932,Mayangone,Yangon City,MMR013D004,16.884641,96.136029,0.0,0.0,36.0,1.9091437,0.10000002384185791,0.6181712746620178
4933,Mayangone,Yangon City,MMR013D004,16.885299682617,96.13655090332,0.0,0.0,29.0,3.138737,0.2749999761581421,0.37225258350372314
4934,Mayangone,Yangon City,MMR013D004,16.885299682617,96.150283813477,0.0,0.0,16.0,2.2111168,0.6000000238418579,0.5577766299247742
4935,Mayangone,Yangon City,MMR013D004,16.886672973633,96.13655090332,0.0,0.0,30.0,5.964852,0.25,0.0
4936,Mayangone,Yangon City,MMR013D004,16.886672973633,96.150283813477,0.0,0.0,19.0,1.3808141,0.5249999761581421,0.7238371968269348
4937,Mayangone,Yangon City,MMR013D004,16.887077,96.134895,0.0,0.0,37.0,3.0307229,0.07499998807907104,0.3938554525375366
4938,Mayangone,Yangon City,MMR013D004,16.88736,96.135178,0.0,0.0,37.0,2.760026,0.07499998807907104,0.44799482822418213
4939,Mayangone,Yangon City,MMR013D004,16.88736,96.139298,0.0,0.0,23.0,6.0445805,0.42500001192092896,0.0
4940,Mayangone,Yangon City,MMR013D004,16.888046264648,96.135177612305,0.0,0.0,32.0,4.8660283,0.19999998807907104,0.02679431438446045
4941,Mayangone,Yangon City,MMR013D004,16.888046264648,96.13655090332,0.0,0.0,29.0,2.760026,0.2749999761581421,0.44799482822418213
4942,Mayangone,Yangon City,MMR013D004,16.888046264648,96.147537231445,0.0,0.0,34.0,3.8140574,0.1499999761581421,0.23718851804733276
4943,Mayangone,Yangon City,MMR013D004,16.888046,96.150284,0.0,0.0,23.0,1.3808141,0.42500001192092896,0.7238371968269348
4944,Mayangone,Yangon City,MMR013D004,16.888046264648,96.151657104492,0.0,0.0,14.0,2.760026,0.6499999761581421,0.44799482822418213
4945,Mayangone,Yangon City,MMR013D004,16.888321,96.134628,0.0,0.0,29.0,3.138737,0.2749999761581421,0.37225258350372314
4946,Mayangone,Yangon City,MMR013D004,16.889419555664,96.133804321289,0.0,0.0,27.0,3.0307229,0.32499998807907104,0.3938554525375366
4947,Mayangone,Yangon City,MMR013D004,16.88942,96.134491,0.0,0.0,30.0,3.8140574,0.25,0.23718851804733276
4948,Mayangone,Yangon City,MMR013D004,16.889419555664,96.147537231445,0.0,0.0,23.0,5.3264294,0.42500001192092896,0.0
4949,Mayangone,Yangon City,MMR013D004,16.889419555664,96.148910522461,0.0,0.0,19.0,0.9548369,0.5249999761581421,0.8090326189994812
4950,Mayangone,Yangon City,MMR013D004,16.889419555664,96.150283813477,0.0,0.0,20.0,2.862392,0.5,0.42752158641815186
4951,Mayangone,Yangon City,MMR013D004,16.889419555664,96.151657104492,0.0,0.0,15.0,1.3808141,0.625,0.7238371968269348
4952,Mayangone,Yangon City,MMR013D004,16.889611,96.139138,0.0,0.0,29.0,3.9845605,0.2749999761581421,0.2030879259109497
4953,Mayangone,Yangon City,MMR013D004,16.890106,96.134834,0.0,0.0,34.0,4.8412433,0.1499999761581421,0.03175133466720581
4954,Mayangone,Yangon City,MMR013D004,16.890106,96.136551,0.0,0.0,21.0,2.760026,0.4750000238418579,0.44799482822418213
4955,Mayangone,Yangon City,MMR013D004,16.89079284668,96.142044067383,0.0,0.0,24.0,2.760026,0.3999999761581421,0.44799482822418213
4956,Mayangone,Yangon City,MMR013D004,16.89079284668,96.14616394043,0.0,0.0,31.0,1.3808141,0.2250000238418579,0.7238371968269348
4957,Mayangone,Yangon City,MMR013D004,16.891373,96.135627,0.0,0.0,22.0,7.9309487,0.44999998807907104,0.0
4958,Mayangone,Yangon City,MMR013D004,16.892166137695,96.150283813477,0.0,0.0,17.0,3.9416327,0.574999988079071,0.21167343854904175
4959,Mingaladon,Yangon City,MMR013D001,16.889935,96.133289,0.0,0.0,24.0,5.733568,0.3999999761581421,0.0
4960,Mingaladon,Yangon City,MMR013D001,16.890106,96.132431,0.0,0.0,31.0,3.4869568,0.2250000238418579,0.3026086091995239
4961,Mingaladon,Yangon City,MMR013D001,16.89079284668,96.132431030273,0.0,0.0,27.0,5.617232,0.32499998807907104,0.0
4962,Mingaladon,Yangon City,MMR013D001,16.89079284668,96.133804321289,0.0,0.0,19.0,3.5461073,0.5249999761581421,0.2907785177230835
4963,Mingaladon,Yangon City,MMR013D001,16.892166137695,96.132431030273,0.0,0.0,26.0,2.153755,0.3500000238418579,0.5692490339279175
4964,Mingaladon,Yangon City,MMR013D001,16.892166137695,96.137924194336,0.0,0.0,17.0,3.0307229,0.574999988079071,0.3938554525375366
4965,Mingaladon,Yangon City,MMR013D001,16.892166137695,96.139297485352,0.0,0.0,19.0,4.8412433,0.5249999761581421,0.03175133466720581
4966,Mingaladon,Yangon City,MMR013D001,16.892166137695,96.143417358398,0.0,0.0,28.0,4.9007516,0.30000001192092896,0.019849658012390137
4967,Mingaladon,Yangon City,MMR013D001,16.89283,96.134039,0.0,0.0,23.0,4.7636194,0.42500001192092896,0.04727613925933838
4968,Mingaladon,Yangon City,MMR013D001,16.893539428711,96.133804321289,0.0,0.0,27.0,2.760026,0.32499998807907104,0.44799482822418213
4969,Mingaladon,Yangon City,MMR013D001,16.893539428711,96.139297485352,0.0,0.0,14.0,3.138737,0.6499999761581421,0.37225258350372314
4970,Mingaladon,Yangon City,MMR013D001,16.893539428711,96.142044067383,0.0,0.0,23.0,6.7274427,0.42500001192092896,0.0
4971,Mingaladon,Yangon City,MMR013D001,16.893539428711,96.143417358398,0.0,0.0,30.0,4.1360445,0.25,0.17279112339019775
4972,Mingaladon,Yangon City,MMR013D001,16.894226,96.131058,0.0,0.0,35.0,2.760026,0.125,0.44799482822418213
4973,Mingaladon,Yangon City,MMR013D001,16.894226,96.137924,0.0,0.0,17.0,4.8660283,0.574999988079071,0.02679431438446045
4974,Mingaladon,Yangon City,MMR013D001,16.894913,96.131058,0.0,0.0,36.0,1.9946922,0.10000002384185791,0.6010615825653076
4975,Mingaladon,Yangon City,MMR013D001,16.894912719727,96.132431030273,0.0,0.0,37.0,7.6583467,0.07499998807907104,0.0
4976,Mingaladon,Yangon City,MMR013D001,16.894912719727,96.135177612305,0.0,0.0,26.0,8.419388,0.3500000238418579,0.0
4977,Mingaladon,Yangon City,MMR013D001,16.894912719727,96.142044067383,0.0,0.0,20.0,5.1608467,0.5,0.0
4978,Mingaladon,Yangon City,MMR013D001,16.894912719727,96.143417358398,0.0,0.0,20.0,3.5461073,0.5,0.2907785177230835
4979,Mingaladon,Yangon City,MMR013D001,16.894952,96.126293,0.0,0.0,28.0,4.415667,0.30000001192092896,0.1168665885925293
4980,Mingaladon,Yangon City,MMR013D001,16.89537,96.132431,0.0,0.0,40.0,3.0307229,0.0,0.3938554525375366
4981,Mingaladon,Yangon City,MMR013D001,16.895599,96.131058,0.0,0.0,36.0,7.2024827,0.10000002384185791,0.0
4982,Mingaladon,Yangon City,MMR013D001,16.895943,96.128998,0.0,0.0,28.0,2.153755,0.30000001192092896,0.5692490339279175
4983,Mingaladon,Yangon City,MMR013D001,16.896011,96.131058,0.0,0.0,33.0,6.0397077,0.17500001192092896,0.0
4984,Mingaladon,Yangon City,MMR013D001,16.896114,96.131401,0.0,0.0,37.0,5.733568,0.07499998807907104,0.0
4985,Mingaladon,Yangon City,MMR013D001,16.896286010742,96.122817993164,0.0,0.0,17.0,3.9416327,0.574999988079071,0.21167343854904175
4986,Mingaladon,Yangon City,MMR013D001,16.896286010742,96.129684448242,0.0,0.0,25.0,2.9905288,0.375,0.401894211769104
4987,Mingaladon,Yangon City,MMR013D001,16.896286010742,96.131057739258,0.0,0.0,33.0,4.096654,0.17500001192092896,0.18066918849945068
4988,Mingaladon,Yangon City,MMR013D001,16.896286010742,96.132431030273,0.0,0.0,36.0,1.3808141,0.10000002384185791,0.7238371968269348
4989,Mingaladon,Yangon City,MMR013D001,16.896286010742,96.133804321289,0.0,0.0,25.0,4.1360445,0.375,0.17279112339019775
4990,Mingaladon,Yangon City,MMR013D001,16.896286010742,96.135177612305,0.0,0.0,25.0,2.760026,0.375,0.44799482822418213
4991,Mingaladon,Yangon City,MMR013D001,16.896286010742,96.140670776367,0.0,0.0,12.0,3.138737,0.699999988079071,0.37225258350372314
4992,Mingaladon,Yangon City,MMR013D001,16.896286010742,96.142044067383,0.0,0.0,14.0,3.138737,0.6499999761581421,0.37225258350372314
4993,Mingaladon,Yangon City,MMR013D001,16.896629,96.122818,0.0,0.0,20.0,3.8140574,0.5,0.23718851804733276
4994,Mingaladon,Yangon City,MMR013D001,16.896629,96.128998,0.0,0.0,28.0,3.9416327,0.30000001192092896,0.21167343854904175
4995,Mingaladon,Yangon City,MMR013D001,16.896744,96.131058,0.0,0.0,34.0,4.3014402,0.1499999761581421,0.13971197605133057
4996,Mingaladon,Yangon City,MMR013D001,16.896744,96.139755,0.0,0.0,15.0,3.0307229,0.625,0.3938554525375366
4997,Mingaladon,Yangon City,MMR013D001,16.897659301758,96.12419128418,0.0,0.0,30.0,3.138737,0.25,0.37225258350372314
4998,Mingaladon,Yangon City,MMR013D001,16.897659301758,96.129684448242,0.0,0.0,36.0,3.8140574,0.10000002384185791,0.23718851804733276
4999,Mingaladon,Yangon City,MMR013D001,16.897659301758,96.131057739258,0.0,0.0,35.0,2.153755,0.125,0.5692490339279175
5000,Mingaladon,Yangon City,MMR013D001,16.897659301758,96.132431030273,0.0,0.0,29.0,3.9416327,0.2749999761581421,0.21167343854904175
5001,Mingaladon,Yangon City,MMR013D001,16.897659301758,96.140670776367,0.0,0.0,17.0,4.415667,0.574999988079071,0.1168665885925293
5002,Mingaladon,Yangon City,MMR013D001,16.897659301758,96.142044067383,0.0,0.0,15.0,2.153755,0.625,0.5692490339279175
5003,Mingaladon,Yangon City,MMR013D001,16.897659301758,96.148910522461,0.0,0.0,16.0,1.3808141,0.6000000238418579,0.7238371968269348
5004,Mingaladon,Yangon City,MMR013D001,16.897831,96.131744,0.0,0.0,32.0,4.415667,0.19999998807907104,0.1168665885925293
5005,Mingaladon,Yangon City,MMR013D001,16.897981,96.133457,0.0,0.0,28.0,3.9845605,0.30000001192092896,0.2030879259109497
5006,Mingaladon,Yangon City,MMR013D001,16.898117,96.131973,0.0,0.0,32.0,6.7274427,0.19999998807907104,0.0
5007,Mingaladon,Yangon City,MMR013D001,16.898575,96.139755,0.0,0.0,21.0,2.2111168,0.4750000238418579,0.5577766299247742
5008,Mingaladon,Yangon City,MMR013D001,16.898621,96.123711,0.0,0.0,27.0,3.0307229,0.32499998807907104,0.3938554525375366
5009,Mingaladon,Yangon City,MMR013D001,16.89864,96.132823,0.0,0.0,37.0,3.138737,0.07499998807907104,0.37225258350372314
5010,Mingaladon,Yangon City,MMR013D001,16.898758,96.133804,0.0,0.0,28.0,4.9761953,0.30000001192092896,0.004760921001434326
5011,Mingaladon,Yangon City,MMR013D001,16.898815,96.134193,0.0,0.0,27.0,1.9091437,0.32499998807907104,0.6181712746620178
5012,Mingaladon,Yangon City,MMR013D001,16.899032592773,96.12419128418,0.0,0.0,27.0,2.153755,0.32499998807907104,0.5692490339279175
5013,Mingaladon,Yangon City,MMR013D001,16.899032592773,96.128311157227,0.0,0.0,37.0,5.733568,0.07499998807907104,0.0
5014,Mingaladon,Yangon City,MMR013D001,16.899033,96.13293,0.0,0.0,32.0,7.846306,0.19999998807907104,0.0
5015,Mingaladon,Yangon City,MMR013D001,16.899032592773,96.133804321289,0.0,0.0,27.0,4.8412433,0.32499998807907104,0.03175133466720581
5016,Mingaladon,Yangon City,MMR013D001,16.899033,96.134628,0.0,0.0,26.0,2.2111168,0.3500000238418579,0.5577766299247742
5017,Mingaladon,Yangon City,MMR013D001,16.899032592773,96.135177612305,0.0,0.0,24.0,0.9976483,0.3999999761581421,0.8004703521728516
5018,Mingaladon,Yangon City,MMR013D001,16.899033,96.137238,0.0,0.0,20.0,3.9416327,0.5,0.21167343854904175
5019,Mingaladon,Yangon City,MMR013D001,16.899032592773,96.139297485352,0.0,0.0,22.0,1.9946922,0.44999998807907104,0.6010615825653076
5020,Mingaladon,Yangon City,MMR013D001,16.899032592773,96.140670776367,0.0,0.0,24.0,1.3808141,0.3999999761581421,0.7238371968269348
5021,Mingaladon,Yangon City,MMR013D001,16.899032592773,96.147537231445,0.0,0.0,16.0,1.3808141,0.6000000238418579,0.7238371968269348
5022,Mingaladon,Yangon City,MMR013D001,16.899719,96.124878,0.0,0.0,28.0,5.507302,0.30000001192092896,0.0
5023,Mingaladon,Yangon City,MMR013D001,16.899719,96.127625,0.0,0.0,33.0,3.0307229,0.17500001192092896,0.3938554525375366
5024,Mingaladon,Yangon City,MMR013D001,16.899719,96.137923,0.0,0.0,16.0,0.0,0.6000000238418579,1.0
5025,Mingaladon,Yangon City,MMR013D001,16.899719,96.139671,0.0,0.0,25.0,1.9946922,0.375,0.6010615825653076
5026,Mingaladon,Yangon City,MMR013D001,16.899948,96.134033,0.0,0.0,25.0,10.2404,0.375,0.0
5027,Mingaladon,Yangon City,MMR013D001,16.899948,96.137009,0.0,0.0,24.0,4.096654,0.3999999761581421,0.18066918849945068
5028,Mingaladon,Yangon City,MMR013D001,16.900106,96.134153,0.0,0.0,32.0,2.862392,0.19999998807907104,0.42752158641815186
5029,Mingaladon,Yangon City,MMR013D001,16.900251,96.133894,0.0,0.0,31.0,8.229426,0.2250000238418579,0.0
5030,Mingaladon,Yangon City,MMR013D001,16.90037,96.135666,0.0,0.0,27.0,1.9946922,0.32499998807907104,0.6010615825653076
5031,Mingaladon,Yangon City,MMR013D001,16.900405883789,96.12419128418,0.0,0.0,28.0,4.096654,0.30000001192092896,0.18066918849945068
5032,Mingaladon,Yangon City,MMR013D001,16.900406,96.128998,0.0,0.0,37.0,7.013975,0.07499998807907104,0.0
5033,Mingaladon,Yangon City,MMR013D001,16.900405883789,96.133804321289,0.0,0.0,26.0,8.419388,0.3500000238418579,0.0
5034,Mingaladon,Yangon City,MMR013D001,16.900406,96.134491,0.0,0.0,31.0,2.760026,0.2250000238418579,0.44799482822418213
5035,Mingaladon,Yangon City,MMR013D001,16.900405883789,96.135177612305,0.0,0.0,28.0,3.138737,0.30000001192092896,0.37225258350372314
5036,Mingaladon,Yangon City,MMR013D001,16.900405883789,96.14616394043,0.0,0.0,20.0,1.3808141,0.5,0.7238371968269348
5037,Mingaladon,Yangon City,MMR013D001,16.900749,96.139297,0.0,0.0,24.0,9.662858,0.3999999761581421,0.0
5038,Mingaladon,Yangon City,MMR013D001,16.90077,96.136124,0.0,0.0,26.0,2.153755,0.3500000238418579,0.5692490339279175
5039,Mingaladon,Yangon City,MMR013D001,16.900864,96.133804,0.0,0.0,32.0,5.733568,0.19999998807907104,0.0
5040,Mingaladon,Yangon City,MMR013D001,16.900889,96.134702,0.0,0.0,30.0,9.220603,0.25,0.0
5041,Mingaladon,Yangon City,MMR013D001,16.901051,96.124931,0.0,0.0,26.0,5.3264294,0.3500000238418579,0.0
5042,Mingaladon,Yangon City,MMR013D001,16.901093,96.133804,0.0,0.0,32.0,7.013975,0.19999998807907104,0.0
5043,Mingaladon,Yangon City,MMR013D001,16.901093,96.134491,0.0,0.0,36.0,4.3014402,0.10000002384185791,0.13971197605133057
5044,Mingaladon,Yangon City,MMR013D001,16.901093,96.135178,0.0,0.0,31.0,11.095976,0.2250000238418579,0.0
5045,Mingaladon,Yangon City,MMR013D001,16.901136,96.13398,0.0,0.0,36.0,4.415667,0.10000002384185791,0.1168665885925293
5046,Mingaladon,Yangon City,MMR013D001,16.90123,96.136551,0.0,0.0,23.0,4.096654,0.42500001192092896,0.18066918849945068
5047,Mingaladon,Yangon City,MMR013D001,16.901583,96.138513,0.0,0.0,29.0,2.760026,0.2749999761581421,0.44799482822418213
5048,Mingaladon,Yangon City,MMR013D001,16.901779174805,96.125564575195,0.0,0.0,31.0,5.3264294,0.2250000238418579,0.0
5049,Mingaladon,Yangon City,MMR013D001,16.901779174805,96.132431030273,0.0,0.0,32.0,3.0307229,0.19999998807907104,0.3938554525375366
5050,Mingaladon,Yangon City,MMR013D001,16.901779174805,96.133804321289,0.0,0.0,31.0,4.415667,0.2250000238418579,0.1168665885925293
5051,Mingaladon,Yangon City,MMR013D001,16.901779174805,96.135177612305,0.0,0.0,42.0,9.103214,0.0,0.0
5052,Mingaladon,Yangon City,MMR013D001,16.901779,96.135962,0.0,0.0,26.0,3.0307229,0.3500000238418579,0.3938554525375366
5053,Mingaladon,Yangon City,MMR013D001,16.901779174805,96.13655090332,0.0,0.0,27.0,6.6072006,0.32499998807907104,0.0
5054,Mingaladon,Yangon City,MMR013D001,16.901779,96.137238,0.0,0.0,24.0,3.5461073,0.3999999761581421,0.2907785177230835
5055,Mingaladon,Yangon City,MMR013D001,16.901779174805,96.137924194336,0.0,0.0,33.0,2.760026,0.17500001192092896,0.44799482822418213
5056,Mingaladon,Yangon City,MMR013D001,16.901779174805,96.139297485352,0.0,0.0,30.0,2.2111168,0.25,0.5577766299247742
5057,Mingaladon,Yangon City,MMR013D001,16.901779,96.143074,0.0,0.0,27.0,4.9007516,0.32499998807907104,0.019849658012390137
5058,Mingaladon,Yangon City,MMR013D001,16.901779174805,96.143417358398,0.0,0.0,24.0,4.096654,0.3999999761581421,0.18066918849945068
5059,Mingaladon,Yangon City,MMR013D001,16.901779174805,96.144790649414,0.0,0.0,23.0,1.3808141,0.42500001192092896,0.7238371968269348
5060,Mingaladon,Yangon City,MMR013D001,16.902329,96.135727,0.0,0.0,33.0,3.9416327,0.17500001192092896,0.21167343854904175
5061,Mingaladon,Yangon City,MMR013D001,16.902466,96.133804,0.0,0.0,25.0,6.0397077,0.375,0.0
5062,Mingaladon,Yangon City,MMR013D001,16.902695,96.126022,0.0,0.0,31.0,6.2581224,0.2250000238418579,0.0
5063,Mingaladon,Yangon City,MMR013D001,16.902788,96.136421,0.0,0.0,33.0,1.3808141,0.17500001192092896,0.7238371968269348
5064,Mingaladon,Yangon City,MMR013D001,16.902922,96.135193,0.0,0.0,32.0,4.096654,0.19999998807907104,0.18066918849945068
5065,Mingaladon,Yangon City,MMR013D001,16.902962,96.135521,0.0,0.0,33.0,1.3808141,0.17500001192092896,0.7238371968269348
5066,Mingaladon,Yangon City,MMR013D001,16.903106,96.135093,0.0,0.0,28.0,7.065254,0.30000001192092896,0.0
5067,Mingaladon,Yangon City,MMR013D001,16.90315246582,96.122817993164,0.0,0.0,18.0,3.8140574,0.550000011920929,0.23718851804733276
5068,Mingaladon,Yangon City,MMR013D001,16.90315246582,96.126937866211,0.0,0.0,35.0,2.9905288,0.125,0.401894211769104
5069,Mingaladon,Yangon City,MMR013D001,16.90315246582,96.135177612305,0.0,0.0,28.0,7.065254,0.30000001192092896,0.0
5070,Mingaladon,Yangon City,MMR013D001,16.903152,96.135864,0.0,0.0,34.0,3.0307229,0.1499999761581421,0.3938554525375366
5071,Mingaladon,Yangon City,MMR013D001,16.90315246582,96.13655090332,0.0,0.0,32.0,0.9976483,0.19999998807907104,0.8004703521728516
5072,Mingaladon,Yangon City,MMR013D001,16.90315246582,96.137924194336,0.0,0.0,33.0,0.9976483,0.17500001192092896,0.8004703521728516
5073,Mingaladon,Yangon City,MMR013D001,16.90315246582,96.139297485352,0.0,0.0,30.0,0.9976483,0.25,0.8004703521728516
5074,Mingaladon,Yangon City,MMR013D001,16.90336,96.135712,0.0,0.0,34.0,5.0660734,0.1499999761581421,0.0
5075,Mingaladon,Yangon City,MMR013D001,16.903374,96.135208,0.0,0.0,31.0,8.907284,0.2250000238418579,0.0
5076,Mingaladon,Yangon City,MMR013D001,16.903601,96.135468,0.0,0.0,34.0,5.733568,0.1499999761581421,0.0
5077,Mingaladon,Yangon City,MMR013D001,16.903842,96.132688,0.0,0.0,31.0,2.760026,0.2250000238418579,0.44799482822418213
5078,Mingaladon,Yangon City,MMR013D001,16.904068,96.138382,0.0,0.0,29.0,3.4869568,0.2749999761581421,0.3026086091995239
5079,Mingaladon,Yangon City,MMR013D001,16.904172,96.136618,0.0,0.0,30.0,0.9548369,0.25,0.8090326189994812
5080,Mingaladon,Yangon City,MMR013D001,16.904525756836,96.126937866211,0.0,0.0,31.0,3.138737,0.2250000238418579,0.37225258350372314
5081,Mingaladon,Yangon City,MMR013D001,16.904526,96.127853,0.0,0.0,36.0,6.1986523,0.10000002384185791,0.0
5082,Mingaladon,Yangon City,MMR013D001,16.904525756836,96.128311157227,0.0,0.0,38.0,2.862392,0.050000011920928955,0.42752158641815186
5083,Mingaladon,Yangon City,MMR013D001,16.904525756836,96.137924194336,0.0,0.0,29.0,1.9946922,0.2749999761581421,0.6010615825653076
5084,Mingaladon,Yangon City,MMR013D001,16.904525756836,96.139297485352,0.0,0.0,32.0,3.5461073,0.19999998807907104,0.2907785177230835
5085,Mingaladon,Yangon City,MMR013D001,16.904526,96.139984,0.0,0.0,33.0,2.2111168,0.17500001192092896,0.5577766299247742
5086,Mingaladon,Yangon City,MMR013D001,16.905125,96.134077,0.0,0.0,30.0,3.0307229,0.25,0.3938554525375366
5087,Mingaladon,Yangon City,MMR013D001,16.905212,96.145821,0.0,0.0,12.0,1.3808141,0.699999988079071,0.7238371968269348
5088,Mingaladon,Yangon City,MMR013D001,16.905441,96.135178,0.0,0.0,28.0,3.0307229,0.30000001192092896,0.3938554525375366
5089,Mingaladon,Yangon City,MMR013D001,16.905441,96.137009,0.0,0.0,33.0,9.048065,0.17500001192092896,0.0
5090,Mingaladon,Yangon City,MMR013D001,16.905899047852,96.128311157227,0.0,0.0,32.0,3.5461073,0.19999998807907104,0.2907785177230835
5091,Mingaladon,Yangon City,MMR013D001,16.905899047852,96.135177612305,0.0,0.0,26.0,4.3014402,0.3500000238418579,0.13971197605133057
5092,Mingaladon,Yangon City,MMR013D001,16.905899047852,96.137924194336,0.0,0.0,31.0,0.9548369,0.2250000238418579,0.8090326189994812
5093,Mingaladon,Yangon City,MMR013D001,16.906199,96.128616,0.0,0.0,34.0,3.9416327,0.1499999761581421,0.21167343854904175
5094,Mingaladon,Yangon City,MMR013D001,16.906299,96.132632,0.0,0.0,23.0,7.6583467,0.42500001192092896,0.0
5095,Mingaladon,Yangon City,MMR013D001,16.906357,96.128311,0.0,0.0,35.0,0.9548369,0.125,0.8090326189994812
5096,Mingaladon,Yangon City,MMR013D001,16.907275,96.126948,0.0,0.0,31.0,4.415667,0.2250000238418579,0.1168665885925293
5097,Mingaladon,Yangon City,MMR013D001,16.907272338867,96.129684448242,0.0,0.0,33.0,4.8412433,0.17500001192092896,0.03175133466720581
5098,Mingaladon,Yangon City,MMR013D001,16.907272338867,96.131057739258,0.0,0.0,26.0,3.9416327,0.3500000238418579,0.21167343854904175
5099,Mingaladon,Yangon City,MMR013D001,16.907959,96.129684,0.0,0.0,29.0,5.7959256,0.2749999761581421,0.0
5100,Mingaladon,Yangon City,MMR013D001,16.908188,96.129684,0.0,0.0,32.0,3.0307229,0.19999998807907104,0.3938554525375366
5101,Mingaladon,Yangon City,MMR013D001,16.908645629883,96.129684448242,0.0,0.0,31.0,3.0307229,0.2250000238418579,0.3938554525375366
5102,Mingaladon,Yangon City,MMR013D001,16.908646,96.141357,0.0,0.0,23.0,3.0307229,0.42500001192092896,0.3938554525375366
5103,Mingaladon,Yangon City,MMR013D001,16.910018920898,96.131057739258,0.0,0.0,27.0,0.9976483,0.32499998807907104,0.8004703521728516
5104,Mingaladon,Yangon City,MMR013D001,16.910018920898,96.135177612305,0.0,0.0,21.0,7.065254,0.4750000238418579,0.0
5105,Mingaladon,Yangon City,MMR013D001,16.910368,96.132324,0.0,0.0,27.0,3.0307229,0.32499998807907104,0.3938554525375366
5106,Mingaladon,Yangon City,MMR013D001,16.910607,96.141063,0.0,0.0,22.0,2.2111168,0.44999998807907104,0.5577766299247742
5107,Mingaladon,Yangon City,MMR013D001,16.910706,96.131973,0.0,0.0,28.0,0.9976483,0.30000001192092896,0.8004703521728516
5108,Mingaladon,Yangon City,MMR013D001,16.910934,96.131973,0.0,0.0,27.0,2.153755,0.32499998807907104,0.5692490339279175
5109,Mingaladon,Yangon City,MMR013D001,16.911392211914,96.129684448242,0.0,0.0,28.0,2.862392,0.30000001192092896,0.42752158641815186
5110,Mingaladon,Yangon City,MMR013D001,16.911392211914,96.131057739258,0.0,0.0,21.0,2.862392,0.4750000238418579,0.42752158641815186
5111,Mingaladon,Yangon City,MMR013D001,16.911392211914,96.132431030273,0.0,0.0,25.0,2.153755,0.375,0.5692490339279175
5112,Mingaladon,Yangon City,MMR013D001,16.911392,96.134491,0.0,0.0,24.0,1.3808141,0.3999999761581421,0.7238371968269348
5113,Mingaladon,Yangon City,MMR013D001,16.911647,96.12831,0.0,0.0,24.0,3.138737,0.3999999761581421,0.37225258350372314
5114,Mingaladon,Yangon City,MMR013D001,16.91276550293,96.125564575195,0.0,0.0,31.0,2.2111168,0.2250000238418579,0.5577766299247742
5115,Mingaladon,Yangon City,MMR013D001,16.91276550293,96.128311157227,0.0,0.0,29.0,5.0660734,0.2749999761581421,0.0
5116,Mingaladon,Yangon City,MMR013D001,16.912766,96.131058,0.0,0.0,22.0,1.3808141,0.44999998807907104,0.7238371968269348
5117,Mingaladon,Yangon City,MMR013D001,16.91276550293,96.133804321289,0.0,0.0,23.0,0.9976483,0.42500001192092896,0.8004703521728516
5118,Mingaladon,Yangon City,MMR013D001,16.91276550293,96.13655090332,0.0,0.0,23.0,3.0307229,0.42500001192092896,0.3938554525375366
5119,Mingaladon,Yangon City,MMR013D001,16.914138793945,96.113204956055,0.0,0.0,27.0,5.0660734,0.32499998807907104,0.0
5120,Mingaladon,Yangon City,MMR013D001,16.914138793945,96.135177612305,0.0,0.0,31.0,2.862392,0.2250000238418579,0.42752158641815186
5121,Mingaladon,Yangon City,MMR013D001,16.915419,96.135269,0.0,0.0,32.0,4.415667,0.19999998807907104,0.1168665885925293
5122,Mingaladon,Yangon City,MMR013D001,16.915512084961,96.111831665039,0.0,0.0,22.0,2.760026,0.44999998807907104,0.44799482822418213
5123,Mingaladon,Yangon City,MMR013D001,16.915512084961,96.113204956055,0.0,0.0,27.0,3.138737,0.32499998807907104,0.37225258350372314
5124,Mingaladon,Yangon City,MMR013D001,16.915512084961,96.135177612305,0.0,0.0,35.0,4.1360445,0.125,0.17279112339019775
5125,Mingaladon,Yangon City,MMR013D001,16.91573,96.126445,0.0,0.0,29.0,5.1608467,0.2749999761581421,0.0
5126,Mingaladon,Yangon City,MMR013D001,16.91597,96.135178,0.0,0.0,30.0,2.153755,0.25,0.5692490339279175
5127,Mingaladon,Yangon City,MMR013D001,16.916199,96.133804,0.0,0.0,32.0,2.760026,0.19999998807907104,0.44799482822418213
5128,Mingaladon,Yangon City,MMR013D001,16.916199,96.135178,0.0,0.0,34.0,8.530726,0.1499999761581421,0.0
5129,Mingaladon,Yangon City,MMR013D001,16.916885,96.13472,0.0,0.0,39.0,4.096654,0.02499997615814209,0.18066918849945068
5130,Mingaladon,Yangon City,MMR013D001,16.916885375977,96.113204956055,0.0,0.0,17.0,3.5461073,0.574999988079071,0.2907785177230835
5131,Mingaladon,Yangon City,MMR013D001,16.916885375977,96.133804321289,0.0,0.0,36.0,2.153755,0.10000002384185791,0.5692490339279175
5132,Mingaladon,Yangon City,MMR013D001,16.916885375977,96.135177612305,0.0,0.0,39.0,2.153755,0.02499997615814209,0.5692490339279175
5133,Mingaladon,Yangon City,MMR013D001,16.917229,96.134148,0.0,0.0,35.0,0.0,0.125,1.0
5134,Mingaladon,Yangon City,MMR013D001,16.918258666992,96.143417358398,0.0,0.0,5.0,5.964852,0.875,0.0
5135,Mingaladon,Yangon City,MMR013D001,16.918833,96.132019,0.0,0.0,30.0,0.9548369,0.25,0.8090326189994812
5136,Mingaladon,Yangon City,MMR013D001,16.919631958008,96.135177612305,0.0,0.0,37.0,3.0307229,0.07499998807907104,0.3938554525375366
5137,Mingaladon,Yangon City,MMR013D001,16.919631958008,96.144790649414,0.0,0.0,6.0,1.3808141,0.8500000238418579,0.7238371968269348
5138,Mingaladon,Yangon City,MMR013D001,16.919975,96.134491,0.0,0.0,39.0,2.153755,0.02499997615814209,0.5692490339279175
5139,Mingaladon,Yangon City,MMR013D001,16.921005249023,96.133804321289,0.0,0.0,35.0,3.9416327,0.125,0.21167343854904175
5140,Mingaladon,Yangon City,MMR013D001,16.921005249023,96.142044067383,0.0,0.0,17.0,10.2392845,0.574999988079071,0.0
5141,Mingaladon,Yangon City,MMR013D001,16.922378540039,96.121444702148,0.0,0.0,34.0,1.9946922,0.1499999761581421,0.6010615825653076
5142,Mingaladon,Yangon City,MMR013D001,16.922378540039,96.131057739258,0.0,0.0,32.0,1.9946922,0.19999998807907104,0.6010615825653076
5143,Mingaladon,Yangon City,MMR013D001,16.922378540039,96.133804321289,0.0,0.0,34.0,1.3808141,0.1499999761581421,0.7238371968269348
5144,Mingaladon,Yangon City,MMR013D001,16.922836,96.133652,0.0,0.0,35.0,0.9548369,0.125,0.8090326189994812
5145,Mingaladon,Yangon City,MMR013D001,16.923197,96.125587,0.0,0.0,22.0,4.8660283,0.44999998807907104,0.02679431438446045
5146,Mingaladon,Yangon City,MMR013D001,16.923751831055,96.133804321289,0.0,0.0,31.0,2.2111168,0.2250000238418579,0.5577766299247742
5147,Mingaladon,Yangon City,MMR013D001,16.923751831055,96.147537231445,0.0,0.0,8.0,0.9548369,0.800000011920929,0.8090326189994812
5148,Mingaladon,Yangon City,MMR013D001,16.92421,96.132431,0.0,0.0,28.0,2.153755,0.30000001192092896,0.5692490339279175
5149,Mingaladon,Yangon City,MMR013D001,16.92512512207,96.111831665039,0.0,0.0,19.0,4.3014402,0.5249999761581421,0.13971197605133057
5150,Mingaladon,Yangon City,MMR013D001,16.92512512207,96.122817993164,0.0,0.0,24.0,4.3014402,0.3999999761581421,0.13971197605133057
5151,Mingaladon,Yangon City,MMR013D001,16.92512512207,96.132431030273,0.0,0.0,24.0,2.760026,0.3999999761581421,0.44799482822418213
5152,Mingaladon,Yangon City,MMR013D001,16.92512512207,96.133804321289,0.0,0.0,28.0,0.9976483,0.30000001192092896,0.8004703521728516
5153,Mingaladon,Yangon City,MMR013D001,16.925125,96.141357,0.0,0.0,7.0,0.9548369,0.824999988079071,0.8090326189994812
5154,Mingaladon,Yangon City,MMR013D001,16.92512512207,96.150283813477,0.0,0.0,7.0,3.9416327,0.824999988079071,0.21167343854904175
5155,Mingaladon,Yangon City,MMR013D001,16.926018,96.134354,0.0,0.0,29.0,4.1360445,0.2749999761581421,0.17279112339019775
5156,Mingaladon,Yangon City,MMR013D001,16.926224,96.132156,0.0,0.0,29.0,2.760026,0.2749999761581421,0.44799482822418213
5157,Mingaladon,Yangon City,MMR013D001,16.926369,96.129066,0.0,0.0,19.0,5.3264294,0.5249999761581421,0.0
5158,Mingaladon,Yangon City,MMR013D001,16.926443,96.147592,0.0,0.0,7.0,5.733568,0.824999988079071,0.0
5159,Mingaladon,Yangon City,MMR013D001,16.926498,96.131744,0.0,0.0,28.0,5.0660734,0.30000001192092896,0.0
5160,Mingaladon,Yangon City,MMR013D001,16.926498413086,96.132431030273,0.0,0.0,30.0,1.3808141,0.25,0.7238371968269348
5161,Mingaladon,Yangon City,MMR013D001,16.926498413086,96.150283813477,0.0,0.0,7.0,0.0,0.824999988079071,1.0
5162,Mingaladon,Yangon City,MMR013D001,16.926498413086,96.157150268555,0.0,0.0,7.0,3.4869568,0.824999988079071,0.3026086091995239
5163,Mingaladon,Yangon City,MMR013D001,16.927279,96.153511,0.0,0.0,7.0,1.3808141,0.824999988079071,0.7238371968269348
5164,Mingaladon,Yangon City,MMR013D001,16.927871704102,96.106338500977,0.0,0.0,25.0,3.4869568,0.375,0.3026086091995239
5165,Mingaladon,Yangon City,MMR013D001,16.927871704102,96.131057739258,0.0,0.0,27.0,3.9416327,0.32499998807907104,0.21167343854904175
5166,Mingaladon,Yangon City,MMR013D001,16.927871704102,96.132431030273,0.0,0.0,29.0,0.9976483,0.2749999761581421,0.8004703521728516
5167,Mingaladon,Yangon City,MMR013D001,16.927872,96.142044,0.0,0.0,8.0,0.9976483,0.800000011920929,0.8004703521728516
5168,Mingaladon,Yangon City,MMR013D001,16.927871704102,96.154403686523,0.0,0.0,6.0,1.3808141,0.8500000238418579,0.7238371968269348
5169,Mingaladon,Yangon City,MMR013D001,16.927871704102,96.157150268555,0.0,0.0,7.0,4.1360445,0.824999988079071,0.17279112339019775
5170,Mingaladon,Yangon City,MMR013D001,16.928787,96.131058,0.0,0.0,27.0,4.096654,0.32499998807907104,0.18066918849945068
5171,Mingaladon,Yangon City,MMR013D001,16.928787,96.142044,0.0,0.0,6.0,0.0,0.8500000238418579,1.0
5172,Mingaladon,Yangon City,MMR013D001,16.929244995117,96.117324829102,0.0,0.0,27.0,4.3014402,0.32499998807907104,0.13971197605133057
5173,Mingaladon,Yangon City,MMR013D001,16.929244995117,96.131057739258,0.0,0.0,28.0,3.0307229,0.30000001192092896,0.3938554525375366
5174,Mingaladon,Yangon City,MMR013D001,16.929244995117,96.132431030273,0.0,0.0,30.0,1.9091437,0.25,0.6181712746620178
5175,Mingaladon,Yangon City,MMR013D001,16.929244995117,96.133804321289,0.0,0.0,29.0,3.4869568,0.2749999761581421,0.3026086091995239
5176,Mingaladon,Yangon City,MMR013D001,16.929244995117,96.135177612305,0.0,0.0,24.0,5.0660734,0.3999999761581421,0.0
5177,Mingaladon,Yangon City,MMR013D001,16.929244995117,96.13655090332,0.0,0.0,16.0,1.3808141,0.6000000238418579,0.7238371968269348
5178,Mingaladon,Yangon City,MMR013D001,16.929244995117,96.142044067383,0.0,0.0,9.0,2.153755,0.7749999761581421,0.5692490339279175
5179,Mingaladon,Yangon City,MMR013D001,16.929244995117,96.147537231445,0.0,0.0,6.0,2.153755,0.8500000238418579,0.5692490339279175
5180,Mingaladon,Yangon City,MMR013D001,16.929245,96.131744,0.0,0.0,30.0,0.9548369,0.25,0.8090326189994812
5181,Mingaladon,Yangon City,MMR013D001,16.929474,96.142044,0.0,0.0,9.0,0.9976483,0.7749999761581421,0.8004703521728516
5182,Mingaladon,Yangon City,MMR013D001,16.929549,96.117878,0.0,0.0,23.0,4.1360445,0.42500001192092896,0.17279112339019775
5183,Mingaladon,Yangon City,MMR013D001,16.929674,96.131315,0.0,0.0,32.0,2.2111168,0.19999998807907104,0.5577766299247742
5184,Mingaladon,Yangon City,MMR013D001,16.929744,96.135677,0.0,0.0,15.0,3.138737,0.625,0.37225258350372314
5185,Mingaladon,Yangon City,MMR013D001,16.929863,96.13298,0.0,0.0,30.0,4.415667,0.25,0.1168665885925293
5186,Mingaladon,Yangon City,MMR013D001,16.929932,96.145821,0.0,0.0,9.0,3.0307229,0.7749999761581421,0.3938554525375366
5187,Mingaladon,Yangon City,MMR013D001,16.930275,96.142044,0.0,0.0,9.0,1.9091437,0.7749999761581421,0.6181712746620178
5188,Mingaladon,Yangon City,MMR013D001,16.930618286133,96.109085083008,0.0,0.0,15.0,3.138737,0.625,0.37225258350372314
5189,Mingaladon,Yangon City,MMR013D001,16.930618286133,96.128311157227,0.0,0.0,27.0,4.9761953,0.32499998807907104,0.004760921001434326
5190,Mingaladon,Yangon City,MMR013D001,16.930618286133,96.131057739258,0.0,0.0,33.0,3.5461073,0.17500001192092896,0.2907785177230835
5191,Mingaladon,Yangon City,MMR013D001,16.930618,96.131744,0.0,0.0,28.0,0.0,0.30000001192092896,1.0
5192,Mingaladon,Yangon City,MMR013D001,16.930618286133,96.132431030273,0.0,0.0,29.0,4.3014402,0.2749999761581421,0.13971197605133057
5193,Mingaladon,Yangon City,MMR013D001,16.930618286133,96.13655090332,0.0,0.0,16.0,3.138737,0.6000000238418579,0.37225258350372314
5194,Mingaladon,Yangon City,MMR013D001,16.930618286133,96.137924194336,0.0,0.0,9.0,2.153755,0.7749999761581421,0.5692490339279175
5195,Mingaladon,Yangon City,MMR013D001,16.930618286133,96.139297485352,0.0,0.0,11.0,2.153755,0.7250000238418579,0.5692490339279175
5196,Mingaladon,Yangon City,MMR013D001,16.930618286133,96.140670776367,0.0,0.0,10.0,0.9548369,0.75,0.8090326189994812
5197,Mingaladon,Yangon City,MMR013D001,16.930618286133,96.142044067383,0.0,0.0,10.0,2.2111168,0.75,0.5577766299247742
5198,Mingaladon,Yangon City,MMR013D001,16.930618286133,96.143417358398,0.0,0.0,11.0,1.3808141,0.7250000238418579,0.7238371968269348
5199,Mingaladon,Yangon City,MMR013D001,16.930618,96.148911,0.0,0.0,7.0,1.9946922,0.824999988079071,0.6010615825653076
5200,Mingaladon,Yangon City,MMR013D001,16.930618286133,96.154403686523,0.0,0.0,9.0,1.9091437,0.7749999761581421,0.6181712746620178
5201,Mingaladon,Yangon City,MMR013D001,16.930618,96.15509,0.0,0.0,6.0,1.9091437,0.8500000238418579,0.6181712746620178
5202,Mingaladon,Yangon City,MMR013D001,16.930618286133,96.155776977539,0.0,0.0,10.0,3.9845605,0.75,0.2030879259109497
5203,Mingaladon,Yangon City,MMR013D001,16.930618286133,96.157150268555,0.0,0.0,5.0,0.0,0.875,1.0
5204,Mingaladon,Yangon City,MMR013D001,16.930618,96.157837,0.0,0.0,6.0,2.760026,0.8500000238418579,0.44799482822418213
5205,Mingaladon,Yangon City,MMR013D001,16.930618286133,96.15852355957,0.0,0.0,7.0,1.3808141,0.824999988079071,0.7238371968269348
5206,Mingaladon,Yangon City,MMR013D001,16.931076,96.141129,0.0,0.0,8.0,2.760026,0.800000011920929,0.44799482822418213
5207,Mingaladon,Yangon City,MMR013D001,16.931076,96.142044,0.0,0.0,10.0,0.9548369,0.75,0.8090326189994812
5208,Mingaladon,Yangon City,MMR013D001,16.931162,96.114227,0.0,0.0,21.0,6.9418087,0.4750000238418579,0.0
5209,Mingaladon,Yangon City,MMR013D001,16.931168,96.139984,0.0,0.0,10.0,2.760026,0.75,0.44799482822418213
5210,Mingaladon,Yangon City,MMR013D001,16.931305,96.131058,0.0,0.0,36.0,0.9548369,0.10000002384185791,0.8090326189994812
5211,Mingaladon,Yangon City,MMR013D001,16.931305,96.138611,0.0,0.0,9.0,0.9548369,0.7749999761581421,0.8090326189994812
5212,Mingaladon,Yangon City,MMR013D001,16.931305,96.153717,0.0,0.0,9.0,3.0307229,0.7749999761581421,0.3938554525375366
5213,Mingaladon,Yangon City,MMR013D001,16.931507,96.157226,0.0,0.0,6.0,1.3808141,0.8500000238418579,0.7238371968269348
5214,Mingaladon,Yangon City,MMR013D001,16.931562,96.161606,0.0,0.0,10.0,1.9091437,0.75,0.6181712746620178
5215,Mingaladon,Yangon City,MMR013D001,16.931991577148,96.131057739258,0.0,0.0,35.0,2.862392,0.125,0.42752158641815186
5216,Mingaladon,Yangon City,MMR013D001,16.931991577148,96.132431030273,0.0,0.0,30.0,2.862392,0.25,0.42752158641815186
5217,Mingaladon,Yangon City,MMR013D001,16.931991577148,96.140670776367,0.0,0.0,10.0,2.153755,0.75,0.5692490339279175
5218,Mingaladon,Yangon City,MMR013D001,16.931991577148,96.142044067383,0.0,0.0,7.0,1.9091437,0.824999988079071,0.6181712746620178
5219,Mingaladon,Yangon City,MMR013D001,16.931991577148,96.143417358398,0.0,0.0,7.0,1.9946922,0.824999988079071,0.6010615825653076
5220,Mingaladon,Yangon City,MMR013D001,16.931991577148,96.144790649414,0.0,0.0,8.0,0.9548369,0.800000011920929,0.8090326189994812
5221,Mingaladon,Yangon City,MMR013D001,16.931992,96.145477,0.0,0.0,9.0,3.8140574,0.7749999761581421,0.23718851804733276
5222,Mingaladon,Yangon City,MMR013D001,16.931991577148,96.150283813477,0.0,0.0,4.0,1.3808141,0.8999999761581421,0.7238371968269348
5223,Mingaladon,Yangon City,MMR013D001,16.931991577148,96.154403686523,0.0,0.0,10.0,0.0,0.75,1.0
5224,Mingaladon,Yangon City,MMR013D001,16.931991577148,96.157150268555,0.0,0.0,6.0,2.9905288,0.8500000238418579,0.401894211769104
5225,Mingaladon,Yangon City,MMR013D001,16.931991577148,96.15852355957,0.0,0.0,5.0,0.9976483,0.875,0.8004703521728516
5226,Mingaladon,Yangon City,MMR013D001,16.931992,96.159439,0.0,0.0,5.0,0.0,0.875,1.0
5227,Mingaladon,Yangon City,MMR013D001,16.931991577148,96.159896850586,0.0,0.0,7.0,3.138737,0.824999988079071,0.37225258350372314
5228,Mingaladon,Yangon City,MMR013D001,16.931991577148,96.165390014648,0.0,0.0,8.0,0.9548369,0.800000011920929,0.8090326189994812
5229,Mingaladon,Yangon City,MMR013D001,16.931991577148,96.166763305664,0.0,0.0,5.0,2.153755,0.875,0.5692490339279175
5230,Mingaladon,Yangon City,MMR013D001,16.932055,96.157852,0.0,0.0,4.0,3.138737,0.8999999761581421,0.37225258350372314
5231,Mingaladon,Yangon City,MMR013D001,16.932144,96.156006,0.0,0.0,7.0,4.3014402,0.824999988079071,0.13971197605133057
5232,Mingaladon,Yangon City,MMR013D001,16.932335,96.156197,0.0,0.0,7.0,4.3014402,0.824999988079071,0.13971197605133057
5233,Mingaladon,Yangon City,MMR013D001,16.932529,96.155956,0.0,0.0,5.0,2.153755,0.875,0.5692490339279175
5234,Mingaladon,Yangon City,MMR013D001,16.932866,96.156464,0.0,0.0,6.0,3.5461073,0.8500000238418579,0.2907785177230835
5235,Mingaladon,Yangon City,MMR013D001,16.932907,96.145248,0.0,0.0,6.0,1.9946922,0.8500000238418579,0.6010615825653076
5236,Mingaladon,Yangon City,MMR013D001,16.932907,96.159439,0.0,0.0,8.0,0.0,0.800000011920929,1.0
5237,Mingaladon,Yangon City,MMR013D001,16.93296,96.158282,0.0,0.0,7.0,1.3808141,0.824999988079071,0.7238371968269348
5238,Mingaladon,Yangon City,MMR013D001,16.93309,96.159622,0.0,0.0,8.0,0.9976483,0.800000011920929,0.8004703521728516
5239,Mingaladon,Yangon City,MMR013D001,16.933364868164,96.11457824707,0.0,0.0,13.0,2.2111168,0.675000011920929,0.5577766299247742
5240,Mingaladon,Yangon City,MMR013D001,16.933364868164,96.131057739258,0.0,0.0,32.0,0.9976483,0.19999998807907104,0.8004703521728516
5241,Mingaladon,Yangon City,MMR013D001,16.933364868164,96.132431030273,0.0,0.0,27.0,3.138737,0.32499998807907104,0.37225258350372314
5242,Mingaladon,Yangon City,MMR013D001,16.933364868164,96.144790649414,0.0,0.0,7.0,0.9548369,0.824999988079071,0.8090326189994812
5243,Mingaladon,Yangon City,MMR013D001,16.933364868164,96.14616394043,0.0,0.0,8.0,2.760026,0.800000011920929,0.44799482822418213
5244,Mingaladon,Yangon City,MMR013D001,16.933365,96.146439,0.0,0.0,6.0,4.096654,0.8500000238418579,0.18066918849945068
5245,Mingaladon,Yangon City,MMR013D001,16.933365,96.14891,0.0,0.0,8.0,1.3808141,0.800000011920929,0.7238371968269348
5246,Mingaladon,Yangon City,MMR013D001,16.933365,96.149597,0.0,0.0,7.0,0.0,0.824999988079071,1.0
5247,Mingaladon,Yangon City,MMR013D001,16.933364868164,96.154403686523,0.0,0.0,6.0,4.8412433,0.8500000238418579,0.03175133466720581
5248,Mingaladon,Yangon City,MMR013D001,16.933364868164,96.15852355957,0.0,0.0,8.0,0.0,0.800000011920929,1.0
5249,Mingaladon,Yangon City,MMR013D001,16.933364868164,96.159896850586,0.0,0.0,8.0,0.9548369,0.800000011920929,0.8090326189994812
5250,Mingaladon,Yangon City,MMR013D001,16.933364868164,96.16813659668,0.0,0.0,6.0,3.0307229,0.8500000238418579,0.3938554525375366
5251,Mingaladon,Yangon City,MMR013D001,16.933823,96.148911,0.0,0.0,6.0,2.9905288,0.8500000238418579,0.401894211769104
5252,Mingaladon,Yangon City,MMR013D001,16.934052,96.115608,0.0,0.0,18.0,2.760026,0.550000011920929,0.44799482822418213
5253,Mingaladon,Yangon City,MMR013D001,16.934052,96.15509,0.0,0.0,7.0,2.153755,0.824999988079071,0.5692490339279175
5254,Mingaladon,Yangon City,MMR013D001,16.934104,96.155038,0.0,0.0,7.0,2.153755,0.824999988079071,0.5692490339279175
5255,Mingaladon,Yangon City,MMR013D001,16.934204,96.144485,0.0,0.0,7.0,1.9946922,0.824999988079071,0.6010615825653076
5256,Mingaladon,Yangon City,MMR013D001,16.934239,96.142044,0.0,0.0,5.0,2.153755,0.875,0.5692490339279175
5257,Mingaladon,Yangon City,MMR013D001,16.93428,96.148911,0.0,0.0,8.0,0.9976483,0.800000011920929,0.8004703521728516
5258,Mingaladon,Yangon City,MMR013D001,16.934395,96.148567,0.0,0.0,7.0,2.760026,0.824999988079071,0.44799482822418213
5259,Mingaladon,Yangon City,MMR013D001,16.934395,96.149254,0.0,0.0,7.0,2.153755,0.824999988079071,0.5692490339279175
5260,Mingaladon,Yangon City,MMR013D001,16.93473815918,96.147537231445,0.0,0.0,6.0,2.760026,0.8500000238418579,0.44799482822418213
5261,Mingaladon,Yangon City,MMR013D001,16.93473815918,96.148910522461,0.0,0.0,7.0,2.153755,0.824999988079071,0.5692490339279175
5262,Mingaladon,Yangon City,MMR013D001,16.93473815918,96.150283813477,0.0,0.0,8.0,0.0,0.800000011920929,1.0
5263,Mingaladon,Yangon City,MMR013D001,16.934738,96.151314,0.0,0.0,6.0,1.3808141,0.8500000238418579,0.7238371968269348
5264,Mingaladon,Yangon City,MMR013D001,16.93473815918,96.151657104492,0.0,0.0,6.0,0.9548369,0.8500000238418579,0.8090326189994812
5265,Mingaladon,Yangon City,MMR013D001,16.93473815918,96.153030395508,0.0,0.0,7.0,3.138737,0.824999988079071,0.37225258350372314
5266,Mingaladon,Yangon City,MMR013D001,16.935349,96.150894,0.0,0.0,6.0,1.3808141,0.8500000238418579,0.7238371968269348
5267,Mingaladon,Yangon City,MMR013D001,16.935425,96.149254,0.0,0.0,7.0,0.9976483,0.824999988079071,0.8004703521728516
5268,Mingaladon,Yangon City,MMR013D001,16.935612,96.14916,0.0,0.0,6.0,1.3808141,0.8500000238418579,0.7238371968269348
5269,Mingaladon,Yangon City,MMR013D001,16.936111,96.1306,0.0,0.0,31.0,2.862392,0.2250000238418579,0.42752158641815186
5270,Mingaladon,Yangon City,MMR013D001,16.936111450195,96.131057739258,0.0,0.0,29.0,4.1360445,0.2749999761581421,0.17279112339019775
5271,Mingaladon,Yangon City,MMR013D001,16.936112,96.135178,0.0,0.0,15.0,3.138737,0.625,0.37225258350372314
5272,Mingaladon,Yangon City,MMR013D001,16.936111450195,96.139297485352,0.0,0.0,8.0,0.0,0.800000011920929,1.0
5273,Mingaladon,Yangon City,MMR013D001,16.936111450195,96.153030395508,0.0,0.0,8.0,3.0307229,0.800000011920929,0.3938554525375366
5274,Mingaladon,Yangon City,MMR013D001,16.936111450195,96.154403686523,0.0,0.0,9.0,2.2111168,0.7749999761581421,0.5577766299247742
5275,Mingaladon,Yangon City,MMR013D001,16.936855,96.138153,0.0,0.0,8.0,0.9548369,0.800000011920929,0.8090326189994812
5276,Mingaladon,Yangon City,MMR013D001,16.937485,96.129684,0.0,0.0,33.0,3.138737,0.17500001192092896,0.37225258350372314
5277,Mingaladon,Yangon City,MMR013D001,16.937484741211,96.131057739258,0.0,0.0,26.0,3.9845605,0.3500000238418579,0.2030879259109497
5278,Mingaladon,Yangon City,MMR013D001,16.937484741211,96.15852355957,0.0,0.0,3.0,1.3808141,0.925000011920929,0.7238371968269348
5279,Mingaladon,Yangon City,MMR013D001,16.937903,96.121684,0.0,0.0,13.0,0.9976483,0.675000011920929,0.8004703521728516
5280,Mingaladon,Yangon City,MMR013D001,16.9384,96.148911,0.0,0.0,5.0,3.0307229,0.875,0.3938554525375366
5281,Mingaladon,Yangon City,MMR013D001,16.938858032227,96.140670776367,0.0,0.0,6.0,4.1360445,0.8500000238418579,0.17279112339019775
5282,Mingaladon,Yangon City,MMR013D001,16.938858032227,96.159896850586,0.0,0.0,6.0,2.153755,0.8500000238418579,0.5692490339279175
5283,Mingaladon,Yangon City,MMR013D001,16.938858032227,96.161270141602,0.0,0.0,7.0,3.0307229,0.824999988079071,0.3938554525375366
5284,Mingaladon,Yangon City,MMR013D001,16.939545,96.129684,0.0,0.0,23.0,2.153755,0.42500001192092896,0.5692490339279175
5285,Mingaladon,Yangon City,MMR013D001,16.940231323242,96.128311157227,0.0,0.0,21.0,3.138737,0.4750000238418579,0.37225258350372314
5286,Mingaladon,Yangon City,MMR013D001,16.940231323242,96.151657104492,0.0,0.0,8.0,3.9416327,0.800000011920929,0.21167343854904175
5287,Mingaladon,Yangon City,MMR013D001,16.940231,96.151794,0.0,0.0,8.0,3.9416327,0.800000011920929,0.21167343854904175
5288,Mingaladon,Yangon City,MMR013D001,16.940231,96.152687,0.0,0.0,8.0,2.2111168,0.800000011920929,0.5577766299247742
5289,Mingaladon,Yangon City,MMR013D001,16.940231323242,96.161270141602,0.0,0.0,5.0,1.9946922,0.875,0.6010615825653076
5290,Mingaladon,Yangon City,MMR013D001,16.940231323242,96.166763305664,0.0,0.0,5.0,0.9548369,0.875,0.8090326189994812
5291,Mingaladon,Yangon City,MMR013D001,16.940575,96.153374,0.0,0.0,9.0,1.3808141,0.7749999761581421,0.7238371968269348
5292,Mingaladon,Yangon City,MMR013D001,16.940804,96.151886,0.0,0.0,4.0,1.9091437,0.8999999761581421,0.6181712746620178
5293,Mingaladon,Yangon City,MMR013D001,16.940918,96.129684,0.0,0.0,16.0,2.153755,0.6000000238418579,0.5692490339279175
5294,Mingaladon,Yangon City,MMR013D001,16.941034,96.150185,0.0,0.0,7.0,0.0,0.824999988079071,1.0
5295,Mingaladon,Yangon City,MMR013D001,16.941355,96.148786,0.0,0.0,3.0,1.9946922,0.925000011920929,0.6010615825653076
5296,Mingaladon,Yangon City,MMR013D001,16.941604614258,96.128311157227,0.0,0.0,18.0,1.9091437,0.550000011920929,0.6181712746620178
5297,Mingaladon,Yangon City,MMR013D001,16.941604614258,96.129684448242,0.0,0.0,16.0,2.2111168,0.6000000238418579,0.5577766299247742
5298,Mingaladon,Yangon City,MMR013D001,16.941604614258,96.151657104492,0.0,0.0,8.0,4.8412433,0.800000011920929,0.03175133466720581
5299,Mingaladon,Yangon City,MMR013D001,16.941604614258,96.161270141602,0.0,0.0,5.0,2.153755,0.875,0.5692490339279175
5300,Mingaladon,Yangon City,MMR013D001,16.941604614258,96.16813659668,0.0,0.0,7.0,1.9091437,0.824999988079071,0.6181712746620178
5301,Mingaladon,Yangon City,MMR013D001,16.941606,96.162642,0.0,0.0,8.0,1.3808141,0.800000011920929,0.7238371968269348
5302,Mingaladon,Yangon City,MMR013D001,16.942368,96.128464,0.0,0.0,22.0,0.0,0.44999998807907104,1.0
5303,Mingaladon,Yangon City,MMR013D001,16.9429779526365,96.1283110786135,0.0,0.0,22.0,1.9946922,0.44999998807907104,0.6010615825653076
5304,Mingaladon,Yangon City,MMR013D001,16.942977905273,96.137924194336,0.0,0.0,9.0,1.3808141,0.7749999761581421,0.7238371968269348
5305,Mingaladon,Yangon City,MMR013D001,16.942977905273,96.164016723633,0.0,0.0,5.0,0.9976483,0.875,0.8004703521728516
5306,Mingaladon,Yangon City,MMR013D001,16.944351196289,96.128311157227,0.0,0.0,31.0,0.9548369,0.2250000238418579,0.8090326189994812
5307,Mingaladon,Yangon City,MMR013D001,16.944351196289,96.150283813477,0.0,0.0,7.0,1.3808141,0.824999988079071,0.7238371968269348
5308,Mingaladon,Yangon City,MMR013D001,16.944809,96.149826,0.0,0.0,7.0,1.9946922,0.824999988079071,0.6010615825653076
5309,Mingaladon,Yangon City,MMR013D001,16.945267,96.134032,0.0,0.0,13.0,4.096654,0.675000011920929,0.18066918849945068
5310,Mingaladon,Yangon City,MMR013D001,16.945724487305,96.128311157227,0.0,0.0,31.0,4.8412433,0.2250000238418579,0.03175133466720581
5311,Mingaladon,Yangon City,MMR013D001,16.946898,96.149354,0.0,0.0,6.0,2.153755,0.8500000238418579,0.5692490339279175
5312,Mingaladon,Yangon City,MMR013D001,16.94709777832,96.126937866211,0.0,0.0,34.0,2.153755,0.1499999761581421,0.5692490339279175
5313,Mingaladon,Yangon City,MMR013D001,16.94709777832,96.140670776367,0.0,0.0,5.0,0.0,0.875,1.0
5314,Mingaladon,Yangon City,MMR013D001,16.947922,96.150284,0.0,0.0,8.0,1.9091437,0.800000011920929,0.6181712746620178
5315,Mingaladon,Yangon City,MMR013D001,16.948471069336,96.126937866211,0.0,0.0,33.0,3.5461073,0.17500001192092896,0.2907785177230835
5316,Mingaladon,Yangon City,MMR013D001,16.948471069336,96.150283813477,0.0,0.0,6.0,2.153755,0.8500000238418579,0.5692490339279175
5317,Mingaladon,Yangon City,MMR013D001,16.949158,96.126938,0.0,0.0,31.0,2.862392,0.2250000238418579,0.42752158641815186
5318,Mingaladon,Yangon City,MMR013D001,16.949387,96.126938,0.0,0.0,30.0,0.0,0.25,1.0
5319,Mingaladon,Yangon City,MMR013D001,16.949844360352,96.126937866211,0.0,0.0,31.0,2.760026,0.2250000238418579,0.44799482822418213
5320,Mingaladon,Yangon City,MMR013D001,16.949844360352,96.150283813477,0.0,0.0,10.0,3.9416327,0.75,0.21167343854904175
5321,Mingaladon,Yangon City,MMR013D001,16.951217651367,96.126937866211,0.0,0.0,30.0,2.2111168,0.25,0.5577766299247742
5322,Mingaladon,Yangon City,MMR013D001,16.951217651367,96.132431030273,0.0,0.0,17.0,1.3808141,0.574999988079071,0.7238371968269348
5323,Mingaladon,Yangon City,MMR013D001,16.952590942383,96.126937866211,0.0,0.0,28.0,3.0307229,0.30000001192092896,0.3938554525375366
5324,Mingaladon,Yangon City,MMR013D001,16.952591,96.14891,0.0,0.0,7.0,2.153755,0.824999988079071,0.5692490339279175
5325,Mingaladon,Yangon City,MMR013D001,16.952590942383,96.150283813477,0.0,0.0,7.0,3.9416327,0.824999988079071,0.21167343854904175
5326,Mingaladon,Yangon City,MMR013D001,16.953964233398,96.126937866211,0.0,0.0,38.0,3.5461073,0.050000011920928955,0.2907785177230835
5327,Mingaladon,Yangon City,MMR013D001,16.955337524414,96.126937866211,0.0,0.0,36.0,7.013975,0.10000002384185791,0.0
5328,Mingaladon,Yangon City,MMR013D001,16.955337524414,96.148910522461,0.0,0.0,8.0,0.9976483,0.800000011920929,0.8004703521728516
5329,Mingaladon,Yangon City,MMR013D001,16.955337524414,96.166763305664,0.0,0.0,10.0,3.0307229,0.75,0.3938554525375366
5330,Mingaladon,Yangon City,MMR013D001,16.95671081543,96.12419128418,0.0,0.0,15.0,3.4869568,0.625,0.3026086091995239
5331,Mingaladon,Yangon City,MMR013D001,16.95671081543,96.126937866211,0.0,0.0,34.0,4.415667,0.1499999761581421,0.1168665885925293
5332,Mingaladon,Yangon City,MMR013D001,16.95671081543,96.128311157227,0.0,0.0,36.0,3.4869568,0.10000002384185791,0.3026086091995239
5333,Mingaladon,Yangon City,MMR013D001,16.95671081543,96.148910522461,0.0,0.0,5.0,2.153755,0.875,0.5692490339279175
5334,Mingaladon,Yangon City,MMR013D001,16.957546,96.127045,0.0,0.0,34.0,1.3808141,0.1499999761581421,0.7238371968269348
5335,Mingaladon,Yangon City,MMR013D001,16.957652,96.126936,0.0,0.0,34.0,1.3808141,0.1499999761581421,0.7238371968269348
5336,Mingaladon,Yangon City,MMR013D001,16.957683,96.127019,0.0,0.0,33.0,2.153755,0.17500001192092896,0.5692490339279175
5337,Mingaladon,Yangon City,MMR013D001,16.957996,96.127239,0.0,0.0,32.0,1.9946922,0.19999998807907104,0.6010615825653076
5338,Mingaladon,Yangon City,MMR013D001,16.958084106445,96.126937866211,0.0,0.0,32.0,4.1360445,0.19999998807907104,0.17279112339019775
5339,Mingaladon,Yangon City,MMR013D001,16.958084106445,96.128311157227,0.0,0.0,33.0,0.0,0.17500001192092896,1.0
5340,Mingaladon,Yangon City,MMR013D001,16.958084106445,96.129684448242,0.0,0.0,29.0,1.3808141,0.2749999761581421,0.7238371968269348
5341,Mingaladon,Yangon City,MMR013D001,16.958084106445,96.131057739258,0.0,0.0,22.0,3.138737,0.44999998807907104,0.37225258350372314
5342,Mingaladon,Yangon City,MMR013D001,16.958084106445,96.148910522461,0.0,0.0,10.0,2.153755,0.75,0.5692490339279175
5343,Mingaladon,Yangon City,MMR013D001,16.958771,96.126938,0.0,0.0,30.0,4.1360445,0.25,0.17279112339019775
5344,Mingaladon,Yangon City,MMR013D001,16.959393,96.128198,0.0,0.0,29.0,1.9091437,0.2749999761581421,0.6181712746620178
5345,Mingaladon,Yangon City,MMR013D001,16.959457397461,96.126937866211,0.0,0.0,29.0,6.0397077,0.2749999761581421,0.0
5346,Mingaladon,Yangon City,MMR013D001,16.959457397461,96.148910522461,0.0,0.0,10.0,4.3014402,0.75,0.13971197605133057
5347,Mingaladon,Yangon City,MMR013D001,16.959549,96.126938,0.0,0.0,29.0,6.0397077,0.2749999761581421,0.0
5348,Mingaladon,Yangon City,MMR013D001,16.959971,96.127624,0.0,0.0,30.0,0.0,0.25,1.0
5349,Mingaladon,Yangon City,MMR013D001,16.96036,96.127106,0.0,0.0,29.0,2.2111168,0.2749999761581421,0.5577766299247742
5350,Mingaladon,Yangon City,MMR013D001,16.960773,96.127983,0.0,0.0,28.0,2.862392,0.30000001192092896,0.42752158641815186
5351,Mingaladon,Yangon City,MMR013D001,16.960830688477,96.126937866211,0.0,0.0,30.0,2.9905288,0.25,0.401894211769104
5352,Mingaladon,Yangon City,MMR013D001,16.960830688477,96.131057739258,0.0,0.0,25.0,4.8412433,0.375,0.03175133466720581
5353,Mingaladon,Yangon City,MMR013D001,16.961517,96.126938,0.0,0.0,32.0,6.6072006,0.19999998807907104,0.0
5354,Mingaladon,Yangon City,MMR013D001,16.962203979492,96.126937866211,0.0,0.0,34.0,3.138737,0.1499999761581421,0.37225258350372314
5355,Mingaladon,Yangon City,MMR013D001,16.962203979492,96.131057739258,0.0,0.0,25.0,2.2111168,0.375,0.5577766299247742
5356,Mingaladon,Yangon City,MMR013D001,16.962891,96.126938,0.0,0.0,34.0,0.9548369,0.1499999761581421,0.8090326189994812
5357,Mingaladon,Yangon City,MMR013D001,16.962914,96.148636,0.0,0.0,14.0,0.9548369,0.6499999761581421,0.8090326189994812
5358,Mingaladon,Yangon City,MMR013D001,16.963577,96.126022,0.0,0.0,42.0,0.0,0.0,1.0
5359,Mingaladon,Yangon City,MMR013D001,16.963577270508,96.126937866211,0.0,0.0,35.0,2.2111168,0.125,0.5577766299247742
5360,Mingaladon,Yangon City,MMR013D001,16.963577270508,96.147537231445,0.0,0.0,14.0,0.9976483,0.6499999761581421,0.8004703521728516
5361,Mingaladon,Yangon City,MMR013D001,16.964950561523,96.125564575195,0.0,0.0,37.0,3.9416327,0.07499998807907104,0.21167343854904175
5362,Mingaladon,Yangon City,MMR013D001,16.964951,96.126251,0.0,0.0,35.0,0.9976483,0.125,0.8004703521728516
5363,Mingaladon,Yangon City,MMR013D001,16.964950561523,96.148910522461,0.0,0.0,12.0,1.9091437,0.699999988079071,0.6181712746620178
5364,Mingaladon,Yangon City,MMR013D001,16.966323852539,96.126937866211,0.0,0.0,37.0,2.2111168,0.07499998807907104,0.5577766299247742
5365,Mingaladon,Yangon City,MMR013D001,16.966323852539,96.128311157227,0.0,0.0,39.0,1.3808141,0.02499997615814209,0.7238371968269348
5366,Mingaladon,Yangon City,MMR013D001,16.966323852539,96.147537231445,0.0,0.0,14.0,4.3014402,0.6499999761581421,0.13971197605133057
5367,Mingaladon,Yangon City,MMR013D001,16.967697143555,96.126937866211,0.0,0.0,34.0,2.2111168,0.1499999761581421,0.5577766299247742
5368,Mingaladon,Yangon City,MMR013D001,16.967697143555,96.128311157227,0.0,0.0,39.0,0.9548369,0.02499997615814209,0.8090326189994812
5369,Mingaladon,Yangon City,MMR013D001,16.967697143555,96.147537231445,0.0,0.0,15.0,4.1360445,0.625,0.17279112339019775
5370,Mingaladon,Yangon City,MMR013D001,16.968384,96.126251,0.0,0.0,29.0,5.3264294,0.2749999761581421,0.0
5371,Mingaladon,Yangon City,MMR013D001,16.96907043457,96.126937866211,0.0,0.0,35.0,1.3808141,0.125,0.7238371968269348
5372,Mingaladon,Yangon City,MMR013D001,16.969757,96.147537,0.0,0.0,16.0,1.3808141,0.6000000238418579,0.7238371968269348
5373,Mingaladon,Yangon City,MMR013D001,16.970443725586,96.126937866211,0.0,0.0,36.0,0.9976483,0.10000002384185791,0.8004703521728516
5374,Mingaladon,Yangon City,MMR013D001,16.970443725586,96.147537231445,0.0,0.0,18.0,2.2111168,0.550000011920929,0.5577766299247742
5375,Mingaladon,Yangon City,MMR013D001,16.970667,96.147728,0.0,0.0,20.0,0.0,0.5,1.0
5376,Mingaladon,Yangon City,MMR013D001,16.970948,96.148677,0.0,0.0,14.0,1.3808141,0.6499999761581421,0.7238371968269348
5377,Mingaladon,Yangon City,MMR013D001,16.97113,96.127625,0.0,0.0,36.0,5.1608467,0.10000002384185791,0.0
5378,Mingaladon,Yangon City,MMR013D001,16.971746,96.14756,0.0,0.0,19.0,3.138737,0.5249999761581421,0.37225258350372314
5379,Mingaladon,Yangon City,MMR013D001,16.971791,96.148813,0.0,0.0,16.0,1.9946922,0.6000000238418579,0.6010615825653076
5380,Mingaladon,Yangon City,MMR013D001,16.971817016602,96.115951538086,0.0,0.0,3.0,3.138737,0.925000011920929,0.37225258350372314
5381,Mingaladon,Yangon City,MMR013D001,16.971817016602,96.125564575195,0.0,0.0,43.0,3.9845605,0.0,0.2030879259109497
5382,Mingaladon,Yangon City,MMR013D001,16.972275,96.127853,0.0,0.0,35.0,1.9946922,0.125,0.6010615825653076
5383,Mingaladon,Yangon City,MMR013D001,16.972643,96.137955,0.0,0.0,15.0,1.9946922,0.625,0.6010615825653076
5384,Mingaladon,Yangon City,MMR013D001,16.973190307617,96.111831665039,0.0,0.0,22.0,3.8140574,0.44999998807907104,0.23718851804733276
5385,Mingaladon,Yangon City,MMR013D001,16.973465,96.147537,0.0,0.0,20.0,4.9761953,0.5,0.004760921001434326
5386,Mingaladon,Yangon City,MMR013D001,16.97379,96.142593,0.0,0.0,23.0,0.9976483,0.42500001192092896,0.8004703521728516
5387,Mingaladon,Yangon City,MMR013D001,16.973877,96.147537,0.0,0.0,21.0,2.153755,0.4750000238418579,0.5692490339279175
5388,Mingaladon,Yangon City,MMR013D001,16.97422,96.125565,0.0,0.0,37.0,4.096654,0.07499998807907104,0.18066918849945068
5389,Mingaladon,Yangon City,MMR013D001,16.974563598633,96.12419128418,0.0,0.0,43.0,5.617232,0.0,0.0
5390,Mingaladon,Yangon City,MMR013D001,16.974563598633,96.143417358398,0.0,0.0,25.0,1.9946922,0.375,0.6010615825653076
5391,Mingaladon,Yangon City,MMR013D001,16.975936889648,96.147537231445,0.0,0.0,25.0,1.3808141,0.375,0.7238371968269348
5392,Mingaladon,Yangon City,MMR013D001,16.976287,96.146346,0.0,0.0,29.0,1.9946922,0.2749999761581421,0.6010615825653076
5393,Mingaladon,Yangon City,MMR013D001,16.977310180664,96.147537231445,0.0,0.0,23.0,5.3264294,0.42500001192092896,0.0
5394,Mingaladon,Yangon City,MMR013D001,16.97868347168,96.125564575195,0.0,0.0,38.0,6.0397077,0.050000011920928955,0.0
5395,Mingaladon,Yangon City,MMR013D001,16.97868347168,96.144790649414,0.0,0.0,27.0,5.1608467,0.32499998807907104,0.0
5396,Mingaladon,Yangon City,MMR013D001,16.97868347168,96.14616394043,0.0,0.0,30.0,1.3808141,0.25,0.7238371968269348
5397,Mingaladon,Yangon City,MMR013D001,16.97868347168,96.147537231445,0.0,0.0,23.0,1.9091437,0.42500001192092896,0.6181712746620178
5398,Mingaladon,Yangon City,MMR013D001,16.980056762695,96.13655090332,0.0,0.0,19.0,2.760026,0.5249999761581421,0.44799482822418213
5399,Mingaladon,Yangon City,MMR013D001,16.980056762695,96.139297485352,0.0,0.0,27.0,3.4869568,0.32499998807907104,0.3026086091995239
5400,Mingaladon,Yangon City,MMR013D001,16.980056762695,96.143417358398,0.0,0.0,22.0,0.0,0.44999998807907104,1.0
5401,Mingaladon,Yangon City,MMR013D001,16.980056762695,96.14616394043,0.0,0.0,28.0,2.153755,0.30000001192092896,0.5692490339279175
5402,Mingaladon,Yangon City,MMR013D001,16.980056762695,96.147537231445,0.0,0.0,24.0,1.3808141,0.3999999761581421,0.7238371968269348
5403,Mingaladon,Yangon City,MMR013D001,16.980056762695,96.155776977539,0.0,0.0,15.0,2.2111168,0.625,0.5577766299247742
5404,Mingaladon,Yangon City,MMR013D001,16.980056762695,96.164016723633,0.0,0.0,10.0,5.0660734,0.75,0.0
5405,Mingaladon,Yangon City,MMR013D001,16.980056762695,96.165390014648,0.0,0.0,7.0,0.9976483,0.824999988079071,0.8004703521728516
5406,Mingaladon,Yangon City,MMR013D001,16.981430053711,96.126937866211,0.0,0.0,41.0,4.096654,0.0,0.18066918849945068
5407,Mingaladon,Yangon City,MMR013D001,16.98143,96.127396,0.0,0.0,44.0,2.862392,0.0,0.42752158641815186
5408,Mingaladon,Yangon City,MMR013D001,16.981853,96.147115,0.0,0.0,25.0,0.9976483,0.375,0.8004703521728516
5409,Mingaladon,Yangon City,MMR013D001,16.982117,96.127625,0.0,0.0,41.0,2.9905288,0.0,0.401894211769104
5410,Mingaladon,Yangon City,MMR013D001,16.982117,96.146851,0.0,0.0,26.0,0.0,0.3500000238418579,1.0
5411,Mingaladon,Yangon City,MMR013D001,16.982803344727,96.126937866211,0.0,0.0,36.0,5.3264294,0.10000002384185791,0.0
5412,Mingaladon,Yangon City,MMR013D001,16.982803344727,96.128311157227,0.0,0.0,34.0,4.415667,0.1499999761581421,0.1168665885925293
5413,Mingaladon,Yangon City,MMR013D001,16.982803344727,96.147537231445,0.0,0.0,25.0,3.9416327,0.375,0.21167343854904175
5414,Mingaladon,Yangon City,MMR013D001,16.983318,96.146679,0.0,0.0,26.0,3.4869568,0.3500000238418579,0.3026086091995239
5415,Mingaladon,Yangon City,MMR013D001,16.984176635742,96.14616394043,0.0,0.0,27.0,3.0307229,0.32499998807907104,0.3938554525375366
5416,Mingaladon,Yangon City,MMR013D001,16.984863,96.127625,0.0,0.0,42.0,2.760026,0.0,0.44799482822418213
5417,Mingaladon,Yangon City,MMR013D001,16.985092,96.145706,0.0,0.0,26.0,1.3808141,0.3500000238418579,0.7238371968269348
5418,Mingaladon,Yangon City,MMR013D001,16.985549926758,96.126937866211,0.0,0.0,42.0,1.3808141,0.0,0.7238371968269348
5419,Mingaladon,Yangon City,MMR013D001,16.985549926758,96.144790649414,0.0,0.0,25.0,0.9976483,0.375,0.8004703521728516
5420,Mingaladon,Yangon City,MMR013D001,16.985549926758,96.14616394043,0.0,0.0,26.0,3.5461073,0.3500000238418579,0.2907785177230835
5421,Mingaladon,Yangon City,MMR013D001,16.986099,96.128311,0.0,0.0,35.0,6.6072006,0.125,0.0
5422,Mingaladon,Yangon City,MMR013D001,16.986237,96.127625,0.0,0.0,40.0,6.1986523,0.0,0.0
5423,Mingaladon,Yangon City,MMR013D001,16.986923217773,96.128311157227,0.0,0.0,33.0,5.964852,0.17500001192092896,0.0
5424,Mingaladon,Yangon City,MMR013D001,16.986923217773,96.144790649414,0.0,0.0,23.0,2.9905288,0.42500001192092896,0.401894211769104
5425,Mingaladon,Yangon City,MMR013D001,16.987708,96.144987,0.0,0.0,24.0,1.3808141,0.3999999761581421,0.7238371968269348
5426,Mingaladon,Yangon City,MMR013D001,16.987747,96.14534,0.0,0.0,23.0,0.9548369,0.42500001192092896,0.8090326189994812
5427,Mingaladon,Yangon City,MMR013D001,16.988296508789,96.126937866211,0.0,0.0,41.0,2.2111168,0.0,0.5577766299247742
5428,Mingaladon,Yangon City,MMR013D001,16.988296508789,96.128311157227,0.0,0.0,32.0,5.3264294,0.19999998807907104,0.0
5429,Mingaladon,Yangon City,MMR013D001,16.988296508789,96.144790649414,0.0,0.0,25.0,1.9946922,0.375,0.6010615825653076
5430,Mingaladon,Yangon City,MMR013D001,16.988754,96.127853,0.0,0.0,40.0,4.9007516,0.0,0.019849658012390137
5431,Mingaladon,Yangon City,MMR013D001,16.989059,96.144791,0.0,0.0,24.0,4.415667,0.3999999761581421,0.1168665885925293
5432,Mingaladon,Yangon City,MMR013D001,16.99104309082,96.129684448242,0.0,0.0,43.0,5.0660734,0.0,0.0
5433,Mingaladon,Yangon City,MMR013D001,16.99104309082,96.131057739258,0.0,0.0,49.0,2.2111168,0.0,0.5577766299247742
5434,Mingaladon,Yangon City,MMR013D001,16.99104309082,96.144790649414,0.0,0.0,22.0,2.9905288,0.44999998807907104,0.401894211769104
5435,Mingaladon,Yangon City,MMR013D001,16.991239,96.144594,0.0,0.0,18.0,1.3808141,0.550000011920929,0.7238371968269348
5436,Mingaladon,Yangon City,MMR013D001,16.992416381836,96.131057739258,0.0,0.0,47.0,2.9905288,0.0,0.401894211769104
5437,Mingaladon,Yangon City,MMR013D001,16.992416381836,96.144790649414,0.0,0.0,20.0,3.4869568,0.5,0.3026086091995239
5438,Mingaladon,Yangon City,MMR013D001,16.992839,96.145002,0.0,0.0,22.0,2.760026,0.44999998807907104,0.44799482822418213
5439,Mingaladon,Yangon City,MMR013D001,16.993789672852,96.131057739258,0.0,0.0,47.0,4.415667,0.0,0.1168665885925293
5440,Mingaladon,Yangon City,MMR013D001,16.993789672852,96.144790649414,0.0,0.0,18.0,3.138737,0.550000011920929,0.37225258350372314
5441,Mingaladon,Yangon City,MMR013D001,16.994476,96.142044,0.0,0.0,25.0,0.9548369,0.375,0.8090326189994812
5442,Mingaladon,Yangon City,MMR013D001,16.99482,96.144104,0.0,0.0,13.0,1.9091437,0.675000011920929,0.6181712746620178
5443,Mingaladon,Yangon City,MMR013D001,16.9958,96.134333,0.0,0.0,31.0,5.507302,0.2250000238418579,0.0
5444,Mingaladon,Yangon City,MMR013D001,16.996326,96.140434,0.0,0.0,24.0,0.9548369,0.3999999761581421,0.8090326189994812
5445,Mingaladon,Yangon City,MMR013D001,16.996443,96.136978,0.0,0.0,25.0,2.153755,0.375,0.5692490339279175
5446,Mingaladon,Yangon City,MMR013D001,16.996536254883,96.129684448242,0.0,0.0,45.0,1.3808141,0.0,0.7238371968269348
5447,Mingaladon,Yangon City,MMR013D001,16.996536254883,96.131057739258,0.0,0.0,41.0,3.4869568,0.0,0.3026086091995239
5448,Mingaladon,Yangon City,MMR013D001,16.996536254883,96.144790649414,0.0,0.0,12.0,8.554933,0.699999988079071,0.0
5449,Mingaladon,Yangon City,MMR013D001,16.996683,96.131906,0.0,0.0,41.0,1.3808141,0.0,0.7238371968269348
5450,Mingaladon,Yangon City,MMR013D001,16.99672,96.138169,0.0,0.0,24.0,0.9548369,0.3999999761581421,0.8090326189994812
5451,Mingaladon,Yangon City,MMR013D001,16.997211,96.130127,0.0,0.0,43.0,7.2024827,0.0,0.0
5452,Mingaladon,Yangon City,MMR013D001,16.997223,96.144791,0.0,0.0,16.0,0.0,0.6000000238418579,1.0
5453,Mingaladon,Yangon City,MMR013D001,16.997554,96.133061,0.0,0.0,37.0,1.9946922,0.07499998807907104,0.6010615825653076
5454,Mingaladon,Yangon City,MMR013D001,16.997909545898,96.129684448242,0.0,0.0,45.0,4.9761953,0.0,0.004760921001434326
5455,Mingaladon,Yangon City,MMR013D001,16.997909545898,96.144790649414,0.0,0.0,16.0,3.5461073,0.6000000238418579,0.2907785177230835
5456,Mingaladon,Yangon City,MMR013D001,16.998138,96.130142,0.0,0.0,40.0,8.151844,0.0,0.0
5457,Mingaladon,Yangon City,MMR013D001,16.998825,96.158067,0.0,0.0,5.0,2.153755,0.875,0.5692490339279175
5458,Mingaladon,Yangon City,MMR013D001,16.999282836914,96.144790649414,0.0,0.0,15.0,1.3808141,0.625,0.7238371968269348
5459,Mingaladon,Yangon City,MMR013D001,17.00065612793,96.122817993164,0.0,0.0,42.0,0.9976483,0.0,0.8004703521728516
5460,Mingaladon,Yangon City,MMR013D001,17.00065612793,96.129684448242,0.0,0.0,48.0,3.0307229,0.0,0.3938554525375366
5461,Mingaladon,Yangon City,MMR013D001,17.001228,96.144791,0.0,0.0,15.0,5.1608467,0.625,0.0
5462,Mingaladon,Yangon City,MMR013D001,17.002029418945,96.144790649414,0.0,0.0,18.0,3.138737,0.550000011920929,0.37225258350372314
5463,Mingaladon,Yangon City,MMR013D001,17.003402709961,96.128311157227,0.0,0.0,41.0,7.9867764,0.0,0.0
5464,Mingaladon,Yangon City,MMR013D001,17.003402709961,96.144790649414,0.0,0.0,15.0,2.2111168,0.625,0.5577766299247742
5465,Mingaladon,Yangon City,MMR013D001,17.004776000977,96.128311157227,0.0,0.0,38.0,6.6072006,0.050000011920928955,0.0
5466,Mingaladon,Yangon City,MMR013D001,17.004776000977,96.144790649414,0.0,0.0,14.0,1.9091437,0.6499999761581421,0.6181712746620178
5467,Mingaladon,Yangon City,MMR013D001,17.005792,96.150726,0.0,0.0,9.0,0.0,0.7749999761581421,1.0
5468,Mingaladon,Yangon City,MMR013D001,17.006149,96.144791,0.0,0.0,13.0,3.0307229,0.675000011920929,0.3938554525375366
5469,Mingaladon,Yangon City,MMR013D001,17.006654,96.117312,0.0,0.0,24.0,5.3264294,0.3999999761581421,0.0
5470,Mingaladon,Yangon City,MMR013D001,17.007522583008,96.128311157227,0.0,0.0,47.0,6.2581224,0.0,0.0
5471,Mingaladon,Yangon City,MMR013D001,17.007522583008,96.144790649414,0.0,0.0,12.0,2.760026,0.699999988079071,0.44799482822418213
5472,Mingaladon,Yangon City,MMR013D001,17.008209,96.128311,0.0,0.0,48.0,2.2111168,0.0,0.5577766299247742
5473,Mingaladon,Yangon City,MMR013D001,17.008895874023,96.126937866211,0.0,0.0,42.0,7.9309487,0.0,0.0
5474,Mingaladon,Yangon City,MMR013D001,17.008895874023,96.153030395508,0.0,0.0,8.0,2.153755,0.800000011920929,0.5692490339279175
5475,Mingaladon,Yangon City,MMR013D001,17.010157,96.143867,0.0,0.0,16.0,5.0660734,0.6000000238418579,0.0
5476,Mingaladon,Yangon City,MMR013D001,17.010269165039,96.144790649414,0.0,0.0,15.0,3.4869568,0.625,0.3026086091995239
5477,Mingaladon,Yangon City,MMR013D001,17.010544,96.145203,0.0,0.0,17.0,3.8140574,0.574999988079071,0.23718851804733276
5478,Mingaladon,Yangon City,MMR013D001,17.010956,96.128311,0.0,0.0,50.0,1.3808141,0.0,0.7238371968269348
5479,Mingaladon,Yangon City,MMR013D001,17.011337,96.147317,0.0,0.0,15.0,2.153755,0.625,0.5692490339279175
5480,Mingaladon,Yangon City,MMR013D001,17.011642456055,96.131057739258,0.0,0.0,25.0,3.5461073,0.375,0.2907785177230835
5481,Mingaladon,Yangon City,MMR013D001,17.011642456055,96.14616394043,0.0,0.0,12.0,0.9976483,0.699999988079071,0.8004703521728516
5482,Mingaladon,Yangon City,MMR013D001,17.015305,96.141585,0.0,0.0,18.0,4.096654,0.550000011920929,0.18066918849945068
5483,Mingaladon,Yangon City,MMR013D001,17.015762329102,96.128311157227,0.0,0.0,40.0,2.760026,0.0,0.44799482822418213
5484,Mingaladon,Yangon City,MMR013D001,17.015762329102,96.129684448242,0.0,0.0,37.0,1.3808141,0.07499998807907104,0.7238371968269348
5485,Mingaladon,Yangon City,MMR013D001,17.015762,96.130371,0.0,0.0,41.0,2.2111168,0.0,0.5577766299247742
5486,Mingaladon,Yangon City,MMR013D001,17.015762329102,96.14616394043,0.0,0.0,15.0,0.9976483,0.625,0.8004703521728516
5487,Mingaladon,Yangon City,MMR013D001,17.017135620117,96.129684448242,0.0,0.0,48.0,6.7274427,0.0,0.0
5488,Mingaladon,Yangon City,MMR013D001,17.017135620117,96.131057739258,0.0,0.0,49.0,0.0,0.0,1.0
5489,Mingaladon,Yangon City,MMR013D001,17.017135620117,96.14616394043,0.0,0.0,11.0,2.760026,0.7250000238418579,0.44799482822418213
5490,Mingaladon,Yangon City,MMR013D001,17.018508911133,96.131057739258,0.0,0.0,57.0,4.9007516,0.0,0.019849658012390137
5491,Mingaladon,Yangon City,MMR013D001,17.019882202148,96.131057739258,0.0,0.0,44.0,4.096654,0.0,0.18066918849945068
5492,Mingaladon,Yangon City,MMR013D001,17.019882202148,96.133804321289,0.0,0.0,47.0,3.5461073,0.0,0.2907785177230835
5493,Mingaladon,Yangon City,MMR013D001,17.019882202148,96.140670776367,0.0,0.0,21.0,1.9091437,0.4750000238418579,0.6181712746620178
5494,Mingaladon,Yangon City,MMR013D001,17.019882202148,96.148910522461,0.0,0.0,8.0,0.9548369,0.800000011920929,0.8090326189994812
5495,Mingaladon,Yangon City,MMR013D001,17.020667,96.148943,0.0,0.0,3.0,4.9007516,0.925000011920929,0.019849658012390137
5496,Mingaladon,Yangon City,MMR013D001,17.021255493164,96.133804321289,0.0,0.0,47.0,1.9946922,0.0,0.6010615825653076
5497,Mingaladon,Yangon City,MMR013D001,17.021942,96.122818,0.0,0.0,37.0,2.760026,0.07499998807907104,0.44799482822418213
5498,Mingaladon,Yangon City,MMR013D001,17.02262878418,96.133804321289,0.0,0.0,44.0,3.4869568,0.0,0.3026086091995239
5499,Mingaladon,Yangon City,MMR013D001,17.02262878418,96.135177612305,0.0,0.0,38.0,4.3014402,0.050000011920928955,0.13971197605133057
5500,Mingaladon,Yangon City,MMR013D001,17.02262878418,96.139297485352,0.0,0.0,23.0,4.1360445,0.42500001192092896,0.17279112339019775
5501,Mingaladon,Yangon City,MMR013D001,17.02262878418,96.150283813477,0.0,0.0,5.0,1.9091437,0.875,0.6181712746620178
5502,Mingaladon,Yangon City,MMR013D001,17.024002075195,96.133804321289,0.0,0.0,36.0,0.9976483,0.10000002384185791,0.8004703521728516
5503,Mingaladon,Yangon City,MMR013D001,17.024002075195,96.150283813477,0.0,0.0,8.0,3.138737,0.800000011920929,0.37225258350372314
5504,Mingaladon,Yangon City,MMR013D001,17.025375366211,96.125564575195,0.0,0.0,31.0,6.9418087,0.2250000238418579,0.0
5505,Mingaladon,Yangon City,MMR013D001,17.025375366211,96.133804321289,0.0,0.0,39.0,5.3264294,0.02499997615814209,0.0
5506,Mingaladon,Yangon City,MMR013D001,17.025681,96.150894,0.0,0.0,8.0,2.2111168,0.800000011920929,0.5577766299247742
5507,Mingaladon,Yangon City,MMR013D001,17.026748657227,96.133804321289,0.0,0.0,41.0,3.9845605,0.0,0.2030879259109497
5508,Mingaladon,Yangon City,MMR013D001,17.026749,96.134628,0.0,0.0,34.0,2.2111168,0.1499999761581421,0.5577766299247742
5509,Mingaladon,Yangon City,MMR013D001,17.027435,96.131058,0.0,0.0,44.0,2.2111168,0.0,0.5577766299247742
5510,Mingaladon,Yangon City,MMR013D001,17.028121948242,96.132431030273,0.0,0.0,47.0,4.8660283,0.0,0.02679431438446045
5511,Mingaladon,Yangon City,MMR013D001,17.028121948242,96.133804321289,0.0,0.0,37.0,4.415667,0.07499998807907104,0.1168665885925293
5512,Mingaladon,Yangon City,MMR013D001,17.029495239258,96.132431030273,0.0,0.0,42.0,4.9007516,0.0,0.019849658012390137
5513,Mingaladon,Yangon City,MMR013D001,17.030868530273,96.132431030273,0.0,0.0,38.0,2.760026,0.050000011920928955,0.44799482822418213
5514,Mingaladon,Yangon City,MMR013D001,17.031555,96.15303,0.0,0.0,8.0,2.760026,0.800000011920929,0.44799482822418213
5515,Mingaladon,Yangon City,MMR013D001,17.032241821289,96.131057739258,0.0,0.0,42.0,4.8660283,0.0,0.02679431438446045
5516,Mingaladon,Yangon City,MMR013D001,17.032241821289,96.151657104492,0.0,0.0,9.0,2.760026,0.7749999761581421,0.44799482822418213
5517,Mingaladon,Yangon City,MMR013D001,17.032559,96.151657,0.0,0.0,7.0,2.153755,0.824999988079071,0.5692490339279175
5518,Mingaladon,Yangon City,MMR013D001,17.0327,96.151657,0.0,0.0,7.0,0.9976483,0.824999988079071,0.8004703521728516
5519,Mingaladon,Yangon City,MMR013D001,17.033615112305,96.131057739258,0.0,0.0,41.0,3.138737,0.0,0.37225258350372314
5520,Mingaladon,Yangon City,MMR013D001,17.033615112305,96.132431030273,0.0,0.0,38.0,2.153755,0.050000011920928955,0.5692490339279175
5521,Mingaladon,Yangon City,MMR013D001,17.033615112305,96.133804321289,0.0,0.0,29.0,1.3808141,0.2749999761581421,0.7238371968269348
5522,Mingaladon,Yangon City,MMR013D001,17.033615112305,96.153030395508,0.0,0.0,6.0,4.3014402,0.8500000238418579,0.13971197605133057
5523,Mingaladon,Yangon City,MMR013D001,17.034302,96.131058,0.0,0.0,42.0,2.2111168,0.0,0.5577766299247742
5524,Mingaladon,Yangon City,MMR013D001,17.03498840332,96.131057739258,0.0,0.0,40.0,3.138737,0.0,0.37225258350372314
5525,Mingaladon,Yangon City,MMR013D001,17.03498820166,96.13243101513648,0.0,0.0,38.0,1.9946922,0.050000011920928955,0.6010615825653076
5526,Mingaladon,Yangon City,MMR013D001,17.036191,96.160629,0.0,0.0,8.0,2.153755,0.800000011920929,0.5692490339279175
5527,Mingaladon,Yangon City,MMR013D001,17.036361694336,96.131057739258,0.0,0.0,40.0,4.415667,0.0,0.1168665885925293
5528,Mingaladon,Yangon City,MMR013D001,17.036361694336,96.132431030273,0.0,0.0,36.0,1.3808141,0.10000002384185791,0.7238371968269348
5529,Mingaladon,Yangon City,MMR013D001,17.036361694336,96.155776977539,0.0,0.0,8.0,2.153755,0.800000011920929,0.5692490339279175
5530,Mingaladon,Yangon City,MMR013D001,17.037734985352,96.131057739258,0.0,0.0,40.0,3.5461073,0.0,0.2907785177230835
5531,Mingaladon,Yangon City,MMR013D001,17.037735,96.137237,0.0,0.0,18.0,0.9976483,0.550000011920929,0.8004703521728516
5532,Mingaladon,Yangon City,MMR013D001,17.039108276367,96.128311157227,0.0,0.0,35.0,7.2845483,0.125,0.0
5533,Mingaladon,Yangon City,MMR013D001,17.039108,96.130371,0.0,0.0,37.0,4.3014402,0.07499998807907104,0.13971197605133057
5534,Mingaladon,Yangon City,MMR013D001,17.039108276367,96.131057739258,0.0,0.0,36.0,2.760026,0.10000002384185791,0.44799482822418213
5535,Mingaladon,Yangon City,MMR013D001,17.040481567383,96.132431030273,0.0,0.0,28.0,6.0445805,0.30000001192092896,0.0
5536,Mingaladon,Yangon City,MMR013D001,17.040482,96.151657,0.0,0.0,7.0,2.153755,0.824999988079071,0.5692490339279175
5537,Mingaladon,Yangon City,MMR013D001,17.040481567383,96.157150268555,0.0,0.0,6.0,3.9416327,0.8500000238418579,0.21167343854904175
5538,Mingaladon,Yangon City,MMR013D001,17.041854858398,96.132431030273,0.0,0.0,28.0,0.9548369,0.30000001192092896,0.8090326189994812
5539,Mingaladon,Yangon City,MMR013D001,17.041854858398,96.133804321289,0.0,0.0,22.0,0.0,0.44999998807907104,1.0
5540,Mingaladon,Yangon City,MMR013D001,17.041854858398,96.135177612305,0.0,0.0,22.0,1.3808141,0.44999998807907104,0.7238371968269348
5541,Mingaladon,Yangon City,MMR013D001,17.041854858398,96.148910522461,0.0,0.0,2.0,3.5461073,0.949999988079071,0.2907785177230835
5542,Mingaladon,Yangon City,MMR013D001,17.041855,96.15818,0.0,0.0,7.0,2.760026,0.824999988079071,0.44799482822418213
5543,Mingaladon,Yangon City,MMR013D001,17.043228149414,96.120071411133,0.0,0.0,51.0,2.760026,0.0,0.44799482822418213
5544,Mingaladon,Yangon City,MMR013D001,17.043228149414,96.129684448242,0.0,0.0,35.0,2.153755,0.125,0.5692490339279175
5545,Mingaladon,Yangon City,MMR013D001,17.043228149414,96.131057739258,0.0,0.0,30.0,3.138737,0.25,0.37225258350372314
5546,Mingaladon,Yangon City,MMR013D001,17.043228149414,96.132431030273,0.0,0.0,28.0,1.3808141,0.30000001192092896,0.7238371968269348
5547,Mingaladon,Yangon City,MMR013D001,17.043228149414,96.133804321289,0.0,0.0,25.0,0.9548369,0.375,0.8090326189994812
5548,Mingaladon,Yangon City,MMR013D001,17.043228149414,96.135177612305,0.0,0.0,19.0,0.9548369,0.5249999761581421,0.8090326189994812
5549,Mingaladon,Yangon City,MMR013D001,17.043228149414,96.15852355957,0.0,0.0,7.0,0.9548369,0.824999988079071,0.8090326189994812
5550,Mingaladon,Yangon City,MMR013D001,17.043558,96.159018,0.0,0.0,8.0,3.5461073,0.800000011920929,0.2907785177230835
5551,Mingaladon,Yangon City,MMR013D001,17.043915,96.135864,0.0,0.0,19.0,3.5461073,0.5249999761581421,0.2907785177230835
5552,Mingaladon,Yangon City,MMR013D001,17.04460144043,96.109085083008,0.0,0.0,41.0,0.9976483,0.0,0.8004703521728516
5553,Mingaladon,Yangon City,MMR013D001,17.044602,96.115265,0.0,0.0,51.0,2.760026,0.0,0.44799482822418213
5554,Mingaladon,Yangon City,MMR013D001,17.04460144043,96.125564575195,0.0,0.0,34.0,0.9548369,0.1499999761581421,0.8090326189994812
5555,Mingaladon,Yangon City,MMR013D001,17.04460144043,96.126937866211,0.0,0.0,40.0,1.9946922,0.0,0.6010615825653076
5556,Mingaladon,Yangon City,MMR013D001,17.04460144043,96.129684448242,0.0,0.0,31.0,2.153755,0.2250000238418579,0.5692490339279175
5557,Mingaladon,Yangon City,MMR013D001,17.04460144043,96.131057739258,0.0,0.0,28.0,0.9976483,0.30000001192092896,0.8004703521728516
5558,Mingaladon,Yangon City,MMR013D001,17.04460144043,96.135177612305,0.0,0.0,22.0,2.2111168,0.44999998807907104,0.5577766299247742
5559,Mingaladon,Yangon City,MMR013D001,17.044601,96.136208,0.0,0.0,16.0,1.9946922,0.6000000238418579,0.6010615825653076
5560,Mingaladon,Yangon City,MMR013D001,17.044601720215,96.158523279785,0.0,0.0,8.0,1.9091437,0.800000011920929,0.6181712746620178
5561,Mingaladon,Yangon City,MMR013D001,17.045288,96.126938,0.0,0.0,39.0,3.8140574,0.02499997615814209,0.23718851804733276
5562,Mingaladon,Yangon City,MMR013D001,17.045974731445,96.093978881836,0.0,0.0,25.0,2.9905288,0.375,0.401894211769104
5563,Mingaladon,Yangon City,MMR013D001,17.045974731445,96.126937866211,0.0,0.0,35.0,3.0307229,0.125,0.3938554525375366
5564,Mingaladon,Yangon City,MMR013D001,17.045974731445,96.128311157227,0.0,0.0,35.0,3.138737,0.125,0.37225258350372314
5565,Mingaladon,Yangon City,MMR013D001,17.0459748657225,96.139297242676,0.0,0.0,11.0,3.138737,0.7250000238418579,0.37225258350372314
5566,Mingaladon,Yangon City,MMR013D001,17.045974731445,96.159896850586,0.0,0.0,6.0,0.0,0.8500000238418579,1.0
5567,Mingaladon,Yangon City,MMR013D001,17.046432,96.13884,0.0,0.0,14.0,3.138737,0.6499999761581421,0.37225258350372314
5568,Mingaladon,Yangon City,MMR013D001,17.046662,96.135864,0.0,0.0,19.0,0.9548369,0.5249999761581421,0.8090326189994812
5569,Mingaladon,Yangon City,MMR013D001,17.047348,96.138611,0.0,0.0,12.0,3.138737,0.699999988079071,0.37225258350372314
5570,Mingaladon,Yangon City,MMR013D001,17.047348022461,96.140670776367,0.0,0.0,10.0,2.9905288,0.75,0.401894211769104
5571,Mingaladon,Yangon City,MMR013D001,17.048035,96.156464,0.0,0.0,7.0,1.3808141,0.824999988079071,0.7238371968269348
5572,Mingaladon,Yangon City,MMR013D001,17.048721313477,96.120071411133,0.0,0.0,35.0,2.2111168,0.125,0.5577766299247742
5573,Mingaladon,Yangon City,MMR013D001,17.048721313477,96.142044067383,0.0,0.0,10.0,2.153755,0.75,0.5692490339279175
5574,Mingaladon,Yangon City,MMR013D001,17.049637,96.161728,0.0,0.0,7.0,0.0,0.824999988079071,1.0
5575,Mingaladon,Yangon City,MMR013D001,17.050094604492,96.143417358398,0.0,0.0,8.0,1.3808141,0.800000011920929,0.7238371968269348
5576,Mingaladon,Yangon City,MMR013D001,17.050094604492,96.153030395508,0.0,0.0,7.0,3.138737,0.824999988079071,0.37225258350372314
5577,Mingaladon,Yangon City,MMR013D001,17.050094604492,96.161270141602,0.0,0.0,7.0,1.9091437,0.824999988079071,0.6181712746620178
5578,Mingaladon,Yangon City,MMR013D001,17.050095,96.142044,0.0,0.0,8.0,2.760026,0.800000011920929,0.44799482822418213
5579,Mingaladon,Yangon City,MMR013D001,17.050365,96.16181,0.0,0.0,8.0,2.9905288,0.800000011920929,0.401894211769104
5580,Mingaladon,Yangon City,MMR013D001,17.050781,96.16127,0.0,0.0,7.0,1.3808141,0.824999988079071,0.7238371968269348
5581,Mingaladon,Yangon City,MMR013D001,17.051467895508,96.144790649414,0.0,0.0,8.0,1.3808141,0.800000011920929,0.7238371968269348
5582,Mingaladon,Yangon City,MMR013D001,17.051467895508,96.162643432617,0.3333333333333333,1.0,7.0,2.2111168,0.824999988079071,0.5577766299247742
5583,Mingaladon,Yangon City,MMR013D001,17.052207,96.163066,0.3333333333333333,1.0,5.0,0.9976483,0.875,0.8004703521728516
5584,Mingaladon,Yangon City,MMR013D001,17.052231,96.163101,0.3333333333333333,1.0,5.0,0.9976483,0.875,0.8004703521728516
5585,Mingaladon,Yangon City,MMR013D001,17.052841186523,96.148910522461,0.0,0.0,8.0,0.9976483,0.800000011920929,0.8004703521728516
5586,Mingaladon,Yangon City,MMR013D001,17.053528,96.148224,0.0,0.0,8.0,0.0,0.800000011920929,1.0
5587,Mingaladon,Yangon City,MMR013D001,17.053555,96.128258,0.0,0.0,18.0,7.612252,0.550000011920929,0.0
5588,Mingaladon,Yangon City,MMR013D001,17.054214477539,96.150283813477,0.0,0.0,9.0,1.9946922,0.7749999761581421,0.6010615825653076
5589,Mingaladon,Yangon City,MMR013D001,17.054489,96.163948,0.3333333333333333,1.0,7.0,0.0,0.824999988079071,1.0
5590,Mingaladon,Yangon City,MMR013D001,17.055587768555,96.151657104492,0.0,0.0,7.0,2.862392,0.824999988079071,0.42752158641815186
5591,Mingaladon,Yangon City,MMR013D001,17.056046,96.164932,0.0,0.0,7.0,1.9091437,0.824999988079071,0.6181712746620178
5592,Mingaladon,Yangon City,MMR013D001,17.05696105957,96.118698120117,0.0,0.0,22.0,3.138737,0.44999998807907104,0.37225258350372314
5593,Mingaladon,Yangon City,MMR013D001,17.05696105957,96.165390014648,0.0,0.0,7.0,3.138737,0.824999988079071,0.37225258350372314
5594,Mingaladon,Yangon City,MMR013D001,17.058334350586,96.154403686523,0.0,0.0,5.0,0.9548369,0.875,0.8090326189994812
5595,Mingaladon,Yangon City,MMR013D001,17.058334350586,96.157150268555,0.0,0.0,6.0,1.9091437,0.8500000238418579,0.6181712746620178
5596,Mingaladon,Yangon City,MMR013D001,17.058334350586,96.165390014648,0.0,0.0,9.0,5.3264294,0.7749999761581421,0.0
5597,Mingaladon,Yangon City,MMR013D001,17.059364,96.16642,0.0,0.0,8.0,0.9976483,0.800000011920929,0.8004703521728516
5598,Mingaladon,Yangon City,MMR013D001,17.059707641602,96.157150268555,0.3333333333333333,1.0,10.0,0.9976483,0.75,0.8004703521728516
5599,Mingaladon,Yangon City,MMR013D001,17.059707641602,96.15852355957,0.0,0.0,7.0,2.153755,0.824999988079071,0.5692490339279175
5600,Mingaladon,Yangon City,MMR013D001,17.059707641602,96.161270141602,0.0,0.0,8.0,1.3808141,0.800000011920929,0.7238371968269348
5601,Mingaladon,Yangon City,MMR013D001,17.059707641602,96.166763305664,0.0,0.0,5.0,0.9976483,0.875,0.8004703521728516
5602,Mingaladon,Yangon City,MMR013D001,17.060165,96.158981,0.0,0.0,7.0,5.1608467,0.824999988079071,0.0
5603,Mingaladon,Yangon City,MMR013D001,17.060394,96.16539,0.0,0.0,4.0,2.760026,0.8999999761581421,0.44799482822418213
5604,Mingaladon,Yangon City,MMR013D001,17.061080932617,96.166763305664,0.0,0.0,6.0,0.9548369,0.8500000238418579,0.8090326189994812
5605,Mingaladon,Yangon City,MMR013D001,17.062454223633,96.166763305664,0.0,0.0,10.0,4.3014402,0.75,0.13971197605133057
5606,Mingaladon,Yangon City,MMR013D001,17.063827514648,96.164016723633,0.0,0.0,7.0,0.9548369,0.824999988079071,0.8090326189994812
5607,Mingaladon,Yangon City,MMR013D001,17.063827514648,96.166763305664,0.0,0.0,8.0,0.0,0.800000011920929,1.0
5608,Mingaladon,Yangon City,MMR013D001,17.063827514648,96.16813659668,0.0,0.0,6.0,2.153755,0.8500000238418579,0.5692490339279175
5609,Mingaladon,Yangon City,MMR013D001,17.064651,96.166763,0.0,0.0,7.0,1.3808141,0.824999988079071,0.7238371968269348
5610,Mingaladon,Yangon City,MMR013D001,17.065200805664,96.165390014648,0.0,0.0,6.0,2.2111168,0.8500000238418579,0.5577766299247742
5611,Mingaladon,Yangon City,MMR013D001,17.065200805664,96.166763305664,0.0,0.0,7.0,1.3808141,0.824999988079071,0.7238371968269348
5612,Mingaladon,Yangon City,MMR013D001,17.065887,96.166763,0.0,0.0,7.0,2.9905288,0.824999988079071,0.401894211769104
5613,Mingaladon,Yangon City,MMR013D001,17.066025,96.167862,0.0,0.0,6.0,1.3808141,0.8500000238418579,0.7238371968269348
5614,Mingaladon,Yangon City,MMR013D001,17.06657409668,96.166763305664,0.0,0.0,4.0,0.0,0.8999999761581421,1.0
5615,Mingaladon,Yangon City,MMR013D001,17.067532,96.114845,0.0,0.0,22.0,7.909878,0.44999998807907104,0.0
5616,Mingaladon,Yangon City,MMR013D001,17.067693,96.132711,0.0,0.0,12.0,0.9548369,0.699999988079071,0.8090326189994812
5617,Mingaladon,Yangon City,MMR013D001,17.070693969727,96.111831665039,0.0,0.0,16.0,1.9091437,0.6000000238418579,0.6181712746620178
5618,Mingaladon,Yangon City,MMR013D001,17.074813842773,96.109085083008,0.0,0.0,19.0,1.3808141,0.5249999761581421,0.7238371968269348
5619,Mingaladon,Yangon City,MMR013D001,17.076187133789,96.107711791992,0.0,0.0,21.0,1.9091437,0.4750000238418579,0.6181712746620178
5620,Mingalartaungnyunt,Yangon City,MMR013D002,16.779213,96.163673,0.0,0.0,18.0,7.6583467,0.550000011920929,0.0
5621,Mingalartaungnyunt,Yangon City,MMR013D002,16.779327,96.16333,0.0,0.0,15.0,4.8660283,0.625,0.02679431438446045
5622,Mingalartaungnyunt,Yangon City,MMR013D002,16.779442,96.164875,0.0,0.0,15.0,3.9845605,0.625,0.2030879259109497
5623,Mingalartaungnyunt,Yangon City,MMR013D002,16.779556,96.15921,0.0,0.0,15.0,3.9416327,0.625,0.21167343854904175
5624,Mingalartaungnyunt,Yangon City,MMR013D002,16.779556274414,96.159896850586,0.0,0.0,14.0,4.3014402,0.6499999761581421,0.13971197605133057
5625,Mingalartaungnyunt,Yangon City,MMR013D002,16.779556,96.160583,0.0,0.0,12.0,2.9905288,0.699999988079071,0.401894211769104
5626,Mingalartaungnyunt,Yangon City,MMR013D002,16.779556274414,96.161270141602,0.0,0.0,14.0,6.437088,0.6499999761581421,0.0
5627,Mingalartaungnyunt,Yangon City,MMR013D002,16.779556,96.162369,0.0,0.0,11.0,3.9416327,0.7250000238418579,0.21167343854904175
5628,Mingalartaungnyunt,Yangon City,MMR013D002,16.779556274414,96.162643432617,0.0,0.0,10.0,3.8140574,0.75,0.23718851804733276
5629,Mingalartaungnyunt,Yangon City,MMR013D002,16.779556274414,96.164016723633,0.0,0.0,12.0,3.4869568,0.699999988079071,0.3026086091995239
5630,Mingalartaungnyunt,Yangon City,MMR013D002,16.779831,96.161636,0.0,0.0,8.0,1.3808141,0.800000011920929,0.7238371968269348
5631,Mingalartaungnyunt,Yangon City,MMR013D002,16.779949,96.162643,0.0,0.0,9.0,0.0,0.7749999761581421,1.0
5632,Mingalartaungnyunt,Yangon City,MMR013D002,16.780008,96.159947,0.0,0.0,13.0,1.9946922,0.675000011920929,0.6010615825653076
5633,Mingalartaungnyunt,Yangon City,MMR013D002,16.780167,96.163406,0.0,0.0,11.0,2.862392,0.7250000238418579,0.42752158641815186
5634,Mingalartaungnyunt,Yangon City,MMR013D002,16.780243,96.16127,0.0,0.0,13.0,4.096654,0.675000011920929,0.18066918849945068
5635,Mingalartaungnyunt,Yangon City,MMR013D002,16.780243,96.162643,0.0,0.0,10.0,2.760026,0.75,0.44799482822418213
5636,Mingalartaungnyunt,Yangon City,MMR013D002,16.780341,96.160093,0.0,0.0,12.0,3.138737,0.699999988079071,0.37225258350372314
5637,Mingalartaungnyunt,Yangon City,MMR013D002,16.780357,96.160698,0.0,0.0,12.0,2.2111168,0.699999988079071,0.5577766299247742
5638,Mingalartaungnyunt,Yangon City,MMR013D002,16.780472,96.159439,0.0,0.0,16.0,2.2111168,0.6000000238418579,0.5577766299247742
5639,Mingalartaungnyunt,Yangon City,MMR013D002,16.780586,96.16539,0.0,0.0,10.0,1.9091437,0.75,0.6181712746620178
5640,Mingalartaungnyunt,Yangon City,MMR013D002,16.780758,96.161957,0.0,0.0,13.0,3.4869568,0.675000011920929,0.3026086091995239
5641,Mingalartaungnyunt,Yangon City,MMR013D002,16.78092956543,96.161270141602,0.0,0.0,14.0,0.9976483,0.6499999761581421,0.8004703521728516
5642,Mingalartaungnyunt,Yangon City,MMR013D002,16.78092956543,96.165390014648,0.0,0.0,11.0,3.9845605,0.7250000238418579,0.2030879259109497
5643,Mingalartaungnyunt,Yangon City,MMR013D002,16.78092956543,96.166763305664,0.0,0.0,10.0,3.138737,0.75,0.37225258350372314
5644,Mingalartaungnyunt,Yangon City,MMR013D002,16.781616,96.161957,0.0,0.0,16.0,4.096654,0.6000000238418579,0.18066918849945068
5645,Mingalartaungnyunt,Yangon City,MMR013D002,16.782193,96.168246,0.0,0.0,10.0,1.3808141,0.75,0.7238371968269348
5646,Mingalartaungnyunt,Yangon City,MMR013D002,16.782303,96.160355,0.0,0.0,18.0,3.9845605,0.550000011920929,0.2030879259109497
5647,Mingalartaungnyunt,Yangon City,MMR013D002,16.782302856445,96.161270141602,0.0,0.0,15.0,2.153755,0.625,0.5692490339279175
5648,Mingalartaungnyunt,Yangon City,MMR013D002,16.782302856445,96.162643432617,0.0,0.0,11.0,0.0,0.7250000238418579,1.0
5649,Mingalartaungnyunt,Yangon City,MMR013D002,16.782302856445,96.166763305664,0.0,0.0,14.0,4.9007516,0.6499999761581421,0.019849658012390137
5650,Mingalartaungnyunt,Yangon City,MMR013D002,16.782303,96.16745,0.0,0.0,12.0,1.3808141,0.699999988079071,0.7238371968269348
5651,Mingalartaungnyunt,Yangon City,MMR013D002,16.782302856445,96.16813659668,0.0,0.0,12.0,3.9416327,0.699999988079071,0.21167343854904175
5652,Mingalartaungnyunt,Yangon City,MMR013D002,16.782302856445,96.169509887695,0.0,0.0,9.0,1.3808141,0.7749999761581421,0.7238371968269348
5653,Mingalartaungnyunt,Yangon City,MMR013D002,16.782302856445,96.170883178711,0.0,0.0,8.0,2.2111168,0.800000011920929,0.5577766299247742
5654,Mingalartaungnyunt,Yangon City,MMR013D002,16.782444,96.168774,0.0,0.0,11.0,3.4869568,0.7250000238418579,0.3026086091995239
5655,Mingalartaungnyunt,Yangon City,MMR013D002,16.78299,96.15921,0.0,0.0,20.0,3.138737,0.5,0.37225258350372314
5656,Mingalartaungnyunt,Yangon City,MMR013D002,16.78299,96.168137,0.0,0.0,14.0,0.9548369,0.6499999761581421,0.8090326189994812
5657,Mingalartaungnyunt,Yangon City,MMR013D002,16.78299,96.17363,0.0,0.0,21.0,5.0660734,0.4750000238418579,0.0
5658,Mingalartaungnyunt,Yangon City,MMR013D002,16.783088,96.165586,0.0,0.0,14.0,4.3014402,0.6499999761581421,0.13971197605133057
5659,Mingalartaungnyunt,Yangon City,MMR013D002,16.783127,96.168137,0.0,0.0,13.0,2.862392,0.675000011920929,0.42752158641815186
5660,Mingalartaungnyunt,Yangon City,MMR013D002,16.783127,96.17363,0.0,0.0,22.0,2.2111168,0.44999998807907104,0.5577766299247742
5661,Mingalartaungnyunt,Yangon City,MMR013D002,16.78348,96.16539,0.0,0.0,13.0,0.0,0.675000011920929,1.0
5662,Mingalartaungnyunt,Yangon City,MMR013D002,16.783498,96.162224,0.0,0.0,12.0,3.0307229,0.699999988079071,0.3938554525375366
5663,Mingalartaungnyunt,Yangon City,MMR013D002,16.783499,96.168092,0.0,0.0,11.0,3.0307229,0.7250000238418579,0.3938554525375366
5664,Mingalartaungnyunt,Yangon City,MMR013D002,16.783539,96.16745,0.0,0.0,12.0,5.507302,0.699999988079071,0.0
5665,Mingalartaungnyunt,Yangon City,MMR013D002,16.783676147461,96.15852355957,0.0,0.0,28.0,6.0397077,0.30000001192092896,0.0
5666,Mingalartaungnyunt,Yangon City,MMR013D002,16.783676147461,96.159896850586,0.0,0.0,16.0,4.096654,0.6000000238418579,0.18066918849945068
5667,Mingalartaungnyunt,Yangon City,MMR013D002,16.783676,96.160812,0.0,0.0,11.0,1.3808141,0.7250000238418579,0.7238371968269348
5668,Mingalartaungnyunt,Yangon City,MMR013D002,16.783676147461,96.162643432617,0.0,0.0,13.0,6.1986523,0.675000011920929,0.0
5669,Mingalartaungnyunt,Yangon City,MMR013D002,16.783676147461,96.164016723633,0.0,0.0,15.0,3.5461073,0.625,0.2907785177230835
5670,Mingalartaungnyunt,Yangon City,MMR013D002,16.783676147461,96.165390014648,0.0,0.0,14.0,2.2111168,0.6499999761581421,0.5577766299247742
5671,Mingalartaungnyunt,Yangon City,MMR013D002,16.783676147461,96.166763305664,0.0,0.0,12.0,4.8412433,0.699999988079071,0.03175133466720581
5672,Mingalartaungnyunt,Yangon City,MMR013D002,16.783676,96.16745,0.0,0.0,10.0,2.760026,0.75,0.44799482822418213
5673,Mingalartaungnyunt,Yangon City,MMR013D002,16.783676147461,96.16813659668,0.0,0.0,10.0,1.3808141,0.75,0.7238371968269348
5674,Mingalartaungnyunt,Yangon City,MMR013D002,16.783676147461,96.169509887695,0.0,0.0,13.0,1.3808141,0.675000011920929,0.7238371968269348
5675,Mingalartaungnyunt,Yangon City,MMR013D002,16.783676147461,96.170883178711,0.0,0.0,9.0,0.9976483,0.7749999761581421,0.8004703521728516
5676,Mingalartaungnyunt,Yangon City,MMR013D002,16.783676147461,96.172256469727,0.0,0.0,8.0,4.9007516,0.800000011920929,0.019849658012390137
5677,Mingalartaungnyunt,Yangon City,MMR013D002,16.783676147461,96.173629760742,0.0,0.0,12.0,7.737872,0.699999988079071,0.0
5678,Mingalartaungnyunt,Yangon City,MMR013D002,16.783676147461,96.175003051758,0.0,0.0,13.0,4.3014402,0.675000011920929,0.13971197605133057
5679,Mingalartaungnyunt,Yangon City,MMR013D002,16.784134,96.164474,0.0,0.0,13.0,1.3808141,0.675000011920929,0.7238371968269348
5680,Mingalartaungnyunt,Yangon City,MMR013D002,16.784363,96.16333,0.0,0.0,14.0,2.760026,0.6499999761581421,0.44799482822418213
5681,Mingalartaungnyunt,Yangon City,MMR013D002,16.784543,96.168137,0.0,0.0,13.0,2.760026,0.675000011920929,0.44799482822418213
5682,Mingalartaungnyunt,Yangon City,MMR013D002,16.784592,96.172426,0.0,0.0,9.0,3.0307229,0.7749999761581421,0.3938554525375366
5683,Mingalartaungnyunt,Yangon City,MMR013D002,16.784592,96.175003,0.0,0.0,13.0,1.9946922,0.675000011920929,0.6010615825653076
5684,Mingalartaungnyunt,Yangon City,MMR013D002,16.784706,96.15921,0.0,0.0,20.0,3.9416327,0.5,0.21167343854904175
5685,Mingalartaungnyunt,Yangon City,MMR013D002,16.784706,96.17363,0.0,0.0,13.0,2.760026,0.675000011920929,0.44799482822418213
5686,Mingalartaungnyunt,Yangon City,MMR013D002,16.784706,96.175003,0.0,0.0,13.0,2.153755,0.675000011920929,0.5692490339279175
5687,Mingalartaungnyunt,Yangon City,MMR013D002,16.784775,96.165024,0.0,0.0,18.0,3.8140574,0.550000011920929,0.23718851804733276
5688,Mingalartaungnyunt,Yangon City,MMR013D002,16.784775,96.166763,0.0,0.0,13.0,1.3808141,0.675000011920929,0.7238371968269348
5689,Mingalartaungnyunt,Yangon City,MMR013D002,16.784798,96.172539,0.0,0.0,11.0,4.3014402,0.7250000238418579,0.13971197605133057
5690,Mingalartaungnyunt,Yangon City,MMR013D002,16.784821,96.175003,0.0,0.0,13.0,2.153755,0.675000011920929,0.5692490339279175
5691,Mingalartaungnyunt,Yangon City,MMR013D002,16.784853,96.175199,0.0,0.0,13.0,4.3014402,0.675000011920929,0.13971197605133057
5692,Mingalartaungnyunt,Yangon City,MMR013D002,16.785049438477,96.15852355957,0.0,0.0,27.0,4.9761953,0.32499998807907104,0.004760921001434326
5693,Mingalartaungnyunt,Yangon City,MMR013D002,16.785049438477,96.159896850586,0.0,0.0,20.0,3.5461073,0.5,0.2907785177230835
5694,Mingalartaungnyunt,Yangon City,MMR013D002,16.785049438477,96.161270141602,0.0,0.0,10.0,2.153755,0.75,0.5692490339279175
5695,Mingalartaungnyunt,Yangon City,MMR013D002,16.785049438477,96.162643432617,0.0,0.0,18.0,0.0,0.550000011920929,1.0
5696,Mingalartaungnyunt,Yangon City,MMR013D002,16.785049,96.16333,0.0,0.0,15.0,2.153755,0.625,0.5692490339279175
5697,Mingalartaungnyunt,Yangon City,MMR013D002,16.785049438477,96.166763305664,0.0,0.0,11.0,3.0307229,0.7250000238418579,0.3938554525375366
5698,Mingalartaungnyunt,Yangon City,MMR013D002,16.785049,96.167221,0.0,0.0,11.0,2.862392,0.7250000238418579,0.42752158641815186
5699,Mingalartaungnyunt,Yangon City,MMR013D002,16.785049438477,96.16813659668,0.0,0.0,11.0,2.153755,0.7250000238418579,0.5692490339279175
5700,Mingalartaungnyunt,Yangon City,MMR013D002,16.785049438477,96.169509887695,0.0,0.0,10.0,0.9548369,0.75,0.8090326189994812
5701,Mingalartaungnyunt,Yangon City,MMR013D002,16.785049438477,96.173629760742,0.0,0.0,15.0,6.2581224,0.625,0.0
5702,Mingalartaungnyunt,Yangon City,MMR013D002,16.785049438477,96.175003051758,0.0,0.0,15.0,2.2111168,0.625,0.5577766299247742
5703,Mingalartaungnyunt,Yangon City,MMR013D002,16.785164,96.175232,0.0,0.0,15.0,2.153755,0.625,0.5692490339279175
5704,Mingalartaungnyunt,Yangon City,MMR013D002,16.785427,96.172752,0.0,0.0,15.0,5.617232,0.625,0.0
5705,Mingalartaungnyunt,Yangon City,MMR013D002,16.785507,96.158524,0.0,0.0,25.0,2.760026,0.375,0.44799482822418213
5706,Mingalartaungnyunt,Yangon City,MMR013D002,16.785507,96.161728,0.0,0.0,12.0,2.760026,0.699999988079071,0.44799482822418213
5707,Mingalartaungnyunt,Yangon City,MMR013D002,16.785638,96.174611,0.0,0.0,12.0,2.153755,0.699999988079071,0.5692490339279175
5708,Mingalartaungnyunt,Yangon City,MMR013D002,16.785736,96.15921,0.0,0.0,20.0,3.4869568,0.5,0.3026086091995239
5709,Mingalartaungnyunt,Yangon City,MMR013D002,16.785736,96.16745,0.0,0.0,12.0,2.862392,0.699999988079071,0.42752158641815186
5710,Mingalartaungnyunt,Yangon City,MMR013D002,16.785965,96.164932,0.0,0.0,12.0,3.138737,0.699999988079071,0.37225258350372314
5711,Mingalartaungnyunt,Yangon City,MMR013D002,16.786079,96.162643,0.0,0.0,16.0,2.2111168,0.6000000238418579,0.5577766299247742
5712,Mingalartaungnyunt,Yangon City,MMR013D002,16.786267,96.160544,0.0,0.0,15.0,4.096654,0.625,0.18066918849945068
5713,Mingalartaungnyunt,Yangon City,MMR013D002,16.786422729492,96.157150268555,0.0,0.0,24.0,3.5461073,0.3999999761581421,0.2907785177230835
5714,Mingalartaungnyunt,Yangon City,MMR013D002,16.786422729492,96.15852355957,0.0,0.0,19.0,6.9482727,0.5249999761581421,0.0
5715,Mingalartaungnyunt,Yangon City,MMR013D002,16.786422729492,96.161270141602,0.0,0.0,15.0,3.8140574,0.625,0.23718851804733276
5716,Mingalartaungnyunt,Yangon City,MMR013D002,16.786422729492,96.162643432617,0.0,0.0,16.0,0.9548369,0.6000000238418579,0.8090326189994812
5717,Mingalartaungnyunt,Yangon City,MMR013D002,16.786422729492,96.164016723633,0.0,0.0,15.0,2.760026,0.625,0.44799482822418213
5718,Mingalartaungnyunt,Yangon City,MMR013D002,16.786423,96.164703,0.0,0.0,13.0,3.0307229,0.675000011920929,0.3938554525375366
5719,Mingalartaungnyunt,Yangon City,MMR013D002,16.786422729492,96.165390014648,0.0,0.0,14.0,7.594609,0.6499999761581421,0.0
5720,Mingalartaungnyunt,Yangon City,MMR013D002,16.786422729492,96.166763305664,0.0,0.0,12.0,0.9976483,0.699999988079071,0.8004703521728516
5721,Mingalartaungnyunt,Yangon City,MMR013D002,16.786422729492,96.16813659668,0.0,0.0,14.0,0.9548369,0.6499999761581421,0.8090326189994812
5722,Mingalartaungnyunt,Yangon City,MMR013D002,16.786423,96.168961,0.0,0.0,14.0,1.3808141,0.6499999761581421,0.7238371968269348
5723,Mingalartaungnyunt,Yangon City,MMR013D002,16.786422729492,96.169509887695,0.0,0.0,11.0,4.9007516,0.7250000238418579,0.019849658012390137
5724,Mingalartaungnyunt,Yangon City,MMR013D002,16.786422729492,96.172256469727,0.0,0.0,10.0,3.5461073,0.75,0.2907785177230835
5725,Mingalartaungnyunt,Yangon City,MMR013D002,16.786422729492,96.176376342773,0.0,0.0,12.0,4.415667,0.699999988079071,0.1168665885925293
5726,Mingalartaungnyunt,Yangon City,MMR013D002,16.786423,96.177063,0.0,0.0,12.0,2.153755,0.699999988079071,0.5692490339279175
5727,Mingalartaungnyunt,Yangon City,MMR013D002,16.786422729492,96.177749633789,0.0,0.0,10.0,1.3808141,0.75,0.7238371968269348
5728,Mingalartaungnyunt,Yangon City,MMR013D002,16.786467,96.178436,0.0,0.0,10.0,1.3808141,0.75,0.7238371968269348
5729,Mingalartaungnyunt,Yangon City,MMR013D002,16.786606,96.168137,0.0,0.0,13.0,0.9976483,0.675000011920929,0.8004703521728516
5730,Mingalartaungnyunt,Yangon City,MMR013D002,16.786673,96.176636,0.0,0.0,11.0,3.9416327,0.7250000238418579,0.21167343854904175
5731,Mingalartaungnyunt,Yangon City,MMR013D002,16.786702,96.178036,0.0,0.0,9.0,3.138737,0.7749999761581421,0.37225258350372314
5732,Mingalartaungnyunt,Yangon City,MMR013D002,16.786929,96.170723,0.0,0.0,13.0,0.9548369,0.675000011920929,0.8090326189994812
5733,Mingalartaungnyunt,Yangon City,MMR013D002,16.786947,96.170525,0.0,0.0,13.0,0.9548369,0.675000011920929,0.8090326189994812
5734,Mingalartaungnyunt,Yangon City,MMR013D002,16.786985,96.169769,0.0,0.0,14.0,2.2111168,0.6499999761581421,0.5577766299247742
5735,Mingalartaungnyunt,Yangon City,MMR013D002,16.787045,96.176636,0.0,0.0,14.0,4.7636194,0.6499999761581421,0.04727613925933838
5736,Mingalartaungnyunt,Yangon City,MMR013D002,16.787072,96.176578,0.0,0.0,14.0,4.7636194,0.6499999761581421,0.04727613925933838
5737,Mingalartaungnyunt,Yangon City,MMR013D002,16.787109,96.158524,0.0,0.0,17.0,3.8140574,0.574999988079071,0.23718851804733276
5738,Mingalartaungnyunt,Yangon City,MMR013D002,16.787109,96.160584,0.0,0.0,14.0,1.9091437,0.6499999761581421,0.6181712746620178
5739,Mingalartaungnyunt,Yangon City,MMR013D002,16.787109,96.170883,0.0,0.0,14.0,3.5461073,0.6499999761581421,0.2907785177230835
5740,Mingalartaungnyunt,Yangon City,MMR013D002,16.787109,96.172256,0.0,0.0,13.0,3.8140574,0.675000011920929,0.23718851804733276
5741,Mingalartaungnyunt,Yangon City,MMR013D002,16.787132,96.176551,0.0,0.0,16.0,3.0307229,0.6000000238418579,0.3938554525375366
5742,Mingalartaungnyunt,Yangon City,MMR013D002,16.787206,96.163098,0.0,0.0,18.0,1.3808141,0.550000011920929,0.7238371968269348
5743,Mingalartaungnyunt,Yangon City,MMR013D002,16.787404,96.16539,0.0,0.0,13.0,4.096654,0.675000011920929,0.18066918849945068
5744,Mingalartaungnyunt,Yangon City,MMR013D002,16.787521,96.165665,0.0,0.0,11.0,1.9946922,0.7250000238418579,0.6010615825653076
5745,Mingalartaungnyunt,Yangon City,MMR013D002,16.787546,96.167637,0.0,0.0,15.0,3.0307229,0.625,0.3938554525375366
5746,Mingalartaungnyunt,Yangon City,MMR013D002,16.78756,96.176456,0.0,0.0,17.0,2.153755,0.574999988079071,0.5692490339279175
5747,Mingalartaungnyunt,Yangon City,MMR013D002,16.787567,96.165619,0.0,0.0,13.0,4.096654,0.675000011920929,0.18066918849945068
5748,Mingalartaungnyunt,Yangon City,MMR013D002,16.787593,96.168137,0.0,0.0,13.0,2.760026,0.675000011920929,0.44799482822418213
5749,Mingalartaungnyunt,Yangon City,MMR013D002,16.787671,96.16539,0.0,0.0,14.0,6.2581224,0.6499999761581421,0.0
5750,Mingalartaungnyunt,Yangon City,MMR013D002,16.787689,96.170761,0.0,0.0,13.0,6.0397077,0.675000011920929,0.0
5751,Mingalartaungnyunt,Yangon City,MMR013D002,16.787796020508,96.15852355957,0.0,0.0,14.0,2.153755,0.6499999761581421,0.5692490339279175
5752,Mingalartaungnyunt,Yangon City,MMR013D002,16.787796020508,96.162643432617,0.0,0.0,16.0,3.5461073,0.6000000238418579,0.2907785177230835
5753,Mingalartaungnyunt,Yangon City,MMR013D002,16.787796,96.164703,0.0,0.0,17.0,1.3808141,0.574999988079071,0.7238371968269348
5754,Mingalartaungnyunt,Yangon City,MMR013D002,16.787796020508,96.165390014648,0.0,0.0,14.0,6.2581224,0.6499999761581421,0.0
5755,Mingalartaungnyunt,Yangon City,MMR013D002,16.787796,96.165515,0.0,0.0,14.0,6.2581224,0.6499999761581421,0.0
5756,Mingalartaungnyunt,Yangon City,MMR013D002,16.787796020508,96.166763305664,0.0,0.0,14.0,2.2111168,0.6499999761581421,0.5577766299247742
5757,Mingalartaungnyunt,Yangon City,MMR013D002,16.787796020508,96.16813659668,0.0,0.0,16.0,3.0307229,0.6000000238418579,0.3938554525375366
5758,Mingalartaungnyunt,Yangon City,MMR013D002,16.787796020508,96.170883178711,0.0,0.0,13.0,6.0397077,0.675000011920929,0.0
5759,Mingalartaungnyunt,Yangon City,MMR013D002,16.787796020508,96.172256469727,0.0,0.0,13.0,6.6072006,0.675000011920929,0.0
5760,Mingalartaungnyunt,Yangon City,MMR013D002,16.787796020508,96.173629760742,0.0,0.0,17.0,0.0,0.574999988079071,1.0
5761,Mingalartaungnyunt,Yangon City,MMR013D002,16.787796,96.175175,0.0,0.0,21.0,2.760026,0.4750000238418579,0.44799482822418213
5762,Mingalartaungnyunt,Yangon City,MMR013D002,16.787796020508,96.176376342773,0.0,0.0,15.0,5.1608467,0.625,0.0
5763,Mingalartaungnyunt,Yangon City,MMR013D002,16.787796020508,96.177749633789,0.0,0.0,11.0,3.8140574,0.7250000238418579,0.23718851804733276
5764,Mingalartaungnyunt,Yangon City,MMR013D002,16.787968,96.162987,0.0,0.0,17.0,4.096654,0.574999988079071,0.18066918849945068
5765,Mingalartaungnyunt,Yangon City,MMR013D002,16.788071,96.167313,0.0,0.0,16.0,1.9091437,0.6000000238418579,0.6181712746620178
5766,Mingalartaungnyunt,Yangon City,MMR013D002,16.78822,96.159208,0.0,0.0,16.0,1.9091437,0.6000000238418579,0.6181712746620178
5767,Mingalartaungnyunt,Yangon City,MMR013D002,16.788254,96.178818,0.0,0.0,9.0,2.2111168,0.7749999761581421,0.5577766299247742
5768,Mingalartaungnyunt,Yangon City,MMR013D002,16.788281,96.167329,0.0,0.0,18.0,5.7105665,0.550000011920929,0.0
5769,Mingalartaungnyunt,Yangon City,MMR013D002,16.788478,96.159416,0.0,0.0,15.0,0.9548369,0.625,0.8090326189994812
5770,Mingalartaungnyunt,Yangon City,MMR013D002,16.788483,96.159897,0.0,0.0,15.0,2.2111168,0.625,0.5577766299247742
5771,Mingalartaungnyunt,Yangon City,MMR013D002,16.788483,96.160583,0.0,0.0,15.0,0.9976483,0.625,0.8004703521728516
5772,Mingalartaungnyunt,Yangon City,MMR013D002,16.788483,96.165161,0.0,0.0,18.0,2.9905288,0.550000011920929,0.401894211769104
5773,Mingalartaungnyunt,Yangon City,MMR013D002,16.788483,96.16539,0.0,0.0,18.0,1.9946922,0.550000011920929,0.6010615825653076
5774,Mingalartaungnyunt,Yangon City,MMR013D002,16.788483,96.17981,0.0,0.0,7.0,3.138737,0.824999988079071,0.37225258350372314
5775,Mingalartaungnyunt,Yangon City,MMR013D002,16.78849,96.159432,0.0,0.0,15.0,0.9548369,0.625,0.8090326189994812
5776,Mingalartaungnyunt,Yangon City,MMR013D002,16.788642,96.159898,0.0,0.0,15.0,2.2111168,0.625,0.5577766299247742
5777,Mingalartaungnyunt,Yangon City,MMR013D002,16.788712,96.163559,0.0,0.0,16.0,2.760026,0.6000000238418579,0.44799482822418213
5778,Mingalartaungnyunt,Yangon City,MMR013D002,16.788969,96.165924,0.0,0.0,15.0,1.3808141,0.625,0.7238371968269348
5779,Mingalartaungnyunt,Yangon City,MMR013D002,16.789169311523,96.15852355957,0.0,0.0,19.0,4.1360445,0.5249999761581421,0.17279112339019775
5780,Mingalartaungnyunt,Yangon City,MMR013D002,16.789169311523,96.159896850586,0.0,0.0,17.0,3.9416327,0.574999988079071,0.21167343854904175
5781,Mingalartaungnyunt,Yangon City,MMR013D002,16.789169311523,96.161270141602,0.0,0.0,16.0,2.760026,0.6000000238418579,0.44799482822418213
5782,Mingalartaungnyunt,Yangon City,MMR013D002,16.789169311523,96.162643432617,0.0,0.0,14.0,3.0307229,0.6499999761581421,0.3938554525375366
5783,Mingalartaungnyunt,Yangon City,MMR013D002,16.789169311523,96.164016723633,0.0,0.0,13.0,5.0660734,0.675000011920929,0.0
5784,Mingalartaungnyunt,Yangon City,MMR013D002,16.789169311523,96.166763305664,0.0,0.0,19.0,4.9007516,0.5249999761581421,0.019849658012390137
5785,Mingalartaungnyunt,Yangon City,MMR013D002,16.789169311523,96.16813659668,0.0,0.0,18.0,1.3808141,0.550000011920929,0.7238371968269348
5786,Mingalartaungnyunt,Yangon City,MMR013D002,16.789169311523,96.169509887695,0.0,0.0,21.0,1.9091437,0.4750000238418579,0.6181712746620178
5787,Mingalartaungnyunt,Yangon City,MMR013D002,16.789169311523,96.170883178711,0.0,0.0,16.0,2.153755,0.6000000238418579,0.5692490339279175
5788,Mingalartaungnyunt,Yangon City,MMR013D002,16.789169311523,96.173629760742,0.0,0.0,15.0,4.9007516,0.625,0.019849658012390137
5789,Mingalartaungnyunt,Yangon City,MMR013D002,16.789169311523,96.175003051758,0.0,0.0,14.0,3.4869568,0.6499999761581421,0.3026086091995239
5790,Mingalartaungnyunt,Yangon City,MMR013D002,16.789169311523,96.176376342773,0.0,0.0,14.0,2.153755,0.6499999761581421,0.5692490339279175
5791,Mingalartaungnyunt,Yangon City,MMR013D002,16.789169311523,96.177749633789,0.0,0.0,8.0,2.153755,0.800000011920929,0.5692490339279175
5792,Mingalartaungnyunt,Yangon City,MMR013D002,16.789169311523,96.179122924805,0.0,0.0,6.0,3.4869568,0.8500000238418579,0.3026086091995239
5793,Mingalartaungnyunt,Yangon City,MMR013D002,16.789169311523,96.18049621582,0.0,0.0,8.0,4.7636194,0.800000011920929,0.04727613925933838
5794,Mingalartaungnyunt,Yangon City,MMR013D002,16.789169311523,96.181869506836,0.0,0.0,9.0,2.2111168,0.7749999761581421,0.5577766299247742
5795,Mingalartaungnyunt,Yangon City,MMR013D002,16.78919,96.169434,0.0,0.0,21.0,1.9091437,0.4750000238418579,0.6181712746620178
5796,Mingalartaungnyunt,Yangon City,MMR013D002,16.789513,96.175346,0.0,0.0,13.0,3.4869568,0.675000011920929,0.3026086091995239
5797,Mingalartaungnyunt,Yangon City,MMR013D002,16.78953,96.174004,0.0,0.0,17.0,2.2111168,0.574999988079071,0.5577766299247742
5798,Mingalartaungnyunt,Yangon City,MMR013D002,16.789627,96.160355,0.0,0.0,20.0,4.8660283,0.5,0.02679431438446045
5799,Mingalartaungnyunt,Yangon City,MMR013D002,16.789856,96.15921,0.0,0.0,18.0,1.9946922,0.550000011920929,0.6010615825653076
5800,Mingalartaungnyunt,Yangon City,MMR013D002,16.789856,96.16127,0.0,0.0,14.0,5.7959256,0.6499999761581421,0.0
5801,Mingalartaungnyunt,Yangon City,MMR013D002,16.789856,96.162643,0.0,0.0,15.0,2.760026,0.625,0.44799482822418213
5802,Mingalartaungnyunt,Yangon City,MMR013D002,16.789892,96.174851,0.0,0.0,12.0,5.3264294,0.699999988079071,0.0
5803,Mingalartaungnyunt,Yangon City,MMR013D002,16.789925,96.166969,0.0,0.0,19.0,7.505716,0.5249999761581421,0.0
5804,Mingalartaungnyunt,Yangon City,MMR013D002,16.789964,96.166908,0.0,0.0,19.0,7.505716,0.5249999761581421,0.0
5805,Mingalartaungnyunt,Yangon City,MMR013D002,16.790199,96.17569,0.0,0.0,14.0,3.9845605,0.6499999761581421,0.2030879259109497
5806,Mingalartaungnyunt,Yangon City,MMR013D002,16.790199,96.17981,0.0,0.0,9.0,3.0307229,0.7749999761581421,0.3938554525375366
5807,Mingalartaungnyunt,Yangon City,MMR013D002,16.790542602539,96.157150268555,0.0,0.0,26.0,7.065254,0.3500000238418579,0.0
5808,Mingalartaungnyunt,Yangon City,MMR013D002,16.790542602539,96.161270141602,0.0,0.0,26.0,8.149471,0.3500000238418579,0.0
5809,Mingalartaungnyunt,Yangon City,MMR013D002,16.790542602539,96.162643432617,0.0,0.0,18.0,4.9007516,0.550000011920929,0.019849658012390137
5810,Mingalartaungnyunt,Yangon City,MMR013D002,16.790542602539,96.170883178711,0.0,0.0,22.0,4.096654,0.44999998807907104,0.18066918849945068
5811,Mingalartaungnyunt,Yangon City,MMR013D002,16.790542602539,96.173629760742,0.0,0.0,17.0,2.760026,0.574999988079071,0.44799482822418213
5812,Mingalartaungnyunt,Yangon City,MMR013D002,16.790542602539,96.175003051758,0.0,0.0,12.0,7.2024827,0.699999988079071,0.0
5813,Mingalartaungnyunt,Yangon City,MMR013D002,16.790542602539,96.181869506836,0.0,0.0,8.0,2.2111168,0.800000011920929,0.5577766299247742
5814,Mingalartaungnyunt,Yangon City,MMR013D002,16.790542602539,96.183242797852,0.0,0.0,9.0,3.0307229,0.7749999761581421,0.3938554525375366
5815,Mingalartaungnyunt,Yangon City,MMR013D002,16.790543,96.183929,0.0,0.0,10.0,1.3808141,0.75,0.7238371968269348
5816,Mingalartaungnyunt,Yangon City,MMR013D002,16.790543,96.187363,0.0,0.0,2.0,6.949956,0.949999988079071,0.0
5817,Mingalartaungnyunt,Yangon City,MMR013D002,16.790567,96.158685,0.0,0.0,18.0,2.2111168,0.550000011920929,0.5577766299247742
5818,Mingalartaungnyunt,Yangon City,MMR013D002,16.790935,96.159799,0.0,0.0,22.0,3.4869568,0.44999998807907104,0.3026086091995239
5819,Mingalartaungnyunt,Yangon City,MMR013D002,16.791077,96.16394,0.0,0.0,14.0,9.390784,0.6499999761581421,0.0
5820,Mingalartaungnyunt,Yangon City,MMR013D002,16.791229,96.15715,0.0,0.0,25.0,3.0307229,0.375,0.3938554525375366
5821,Mingalartaungnyunt,Yangon City,MMR013D002,16.791229,96.166008,0.0,0.0,12.0,4.1360445,0.699999988079071,0.17279112339019775
5822,Mingalartaungnyunt,Yangon City,MMR013D002,16.791229,96.175003,0.0,0.0,13.0,5.507302,0.675000011920929,0.0
5823,Mingalartaungnyunt,Yangon City,MMR013D002,16.791458,96.165848,0.0,0.0,10.0,1.3808141,0.75,0.7238371968269348
5824,Mingalartaungnyunt,Yangon City,MMR013D002,16.791471,96.17068,0.0,0.0,24.0,4.1360445,0.3999999761581421,0.17279112339019775
5825,Mingalartaungnyunt,Yangon City,MMR013D002,16.791628,96.172829,0.0,0.0,16.0,2.153755,0.6000000238418579,0.5692490339279175
5826,Mingalartaungnyunt,Yangon City,MMR013D002,16.791733,96.171406,0.0,0.0,16.0,3.138737,0.6000000238418579,0.37225258350372314
5827,Mingalartaungnyunt,Yangon City,MMR013D002,16.791821,96.172752,0.0,0.0,16.0,3.9416327,0.6000000238418579,0.21167343854904175
5828,Mingalartaungnyunt,Yangon City,MMR013D002,16.791833,96.170911,0.0,0.0,23.0,5.0660734,0.42500001192092896,0.0
5829,Mingalartaungnyunt,Yangon City,MMR013D002,16.791834,96.171257,0.0,0.0,19.0,7.013975,0.5249999761581421,0.0
5830,Mingalartaungnyunt,Yangon City,MMR013D002,16.791839,96.17295,0.0,0.0,15.0,3.9416327,0.625,0.21167343854904175
5831,Mingalartaungnyunt,Yangon City,MMR013D002,16.791868,96.172874,0.0,0.0,16.0,3.9416327,0.6000000238418579,0.21167343854904175
5832,Mingalartaungnyunt,Yangon City,MMR013D002,16.791898,96.17202,0.0,0.0,16.0,4.8660283,0.6000000238418579,0.02679431438446045
5833,Mingalartaungnyunt,Yangon City,MMR013D002,16.791915893555,96.157150268555,0.0,0.0,27.0,0.9976483,0.32499998807907104,0.8004703521728516
5834,Mingalartaungnyunt,Yangon City,MMR013D002,16.791916,96.162643,0.0,0.0,15.0,3.9416327,0.625,0.21167343854904175
5835,Mingalartaungnyunt,Yangon City,MMR013D002,16.791915893555,96.165390014648,0.0,0.0,10.0,2.153755,0.75,0.5692490339279175
5836,Mingalartaungnyunt,Yangon City,MMR013D002,16.791915893555,96.16813659668,0.0,0.0,20.0,4.9007516,0.5,0.019849658012390137
5837,Mingalartaungnyunt,Yangon City,MMR013D002,16.791915893555,96.170883178711,0.0,0.0,23.0,5.0660734,0.42500001192092896,0.0
5838,Mingalartaungnyunt,Yangon City,MMR013D002,16.791915893555,96.173629760742,0.0,0.0,16.0,1.3808141,0.6000000238418579,0.7238371968269348
5839,Mingalartaungnyunt,Yangon City,MMR013D002,16.791915893555,96.175003051758,0.0,0.0,10.0,2.9905288,0.75,0.401894211769104
5840,Mingalartaungnyunt,Yangon City,MMR013D002,16.791915893555,96.179122924805,0.0,0.0,10.0,5.3264294,0.75,0.0
5841,Mingalartaungnyunt,Yangon City,MMR013D002,16.791915893555,96.184616088867,0.0,0.0,9.0,2.9905288,0.7749999761581421,0.401894211769104
5842,Mingalartaungnyunt,Yangon City,MMR013D002,16.79197,96.171977,0.0,0.0,21.0,11.3515625,0.4750000238418579,0.0
5843,Mingalartaungnyunt,Yangon City,MMR013D002,16.791976,96.161927,0.0,0.0,16.0,1.3808141,0.6000000238418579,0.7238371968269348
5844,Mingalartaungnyunt,Yangon City,MMR013D002,16.791988,96.170311,0.0,0.0,19.0,7.9867764,0.5249999761581421,0.0
5845,Mingalartaungnyunt,Yangon City,MMR013D002,16.792145,96.171265,0.0,0.0,20.0,7.2024827,0.5,0.0
5846,Mingalartaungnyunt,Yangon City,MMR013D002,16.79215,96.171364,0.0,0.0,17.0,2.862392,0.574999988079071,0.42752158641815186
5847,Mingalartaungnyunt,Yangon City,MMR013D002,16.792191,96.160858,0.0,0.0,22.0,3.5461073,0.44999998807907104,0.2907785177230835
5848,Mingalartaungnyunt,Yangon City,MMR013D002,16.792381,96.173416,0.0,0.0,19.0,9.730824,0.5249999761581421,0.0
5849,Mingalartaungnyunt,Yangon City,MMR013D002,16.79251,96.173309,0.0,0.0,22.0,11.839565,0.44999998807907104,0.0
5850,Mingalartaungnyunt,Yangon City,MMR013D002,16.792603,96.15715,0.0,0.0,25.0,1.3808141,0.375,0.7238371968269348
5851,Mingalartaungnyunt,Yangon City,MMR013D002,16.792603,96.18187,0.0,0.0,7.0,4.096654,0.824999988079071,0.18066918849945068
5852,Mingalartaungnyunt,Yangon City,MMR013D002,16.792657,96.172453,0.0,0.0,23.0,4.8412433,0.42500001192092896,0.03175133466720581
5853,Mingalartaungnyunt,Yangon City,MMR013D002,16.79281,96.167091,0.0,0.0,24.0,4.096654,0.3999999761581421,0.18066918849945068
5854,Mingalartaungnyunt,Yangon City,MMR013D002,16.792831,96.175003,0.0,0.0,23.0,0.0,0.42500001192092896,1.0
5855,Mingalartaungnyunt,Yangon City,MMR013D002,16.79328918457,96.157150268555,0.0,0.0,27.0,0.9976483,0.32499998807907104,0.8004703521728516
5856,Mingalartaungnyunt,Yangon City,MMR013D002,16.79328918457,96.15852355957,0.0,0.0,27.0,4.9007516,0.32499998807907104,0.019849658012390137
5857,Mingalartaungnyunt,Yangon City,MMR013D002,16.793289,96.159439,0.0,0.0,25.0,2.862392,0.375,0.42752158641815186
5858,Mingalartaungnyunt,Yangon City,MMR013D002,16.79328918457,96.162643432617,0.0,0.0,17.0,3.8140574,0.574999988079071,0.23718851804733276
5859,Mingalartaungnyunt,Yangon City,MMR013D002,16.79328918457,96.164016723633,0.0,0.0,18.0,5.733568,0.550000011920929,0.0
5860,Mingalartaungnyunt,Yangon City,MMR013D002,16.793289,96.164474,0.0,0.0,17.0,2.153755,0.574999988079071,0.5692490339279175
5861,Mingalartaungnyunt,Yangon City,MMR013D002,16.79328918457,96.170883178711,0.0,0.0,18.0,3.138737,0.550000011920929,0.37225258350372314
5862,Mingalartaungnyunt,Yangon City,MMR013D002,16.793289,96.172845,0.0,0.0,22.0,7.6583467,0.44999998807907104,0.0
5863,Mingalartaungnyunt,Yangon City,MMR013D002,16.79328918457,96.175003051758,0.0,0.0,20.0,3.5461073,0.5,0.2907785177230835
5864,Mingalartaungnyunt,Yangon City,MMR013D002,16.79328918457,96.177749633789,0.0,0.0,10.0,1.3808141,0.75,0.7238371968269348
5865,Mingalartaungnyunt,Yangon City,MMR013D002,16.79328918457,96.18049621582,0.0,0.0,5.0,0.9976483,0.875,0.8004703521728516
5866,Mingalartaungnyunt,Yangon City,MMR013D002,16.79328918457,96.184616088867,0.0,0.0,8.0,4.1360445,0.800000011920929,0.17279112339019775
5867,Mingalartaungnyunt,Yangon City,MMR013D002,16.79328918457,96.185989379883,0.0,0.0,11.0,1.9946922,0.7250000238418579,0.6010615825653076
5868,Mingalartaungnyunt,Yangon City,MMR013D002,16.7935,96.15958,0.0,0.0,25.0,3.0307229,0.375,0.3938554525375366
5869,Mingalartaungnyunt,Yangon City,MMR013D002,16.793747,96.156693,0.0,0.0,26.0,4.3014402,0.3500000238418579,0.13971197605133057
5870,Mingalartaungnyunt,Yangon City,MMR013D002,16.793747,96.172943,0.0,0.0,19.0,0.9548369,0.5249999761581421,0.8090326189994812
5871,Mingalartaungnyunt,Yangon City,MMR013D002,16.793804,96.177578,0.0,0.0,12.0,2.153755,0.699999988079071,0.5692490339279175
5872,Mingalartaungnyunt,Yangon City,MMR013D002,16.793976,96.161957,0.0,0.0,21.0,1.3808141,0.4750000238418579,0.7238371968269348
5873,Mingalartaungnyunt,Yangon City,MMR013D002,16.794205,96.185303,0.0,0.0,7.0,3.138737,0.824999988079071,0.37225258350372314
5874,Mingalartaungnyunt,Yangon City,MMR013D002,16.794662475586,96.157150268555,0.0,0.0,20.0,2.760026,0.5,0.44799482822418213
5875,Mingalartaungnyunt,Yangon City,MMR013D002,16.794662475586,96.15852355957,0.0,0.0,22.0,6.9418087,0.44999998807907104,0.0
5876,Mingalartaungnyunt,Yangon City,MMR013D002,16.794662475586,96.159896850586,0.0,0.0,26.0,3.5461073,0.3500000238418579,0.2907785177230835
5877,Mingalartaungnyunt,Yangon City,MMR013D002,16.794662475586,96.161270141602,0.0,0.0,20.0,3.0307229,0.5,0.3938554525375366
5878,Mingalartaungnyunt,Yangon City,MMR013D002,16.794662475586,96.162643432617,0.0,0.0,24.0,2.153755,0.3999999761581421,0.5692490339279175
5879,Mingalartaungnyunt,Yangon City,MMR013D002,16.794662475586,96.172256469727,0.0,0.0,17.0,4.9007516,0.574999988079071,0.019849658012390137
5880,Mingalartaungnyunt,Yangon City,MMR013D002,16.794662475586,96.176376342773,0.0,0.0,12.0,8.7541895,0.699999988079071,0.0
5881,Mingalartaungnyunt,Yangon City,MMR013D002,16.794662475586,96.18049621582,0.0,0.0,12.0,3.9845605,0.699999988079071,0.2030879259109497
5882,Mingalartaungnyunt,Yangon City,MMR013D002,16.794662475586,96.185989379883,0.0,0.0,5.0,0.9976483,0.875,0.8004703521728516
5883,Mingalartaungnyunt,Yangon City,MMR013D002,16.795385,96.159535,0.0,0.0,21.0,4.7636194,0.4750000238418579,0.04727613925933838
5884,Mingalartaungnyunt,Yangon City,MMR013D002,16.795578,96.159897,0.0,0.0,20.0,10.883874,0.5,0.0
5885,Mingalartaungnyunt,Yangon City,MMR013D002,16.796035766602,96.185989379883,0.0,0.0,11.0,2.153755,0.7250000238418579,0.5692490339279175
5886,Mingalartaungnyunt,Yangon City,MMR013D002,16.796624,96.185989,0.0,0.0,10.0,1.3808141,0.75,0.7238371968269348
5887,Mingalartaungnyunt,Yangon City,MMR013D002,16.796722,96.18187,0.0,0.0,10.0,3.0307229,0.75,0.3938554525375366
5888,Mingalartaungnyunt,Yangon City,MMR013D002,16.797409057617,96.185989379883,0.0,0.0,9.0,0.9976483,0.7749999761581421,0.8004703521728516
5889,Mingalartaungnyunt,Yangon City,MMR013D002,16.797867,96.180725,0.0,0.0,14.0,2.2111168,0.6499999761581421,0.5577766299247742
5890,Mingalartaungnyunt,Yangon City,MMR013D002,16.798782348633,96.181869506836,0.0,0.0,10.0,2.2111168,0.75,0.5577766299247742
5891,Mingalartaungnyunt,Yangon City,MMR013D002,16.798782348633,96.185989379883,0.0,0.0,9.0,2.760026,0.7749999761581421,0.44799482822418213
5892,Mingalartaungnyunt,Yangon City,MMR013D002,16.800076,96.18927,0.0,0.0,10.0,3.5461073,0.75,0.2907785177230835
5893,Mingalartaungnyunt,Yangon City,MMR013D002,16.800092,96.189335,0.0,0.0,10.0,3.5461073,0.75,0.2907785177230835
5894,Mingalartaungnyunt,Yangon City,MMR013D002,16.8001,96.185349,0.0,0.0,10.0,0.9548369,0.75,0.8090326189994812
5895,Mingalartaungnyunt,Yangon City,MMR013D002,16.800142,96.189321,0.0,0.0,10.0,3.5461073,0.75,0.2907785177230835
5896,Mingalartaungnyunt,Yangon City,MMR013D002,16.800155639648,96.185989379883,0.0,0.0,8.0,3.4869568,0.800000011920929,0.3026086091995239
5897,Mingalartaungnyunt,Yangon City,MMR013D002,16.800155639648,96.187362670898,0.0,0.0,7.0,3.138737,0.824999988079071,0.37225258350372314
5898,Mingalartaungnyunt,Yangon City,MMR013D002,16.800162,96.189316,0.0,0.0,10.0,3.5461073,0.75,0.2907785177230835
5899,Mingalartaungnyunt,Yangon City,MMR013D002,16.800171,96.189308,0.0,0.0,10.0,3.5461073,0.75,0.2907785177230835
5900,Mingalartaungnyunt,Yangon City,MMR013D002,16.801137,96.189325,0.0,0.0,8.0,2.9905288,0.800000011920929,0.401894211769104
5901,Mingalartaungnyunt,Yangon City,MMR013D002,16.801528930664,96.185989379883,0.0,0.0,10.0,3.0307229,0.75,0.3938554525375366
5902,Mingalartaungnyunt,Yangon City,MMR013D002,16.801528930664,96.187362670898,0.0,0.0,10.0,0.9548369,0.75,0.8090326189994812
5903,Mingalartaungnyunt,Yangon City,MMR013D002,16.80290222168,96.185989379883,0.0,0.0,9.0,3.5461073,0.7749999761581421,0.2907785177230835
5904,Mingalartaungnyunt,Yangon City,MMR013D002,16.804276,96.184273,0.0,0.0,11.0,1.3808141,0.7250000238418579,0.7238371968269348
5905,Mingalartaungnyunt,Yangon City,MMR013D002,16.805191,96.184921,0.0,0.0,4.0,2.153755,0.8999999761581421,0.5692490339279175
5906,Mingalartaungnyunt,Yangon City,MMR013D002,16.805648803711,96.183242797852,0.0,0.0,8.0,3.0307229,0.800000011920929,0.3938554525375366
5907,Mingalartaungnyunt,Yangon City,MMR013D002,16.805649,96.185303,0.0,0.0,3.0,0.0,0.925000011920929,1.0
5908,Mingalartaungnyunt,Yangon City,MMR013D002,16.806198,96.183792,0.0,0.0,11.0,6.949956,0.7250000238418579,0.0
5909,Mingalartaungnyunt,Yangon City,MMR013D002,16.807022094727,96.183242797852,0.0,0.0,12.0,3.5461073,0.699999988079071,0.2907785177230835
5910,Mingalartaungnyunt,Yangon City,MMR013D002,16.807251,96.182785,0.0,0.0,12.0,1.3808141,0.699999988079071,0.7238371968269348
5911,Mingalartaungnyunt,Yangon City,MMR013D002,16.807709,96.183243,0.0,0.0,9.0,0.9548369,0.7749999761581421,0.8090326189994812
5912,Mingalartaungnyunt,Yangon City,MMR013D002,16.807709,96.184845,0.0,0.0,3.0,0.0,0.925000011920929,1.0
5913,Mingalartaungnyunt,Yangon City,MMR013D002,16.808395385742,96.183242797852,0.0,0.0,7.0,6.1986523,0.824999988079071,0.0
5914,Mingalartaungnyunt,Yangon City,MMR013D002,16.808395385742,96.184616088867,0.0,0.0,4.0,2.760026,0.8999999761581421,0.44799482822418213
5915,North Okkalapa,Yangon City,MMR013D002,16.870193481445,96.155776977539,0.0,0.0,10.0,1.9946922,0.75,0.6010615825653076
5916,North Okkalapa,Yangon City,MMR013D002,16.871566772461,96.157150268555,0.0,0.0,9.0,2.760026,0.7749999761581421,0.44799482822418213
5917,North Okkalapa,Yangon City,MMR013D002,16.872253,96.15509,0.0,0.0,13.0,4.415667,0.675000011920929,0.1168665885925293
5918,North Okkalapa,Yangon City,MMR013D002,16.872911,96.156837,0.0,0.0,7.0,2.9905288,0.824999988079071,0.401894211769104
5919,North Okkalapa,Yangon City,MMR013D002,16.872940063477,96.157150268555,0.0,0.0,8.0,2.2111168,0.800000011920929,0.5577766299247742
5920,North Okkalapa,Yangon City,MMR013D002,16.872940063477,96.159896850586,0.0,0.0,8.0,2.760026,0.800000011920929,0.44799482822418213
5921,North Okkalapa,Yangon City,MMR013D002,16.873671,96.160945,0.0,0.0,6.0,2.2111168,0.8500000238418579,0.5577766299247742
5922,North Okkalapa,Yangon City,MMR013D002,16.874313,96.158524,0.0,0.0,8.0,2.2111168,0.800000011920929,0.5577766299247742
5923,North Okkalapa,Yangon City,MMR013D002,16.874898,96.156612,0.0,0.0,12.0,0.9548369,0.699999988079071,0.8090326189994812
5924,North Okkalapa,Yangon City,MMR013D002,16.875145,96.156418,0.0,0.0,10.0,4.3014402,0.75,0.13971197605133057
5925,North Okkalapa,Yangon City,MMR013D002,16.875483,96.156837,0.0,0.0,8.0,0.9548369,0.800000011920929,0.8090326189994812
5926,North Okkalapa,Yangon City,MMR013D002,16.875492,96.156509,0.0,0.0,8.0,2.2111168,0.800000011920929,0.5577766299247742
5927,North Okkalapa,Yangon City,MMR013D002,16.875686645508,96.155776977539,0.0,0.0,8.0,1.3808141,0.800000011920929,0.7238371968269348
5928,North Okkalapa,Yangon City,MMR013D002,16.875686645508,96.157150268555,0.0,0.0,8.0,1.9946922,0.800000011920929,0.6010615825653076
5929,North Okkalapa,Yangon City,MMR013D002,16.877059936523,96.15852355957,0.0,0.0,10.0,0.0,0.75,1.0
5930,North Okkalapa,Yangon City,MMR013D002,16.877518,96.156235,0.0,0.0,11.0,1.3808141,0.7250000238418579,0.7238371968269348
5931,North Okkalapa,Yangon City,MMR013D002,16.878065,96.15773,0.0,0.0,8.0,1.3808141,0.800000011920929,0.7238371968269348
5932,North Okkalapa,Yangon City,MMR013D002,16.878433227539,96.155776977539,0.0,0.0,7.0,2.2111168,0.824999988079071,0.5577766299247742
5933,North Okkalapa,Yangon City,MMR013D002,16.878433227539,96.15852355957,0.0,0.0,9.0,3.5461073,0.7749999761581421,0.2907785177230835
5934,North Okkalapa,Yangon City,MMR013D002,16.879806518555,96.15852355957,0.0,0.0,8.0,1.9946922,0.800000011920929,0.6010615825653076
5935,North Okkalapa,Yangon City,MMR013D002,16.880722,96.155499,0.0,0.0,7.0,4.3014402,0.824999988079071,0.13971197605133057
5936,North Okkalapa,Yangon City,MMR013D002,16.88117980957,96.154403686523,0.0,0.0,7.0,0.9548369,0.824999988079071,0.8090326189994812
5937,North Okkalapa,Yangon City,MMR013D002,16.88117980957,96.155776977539,0.0,0.0,12.0,1.3808141,0.699999988079071,0.7238371968269348
5938,North Okkalapa,Yangon City,MMR013D002,16.88117980957,96.157150268555,0.0,0.0,9.0,1.3808141,0.7749999761581421,0.7238371968269348
5939,North Okkalapa,Yangon City,MMR013D002,16.88117980957,96.162643432617,0.0,0.0,12.0,3.5461073,0.699999988079071,0.2907785177230835
5940,North Okkalapa,Yangon City,MMR013D002,16.881426,96.156357,0.0,0.0,11.0,1.9946922,0.7250000238418579,0.6010615825653076
5941,North Okkalapa,Yangon City,MMR013D002,16.882273,96.155304,0.0,0.0,5.0,2.2111168,0.875,0.5577766299247742
5942,North Okkalapa,Yangon City,MMR013D002,16.882553100586,96.153030395508,0.0,0.0,12.0,0.9548369,0.699999988079071,0.8090326189994812
5943,North Okkalapa,Yangon City,MMR013D002,16.882553100586,96.154403686523,0.0,0.0,9.0,4.415667,0.7749999761581421,0.1168665885925293
5944,North Okkalapa,Yangon City,MMR013D002,16.883377,96.154678,0.0,0.0,7.0,0.9548369,0.824999988079071,0.8090326189994812
5945,North Okkalapa,Yangon City,MMR013D002,16.883926391602,96.153030395508,0.0,0.0,12.0,3.4869568,0.699999988079071,0.3026086091995239
5946,North Okkalapa,Yangon City,MMR013D002,16.883926391602,96.154403686523,0.0,0.0,8.0,3.138737,0.800000011920929,0.37225258350372314
5947,North Okkalapa,Yangon City,MMR013D002,16.883926391602,96.155776977539,0.0,0.0,12.0,0.9976483,0.699999988079071,0.8004703521728516
5948,North Okkalapa,Yangon City,MMR013D002,16.885299682617,96.153030395508,0.0,0.0,9.0,2.760026,0.7749999761581421,0.44799482822418213
5949,North Okkalapa,Yangon City,MMR013D002,16.885299682617,96.154403686523,0.0,0.0,8.0,2.2111168,0.800000011920929,0.5577766299247742
5950,North Okkalapa,Yangon City,MMR013D002,16.8853,96.15509,0.0,0.0,8.0,2.760026,0.800000011920929,0.44799482822418213
5951,North Okkalapa,Yangon City,MMR013D002,16.885299682617,96.155776977539,0.0,0.0,8.0,1.3808141,0.800000011920929,0.7238371968269348
5952,North Okkalapa,Yangon City,MMR013D002,16.886215,96.154861,0.0,0.0,12.0,2.2111168,0.699999988079071,0.5577766299247742
5953,North Okkalapa,Yangon City,MMR013D002,16.886672973633,96.154403686523,0.0,0.0,9.0,0.0,0.7749999761581421,1.0
5954,North Okkalapa,Yangon City,MMR013D002,16.886673,96.15509,0.0,0.0,8.0,2.862392,0.800000011920929,0.42752158641815186
5955,North Okkalapa,Yangon City,MMR013D002,16.88736,96.154404,0.0,0.0,7.0,1.3808141,0.824999988079071,0.7238371968269348
5956,North Okkalapa,Yangon City,MMR013D002,16.887458,96.153815,0.0,0.0,8.0,2.2111168,0.800000011920929,0.5577766299247742
5957,North Okkalapa,Yangon City,MMR013D002,16.887567,96.157798,0.0,0.0,9.0,2.2111168,0.7749999761581421,0.5577766299247742
5958,North Okkalapa,Yangon City,MMR013D002,16.888046264648,96.154403686523,0.0,0.0,5.0,3.8140574,0.875,0.23718851804733276
5959,North Okkalapa,Yangon City,MMR013D002,16.888733,96.15303,0.0,0.0,12.0,2.9905288,0.699999988079071,0.401894211769104
5960,North Okkalapa,Yangon City,MMR013D002,16.889074,96.153505,0.0,0.0,8.0,7.013975,0.800000011920929,0.0
5961,North Okkalapa,Yangon City,MMR013D002,16.889419555664,96.153030395508,0.0,0.0,10.0,4.1360445,0.75,0.17279112339019775
5962,North Okkalapa,Yangon City,MMR013D002,16.889419555664,96.154403686523,0.0,0.0,7.0,3.0307229,0.824999988079071,0.3938554525375366
5963,North Okkalapa,Yangon City,MMR013D002,16.889419555664,96.161270141602,0.0,0.0,5.0,2.9905288,0.875,0.401894211769104
5964,North Okkalapa,Yangon City,MMR013D002,16.889525,96.153876,0.0,0.0,6.0,3.0307229,0.8500000238418579,0.3938554525375366
5965,North Okkalapa,Yangon City,MMR013D002,16.889534,96.160771,0.0,0.0,6.0,0.9976483,0.8500000238418579,0.8004703521728516
5966,North Okkalapa,Yangon City,MMR013D002,16.889568,96.1614,0.0,0.0,4.0,5.7959256,0.8999999761581421,0.0
5967,North Okkalapa,Yangon City,MMR013D002,16.89054,96.154594,0.0,0.0,7.0,2.760026,0.824999988079071,0.44799482822418213
5968,North Okkalapa,Yangon City,MMR013D002,16.89079284668,96.153030395508,0.0,0.0,7.0,2.153755,0.824999988079071,0.5692490339279175
5969,North Okkalapa,Yangon City,MMR013D002,16.89079284668,96.154403686523,0.0,0.0,7.0,1.9946922,0.824999988079071,0.6010615825653076
5970,North Okkalapa,Yangon City,MMR013D002,16.89079284668,96.155776977539,0.0,0.0,9.0,1.3808141,0.7749999761581421,0.7238371968269348
5971,North Okkalapa,Yangon City,MMR013D002,16.89079284668,96.15852355957,0.0,0.0,8.0,2.153755,0.800000011920929,0.5692490339279175
5972,North Okkalapa,Yangon City,MMR013D002,16.89079284668,96.159896850586,0.0,0.0,8.0,1.9091437,0.800000011920929,0.6181712746620178
5973,North Okkalapa,Yangon City,MMR013D002,16.891068,96.15358,0.0,0.0,7.0,1.9091437,0.824999988079071,0.6181712746620178
5974,North Okkalapa,Yangon City,MMR013D002,16.891214,96.153847,0.0,0.0,7.0,0.9976483,0.824999988079071,0.8004703521728516
5975,North Okkalapa,Yangon City,MMR013D002,16.89143,96.159866,0.0,0.0,5.0,3.5461073,0.875,0.2907785177230835
5976,North Okkalapa,Yangon City,MMR013D002,16.891479,96.155777,0.0,0.0,9.0,2.760026,0.7749999761581421,0.44799482822418213
5977,North Okkalapa,Yangon City,MMR013D002,16.892166137695,96.154403686523,0.0,0.0,10.0,2.760026,0.75,0.44799482822418213
5978,North Okkalapa,Yangon City,MMR013D002,16.892166137695,96.157150268555,0.0,0.0,10.0,2.153755,0.75,0.5692490339279175
5979,North Okkalapa,Yangon City,MMR013D002,16.892166137695,96.15852355957,0.0,0.0,6.0,0.0,0.8500000238418579,1.0
5980,North Okkalapa,Yangon City,MMR013D002,16.892166137695,96.159896850586,0.0,0.0,6.0,2.2111168,0.8500000238418579,0.5577766299247742
5981,North Okkalapa,Yangon City,MMR013D002,16.89227,96.158905,0.0,0.0,7.0,2.2111168,0.824999988079071,0.5577766299247742
5982,North Okkalapa,Yangon City,MMR013D002,16.892441,96.156601,0.0,0.0,7.0,0.9976483,0.824999988079071,0.8004703521728516
5983,North Okkalapa,Yangon City,MMR013D002,16.892799,96.154854,0.0,0.0,12.0,3.4869568,0.699999988079071,0.3026086091995239
5984,North Okkalapa,Yangon City,MMR013D002,16.893539428711,96.155776977539,0.0,0.0,8.0,0.0,0.800000011920929,1.0
5985,North Okkalapa,Yangon City,MMR013D002,16.893539428711,96.157150268555,0.0,0.0,9.0,3.5461073,0.7749999761581421,0.2907785177230835
5986,North Okkalapa,Yangon City,MMR013D002,16.893539428711,96.15852355957,0.0,0.0,7.0,1.3808141,0.824999988079071,0.7238371968269348
5987,North Okkalapa,Yangon City,MMR013D002,16.893675,96.155937,0.0,0.0,8.0,0.0,0.800000011920929,1.0
5988,North Okkalapa,Yangon City,MMR013D002,16.894638,96.151932,0.0,0.0,10.0,1.3808141,0.75,0.7238371968269348
5989,North Okkalapa,Yangon City,MMR013D002,16.894794,96.151886,0.0,0.0,10.0,0.0,0.75,1.0
5990,North Okkalapa,Yangon City,MMR013D002,16.894912719727,96.153030395508,0.0,0.0,9.0,3.5461073,0.7749999761581421,0.2907785177230835
5991,North Okkalapa,Yangon City,MMR013D002,16.894912719727,96.154403686523,0.0,0.0,10.0,0.9548369,0.75,0.8090326189994812
5992,North Okkalapa,Yangon City,MMR013D002,16.894912719727,96.157150268555,0.0,0.0,9.0,3.0307229,0.7749999761581421,0.3938554525375366
5993,North Okkalapa,Yangon City,MMR013D002,16.894912719727,96.159896850586,0.0,0.0,11.0,0.0,0.7250000238418579,1.0
5994,North Okkalapa,Yangon City,MMR013D002,16.894912719727,96.161270141602,0.0,0.0,10.0,2.760026,0.75,0.44799482822418213
5995,North Okkalapa,Yangon City,MMR013D002,16.895023,96.157242,0.0,0.0,9.0,3.0307229,0.7749999761581421,0.3938554525375366
5996,North Okkalapa,Yangon City,MMR013D002,16.896011,96.159348,0.0,0.0,8.0,1.9091437,0.800000011920929,0.6181712746620178
5997,North Okkalapa,Yangon City,MMR013D002,16.896286010742,96.154403686523,0.0,0.0,10.0,1.3808141,0.75,0.7238371968269348
5998,North Okkalapa,Yangon City,MMR013D002,16.896286010742,96.15852355957,0.0,0.0,11.0,0.0,0.7250000238418579,1.0
5999,North Okkalapa,Yangon City,MMR013D002,16.896286010742,96.159896850586,0.0,0.0,10.0,2.9905288,0.75,0.401894211769104
6000,North Okkalapa,Yangon City,MMR013D002,16.896919,96.153381,0.0,0.0,11.0,2.2111168,0.7250000238418579,0.5577766299247742
6001,North Okkalapa,Yangon City,MMR013D002,16.897659301758,96.157150268555,0.0,0.0,8.0,3.9416327,0.800000011920929,0.21167343854904175
6002,North Okkalapa,Yangon City,MMR013D002,16.897659301758,96.159896850586,0.0,0.0,9.0,0.9976483,0.7749999761581421,0.8004703521728516
6003,North Okkalapa,Yangon City,MMR013D002,16.897659301758,96.161270141602,0.0,0.0,9.0,0.9548369,0.7749999761581421,0.8090326189994812
6004,North Okkalapa,Yangon City,MMR013D002,16.897848,96.151871,0.0,0.0,12.0,3.138737,0.699999988079071,0.37225258350372314
6005,North Okkalapa,Yangon City,MMR013D002,16.897888,96.154953,0.0,0.0,9.0,0.0,0.7749999761581421,1.0
6006,North Okkalapa,Yangon City,MMR013D002,16.898345,96.149429,0.0,0.0,15.0,0.9976483,0.625,0.8004703521728516
6007,North Okkalapa,Yangon City,MMR013D002,16.898405,96.149342,0.0,0.0,15.0,1.3808141,0.625,0.7238371968269348
6008,North Okkalapa,Yangon City,MMR013D002,16.899032592773,96.150283813477,0.0,0.0,11.0,0.9548369,0.7250000238418579,0.8090326189994812
6009,North Okkalapa,Yangon City,MMR013D002,16.899032592773,96.159896850586,0.0,0.0,8.0,3.0307229,0.800000011920929,0.3938554525375366
6010,North Okkalapa,Yangon City,MMR013D002,16.899032592773,96.162643432617,0.0,0.0,10.0,2.760026,0.75,0.44799482822418213
6011,North Okkalapa,Yangon City,MMR013D002,16.89945,96.162437,0.0,0.0,11.0,0.9548369,0.7250000238418579,0.8090326189994812
6012,North Okkalapa,Yangon City,MMR013D002,16.900257,96.155628,0.0,0.0,9.0,4.096654,0.7749999761581421,0.18066918849945068
6013,North Okkalapa,Yangon City,MMR013D002,16.900356,96.164558,0.0,0.0,8.0,0.9976483,0.800000011920929,0.8004703521728516
6014,North Okkalapa,Yangon City,MMR013D002,16.900405883789,96.148910522461,0.0,0.0,13.0,2.2111168,0.675000011920929,0.5577766299247742
6015,North Okkalapa,Yangon City,MMR013D002,16.900405883789,96.150283813477,0.0,0.0,9.0,1.9091437,0.7749999761581421,0.6181712746620178
6016,North Okkalapa,Yangon City,MMR013D002,16.900405883789,96.159896850586,0.0,0.0,10.0,0.0,0.75,1.0
6017,North Okkalapa,Yangon City,MMR013D002,16.900405883789,96.162643432617,0.0,0.0,11.0,1.3808141,0.7250000238418579,0.7238371968269348
6018,North Okkalapa,Yangon City,MMR013D002,16.900405883789,96.164016723633,0.0,0.0,10.0,2.9905288,0.75,0.401894211769104
6019,North Okkalapa,Yangon City,MMR013D002,16.901093,96.16333,0.0,0.0,9.0,0.9548369,0.7749999761581421,0.8090326189994812
6020,North Okkalapa,Yangon City,MMR013D002,16.901138,96.165577,0.0,0.0,10.0,2.2111168,0.75,0.5577766299247742
6021,North Okkalapa,Yangon City,MMR013D002,16.901493,96.157227,0.0,0.0,9.0,3.9845605,0.7749999761581421,0.2030879259109497
6022,North Okkalapa,Yangon City,MMR013D002,16.903072,96.16745,0.0,0.0,9.0,2.760026,0.7749999761581421,0.44799482822418213
6023,North Okkalapa,Yangon City,MMR013D002,16.90315246582,96.165390014648,0.0,0.0,9.0,0.9548369,0.7749999761581421,0.8090326189994812
6024,North Okkalapa,Yangon City,MMR013D002,16.904024,96.168076,0.0,0.0,8.0,0.9976483,0.800000011920929,0.8004703521728516
6025,North Okkalapa,Yangon City,MMR013D002,16.904525756836,96.162643432617,0.0,0.0,10.0,1.3808141,0.75,0.7238371968269348
6026,North Okkalapa,Yangon City,MMR013D002,16.904525756836,96.164016723633,0.0,0.0,8.0,1.9091437,0.800000011920929,0.6181712746620178
6027,North Okkalapa,Yangon City,MMR013D002,16.904525756836,96.165390014648,0.0,0.0,9.0,0.0,0.7749999761581421,1.0
6028,North Okkalapa,Yangon City,MMR013D002,16.904525756836,96.16813659668,0.0,0.0,11.0,3.4869568,0.7250000238418579,0.3026086091995239
6029,North Okkalapa,Yangon City,MMR013D002,16.905305,96.152244,0.0,0.0,9.0,1.3808141,0.7749999761581421,0.7238371968269348
6030,North Okkalapa,Yangon City,MMR013D002,16.905387,96.152149,0.0,0.0,8.0,2.760026,0.800000011920929,0.44799482822418213
6031,North Okkalapa,Yangon City,MMR013D002,16.905632,96.153047,0.0,0.0,8.0,3.8140574,0.800000011920929,0.23718851804733276
6032,North Okkalapa,Yangon City,MMR013D002,16.905899047852,96.148910522461,0.0,0.0,8.0,3.5461073,0.800000011920929,0.2907785177230835
6033,North Okkalapa,Yangon City,MMR013D002,16.907272338867,96.151657104492,0.0,0.0,11.0,1.3808141,0.7250000238418579,0.7238371968269348
6034,North Okkalapa,Yangon City,MMR013D002,16.907272338867,96.164016723633,0.0,0.0,10.0,0.0,0.75,1.0
6035,North Okkalapa,Yangon City,MMR013D002,16.907272338867,96.165390014648,0.0,0.0,13.0,2.2111168,0.675000011920929,0.5577766299247742
6036,North Okkalapa,Yangon City,MMR013D002,16.907272338867,96.166763305664,0.0,0.0,11.0,1.3808141,0.7250000238418579,0.7238371968269348
6037,North Okkalapa,Yangon City,MMR013D002,16.907709,96.147847,0.0,0.0,10.0,4.1360445,0.75,0.17279112339019775
6038,North Okkalapa,Yangon City,MMR013D002,16.908502,96.155413,0.0,0.0,11.0,3.5461073,0.7250000238418579,0.2907785177230835
6039,North Okkalapa,Yangon City,MMR013D002,16.908645629883,96.150283813477,0.0,0.0,9.0,3.138737,0.7749999761581421,0.37225258350372314
6040,North Okkalapa,Yangon City,MMR013D002,16.908645629883,96.155776977539,0.0,0.0,11.0,2.2111168,0.7250000238418579,0.5577766299247742
6041,North Okkalapa,Yangon City,MMR013D002,16.908645629883,96.164016723633,0.0,0.0,10.0,3.5461073,0.75,0.2907785177230835
6042,North Okkalapa,Yangon City,MMR013D002,16.908645629883,96.165390014648,0.0,0.0,10.0,0.0,0.75,1.0
6043,North Okkalapa,Yangon City,MMR013D002,16.908645629883,96.166763305664,0.0,0.0,11.0,2.862392,0.7250000238418579,0.42752158641815186
6044,North Okkalapa,Yangon City,MMR013D002,16.908847,96.153994,0.0,0.0,10.0,4.8412433,0.75,0.03175133466720581
6045,North Okkalapa,Yangon City,MMR013D002,16.908866,96.148527,0.0,0.0,8.0,4.096654,0.800000011920929,0.18066918849945068
6046,North Okkalapa,Yangon City,MMR013D002,16.909119,96.166061,0.0,0.0,11.0,3.138737,0.7250000238418579,0.37225258350372314
6047,North Okkalapa,Yangon City,MMR013D002,16.909139,96.151529,0.0,0.0,12.0,3.5461073,0.699999988079071,0.2907785177230835
6048,North Okkalapa,Yangon City,MMR013D002,16.909557,96.172523,0.0,0.0,11.0,2.153755,0.7250000238418579,0.5692490339279175
6049,North Okkalapa,Yangon City,MMR013D002,16.909902,96.163614,0.0,0.0,11.0,0.9976483,0.7250000238418579,0.8004703521728516
6050,North Okkalapa,Yangon City,MMR013D002,16.909942,96.157537,0.0,0.0,9.0,3.4869568,0.7749999761581421,0.3026086091995239
6051,North Okkalapa,Yangon City,MMR013D002,16.910018920898,96.147537231445,0.0,0.0,8.0,1.3808141,0.800000011920929,0.7238371968269348
6052,North Okkalapa,Yangon City,MMR013D002,16.910018920898,96.15852355957,0.0,0.0,4.0,3.0307229,0.8999999761581421,0.3938554525375366
6053,North Okkalapa,Yangon City,MMR013D002,16.910018920898,96.16813659668,0.0,0.0,9.0,1.9946922,0.7749999761581421,0.6010615825653076
6054,North Okkalapa,Yangon City,MMR013D002,16.910423,96.147093,0.0,0.0,8.0,0.0,0.800000011920929,1.0
6055,North Okkalapa,Yangon City,MMR013D002,16.910747,96.158692,0.0,0.0,10.0,3.0307229,0.75,0.3938554525375366
6056,North Okkalapa,Yangon City,MMR013D002,16.910877,96.158524,0.0,0.0,10.0,2.760026,0.75,0.44799482822418213
6057,North Okkalapa,Yangon City,MMR013D002,16.911343,96.158093,0.0,0.0,7.0,3.138737,0.824999988079071,0.37225258350372314
6058,North Okkalapa,Yangon City,MMR013D002,16.911392,96.145477,0.0,0.0,11.0,0.9548369,0.7250000238418579,0.8090326189994812
6059,North Okkalapa,Yangon City,MMR013D002,16.911392211914,96.14616394043,0.0,0.0,11.0,1.3808141,0.7250000238418579,0.7238371968269348
6060,North Okkalapa,Yangon City,MMR013D002,16.911392211914,96.151657104492,0.0,0.0,12.0,0.9548369,0.699999988079071,0.8090326189994812
6061,North Okkalapa,Yangon City,MMR013D002,16.911392211914,96.161270141602,0.0,0.0,9.0,0.9548369,0.7749999761581421,0.8090326189994812
6062,North Okkalapa,Yangon City,MMR013D002,16.911392211914,96.16813659668,0.0,0.0,10.0,3.0307229,0.75,0.3938554525375366
6063,North Okkalapa,Yangon City,MMR013D002,16.911987,96.158001,0.0,0.0,7.0,0.0,0.824999988079071,1.0
6064,North Okkalapa,Yangon City,MMR013D002,16.912332,96.156638,0.0,0.0,10.0,0.9976483,0.75,0.8004703521728516
6065,North Okkalapa,Yangon City,MMR013D002,16.912536,96.155244,0.0,0.0,9.0,1.9091437,0.7749999761581421,0.6181712746620178
6066,North Okkalapa,Yangon City,MMR013D002,16.912613,96.155518,0.0,0.0,9.0,1.3808141,0.7749999761581421,0.7238371968269348
6067,North Okkalapa,Yangon City,MMR013D002,16.912695,96.152122,0.0,0.0,10.0,3.5461073,0.75,0.2907785177230835
6068,North Okkalapa,Yangon City,MMR013D002,16.91276550293,96.150283813477,0.0,0.0,8.0,1.9946922,0.800000011920929,0.6010615825653076
6069,North Okkalapa,Yangon City,MMR013D002,16.91276550293,96.151657104492,0.0,0.0,11.0,2.760026,0.7250000238418579,0.44799482822418213
6070,North Okkalapa,Yangon City,MMR013D002,16.91276550293,96.153030395508,0.0,0.0,9.0,1.9946922,0.7749999761581421,0.6010615825653076
6071,North Okkalapa,Yangon City,MMR013D002,16.91276550293,96.165390014648,0.0,0.0,7.0,0.9548369,0.824999988079071,0.8090326189994812
6072,North Okkalapa,Yangon City,MMR013D002,16.91276550293,96.166763305664,0.0,0.0,9.0,3.8140574,0.7749999761581421,0.23718851804733276
6073,North Okkalapa,Yangon City,MMR013D002,16.913673,96.167839,0.0,0.0,11.0,1.9091437,0.7250000238418579,0.6181712746620178
6074,North Okkalapa,Yangon City,MMR013D002,16.914138793945,96.144790649414,0.0,0.0,12.0,4.1360445,0.699999988079071,0.17279112339019775
6075,North Okkalapa,Yangon City,MMR013D002,16.914138793945,96.153030395508,0.0,0.0,6.0,4.415667,0.8500000238418579,0.1168665885925293
6076,North Okkalapa,Yangon City,MMR013D002,16.914138793945,96.154403686523,0.0,0.0,10.0,1.9091437,0.75,0.6181712746620178
6077,North Okkalapa,Yangon City,MMR013D002,16.915512084961,96.155776977539,0.0,0.0,5.0,1.3808141,0.875,0.7238371968269348
6078,North Okkalapa,Yangon City,MMR013D002,16.915512084961,96.157150268555,0.0,0.0,8.0,4.415667,0.800000011920929,0.1168665885925293
6079,North Okkalapa,Yangon City,MMR013D002,16.915512084961,96.170883178711,0.0,0.0,9.0,3.5461073,0.7749999761581421,0.2907785177230835
6080,North Okkalapa,Yangon City,MMR013D002,16.916885375977,96.144790649414,0.0,0.0,9.0,0.9548369,0.7749999761581421,0.8090326189994812
6081,North Okkalapa,Yangon City,MMR013D002,16.916885375977,96.161270141602,0.0,0.0,11.0,2.153755,0.7250000238418579,0.5692490339279175
6082,North Okkalapa,Yangon City,MMR013D002,16.916885375977,96.164016723633,0.0,0.0,11.0,3.138737,0.7250000238418579,0.37225258350372314
6083,North Okkalapa,Yangon City,MMR013D002,16.916986,96.164308,0.0,0.0,12.0,0.9976483,0.699999988079071,0.8004703521728516
6084,North Okkalapa,Yangon City,MMR013D002,16.917211,96.164381,0.0,0.0,12.0,0.9976483,0.699999988079071,0.8004703521728516
6085,North Okkalapa,Yangon City,MMR013D002,16.917407,96.164963,0.0,0.0,9.0,3.138737,0.7749999761581421,0.37225258350372314
6086,North Okkalapa,Yangon City,MMR013D002,16.917406,96.16515,0.0,0.0,8.0,1.9091437,0.800000011920929,0.6181712746620178
6087,North Okkalapa,Yangon City,MMR013D002,16.917457,96.164719,0.0,0.0,11.0,2.9905288,0.7250000238418579,0.401894211769104
6088,North Okkalapa,Yangon City,MMR013D002,16.917503,96.164589,0.0,0.0,11.0,2.9905288,0.7250000238418579,0.401894211769104
6089,North Okkalapa,Yangon City,MMR013D002,16.917793,96.165291,0.0,0.0,11.0,2.153755,0.7250000238418579,0.5692490339279175
6090,North Okkalapa,Yangon City,MMR013D002,16.91783,96.156326,0.0,0.0,7.0,2.2111168,0.824999988079071,0.5577766299247742
6091,North Okkalapa,Yangon City,MMR013D002,16.917954,96.165604,0.0,0.0,10.0,2.153755,0.75,0.5692490339279175
6092,North Okkalapa,Yangon City,MMR013D002,16.917967,96.166061,0.0,0.0,11.0,0.0,0.7250000238418579,1.0
6093,North Okkalapa,Yangon City,MMR013D002,16.918023,96.165763,0.0,0.0,10.0,1.3808141,0.75,0.7238371968269348
6094,North Okkalapa,Yangon City,MMR013D002,16.918022,96.166168,0.0,0.0,11.0,0.0,0.7250000238418579,1.0
6095,North Okkalapa,Yangon City,MMR013D002,16.918027,96.166036,0.0,0.0,11.0,0.0,0.7250000238418579,1.0
6096,North Okkalapa,Yangon City,MMR013D002,16.918091,96.166073,0.0,0.0,11.0,0.9976483,0.7250000238418579,0.8004703521728516
6097,North Okkalapa,Yangon City,MMR013D002,16.918139,96.165908,0.0,0.0,11.0,0.9548369,0.7250000238418579,0.8090326189994812
6098,North Okkalapa,Yangon City,MMR013D002,16.918242,96.167488,0.0,0.0,11.0,2.2111168,0.7250000238418579,0.5577766299247742
6099,North Okkalapa,Yangon City,MMR013D002,16.918258666992,96.161270141602,0.0,0.0,11.0,0.0,0.7250000238418579,1.0
6100,North Okkalapa,Yangon City,MMR013D002,16.918258666992,96.162643432617,0.0,0.0,8.0,0.9548369,0.800000011920929,0.8090326189994812
6101,North Okkalapa,Yangon City,MMR013D002,16.918258666992,96.164016723633,0.0,0.0,10.0,1.3808141,0.75,0.7238371968269348
6102,North Okkalapa,Yangon City,MMR013D002,16.918279,96.167423,0.0,0.0,11.0,2.2111168,0.7250000238418579,0.5577766299247742
6103,North Okkalapa,Yangon City,MMR013D002,16.918365,96.167272,0.0,0.0,11.0,2.2111168,0.7250000238418579,0.5577766299247742
6104,North Okkalapa,Yangon City,MMR013D002,16.918389,96.166888,0.0,0.0,12.0,1.9946922,0.699999988079071,0.6010615825653076
6105,North Okkalapa,Yangon City,MMR013D002,16.918406,96.165894,0.0,0.0,11.0,0.0,0.7250000238418579,1.0
6106,North Okkalapa,Yangon City,MMR013D002,16.918665,96.146835,0.0,0.0,8.0,4.1360445,0.800000011920929,0.17279112339019775
6107,North Okkalapa,Yangon City,MMR013D002,16.919267,96.170414,0.0,0.0,8.0,2.153755,0.800000011920929,0.5692490339279175
6108,North Okkalapa,Yangon City,MMR013D002,16.919631958008,96.161270141602,0.0,0.0,5.0,1.3808141,0.875,0.7238371968269348
6109,North Okkalapa,Yangon City,MMR013D002,16.919631958008,96.162643432617,0.0,0.0,8.0,1.9091437,0.800000011920929,0.6181712746620178
6110,North Okkalapa,Yangon City,MMR013D002,16.919631958008,96.164016723633,0.0,0.0,11.0,2.2111168,0.7250000238418579,0.5577766299247742
6111,North Okkalapa,Yangon City,MMR013D002,16.919631958008,96.165390014648,0.0,0.0,10.0,2.9905288,0.75,0.401894211769104
6112,North Okkalapa,Yangon City,MMR013D002,16.921005249023,96.161270141602,0.0,0.0,12.0,0.9548369,0.699999988079071,0.8090326189994812
6113,North Okkalapa,Yangon City,MMR013D002,16.921005249023,96.162643432617,0.0,0.0,8.0,2.153755,0.800000011920929,0.5692490339279175
6114,North Okkalapa,Yangon City,MMR013D002,16.922156,96.148609,0.0,0.0,8.0,2.153755,0.800000011920929,0.5692490339279175
6115,North Okkalapa,Yangon City,MMR013D002,16.922378540039,96.147537231445,0.0,0.0,7.0,0.0,0.824999988079071,1.0
6116,North Okkalapa,Yangon City,MMR013D002,16.922378540039,96.159896850586,0.0,0.0,11.0,1.9091437,0.7250000238418579,0.6181712746620178
6117,North Okkalapa,Yangon City,MMR013D002,16.922378540039,96.172256469727,0.0,0.0,5.0,1.9091437,0.875,0.6181712746620178
6118,North Okkalapa,Yangon City,MMR013D002,16.922378540039,96.176376342773,0.0,0.0,9.0,0.9976483,0.7749999761581421,0.8004703521728516
6119,North Okkalapa,Yangon City,MMR013D002,16.922962,96.170209,0.0,0.0,9.0,2.153755,0.7749999761581421,0.5692490339279175
6120,North Okkalapa,Yangon City,MMR013D002,16.923751831055,96.15852355957,0.0,0.0,10.0,1.3808141,0.75,0.7238371968269348
6121,North Okkalapa,Yangon City,MMR013D002,16.923751831055,96.161270141602,0.0,0.0,12.0,1.3808141,0.699999988079071,0.7238371968269348
6122,North Okkalapa,Yangon City,MMR013D002,16.923751831055,96.177749633789,0.0,0.0,9.0,0.9548369,0.7749999761581421,0.8090326189994812
6123,North Okkalapa,Yangon City,MMR013D002,16.924421,96.159836,0.0,0.0,11.0,1.3808141,0.7250000238418579,0.7238371968269348
6124,North Okkalapa,Yangon City,MMR013D002,16.92458,96.15992,0.0,0.0,11.0,0.0,0.7250000238418579,1.0
6125,North Okkalapa,Yangon City,MMR013D002,16.924738,96.160004,0.0,0.0,11.0,0.0,0.7250000238418579,1.0
6126,North Okkalapa,Yangon City,MMR013D002,16.925055,96.160172,0.0,0.0,11.0,1.3808141,0.7250000238418579,0.7238371968269348
6127,North Okkalapa,Yangon City,MMR013D002,16.92512512207,96.157150268555,0.0,0.0,9.0,1.9946922,0.7749999761581421,0.6010615825653076
6128,North Okkalapa,Yangon City,MMR013D002,16.92512512207,96.15852355957,0.0,0.0,10.0,1.3808141,0.75,0.7238371968269348
6129,North Okkalapa,Yangon City,MMR013D002,16.92512512207,96.161270141602,0.0,0.0,8.0,1.9946922,0.800000011920929,0.6010615825653076
6130,North Okkalapa,Yangon City,MMR013D002,16.92512512207,96.165390014648,0.0,0.0,10.0,3.5461073,0.75,0.2907785177230835
6131,North Okkalapa,Yangon City,MMR013D002,16.925678,96.18084,0.0,0.0,11.0,0.9976483,0.7250000238418579,0.8004703521728516
6132,North Okkalapa,Yangon City,MMR013D002,16.925724,96.180847,0.0,0.0,11.0,0.9976483,0.7250000238418579,0.8004703521728516
6133,North Okkalapa,Yangon City,MMR013D002,16.92577,96.180855,0.0,0.0,11.0,0.9976483,0.7250000238418579,0.8004703521728516
6134,North Okkalapa,Yangon City,MMR013D002,16.926498413086,96.15852355957,0.0,0.0,7.0,0.0,0.824999988079071,1.0
6135,North Okkalapa,Yangon City,MMR013D002,16.926889,96.182442,0.0,0.0,9.0,2.2111168,0.7749999761581421,0.5577766299247742
6136,North Okkalapa,Yangon City,MMR013D002,16.927843,96.18353,0.0,0.0,9.0,3.5461073,0.7749999761581421,0.2907785177230835
6137,North Okkalapa,Yangon City,MMR013D002,16.927871704102,96.176376342773,0.0,0.0,5.0,2.2111168,0.875,0.5577766299247742
6138,North Okkalapa,Yangon City,MMR013D002,16.92832,96.184074,0.0,0.0,9.0,1.3808141,0.7749999761581421,0.7238371968269348
6139,North Okkalapa,Yangon City,MMR013D002,16.928564,96.158959,0.0,0.0,11.0,3.0307229,0.7250000238418579,0.3938554525375366
6140,North Okkalapa,Yangon City,MMR013D002,16.928917,96.158978,0.0,0.0,8.0,0.9976483,0.800000011920929,0.8004703521728516
6141,North Okkalapa,Yangon City,MMR013D002,16.928996,96.159029,0.0,0.0,8.0,0.9976483,0.800000011920929,0.8004703521728516
6142,North Okkalapa,Yangon City,MMR013D002,16.929244995117,96.176376342773,0.0,0.0,5.0,3.4869568,0.875,0.3026086091995239
6143,North Okkalapa,Yangon City,MMR013D002,16.929244995117,96.177749633789,0.0,0.0,7.0,1.3808141,0.824999988079071,0.7238371968269348
6144,North Okkalapa,Yangon City,MMR013D002,16.929244995117,96.184616088867,0.0,0.0,11.0,2.2111168,0.7250000238418579,0.5577766299247742
6145,North Okkalapa,Yangon City,MMR013D002,16.930618286133,96.176376342773,0.0,0.0,8.0,1.9946922,0.800000011920929,0.6010615825653076
6146,North Okkalapa,Yangon City,MMR013D002,16.932099,96.18113,0.0,0.0,8.0,1.9091437,0.800000011920929,0.6181712746620178
6147,North Okkalapa,Yangon City,MMR013D002,16.933364868164,96.185989379883,0.0,0.0,9.0,1.3808141,0.7749999761581421,0.7238371968269348
6148,North Okkalapa,Yangon City,MMR013D002,16.933364868164,96.187362670898,0.0,0.0,6.0,3.0307229,0.8500000238418579,0.3938554525375366
6149,North Okkalapa,Yangon City,MMR013D002,16.93473815918,96.185989379883,0.0,0.0,8.0,1.3808141,0.800000011920929,0.7238371968269348
6150,North Okkalapa,Yangon City,MMR013D002,16.936111450195,96.183242797852,0.0,0.0,8.0,2.2111168,0.800000011920929,0.5577766299247742
6151,North Okkalapa,Yangon City,MMR013D002,16.936111450195,96.184616088867,0.0,0.0,9.0,2.2111168,0.7749999761581421,0.5577766299247742
6152,North Okkalapa,Yangon City,MMR013D002,16.936111450195,96.185989379883,0.0,0.0,6.0,0.9976483,0.8500000238418579,0.8004703521728516
6153,North Okkalapa,Yangon City,MMR013D002,16.937484741211,96.173629760742,0.0,0.0,8.0,0.9976483,0.800000011920929,0.8004703521728516
6154,North Okkalapa,Yangon City,MMR013D002,16.938858032227,96.195602416992,0.0,0.0,6.0,1.3808141,0.8500000238418579,0.7238371968269348
6155,North Okkalapa,Yangon City,MMR013D002,16.938858032227,96.196975708008,0.0,0.0,10.0,0.9548369,0.75,0.8090326189994812
6156,North Okkalapa,Yangon City,MMR013D002,16.938858032227,96.20246887207,0.0,0.0,7.0,2.760026,0.824999988079071,0.44799482822418213
6157,North Okkalapa,Yangon City,MMR013D002,16.9391665,96.1984025,0.0,0.0,6.0,2.862392,0.8500000238418579,0.42752158641815186
6158,North Okkalapa,Yangon City,MMR013D002,16.940231323242,96.19010925293,0.0,0.0,8.0,1.9091437,0.800000011920929,0.6181712746620178
6159,North Okkalapa,Yangon City,MMR013D002,16.940231323242,96.191482543945,0.0,0.0,4.0,0.0,0.8999999761581421,1.0
6160,North Okkalapa,Yangon City,MMR013D002,16.940231323242,96.198348999023,0.0,0.0,6.0,0.9976483,0.8500000238418579,0.8004703521728516
6161,North Okkalapa,Yangon City,MMR013D002,16.942977905273,96.169509887695,0.0,0.0,7.0,3.4869568,0.824999988079071,0.3026086091995239
6162,North Okkalapa,Yangon City,MMR013D002,16.942977905273,96.170883178711,0.0,0.0,9.0,2.760026,0.7749999761581421,0.44799482822418213
6163,North Okkalapa,Yangon City,MMR013D002,16.945724487305,96.187362670898,0.0,0.0,6.0,5.617232,0.8500000238418579,0.0
6164,North Okkalapa,Yangon City,MMR013D002,16.94709777832,96.176376342773,0.0,0.0,4.0,0.9548369,0.8999999761581421,0.8090326189994812
6165,North Okkalapa,Yangon City,MMR013D002,16.94709777832,96.185989379883,0.0,0.0,8.0,1.9946922,0.800000011920929,0.6010615825653076
6166,North Okkalapa,Yangon City,MMR013D002,16.94709777832,96.187362670898,0.0,0.0,5.0,4.1360445,0.875,0.17279112339019775
6167,North Okkalapa,Yangon City,MMR013D002,16.948471069336,96.172256469727,0.0,0.0,8.0,0.9976483,0.800000011920929,0.8004703521728516
6168,North Okkalapa,Yangon City,MMR013D002,16.948471069336,96.179122924805,0.0,0.0,6.0,2.760026,0.8500000238418579,0.44799482822418213
6169,North Okkalapa,Yangon City,MMR013D002,16.948471069336,96.183242797852,0.0,0.0,5.0,3.5461073,0.875,0.2907785177230835
6170,North Okkalapa,Yangon City,MMR013D002,16.948471069336,96.198348999023,0.0,0.0,5.0,2.2111168,0.875,0.5577766299247742
6171,North Okkalapa,Yangon City,MMR013D002,16.949844360352,96.179122924805,0.0,0.0,8.0,1.3808141,0.800000011920929,0.7238371968269348
6172,North Okkalapa,Yangon City,MMR013D002,16.949844360352,96.181869506836,0.0,0.0,3.0,3.9416327,0.925000011920929,0.21167343854904175
6173,North Okkalapa,Yangon City,MMR013D002,16.951217651367,96.18049621582,0.0,0.0,5.0,1.3808141,0.875,0.7238371968269348
6174,North Okkalapa,Yangon City,MMR013D002,16.951217651367,96.19010925293,0.0,0.0,6.0,1.3808141,0.8500000238418579,0.7238371968269348
6175,North Okkalapa,Yangon City,MMR013D002,16.951217651367,96.192855834961,0.0,0.0,6.0,0.9976483,0.8500000238418579,0.8004703521728516
6176,North Okkalapa,Yangon City,MMR013D002,16.951217651367,96.194229125977,0.0,0.0,7.0,1.3808141,0.824999988079071,0.7238371968269348
6177,North Okkalapa,Yangon City,MMR013D002,16.952590942383,96.183242797852,0.0,0.0,7.0,2.153755,0.824999988079071,0.5692490339279175
6178,North Okkalapa,Yangon City,MMR013D002,16.952590942383,96.19010925293,0.0,0.0,6.0,1.9946922,0.8500000238418579,0.6010615825653076
6179,North Okkalapa,Yangon City,MMR013D002,16.953964233398,96.184616088867,0.0,0.0,8.0,2.862392,0.800000011920929,0.42752158641815186
6180,North Okkalapa,Yangon City,MMR013D002,16.953964233398,96.188735961914,0.0,0.0,5.0,1.3808141,0.875,0.7238371968269348
6181,North Okkalapa,Yangon City,MMR013D002,16.955337524414,96.181869506836,0.0,0.0,4.0,0.9548369,0.8999999761581421,0.8090326189994812
6182,Pabedan,Yangon City,MMR013D004,16.77131652832,96.155776977539,0.0,0.0,19.0,4.415667,0.5249999761581421,0.1168665885925293
6183,Pabedan,Yangon City,MMR013D004,16.77131652832,96.157150268555,0.0,0.0,22.0,6.0445805,0.44999998807907104,0.0
6184,Pabedan,Yangon City,MMR013D004,16.771774,96.154861,0.0,0.0,16.0,3.9416327,0.6000000238418579,0.21167343854904175
6185,Pabedan,Yangon City,MMR013D004,16.772276,96.158043,0.0,0.0,23.0,9.839425,0.42500001192092896,0.0
6186,Pabedan,Yangon City,MMR013D004,16.772422,96.157867,0.0,0.0,23.0,9.839425,0.42500001192092896,0.0
6187,Pabedan,Yangon City,MMR013D004,16.772476,96.155998,0.0,0.0,20.0,0.9976483,0.5,0.8004703521728516
6188,Pabedan,Yangon City,MMR013D004,16.77248,96.158096,0.0,0.0,30.0,11.128511,0.25,0.0
6189,Pabedan,Yangon City,MMR013D004,16.77249,96.155876,0.0,0.0,20.0,2.862392,0.5,0.42752158641815186
6190,Pabedan,Yangon City,MMR013D004,16.772489,96.155962,0.0,0.0,20.0,0.9976483,0.5,0.8004703521728516
6191,Pabedan,Yangon City,MMR013D004,16.772516,96.155937,0.0,0.0,20.0,2.862392,0.5,0.42752158641815186
6192,Pabedan,Yangon City,MMR013D004,16.772689819336,96.154403686523,0.0,0.0,20.0,1.3808141,0.5,0.7238371968269348
6193,Pabedan,Yangon City,MMR013D004,16.772689819336,96.155776977539,0.0,0.0,22.0,1.9946922,0.44999998807907104,0.6010615825653076
6194,Pabedan,Yangon City,MMR013D004,16.772689819336,96.157150268555,0.0,0.0,21.0,4.8412433,0.4750000238418579,0.03175133466720581
6195,Pabedan,Yangon City,MMR013D004,16.772825,96.157794,0.0,0.0,23.0,8.7541895,0.42500001192092896,0.0
6196,Pabedan,Yangon City,MMR013D004,16.773033,96.155777,0.0,0.0,20.0,3.4869568,0.5,0.3026086091995239
6197,Pabedan,Yangon City,MMR013D004,16.773985,96.157383,0.0,0.0,17.0,0.9548369,0.574999988079071,0.8090326189994812
6198,Pabedan,Yangon City,MMR013D004,16.774011,96.157758,0.0,0.0,16.0,2.2111168,0.6000000238418579,0.5577766299247742
6199,Pabedan,Yangon City,MMR013D004,16.774063,96.153717,0.0,0.0,15.0,3.8140574,0.625,0.23718851804733276
6200,Pabedan,Yangon City,MMR013D004,16.774063110352,96.154403686523,0.0,0.0,16.0,1.9091437,0.6000000238418579,0.6181712746620178
6201,Pabedan,Yangon City,MMR013D004,16.774063,96.15509,0.0,0.0,16.0,3.0307229,0.6000000238418579,0.3938554525375366
6202,Pabedan,Yangon City,MMR013D004,16.774063110352,96.155776977539,0.0,0.0,18.0,2.2111168,0.550000011920929,0.5577766299247742
6203,Pabedan,Yangon City,MMR013D004,16.774063,96.156464,0.0,0.0,18.0,0.9548369,0.550000011920929,0.8090326189994812
6204,Pabedan,Yangon City,MMR013D004,16.774063110352,96.157150268555,0.0,0.0,16.0,0.9548369,0.6000000238418579,0.8090326189994812
6205,Pabedan,Yangon City,MMR013D004,16.774063,96.157837,0.0,0.0,15.0,3.5461073,0.625,0.2907785177230835
6206,Pabedan,Yangon City,MMR013D004,16.774979,96.153946,0.0,0.0,14.0,0.9976483,0.6499999761581421,0.8004703521728516
6207,Pabedan,Yangon City,MMR013D004,16.775436,96.153946,0.0,0.0,13.0,1.9946922,0.675000011920929,0.6010615825653076
6208,Pabedan,Yangon City,MMR013D004,16.775436401367,96.155776977539,0.0,0.0,19.0,1.3808141,0.5249999761581421,0.7238371968269348
6209,Pabedan,Yangon City,MMR013D004,16.775665,96.153488,0.0,0.0,22.0,13.459408,0.44999998807907104,0.0
6210,Pabedan,Yangon City,MMR013D004,16.77578,96.153889,0.0,0.0,15.0,5.733568,0.625,0.0
6211,Pabedan,Yangon City,MMR013D004,16.775894,96.153946,0.0,0.0,15.0,5.733568,0.625,0.0
6212,Pabedan,Yangon City,MMR013D004,16.776123,96.155777,0.0,0.0,16.0,5.7959256,0.6000000238418579,0.0
6213,Pabedan,Yangon City,MMR013D004,16.776123,96.156464,0.0,0.0,15.0,4.8412433,0.625,0.03175133466720581
6214,Pabedan,Yangon City,MMR013D004,16.776123,96.15715,0.0,0.0,19.0,0.9976483,0.5249999761581421,0.8004703521728516
6215,Pabedan,Yangon City,MMR013D004,16.7768098461915,96.15440384326148,0.0,0.0,17.0,5.0660734,0.574999988079071,0.0
6216,Pabedan,Yangon City,MMR013D004,16.77681,96.15509,0.0,0.0,13.0,5.733568,0.675000011920929,0.0
6217,Pabedan,Yangon City,MMR013D004,16.776809692383,96.155776977539,0.0,0.0,10.0,2.862392,0.75,0.42752158641815186
6218,Pabedan,Yangon City,MMR013D004,16.77681,96.156693,0.0,0.0,16.0,6.2587476,0.6000000238418579,0.0
6219,Pabedan,Yangon City,MMR013D004,16.776809692383,96.157150268555,0.0,0.0,21.0,2.2111168,0.4750000238418579,0.5577766299247742
6220,Pabedan,Yangon City,MMR013D004,16.777153,96.15715,0.0,0.0,17.0,1.3808141,0.574999988079071,0.7238371968269348
6221,Pabedan,Yangon City,MMR013D004,16.777153,96.157494,0.0,0.0,17.0,2.153755,0.574999988079071,0.5692490339279175
6222,Pabedan,Yangon City,MMR013D004,16.777335,96.156696,0.0,0.0,18.0,1.3808141,0.550000011920929,0.7238371968269348
6223,Pabedan,Yangon City,MMR013D004,16.777359,96.154404,0.0,0.0,14.0,5.3264294,0.6499999761581421,0.0
6224,Pabedan,Yangon City,MMR013D004,16.777496,96.15715,0.0,0.0,17.0,1.3808141,0.574999988079071,0.7238371968269348
6225,Pabedan,Yangon City,MMR013D004,16.777534,96.157871,0.0,0.0,16.0,7.2024827,0.6000000238418579,0.0
6226,Pabedan,Yangon City,MMR013D004,16.77784,96.15715,0.0,0.0,16.0,3.138737,0.6000000238418579,0.37225258350372314
6227,Pabedan,Yangon City,MMR013D004,16.778183,96.15509,0.0,0.0,20.0,0.9548369,0.5,0.8090326189994812
6228,Pabedan,Yangon City,MMR013D004,16.778182983398,96.155776977539,0.0,0.0,19.0,4.7636194,0.5249999761581421,0.04727613925933838
6229,Pabedan,Yangon City,MMR013D004,16.778182983398,96.157150268555,0.0,0.0,16.0,5.733568,0.6000000238418579,0.0
6230,Pabedan,Yangon City,MMR013D004,16.778395,96.153831,0.0,0.0,13.0,4.096654,0.675000011920929,0.18066918849945068
6231,Pabedan,Yangon City,MMR013D004,16.778499,96.15475,0.0,0.0,15.0,3.9416327,0.625,0.21167343854904175
6232,Pabedan,Yangon City,MMR013D004,16.77887,96.15509,0.0,0.0,16.0,4.9007516,0.6000000238418579,0.019849658012390137
6233,Pabedan,Yangon City,MMR013D004,16.77887,96.155777,0.0,0.0,20.0,1.3808141,0.5,0.7238371968269348
6234,Pabedan,Yangon City,MMR013D004,16.77887,96.156464,0.0,0.0,22.0,2.153755,0.44999998807907104,0.5692490339279175
6235,Pabedan,Yangon City,MMR013D004,16.77887,96.15715,0.0,0.0,18.0,2.9905288,0.550000011920929,0.401894211769104
6236,Pabedan,Yangon City,MMR013D004,16.779213,96.153831,0.0,0.0,10.0,0.9548369,0.75,0.8090326189994812
6237,Pabedan,Yangon City,MMR013D004,16.779213,96.155777,0.0,0.0,20.0,1.9091437,0.5,0.6181712746620178
6238,Pabedan,Yangon City,MMR013D004,16.779499,96.158694,0.0,0.0,20.0,16.936193,0.5,0.0
6239,Pabedan,Yangon City,MMR013D004,16.779556,96.153717,0.0,0.0,15.0,4.1360445,0.625,0.17279112339019775
6240,Pabedan,Yangon City,MMR013D004,16.779556274414,96.154403686523,0.0,0.0,17.0,6.2581224,0.574999988079071,0.0
6241,Pabedan,Yangon City,MMR013D004,16.779556,96.155548,0.0,0.0,22.0,3.8140574,0.44999998807907104,0.23718851804733276
6242,Pabedan,Yangon City,MMR013D004,16.779556274414,96.155776977539,0.0,0.0,22.0,1.3808141,0.44999998807907104,0.7238371968269348
6243,Pabedan,Yangon City,MMR013D004,16.779556,96.156464,0.0,0.0,21.0,6.654394,0.4750000238418579,0.0
6244,Pabedan,Yangon City,MMR013D004,16.779556274414,96.157150268555,0.0,0.0,20.0,3.9416327,0.5,0.21167343854904175
6245,Pabedan,Yangon City,MMR013D004,16.779556274414,96.15852355957,0.0,0.0,18.0,11.002892,0.550000011920929,0.0
6246,Pabedan,Yangon City,MMR013D004,16.779556,96.158867,0.0,0.0,13.0,7.737872,0.675000011920929,0.0
6247,Pabedan,Yangon City,MMR013D004,16.779556,96.158981,0.0,0.0,14.0,9.662858,0.6499999761581421,0.0
6248,Pabedan,Yangon City,MMR013D004,16.779622,96.155989,0.0,0.0,21.0,2.153755,0.4750000238418579,0.5692490339279175
6249,Pabedan,Yangon City,MMR013D004,16.779709,96.157456,0.0,0.0,21.0,2.760026,0.4750000238418579,0.44799482822418213
6250,Pabedan,Yangon City,MMR013D004,16.779755,96.156739,0.0,0.0,21.0,1.3808141,0.4750000238418579,0.7238371968269348
6251,Pabedan,Yangon City,MMR013D004,16.779814,96.154232,0.0,0.0,20.0,2.760026,0.5,0.44799482822418213
6252,Pabedan,Yangon City,MMR013D004,16.779949,96.153619,0.0,0.0,16.0,6.2587476,0.6000000238418579,0.0
6253,Pabedan,Yangon City,MMR013D004,16.780137,96.156141,0.0,0.0,17.0,5.7105665,0.574999988079071,0.0
6254,Pabedan,Yangon City,MMR013D004,16.780243,96.156464,0.0,0.0,16.0,4.8660283,0.6000000238418579,0.02679431438446045
6255,Pabedan,Yangon City,MMR013D004,16.780243,96.15715,0.0,0.0,20.0,4.8660283,0.5,0.02679431438446045
6256,Pabedan,Yangon City,MMR013D004,16.780385,96.154987,0.0,0.0,15.0,6.0445805,0.625,0.0
6257,Pabedan,Yangon City,MMR013D004,16.780472,96.158524,0.0,0.0,18.0,1.9091437,0.550000011920929,0.6181712746620178
6258,Pabedan,Yangon City,MMR013D004,16.780586,96.15715,0.0,0.0,17.0,8.229426,0.574999988079071,0.0
6259,Pabedan,Yangon City,MMR013D004,16.780655,96.154129,0.0,0.0,18.0,2.862392,0.550000011920929,0.42752158641815186
6260,Pabedan,Yangon City,MMR013D004,16.78093,96.153946,0.0,0.0,16.0,1.9091437,0.6000000238418579,0.6181712746620178
6261,Pabedan,Yangon City,MMR013D004,16.78092956543,96.154403686523,0.0,0.0,14.0,6.437088,0.6499999761581421,0.0
6262,Pabedan,Yangon City,MMR013D004,16.78093,96.15509,0.0,0.0,13.0,0.9976483,0.675000011920929,0.8004703521728516
6263,Pabedan,Yangon City,MMR013D004,16.78092956543,96.155776977539,0.0,0.0,15.0,2.153755,0.625,0.5692490339279175
6264,Pabedan,Yangon City,MMR013D004,16.78092956543,96.15852355957,0.0,0.0,14.0,4.1360445,0.6499999761581421,0.17279112339019775
6265,Pabedan,Yangon City,MMR013D004,16.78093,96.158981,0.0,0.0,14.0,2.862392,0.6499999761581421,0.42752158641815186
6266,Pabedan,Yangon City,MMR013D004,16.781139,96.155957,0.0,0.0,15.0,4.7636194,0.625,0.04727613925933838
6267,Pazundaung,Yangon City,MMR013D002,16.773891,96.173973,0.0,0.0,9.0,8.282669,0.7749999761581421,0.0
6268,Pazundaung,Yangon City,MMR013D002,16.773976,96.17231,0.0,0.0,12.0,2.9905288,0.699999988079071,0.401894211769104
6269,Pazundaung,Yangon City,MMR013D002,16.774063110352,96.170883178711,0.0,0.0,17.0,2.2111168,0.574999988079071,0.5577766299247742
6270,Pazundaung,Yangon City,MMR013D002,16.774063110352,96.172256469727,0.0,0.0,12.0,2.9905288,0.699999988079071,0.401894211769104
6271,Pazundaung,Yangon City,MMR013D002,16.774063110352,96.173629760742,0.0,0.0,13.0,7.737872,0.675000011920929,0.0
6272,Pazundaung,Yangon City,MMR013D002,16.774063110352,96.176376342773,0.0,0.0,11.0,4.8660283,0.7250000238418579,0.02679431438446045
6273,Pazundaung,Yangon City,MMR013D002,16.774063110352,96.177749633789,0.0,0.0,12.0,2.153755,0.699999988079071,0.5692490339279175
6274,Pazundaung,Yangon City,MMR013D002,16.774063110352,96.179122924805,0.0,0.0,7.0,4.8412433,0.824999988079071,0.03175133466720581
6275,Pazundaung,Yangon City,MMR013D002,16.774063110352,96.18049621582,0.0,0.0,16.0,3.138737,0.6000000238418579,0.37225258350372314
6276,Pazundaung,Yangon City,MMR013D002,16.774063110352,96.181869506836,0.0,0.0,12.0,4.8412433,0.699999988079071,0.03175133466720581
6277,Pazundaung,Yangon City,MMR013D002,16.774063110352,96.183242797852,0.0,0.0,12.0,5.733568,0.699999988079071,0.0
6278,Pazundaung,Yangon City,MMR013D002,16.774205,96.170122,0.0,0.0,19.0,3.5461073,0.5249999761581421,0.2907785177230835
6279,Pazundaung,Yangon City,MMR013D002,16.774572,96.170666,0.0,0.0,17.0,3.8140574,0.574999988079071,0.23718851804733276
6280,Pazundaung,Yangon City,MMR013D002,16.774811,96.170517,0.0,0.0,15.0,4.096654,0.625,0.18066918849945068
6281,Pazundaung,Yangon City,MMR013D002,16.77482,96.170257,0.0,0.0,13.0,4.415667,0.675000011920929,0.1168665885925293
6282,Pazundaung,Yangon City,MMR013D002,16.774878,96.182201,0.0,0.0,9.0,0.9976483,0.7749999761581421,0.8004703521728516
6283,Pazundaung,Yangon City,MMR013D002,16.774887,96.171707,0.0,0.0,17.0,5.507302,0.574999988079071,0.0
6284,Pazundaung,Yangon City,MMR013D002,16.774887,96.180496,0.0,0.0,11.0,4.1360445,0.7250000238418579,0.17279112339019775
6285,Pazundaung,Yangon City,MMR013D002,16.774897,96.170133,0.0,0.0,11.0,3.0307229,0.7250000238418579,0.3938554525375366
6286,Pazundaung,Yangon City,MMR013D002,16.775036,96.174889,0.0,0.0,15.0,3.5461073,0.625,0.2907785177230835
6287,Pazundaung,Yangon City,MMR013D002,16.775095,96.170308,0.0,0.0,19.0,9.51285,0.5249999761581421,0.0
6288,Pazundaung,Yangon City,MMR013D002,16.775144,96.170026,0.0,0.0,17.0,10.2392845,0.574999988079071,0.0
6289,Pazundaung,Yangon City,MMR013D002,16.775389,96.174861,0.0,0.0,15.0,4.1360445,0.625,0.17279112339019775
6290,Pazundaung,Yangon City,MMR013D002,16.775436401367,96.170883178711,0.0,0.0,18.0,2.760026,0.550000011920929,0.44799482822418213
6291,Pazundaung,Yangon City,MMR013D002,16.775436401367,96.172256469727,0.0,0.0,19.0,1.9091437,0.5249999761581421,0.6181712746620178
6292,Pazundaung,Yangon City,MMR013D002,16.775436,96.172756,0.0,0.0,15.0,5.0660734,0.625,0.0
6293,Pazundaung,Yangon City,MMR013D002,16.775436401367,96.176376342773,0.0,0.0,11.0,3.138737,0.7250000238418579,0.37225258350372314
6294,Pazundaung,Yangon City,MMR013D002,16.775436401367,96.177749633789,0.0,0.0,8.0,5.7959256,0.800000011920929,0.0
6295,Pazundaung,Yangon City,MMR013D002,16.775436401367,96.181869506836,0.0,0.0,11.0,0.9976483,0.7250000238418579,0.8004703521728516
6296,Pazundaung,Yangon City,MMR013D002,16.775436401367,96.183242797852,0.0,0.0,6.0,4.1360445,0.8500000238418579,0.17279112339019775
6297,Pazundaung,Yangon City,MMR013D002,16.775627,96.181374,0.0,0.0,9.0,1.3808141,0.7749999761581421,0.7238371968269348
6298,Pazundaung,Yangon City,MMR013D002,16.776123,96.180496,0.0,0.0,11.0,0.9548369,0.7250000238418579,0.8090326189994812
6299,Pazundaung,Yangon City,MMR013D002,16.776169,96.172989,0.0,0.0,13.0,3.9845605,0.675000011920929,0.2030879259109497
6300,Pazundaung,Yangon City,MMR013D002,16.776342,96.173963,0.0,0.0,12.0,0.9976483,0.699999988079071,0.8004703521728516
6301,Pazundaung,Yangon City,MMR013D002,16.776581,96.177292,0.0,0.0,11.0,1.9091437,0.7250000238418579,0.6181712746620178
6302,Pazundaung,Yangon City,MMR013D002,16.776809692383,96.170883178711,0.0,0.0,14.0,2.153755,0.6499999761581421,0.5692490339279175
6303,Pazundaung,Yangon City,MMR013D002,16.776809692383,96.172256469727,0.0,0.0,12.0,3.138737,0.699999988079071,0.37225258350372314
6304,Pazundaung,Yangon City,MMR013D002,16.77681,96.172428,0.0,0.0,13.0,2.760026,0.675000011920929,0.44799482822418213
6305,Pazundaung,Yangon City,MMR013D002,16.77681,96.173335,0.0,0.0,11.0,1.9091437,0.7250000238418579,0.6181712746620178
6306,Pazundaung,Yangon City,MMR013D002,16.776809692383,96.173629760742,0.0,0.0,12.0,2.153755,0.699999988079071,0.5692490339279175
6307,Pazundaung,Yangon City,MMR013D002,16.77681,96.174931,0.0,0.0,13.0,2.2111168,0.675000011920929,0.5577766299247742
6308,Pazundaung,Yangon City,MMR013D002,16.776809692383,96.176376342773,0.0,0.0,15.0,0.9976483,0.625,0.8004703521728516
6309,Pazundaung,Yangon City,MMR013D002,16.77681,96.176626,0.0,0.0,14.0,1.9946922,0.6499999761581421,0.6010615825653076
6310,Pazundaung,Yangon City,MMR013D002,16.77681,96.176834,0.0,0.0,13.0,3.138737,0.675000011920929,0.37225258350372314
6311,Pazundaung,Yangon City,MMR013D002,16.776809692383,96.177749633789,0.0,0.0,11.0,2.760026,0.7250000238418579,0.44799482822418213
6312,Pazundaung,Yangon City,MMR013D002,16.776809692383,96.179122924805,0.0,0.0,7.0,3.4869568,0.824999988079071,0.3026086091995239
6313,Pazundaung,Yangon City,MMR013D002,16.776876,96.180099,0.0,0.0,6.0,3.0307229,0.8500000238418579,0.3938554525375366
6314,Pazundaung,Yangon City,MMR013D002,16.7769,96.180145,0.0,0.0,6.0,3.0307229,0.8500000238418579,0.3938554525375366
6315,Pazundaung,Yangon City,MMR013D002,16.776929,96.175779,0.0,0.0,12.0,0.0,0.699999988079071,1.0
6316,Pazundaung,Yangon City,MMR013D002,16.77702,96.17321,0.0,0.0,12.0,3.0307229,0.699999988079071,0.3938554525375366
6317,Pazundaung,Yangon City,MMR013D002,16.777031,96.180255,0.0,0.0,7.0,3.4869568,0.824999988079071,0.3026086091995239
6318,Pazundaung,Yangon City,MMR013D002,16.777084,96.172531,0.0,0.0,14.0,1.9946922,0.6499999761581421,0.6010615825653076
6319,Pazundaung,Yangon City,MMR013D002,16.777267,96.175003,0.0,0.0,12.0,1.3808141,0.699999988079071,0.7238371968269348
6320,Pazundaung,Yangon City,MMR013D002,16.777344,96.173325,0.0,0.0,14.0,4.3014402,0.6499999761581421,0.13971197605133057
6321,Pazundaung,Yangon City,MMR013D002,16.777496,96.172943,0.0,0.0,15.0,3.138737,0.625,0.37225258350372314
6322,Pazundaung,Yangon City,MMR013D002,16.77784,96.170197,0.0,0.0,13.0,7.013975,0.675000011920929,0.0
6323,Pazundaung,Yangon City,MMR013D002,16.777886,96.174855,0.0,0.0,12.0,3.4869568,0.699999988079071,0.3026086091995239
6324,Pazundaung,Yangon City,MMR013D002,16.777966,96.1711,0.0,0.0,14.0,4.8412433,0.6499999761581421,0.03175133466720581
6325,Pazundaung,Yangon City,MMR013D002,16.778182983398,96.170883178711,0.0,0.0,16.0,5.7105665,0.6000000238418579,0.0
6326,Pazundaung,Yangon City,MMR013D002,16.778183,96.17157,0.0,0.0,19.0,10.269225,0.5249999761581421,0.0
6327,Pazundaung,Yangon City,MMR013D002,16.778182983398,96.172256469727,0.0,0.0,21.0,7.9867764,0.4750000238418579,0.0
6328,Pazundaung,Yangon City,MMR013D002,16.778183,96.173172,0.0,0.0,13.0,1.3808141,0.675000011920929,0.7238371968269348
6329,Pazundaung,Yangon City,MMR013D002,16.778182983398,96.173629760742,0.0,0.0,14.0,1.3808141,0.6499999761581421,0.7238371968269348
6330,Pazundaung,Yangon City,MMR013D002,16.778182983398,96.175003051758,0.0,0.0,10.0,0.9976483,0.75,0.8004703521728516
6331,Pazundaung,Yangon City,MMR013D002,16.778209,96.172897,0.0,0.0,15.0,4.7636194,0.625,0.04727613925933838
6332,Pazundaung,Yangon City,MMR013D002,16.778276,96.171257,0.0,0.0,16.0,5.733568,0.6000000238418579,0.0
6333,Pazundaung,Yangon City,MMR013D002,16.778281,96.173237,0.0,0.0,15.0,3.8140574,0.625,0.23718851804733276
6334,Pazundaung,Yangon City,MMR013D002,16.778641,96.171341,0.0,0.0,12.0,4.415667,0.699999988079071,0.1168665885925293
6335,Pazundaung,Yangon City,MMR013D002,16.778732,96.172806,0.0,0.0,17.0,3.5461073,0.574999988079071,0.2907785177230835
6336,Pazundaung,Yangon City,MMR013D002,16.77887,96.170197,0.0,0.0,12.0,8.587172,0.699999988079071,0.0
6337,Pazundaung,Yangon City,MMR013D002,16.77887,96.177063,0.0,0.0,11.0,4.1360445,0.7250000238418579,0.17279112339019775
6338,Pazundaung,Yangon City,MMR013D002,16.779099,96.16769,0.0,0.0,13.0,4.8660283,0.675000011920929,0.02679431438446045
6339,Pazundaung,Yangon City,MMR013D002,16.779099,96.16951,0.0,0.0,15.0,4.096654,0.625,0.18066918849945068
6340,Pazundaung,Yangon City,MMR013D002,16.779178,96.1753,0.0,0.0,15.0,3.0307229,0.625,0.3938554525375366
6341,Pazundaung,Yangon City,MMR013D002,16.779303,96.175295,0.0,0.0,13.0,3.0307229,0.675000011920929,0.3938554525375366
6342,Pazundaung,Yangon City,MMR013D002,16.779373,96.16951,0.0,0.0,15.0,5.3264294,0.625,0.0
6343,Pazundaung,Yangon City,MMR013D002,16.779404,96.172943,0.0,0.0,19.0,4.096654,0.5249999761581421,0.18066918849945068
6344,Pazundaung,Yangon City,MMR013D002,16.779491,96.169641,0.0,0.0,15.0,5.3264294,0.625,0.0
6345,Pazundaung,Yangon City,MMR013D002,16.779556274414,96.16813659668,0.0,0.0,13.0,2.2111168,0.675000011920929,0.5577766299247742
6346,Pazundaung,Yangon City,MMR013D002,16.779556274414,96.169509887695,0.0,0.0,13.0,4.8412433,0.675000011920929,0.03175133466720581
6347,Pazundaung,Yangon City,MMR013D002,16.779556274414,96.170883178711,0.0,0.0,14.0,2.2111168,0.6499999761581421,0.5577766299247742
6348,Pazundaung,Yangon City,MMR013D002,16.779556,96.171341,0.0,0.0,15.0,2.9905288,0.625,0.401894211769104
6349,Pazundaung,Yangon City,MMR013D002,16.779556274414,96.172256469727,0.0,0.0,13.0,6.0397077,0.675000011920929,0.0
6350,Pazundaung,Yangon City,MMR013D002,16.779556274414,96.173629760742,0.0,0.0,16.0,6.6072006,0.6000000238418579,0.0
6351,Pazundaung,Yangon City,MMR013D002,16.779556274414,96.175003051758,0.0,0.0,13.0,3.9845605,0.675000011920929,0.2030879259109497
6352,Pazundaung,Yangon City,MMR013D002,16.779556,96.17569,0.0,0.0,16.0,1.3808141,0.6000000238418579,0.7238371968269348
6353,Pazundaung,Yangon City,MMR013D002,16.779556274414,96.176376342773,0.0,0.0,16.0,3.138737,0.6000000238418579,0.37225258350372314
6354,Pazundaung,Yangon City,MMR013D002,16.779814,96.174746,0.0,0.0,15.0,3.4869568,0.625,0.3026086091995239
6355,Pazundaung,Yangon City,MMR013D002,16.779982,96.169345,0.0,0.0,11.0,3.0307229,0.7250000238418579,0.3938554525375366
6356,Pazundaung,Yangon City,MMR013D002,16.780243,96.168137,0.0,0.0,13.0,2.2111168,0.675000011920929,0.5577766299247742
6357,Pazundaung,Yangon City,MMR013D002,16.780243,96.17157,0.0,0.0,17.0,1.9946922,0.574999988079071,0.6010615825653076
6358,Pazundaung,Yangon City,MMR013D002,16.780243,96.174316,0.0,0.0,12.0,4.3014402,0.699999988079071,0.13971197605133057
6359,Pazundaung,Yangon City,MMR013D002,16.780243,96.175003,0.0,0.0,12.0,3.0307229,0.699999988079071,0.3938554525375366
6360,Pazundaung,Yangon City,MMR013D002,16.780568,96.173341,0.0,0.0,14.0,0.9548369,0.6499999761581421,0.8090326189994812
6361,Pazundaung,Yangon City,MMR013D002,16.780586,96.173973,0.0,0.0,12.0,4.096654,0.699999988079071,0.18066918849945068
6362,Pazundaung,Yangon City,MMR013D002,16.780785,96.168353,0.0,0.0,12.0,4.8660283,0.699999988079071,0.02679431438446045
6363,Pazundaung,Yangon City,MMR013D002,16.78092956543,96.16813659668,0.0,0.0,9.0,3.9416327,0.7749999761581421,0.21167343854904175
6364,Pazundaung,Yangon City,MMR013D002,16.78093,96.168627,0.0,0.0,10.0,2.760026,0.75,0.44799482822418213
6365,Pazundaung,Yangon City,MMR013D002,16.78092956543,96.169509887695,0.0,0.0,13.0,1.3808141,0.675000011920929,0.7238371968269348
6366,Pazundaung,Yangon City,MMR013D002,16.78092956543,96.170883178711,0.0,0.0,18.0,3.138737,0.550000011920929,0.37225258350372314
6367,Pazundaung,Yangon City,MMR013D002,16.78092956543,96.172256469727,0.0,0.0,15.0,3.0307229,0.625,0.3938554525375366
6368,Pazundaung,Yangon City,MMR013D002,16.78092956543,96.173629760742,0.0,0.0,13.0,2.862392,0.675000011920929,0.42752158641815186
6369,Pazundaung,Yangon City,MMR013D002,16.78092956543,96.175003051758,0.0,0.0,12.0,2.2111168,0.699999988079071,0.5577766299247742
6370,Pazundaung,Yangon City,MMR013D002,16.781273,96.173286,0.0,0.0,14.0,2.9905288,0.6499999761581421,0.401894211769104
6371,Pazundaung,Yangon City,MMR013D002,16.781387,96.17363,0.0,0.0,16.0,3.4869568,0.6000000238418579,0.3026086091995239
6372,Pazundaung,Yangon City,MMR013D002,16.781616,96.17363,0.0,0.0,16.0,4.415667,0.6000000238418579,0.1168665885925293
6373,Pazundaung,Yangon City,MMR013D002,16.781983,96.17189,0.0,0.0,12.0,0.0,0.699999988079071,1.0
6374,Pazundaung,Yangon City,MMR013D002,16.78215,96.175003,0.0,0.0,9.0,3.0307229,0.7749999761581421,0.3938554525375366
6375,Pazundaung,Yangon City,MMR013D002,16.782178,96.174004,0.0,0.0,14.0,6.2581224,0.6499999761581421,0.0
6376,Pazundaung,Yangon City,MMR013D002,16.782302856445,96.172256469727,0.0,0.0,13.0,2.862392,0.675000011920929,0.42752158641815186
6377,Pazundaung,Yangon City,MMR013D002,16.782302856445,96.173629760742,0.0,0.0,19.0,7.065254,0.5249999761581421,0.0
6378,Pazundaung,Yangon City,MMR013D002,16.782302856445,96.175003051758,0.0,0.0,8.0,2.2111168,0.800000011920929,0.5577766299247742
6379,Sanchaung,Yangon City,MMR013D004,16.79678,96.131416,0.0,0.0,17.0,2.2111168,0.574999988079071,0.5577766299247742
6380,Sanchaung,Yangon City,MMR013D004,16.798477,96.130753,0.0,0.0,16.0,2.2111168,0.6000000238418579,0.5577766299247742
6381,Sanchaung,Yangon City,MMR013D004,16.798586,96.131646,0.0,0.0,17.0,6.6072006,0.574999988079071,0.0
6382,Sanchaung,Yangon City,MMR013D004,16.798782,96.128311,0.0,0.0,22.0,1.3808141,0.44999998807907104,0.7238371968269348
6383,Sanchaung,Yangon City,MMR013D004,16.798782348633,96.131057739258,0.0,0.0,15.0,2.2111168,0.625,0.5577766299247742
6384,Sanchaung,Yangon City,MMR013D004,16.798782,96.133347,0.0,0.0,24.0,0.9976483,0.3999999761581421,0.8004703521728516
6385,Sanchaung,Yangon City,MMR013D004,16.798782348633,96.133804321289,0.0,0.0,23.0,2.760026,0.42500001192092896,0.44799482822418213
6386,Sanchaung,Yangon City,MMR013D004,16.799469,96.131744,0.0,0.0,17.0,3.138737,0.574999988079071,0.37225258350372314
6387,Sanchaung,Yangon City,MMR013D004,16.799812,96.135521,0.0,0.0,25.0,8.554933,0.375,0.0
6388,Sanchaung,Yangon City,MMR013D004,16.799898,96.130409,0.0,0.0,20.0,3.0307229,0.5,0.3938554525375366
6389,Sanchaung,Yangon City,MMR013D004,16.800155639648,96.126937866211,0.0,0.0,23.0,2.2111168,0.42500001192092896,0.5577766299247742
6390,Sanchaung,Yangon City,MMR013D004,16.800155639648,96.131057739258,0.0,0.0,16.0,2.153755,0.6000000238418579,0.5692490339279175
6391,Sanchaung,Yangon City,MMR013D004,16.800155639648,96.135177612305,0.0,0.0,18.0,2.153755,0.550000011920929,0.5692490339279175
6392,Sanchaung,Yangon City,MMR013D004,16.800156,96.135864,0.0,0.0,22.0,4.8660283,0.44999998807907104,0.02679431438446045
6393,Sanchaung,Yangon City,MMR013D004,16.800548,96.126742,0.0,0.0,22.0,1.9946922,0.44999998807907104,0.6010615825653076
6394,Sanchaung,Yangon City,MMR013D004,16.800671,96.134319,0.0,0.0,19.0,2.9905288,0.5249999761581421,0.401894211769104
6395,Sanchaung,Yangon City,MMR013D004,16.800842,96.136551,0.0,0.0,23.0,2.2111168,0.42500001192092896,0.5577766299247742
6396,Sanchaung,Yangon City,MMR013D004,16.80098,96.129684,0.0,0.0,18.0,6.0397077,0.550000011920929,0.0
6397,Sanchaung,Yangon City,MMR013D004,16.801137,96.129684,0.0,0.0,17.0,5.0660734,0.574999988079071,0.0
6398,Sanchaung,Yangon City,MMR013D004,16.801395,96.138012,0.0,0.0,28.0,7.553004,0.30000001192092896,0.0
6399,Sanchaung,Yangon City,MMR013D004,16.801528930664,96.129684448242,0.0,0.0,17.0,5.0660734,0.574999988079071,0.0
6400,Sanchaung,Yangon City,MMR013D004,16.801528930664,96.131057739258,0.0,0.0,17.0,2.760026,0.574999988079071,0.44799482822418213
6401,Sanchaung,Yangon City,MMR013D004,16.801528930664,96.132431030273,0.0,0.0,21.0,2.153755,0.4750000238418579,0.5692490339279175
6402,Sanchaung,Yangon City,MMR013D004,16.801528930664,96.133804321289,0.0,0.0,16.0,1.3808141,0.6000000238418579,0.7238371968269348
6403,Sanchaung,Yangon City,MMR013D004,16.801528930664,96.135177612305,0.0,0.0,16.0,0.0,0.6000000238418579,1.0
6404,Sanchaung,Yangon City,MMR013D004,16.801528930664,96.13655090332,0.0,0.0,22.0,2.2111168,0.44999998807907104,0.5577766299247742
6405,Sanchaung,Yangon City,MMR013D004,16.801528930664,96.137924194336,0.0,0.0,28.0,7.553004,0.30000001192092896,0.0
6406,Sanchaung,Yangon City,MMR013D004,16.801872,96.135178,0.0,0.0,17.0,1.3808141,0.574999988079071,0.7238371968269348
6407,Sanchaung,Yangon City,MMR013D004,16.801987,96.130142,0.0,0.0,15.0,3.9416327,0.625,0.21167343854904175
6408,Sanchaung,Yangon City,MMR013D004,16.801987,96.137466,0.0,0.0,21.0,1.3808141,0.4750000238418579,0.7238371968269348
6409,Sanchaung,Yangon City,MMR013D004,16.801987,96.138382,0.0,0.0,25.0,2.760026,0.375,0.44799482822418213
6410,Sanchaung,Yangon City,MMR013D004,16.802078,96.134079,0.0,0.0,19.0,1.3808141,0.5249999761581421,0.7238371968269348
6411,Sanchaung,Yangon City,MMR013D004,16.802216,96.127625,0.0,0.0,22.0,2.2111168,0.44999998807907104,0.5577766299247742
6412,Sanchaung,Yangon City,MMR013D004,16.802216,96.129684,0.0,0.0,20.0,3.9416327,0.5,0.21167343854904175
6413,Sanchaung,Yangon City,MMR013D004,16.802216,96.134491,0.0,0.0,21.0,1.3808141,0.4750000238418579,0.7238371968269348
6414,Sanchaung,Yangon City,MMR013D004,16.802216,96.137924,0.0,0.0,23.0,3.5461073,0.42500001192092896,0.2907785177230835
6415,Sanchaung,Yangon City,MMR013D004,16.802216,96.139297,0.0,0.0,28.0,3.9416327,0.30000001192092896,0.21167343854904175
6416,Sanchaung,Yangon City,MMR013D004,16.802628,96.137924,0.0,0.0,22.0,2.153755,0.44999998807907104,0.5692490339279175
6417,Sanchaung,Yangon City,MMR013D004,16.802673,96.129913,0.0,0.0,24.0,4.7636194,0.3999999761581421,0.04727613925933838
6418,Sanchaung,Yangon City,MMR013D004,16.80290222168,96.126937866211,0.0,0.0,20.0,1.3808141,0.5,0.7238371968269348
6419,Sanchaung,Yangon City,MMR013D004,16.802902,96.128769,0.0,0.0,25.0,0.9976483,0.375,0.8004703521728516
6420,Sanchaung,Yangon City,MMR013D004,16.802902,96.12941,0.0,0.0,21.0,3.138737,0.4750000238418579,0.37225258350372314
6421,Sanchaung,Yangon City,MMR013D004,16.80290222168,96.129684448242,0.0,0.0,21.0,4.1360445,0.4750000238418579,0.17279112339019775
6422,Sanchaung,Yangon City,MMR013D004,16.80290222168,96.131057739258,0.0,0.0,19.0,2.2111168,0.5249999761581421,0.5577766299247742
6423,Sanchaung,Yangon City,MMR013D004,16.802902,96.131973,0.0,0.0,19.0,1.9091437,0.5249999761581421,0.6181712746620178
6424,Sanchaung,Yangon City,MMR013D004,16.80290222168,96.132431030273,0.0,0.0,19.0,1.9091437,0.5249999761581421,0.6181712746620178
6425,Sanchaung,Yangon City,MMR013D004,16.80290222168,96.133804321289,0.0,0.0,19.0,0.9548369,0.5249999761581421,0.8090326189994812
6426,Sanchaung,Yangon City,MMR013D004,16.802902,96.134834,0.0,0.0,17.0,4.096654,0.574999988079071,0.18066918849945068
6427,Sanchaung,Yangon City,MMR013D004,16.80290222168,96.135177612305,0.0,0.0,16.0,0.9548369,0.6000000238418579,0.8090326189994812
6428,Sanchaung,Yangon City,MMR013D004,16.80290211084,96.13655095166,0.0,0.0,25.0,2.153755,0.375,0.5692490339279175
6429,Sanchaung,Yangon City,MMR013D004,16.802902,96.136894,0.0,0.0,24.0,2.2111168,0.3999999761581421,0.5577766299247742
6430,Sanchaung,Yangon City,MMR013D004,16.802902,96.137009,0.0,0.0,24.0,2.2111168,0.3999999761581421,0.5577766299247742
6431,Sanchaung,Yangon City,MMR013D004,16.80290222168,96.137924194336,0.0,0.0,21.0,1.3808141,0.4750000238418579,0.7238371968269348
6432,Sanchaung,Yangon City,MMR013D004,16.802902,96.138611,0.0,0.0,22.0,3.4869568,0.44999998807907104,0.3026086091995239
6433,Sanchaung,Yangon City,MMR013D004,16.802902,96.13884,0.0,0.0,23.0,5.1608467,0.42500001192092896,0.0
6434,Sanchaung,Yangon City,MMR013D004,16.80290222168,96.139297485352,0.0,0.0,28.0,4.1360445,0.30000001192092896,0.17279112339019775
6435,Sanchaung,Yangon City,MMR013D004,16.80302,96.138046,0.0,0.0,21.0,2.9905288,0.4750000238418579,0.401894211769104
6436,Sanchaung,Yangon City,MMR013D004,16.803074,96.129684,0.0,0.0,19.0,2.153755,0.5249999761581421,0.5692490339279175
6437,Sanchaung,Yangon City,MMR013D004,16.803098,96.131646,0.0,0.0,17.0,0.9548369,0.574999988079071,0.8090326189994812
6438,Sanchaung,Yangon City,MMR013D004,16.80336,96.129227,0.0,0.0,23.0,3.138737,0.42500001192092896,0.37225258350372314
6439,Sanchaung,Yangon City,MMR013D004,16.80336,96.139297,0.0,0.0,27.0,6.9482727,0.32499998807907104,0.0
6440,Sanchaung,Yangon City,MMR013D004,16.803589,96.131058,0.0,0.0,21.0,0.9548369,0.4750000238418579,0.8090326189994812
6441,Sanchaung,Yangon City,MMR013D004,16.803589,96.136551,0.0,0.0,25.0,4.9007516,0.375,0.019849658012390137
6442,Sanchaung,Yangon City,MMR013D004,16.803589,96.140671,0.0,0.0,26.0,8.554933,0.3500000238418579,0.0
6443,Sanchaung,Yangon City,MMR013D004,16.803687,96.136551,0.0,0.0,25.0,4.9007516,0.375,0.019849658012390137
6444,Sanchaung,Yangon City,MMR013D004,16.803818,96.137009,0.0,0.0,27.0,2.153755,0.32499998807907104,0.5692490339279175
6445,Sanchaung,Yangon City,MMR013D004,16.803818,96.13884,0.0,0.0,26.0,7.013975,0.3500000238418579,0.0
6446,Sanchaung,Yangon City,MMR013D004,16.804224,96.141002,0.0,0.0,25.0,0.0,0.375,1.0
6447,Sanchaung,Yangon City,MMR013D004,16.804275512695,96.126937866211,0.0,0.0,20.0,1.9091437,0.5,0.6181712746620178
6448,Sanchaung,Yangon City,MMR013D004,16.804275512695,96.128311157227,0.0,0.0,23.0,2.153755,0.42500001192092896,0.5692490339279175
6449,Sanchaung,Yangon City,MMR013D004,16.804275512695,96.129684448242,0.0,0.0,20.0,2.2111168,0.5,0.5577766299247742
6450,Sanchaung,Yangon City,MMR013D004,16.804275512695,96.131057739258,0.0,0.0,19.0,3.4869568,0.5249999761581421,0.3026086091995239
6451,Sanchaung,Yangon City,MMR013D004,16.804275512695,96.132431030273,0.0,0.0,21.0,1.9091437,0.4750000238418579,0.6181712746620178
6452,Sanchaung,Yangon City,MMR013D004,16.804275512695,96.133804321289,0.0,0.0,29.0,8.419388,0.2749999761581421,0.0
6453,Sanchaung,Yangon City,MMR013D004,16.804275512695,96.135177612305,0.0,0.0,26.0,3.8140574,0.3500000238418579,0.23718851804733276
6454,Sanchaung,Yangon City,MMR013D004,16.804276,96.135635,0.0,0.0,24.0,5.1608467,0.3999999761581421,0.0
6455,Sanchaung,Yangon City,MMR013D004,16.804275512695,96.13655090332,0.0,0.0,27.0,4.7636194,0.32499998807907104,0.04727613925933838
6456,Sanchaung,Yangon City,MMR013D004,16.804276,96.137238,0.0,0.0,23.0,2.153755,0.42500001192092896,0.5692490339279175
6457,Sanchaung,Yangon City,MMR013D004,16.804275512695,96.137924194336,0.0,0.0,29.0,3.138737,0.2749999761581421,0.37225258350372314
6458,Sanchaung,Yangon City,MMR013D004,16.804275512695,96.139297485352,0.0,0.0,22.0,3.0307229,0.44999998807907104,0.3938554525375366
6459,Sanchaung,Yangon City,MMR013D004,16.804275512695,96.140670776367,0.0,0.0,25.0,1.3808141,0.375,0.7238371968269348
6460,Sanchaung,Yangon City,MMR013D004,16.804276,96.141357,0.0,0.0,25.0,0.0,0.375,1.0
6461,Sanchaung,Yangon City,MMR013D004,16.804275512695,96.142044067383,0.0,0.0,23.0,0.9976483,0.42500001192092896,0.8004703521728516
6462,Sanchaung,Yangon City,MMR013D004,16.804447,96.139126,0.0,0.0,22.0,2.2111168,0.44999998807907104,0.5577766299247742
6463,Sanchaung,Yangon City,MMR013D004,16.804677,96.131424,0.0,0.0,22.0,4.096654,0.44999998807907104,0.18066918849945068
6464,Sanchaung,Yangon City,MMR013D004,16.804733,96.1306,0.0,0.0,18.0,0.9548369,0.550000011920929,0.8090326189994812
6465,Sanchaung,Yangon City,MMR013D004,16.804733,96.132889,0.0,0.0,19.0,2.760026,0.5249999761581421,0.44799482822418213
6466,Sanchaung,Yangon City,MMR013D004,16.804733,96.133804,0.0,0.0,22.0,6.2587476,0.44999998807907104,0.0
6467,Sanchaung,Yangon City,MMR013D004,16.804733,96.137466,0.0,0.0,26.0,3.5461073,0.3500000238418579,0.2907785177230835
6468,Sanchaung,Yangon City,MMR013D004,16.80479,96.140048,0.0,0.0,23.0,2.153755,0.42500001192092896,0.5692490339279175
6469,Sanchaung,Yangon City,MMR013D004,16.804962,96.134491,0.0,0.0,26.0,2.2111168,0.3500000238418579,0.5577766299247742
6470,Sanchaung,Yangon City,MMR013D004,16.804962,96.136551,0.0,0.0,21.0,2.760026,0.4750000238418579,0.44799482822418213
6471,Sanchaung,Yangon City,MMR013D004,16.804962,96.139297,0.0,0.0,23.0,1.3808141,0.42500001192092896,0.7238371968269348
6472,Sanchaung,Yangon City,MMR013D004,16.805186,96.141594,0.0,0.0,32.0,4.7636194,0.19999998807907104,0.04727613925933838
6473,Sanchaung,Yangon City,MMR013D004,16.805648803711,96.126937866211,0.0,0.0,21.0,8.907284,0.4750000238418579,0.0
6474,Sanchaung,Yangon City,MMR013D004,16.805649,96.127625,0.0,0.0,27.0,2.9905288,0.32499998807907104,0.401894211769104
6475,Sanchaung,Yangon City,MMR013D004,16.805649,96.129227,0.0,0.0,23.0,2.2111168,0.42500001192092896,0.5577766299247742
6476,Sanchaung,Yangon City,MMR013D004,16.805648803711,96.129684448242,0.0,0.0,19.0,2.2111168,0.5249999761581421,0.5577766299247742
6477,Sanchaung,Yangon City,MMR013D004,16.805648803711,96.131057739258,0.0,0.0,20.0,0.9976483,0.5,0.8004703521728516
6478,Sanchaung,Yangon City,MMR013D004,16.805648803711,96.132431030273,0.0,0.0,19.0,0.0,0.5249999761581421,1.0
6479,Sanchaung,Yangon City,MMR013D004,16.805648803711,96.133804321289,0.0,0.0,23.0,2.760026,0.42500001192092896,0.44799482822418213
6480,Sanchaung,Yangon City,MMR013D004,16.805649,96.134262,0.0,0.0,24.0,3.9416327,0.3999999761581421,0.21167343854904175
6481,Sanchaung,Yangon City,MMR013D004,16.805648803711,96.13655090332,0.0,0.0,25.0,3.9416327,0.375,0.21167343854904175
6482,Sanchaung,Yangon City,MMR013D004,16.805649,96.137238,0.0,0.0,25.0,2.2111168,0.375,0.5577766299247742
6483,Sanchaung,Yangon City,MMR013D004,16.8056489018555,96.137924097168,0.0,0.0,29.0,4.3014402,0.2749999761581421,0.13971197605133057
6484,Sanchaung,Yangon City,MMR013D004,16.805649,96.138611,0.0,0.0,29.0,9.839425,0.2749999761581421,0.0
6485,Sanchaung,Yangon City,MMR013D004,16.805648803711,96.139297485352,0.0,0.0,23.0,2.153755,0.42500001192092896,0.5692490339279175
6486,Sanchaung,Yangon City,MMR013D004,16.805648803711,96.140670776367,0.0,0.0,29.0,7.846306,0.2749999761581421,0.0
6487,Sanchaung,Yangon City,MMR013D004,16.805649,96.141701,0.0,0.0,27.0,8.530726,0.32499998807907104,0.0
6488,Sanchaung,Yangon City,MMR013D004,16.805746,96.136848,0.0,0.0,26.0,1.3808141,0.3500000238418579,0.7238371968269348
6489,Sanchaung,Yangon City,MMR013D004,16.805916,96.136742,0.0,0.0,27.0,1.9091437,0.32499998807907104,0.6181712746620178
6490,Sanchaung,Yangon City,MMR013D004,16.805923,96.140671,0.0,0.0,24.0,8.149471,0.3999999761581421,0.0
6491,Sanchaung,Yangon City,MMR013D004,16.805946,96.12915,0.0,0.0,22.0,2.153755,0.44999998807907104,0.5692490339279175
6492,Sanchaung,Yangon City,MMR013D004,16.805988,96.129242,0.0,0.0,21.0,2.2111168,0.4750000238418579,0.5577766299247742
6493,Sanchaung,Yangon City,MMR013D004,16.805992,96.136379,0.0,0.0,27.0,1.3808141,0.32499998807907104,0.7238371968269348
6494,Sanchaung,Yangon City,MMR013D004,16.806107,96.133804,0.0,0.0,21.0,2.862392,0.4750000238418579,0.42752158641815186
6495,Sanchaung,Yangon City,MMR013D004,16.806198,96.136826,0.0,0.0,26.0,1.9091437,0.3500000238418579,0.6181712746620178
6496,Sanchaung,Yangon City,MMR013D004,16.806335,96.129684,0.0,0.0,19.0,2.153755,0.5249999761581421,0.5692490339279175
6497,Sanchaung,Yangon City,MMR013D004,16.806335,96.135178,0.0,0.0,25.0,2.153755,0.375,0.5692490339279175
6498,Sanchaung,Yangon City,MMR013D004,16.806564,96.136551,0.0,0.0,30.0,4.1360445,0.25,0.17279112339019775
6499,Sanchaung,Yangon City,MMR013D004,16.807022094727,96.126937866211,0.0,0.0,19.0,4.096654,0.5249999761581421,0.18066918849945068
6500,Sanchaung,Yangon City,MMR013D004,16.807022094727,96.128311157227,0.0,0.0,23.0,0.0,0.42500001192092896,1.0
6501,Sanchaung,Yangon City,MMR013D004,16.807022094727,96.129684448242,0.0,0.0,18.0,2.153755,0.550000011920929,0.5692490339279175
6502,Sanchaung,Yangon City,MMR013D004,16.807022,96.131744,0.0,0.0,22.0,2.862392,0.44999998807907104,0.42752158641815186
6503,Sanchaung,Yangon City,MMR013D004,16.807022094727,96.132431030273,0.0,0.0,22.0,2.153755,0.44999998807907104,0.5692490339279175
6504,Sanchaung,Yangon City,MMR013D004,16.807022094727,96.133804321289,0.0,0.0,23.0,7.6583467,0.42500001192092896,0.0
6505,Sanchaung,Yangon City,MMR013D004,16.807022094727,96.135177612305,0.0,0.0,25.0,4.1360445,0.375,0.17279112339019775
6506,Sanchaung,Yangon City,MMR013D004,16.807022094727,96.13655090332,0.0,0.0,31.0,3.9845605,0.2250000238418579,0.2030879259109497
6507,Sanchaung,Yangon City,MMR013D004,16.807022,96.137238,0.0,0.0,31.0,2.9905288,0.2250000238418579,0.401894211769104
6508,Sanchaung,Yangon City,MMR013D004,16.8070220473635,96.137924097168,0.0,0.0,30.0,2.153755,0.25,0.5692490339279175
6509,Sanchaung,Yangon City,MMR013D004,16.807022094727,96.139297485352,0.0,0.0,28.0,2.2111168,0.30000001192092896,0.5577766299247742
6510,Sanchaung,Yangon City,MMR013D004,16.807022,96.139755,0.0,0.0,29.0,2.153755,0.2749999761581421,0.5692490339279175
6511,Sanchaung,Yangon City,MMR013D004,16.807265,96.129905,0.0,0.0,20.0,2.153755,0.5,0.5692490339279175
6512,Sanchaung,Yangon City,MMR013D004,16.80748,96.136551,0.0,0.0,29.0,0.0,0.2749999761581421,1.0
6513,Sanchaung,Yangon City,MMR013D004,16.80748,96.138382,0.0,0.0,31.0,2.153755,0.2250000238418579,0.5692490339279175
6514,Sanchaung,Yangon City,MMR013D004,16.807571,96.136688,0.0,0.0,30.0,3.0307229,0.25,0.3938554525375366
6515,Sanchaung,Yangon City,MMR013D004,16.807571,96.139709,0.0,0.0,28.0,3.4869568,0.30000001192092896,0.3026086091995239
6516,Sanchaung,Yangon City,MMR013D004,16.807632,96.139908,0.0,0.0,28.0,1.9091437,0.30000001192092896,0.6181712746620178
6517,Sanchaung,Yangon City,MMR013D004,16.807709,96.126938,0.0,0.0,21.0,4.096654,0.4750000238418579,0.18066918849945068
6518,Sanchaung,Yangon City,MMR013D004,16.807709,96.128311,0.0,0.0,24.0,1.3808141,0.3999999761581421,0.7238371968269348
6519,Sanchaung,Yangon City,MMR013D004,16.807709,96.129684,0.0,0.0,21.0,3.138737,0.4750000238418579,0.37225258350372314
6520,Sanchaung,Yangon City,MMR013D004,16.807938,96.129684,0.0,0.0,21.0,1.3808141,0.4750000238418579,0.7238371968269348
6521,Sanchaung,Yangon City,MMR013D004,16.808116,96.134555,0.0,0.0,26.0,5.1608467,0.3500000238418579,0.0
6522,Sanchaung,Yangon City,MMR013D004,16.808199,96.134589,0.0,0.0,26.0,5.1608467,0.3500000238418579,0.0
6523,Sanchaung,Yangon City,MMR013D004,16.808395385742,96.126937866211,0.0,0.0,22.0,4.3014402,0.44999998807907104,0.13971197605133057
6524,Sanchaung,Yangon City,MMR013D004,16.808395385742,96.128311157227,0.0,0.0,23.0,2.153755,0.42500001192092896,0.5692490339279175
6525,Sanchaung,Yangon City,MMR013D004,16.808395385742,96.129684448242,0.0,0.0,23.0,2.2111168,0.42500001192092896,0.5577766299247742
6526,Sanchaung,Yangon City,MMR013D004,16.808395385742,96.131057739258,0.0,0.0,21.0,1.3808141,0.4750000238418579,0.7238371968269348
6527,Sanchaung,Yangon City,MMR013D004,16.808395,96.131744,0.0,0.0,21.0,2.2111168,0.4750000238418579,0.5577766299247742
6528,Sanchaung,Yangon City,MMR013D004,16.808395385742,96.132431030273,0.0,0.0,23.0,1.9091437,0.42500001192092896,0.6181712746620178
6529,Sanchaung,Yangon City,MMR013D004,16.808395385742,96.133804321289,0.0,0.0,26.0,3.138737,0.3500000238418579,0.37225258350372314
6530,Sanchaung,Yangon City,MMR013D004,16.808395385742,96.135177612305,0.0,0.0,28.0,3.4869568,0.30000001192092896,0.3026086091995239
6531,Sanchaung,Yangon City,MMR013D004,16.808395385742,96.13655090332,0.0,0.0,32.0,2.2111168,0.19999998807907104,0.5577766299247742
6532,Sanchaung,Yangon City,MMR013D004,16.808395,96.137238,0.0,0.0,31.0,1.9091437,0.2250000238418579,0.6181712746620178
6533,Sanchaung,Yangon City,MMR013D004,16.808395385742,96.137924194336,0.0,0.0,31.0,1.9946922,0.2250000238418579,0.6010615825653076
6534,Sanchaung,Yangon City,MMR013D004,16.808395,96.13884,0.0,0.0,33.0,0.9976483,0.17500001192092896,0.8004703521728516
6535,Sanchaung,Yangon City,MMR013D004,16.808395385742,96.139297485352,0.0,0.0,30.0,5.3264294,0.25,0.0
6536,Sanchaung,Yangon City,MMR013D004,16.808435,96.13903,0.0,0.0,33.0,3.138737,0.17500001192092896,0.37225258350372314
6537,Sanchaung,Yangon City,MMR013D004,16.809082,96.131744,0.0,0.0,22.0,2.153755,0.44999998807907104,0.5692490339279175
6538,Sanchaung,Yangon City,MMR013D004,16.809082,96.133118,0.0,0.0,25.0,4.1360445,0.375,0.17279112339019775
6539,Sanchaung,Yangon City,MMR013D004,16.809082,96.135864,0.0,0.0,30.0,2.153755,0.25,0.5692490339279175
6540,Sanchaung,Yangon City,MMR013D004,16.809083,96.138561,0.0,0.0,31.0,2.2111168,0.2250000238418579,0.5577766299247742
6541,Sanchaung,Yangon City,MMR013D004,16.809311,96.126938,0.0,0.0,22.0,3.5461073,0.44999998807907104,0.2907785177230835
6542,Sanchaung,Yangon City,MMR013D004,16.809389,96.135521,0.0,0.0,30.0,2.2111168,0.25,0.5577766299247742
6543,Sanchaung,Yangon City,MMR013D004,16.809582,96.130592,0.0,0.0,26.0,2.760026,0.3500000238418579,0.44799482822418213
6544,Sanchaung,Yangon City,MMR013D004,16.809641,96.13205,0.0,0.0,23.0,3.138737,0.42500001192092896,0.37225258350372314
6545,Sanchaung,Yangon City,MMR013D004,16.809652,96.132099,0.0,0.0,23.0,3.138737,0.42500001192092896,0.37225258350372314
6546,Sanchaung,Yangon City,MMR013D004,16.809662,96.132149,0.0,0.0,23.0,3.138737,0.42500001192092896,0.37225258350372314
6547,Sanchaung,Yangon City,MMR013D004,16.809769,96.12648,0.0,0.0,22.0,0.9976483,0.44999998807907104,0.8004703521728516
6548,Sanchaung,Yangon City,MMR013D004,16.809768676758,96.128311157227,0.0,0.0,24.0,2.153755,0.3999999761581421,0.5692490339279175
6549,Sanchaung,Yangon City,MMR013D004,16.809769,96.128998,0.0,0.0,23.0,1.3808141,0.42500001192092896,0.7238371968269348
6550,Sanchaung,Yangon City,MMR013D004,16.809768676758,96.129684448242,0.0,0.0,25.0,2.2111168,0.375,0.5577766299247742
6551,Sanchaung,Yangon City,MMR013D004,16.809768676758,96.132431030273,0.0,0.0,23.0,3.9416327,0.42500001192092896,0.21167343854904175
6552,Sanchaung,Yangon City,MMR013D004,16.809769,96.133118,0.0,0.0,26.0,3.9845605,0.3500000238418579,0.2030879259109497
6553,Sanchaung,Yangon City,MMR013D004,16.809768676758,96.135177612305,0.0,0.0,34.0,8.90101,0.1499999761581421,0.0
6554,Sanchaung,Yangon City,MMR013D004,16.809772,96.135445,0.0,0.0,30.0,6.1986523,0.25,0.0
6555,Sanchaung,Yangon City,MMR013D004,16.809769,96.135864,0.0,0.0,32.0,2.2111168,0.19999998807907104,0.5577766299247742
6556,Sanchaung,Yangon City,MMR013D004,16.809769,96.137238,0.0,0.0,33.0,0.9976483,0.17500001192092896,0.8004703521728516
6557,Sanchaung,Yangon City,MMR013D004,16.809768676758,96.137924194336,0.0,0.0,31.0,3.5461073,0.2250000238418579,0.2907785177230835
6558,Sanchaung,Yangon City,MMR013D004,16.809927,96.1356,0.0,0.0,30.0,2.760026,0.25,0.44799482822418213
6559,Sanchaung,Yangon City,MMR013D004,16.810074,96.137009,0.0,0.0,33.0,1.3808141,0.17500001192092896,0.7238371968269348
6560,Sanchaung,Yangon City,MMR013D004,16.810226,96.132431,0.0,0.0,27.0,6.1986523,0.32499998807907104,0.0
6561,Sanchaung,Yangon City,MMR013D004,16.810455,96.135864,0.0,0.0,34.0,1.3808141,0.1499999761581421,0.7238371968269348
6562,Sanchaung,Yangon City,MMR013D004,16.810593,96.1371,0.0,0.0,33.0,3.0307229,0.17500001192092896,0.3938554525375366
6563,Sanchaung,Yangon City,MMR013D004,16.811141967773,96.126937866211,0.0,0.0,21.0,2.760026,0.4750000238418579,0.44799482822418213
6564,Sanchaung,Yangon City,MMR013D004,16.811141967773,96.128311157227,0.0,0.0,28.0,0.9548369,0.30000001192092896,0.8090326189994812
6565,Sanchaung,Yangon City,MMR013D004,16.811142,96.129685,0.0,0.0,28.0,3.138737,0.30000001192092896,0.37225258350372314
6566,Sanchaung,Yangon City,MMR013D004,16.811141967773,96.131057739258,0.0,0.0,27.0,2.153755,0.32499998807907104,0.5692490339279175
6567,Sanchaung,Yangon City,MMR013D004,16.811141967773,96.132431030273,0.0,0.0,27.0,2.9905288,0.32499998807907104,0.401894211769104
6568,Sanchaung,Yangon City,MMR013D004,16.811142,96.133347,0.0,0.0,25.0,4.7636194,0.375,0.04727613925933838
6569,Sanchaung,Yangon City,MMR013D004,16.811141967773,96.133804321289,0.0,0.0,26.0,4.9007516,0.3500000238418579,0.019849658012390137
6570,Sanchaung,Yangon City,MMR013D004,16.811142,96.134491,0.0,0.0,31.0,2.760026,0.2250000238418579,0.44799482822418213
6571,Sanchaung,Yangon City,MMR013D004,16.811141967773,96.135177612305,0.0,0.0,32.0,0.9976483,0.19999998807907104,0.8004703521728516
6572,Sanchaung,Yangon City,MMR013D004,16.811141967773,96.13655090332,0.0,0.0,36.0,2.2111168,0.10000002384185791,0.5577766299247742
6573,Sanchaung,Yangon City,MMR013D004,16.811295,96.136398,0.0,0.0,34.0,5.733568,0.1499999761581421,0.0
6574,Sanchaung,Yangon City,MMR013D004,16.811371,96.135178,0.0,0.0,32.0,1.9946922,0.19999998807907104,0.6010615825653076
6575,Sanchaung,Yangon City,MMR013D004,16.811891,96.135552,0.0,0.0,35.0,4.3014402,0.125,0.13971197605133057
6576,Sanchaung,Yangon City,MMR013D004,16.812082,96.135105,0.0,0.0,32.0,2.2111168,0.19999998807907104,0.5577766299247742
6577,Sanchaung,Yangon City,MMR013D004,16.812515258789,96.126937866211,0.0,0.0,22.0,7.013975,0.44999998807907104,0.0
6578,Sanchaung,Yangon City,MMR013D004,16.812515258789,96.128311157227,0.0,0.0,29.0,1.3808141,0.2749999761581421,0.7238371968269348
6579,Sanchaung,Yangon City,MMR013D004,16.812515,96.131058,0.0,0.0,25.0,0.9976483,0.375,0.8004703521728516
6580,Sanchaung,Yangon City,MMR013D004,16.812515258789,96.132431030273,0.0,0.0,29.0,1.9946922,0.2749999761581421,0.6010615825653076
6581,Sanchaung,Yangon City,MMR013D004,16.812515258789,96.135177612305,0.0,0.0,32.0,3.138737,0.19999998807907104,0.37225258350372314
6582,Sanchaung,Yangon City,MMR013D004,16.812515,96.135374,0.0,0.0,32.0,2.153755,0.19999998807907104,0.5692490339279175
6583,Sanchaung,Yangon City,MMR013D004,16.812859,96.135178,0.0,0.0,34.0,4.9007516,0.1499999761581421,0.019849658012390137
6584,Sanchaung,Yangon City,MMR013D004,16.813103,96.130997,0.0,0.0,27.0,1.3808141,0.32499998807907104,0.7238371968269348
6585,Sanchaung,Yangon City,MMR013D004,16.813202,96.126938,0.0,0.0,23.0,6.0397077,0.42500001192092896,0.0
6586,Sanchaung,Yangon City,MMR013D004,16.813202,96.134491,0.0,0.0,35.0,5.617232,0.125,0.0
6587,Sanchaung,Yangon City,MMR013D004,16.813202,96.13472,0.0,0.0,36.0,1.9091437,0.10000002384185791,0.6181712746620178
6588,Sanchaung,Yangon City,MMR013D004,16.813264,96.131515,0.0,0.0,26.0,1.3808141,0.3500000238418579,0.7238371968269348
6589,Sanchaung,Yangon City,MMR013D004,16.813545,96.128311,0.0,0.0,27.0,3.8140574,0.32499998807907104,0.23718851804733276
6590,Sanchaung,Yangon City,MMR013D004,16.813745,96.130996,0.0,0.0,27.0,2.2111168,0.32499998807907104,0.5577766299247742
6591,Sanchaung,Yangon City,MMR013D004,16.813816,96.13166,0.0,0.0,26.0,3.0307229,0.3500000238418579,0.3938554525375366
6592,Sanchaung,Yangon City,MMR013D004,16.813856,96.131149,0.0,0.0,27.0,4.3014402,0.32499998807907104,0.13971197605133057
6593,Sanchaung,Yangon City,MMR013D004,16.813888549805,96.126937866211,0.0,0.0,20.0,0.0,0.5,1.0
6594,Sanchaung,Yangon City,MMR013D004,16.813888549805,96.131057739258,0.0,0.0,28.0,0.9548369,0.30000001192092896,0.8090326189994812
6595,Sanchaung,Yangon City,MMR013D004,16.814575,96.129227,0.0,0.0,23.0,1.9091437,0.42500001192092896,0.6181712746620178
6596,Sanchaung,Yangon City,MMR013D004,16.814575,96.130371,0.0,0.0,25.0,1.9946922,0.375,0.6010615825653076
6597,Sanchaung,Yangon City,MMR013D004,16.81526184082,96.126937866211,0.0,0.0,21.0,1.3808141,0.4750000238418579,0.7238371968269348
6598,Sanchaung,Yangon City,MMR013D004,16.816635,96.12648,0.0,0.0,22.0,1.3808141,0.44999998807907104,0.7238371968269348
6599,Sanchaung,Yangon City,MMR013D004,16.816635131836,96.126937866211,0.0,0.0,21.0,2.153755,0.4750000238418579,0.5692490339279175
6600,Shwepyithar,Yangon City,MMR013D001,16.932065,96.074377,0.0,0.0,6.0,2.760026,0.8500000238418579,0.44799482822418213
6601,Shwepyithar,Yangon City,MMR013D001,16.932118,96.074946,0.0,0.0,5.0,0.9548369,0.875,0.8090326189994812
6602,Shwepyithar,Yangon City,MMR013D001,16.932195,96.074074,0.0,0.0,3.0,2.2111168,0.925000011920929,0.5577766299247742
6603,Shwepyithar,Yangon City,MMR013D001,16.932252,96.07431,0.0,0.0,4.0,2.760026,0.8999999761581421,0.44799482822418213
6604,Shwepyithar,Yangon City,MMR013D001,16.932603,96.074251,0.0,0.0,3.0,1.9946922,0.925000011920929,0.6010615825653076
6605,Shwepyithar,Yangon City,MMR013D001,16.933364868164,96.074752807617,0.0,0.0,7.0,1.3808141,0.824999988079071,0.7238371968269348
6606,Shwepyithar,Yangon City,MMR013D001,16.940231323242,96.082992553711,0.0,0.0,5.0,2.2111168,0.875,0.5577766299247742
6607,Shwepyithar,Yangon City,MMR013D001,16.941327,96.086789,0.0,0.0,9.0,4.415667,0.7749999761581421,0.1168665885925293
6608,Shwepyithar,Yangon City,MMR013D001,16.941413,96.086498,0.0,0.0,5.0,5.0660734,0.875,0.0
6609,Shwepyithar,Yangon City,MMR013D001,16.941442,96.086609,0.0,0.0,5.0,5.0660734,0.875,0.0
6610,Shwepyithar,Yangon City,MMR013D001,16.941455,96.086756,0.0,0.0,9.0,4.415667,0.7749999761581421,0.1168665885925293
6611,Shwepyithar,Yangon City,MMR013D001,16.941477,96.08662,0.0,0.0,5.0,5.0660734,0.875,0.0
6612,Shwepyithar,Yangon City,MMR013D001,16.941488,96.086672,0.0,0.0,5.0,5.0660734,0.875,0.0
6613,Shwepyithar,Yangon City,MMR013D001,16.941537,96.086475,0.0,0.0,6.0,1.3808141,0.8500000238418579,0.7238371968269348
6614,Shwepyithar,Yangon City,MMR013D001,16.94154,96.086717,0.0,0.0,7.0,3.0307229,0.824999988079071,0.3938554525375366
6615,Shwepyithar,Yangon City,MMR013D001,16.941604614258,96.10221862793,0.0,0.0,11.0,5.507302,0.7250000238418579,0.0
6616,Shwepyithar,Yangon City,MMR013D001,16.941933,96.086534,0.0,0.0,6.0,0.0,0.8500000238418579,1.0
6617,Shwepyithar,Yangon City,MMR013D001,16.943932,96.083954,0.0,0.0,7.0,0.0,0.824999988079071,1.0
6618,Shwepyithar,Yangon City,MMR013D001,16.944031,96.084022,0.0,0.0,7.0,0.9548369,0.824999988079071,0.8090326189994812
6619,Shwepyithar,Yangon City,MMR013D001,16.944351196289,96.084365844727,0.0,0.0,5.0,3.8140574,0.875,0.23718851804733276
6620,Shwepyithar,Yangon City,MMR013D001,16.945206,96.084969,0.0,0.0,5.0,3.4869568,0.875,0.3026086091995239
6621,Shwepyithar,Yangon City,MMR013D001,16.945724487305,96.10221862793,0.0,0.0,9.0,3.0307229,0.7749999761581421,0.3938554525375366
6622,Shwepyithar,Yangon City,MMR013D001,16.94709777832,96.10221862793,0.0,0.0,8.0,2.760026,0.800000011920929,0.44799482822418213
6623,Shwepyithar,Yangon City,MMR013D001,16.948013,96.078414,0.0,0.0,7.0,3.138737,0.824999988079071,0.37225258350372314
6624,Shwepyithar,Yangon City,MMR013D001,16.949844360352,96.074752807617,0.0,0.0,7.0,1.3808141,0.824999988079071,0.7238371968269348
6625,Shwepyithar,Yangon City,MMR013D001,16.949844360352,96.082992553711,0.0,0.0,5.0,1.3808141,0.875,0.7238371968269348
6626,Shwepyithar,Yangon City,MMR013D001,16.951217651367,96.093978881836,0.0,0.0,8.0,3.0307229,0.800000011920929,0.3938554525375366
6627,Shwepyithar,Yangon City,MMR013D001,16.951217651367,96.100845336914,0.0,0.0,12.0,0.9548369,0.699999988079071,0.8090326189994812
6628,Shwepyithar,Yangon City,MMR013D001,16.951733,96.099792,0.0,0.0,10.0,0.9976483,0.75,0.8004703521728516
6629,Shwepyithar,Yangon City,MMR013D001,16.955337524414,96.084365844727,0.0,0.0,8.0,1.3808141,0.800000011920929,0.7238371968269348
6630,Shwepyithar,Yangon City,MMR013D001,16.95671081543,96.078872680664,0.0,0.0,9.0,2.9905288,0.7749999761581421,0.401894211769104
6631,Shwepyithar,Yangon City,MMR013D001,16.95671081543,96.08024597168,0.0,0.0,11.0,0.9548369,0.7250000238418579,0.8090326189994812
6632,Shwepyithar,Yangon City,MMR013D001,16.958084106445,96.08024597168,0.0,0.0,3.0,6.9418087,0.925000011920929,0.0
6633,Shwepyithar,Yangon City,MMR013D001,16.958084106445,96.085739135742,0.0,0.0,11.0,1.3808141,0.7250000238418579,0.7238371968269348
6634,Shwepyithar,Yangon City,MMR013D001,16.958084106445,96.098098754883,0.0,0.0,13.0,2.2111168,0.675000011920929,0.5577766299247742
6635,Shwepyithar,Yangon City,MMR013D001,16.959457397461,96.082992553711,0.0,0.0,10.0,3.0307229,0.75,0.3938554525375366
6636,Shwepyithar,Yangon City,MMR013D001,16.959457,96.085052,0.0,0.0,10.0,2.2111168,0.75,0.5577766299247742
6637,Shwepyithar,Yangon City,MMR013D001,16.959457397461,96.087112426758,0.0,0.0,9.0,2.153755,0.7749999761581421,0.5692490339279175
6638,Shwepyithar,Yangon City,MMR013D001,16.959457397461,96.098098754883,0.0,0.0,14.0,0.9976483,0.6499999761581421,0.8004703521728516
6639,Shwepyithar,Yangon City,MMR013D001,16.960830688477,96.078872680664,0.0,0.0,10.0,1.9946922,0.75,0.6010615825653076
6640,Shwepyithar,Yangon City,MMR013D001,16.960830688477,96.093978881836,0.0,0.0,11.0,2.2111168,0.7250000238418579,0.5577766299247742
6641,Shwepyithar,Yangon City,MMR013D001,16.962203979492,96.078872680664,0.0,0.0,10.0,0.9548369,0.75,0.8090326189994812
6642,Shwepyithar,Yangon City,MMR013D001,16.962547,96.096657,0.0,0.0,11.0,0.0,0.7250000238418579,1.0
6643,Shwepyithar,Yangon City,MMR013D001,16.96357,96.072716,0.0,0.0,10.0,4.096654,0.75,0.18066918849945068
6644,Shwepyithar,Yangon City,MMR013D001,16.963577270508,96.074752807617,0.0,0.0,10.0,0.9976483,0.75,0.8004703521728516
6645,Shwepyithar,Yangon City,MMR013D001,16.963577270508,96.093978881836,0.0,0.0,9.0,0.9548369,0.7749999761581421,0.8090326189994812
6646,Shwepyithar,Yangon City,MMR013D001,16.966323852539,96.096725463867,0.0,0.0,9.0,1.3808141,0.7749999761581421,0.7238371968269348
6647,Shwepyithar,Yangon City,MMR013D001,16.967697143555,96.095352172852,0.0,0.0,8.0,0.9976483,0.800000011920929,0.8004703521728516
6648,Shwepyithar,Yangon City,MMR013D001,16.968031,96.083313,0.0,0.0,7.0,1.9091437,0.824999988079071,0.6181712746620178
6649,Shwepyithar,Yangon City,MMR013D001,16.968408,96.089927,0.0,0.0,11.0,0.9548369,0.7250000238418579,0.8090326189994812
6650,Shwepyithar,Yangon City,MMR013D001,16.968431,96.089943,0.0,0.0,11.0,0.9548369,0.7250000238418579,0.8090326189994812
6651,Shwepyithar,Yangon City,MMR013D001,16.96907043457,96.11457824707,0.0,0.0,14.0,0.9976483,0.6499999761581421,0.8004703521728516
6652,Shwepyithar,Yangon City,MMR013D001,16.96907043457,96.115951538086,0.0,0.0,17.0,3.5461073,0.574999988079071,0.2907785177230835
6653,Shwepyithar,Yangon City,MMR013D001,16.970152,96.072502,0.0,0.0,9.0,1.3808141,0.7749999761581421,0.7238371968269348
6654,Shwepyithar,Yangon City,MMR013D001,16.971817016602,96.067886352539,0.0,0.0,7.0,3.9416327,0.824999988079071,0.21167343854904175
6655,Shwepyithar,Yangon City,MMR013D001,16.971817016602,96.069259643555,0.0,0.0,8.0,2.9905288,0.800000011920929,0.401894211769104
6656,Shwepyithar,Yangon City,MMR013D001,16.971817016602,96.076126098633,0.0,0.0,10.0,3.0307229,0.75,0.3938554525375366
6657,Shwepyithar,Yangon City,MMR013D001,16.972721,96.061462,0.0,0.0,5.0,1.9946922,0.875,0.6010615825653076
6658,Shwepyithar,Yangon City,MMR013D001,16.973190307617,96.076126098633,0.0,0.0,10.0,3.138737,0.75,0.37225258350372314
6659,Shwepyithar,Yangon City,MMR013D001,16.973190307617,96.093978881836,0.0,0.0,11.0,6.8722596,0.7250000238418579,0.0
6660,Shwepyithar,Yangon City,MMR013D001,16.974563598633,96.069259643555,0.0,0.0,6.0,1.9091437,0.8500000238418579,0.6181712746620178
6661,Shwepyithar,Yangon City,MMR013D001,16.979066,96.057697,0.0,0.0,2.0,3.9845605,0.949999988079071,0.2030879259109497
6662,Shwepyithar,Yangon City,MMR013D001,16.981398,96.053856,0.0,0.0,9.0,2.2111168,0.7749999761581421,0.5577766299247742
6663,Shwepyithar,Yangon City,MMR013D001,16.982168,96.0951,0.0,0.0,12.0,5.1608467,0.699999988079071,0.0
6664,Shwepyithar,Yangon City,MMR013D001,16.982857,96.09156,0.0,0.0,10.0,2.153755,0.75,0.5692490339279175
6665,Shwepyithar,Yangon City,MMR013D001,16.98295,96.063454,0.0,0.0,5.0,0.0,0.875,1.0
6666,Shwepyithar,Yangon City,MMR013D001,16.98393,96.073368,0.0,0.0,11.0,2.2111168,0.7250000238418579,0.5577766299247742
6667,Shwepyithar,Yangon City,MMR013D001,16.993789672852,96.089859008789,0.0,0.0,8.0,2.153755,0.800000011920929,0.5692490339279175
6668,Shwepyithar,Yangon City,MMR013D001,16.997909545898,96.052780151367,0.0,0.0,9.0,2.153755,0.7749999761581421,0.5692490339279175
6669,Shwepyithar,Yangon City,MMR013D001,16.997909545898,96.054153442383,0.0,0.0,8.0,1.3808141,0.800000011920929,0.7238371968269348
6670,Shwepyithar,Yangon City,MMR013D001,17.001495,96.066795,0.0,0.0,6.0,0.9976483,0.8500000238418579,0.8004703521728516
6671,Shwepyithar,Yangon City,MMR013D001,17.011642456055,96.081619262695,0.0,0.0,9.0,3.4869568,0.7749999761581421,0.3026086091995239
6672,South Okkalapa,Yangon City,MMR013D002,16.833801,96.17775,0.0,0.0,9.0,4.3014402,0.7749999761581421,0.13971197605133057
6673,South Okkalapa,Yangon City,MMR013D002,16.834487915039,96.176376342773,0.0,0.0,12.0,1.9091437,0.699999988079071,0.6181712746620178
6674,South Okkalapa,Yangon City,MMR013D002,16.834487915039,96.177749633789,0.0,0.0,9.0,1.3808141,0.7749999761581421,0.7238371968269348
6675,South Okkalapa,Yangon City,MMR013D002,16.834487915039,96.179122924805,0.0,0.0,10.0,1.9091437,0.75,0.6181712746620178
6676,South Okkalapa,Yangon City,MMR013D002,16.834488,96.17981,0.0,0.0,11.0,2.2111168,0.7250000238418579,0.5577766299247742
6677,South Okkalapa,Yangon City,MMR013D002,16.835175,96.177063,0.0,0.0,7.0,0.9976483,0.824999988079071,0.8004703521728516
6678,South Okkalapa,Yangon City,MMR013D002,16.835175,96.181183,0.0,0.0,14.0,1.3808141,0.6499999761581421,0.7238371968269348
6679,South Okkalapa,Yangon City,MMR013D002,16.835861206055,96.176376342773,0.0,0.0,10.0,4.096654,0.75,0.18066918849945068
6680,South Okkalapa,Yangon City,MMR013D002,16.835861206055,96.177749633789,0.0,0.0,7.0,0.9976483,0.824999988079071,0.8004703521728516
6681,South Okkalapa,Yangon City,MMR013D002,16.835861206055,96.181869506836,0.0,0.0,11.0,2.760026,0.7250000238418579,0.44799482822418213
6682,South Okkalapa,Yangon City,MMR013D002,16.835861,96.182556,0.0,0.0,10.0,3.0307229,0.75,0.3938554525375366
6683,South Okkalapa,Yangon City,MMR013D002,16.835861,96.182693,0.0,0.0,11.0,2.760026,0.7250000238418579,0.44799482822418213
6684,South Okkalapa,Yangon City,MMR013D002,16.835861,96.182785,0.0,0.0,11.0,2.760026,0.7250000238418579,0.44799482822418213
6685,South Okkalapa,Yangon City,MMR013D002,16.836548,96.184616,0.0,0.0,14.0,2.760026,0.6499999761581421,0.44799482822418213
6686,South Okkalapa,Yangon City,MMR013D002,16.83723449707,96.173629760742,0.0,0.0,7.0,2.760026,0.824999988079071,0.44799482822418213
6687,South Okkalapa,Yangon City,MMR013D002,16.837234,96.174316,0.0,0.0,7.0,1.9091437,0.824999988079071,0.6181712746620178
6688,South Okkalapa,Yangon City,MMR013D002,16.83723449707,96.175003051758,0.0,0.0,8.0,1.9946922,0.800000011920929,0.6010615825653076
6689,South Okkalapa,Yangon City,MMR013D002,16.83723449707,96.176376342773,0.0,0.0,6.0,1.3808141,0.8500000238418579,0.7238371968269348
6690,South Okkalapa,Yangon City,MMR013D002,16.83723449707,96.181869506836,0.0,0.0,5.0,6.9482727,0.875,0.0
6691,South Okkalapa,Yangon City,MMR013D002,16.83723449707,96.185989379883,0.0,0.0,12.0,6.8722596,0.699999988079071,0.0
6692,South Okkalapa,Yangon City,MMR013D002,16.838264,96.188393,0.0,0.0,13.0,3.0307229,0.675000011920929,0.3938554525375366
6693,South Okkalapa,Yangon City,MMR013D002,16.838607788086,96.172256469727,0.0,0.0,7.0,1.9946922,0.824999988079071,0.6010615825653076
6694,South Okkalapa,Yangon City,MMR013D002,16.838607788086,96.175003051758,0.0,0.0,9.0,3.5461073,0.7749999761581421,0.2907785177230835
6695,South Okkalapa,Yangon City,MMR013D002,16.838607788086,96.179122924805,0.0,0.0,10.0,1.9946922,0.75,0.6010615825653076
6696,South Okkalapa,Yangon City,MMR013D002,16.838607788086,96.181869506836,0.0,0.0,5.0,4.1360445,0.875,0.17279112339019775
6697,South Okkalapa,Yangon City,MMR013D002,16.838607788086,96.188735961914,0.0,0.0,11.0,1.3808141,0.7250000238418579,0.7238371968269348
6698,South Okkalapa,Yangon City,MMR013D002,16.838607788086,96.191482543945,0.0,0.0,11.0,4.096654,0.7250000238418579,0.18066918849945068
6699,South Okkalapa,Yangon City,MMR013D002,16.838961,96.178601,0.0,0.0,9.0,0.9548369,0.7749999761581421,0.8090326189994812
6700,South Okkalapa,Yangon City,MMR013D002,16.839981,96.17157,0.0,0.0,12.0,4.9007516,0.699999988079071,0.019849658012390137
6701,South Okkalapa,Yangon City,MMR013D002,16.839981079102,96.172256469727,0.0,0.0,10.0,4.9007516,0.75,0.019849658012390137
6702,South Okkalapa,Yangon City,MMR013D002,16.839981079102,96.173629760742,0.0,0.0,7.0,0.0,0.824999988079071,1.0
6703,South Okkalapa,Yangon City,MMR013D002,16.839981079102,96.175003051758,0.0,0.0,7.0,1.3808141,0.824999988079071,0.7238371968269348
6704,South Okkalapa,Yangon City,MMR013D002,16.839981079102,96.176376342773,0.0,0.0,9.0,0.9976483,0.7749999761581421,0.8004703521728516
6705,South Okkalapa,Yangon City,MMR013D002,16.839981079102,96.177749633789,0.0,0.0,8.0,0.0,0.800000011920929,1.0
6706,South Okkalapa,Yangon City,MMR013D002,16.839981079102,96.179122924805,0.0,0.0,7.0,0.9548369,0.824999988079071,0.8090326189994812
6707,South Okkalapa,Yangon City,MMR013D002,16.839981079102,96.18049621582,0.0,0.0,11.0,4.9007516,0.7250000238418579,0.019849658012390137
6708,South Okkalapa,Yangon City,MMR013D002,16.839981079102,96.183242797852,0.0,0.0,9.0,3.4869568,0.7749999761581421,0.3026086091995239
6709,South Okkalapa,Yangon City,MMR013D002,16.839981079102,96.192855834961,0.0,0.0,13.0,0.9976483,0.675000011920929,0.8004703521728516
6710,South Okkalapa,Yangon City,MMR013D002,16.839981079102,96.194229125977,0.0,0.0,11.0,3.0307229,0.7250000238418579,0.3938554525375366
6711,South Okkalapa,Yangon City,MMR013D002,16.840668,96.174316,0.0,0.0,12.0,2.2111168,0.699999988079071,0.5577766299247742
6712,South Okkalapa,Yangon City,MMR013D002,16.840668,96.17569,0.0,0.0,9.0,2.862392,0.7749999761581421,0.42752158641815186
6713,South Okkalapa,Yangon City,MMR013D002,16.840897,96.184616,0.0,0.0,6.0,2.153755,0.8500000238418579,0.5692490339279175
6714,South Okkalapa,Yangon City,MMR013D002,16.84124,96.181902,0.0,0.0,9.0,1.3808141,0.7749999761581421,0.7238371968269348
6715,South Okkalapa,Yangon City,MMR013D002,16.841354370117,96.170883178711,0.0,0.0,6.0,3.0307229,0.8500000238418579,0.3938554525375366
6716,South Okkalapa,Yangon City,MMR013D002,16.8413541850585,96.17225623486353,0.0,0.0,11.0,0.9976483,0.7250000238418579,0.8004703521728516
6717,South Okkalapa,Yangon City,MMR013D002,16.841354370117,96.173629760742,0.0,0.0,7.0,2.2111168,0.824999988079071,0.5577766299247742
6718,South Okkalapa,Yangon City,MMR013D002,16.841354370117,96.175003051758,0.0,0.0,8.0,1.3808141,0.800000011920929,0.7238371968269348
6719,South Okkalapa,Yangon City,MMR013D002,16.841354370117,96.183242797852,0.0,0.0,12.0,2.2111168,0.699999988079071,0.5577766299247742
6720,South Okkalapa,Yangon City,MMR013D002,16.841354370117,96.184616088867,0.0,0.0,9.0,0.9548369,0.7749999761581421,0.8090326189994812
6721,South Okkalapa,Yangon City,MMR013D002,16.841354370117,96.195602416992,0.0,0.0,9.0,0.9976483,0.7749999761581421,0.8004703521728516
6722,South Okkalapa,Yangon City,MMR013D002,16.841812,96.17363,0.0,0.0,10.0,2.862392,0.75,0.42752158641815186
6723,South Okkalapa,Yangon City,MMR013D002,16.84197,96.172417,0.0,0.0,10.0,3.138737,0.75,0.37225258350372314
6724,South Okkalapa,Yangon City,MMR013D002,16.842237,96.172668,0.0,0.0,10.0,2.153755,0.75,0.5692490339279175
6725,South Okkalapa,Yangon City,MMR013D002,16.842727661133,96.172256469727,0.0,0.0,9.0,2.153755,0.7749999761581421,0.5692490339279175
6726,South Okkalapa,Yangon City,MMR013D002,16.842727661133,96.175003051758,0.0,0.0,9.0,0.9548369,0.7749999761581421,0.8090326189994812
6727,South Okkalapa,Yangon City,MMR013D002,16.842727661133,96.176376342773,0.0,0.0,9.0,1.3808141,0.7749999761581421,0.7238371968269348
6728,South Okkalapa,Yangon City,MMR013D002,16.842727661133,96.179122924805,0.0,0.0,8.0,0.0,0.800000011920929,1.0
6729,South Okkalapa,Yangon City,MMR013D002,16.842727661133,96.181869506836,0.0,0.0,8.0,0.0,0.800000011920929,1.0
6730,South Okkalapa,Yangon City,MMR013D002,16.842727661133,96.184616088867,0.0,0.0,9.0,1.9091437,0.7749999761581421,0.6181712746620178
6731,South Okkalapa,Yangon City,MMR013D002,16.842727661133,96.195602416992,0.0,0.0,8.0,2.153755,0.800000011920929,0.5692490339279175
6732,South Okkalapa,Yangon City,MMR013D002,16.842727661133,96.196975708008,0.0,0.0,6.0,2.9905288,0.8500000238418579,0.401894211769104
6733,South Okkalapa,Yangon City,MMR013D002,16.842901,96.184298,0.0,0.0,9.0,2.760026,0.7749999761581421,0.44799482822418213
6734,South Okkalapa,Yangon City,MMR013D002,16.843414,96.176376,0.0,0.0,11.0,0.9548369,0.7250000238418579,0.8090326189994812
6735,South Okkalapa,Yangon City,MMR013D002,16.843559,96.17625,0.0,0.0,11.0,0.9548369,0.7250000238418579,0.8090326189994812
6736,South Okkalapa,Yangon City,MMR013D002,16.844100952148,96.169509887695,0.0,0.0,11.0,1.3808141,0.7250000238418579,0.7238371968269348
6737,South Okkalapa,Yangon City,MMR013D002,16.844100976074,96.17225623486353,0.0,0.0,8.0,1.3808141,0.800000011920929,0.7238371968269348
6738,South Okkalapa,Yangon City,MMR013D002,16.844100952148,96.176376342773,0.0,0.0,11.0,1.9091437,0.7250000238418579,0.6181712746620178
6739,South Okkalapa,Yangon City,MMR013D002,16.844100952148,96.177749633789,0.0,0.0,10.0,1.3808141,0.75,0.7238371968269348
6740,South Okkalapa,Yangon City,MMR013D002,16.844100952148,96.181869506836,0.0,0.0,8.0,3.5461073,0.800000011920929,0.2907785177230835
6741,South Okkalapa,Yangon City,MMR013D002,16.844100952148,96.196975708008,0.0,0.0,9.0,4.3014402,0.7749999761581421,0.13971197605133057
6742,South Okkalapa,Yangon City,MMR013D002,16.844100952148,96.198348999023,0.0,0.0,11.0,0.9976483,0.7250000238418579,0.8004703521728516
6743,South Okkalapa,Yangon City,MMR013D002,16.844788,96.170197,0.0,0.0,9.0,0.9548369,0.7749999761581421,0.8090326189994812
6744,South Okkalapa,Yangon City,MMR013D002,16.84482,96.178757,0.0,0.0,12.0,0.9548369,0.699999988079071,0.8090326189994812
6745,South Okkalapa,Yangon City,MMR013D002,16.845016,96.170883,0.0,0.0,10.0,0.9976483,0.75,0.8004703521728516
6746,South Okkalapa,Yangon City,MMR013D002,16.845222,96.176019,0.0,0.0,9.0,1.3808141,0.7749999761581421,0.7238371968269348
6747,South Okkalapa,Yangon City,MMR013D002,16.845474243164,96.16813659668,0.0,0.0,6.0,1.3808141,0.8500000238418579,0.7238371968269348
6748,South Okkalapa,Yangon City,MMR013D002,16.845474243164,96.169509887695,0.0,0.0,8.0,2.2111168,0.800000011920929,0.5577766299247742
6749,South Okkalapa,Yangon City,MMR013D002,16.845474243164,96.170883178711,0.0,0.0,8.0,3.138737,0.800000011920929,0.37225258350372314
6750,South Okkalapa,Yangon City,MMR013D002,16.845474243164,96.173629760742,0.0,0.0,9.0,3.5461073,0.7749999761581421,0.2907785177230835
6751,South Okkalapa,Yangon City,MMR013D002,16.845474243164,96.179122924805,0.0,0.0,10.0,1.9091437,0.75,0.6181712746620178
6752,South Okkalapa,Yangon City,MMR013D002,16.845474243164,96.18049621582,0.0,0.0,8.0,1.3808141,0.800000011920929,0.7238371968269348
6753,South Okkalapa,Yangon City,MMR013D002,16.845474243164,96.196975708008,0.0,0.0,7.0,5.733568,0.824999988079071,0.0
6754,South Okkalapa,Yangon City,MMR013D002,16.845474243164,96.198348999023,0.0,0.0,5.0,4.1360445,0.875,0.17279112339019775
6755,South Okkalapa,Yangon City,MMR013D002,16.845474243164,96.199722290039,0.0,0.0,9.0,0.0,0.7749999761581421,1.0
6756,South Okkalapa,Yangon City,MMR013D002,16.845895,96.172285,0.0,0.0,8.0,0.9976483,0.800000011920929,0.8004703521728516
6757,South Okkalapa,Yangon City,MMR013D002,16.846161,96.200409,0.0,0.0,9.0,1.3808141,0.7749999761581421,0.7238371968269348
6758,South Okkalapa,Yangon City,MMR013D002,16.84684753418,96.169509887695,0.0,0.0,10.0,0.9976483,0.75,0.8004703521728516
6759,South Okkalapa,Yangon City,MMR013D002,16.84684753418,96.170883178711,0.0,0.0,10.0,3.0307229,0.75,0.3938554525375366
6760,South Okkalapa,Yangon City,MMR013D002,16.84684753418,96.18049621582,0.0,0.0,10.0,2.760026,0.75,0.44799482822418213
6761,South Okkalapa,Yangon City,MMR013D002,16.84684753418,96.198348999023,0.0,0.0,-2.0,2.2111168,1.0,0.5577766299247742
6762,South Okkalapa,Yangon City,MMR013D002,16.847534,96.196289,0.0,0.0,9.0,0.9976483,0.7749999761581421,0.8004703521728516
6763,South Okkalapa,Yangon City,MMR013D002,16.847534,96.198349,0.0,0.0,6.0,4.3014402,0.8500000238418579,0.13971197605133057
6764,South Okkalapa,Yangon City,MMR013D002,16.847694,96.171555,0.0,0.0,9.0,2.760026,0.7749999761581421,0.44799482822418213
6765,South Okkalapa,Yangon City,MMR013D002,16.84787,96.169266,0.0,0.0,9.0,1.3808141,0.7749999761581421,0.7238371968269348
6766,South Okkalapa,Yangon City,MMR013D002,16.848220825195,96.169509887695,0.0,0.0,8.0,1.3808141,0.800000011920929,0.7238371968269348
6767,South Okkalapa,Yangon City,MMR013D002,16.848220825195,96.172256469727,0.0,0.0,10.0,0.9976483,0.75,0.8004703521728516
6768,South Okkalapa,Yangon City,MMR013D002,16.848220825195,96.179122924805,0.0,0.0,9.0,1.3808141,0.7749999761581421,0.7238371968269348
6769,South Okkalapa,Yangon City,MMR013D002,16.848220825195,96.18049621582,0.0,0.0,10.0,2.760026,0.75,0.44799482822418213
6770,South Okkalapa,Yangon City,MMR013D002,16.848220825195,96.194229125977,0.0,0.0,9.0,1.3808141,0.7749999761581421,0.7238371968269348
6771,South Okkalapa,Yangon City,MMR013D002,16.848221,96.194916,0.0,0.0,10.0,0.9976483,0.75,0.8004703521728516
6772,South Okkalapa,Yangon City,MMR013D002,16.848220825195,96.195602416992,0.0,0.0,10.0,0.9548369,0.75,0.8090326189994812
6773,South Okkalapa,Yangon City,MMR013D002,16.848220825195,96.196975708008,0.0,0.0,10.0,3.0307229,0.75,0.3938554525375366
6774,South Okkalapa,Yangon City,MMR013D002,16.848220825195,96.198348999023,0.0,0.0,7.0,1.9946922,0.824999988079071,0.6010615825653076
6775,South Okkalapa,Yangon City,MMR013D002,16.848644,96.18261,0.0,0.0,11.0,0.0,0.7250000238418579,1.0
6776,South Okkalapa,Yangon City,MMR013D002,16.849594116211,96.166763305664,0.0,0.0,9.0,0.9548369,0.7749999761581421,0.8090326189994812
6777,South Okkalapa,Yangon City,MMR013D002,16.849594116211,96.16813659668,0.0,0.0,7.0,0.9976483,0.824999988079071,0.8004703521728516
6778,South Okkalapa,Yangon City,MMR013D002,16.849594116211,96.169509887695,0.0,0.0,8.0,0.9548369,0.800000011920929,0.8090326189994812
6779,South Okkalapa,Yangon City,MMR013D002,16.849594116211,96.170883178711,0.0,0.0,9.0,1.3808141,0.7749999761581421,0.7238371968269348
6780,South Okkalapa,Yangon City,MMR013D002,16.849594116211,96.172256469727,0.0,0.0,9.0,1.3808141,0.7749999761581421,0.7238371968269348
6781,South Okkalapa,Yangon City,MMR013D002,16.849594116211,96.18049621582,0.0,0.0,7.0,0.0,0.824999988079071,1.0
6782,South Okkalapa,Yangon City,MMR013D002,16.849594116211,96.19010925293,0.0,0.0,8.0,2.153755,0.800000011920929,0.5692490339279175
6783,South Okkalapa,Yangon City,MMR013D002,16.849594116211,96.191482543945,0.0,0.0,9.0,1.3808141,0.7749999761581421,0.7238371968269348
6784,South Okkalapa,Yangon City,MMR013D002,16.849594116211,96.192855834961,0.0,0.0,9.0,5.3264294,0.7749999761581421,0.0
6785,South Okkalapa,Yangon City,MMR013D002,16.849869,96.192856,0.0,0.0,8.0,5.0660734,0.800000011920929,0.0
6786,South Okkalapa,Yangon City,MMR013D002,16.849899,96.194225,0.0,0.0,10.0,1.3808141,0.75,0.7238371968269348
6787,South Okkalapa,Yangon City,MMR013D002,16.850353,96.168304,0.0,0.0,10.0,0.9548369,0.75,0.8090326189994812
6788,South Okkalapa,Yangon City,MMR013D002,16.85062,96.189995,0.0,0.0,6.0,3.138737,0.8500000238418579,0.37225258350372314
6789,South Okkalapa,Yangon City,MMR013D002,16.850967407227,96.16813659668,0.0,0.0,9.0,1.9091437,0.7749999761581421,0.6181712746620178
6790,South Okkalapa,Yangon City,MMR013D002,16.850967407227,96.169509887695,0.0,0.0,8.0,2.760026,0.800000011920929,0.44799482822418213
6791,South Okkalapa,Yangon City,MMR013D002,16.850967407227,96.173629760742,0.0,0.0,6.0,2.2111168,0.8500000238418579,0.5577766299247742
6792,South Okkalapa,Yangon City,MMR013D002,16.850967407227,96.176376342773,0.0,0.0,9.0,2.153755,0.7749999761581421,0.5692490339279175
6793,South Okkalapa,Yangon City,MMR013D002,16.850967407227,96.184616088867,0.0,0.0,11.0,0.0,0.7250000238418579,1.0
6794,South Okkalapa,Yangon City,MMR013D002,16.850967407227,96.187362670898,0.0,0.0,10.0,1.9091437,0.75,0.6181712746620178
6795,South Okkalapa,Yangon City,MMR013D002,16.850967407227,96.188735961914,0.0,0.0,10.0,1.3808141,0.75,0.7238371968269348
6796,South Okkalapa,Yangon City,MMR013D002,16.851206,96.194969,0.0,0.0,10.0,2.760026,0.75,0.44799482822418213
6797,South Okkalapa,Yangon City,MMR013D002,16.85135,96.193255,0.0,0.0,8.0,2.153755,0.800000011920929,0.5692490339279175
6798,South Okkalapa,Yangon City,MMR013D002,16.851654,96.187363,0.0,0.0,9.0,0.0,0.7749999761581421,1.0
6799,South Okkalapa,Yangon City,MMR013D002,16.851654,96.188049,0.0,0.0,10.0,0.0,0.75,1.0
6800,South Okkalapa,Yangon City,MMR013D002,16.852341,96.164703,0.0,0.0,11.0,2.153755,0.7250000238418579,0.5692490339279175
6801,South Okkalapa,Yangon City,MMR013D002,16.852340698242,96.165390014648,0.0,0.0,10.0,3.9845605,0.75,0.2030879259109497
6802,South Okkalapa,Yangon City,MMR013D002,16.852341,96.166077,0.0,0.0,7.0,2.9905288,0.824999988079071,0.401894211769104
6803,South Okkalapa,Yangon City,MMR013D002,16.852340698242,96.166763305664,0.0,0.0,8.0,3.4869568,0.800000011920929,0.3026086091995239
6804,South Okkalapa,Yangon City,MMR013D002,16.852340698242,96.175003051758,0.0,0.0,9.0,0.9548369,0.7749999761581421,0.8090326189994812
6805,South Okkalapa,Yangon City,MMR013D002,16.852340698242,96.177749633789,0.0,0.0,9.0,2.153755,0.7749999761581421,0.5692490339279175
6806,South Okkalapa,Yangon City,MMR013D002,16.852340698242,96.185989379883,0.0,0.0,12.0,1.9946922,0.699999988079071,0.6010615825653076
6807,South Okkalapa,Yangon City,MMR013D002,16.852557,96.166599,0.0,0.0,7.0,3.5461073,0.824999988079071,0.2907785177230835
6808,South Okkalapa,Yangon City,MMR013D002,16.85258,96.191979,0.0,0.0,9.0,3.0307229,0.7749999761581421,0.3938554525375366
6809,South Okkalapa,Yangon City,MMR013D002,16.852688,96.165789,0.0,0.0,8.0,2.9905288,0.800000011920929,0.401894211769104
6810,South Okkalapa,Yangon City,MMR013D002,16.852802,96.16584,0.0,0.0,8.0,2.9905288,0.800000011920929,0.401894211769104
6811,South Okkalapa,Yangon City,MMR013D002,16.852867,96.184372,0.0,0.0,10.0,0.9548369,0.75,0.8090326189994812
6812,South Okkalapa,Yangon City,MMR013D002,16.853027,96.185989,0.0,0.0,9.0,3.9416327,0.7749999761581421,0.21167343854904175
6813,South Okkalapa,Yangon City,MMR013D002,16.853226,96.165916,0.0,0.0,10.0,2.153755,0.75,0.5692490339279175
6814,South Okkalapa,Yangon City,MMR013D002,16.853249,96.181387,0.0,0.0,7.0,0.9976483,0.824999988079071,0.8004703521728516
6815,South Okkalapa,Yangon City,MMR013D002,16.853256,96.166763,0.0,0.0,9.0,4.8412433,0.7749999761581421,0.03175133466720581
6816,South Okkalapa,Yangon City,MMR013D002,16.853256,96.167679,0.0,0.0,7.0,1.3808141,0.824999988079071,0.7238371968269348
6817,South Okkalapa,Yangon City,MMR013D002,16.853482,96.182362,0.0,0.0,9.0,3.0307229,0.7749999761581421,0.3938554525375366
6818,South Okkalapa,Yangon City,MMR013D002,16.853558,96.184296,0.0,0.0,10.0,1.3808141,0.75,0.7238371968269348
6819,South Okkalapa,Yangon City,MMR013D002,16.853713989258,96.166763305664,0.0,0.0,10.0,3.138737,0.75,0.37225258350372314
6820,South Okkalapa,Yangon City,MMR013D002,16.853713989258,96.16813659668,0.0,0.0,8.0,1.3808141,0.800000011920929,0.7238371968269348
6821,South Okkalapa,Yangon City,MMR013D002,16.853713989258,96.173629760742,0.0,0.0,9.0,1.9091437,0.7749999761581421,0.6181712746620178
6822,South Okkalapa,Yangon City,MMR013D002,16.853713989258,96.177749633789,0.0,0.0,9.0,2.153755,0.7749999761581421,0.5692490339279175
6823,South Okkalapa,Yangon City,MMR013D002,16.853713989258,96.183242797852,0.0,0.0,7.0,3.4869568,0.824999988079071,0.3026086091995239
6824,South Okkalapa,Yangon City,MMR013D002,16.853714,96.183929,0.0,0.0,10.0,0.9976483,0.75,0.8004703521728516
6825,South Okkalapa,Yangon City,MMR013D002,16.853713989258,96.184616088867,0.0,0.0,10.0,1.9091437,0.75,0.6181712746620178
6826,South Okkalapa,Yangon City,MMR013D002,16.85376,96.182678,0.0,0.0,8.0,2.2111168,0.800000011920929,0.5577766299247742
6827,South Okkalapa,Yangon City,MMR013D002,16.853804,96.16642,0.0,0.0,10.0,4.415667,0.75,0.1168665885925293
6828,South Okkalapa,Yangon City,MMR013D002,16.853971,96.184181,0.0,0.0,10.0,0.9548369,0.75,0.8090326189994812
6829,South Okkalapa,Yangon City,MMR013D002,16.854214,96.184337,0.0,0.0,10.0,1.3808141,0.75,0.7238371968269348
6830,South Okkalapa,Yangon City,MMR013D002,16.854267,96.182743,0.0,0.0,9.0,2.2111168,0.7749999761581421,0.5577766299247742
6831,South Okkalapa,Yangon City,MMR013D002,16.854401,96.166763,0.0,0.0,10.0,2.2111168,0.75,0.5577766299247742
6832,South Okkalapa,Yangon City,MMR013D002,16.854422,96.182712,0.0,0.0,9.0,2.2111168,0.7749999761581421,0.5577766299247742
6833,South Okkalapa,Yangon City,MMR013D002,16.854811,96.180892,0.0,0.0,11.0,1.3808141,0.7250000238418579,0.7238371968269348
6834,South Okkalapa,Yangon City,MMR013D002,16.855087280273,96.169509887695,0.0,0.0,8.0,3.4869568,0.800000011920929,0.3026086091995239
6835,South Okkalapa,Yangon City,MMR013D002,16.855087280273,96.170883178711,0.0,0.0,10.0,0.9976483,0.75,0.8004703521728516
6836,South Okkalapa,Yangon City,MMR013D002,16.855087280273,96.181869506836,0.0,0.0,7.0,0.9548369,0.824999988079071,0.8090326189994812
6837,South Okkalapa,Yangon City,MMR013D002,16.855087280273,96.183242797852,0.0,0.0,11.0,1.3808141,0.7250000238418579,0.7238371968269348
6838,South Okkalapa,Yangon City,MMR013D002,16.85536,96.183022,0.0,0.0,11.0,2.2111168,0.7250000238418579,0.5577766299247742
6839,South Okkalapa,Yangon City,MMR013D002,16.855538,96.181711,0.0,0.0,10.0,3.4869568,0.75,0.3026086091995239
6840,South Okkalapa,Yangon City,MMR013D002,16.85611,96.182556,0.0,0.0,10.0,0.9976483,0.75,0.8004703521728516
6841,South Okkalapa,Yangon City,MMR013D002,16.856460571289,96.169509887695,0.0,0.0,8.0,2.153755,0.800000011920929,0.5692490339279175
6842,South Okkalapa,Yangon City,MMR013D002,16.856460571289,96.170883178711,0.0,0.0,10.0,0.9976483,0.75,0.8004703521728516
6843,South Okkalapa,Yangon City,MMR013D002,16.856460571289,96.172256469727,0.0,0.0,8.0,1.3808141,0.800000011920929,0.7238371968269348
6844,South Okkalapa,Yangon City,MMR013D002,16.856460571289,96.173629760742,0.0,0.0,10.0,0.9548369,0.75,0.8090326189994812
6845,South Okkalapa,Yangon City,MMR013D002,16.856460571289,96.175003051758,0.0,0.0,11.0,2.153755,0.7250000238418579,0.5692490339279175
6846,South Okkalapa,Yangon City,MMR013D002,16.856460571289,96.181869506836,0.0,0.0,8.0,2.2111168,0.800000011920929,0.5577766299247742
6847,South Okkalapa,Yangon City,MMR013D002,16.856918,96.18187,0.0,0.0,9.0,2.2111168,0.7749999761581421,0.5577766299247742
6848,South Okkalapa,Yangon City,MMR013D002,16.857376,96.181305,0.0,0.0,11.0,3.5461073,0.7250000238418579,0.2907785177230835
6849,South Okkalapa,Yangon City,MMR013D002,16.857479,96.181592,0.0,0.0,8.0,4.415667,0.800000011920929,0.1168665885925293
6850,South Okkalapa,Yangon City,MMR013D002,16.857833862305,96.173629760742,0.0,0.0,12.0,0.9976483,0.699999988079071,0.8004703521728516
6851,South Okkalapa,Yangon City,MMR013D002,16.857833862305,96.175003051758,0.0,0.0,8.0,2.760026,0.800000011920929,0.44799482822418213
6852,South Okkalapa,Yangon City,MMR013D002,16.857833862305,96.18049621582,0.0,0.0,9.0,1.3808141,0.7749999761581421,0.7238371968269348
6853,South Okkalapa,Yangon City,MMR013D002,16.857833862305,96.181869506836,0.0,0.0,7.0,3.4869568,0.824999988079071,0.3026086091995239
6854,South Okkalapa,Yangon City,MMR013D002,16.858165,96.177004,0.0,0.0,11.0,1.9946922,0.7250000238418579,0.6010615825653076
6855,South Okkalapa,Yangon City,MMR013D002,16.858303,96.181678,0.0,0.0,11.0,0.9976483,0.7250000238418579,0.8004703521728516
6856,South Okkalapa,Yangon City,MMR013D002,16.85920715332,96.175003051758,0.0,0.0,10.0,2.9905288,0.75,0.401894211769104
6857,South Okkalapa,Yangon City,MMR013D002,16.85920715332,96.176376342773,0.0,0.0,10.0,0.9976483,0.75,0.8004703521728516
6858,South Okkalapa,Yangon City,MMR013D002,16.85920715332,96.179122924805,0.0,0.0,9.0,0.9548369,0.7749999761581421,0.8090326189994812
6859,South Okkalapa,Yangon City,MMR013D002,16.860580444336,96.175003051758,0.0,0.0,13.0,0.9548369,0.675000011920929,0.8090326189994812
6860,South Okkalapa,Yangon City,MMR013D002,16.860581,96.177063,0.0,0.0,10.0,2.2111168,0.75,0.5577766299247742
6861,South Okkalapa,Yangon City,MMR013D002,16.860580444336,96.177749633789,0.0,0.0,9.0,1.3808141,0.7749999761581421,0.7238371968269348
6862,South Okkalapa,Yangon City,MMR013D002,16.860580444336,96.179122924805,0.0,0.0,7.0,0.9976483,0.824999988079071,0.8004703521728516
6863,South Okkalapa,Yangon City,MMR013D002,16.860580444336,96.181869506836,0.0,0.0,9.0,3.5461073,0.7749999761581421,0.2907785177230835
6864,South Okkalapa,Yangon City,MMR013D002,16.860580444336,96.183242797852,0.0,0.0,9.0,3.138737,0.7749999761581421,0.37225258350372314
6865,South Okkalapa,Yangon City,MMR013D002,16.860636,96.177478,0.0,0.0,9.0,1.3808141,0.7749999761581421,0.7238371968269348
6866,South Okkalapa,Yangon City,MMR013D002,16.861038,96.179123,0.0,0.0,10.0,3.4869568,0.75,0.3026086091995239
6867,South Okkalapa,Yangon City,MMR013D002,16.861263,96.182462,0.0,0.0,10.0,2.153755,0.75,0.5692490339279175
6868,South Okkalapa,Yangon City,MMR013D002,16.86153,96.182198,0.0,0.0,9.0,0.0,0.7749999761581421,1.0
6869,South Okkalapa,Yangon City,MMR013D002,16.861953735352,96.176376342773,0.0,0.0,9.0,3.0307229,0.7749999761581421,0.3938554525375366
6870,South Okkalapa,Yangon City,MMR013D002,16.861953735352,96.177749633789,0.0,0.0,9.0,2.153755,0.7749999761581421,0.5692490339279175
6871,South Okkalapa,Yangon City,MMR013D002,16.861953735352,96.179122924805,0.0,0.0,10.0,1.9946922,0.75,0.6010615825653076
6872,South Okkalapa,Yangon City,MMR013D002,16.86264,96.178436,0.0,0.0,8.0,1.3808141,0.800000011920929,0.7238371968269348
6873,South Okkalapa,Yangon City,MMR013D002,16.863327026367,96.177749633789,0.0,0.0,6.0,0.9976483,0.8500000238418579,0.8004703521728516
6874,South Okkalapa,Yangon City,MMR013D002,16.863327026367,96.179122924805,0.0,0.0,4.0,2.153755,0.8999999761581421,0.5692490339279175
6875,Tamwe,Yangon City,MMR013D002,16.793289,96.170425,0.0,0.0,22.0,6.9418087,0.44999998807907104,0.0
6876,Tamwe,Yangon City,MMR013D002,16.79328918457,96.173629760742,0.0,0.0,17.0,4.8660283,0.574999988079071,0.02679431438446045
6877,Tamwe,Yangon City,MMR013D002,16.793976,96.174316,0.0,0.0,16.0,0.9976483,0.6000000238418579,0.8004703521728516
6878,Tamwe,Yangon City,MMR013D002,16.794662,96.169968,0.0,0.0,24.0,3.138737,0.3999999761581421,0.37225258350372314
6879,Tamwe,Yangon City,MMR013D002,16.794662,96.172943,0.0,0.0,15.0,2.153755,0.625,0.5692490339279175
6880,Tamwe,Yangon City,MMR013D002,16.794662475586,96.173629760742,0.0,0.0,15.0,2.2111168,0.625,0.5577766299247742
6881,Tamwe,Yangon City,MMR013D002,16.794662,96.174316,0.0,0.0,18.0,3.0307229,0.550000011920929,0.3938554525375366
6882,Tamwe,Yangon City,MMR013D002,16.794662475586,96.175003051758,0.0,0.0,17.0,2.760026,0.574999988079071,0.44799482822418213
6883,Tamwe,Yangon City,MMR013D002,16.794662475586,96.177749633789,0.0,0.0,14.0,0.0,0.6499999761581421,1.0
6884,Tamwe,Yangon City,MMR013D002,16.79512,96.175003,0.0,0.0,19.0,3.0307229,0.5249999761581421,0.3938554525375366
6885,Tamwe,Yangon City,MMR013D002,16.795349,96.172256,0.0,0.0,20.0,3.138737,0.5,0.37225258350372314
6886,Tamwe,Yangon City,MMR013D002,16.795349,96.172943,0.0,0.0,19.0,2.760026,0.5249999761581421,0.44799482822418213
6887,Tamwe,Yangon City,MMR013D002,16.795807,96.172485,0.0,0.0,19.0,0.0,0.5249999761581421,1.0
6888,Tamwe,Yangon City,MMR013D002,16.796035766602,96.169509887695,0.0,0.0,25.0,3.138737,0.375,0.37225258350372314
6889,Tamwe,Yangon City,MMR013D002,16.796035766602,96.172256469727,0.0,0.0,18.0,0.0,0.550000011920929,1.0
6890,Tamwe,Yangon City,MMR013D002,16.796035766602,96.173629760742,0.0,0.0,14.0,1.3808141,0.6499999761581421,0.7238371968269348
6891,Tamwe,Yangon City,MMR013D002,16.796035766602,96.176376342773,0.0,0.0,12.0,7.909878,0.699999988079071,0.0
6892,Tamwe,Yangon City,MMR013D002,16.796646,96.169205,0.0,0.0,25.0,3.5461073,0.375,0.2907785177230835
6893,Tamwe,Yangon City,MMR013D002,16.797409,96.170197,0.0,0.0,24.0,5.733568,0.3999999761581421,0.0
6894,Tamwe,Yangon City,MMR013D002,16.797409057617,96.170883178711,0.0,0.0,26.0,6.0397077,0.3500000238418579,0.0
6895,Tamwe,Yangon City,MMR013D002,16.797409057617,96.172256469727,0.0,0.0,21.0,2.9905288,0.4750000238418579,0.401894211769104
6896,Tamwe,Yangon City,MMR013D002,16.797409,96.174316,0.0,0.0,13.0,1.9946922,0.675000011920929,0.6010615825653076
6897,Tamwe,Yangon City,MMR013D002,16.797409057617,96.175003051758,0.0,0.0,16.0,2.2111168,0.6000000238418579,0.5577766299247742
6898,Tamwe,Yangon City,MMR013D002,16.797409057617,96.176376342773,0.0,0.0,20.0,1.3808141,0.5,0.7238371968269348
6899,Tamwe,Yangon City,MMR013D002,16.797519,96.180331,0.0,0.0,12.0,1.9091437,0.699999988079071,0.6181712746620178
6900,Tamwe,Yangon City,MMR013D002,16.797867,96.180496,0.0,0.0,14.0,2.2111168,0.6499999761581421,0.5577766299247742
6901,Tamwe,Yangon City,MMR013D002,16.798096,96.172943,0.0,0.0,18.0,5.3264294,0.550000011920929,0.0
6902,Tamwe,Yangon City,MMR013D002,16.798459,96.17468,0.0,0.0,22.0,4.096654,0.44999998807907104,0.18066918849945068
6903,Tamwe,Yangon City,MMR013D002,16.798782348633,96.16813659668,0.0,0.0,29.0,4.415667,0.2749999761581421,0.1168665885925293
6904,Tamwe,Yangon City,MMR013D002,16.798782348633,96.173629760742,0.0,0.0,18.0,1.9946922,0.550000011920929,0.6010615825653076
6905,Tamwe,Yangon City,MMR013D002,16.798782,96.174316,0.0,0.0,24.0,0.0,0.3999999761581421,1.0
6906,Tamwe,Yangon City,MMR013D002,16.798782348633,96.175003051758,0.0,0.0,20.0,4.415667,0.5,0.1168665885925293
6907,Tamwe,Yangon City,MMR013D002,16.798782348633,96.176376342773,0.0,0.0,15.0,0.9976483,0.625,0.8004703521728516
6908,Tamwe,Yangon City,MMR013D002,16.798782348633,96.177749633789,0.0,0.0,16.0,2.862392,0.6000000238418579,0.42752158641815186
6909,Tamwe,Yangon City,MMR013D002,16.799175,96.17206,0.0,0.0,24.0,4.096654,0.3999999761581421,0.18066918849945068
6910,Tamwe,Yangon City,MMR013D002,16.799469,96.170197,0.0,0.0,20.0,2.760026,0.5,0.44799482822418213
6911,Tamwe,Yangon City,MMR013D002,16.799469,96.175003,0.0,0.0,20.0,2.2111168,0.5,0.5577766299247742
6912,Tamwe,Yangon City,MMR013D002,16.800155639648,96.16813659668,0.0,0.0,19.0,2.153755,0.5249999761581421,0.5692490339279175
6913,Tamwe,Yangon City,MMR013D002,16.800155639648,96.169509887695,0.0,0.0,23.0,2.2111168,0.42500001192092896,0.5577766299247742
6914,Tamwe,Yangon City,MMR013D002,16.800155639648,96.170883178711,0.0,0.0,29.0,1.3808141,0.2749999761581421,0.7238371968269348
6915,Tamwe,Yangon City,MMR013D002,16.800155639648,96.172256469727,0.0,0.0,23.0,2.2111168,0.42500001192092896,0.5577766299247742
6916,Tamwe,Yangon City,MMR013D002,16.800155639648,96.175003051758,0.0,0.0,20.0,4.096654,0.5,0.18066918849945068
6917,Tamwe,Yangon City,MMR013D002,16.800155639648,96.176376342773,0.0,0.0,25.0,2.2111168,0.375,0.5577766299247742
6918,Tamwe,Yangon City,MMR013D002,16.800155639648,96.177749633789,0.0,0.0,13.0,0.0,0.675000011920929,1.0
6919,Tamwe,Yangon City,MMR013D002,16.800155639648,96.18049621582,0.0,0.0,11.0,1.9946922,0.7250000238418579,0.6010615825653076
6920,Tamwe,Yangon City,MMR013D002,16.800293,96.173149,0.0,0.0,21.0,0.9976483,0.4750000238418579,0.8004703521728516
6921,Tamwe,Yangon City,MMR013D002,16.800613,96.175461,0.0,0.0,16.0,1.3808141,0.6000000238418579,0.7238371968269348
6922,Tamwe,Yangon City,MMR013D002,16.800744,96.174022,0.0,0.0,19.0,2.9905288,0.5249999761581421,0.401894211769104
6923,Tamwe,Yangon City,MMR013D002,16.800842,96.172256,0.0,0.0,23.0,0.9976483,0.42500001192092896,0.8004703521728516
6924,Tamwe,Yangon City,MMR013D002,16.800974,96.177399,0.0,0.0,14.0,0.9976483,0.6499999761581421,0.8004703521728516
6925,Tamwe,Yangon City,MMR013D002,16.801528930664,96.169509887695,0.0,0.0,26.0,2.9905288,0.3500000238418579,0.401894211769104
6926,Tamwe,Yangon City,MMR013D002,16.801528930664,96.170883178711,0.0,0.0,27.0,1.9946922,0.32499998807907104,0.6010615825653076
6927,Tamwe,Yangon City,MMR013D002,16.801528965331997,96.17225623486353,0.0,0.0,23.0,1.9091437,0.42500001192092896,0.6181712746620178
6928,Tamwe,Yangon City,MMR013D002,16.801528965331997,96.173629880371,0.0,0.0,18.0,2.9905288,0.550000011920929,0.401894211769104
6929,Tamwe,Yangon City,MMR013D002,16.801528930664,96.176376342773,0.0,0.0,17.0,4.3014402,0.574999988079071,0.13971197605133057
6930,Tamwe,Yangon City,MMR013D002,16.801528930664,96.177749633789,0.0,0.0,14.0,1.3808141,0.6499999761581421,0.7238371968269348
6931,Tamwe,Yangon City,MMR013D002,16.801538,96.169479,0.0,0.0,26.0,2.9905288,0.3500000238418579,0.401894211769104
6932,Tamwe,Yangon City,MMR013D002,16.802216,96.17569,0.0,0.0,19.0,3.5461073,0.5249999761581421,0.2907785177230835
6933,Tamwe,Yangon City,MMR013D002,16.802444,96.175003,0.0,0.0,19.0,2.153755,0.5249999761581421,0.5692490339279175
6934,Tamwe,Yangon City,MMR013D002,16.80290222168,96.172256469727,0.0,0.0,16.0,2.2111168,0.6000000238418579,0.5577766299247742
6935,Tamwe,Yangon City,MMR013D002,16.802902,96.172943,0.0,0.0,17.0,1.3808141,0.574999988079071,0.7238371968269348
6936,Tamwe,Yangon City,MMR013D002,16.80290222168,96.173629760742,0.0,0.0,17.0,0.9548369,0.574999988079071,0.8090326189994812
6937,Tamwe,Yangon City,MMR013D002,16.80290222168,96.175003051758,0.0,0.0,17.0,4.3014402,0.574999988079071,0.13971197605133057
6938,Tamwe,Yangon City,MMR013D002,16.80290222168,96.176376342773,0.0,0.0,18.0,4.096654,0.550000011920929,0.18066918849945068
6939,Tamwe,Yangon City,MMR013D002,16.80290222168,96.179122924805,0.0,0.0,16.0,4.1360445,0.6000000238418579,0.17279112339019775
6940,Tamwe,Yangon City,MMR013D002,16.802902,96.17981,0.0,0.0,16.0,2.2111168,0.6000000238418579,0.5577766299247742
6941,Tamwe,Yangon City,MMR013D002,16.80290222168,96.18049621582,0.0,0.0,13.0,3.8140574,0.675000011920929,0.23718851804733276
6942,Tamwe,Yangon City,MMR013D002,16.803589,96.17157,0.0,0.0,21.0,2.153755,0.4750000238418579,0.5692490339279175
6943,Tamwe,Yangon City,MMR013D002,16.804275512695,96.172256469727,0.0,0.0,19.0,4.096654,0.5249999761581421,0.18066918849945068
6944,Tamwe,Yangon City,MMR013D002,16.804275512695,96.175003051758,0.0,0.0,17.0,3.9416327,0.574999988079071,0.21167343854904175
6945,Tamwe,Yangon City,MMR013D002,16.804275512695,96.176376342773,0.0,0.0,13.0,1.9091437,0.675000011920929,0.6181712746620178
6946,Tamwe,Yangon City,MMR013D002,16.804275512695,96.177749633789,0.0,0.0,11.0,1.9091437,0.7250000238418579,0.6181712746620178
6947,Tamwe,Yangon City,MMR013D002,16.804275512695,96.179122924805,0.0,0.0,12.0,2.760026,0.699999988079071,0.44799482822418213
6948,Tamwe,Yangon City,MMR013D002,16.804275512695,96.18049621582,0.0,0.0,12.0,1.9091437,0.699999988079071,0.6181712746620178
6949,Tamwe,Yangon City,MMR013D002,16.804733,96.174088,0.0,0.0,16.0,1.3808141,0.6000000238418579,0.7238371968269348
6950,Tamwe,Yangon City,MMR013D002,16.804962,96.180496,0.0,0.0,13.0,2.2111168,0.675000011920929,0.5577766299247742
6951,Tamwe,Yangon City,MMR013D002,16.805305,96.181869,0.0,0.0,11.0,3.4869568,0.7250000238418579,0.3026086091995239
6952,Tamwe,Yangon City,MMR013D002,16.805648803711,96.172256469727,0.0,0.0,19.0,3.138737,0.5249999761581421,0.37225258350372314
6953,Tamwe,Yangon City,MMR013D002,16.805648803711,96.176376342773,0.0,0.0,11.0,2.153755,0.7250000238418579,0.5692490339279175
6954,Tamwe,Yangon City,MMR013D002,16.805649,96.177063,0.0,0.0,13.0,1.3808141,0.675000011920929,0.7238371968269348
6955,Tamwe,Yangon City,MMR013D002,16.805648803711,96.179122924805,0.0,0.0,12.0,2.760026,0.699999988079071,0.44799482822418213
6956,Tamwe,Yangon City,MMR013D002,16.805648803711,96.18049621582,0.0,0.0,12.0,2.760026,0.699999988079071,0.44799482822418213
6957,Tamwe,Yangon City,MMR013D002,16.806335,96.175003,0.0,0.0,14.0,1.3808141,0.6499999761581421,0.7238371968269348
6958,Tamwe,Yangon City,MMR013D002,16.806335,96.176376,0.0,0.0,10.0,3.9416327,0.75,0.21167343854904175
6959,Tamwe,Yangon City,MMR013D002,16.807022094727,96.172256469727,0.0,0.0,14.0,3.0307229,0.6499999761581421,0.3938554525375366
6960,Tamwe,Yangon City,MMR013D002,16.807022094727,96.173629760742,0.0,0.0,17.0,2.760026,0.574999988079071,0.44799482822418213
6961,Tamwe,Yangon City,MMR013D002,16.807022094727,96.176376342773,0.0,0.0,13.0,0.9976483,0.675000011920929,0.8004703521728516
6962,Tamwe,Yangon City,MMR013D002,16.807022094727,96.177749633789,0.0,0.0,15.0,1.3808141,0.625,0.7238371968269348
6963,Tamwe,Yangon City,MMR013D002,16.807022094727,96.179122924805,0.0,0.0,10.0,0.9976483,0.75,0.8004703521728516
6964,Tamwe,Yangon City,MMR013D002,16.807022,96.17981,0.0,0.0,9.0,1.3808141,0.7749999761581421,0.7238371968269348
6965,Tamwe,Yangon City,MMR013D002,16.807022094727,96.18049621582,0.0,0.0,12.0,1.3808141,0.699999988079071,0.7238371968269348
6966,Tamwe,Yangon City,MMR013D002,16.807022,96.181183,0.0,0.0,13.0,4.096654,0.675000011920929,0.18066918849945068
6967,Tamwe,Yangon City,MMR013D002,16.807022094727,96.181869506836,0.0,0.0,17.0,2.2111168,0.574999988079071,0.5577766299247742
6968,Tamwe,Yangon City,MMR013D002,16.807022,96.182556,0.0,0.0,13.0,2.9905288,0.675000011920929,0.401894211769104
6969,Tamwe,Yangon City,MMR013D002,16.807534,96.173123,0.0,0.0,10.0,1.9091437,0.75,0.6181712746620178
6970,Tamwe,Yangon City,MMR013D002,16.807709,96.172943,0.0,0.0,10.0,2.862392,0.75,0.42752158641815186
6971,Tamwe,Yangon City,MMR013D002,16.807709,96.182213,0.0,0.0,11.0,3.0307229,0.7250000238418579,0.3938554525375366
6972,Tamwe,Yangon City,MMR013D002,16.808395,96.17157,0.0,0.0,17.0,1.3808141,0.574999988079071,0.7238371968269348
6973,Tamwe,Yangon City,MMR013D002,16.808395385742,96.176376342773,0.0,0.0,12.0,0.9548369,0.699999988079071,0.8090326189994812
6974,Tamwe,Yangon City,MMR013D002,16.808395385742,96.177749633789,0.0,0.0,17.0,3.8140574,0.574999988079071,0.23718851804733276
6975,Tamwe,Yangon City,MMR013D002,16.808395385742,96.179122924805,0.0,0.0,14.0,0.0,0.6499999761581421,1.0
6976,Tamwe,Yangon City,MMR013D002,16.808395385742,96.18049621582,0.0,0.0,11.0,1.3808141,0.7250000238418579,0.7238371968269348
6977,Tamwe,Yangon City,MMR013D002,16.808853,96.17775,0.0,0.0,20.0,7.846306,0.5,0.0
6978,Tamwe,Yangon City,MMR013D002,16.809082,96.179123,0.0,0.0,11.0,4.7636194,0.7250000238418579,0.04727613925933838
6979,Tamwe,Yangon City,MMR013D002,16.809082,96.183243,0.0,0.0,8.0,3.8140574,0.800000011920929,0.23718851804733276
6980,Tamwe,Yangon City,MMR013D002,16.809311,96.17775,0.0,0.0,25.0,4.8412433,0.375,0.03175133466720581
6981,Tamwe,Yangon City,MMR013D002,16.809768676758,96.172256469727,0.0,0.0,16.0,0.9976483,0.6000000238418579,0.8004703521728516
6982,Tamwe,Yangon City,MMR013D002,16.809768676758,96.173629760742,0.0,0.0,14.0,0.9548369,0.6499999761581421,0.8090326189994812
6983,Tamwe,Yangon City,MMR013D002,16.809769,96.173904,0.0,0.0,14.0,1.3808141,0.6499999761581421,0.7238371968269348
6984,Tamwe,Yangon City,MMR013D002,16.809769,96.174316,0.0,0.0,12.0,0.9976483,0.699999988079071,0.8004703521728516
6985,Tamwe,Yangon City,MMR013D002,16.809769,96.175003,0.0,0.0,13.0,1.9946922,0.675000011920929,0.6010615825653076
6986,Tamwe,Yangon City,MMR013D002,16.809768676758,96.176376342773,0.0,0.0,14.0,1.9946922,0.6499999761581421,0.6010615825653076
6987,Tamwe,Yangon City,MMR013D002,16.809769,96.177406,0.0,0.0,21.0,7.2845483,0.4750000238418579,0.0
6988,Tamwe,Yangon City,MMR013D002,16.809768676758,96.177749633789,0.0,0.0,21.0,7.737872,0.4750000238418579,0.0
6989,Tamwe,Yangon City,MMR013D002,16.809768676758,96.179122924805,0.0,0.0,8.0,2.2111168,0.800000011920929,0.5577766299247742
6990,Tamwe,Yangon City,MMR013D002,16.809768676758,96.181869506836,0.0,0.0,17.0,6.2587476,0.574999988079071,0.0
6991,Tamwe,Yangon City,MMR013D002,16.809768676758,96.183242797852,0.0,0.0,8.0,0.9548369,0.800000011920929,0.8090326189994812
6992,Tamwe,Yangon City,MMR013D002,16.809946,96.184802,0.0,0.0,11.0,2.153755,0.7250000238418579,0.5692490339279175
6993,Tamwe,Yangon City,MMR013D002,16.809978,96.184048,0.0,0.0,9.0,0.9548369,0.7749999761581421,0.8090326189994812
6994,Tamwe,Yangon City,MMR013D002,16.810112,96.177063,0.0,0.0,13.0,6.7274427,0.675000011920929,0.0
6995,Tamwe,Yangon City,MMR013D002,16.810455,96.17569,0.0,0.0,16.0,0.9548369,0.6000000238418579,0.8090326189994812
6996,Tamwe,Yangon City,MMR013D002,16.810455,96.183929,0.0,0.0,10.0,1.9946922,0.75,0.6010615825653076
6997,Tamwe,Yangon City,MMR013D002,16.810627,96.18084,0.0,0.0,14.0,6.0445805,0.6499999761581421,0.0
6998,Tamwe,Yangon City,MMR013D002,16.810711,96.183828,0.0,0.0,10.0,3.5461073,0.75,0.2907785177230835
6999,Tamwe,Yangon City,MMR013D002,16.810799,96.183586,0.0,0.0,9.0,3.138737,0.7749999761581421,0.37225258350372314
7000,Tamwe,Yangon City,MMR013D002,16.810893,96.185225,0.0,0.0,12.0,3.9416327,0.699999988079071,0.21167343854904175
7001,Tamwe,Yangon City,MMR013D002,16.811142,96.171799,0.0,0.0,16.0,2.153755,0.6000000238418579,0.5692490339279175
7002,Tamwe,Yangon City,MMR013D002,16.811141967773,96.172256469727,0.0,0.0,15.0,3.0307229,0.625,0.3938554525375366
7003,Tamwe,Yangon City,MMR013D002,16.811142,96.172714,0.0,0.0,14.0,1.9946922,0.6499999761581421,0.6010615825653076
7004,Tamwe,Yangon City,MMR013D002,16.811141967773,96.173629760742,0.0,0.0,11.0,1.3808141,0.7250000238418579,0.7238371968269348
7005,Tamwe,Yangon City,MMR013D002,16.811142,96.174316,0.0,0.0,13.0,3.138737,0.675000011920929,0.37225258350372314
7006,Tamwe,Yangon City,MMR013D002,16.811141967773,96.175003051758,0.0,0.0,17.0,8.959924,0.574999988079071,0.0
7007,Tamwe,Yangon City,MMR013D002,16.811142,96.17569,0.0,0.0,18.0,13.552287,0.550000011920929,0.0
7008,Tamwe,Yangon City,MMR013D002,16.811141967773,96.176376342773,0.0,0.0,12.0,6.437088,0.699999988079071,0.0
7009,Tamwe,Yangon City,MMR013D002,16.811142,96.177063,0.0,0.0,7.0,4.9007516,0.824999988079071,0.019849658012390137
7010,Tamwe,Yangon City,MMR013D002,16.811142,96.17775,0.0,0.0,4.0,5.1608467,0.8999999761581421,0.0
7011,Tamwe,Yangon City,MMR013D002,16.811141967773,96.179122924805,0.0,0.0,13.0,4.1360445,0.675000011920929,0.17279112339019775
7012,Tamwe,Yangon City,MMR013D002,16.811141967773,96.181869506836,0.0,0.0,11.0,2.760026,0.7250000238418579,0.44799482822418213
7013,Tamwe,Yangon City,MMR013D002,16.811141967773,96.184616088867,0.0,0.0,13.0,2.153755,0.675000011920929,0.5692490339279175
7014,Tamwe,Yangon City,MMR013D002,16.811417,96.183243,0.0,0.0,9.0,3.138737,0.7749999761581421,0.37225258350372314
7015,Tamwe,Yangon City,MMR013D002,16.811457,96.185726,0.0,0.0,11.0,2.2111168,0.7250000238418579,0.5577766299247742
7016,Tamwe,Yangon City,MMR013D002,16.8116,96.177292,0.0,0.0,4.0,5.1608467,0.8999999761581421,0.0
7017,Tamwe,Yangon City,MMR013D002,16.811829,96.182213,0.0,0.0,11.0,2.153755,0.7250000238418579,0.5692490339279175
7018,Tamwe,Yangon City,MMR013D002,16.812452,96.171616,0.0,0.0,13.0,2.862392,0.675000011920929,0.42752158641815186
7019,Tamwe,Yangon City,MMR013D002,16.812478,96.172419,0.0,0.0,16.0,2.153755,0.6000000238418579,0.5692490339279175
7020,Tamwe,Yangon City,MMR013D002,16.812515258789,96.170883178711,0.0,0.0,15.0,0.9976483,0.625,0.8004703521728516
7021,Tamwe,Yangon City,MMR013D002,16.812515,96.171913,0.0,0.0,15.0,5.617232,0.625,0.0
7022,Tamwe,Yangon City,MMR013D002,16.812515,96.172085,0.0,0.0,15.0,5.617232,0.625,0.0
7023,Tamwe,Yangon City,MMR013D002,16.812515258789,96.172256469727,0.0,0.0,16.0,4.8660283,0.6000000238418579,0.02679431438446045
7024,Tamwe,Yangon City,MMR013D002,16.812515258789,96.173629760742,0.0,0.0,12.0,3.5461073,0.699999988079071,0.2907785177230835
7025,Tamwe,Yangon City,MMR013D002,16.812515258789,96.175003051758,0.0,0.0,10.0,0.9548369,0.75,0.8090326189994812
7026,Tamwe,Yangon City,MMR013D002,16.812515,96.17569,0.0,0.0,10.0,2.2111168,0.75,0.5577766299247742
7027,Tamwe,Yangon City,MMR013D002,16.812515258789,96.176376342773,0.0,0.0,10.0,0.0,0.75,1.0
7028,Tamwe,Yangon City,MMR013D002,16.812515258789,96.181869506836,0.0,0.0,11.0,1.3808141,0.7250000238418579,0.7238371968269348
7029,Tamwe,Yangon City,MMR013D002,16.812515258789,96.183242797852,0.0,0.0,9.0,2.2111168,0.7749999761581421,0.5577766299247742
7030,Tamwe,Yangon City,MMR013D002,16.812515258789,96.184616088867,0.0,0.0,8.0,2.2111168,0.800000011920929,0.5577766299247742
7031,Tamwe,Yangon City,MMR013D002,16.812973,96.172256,0.0,0.0,14.0,0.9548369,0.6499999761581421,0.8090326189994812
7032,Tamwe,Yangon City,MMR013D002,16.813202,96.17569,0.0,0.0,10.0,4.1360445,0.75,0.17279112339019775
7033,Tamwe,Yangon City,MMR013D002,16.813431,96.172256,0.0,0.0,15.0,3.5461073,0.625,0.2907785177230835
7034,Tamwe,Yangon City,MMR013D002,16.813614,96.171066,0.0,0.0,15.0,1.9946922,0.625,0.6010615825653076
7035,Tamwe,Yangon City,MMR013D002,16.813617,96.173642,0.0,0.0,14.0,3.9845605,0.6499999761581421,0.2030879259109497
7036,Tamwe,Yangon City,MMR013D002,16.813889,96.170425,0.0,0.0,17.0,1.9091437,0.574999988079071,0.6181712746620178
7037,Tamwe,Yangon City,MMR013D002,16.813889,96.170654,0.0,0.0,17.0,1.3808141,0.574999988079071,0.7238371968269348
7038,Tamwe,Yangon City,MMR013D002,16.813888549805,96.170883178711,0.0,0.0,16.0,0.9976483,0.6000000238418579,0.8004703521728516
7039,Tamwe,Yangon City,MMR013D002,16.813888549805,96.172256469727,0.0,0.0,15.0,1.9091437,0.625,0.6181712746620178
7040,Tamwe,Yangon City,MMR013D002,16.813888549805,96.173629760742,0.0,0.0,14.0,5.964852,0.6499999761581421,0.0
7041,Tamwe,Yangon City,MMR013D002,16.813888549805,96.175003051758,0.0,0.0,16.0,0.9548369,0.6000000238418579,0.8090326189994812
7042,Tamwe,Yangon City,MMR013D002,16.813889,96.17569,0.0,0.0,12.0,2.760026,0.699999988079071,0.44799482822418213
7043,Tamwe,Yangon City,MMR013D002,16.813889,96.175919,0.0,0.0,12.0,2.153755,0.699999988079071,0.5692490339279175
7044,Tamwe,Yangon City,MMR013D002,16.813888549805,96.176376342773,0.0,0.0,13.0,1.3808141,0.675000011920929,0.7238371968269348
7045,Tamwe,Yangon City,MMR013D002,16.813888549805,96.177749633789,0.0,0.0,7.0,0.0,0.824999988079071,1.0
7046,Tamwe,Yangon City,MMR013D002,16.813888549805,96.18049621582,0.0,0.0,11.0,2.9905288,0.7250000238418579,0.401894211769104
7047,Tamwe,Yangon City,MMR013D002,16.813888549805,96.183242797852,0.0,0.0,9.0,1.3808141,0.7749999761581421,0.7238371968269348
7048,Tamwe,Yangon City,MMR013D002,16.813904,96.183548,0.0,0.0,10.0,1.9091437,0.75,0.6181712746620178
7049,Tamwe,Yangon City,MMR013D002,16.81399,96.175072,0.0,0.0,15.0,2.760026,0.625,0.44799482822418213
7050,Tamwe,Yangon City,MMR013D002,16.814117,96.172943,0.0,0.0,20.0,2.153755,0.5,0.5692490339279175
7051,Tamwe,Yangon City,MMR013D002,16.814346,96.175003,0.0,0.0,13.0,5.1608467,0.675000011920929,0.0
7052,Tamwe,Yangon City,MMR013D002,16.814431,96.184854,0.0,0.0,8.0,4.096654,0.800000011920929,0.18066918849945068
7053,Tamwe,Yangon City,MMR013D002,16.814575,96.16951,0.0,0.0,18.0,1.3808141,0.550000011920929,0.7238371968269348
7054,Tamwe,Yangon City,MMR013D002,16.814575,96.174316,0.0,0.0,12.0,3.5461073,0.699999988079071,0.2907785177230835
7055,Tamwe,Yangon City,MMR013D002,16.814951,96.175036,0.0,0.0,10.0,4.9761953,0.75,0.004760921001434326
7056,Tamwe,Yangon City,MMR013D002,16.815262,96.168823,0.0,0.0,16.0,0.0,0.6000000238418579,1.0
7057,Tamwe,Yangon City,MMR013D002,16.81526184082,96.169509887695,0.0,0.0,24.0,1.9946922,0.3999999761581421,0.6010615825653076
7058,Tamwe,Yangon City,MMR013D002,16.81526184082,96.170883178711,0.0,0.0,18.0,1.3808141,0.550000011920929,0.7238371968269348
7059,Tamwe,Yangon City,MMR013D002,16.81526184082,96.172256469727,0.0,0.0,15.0,3.9416327,0.625,0.21167343854904175
7060,Tamwe,Yangon City,MMR013D002,16.815262,96.173072,0.0,0.0,12.0,2.2111168,0.699999988079071,0.5577766299247742
7061,Tamwe,Yangon City,MMR013D002,16.815262,96.173397,0.0,0.0,12.0,2.153755,0.699999988079071,0.5692490339279175
7062,Tamwe,Yangon City,MMR013D002,16.815262,96.173606,0.0,0.0,13.0,4.096654,0.675000011920929,0.18066918849945068
7063,Tamwe,Yangon City,MMR013D002,16.81526184082,96.173629760742,0.0,0.0,13.0,4.096654,0.675000011920929,0.18066918849945068
7064,Tamwe,Yangon City,MMR013D002,16.81526184082,96.175003051758,0.0,0.0,10.0,4.096654,0.75,0.18066918849945068
7065,Tamwe,Yangon City,MMR013D002,16.81526184082,96.184616088867,0.0,0.0,6.0,0.9548369,0.8500000238418579,0.8090326189994812
7066,Tamwe,Yangon City,MMR013D002,16.815387,96.17363,0.0,0.0,14.0,3.9845605,0.6499999761581421,0.2030879259109497
7067,Tamwe,Yangon City,MMR013D002,16.815458,96.172845,0.0,0.0,17.0,5.617232,0.574999988079071,0.0
7068,Tamwe,Yangon City,MMR013D002,16.815811,96.17363,0.0,0.0,13.0,0.9976483,0.675000011920929,0.8004703521728516
7069,Tamwe,Yangon City,MMR013D002,16.815948,96.172256,0.0,0.0,18.0,4.415667,0.550000011920929,0.1168665885925293
7070,Tamwe,Yangon City,MMR013D002,16.815948,96.172943,0.0,0.0,18.0,6.2587476,0.550000011920929,0.0
7071,Tamwe,Yangon City,MMR013D002,16.816086,96.17363,0.0,0.0,14.0,3.9416327,0.6499999761581421,0.21167343854904175
7072,Tamwe,Yangon City,MMR013D002,16.81612,96.172943,0.0,0.0,18.0,6.2587476,0.550000011920929,0.0
7073,Tamwe,Yangon City,MMR013D002,16.816177,96.172256,0.0,0.0,18.0,4.415667,0.550000011920929,0.1168665885925293
7074,Tamwe,Yangon City,MMR013D002,16.816177,96.173172,0.0,0.0,18.0,6.2587476,0.550000011920929,0.0
7075,Tamwe,Yangon City,MMR013D002,16.816177,96.17363,0.0,0.0,14.0,3.9416327,0.6499999761581421,0.21167343854904175
7076,Tamwe,Yangon City,MMR013D002,16.816261,96.17363,0.0,0.0,17.0,3.9416327,0.574999988079071,0.21167343854904175
7077,Tamwe,Yangon City,MMR013D002,16.816589,96.173447,0.0,0.0,16.0,1.3808141,0.6000000238418579,0.7238371968269348
7078,Tamwe,Yangon City,MMR013D002,16.816635131836,96.16813659668,0.0,0.0,15.0,1.9091437,0.625,0.6181712746620178
7079,Tamwe,Yangon City,MMR013D002,16.816635131836,96.172256469727,0.0,0.0,14.0,5.964852,0.6499999761581421,0.0
7080,Tamwe,Yangon City,MMR013D002,16.816635,96.172714,0.0,0.0,19.0,1.3808141,0.5249999761581421,0.7238371968269348
7081,Tamwe,Yangon City,MMR013D002,16.816635131836,96.173629760742,0.0,0.0,18.0,2.9905288,0.550000011920929,0.401894211769104
7082,Tamwe,Yangon City,MMR013D002,16.816635131836,96.175003051758,0.0,0.0,7.0,4.9761953,0.824999988079071,0.004760921001434326
7083,Tamwe,Yangon City,MMR013D002,16.817093,96.174088,0.0,0.0,16.0,1.3808141,0.6000000238418579,0.7238371968269348
7084,Tamwe,Yangon City,MMR013D002,16.817305,96.167168,0.0,0.0,15.0,0.9976483,0.625,0.8004703521728516
7085,Tamwe,Yangon City,MMR013D002,16.817665,96.17878,0.0,0.0,8.0,0.9548369,0.800000011920929,0.8090326189994812
7086,Tamwe,Yangon City,MMR013D002,16.818008,96.167423,0.0,0.0,15.0,1.3808141,0.625,0.7238371968269348
7087,Tamwe,Yangon City,MMR013D002,16.818008422852,96.16813659668,0.0,0.0,13.0,2.153755,0.675000011920929,0.5692490339279175
7088,Tamwe,Yangon City,MMR013D002,16.818008422852,96.172256469727,0.0,0.0,12.0,5.964852,0.699999988079071,0.0
7089,Tamwe,Yangon City,MMR013D002,16.818008,96.174316,0.0,0.0,17.0,1.9946922,0.574999988079071,0.6010615825653076
7090,Tamwe,Yangon City,MMR013D002,16.818008422852,96.175003051758,0.0,0.0,13.0,7.013975,0.675000011920929,0.0
7091,Tamwe,Yangon City,MMR013D002,16.818008422852,96.176376342773,0.0,0.0,10.0,3.138737,0.75,0.37225258350372314
7092,Tamwe,Yangon City,MMR013D002,16.818022,96.178616,0.0,0.0,9.0,0.9976483,0.7749999761581421,0.8004703521728516
7093,Tamwe,Yangon City,MMR013D002,16.818124,96.177758,0.0,0.0,9.0,0.0,0.7749999761581421,1.0
7094,Tamwe,Yangon City,MMR013D002,16.818289,96.166847,0.0,0.0,15.0,0.9976483,0.625,0.8004703521728516
7095,Tamwe,Yangon City,MMR013D002,16.818352,96.172256,0.0,0.0,14.0,6.437088,0.6499999761581421,0.0
7096,Tamwe,Yangon City,MMR013D002,16.818466,96.180038,0.0,0.0,7.0,3.5461073,0.824999988079071,0.2907785177230835
7097,Tamwe,Yangon City,MMR013D002,16.819381713867,96.172256469727,0.0,0.0,18.0,0.0,0.550000011920929,1.0
7098,Tamwe,Yangon City,MMR013D002,16.819381713867,96.176376342773,0.0,0.0,8.0,4.415667,0.800000011920929,0.1168665885925293
7099,Tamwe,Yangon City,MMR013D002,16.819381713867,96.177749633789,0.0,0.0,12.0,3.0307229,0.699999988079071,0.3938554525375366
7100,Tamwe,Yangon City,MMR013D002,16.819381713867,96.179122924805,0.0,0.0,10.0,4.415667,0.75,0.1168665885925293
7101,Tamwe,Yangon City,MMR013D002,16.819382,96.18084,0.0,0.0,5.0,3.0307229,0.875,0.3938554525375366
7102,Tamwe,Yangon City,MMR013D002,16.819656,96.178299,0.0,0.0,14.0,1.3808141,0.6499999761581421,0.7238371968269348
7103,Tamwe,Yangon City,MMR013D002,16.819656,96.180222,0.0,0.0,10.0,3.0307229,0.75,0.3938554525375366
7104,Tamwe,Yangon City,MMR013D002,16.819725,96.170883,0.0,0.0,15.0,6.437088,0.625,0.0
7105,Tamwe,Yangon City,MMR013D002,16.819774,96.173434,0.0,0.0,15.0,5.3264294,0.625,0.0
7106,Tamwe,Yangon City,MMR013D002,16.819839,96.172256,0.0,0.0,18.0,3.138737,0.550000011920929,0.37225258350372314
7107,Tamwe,Yangon City,MMR013D002,16.819839,96.178665,0.0,0.0,14.0,2.760026,0.6499999761581421,0.44799482822418213
7108,Tamwe,Yangon City,MMR013D002,16.820068,96.179123,0.0,0.0,10.0,2.9905288,0.75,0.401894211769104
7109,Tamwe,Yangon City,MMR013D002,16.820156,96.17596,0.0,0.0,14.0,1.3808141,0.6499999761581421,0.7238371968269348
7110,Tamwe,Yangon City,MMR013D002,16.820503,96.175481,0.0,0.0,16.0,3.138737,0.6000000238418579,0.37225258350372314
7111,Tamwe,Yangon City,MMR013D002,16.82053,96.175392,0.0,0.0,14.0,4.3014402,0.6499999761581421,0.13971197605133057
7112,Tamwe,Yangon City,MMR013D002,16.820559,96.173237,0.0,0.0,16.0,3.138737,0.6000000238418579,0.37225258350372314
7113,Tamwe,Yangon City,MMR013D002,16.820755,96.170883,0.0,0.0,13.0,4.415667,0.675000011920929,0.1168665885925293
7114,Tamwe,Yangon City,MMR013D002,16.820755,96.175278,0.0,0.0,13.0,1.3808141,0.675000011920929,0.7238371968269348
7115,Tamwe,Yangon City,MMR013D002,16.820755,96.175461,0.0,0.0,14.0,4.3014402,0.6499999761581421,0.13971197605133057
7116,Tamwe,Yangon City,MMR013D002,16.820755,96.17569,0.0,0.0,15.0,4.3014402,0.625,0.13971197605133057
7117,Tamwe,Yangon City,MMR013D002,16.820755,96.176376,0.0,0.0,12.0,1.3808141,0.699999988079071,0.7238371968269348
7118,Tamwe,Yangon City,MMR013D002,16.820755,96.17672,0.0,0.0,13.0,0.0,0.675000011920929,1.0
7119,Tamwe,Yangon City,MMR013D002,16.820755,96.177063,0.0,0.0,13.0,3.8140574,0.675000011920929,0.23718851804733276
7120,Tamwe,Yangon City,MMR013D002,16.820755,96.177161,0.0,0.0,13.0,3.8140574,0.675000011920929,0.23718851804733276
7121,Tamwe,Yangon City,MMR013D002,16.820755,96.17775,0.0,0.0,13.0,3.9416327,0.675000011920929,0.21167343854904175
7122,Tamwe,Yangon City,MMR013D002,16.820755,96.177946,0.0,0.0,12.0,3.0307229,0.699999988079071,0.3938554525375366
7123,Tamwe,Yangon City,MMR013D002,16.820755,96.18187,0.0,0.0,9.0,4.1360445,0.7749999761581421,0.17279112339019775
7124,Tamwe,Yangon City,MMR013D002,16.820755004883,96.172256469727,0.0,0.0,16.0,6.437088,0.6000000238418579,0.0
7125,Tamwe,Yangon City,MMR013D002,16.820755004883,96.173629760742,0.0,0.0,16.0,2.153755,0.6000000238418579,0.5692490339279175
7126,Tamwe,Yangon City,MMR013D002,16.820755004883,96.175003051758,0.0,0.0,13.0,1.3808141,0.675000011920929,0.7238371968269348
7127,Tamwe,Yangon City,MMR013D002,16.820755004883,96.176376342773,0.0,0.0,12.0,1.3808141,0.699999988079071,0.7238371968269348
7128,Tamwe,Yangon City,MMR013D002,16.820755004883,96.177749633789,0.0,0.0,13.0,3.9416327,0.675000011920929,0.21167343854904175
7129,Tamwe,Yangon City,MMR013D002,16.820755004883,96.179122924805,0.0,0.0,8.0,2.760026,0.800000011920929,0.44799482822418213
7130,Tamwe,Yangon City,MMR013D002,16.820755004883,96.18049621582,0.0,0.0,11.0,2.153755,0.7250000238418579,0.5692490339279175
7131,Tamwe,Yangon City,MMR013D002,16.820755004883,96.181869506836,0.0,0.0,9.0,4.1360445,0.7749999761581421,0.17279112339019775
7132,Tamwe,Yangon City,MMR013D002,16.82103,96.172256,0.0,0.0,13.0,2.153755,0.675000011920929,0.5692490339279175
7133,Tamwe,Yangon City,MMR013D002,16.821098,96.18187,0.0,0.0,13.0,3.8140574,0.675000011920929,0.23718851804733276
7134,Tamwe,Yangon City,MMR013D002,16.821168,96.173421,0.0,0.0,15.0,1.3808141,0.625,0.7238371968269348
7135,Tamwe,Yangon City,MMR013D002,16.821213,96.166306,0.0,0.0,19.0,2.760026,0.5249999761581421,0.44799482822418213
7136,Tamwe,Yangon City,MMR013D002,16.821213,96.174088,0.0,0.0,10.0,4.1360445,0.75,0.17279112339019775
7137,Tamwe,Yangon City,MMR013D002,16.821213,96.176376,0.0,0.0,12.0,1.3808141,0.699999988079071,0.7238371968269348
7138,Tamwe,Yangon City,MMR013D002,16.821213,96.179123,0.0,0.0,10.0,3.0307229,0.75,0.3938554525375366
7139,Tamwe,Yangon City,MMR013D002,16.821213,96.180954,0.0,0.0,11.0,1.9091437,0.7250000238418579,0.6181712746620178
7140,Tamwe,Yangon City,MMR013D002,16.821304,96.175552,0.0,0.0,11.0,1.9091437,0.7250000238418579,0.6181712746620178
7141,Tamwe,Yangon City,MMR013D002,16.82154,96.173826,0.0,0.0,13.0,5.0660734,0.675000011920929,0.0
7142,Tamwe,Yangon City,MMR013D002,16.821955,96.173622,0.0,0.0,11.0,4.8412433,0.7250000238418579,0.03175133466720581
7143,Tamwe,Yangon City,MMR013D002,16.822064,96.173424,0.0,0.0,13.0,4.096654,0.675000011920929,0.18066918849945068
7144,Tamwe,Yangon City,MMR013D002,16.822128295898,96.172256469727,0.0,0.0,16.0,3.4869568,0.6000000238418579,0.3026086091995239
7145,Tamwe,Yangon City,MMR013D002,16.822128295898,96.176376342773,0.0,0.0,9.0,6.0445805,0.7749999761581421,0.0
7146,Tamwe,Yangon City,MMR013D002,16.822815,96.17569,0.0,0.0,9.0,0.9548369,0.7749999761581421,0.8090326189994812
7147,Tamwe,Yangon City,MMR013D002,16.823044,96.172714,0.0,0.0,16.0,4.1360445,0.6000000238418579,0.17279112339019775
7148,Tamwe,Yangon City,MMR013D002,16.823501586914,96.166763305664,0.0,0.0,16.0,2.2111168,0.6000000238418579,0.5577766299247742
7149,Tamwe,Yangon City,MMR013D002,16.823502,96.168137,0.0,0.0,20.0,4.9007516,0.5,0.019849658012390137
7150,Tamwe,Yangon City,MMR013D002,16.823501586914,96.172256469727,0.0,0.0,15.0,8.587172,0.625,0.0
7151,Tamwe,Yangon City,MMR013D002,16.823502,96.172943,0.0,0.0,14.0,2.9905288,0.6499999761581421,0.401894211769104
7152,Tamwe,Yangon City,MMR013D002,16.823776,96.171982,0.0,0.0,12.0,3.138737,0.699999988079071,0.37225258350372314
7153,Tamwe,Yangon City,MMR013D002,16.824188,96.172256,0.0,0.0,13.0,3.9416327,0.675000011920929,0.21167343854904175
7154,Tamwe,Yangon City,MMR013D002,16.824417,96.171341,0.0,0.0,17.0,3.8140574,0.574999988079071,0.23718851804733276
7155,Tamwe,Yangon City,MMR013D002,16.82487487793,96.16813659668,0.0,0.0,12.0,3.0307229,0.699999988079071,0.3938554525375366
7156,Tamwe,Yangon City,MMR013D002,16.824875,96.168823,0.0,0.0,12.0,4.3014402,0.699999988079071,0.13971197605133057
7157,Tamwe,Yangon City,MMR013D002,16.82487487793,96.169509887695,0.0,0.0,15.0,2.9905288,0.625,0.401894211769104
7158,Tamwe,Yangon City,MMR013D002,16.824875,96.170197,0.0,0.0,16.0,1.3808141,0.6000000238418579,0.7238371968269348
7159,Tamwe,Yangon City,MMR013D002,16.82487487793,96.172256469727,0.0,0.0,17.0,3.0307229,0.574999988079071,0.3938554525375366
7160,Tamwe,Yangon City,MMR013D002,16.825333,96.171799,0.0,0.0,12.0,2.153755,0.699999988079071,0.5692490339279175
7161,Thaketa,Yangon City,MMR013D002,16.775436401367,96.199722290039,0.0,0.0,7.0,0.0,0.824999988079071,1.0
7162,Thaketa,Yangon City,MMR013D002,16.775436401367,96.201095581055,0.0,0.0,8.0,2.9905288,0.800000011920929,0.401894211769104
7163,Thaketa,Yangon City,MMR013D002,16.776809692383,96.196975708008,0.0,0.0,9.0,3.138737,0.7749999761581421,0.37225258350372314
7164,Thaketa,Yangon City,MMR013D002,16.776809692383,96.198348999023,0.0,0.0,6.0,2.153755,0.8500000238418579,0.5692490339279175
7165,Thaketa,Yangon City,MMR013D002,16.776809692383,96.201095581055,0.0,0.0,10.0,0.9976483,0.75,0.8004703521728516
7166,Thaketa,Yangon City,MMR013D002,16.776809692383,96.20246887207,0.0,0.0,10.0,0.9548369,0.75,0.8090326189994812
7167,Thaketa,Yangon City,MMR013D002,16.778182983398,96.195602416992,0.0,0.0,10.0,0.9976483,0.75,0.8004703521728516
7168,Thaketa,Yangon City,MMR013D002,16.778182983398,96.196975708008,0.0,0.0,8.0,2.153755,0.800000011920929,0.5692490339279175
7169,Thaketa,Yangon City,MMR013D002,16.778182983398,96.201095581055,0.0,0.0,9.0,0.0,0.7749999761581421,1.0
7170,Thaketa,Yangon City,MMR013D002,16.779556274414,96.192855834961,0.0,0.0,10.0,3.5461073,0.75,0.2907785177230835
7171,Thaketa,Yangon City,MMR013D002,16.779561,96.198384,0.0,0.0,7.0,2.2111168,0.824999988079071,0.5577766299247742
7172,Thaketa,Yangon City,MMR013D002,16.779556274414,96.20246887207,0.0,0.0,8.0,2.2111168,0.800000011920929,0.5577766299247742
7173,Thaketa,Yangon City,MMR013D002,16.779574,96.198336,0.0,0.0,7.0,2.2111168,0.824999988079071,0.5577766299247742
7174,Thaketa,Yangon City,MMR013D002,16.779576,96.198421,0.0,0.0,7.0,2.2111168,0.824999988079071,0.5577766299247742
7175,Thaketa,Yangon City,MMR013D002,16.78092956543,96.19010925293,0.0,0.0,6.0,3.138737,0.8500000238418579,0.37225258350372314
7176,Thaketa,Yangon City,MMR013D002,16.78092956543,96.192855834961,0.0,0.0,7.0,0.9548369,0.824999988079071,0.8090326189994812
7177,Thaketa,Yangon City,MMR013D002,16.78092956543,96.203842163086,0.0,0.0,8.0,2.2111168,0.800000011920929,0.5577766299247742
7178,Thaketa,Yangon City,MMR013D002,16.782302856445,96.191482543945,0.0,0.0,8.0,0.9548369,0.800000011920929,0.8090326189994812
7179,Thaketa,Yangon City,MMR013D002,16.782302856445,96.203842163086,0.0,0.0,7.0,2.2111168,0.824999988079071,0.5577766299247742
7180,Thaketa,Yangon City,MMR013D002,16.783676147461,96.192855834961,0.0,0.0,8.0,1.9091437,0.800000011920929,0.6181712746620178
7181,Thaketa,Yangon City,MMR013D002,16.783676147461,96.196975708008,0.0,0.0,11.0,3.138737,0.7250000238418579,0.37225258350372314
7182,Thaketa,Yangon City,MMR013D002,16.783676147461,96.203842163086,0.0,0.0,9.0,2.2111168,0.7749999761581421,0.5577766299247742
7183,Thaketa,Yangon City,MMR013D002,16.785049438477,96.203842163086,0.0,0.0,7.0,0.9976483,0.824999988079071,0.8004703521728516
7184,Thaketa,Yangon City,MMR013D002,16.786422729492,96.205215454102,0.0,0.0,9.0,3.138737,0.7749999761581421,0.37225258350372314
7185,Thaketa,Yangon City,MMR013D002,16.787796020508,96.195602416992,0.0,0.0,11.0,2.153755,0.7250000238418579,0.5692490339279175
7186,Thaketa,Yangon City,MMR013D002,16.787796020508,96.205215454102,0.0,0.0,4.0,4.8660283,0.8999999761581421,0.02679431438446045
7187,Thaketa,Yangon City,MMR013D002,16.787796020508,96.216201782227,0.0,0.0,7.0,3.5461073,0.824999988079071,0.2907785177230835
7188,Thaketa,Yangon City,MMR013D002,16.789169311523,96.205215454102,0.0,0.0,8.0,0.0,0.800000011920929,1.0
7189,Thaketa,Yangon City,MMR013D002,16.789169311523,96.206588745117,0.0,0.0,8.0,5.3264294,0.800000011920929,0.0
7190,Thaketa,Yangon City,MMR013D002,16.789169311523,96.210708618164,0.0,0.0,6.0,0.9548369,0.8500000238418579,0.8090326189994812
7191,Thaketa,Yangon City,MMR013D002,16.790542602539,96.207962036133,0.0,0.0,6.0,4.8412433,0.8500000238418579,0.03175133466720581
7192,Thaketa,Yangon City,MMR013D002,16.790542602539,96.213455200195,0.0,0.0,12.0,2.2111168,0.699999988079071,0.5577766299247742
7193,Thaketa,Yangon City,MMR013D002,16.790542602539,96.214828491211,0.0,0.0,8.0,0.9548369,0.800000011920929,0.8090326189994812
7194,Thaketa,Yangon City,MMR013D002,16.790542602539,96.216201782227,0.0,0.0,6.0,2.2111168,0.8500000238418579,0.5577766299247742
7195,Thaketa,Yangon City,MMR013D002,16.791915893555,96.194229125977,0.0,0.0,1.0,3.138737,0.9750000238418579,0.37225258350372314
7196,Thaketa,Yangon City,MMR013D002,16.791915893555,96.206588745117,0.0,0.0,7.0,6.2587476,0.824999988079071,0.0
7197,Thaketa,Yangon City,MMR013D002,16.791915893555,96.207962036133,0.0,0.0,9.0,2.153755,0.7749999761581421,0.5692490339279175
7198,Thaketa,Yangon City,MMR013D002,16.791915893555,96.209335327148,0.0,0.0,9.0,0.9548369,0.7749999761581421,0.8090326189994812
7199,Thaketa,Yangon City,MMR013D002,16.791915893555,96.210708618164,0.0,0.0,9.0,1.3808141,0.7749999761581421,0.7238371968269348
7200,Thaketa,Yangon City,MMR013D002,16.791915893555,96.21208190918,0.0,0.0,9.0,1.3808141,0.7749999761581421,0.7238371968269348
7201,Thaketa,Yangon City,MMR013D002,16.791915893555,96.217575073242,0.0,0.0,7.0,3.5461073,0.824999988079071,0.2907785177230835
7202,Thaketa,Yangon City,MMR013D002,16.791915893555,96.218948364258,0.0,0.0,7.0,1.3808141,0.824999988079071,0.7238371968269348
7203,Thaketa,Yangon City,MMR013D002,16.791915893555,96.220321655273,0.0,0.0,7.0,2.760026,0.824999988079071,0.44799482822418213
7204,Thaketa,Yangon City,MMR013D002,16.79328918457,96.194229125977,0.0,0.0,9.0,1.3808141,0.7749999761581421,0.7238371968269348
7205,Thaketa,Yangon City,MMR013D002,16.79328918457,96.209335327148,0.0,0.0,10.0,0.9548369,0.75,0.8090326189994812
7206,Thaketa,Yangon City,MMR013D002,16.794662475586,96.20246887207,0.0,0.0,11.0,0.9976483,0.7250000238418579,0.8004703521728516
7207,Thaketa,Yangon City,MMR013D002,16.794662475586,96.205215454102,0.0,0.0,7.0,1.3808141,0.824999988079071,0.7238371968269348
7208,Thaketa,Yangon City,MMR013D002,16.796035766602,96.195602416992,0.0,0.0,9.0,0.9548369,0.7749999761581421,0.8090326189994812
7209,Thaketa,Yangon City,MMR013D002,16.796035766602,96.196975708008,0.0,0.0,12.0,3.9845605,0.699999988079071,0.2030879259109497
7210,Thaketa,Yangon City,MMR013D002,16.796035766602,96.199722290039,0.0,0.0,9.0,1.3808141,0.7749999761581421,0.7238371968269348
7211,Thaketa,Yangon City,MMR013D002,16.796035766602,96.207962036133,0.0,0.0,7.0,1.9091437,0.824999988079071,0.6181712746620178
7212,Thaketa,Yangon City,MMR013D002,16.796035766602,96.221694946289,0.0,0.0,6.0,0.9976483,0.8500000238418579,0.8004703521728516
7213,Thaketa,Yangon City,MMR013D002,16.796494,96.202469,0.0,0.0,7.0,2.2111168,0.824999988079071,0.5577766299247742
7214,Thaketa,Yangon City,MMR013D002,16.797409057617,96.196975708008,0.0,0.0,9.0,0.9976483,0.7749999761581421,0.8004703521728516
7215,Thaketa,Yangon City,MMR013D002,16.797409057617,96.203842163086,0.0,0.0,7.0,1.9946922,0.824999988079071,0.6010615825653076
7216,Thaketa,Yangon City,MMR013D002,16.797409057617,96.217575073242,0.0,0.0,9.0,0.9548369,0.7749999761581421,0.8090326189994812
7217,Thaketa,Yangon City,MMR013D002,16.797409057617,96.220321655273,0.0,0.0,10.0,2.153755,0.75,0.5692490339279175
7218,Thaketa,Yangon City,MMR013D002,16.797409057617,96.221694946289,0.0,0.0,6.0,1.3808141,0.8500000238418579,0.7238371968269348
7219,Thaketa,Yangon City,MMR013D002,16.797409057617,96.223068237305,0.0,0.0,7.0,2.153755,0.824999988079071,0.5692490339279175
7220,Thaketa,Yangon City,MMR013D002,16.797409057617,96.228561401367,0.0,0.0,11.0,4.8412433,0.7250000238418579,0.03175133466720581
7221,Thaketa,Yangon City,MMR013D002,16.798096,96.196289,0.0,0.0,10.0,0.9548369,0.75,0.8090326189994812
7222,Thaketa,Yangon City,MMR013D002,16.798782348633,96.201095581055,0.0,0.0,7.0,3.8140574,0.824999988079071,0.23718851804733276
7223,Thaketa,Yangon City,MMR013D002,16.798782348633,96.213455200195,0.0,0.0,8.0,0.9976483,0.800000011920929,0.8004703521728516
7224,Thaketa,Yangon City,MMR013D002,16.798782348633,96.221694946289,0.0,0.0,10.0,4.1360445,0.75,0.17279112339019775
7225,Thaketa,Yangon City,MMR013D002,16.798782348633,96.22444152832,0.0,0.0,9.0,1.3808141,0.7749999761581421,0.7238371968269348
7226,Thaketa,Yangon City,MMR013D002,16.798782348633,96.225814819336,0.0,0.0,7.0,0.9548369,0.824999988079071,0.8090326189994812
7227,Thaketa,Yangon City,MMR013D002,16.79924,96.224899,0.0,0.0,7.0,4.1360445,0.824999988079071,0.17279112339019775
7228,Thaketa,Yangon City,MMR013D002,16.800155639648,96.207962036133,0.0,0.0,11.0,6.2581224,0.7250000238418579,0.0
7229,Thaketa,Yangon City,MMR013D002,16.800155639648,96.22444152832,0.0,0.0,7.0,3.0307229,0.824999988079071,0.3938554525375366
7230,Thaketa,Yangon City,MMR013D002,16.800155639648,96.225814819336,0.0,0.0,6.0,2.760026,0.8500000238418579,0.44799482822418213
7231,Thaketa,Yangon City,MMR013D002,16.800701,96.221581,0.0,0.0,9.0,3.138737,0.7749999761581421,0.37225258350372314
7232,Thaketa,Yangon City,MMR013D002,16.801528930664,96.196975708008,0.0,0.0,6.0,3.9416327,0.8500000238418579,0.21167343854904175
7233,Thaketa,Yangon City,MMR013D002,16.801528930664,96.223068237305,0.0,0.0,8.0,2.153755,0.800000011920929,0.5692490339279175
7234,Thaketa,Yangon City,MMR013D002,16.801528930664,96.225814819336,0.0,0.0,7.0,1.9091437,0.824999988079071,0.6181712746620178
7235,Thaketa,Yangon City,MMR013D002,16.801528930664,96.228561401367,0.0,0.0,8.0,2.2111168,0.800000011920929,0.5577766299247742
7236,Thaketa,Yangon City,MMR013D002,16.801937,96.224426,0.0,0.0,7.0,1.3808141,0.824999988079071,0.7238371968269348
7237,Thaketa,Yangon City,MMR013D002,16.80290222168,96.196975708008,0.0,0.0,10.0,4.3014402,0.75,0.13971197605133057
7238,Thaketa,Yangon City,MMR013D002,16.802902,96.199722,0.0,0.0,9.0,2.153755,0.7749999761581421,0.5692490339279175
7239,Thaketa,Yangon City,MMR013D002,16.80290222168,96.216201782227,0.0,0.0,11.0,0.9548369,0.7250000238418579,0.8090326189994812
7240,Thaketa,Yangon City,MMR013D002,16.80290222168,96.223068237305,0.0,0.0,9.0,0.9548369,0.7749999761581421,0.8090326189994812
7241,Thaketa,Yangon City,MMR013D002,16.80290222168,96.22444152832,0.0,0.0,10.0,2.153755,0.75,0.5692490339279175
7242,Thaketa,Yangon City,MMR013D002,16.80290222168,96.225814819336,0.0,0.0,11.0,3.0307229,0.7250000238418579,0.3938554525375366
7243,Thaketa,Yangon City,MMR013D002,16.80290222168,96.227188110352,0.0,0.0,11.0,1.3808141,0.7250000238418579,0.7238371968269348
7244,Thaketa,Yangon City,MMR013D002,16.80290222168,96.236801147461,0.3333333333333333,1.0,7.0,0.0,0.824999988079071,1.0
7245,Thaketa,Yangon City,MMR013D002,16.803177,96.196426,0.0,0.0,7.0,1.9946922,0.824999988079071,0.6010615825653076
7246,Thaketa,Yangon City,MMR013D002,16.803875,96.204231,0.0,0.0,12.0,4.1360445,0.699999988079071,0.17279112339019775
7247,Thaketa,Yangon City,MMR013D002,16.804275512695,96.196975708008,0.0,0.0,11.0,4.096654,0.7250000238418579,0.18066918849945068
7248,Thaketa,Yangon City,MMR013D002,16.804275512695,96.199722290039,0.0,0.0,6.0,2.2111168,0.8500000238418579,0.5577766299247742
7249,Thaketa,Yangon City,MMR013D002,16.804275512695,96.203842163086,0.0,0.0,3.0,4.096654,0.925000011920929,0.18066918849945068
7250,Thaketa,Yangon City,MMR013D002,16.804275512695,96.207962036133,0.0,0.0,6.0,3.138737,0.8500000238418579,0.37225258350372314
7251,Thaketa,Yangon City,MMR013D002,16.804275512695,96.210708618164,0.0,0.0,8.0,3.9845605,0.800000011920929,0.2030879259109497
7252,Thaketa,Yangon City,MMR013D002,16.804275512695,96.221694946289,0.0,0.0,12.0,6.0397077,0.699999988079071,0.0
7253,Thaketa,Yangon City,MMR013D002,16.804275512695,96.228561401367,0.0,0.0,9.0,3.4869568,0.7749999761581421,0.3026086091995239
7254,Thaketa,Yangon City,MMR013D002,16.804275512695,96.23405456543,0.0,0.0,6.0,4.1360445,0.8500000238418579,0.17279112339019775
7255,Thaketa,Yangon City,MMR013D002,16.804811,96.214165,0.0,0.0,6.0,4.9007516,0.8500000238418579,0.019849658012390137
7256,Thaketa,Yangon City,MMR013D002,16.805648803711,96.194229125977,0.0,0.0,10.0,3.138737,0.75,0.37225258350372314
7257,Thaketa,Yangon City,MMR013D002,16.805648803711,96.216201782227,0.0,0.0,6.0,1.3808141,0.8500000238418579,0.7238371968269348
7258,Thaketa,Yangon City,MMR013D002,16.805648803711,96.220321655273,0.0,0.0,11.0,2.2111168,0.7250000238418579,0.5577766299247742
7259,Thaketa,Yangon City,MMR013D002,16.805648803711,96.22444152832,0.0,0.0,7.0,2.153755,0.824999988079071,0.5692490339279175
7260,Thaketa,Yangon City,MMR013D002,16.805648803711,96.225814819336,0.0,0.0,6.0,2.9905288,0.8500000238418579,0.401894211769104
7261,Thaketa,Yangon City,MMR013D002,16.805648803711,96.227188110352,0.0,0.0,16.0,5.1608467,0.6000000238418579,0.0
7262,Thaketa,Yangon City,MMR013D002,16.805648803711,96.228561401367,0.0,0.0,11.0,3.5461073,0.7250000238418579,0.2907785177230835
7263,Thaketa,Yangon City,MMR013D002,16.805648803711,96.23405456543,0.0,0.0,8.0,0.9548369,0.800000011920929,0.8090326189994812
7264,Thaketa,Yangon City,MMR013D002,16.805648803711,96.235427856445,0.0,0.0,4.0,0.9548369,0.8999999761581421,0.8090326189994812
7265,Thaketa,Yangon City,MMR013D002,16.806335,96.193542,0.0,0.0,5.0,6.6072006,0.875,0.0
7266,Thaketa,Yangon City,MMR013D002,16.806335,96.217575,0.0,0.0,12.0,2.153755,0.699999988079071,0.5692490339279175
7267,Thaketa,Yangon City,MMR013D002,16.806335,96.229935,0.0,0.0,9.0,3.4869568,0.7749999761581421,0.3026086091995239
7268,Thaketa,Yangon City,MMR013D002,16.806606,96.215331,0.0,0.0,11.0,1.9946922,0.7250000238418579,0.6010615825653076
7269,Thaketa,Yangon City,MMR013D002,16.807022094727,96.21208190918,0.0,0.0,10.0,0.9548369,0.75,0.8090326189994812
7270,Thaketa,Yangon City,MMR013D002,16.807022094727,96.216201782227,0.0,0.0,12.0,2.2111168,0.699999988079071,0.5577766299247742
7271,Thaketa,Yangon City,MMR013D002,16.807022094727,96.217575073242,0.0,0.0,14.0,3.138737,0.6499999761581421,0.37225258350372314
7272,Thaketa,Yangon City,MMR013D002,16.807022094727,96.223068237305,0.0,0.0,4.0,0.9976483,0.8999999761581421,0.8004703521728516
7273,Thaketa,Yangon City,MMR013D002,16.807022094727,96.228561401367,0.0,0.0,12.0,1.9091437,0.699999988079071,0.6181712746620178
7274,Thaketa,Yangon City,MMR013D002,16.807022094727,96.229934692383,0.0,0.0,9.0,1.3808141,0.7749999761581421,0.7238371968269348
7275,Thaketa,Yangon City,MMR013D002,16.807022094727,96.23405456543,0.0,0.0,7.0,2.153755,0.824999988079071,0.5692490339279175
7276,Thaketa,Yangon City,MMR013D002,16.807611,96.193052,0.0,0.0,9.0,3.4869568,0.7749999761581421,0.3026086091995239
7277,Thaketa,Yangon City,MMR013D002,16.808006,96.220917,0.0,0.0,10.0,1.3808141,0.75,0.7238371968269348
7278,Thaketa,Yangon City,MMR013D002,16.808395385742,96.192855834961,0.0,0.0,9.0,2.9905288,0.7749999761581421,0.401894211769104
7279,Thaketa,Yangon City,MMR013D002,16.808395385742,96.217575073242,0.0,0.0,7.0,4.415667,0.824999988079071,0.1168665885925293
7280,Thaketa,Yangon City,MMR013D002,16.808395385742,96.221694946289,0.0,0.0,7.0,1.9946922,0.824999988079071,0.6010615825653076
7281,Thaketa,Yangon City,MMR013D002,16.808395385742,96.223068237305,0.0,0.0,9.0,3.8140574,0.7749999761581421,0.23718851804733276
7282,Thaketa,Yangon City,MMR013D002,16.809768676758,96.192855834961,0.0,0.0,4.0,0.0,0.8999999761581421,1.0
7283,Thaketa,Yangon City,MMR013D002,16.809768676758,96.21208190918,0.0,0.0,8.0,0.9976483,0.800000011920929,0.8004703521728516
7284,Thaketa,Yangon City,MMR013D002,16.809768676758,96.213455200195,0.0,0.0,10.0,0.9976483,0.75,0.8004703521728516
7285,Thaketa,Yangon City,MMR013D002,16.809768676758,96.216201782227,0.0,0.0,9.0,0.9976483,0.7749999761581421,0.8004703521728516
7286,Thaketa,Yangon City,MMR013D002,16.809768676758,96.217575073242,0.0,0.0,7.0,1.3808141,0.824999988079071,0.7238371968269348
7287,Thaketa,Yangon City,MMR013D002,16.809768676758,96.220321655273,0.0,0.0,9.0,0.9976483,0.7749999761581421,0.8004703521728516
7288,Thaketa,Yangon City,MMR013D002,16.809768676758,96.223068237305,0.0,0.0,10.0,0.9976483,0.75,0.8004703521728516
7289,Thaketa,Yangon City,MMR013D002,16.810059,96.217033,0.0,0.0,7.0,0.9548369,0.824999988079071,0.8090326189994812
7290,Thaketa,Yangon City,MMR013D002,16.810102,96.217018,0.0,0.0,7.0,0.9548369,0.824999988079071,0.8090326189994812
7291,Thaketa,Yangon City,MMR013D002,16.811141967773,96.217575073242,0.0,0.0,9.0,6.6072006,0.7749999761581421,0.0
7292,Thaketa,Yangon City,MMR013D002,16.811141967773,96.227188110352,0.0,0.0,6.0,3.138737,0.8500000238418579,0.37225258350372314
7293,Thaketa,Yangon City,MMR013D002,16.812515258789,96.216201782227,0.0,0.0,7.0,1.9946922,0.824999988079071,0.6010615825653076
7294,Thaketa,Yangon City,MMR013D002,16.812515258789,96.220321655273,0.0,0.0,8.0,4.415667,0.800000011920929,0.1168665885925293
7295,Thaketa,Yangon City,MMR013D002,16.813888549805,96.213455200195,0.0,0.0,-12.0,1.3808141,1.0,0.7238371968269348
7296,Thaketa,Yangon City,MMR013D002,16.813888549805,96.216201782227,0.0,0.0,7.0,1.3808141,0.824999988079071,0.7238371968269348
7297,Thaketa,Yangon City,MMR013D002,16.813888549805,96.218948364258,0.0,0.0,8.0,0.9548369,0.800000011920929,0.8090326189994812
7298,Thanlyin,Thanlyin,MMR013D003,16.672439575195,96.280746459961,0.0,0.0,9.0,2.760026,0.7749999761581421,0.44799482822418213
7299,Thanlyin,Thanlyin,MMR013D003,16.677932739258,96.249160766602,0.0,0.0,4.0,1.3808141,0.8999999761581421,0.7238371968269348
7300,Thanlyin,Thanlyin,MMR013D003,16.677932739258,96.261520385742,0.0,0.0,7.0,0.9548369,0.824999988079071,0.8090326189994812
7301,Thanlyin,Thanlyin,MMR013D003,16.679306030273,96.258773803711,0.0,0.0,7.0,3.0307229,0.824999988079071,0.3938554525375366
7302,Thanlyin,Thanlyin,MMR013D003,16.683426,96.26152,0.0,0.0,16.0,1.9091437,0.6000000238418579,0.6181712746620178
7303,Thanlyin,Thanlyin,MMR013D003,16.684341,96.261063,0.0,0.0,14.0,1.3808141,0.6499999761581421,0.7238371968269348
7304,Thanlyin,Thanlyin,MMR013D003,16.685143,96.262894,0.0,0.0,10.0,3.9416327,0.75,0.21167343854904175
7305,Thanlyin,Thanlyin,MMR013D003,16.686172,96.266098,0.0,0.0,10.0,8.282669,0.75,0.0
7306,Thanlyin,Thanlyin,MMR013D003,16.686172,96.266327,0.0,0.0,13.0,10.2392845,0.675000011920929,0.0
7307,Thanlyin,Thanlyin,MMR013D003,16.686172485352,96.267013549805,0.0,0.0,13.0,1.3808141,0.675000011920929,0.7238371968269348
7308,Thanlyin,Thanlyin,MMR013D003,16.68663,96.267014,0.0,0.0,11.0,1.3808141,0.7250000238418579,0.7238371968269348
7309,Thanlyin,Thanlyin,MMR013D003,16.687546,96.259273,0.0,0.0,14.0,1.3808141,0.6499999761581421,0.7238371968269348
7310,Thanlyin,Thanlyin,MMR013D003,16.688794,96.257401,0.0,0.0,9.0,2.760026,0.7749999761581421,0.44799482822418213
7311,Thanlyin,Thanlyin,MMR013D003,16.688919,96.26207,0.0,0.0,5.0,0.9548369,0.875,0.8090326189994812
7312,Thanlyin,Thanlyin,MMR013D003,16.688919067383,96.264266967773,0.0,0.0,12.0,3.5461073,0.699999988079071,0.2907785177230835
7313,Thanlyin,Thanlyin,MMR013D003,16.690979,96.239548,0.0,0.0,3.0,0.9548369,0.925000011920929,0.8090326189994812
7314,Thanlyin,Thanlyin,MMR013D003,16.692254,96.255635,0.0,0.0,6.0,2.2111168,0.8500000238418579,0.5577766299247742
7315,Thanlyin,Thanlyin,MMR013D003,16.69303894043,96.236801147461,0.0,0.0,6.0,1.3808141,0.8500000238418579,0.7238371968269348
7316,Thanlyin,Thanlyin,MMR013D003,16.694412231445,96.306838989258,0.0,0.0,21.0,4.3014402,0.4750000238418579,0.13971197605133057
7317,Thanlyin,Thanlyin,MMR013D003,16.698532104492,96.243667602539,0.0,0.0,6.0,3.9416327,0.8500000238418579,0.21167343854904175
7318,Thanlyin,Thanlyin,MMR013D003,16.702651977539,96.236801147461,0.0,0.0,5.0,2.862392,0.875,0.42752158641815186
7319,Thanlyin,Thanlyin,MMR013D003,16.704025268555,96.29997253418,0.0,0.0,18.0,3.5461073,0.550000011920929,0.2907785177230835
7320,Thanlyin,Thanlyin,MMR013D003,16.706771850586,96.251907348633,0.0,0.0,4.0,2.760026,0.8999999761581421,0.44799482822418213
7321,Thanlyin,Thanlyin,MMR013D003,16.708145141602,96.239547729492,0.0,0.0,7.0,1.3808141,0.824999988079071,0.7238371968269348
7322,Thanlyin,Thanlyin,MMR013D003,16.711351,96.292328,0.0,0.0,19.0,3.0307229,0.5249999761581421,0.3938554525375366
7323,Thanlyin,Thanlyin,MMR013D003,16.712265014648,96.257400512695,0.0,0.0,3.0,3.138737,0.925000011920929,0.37225258350372314
7324,Thanlyin,Thanlyin,MMR013D003,16.714325,96.254653,0.0,0.0,4.0,4.096654,0.8999999761581421,0.18066918849945068
7325,Thanlyin,Thanlyin,MMR013D003,16.716384887695,96.243667602539,0.0,0.0,6.0,3.138737,0.8500000238418579,0.37225258350372314
7326,Thanlyin,Thanlyin,MMR013D003,16.719131469727,96.245040893555,0.0,0.0,8.0,0.9976483,0.800000011920929,0.8004703521728516
7327,Thanlyin,Thanlyin,MMR013D003,16.719131469727,96.24641418457,0.0,0.0,5.0,3.9416327,0.875,0.21167343854904175
7328,Thanlyin,Thanlyin,MMR013D003,16.720504760742,96.231307983398,0.0,0.0,7.0,3.0307229,0.824999988079071,0.3938554525375366
7329,Thanlyin,Thanlyin,MMR013D003,16.723251342773,96.249160766602,0.0,0.0,4.0,1.3808141,0.8999999761581421,0.7238371968269348
7330,Thanlyin,Thanlyin,MMR013D003,16.724624633789,96.245040893555,0.0,0.0,5.0,1.3808141,0.875,0.7238371968269348
7331,Thanlyin,Thanlyin,MMR013D003,16.724624633789,96.249160766602,0.0,0.0,7.0,2.153755,0.824999988079071,0.5692490339279175
7332,Thanlyin,Thanlyin,MMR013D003,16.724624633789,96.251907348633,0.0,0.0,4.0,2.760026,0.8999999761581421,0.44799482822418213
7333,Thanlyin,Thanlyin,MMR013D003,16.724624633789,96.262893676758,0.0,0.0,14.0,3.138737,0.6499999761581421,0.37225258350372314
7334,Thanlyin,Thanlyin,MMR013D003,16.725997924805,96.247787475586,0.0,0.0,7.0,2.760026,0.824999988079071,0.44799482822418213
7335,Thanlyin,Thanlyin,MMR013D003,16.730118,96.262894,0.0,0.0,14.0,4.3014402,0.6499999761581421,0.13971197605133057
7336,Thanlyin,Thanlyin,MMR013D003,16.730117797852,96.272506713867,0.0,0.0,33.0,2.9905288,0.17500001192092896,0.401894211769104
7337,Thanlyin,Thanlyin,MMR013D003,16.730595,96.272621,0.0,0.0,29.0,3.0307229,0.2749999761581421,0.3938554525375366
7338,Thanlyin,Thanlyin,MMR013D003,16.732864379883,96.249160766602,0.0,0.0,8.0,2.2111168,0.800000011920929,0.5577766299247742
7339,Thanlyin,Thanlyin,MMR013D003,16.732864379883,96.262893676758,0.0,0.0,12.0,1.3808141,0.699999988079071,0.7238371968269348
7340,Thanlyin,Thanlyin,MMR013D003,16.734237670898,96.249160766602,0.0,0.0,6.0,2.2111168,0.8500000238418579,0.5577766299247742
7341,Thanlyin,Thanlyin,MMR013D003,16.734238,96.262894,0.0,0.0,10.0,2.760026,0.75,0.44799482822418213
7342,Thanlyin,Thanlyin,MMR013D003,16.735610961914,96.251907348633,0.0,0.0,11.0,3.138737,0.7250000238418579,0.37225258350372314
7343,Thanlyin,Thanlyin,MMR013D003,16.735610961914,96.253280639648,0.0,0.0,8.0,3.4869568,0.800000011920929,0.3026086091995239
7344,Thanlyin,Thanlyin,MMR013D003,16.735610961914,96.25602722168,0.0,0.0,5.0,2.760026,0.875,0.44799482822418213
7345,Thanlyin,Thanlyin,MMR013D003,16.735610961914,96.257400512695,0.0,0.0,6.0,1.3808141,0.8500000238418579,0.7238371968269348
7346,Thanlyin,Thanlyin,MMR013D003,16.735610961914,96.262893676758,0.0,0.0,11.0,8.956695,0.7250000238418579,0.0
7347,Thanlyin,Thanlyin,MMR013D003,16.73698425293,96.262893676758,0.0,0.0,7.0,0.0,0.824999988079071,1.0
7348,Thanlyin,Thanlyin,MMR013D003,16.73698425293,96.276626586914,0.0,0.0,27.0,5.7105665,0.32499998807907104,0.0
7349,Thanlyin,Thanlyin,MMR013D003,16.73698425293,96.286239624023,0.0,0.0,6.0,0.0,0.8500000238418579,1.0
7350,Thanlyin,Thanlyin,MMR013D003,16.738357543945,96.262893676758,0.0,0.0,9.0,1.3808141,0.7749999761581421,0.7238371968269348
7351,Thanlyin,Thanlyin,MMR013D003,16.738632,96.262344,0.0,0.0,8.0,2.153755,0.800000011920929,0.5692490339279175
7352,Thanlyin,Thanlyin,MMR013D003,16.741104125977,96.262893676758,0.0,0.0,26.0,12.126574,0.3500000238418579,0.0
7353,Thanlyin,Thanlyin,MMR013D003,16.741104125977,96.267013549805,0.0,0.0,26.0,2.760026,0.3500000238418579,0.44799482822418213
7354,Thanlyin,Thanlyin,MMR013D003,16.741791,96.26152,0.0,0.0,11.0,1.9091437,0.7250000238418579,0.6181712746620178
7355,Thanlyin,Thanlyin,MMR013D003,16.741817,96.264069,0.0,0.0,26.0,0.0,0.3500000238418579,1.0
7356,Thanlyin,Thanlyin,MMR013D003,16.742477416992,96.264266967773,0.0,0.0,25.0,3.4869568,0.375,0.3026086091995239
7357,Thanlyin,Thanlyin,MMR013D003,16.743850708008,96.264266967773,0.0,0.0,20.0,2.760026,0.5,0.44799482822418213
7358,Thanlyin,Thanlyin,MMR013D003,16.745223999023,96.265640258789,0.0,0.0,29.0,1.3808141,0.2749999761581421,0.7238371968269348
7359,Thanlyin,Thanlyin,MMR013D003,16.746597290039,96.264266967773,0.0,0.0,25.0,3.138737,0.375,0.37225258350372314
7360,Thanlyin,Thanlyin,MMR013D003,16.747970581055,96.262893676758,0.0,0.0,26.0,10.2404,0.3500000238418579,0.0
7361,Thanlyin,Thanlyin,MMR013D003,16.750717163086,96.260147094727,0.0,0.0,28.0,3.0307229,0.30000001192092896,0.3938554525375366
7362,Thanlyin,Thanlyin,MMR013D003,16.750975,96.262121,0.0,0.0,26.0,4.096654,0.3500000238418579,0.18066918849945068
7363,Thanlyin,Thanlyin,MMR013D003,16.752090454102,96.261520385742,0.0,0.0,32.0,2.862392,0.19999998807907104,0.42752158641815186
7364,Thanlyin,Thanlyin,MMR013D003,16.752983,96.260285,0.0,0.0,32.0,0.9976483,0.19999998807907104,0.8004703521728516
7365,Thanlyin,Thanlyin,MMR013D003,16.753463745117,96.258773803711,0.0,0.0,30.0,2.153755,0.25,0.5692490339279175
7366,Thanlyin,Thanlyin,MMR013D003,16.753463745117,96.260147094727,0.0,0.0,30.0,1.3808141,0.25,0.7238371968269348
7367,Thanlyin,Thanlyin,MMR013D003,16.755112,96.259186,0.0,0.0,25.0,5.617232,0.375,0.0
7368,Thanlyin,Thanlyin,MMR013D003,16.755389,96.26051,0.0,0.0,19.0,1.9091437,0.5249999761581421,0.6181712746620178
7369,Thanlyin,Thanlyin,MMR013D003,16.755587,96.261167,0.0,0.0,18.0,2.2111168,0.550000011920929,0.5577766299247742
7370,Thanlyin,Thanlyin,MMR013D003,16.755624,96.260689,0.0,0.0,19.0,0.0,0.5249999761581421,1.0
7371,Thanlyin,Thanlyin,MMR013D003,16.755836,96.261104,0.0,0.0,17.0,4.415667,0.574999988079071,0.1168665885925293
7372,Thanlyin,Thanlyin,MMR013D003,16.755877,96.261166,0.0,0.0,17.0,4.415667,0.574999988079071,0.1168665885925293
7373,Thanlyin,Thanlyin,MMR013D003,16.756413,96.260168,0.0,0.0,26.0,1.9946922,0.3500000238418579,0.6010615825653076
7374,Thanlyin,Thanlyin,MMR013D003,16.756565,96.261688,0.0,0.0,17.0,1.9091437,0.574999988079071,0.6181712746620178
7375,Thanlyin,Thanlyin,MMR013D003,16.756612,96.260671,0.0,0.0,23.0,3.138737,0.42500001192092896,0.37225258350372314
7376,Thanlyin,Thanlyin,MMR013D003,16.757583618164,96.25602722168,0.0,0.0,26.0,3.9845605,0.3500000238418579,0.2030879259109497
7377,Thanlyin,Thanlyin,MMR013D003,16.75895690918,96.239547729492,0.0,0.0,10.0,1.3808141,0.75,0.7238371968269348
7378,Thanlyin,Thanlyin,MMR013D003,16.75895690918,96.25602722168,0.0,0.0,29.0,4.096654,0.2749999761581421,0.18066918849945068
7379,Thanlyin,Thanlyin,MMR013D003,16.760381,96.258621,0.0,0.0,22.0,1.9946922,0.44999998807907104,0.6010615825653076
7380,Thanlyin,Thanlyin,MMR013D003,16.760813,96.257141,0.0,0.0,26.0,2.862392,0.3500000238418579,0.42752158641815186
7381,Thanlyin,Thanlyin,MMR013D003,16.761017,96.257858,0.0,0.0,19.0,5.733568,0.5249999761581421,0.0
7382,Thanlyin,Thanlyin,MMR013D003,16.761703491211,96.243667602539,0.0,0.0,12.0,1.3808141,0.699999988079071,0.7238371968269348
7383,Thanlyin,Thanlyin,MMR013D003,16.761703491211,96.245040893555,0.0,0.0,12.0,2.2111168,0.699999988079071,0.5577766299247742
7384,Thanlyin,Thanlyin,MMR013D003,16.761703491211,96.24641418457,0.0,0.0,14.0,0.9548369,0.6499999761581421,0.8090326189994812
7385,Thanlyin,Thanlyin,MMR013D003,16.761703491211,96.253280639648,0.0,0.0,24.0,4.415667,0.3999999761581421,0.1168665885925293
7386,Thanlyin,Thanlyin,MMR013D003,16.763076782227,96.243667602539,0.0,0.0,13.0,0.9548369,0.675000011920929,0.8090326189994812
7387,Thanlyin,Thanlyin,MMR013D003,16.763076782227,96.24641418457,0.0,0.0,15.0,2.153755,0.625,0.5692490339279175
7388,Thanlyin,Thanlyin,MMR013D003,16.763076782227,96.253280639648,0.0,0.0,31.0,3.9416327,0.2250000238418579,0.21167343854904175
7389,Thanlyin,Thanlyin,MMR013D003,16.76342,96.253281,0.0,0.0,35.0,2.862392,0.125,0.42752158641815186
7390,Thanlyin,Thanlyin,MMR013D003,16.764450073242,96.243667602539,0.0,0.0,18.0,2.2111168,0.550000011920929,0.5577766299247742
7391,Thanlyin,Thanlyin,MMR013D003,16.764450073242,96.24641418457,0.0,0.0,19.0,3.5461073,0.5249999761581421,0.2907785177230835
7392,Thanlyin,Thanlyin,MMR013D003,16.764450073242,96.247787475586,0.0,0.0,23.0,0.9548369,0.42500001192092896,0.8090326189994812
7393,Thanlyin,Thanlyin,MMR013D003,16.765823364258,96.251907348633,0.0,0.0,30.0,3.4869568,0.25,0.3026086091995239
7394,Thanlyin,Thanlyin,MMR013D003,16.767196655273,96.24641418457,0.0,0.0,23.0,2.153755,0.42500001192092896,0.5692490339279175
7395,Thanlyin,Thanlyin,MMR013D003,16.768569946289,96.258773803711,0.0,0.0,5.0,2.153755,0.875,0.5692490339279175
7396,Thanlyin,Thanlyin,MMR013D003,16.769943237305,96.250534057617,0.0,0.0,29.0,2.153755,0.2749999761581421,0.5692490339279175
7397,Thanlyin,Thanlyin,MMR013D003,16.77131652832,96.250534057617,0.0,0.0,26.0,3.9416327,0.3500000238418579,0.21167343854904175
7398,Thanlyin,Thanlyin,MMR013D003,16.772689819336,96.250534057617,0.0,0.0,16.0,1.9946922,0.6000000238418579,0.6010615825653076
7399,Thanlyin,Thanlyin,MMR013D003,16.773377,96.246414,0.0,0.0,25.0,2.153755,0.375,0.5692490339279175
7400,Thanlyin,Thanlyin,MMR013D003,16.774063110352,96.249160766602,0.0,0.0,22.0,1.3808141,0.44999998807907104,0.7238371968269348
7401,Thanlyin,Thanlyin,MMR013D003,16.775436401367,96.225814819336,0.0,0.0,5.0,5.1608467,0.875,0.0
7402,Thanlyin,Thanlyin,MMR013D003,16.775436401367,96.228561401367,0.0,0.0,10.0,5.1608467,0.75,0.0
7403,Thanlyin,Thanlyin,MMR013D003,16.775436401367,96.249160766602,0.0,0.0,16.0,0.9548369,0.6000000238418579,0.8090326189994812
7404,Thanlyin,Thanlyin,MMR013D003,16.775436401367,96.250534057617,0.0,0.0,14.0,1.3808141,0.6499999761581421,0.7238371968269348
7405,Thanlyin,Thanlyin,MMR013D003,16.77578,96.225815,0.0,0.0,4.0,3.138737,0.8999999761581421,0.37225258350372314
7406,Thanlyin,Thanlyin,MMR013D003,16.776809692383,96.22444152832,0.0,0.0,4.0,2.153755,0.8999999761581421,0.5692490339279175
7407,Thanlyin,Thanlyin,MMR013D003,16.776809692383,96.227188110352,0.0,0.0,4.0,0.9976483,0.8999999761581421,0.8004703521728516
7408,Thanlyin,Thanlyin,MMR013D003,16.776809692383,96.228561401367,0.0,0.0,5.0,2.153755,0.875,0.5692490339279175
7409,Thanlyin,Thanlyin,MMR013D003,16.776809692383,96.231307983398,0.0,0.0,7.0,3.0307229,0.824999988079071,0.3938554525375366
7410,Thanlyin,Thanlyin,MMR013D003,16.776809692383,96.249160766602,0.0,0.0,12.0,3.9416327,0.699999988079071,0.21167343854904175
7411,Thanlyin,Thanlyin,MMR013D003,16.778182983398,96.236801147461,0.0,0.0,8.0,5.0660734,0.800000011920929,0.0
7412,Thanlyin,Thanlyin,MMR013D003,16.778182983398,96.242294311523,0.0,0.0,15.0,13.98492,0.625,0.0
7413,Thanlyin,Thanlyin,MMR013D003,16.778182983398,96.245040893555,0.0,0.0,19.0,3.0307229,0.5249999761581421,0.3938554525375366
7414,Thanlyin,Thanlyin,MMR013D003,16.778183,96.245728,0.0,0.0,21.0,4.8412433,0.4750000238418579,0.03175133466720581
7415,Thanlyin,Thanlyin,MMR013D003,16.778182983398,96.247787475586,0.0,0.0,16.0,4.3014402,0.6000000238418579,0.13971197605133057
7416,Thanlyin,Thanlyin,MMR013D003,16.778182983398,96.249160766602,0.0,0.0,15.0,3.0307229,0.625,0.3938554525375366
7417,Thanlyin,Thanlyin,MMR013D003,16.77887,96.247787,0.0,0.0,15.0,4.8412433,0.625,0.03175133466720581
7418,Thanlyin,Thanlyin,MMR013D003,16.779556274414,96.22444152832,0.0,0.0,1.0,5.1608467,0.9750000238418579,0.0
7419,Thanlyin,Thanlyin,MMR013D003,16.779556274414,96.239547729492,0.0,0.0,11.0,6.2587476,0.7250000238418579,0.0
7420,Thanlyin,Thanlyin,MMR013D003,16.779556274414,96.240921020508,0.0,0.0,11.0,4.415667,0.7250000238418579,0.1168665885925293
7421,Thanlyin,Thanlyin,MMR013D003,16.779556274414,96.24641418457,0.0,0.0,22.0,4.1360445,0.44999998807907104,0.17279112339019775
7422,Thanlyin,Thanlyin,MMR013D003,16.779556274414,96.247787475586,0.0,0.0,17.0,1.3808141,0.574999988079071,0.7238371968269348
7423,Thanlyin,Thanlyin,MMR013D003,16.78092956543,96.239547729492,0.0,0.0,12.0,5.0660734,0.699999988079071,0.0
7424,Thanlyin,Thanlyin,MMR013D003,16.78092956543,96.247787475586,0.0,0.0,13.0,2.760026,0.675000011920929,0.44799482822418213
7425,Thanlyin,Thanlyin,MMR013D003,16.781616,96.236801,0.0,0.0,7.0,3.0307229,0.824999988079071,0.3938554525375366
7426,Thanlyin,Thanlyin,MMR013D003,16.782302856445,96.238174438477,0.0,0.0,10.0,4.9007516,0.75,0.019849658012390137
7427,Thanlyin,Thanlyin,MMR013D003,16.782302856445,96.247787475586,0.0,0.0,14.0,0.0,0.6499999761581421,1.0
7428,Thanlyin,Thanlyin,MMR013D003,16.783676147461,96.236801147461,0.0,0.0,17.0,8.399607,0.574999988079071,0.0
7429,Thanlyin,Thanlyin,MMR013D003,16.783676147461,96.238174438477,0.0,0.0,7.0,2.9905288,0.824999988079071,0.401894211769104
7430,Thanlyin,Thanlyin,MMR013D003,16.785049,96.242295,0.3333333333333333,1.0,7.0,1.9091437,0.824999988079071,0.6181712746620178
7431,Thanlyin,Thanlyin,MMR013D003,16.785049438477,96.247787475586,0.0,0.0,9.0,3.8140574,0.7749999761581421,0.23718851804733276
7432,Thanlyin,Thanlyin,MMR013D003,16.873116,96.366989,0.0,0.0,7.0,1.9946922,0.824999988079071,0.6010615825653076
7433,Thanlyin,Thanlyin,MMR013D003,16.874542,96.368317,0.0,0.0,8.0,3.4869568,0.800000011920929,0.3026086091995239
7434,Thingangyun,Yangon City,MMR013D002,16.809082,96.206589,0.0,0.0,12.0,5.617232,0.699999988079071,0.0
7435,Thingangyun,Yangon City,MMR013D002,16.810357,96.191286,0.0,0.0,4.0,0.0,0.8999999761581421,1.0
7436,Thingangyun,Yangon City,MMR013D002,16.811141967773,96.192855834961,0.0,0.0,7.0,4.1360445,0.824999988079071,0.17279112339019775
7437,Thingangyun,Yangon City,MMR013D002,16.811141967773,96.196975708008,0.0,0.0,4.0,0.0,0.8999999761581421,1.0
7438,Thingangyun,Yangon City,MMR013D002,16.812378,96.190521,0.0,0.0,7.0,3.5461073,0.824999988079071,0.2907785177230835
7439,Thingangyun,Yangon City,MMR013D002,16.812515258789,96.185989379883,0.0,0.0,8.0,3.4869568,0.800000011920929,0.3026086091995239
7440,Thingangyun,Yangon City,MMR013D002,16.813202,96.187363,0.0,0.0,9.0,3.5461073,0.7749999761581421,0.2907785177230835
7441,Thingangyun,Yangon City,MMR013D002,16.813888549805,96.185989379883,0.0,0.0,7.0,3.4869568,0.824999988079071,0.3026086091995239
7442,Thingangyun,Yangon City,MMR013D002,16.813888549805,96.187362670898,0.0,0.0,10.0,2.2111168,0.75,0.5577766299247742
7443,Thingangyun,Yangon City,MMR013D002,16.813888549805,96.188735961914,0.0,0.0,6.0,0.9548369,0.8500000238418579,0.8090326189994812
7444,Thingangyun,Yangon City,MMR013D002,16.813889,96.189423,0.0,0.0,9.0,2.2111168,0.7749999761581421,0.5577766299247742
7445,Thingangyun,Yangon City,MMR013D002,16.813888549805,96.191482543945,0.0,0.0,8.0,2.760026,0.800000011920929,0.44799482822418213
7446,Thingangyun,Yangon City,MMR013D002,16.813888549805,96.195602416992,0.0,0.0,9.0,0.9548369,0.7749999761581421,0.8090326189994812
7447,Thingangyun,Yangon City,MMR013D002,16.813888549805,96.207962036133,0.0,0.0,8.0,2.9905288,0.800000011920929,0.401894211769104
7448,Thingangyun,Yangon City,MMR013D002,16.813888549805,96.209335327148,0.0,0.0,8.0,2.153755,0.800000011920929,0.5692490339279175
7449,Thingangyun,Yangon City,MMR013D002,16.814346,96.18782,0.0,0.0,7.0,0.9976483,0.824999988079071,0.8004703521728516
7450,Thingangyun,Yangon City,MMR013D002,16.814499,96.189499,0.0,0.0,9.0,0.9548369,0.7749999761581421,0.8090326189994812
7451,Thingangyun,Yangon City,MMR013D002,16.814499,96.192856,0.0,0.0,8.0,3.138737,0.800000011920929,0.37225258350372314
7452,Thingangyun,Yangon City,MMR013D002,16.814804,96.192856,0.0,0.0,9.0,4.1360445,0.7749999761581421,0.17279112339019775
7453,Thingangyun,Yangon City,MMR013D002,16.81526184082,96.19010925293,0.0,0.0,7.0,0.9976483,0.824999988079071,0.8004703521728516
7454,Thingangyun,Yangon City,MMR013D002,16.81526184082,96.191482543945,0.0,0.0,10.0,3.138737,0.75,0.37225258350372314
7455,Thingangyun,Yangon City,MMR013D002,16.81526184082,96.192855834961,0.0,0.0,11.0,0.0,0.7250000238418579,1.0
7456,Thingangyun,Yangon City,MMR013D002,16.815262,96.192934,0.0,0.0,11.0,1.3808141,0.7250000238418579,0.7238371968269348
7457,Thingangyun,Yangon City,MMR013D002,16.815262,96.193199,0.0,0.0,10.0,6.2581224,0.75,0.0
7458,Thingangyun,Yangon City,MMR013D002,16.815262,96.195602,0.0,0.0,12.0,1.3808141,0.699999988079071,0.7238371968269348
7459,Thingangyun,Yangon City,MMR013D002,16.81526184082,96.206588745117,0.0,0.0,5.0,2.760026,0.875,0.44799482822418213
7460,Thingangyun,Yangon City,MMR013D002,16.81526184082,96.207962036133,0.0,0.0,5.0,6.9418087,0.875,0.0
7461,Thingangyun,Yangon City,MMR013D002,16.81526184082,96.210708618164,0.0,0.0,8.0,4.096654,0.800000011920929,0.18066918849945068
7462,Thingangyun,Yangon City,MMR013D002,16.81526184082,96.21208190918,0.0,0.0,7.0,2.760026,0.824999988079071,0.44799482822418213
7463,Thingangyun,Yangon City,MMR013D002,16.81526184082,96.213455200195,0.0,0.0,7.0,4.1360445,0.824999988079071,0.17279112339019775
7464,Thingangyun,Yangon City,MMR013D002,16.81526184082,96.214828491211,0.0,0.0,7.0,3.4869568,0.824999988079071,0.3026086091995239
7465,Thingangyun,Yangon City,MMR013D002,16.81526184082,96.216201782227,0.0,0.0,14.0,6.9418087,0.6499999761581421,0.0
7466,Thingangyun,Yangon City,MMR013D002,16.815429,96.19077,0.0,0.0,7.0,2.862392,0.824999988079071,0.42752158641815186
7467,Thingangyun,Yangon City,MMR013D002,16.815674,96.191895,0.0,0.0,10.0,0.0,0.75,1.0
7468,Thingangyun,Yangon City,MMR013D002,16.815872,96.193619,0.0,0.0,7.0,4.8660283,0.824999988079071,0.02679431438446045
7469,Thingangyun,Yangon City,MMR013D002,16.815948,96.192044,0.0,0.0,11.0,2.153755,0.7250000238418579,0.5692490339279175
7470,Thingangyun,Yangon City,MMR013D002,16.816086,96.18956,0.0,0.0,8.0,2.153755,0.800000011920929,0.5692490339279175
7471,Thingangyun,Yangon City,MMR013D002,16.816086,96.189835,0.0,0.0,8.0,2.862392,0.800000011920929,0.42752158641815186
7472,Thingangyun,Yangon City,MMR013D002,16.816086,96.193405,0.0,0.0,10.0,3.9416327,0.75,0.21167343854904175
7473,Thingangyun,Yangon City,MMR013D002,16.816635131836,96.188735961914,0.0,0.0,5.0,3.4869568,0.875,0.3026086091995239
7474,Thingangyun,Yangon City,MMR013D002,16.816635131836,96.19010925293,0.0,0.0,12.0,0.9548369,0.699999988079071,0.8090326189994812
7475,Thingangyun,Yangon City,MMR013D002,16.816635131836,96.192855834961,0.0,0.0,9.0,1.3808141,0.7749999761581421,0.7238371968269348
7476,Thingangyun,Yangon City,MMR013D002,16.816635131836,96.194229125977,0.0,0.0,7.0,0.9976483,0.824999988079071,0.8004703521728516
7477,Thingangyun,Yangon City,MMR013D002,16.816635131836,96.195602416992,0.0,0.0,9.0,2.2111168,0.7749999761581421,0.5577766299247742
7478,Thingangyun,Yangon City,MMR013D002,16.816635131836,96.205215454102,0.0,0.0,10.0,4.415667,0.75,0.1168665885925293
7479,Thingangyun,Yangon City,MMR013D002,16.816635131836,96.213455200195,0.0,0.0,9.0,4.7636194,0.7749999761581421,0.04727613925933838
7480,Thingangyun,Yangon City,MMR013D002,16.816635131836,96.214828491211,0.0,0.0,7.0,4.7636194,0.824999988079071,0.04727613925933838
7481,Thingangyun,Yangon City,MMR013D002,16.81691,96.195877,0.0,0.0,11.0,0.0,0.7250000238418579,1.0
7482,Thingangyun,Yangon City,MMR013D002,16.817322,96.185989,0.0,0.0,22.0,9.730824,0.44999998807907104,0.0
7483,Thingangyun,Yangon City,MMR013D002,16.817322,96.214828,0.0,0.0,10.0,3.9845605,0.75,0.2030879259109497
7484,Thingangyun,Yangon City,MMR013D002,16.817442,96.185657,0.0,0.0,25.0,4.415667,0.375,0.1168665885925293
7485,Thingangyun,Yangon City,MMR013D002,16.817551,96.196976,0.0,0.0,11.0,1.3808141,0.7250000238418579,0.7238371968269348
7486,Thingangyun,Yangon City,MMR013D002,16.817665,96.183586,0.0,0.0,7.0,1.9091437,0.824999988079071,0.6181712746620178
7487,Thingangyun,Yangon City,MMR013D002,16.817734,96.196976,0.0,0.0,11.0,1.3808141,0.7250000238418579,0.7238371968269348
7488,Thingangyun,Yangon City,MMR013D002,16.81778,96.215744,0.0,0.0,8.0,0.0,0.800000011920929,1.0
7489,Thingangyun,Yangon City,MMR013D002,16.817806,96.196335,0.0,0.0,10.0,0.9976483,0.75,0.8004703521728516
7490,Thingangyun,Yangon City,MMR013D002,16.818008422852,96.185989379883,0.0,0.0,12.0,10.2392845,0.699999988079071,0.0
7491,Thingangyun,Yangon City,MMR013D002,16.818008422852,96.187362670898,0.0,0.0,9.0,3.4869568,0.7749999761581421,0.3026086091995239
7492,Thingangyun,Yangon City,MMR013D002,16.818008,96.192581,0.0,0.0,9.0,3.5461073,0.7749999761581421,0.2907785177230835
7493,Thingangyun,Yangon City,MMR013D002,16.818008422852,96.192855834961,0.0,0.0,8.0,2.153755,0.800000011920929,0.5692490339279175
7494,Thingangyun,Yangon City,MMR013D002,16.818008422852,96.194229125977,0.0,0.0,8.0,1.9091437,0.800000011920929,0.6181712746620178
7495,Thingangyun,Yangon City,MMR013D002,16.818008422852,96.196975708008,0.0,0.0,11.0,0.9976483,0.7250000238418579,0.8004703521728516
7496,Thingangyun,Yangon City,MMR013D002,16.818008422852,96.198348999023,0.0,0.0,5.0,1.9946922,0.875,0.6010615825653076
7497,Thingangyun,Yangon City,MMR013D002,16.818008422852,96.205215454102,0.0,0.0,8.0,2.2111168,0.800000011920929,0.5577766299247742
7498,Thingangyun,Yangon City,MMR013D002,16.818008422852,96.213455200195,0.0,0.0,7.0,2.153755,0.824999988079071,0.5692490339279175
7499,Thingangyun,Yangon City,MMR013D002,16.818008422852,96.214828491211,0.0,0.0,8.0,0.9976483,0.800000011920929,0.8004703521728516
7500,Thingangyun,Yangon City,MMR013D002,16.818008422852,96.216201782227,0.0,0.0,8.0,3.138737,0.800000011920929,0.37225258350372314
7501,Thingangyun,Yangon City,MMR013D002,16.818283,96.192032,0.0,0.0,11.0,1.3808141,0.7250000238418579,0.7238371968269348
7502,Thingangyun,Yangon City,MMR013D002,16.818328,96.199299,0.0,0.0,6.0,2.153755,0.8500000238418579,0.5692490339279175
7503,Thingangyun,Yangon City,MMR013D002,16.818352,96.191998,0.0,0.0,10.0,2.760026,0.75,0.44799482822418213
7504,Thingangyun,Yangon City,MMR013D002,16.818695,96.186676,0.0,0.0,10.0,1.9091437,0.75,0.6181712746620178
7505,Thingangyun,Yangon City,MMR013D002,16.818695,96.195602,0.0,0.0,9.0,2.153755,0.7749999761581421,0.5692490339279175
7506,Thingangyun,Yangon City,MMR013D002,16.819381713867,96.184616088867,0.0,0.0,7.0,0.9976483,0.824999988079071,0.8004703521728516
7507,Thingangyun,Yangon City,MMR013D002,16.819381713867,96.185989379883,0.0,0.0,7.0,2.2111168,0.824999988079071,0.5577766299247742
7508,Thingangyun,Yangon City,MMR013D002,16.819381713867,96.187362670898,0.0,0.0,6.0,3.5461073,0.8500000238418579,0.2907785177230835
7509,Thingangyun,Yangon City,MMR013D002,16.819381713867,96.19010925293,0.0,0.0,10.0,3.0307229,0.75,0.3938554525375366
7510,Thingangyun,Yangon City,MMR013D002,16.819381713867,96.199722290039,0.0,0.0,9.0,5.733568,0.7749999761581421,0.0
7511,Thingangyun,Yangon City,MMR013D002,16.819381713867,96.201095581055,0.0,0.0,11.0,2.760026,0.7250000238418579,0.44799482822418213
7512,Thingangyun,Yangon City,MMR013D002,16.819381713867,96.203842163086,0.0,0.0,5.0,4.3014402,0.875,0.13971197605133057
7513,Thingangyun,Yangon City,MMR013D002,16.819381713867,96.206588745117,0.0,0.0,10.0,0.9548369,0.75,0.8090326189994812
7514,Thingangyun,Yangon City,MMR013D002,16.819382,96.207962,0.0,0.0,9.0,2.2111168,0.7749999761581421,0.5577766299247742
7515,Thingangyun,Yangon City,MMR013D002,16.819381713867,96.213455200195,0.0,0.0,7.0,1.3808141,0.824999988079071,0.7238371968269348
7516,Thingangyun,Yangon City,MMR013D002,16.820068,96.184616,0.0,0.0,10.0,4.9007516,0.75,0.019849658012390137
7517,Thingangyun,Yangon City,MMR013D002,16.820068,96.201096,0.0,0.0,11.0,3.4869568,0.7250000238418579,0.3026086091995239
7518,Thingangyun,Yangon City,MMR013D002,16.820068,96.207962,0.0,0.0,7.0,1.9946922,0.824999988079071,0.6010615825653076
7519,Thingangyun,Yangon City,MMR013D002,16.820755004883,96.183242797852,0.0,0.0,7.0,2.153755,0.824999988079071,0.5692490339279175
7520,Thingangyun,Yangon City,MMR013D002,16.820755004883,96.184616088867,0.0,0.0,10.0,2.862392,0.75,0.42752158641815186
7521,Thingangyun,Yangon City,MMR013D002,16.820755004883,96.185989379883,0.0,0.0,14.0,6.9482727,0.6499999761581421,0.0
7522,Thingangyun,Yangon City,MMR013D002,16.820755004883,96.188735961914,0.0,0.0,13.0,10.054151,0.675000011920929,0.0
7523,Thingangyun,Yangon City,MMR013D002,16.820755004883,96.198348999023,0.0,0.0,12.0,2.2111168,0.699999988079071,0.5577766299247742
7524,Thingangyun,Yangon City,MMR013D002,16.820755004883,96.20246887207,0.0,0.0,7.0,0.9976483,0.824999988079071,0.8004703521728516
7525,Thingangyun,Yangon City,MMR013D002,16.820755004883,96.213455200195,0.0,0.0,8.0,1.3808141,0.800000011920929,0.7238371968269348
7526,Thingangyun,Yangon City,MMR013D002,16.821098,96.183243,0.0,0.0,8.0,4.9761953,0.800000011920929,0.004760921001434326
7527,Thingangyun,Yangon City,MMR013D002,16.821098,96.190109,0.0,0.0,6.0,1.3808141,0.8500000238418579,0.7238371968269348
7528,Thingangyun,Yangon City,MMR013D002,16.821442,96.210709,0.0,0.0,10.0,2.9905288,0.75,0.401894211769104
7529,Thingangyun,Yangon City,MMR013D002,16.821791,96.181923,0.0,0.0,14.0,0.9548369,0.6499999761581421,0.8090326189994812
7530,Thingangyun,Yangon City,MMR013D002,16.821854,96.183105,0.0,0.0,12.0,3.8140574,0.699999988079071,0.23718851804733276
7531,Thingangyun,Yangon City,MMR013D002,16.821932,96.184812,0.0,0.0,10.0,0.9548369,0.75,0.8090326189994812
7532,Thingangyun,Yangon City,MMR013D002,16.822128,96.178665,0.0,0.0,11.0,3.138737,0.7250000238418579,0.37225258350372314
7533,Thingangyun,Yangon City,MMR013D002,16.822128,96.178848,0.0,0.0,10.0,3.0307229,0.75,0.3938554525375366
7534,Thingangyun,Yangon City,MMR013D002,16.822128295898,96.18049621582,0.0,0.0,8.0,4.415667,0.800000011920929,0.1168665885925293
7535,Thingangyun,Yangon City,MMR013D002,16.822128,96.181183,0.0,0.0,7.0,4.415667,0.824999988079071,0.1168665885925293
7536,Thingangyun,Yangon City,MMR013D002,16.822128295898,96.181869506836,0.0,0.0,13.0,3.0307229,0.675000011920929,0.3938554525375366
7537,Thingangyun,Yangon City,MMR013D002,16.822128295898,96.184616088867,0.0,0.0,10.0,3.0307229,0.75,0.3938554525375366
7538,Thingangyun,Yangon City,MMR013D002,16.822128295898,96.185989379883,0.0,0.0,11.0,10.57046,0.7250000238418579,0.0
7539,Thingangyun,Yangon City,MMR013D002,16.822128295898,96.187362670898,0.0,0.0,16.0,11.803141,0.6000000238418579,0.0
7540,Thingangyun,Yangon City,MMR013D002,16.822128295898,96.188735961914,0.0,0.0,13.0,5.617232,0.675000011920929,0.0
7541,Thingangyun,Yangon City,MMR013D002,16.822128295898,96.203842163086,0.0,0.0,11.0,1.9091437,0.7250000238418579,0.6181712746620178
7542,Thingangyun,Yangon City,MMR013D002,16.822128295898,96.205215454102,0.0,0.0,10.0,1.9946922,0.75,0.6010615825653076
7543,Thingangyun,Yangon City,MMR013D002,16.822815,96.209335,0.0,0.0,10.0,0.0,0.75,1.0
7544,Thingangyun,Yangon City,MMR013D002,16.822913,96.187657,0.0,0.0,5.0,9.51285,0.875,0.0
7545,Thingangyun,Yangon City,MMR013D002,16.823501586914,96.181869506836,0.0,0.0,19.0,1.3808141,0.5249999761581421,0.7238371968269348
7546,Thingangyun,Yangon City,MMR013D002,16.823501586914,96.183242797852,0.0,0.0,15.0,1.3808141,0.625,0.7238371968269348
7547,Thingangyun,Yangon City,MMR013D002,16.823501586914,96.184616088867,0.0,0.0,15.0,2.153755,0.625,0.5692490339279175
7548,Thingangyun,Yangon City,MMR013D002,16.823501586914,96.185989379883,0.0,0.0,9.0,3.9416327,0.7749999761581421,0.21167343854904175
7549,Thingangyun,Yangon City,MMR013D002,16.823501586914,96.187362670898,0.0,0.0,6.0,5.3264294,0.8500000238418579,0.0
7550,Thingangyun,Yangon City,MMR013D002,16.823501586914,96.203842163086,0.0,0.0,10.0,1.3808141,0.75,0.7238371968269348
7551,Thingangyun,Yangon City,MMR013D002,16.823501586914,96.205215454102,0.0,0.0,9.0,0.9548369,0.7749999761581421,0.8090326189994812
7552,Thingangyun,Yangon City,MMR013D002,16.823502,96.209679,0.0,0.0,10.0,1.9091437,0.75,0.6181712746620178
7553,Thingangyun,Yangon City,MMR013D002,16.823501586914,96.210708618164,0.0,0.0,8.0,2.760026,0.800000011920929,0.44799482822418213
7554,Thingangyun,Yangon City,MMR013D002,16.823501586914,96.21208190918,0.0,0.0,5.0,3.4869568,0.875,0.3026086091995239
7555,Thingangyun,Yangon City,MMR013D002,16.824188,96.183929,0.0,0.0,16.0,0.0,0.6000000238418579,1.0
7556,Thingangyun,Yangon City,MMR013D002,16.824326,96.181595,0.0,0.0,15.0,4.8660283,0.625,0.02679431438446045
7557,Thingangyun,Yangon City,MMR013D002,16.824558,96.187046,0.0,0.0,11.0,3.8140574,0.7250000238418579,0.23718851804733276
7558,Thingangyun,Yangon City,MMR013D002,16.82487487793,96.18049621582,0.0,0.0,9.0,0.9976483,0.7749999761581421,0.8004703521728516
7559,Thingangyun,Yangon City,MMR013D002,16.82487487793,96.181869506836,0.0,0.0,13.0,6.0397077,0.675000011920929,0.0
7560,Thingangyun,Yangon City,MMR013D002,16.824875,96.183929,0.0,0.0,17.0,1.9091437,0.574999988079071,0.6181712746620178
7561,Thingangyun,Yangon City,MMR013D002,16.82487487793,96.184616088867,0.0,0.0,15.0,1.9946922,0.625,0.6010615825653076
7562,Thingangyun,Yangon City,MMR013D002,16.824875,96.185303,0.0,0.0,12.0,2.2111168,0.699999988079071,0.5577766299247742
7563,Thingangyun,Yangon City,MMR013D002,16.82487487793,96.185989379883,0.0,0.0,12.0,3.0307229,0.699999988079071,0.3938554525375366
7564,Thingangyun,Yangon City,MMR013D002,16.82487487793,96.187362670898,0.0,0.0,12.0,1.3808141,0.699999988079071,0.7238371968269348
7565,Thingangyun,Yangon City,MMR013D002,16.82487487793,96.188735961914,0.0,0.0,10.0,3.4869568,0.75,0.3026086091995239
7566,Thingangyun,Yangon City,MMR013D002,16.82487487793,96.192855834961,0.0,0.0,7.0,1.9091437,0.824999988079071,0.6181712746620178
7567,Thingangyun,Yangon City,MMR013D002,16.82487487793,96.205215454102,0.0,0.0,7.0,0.9976483,0.824999988079071,0.8004703521728516
7568,Thingangyun,Yangon City,MMR013D002,16.82487487793,96.206588745117,0.0,0.0,6.0,3.5461073,0.8500000238418579,0.2907785177230835
7569,Thingangyun,Yangon City,MMR013D002,16.82487487793,96.207962036133,0.0,0.0,9.0,2.153755,0.7749999761581421,0.5692490339279175
7570,Thingangyun,Yangon City,MMR013D002,16.82487487793,96.209335327148,0.0,0.0,8.0,3.5461073,0.800000011920929,0.2907785177230835
7571,Thingangyun,Yangon City,MMR013D002,16.824875,96.210022,0.0,0.0,11.0,4.096654,0.7250000238418579,0.18066918849945068
7572,Thingangyun,Yangon City,MMR013D002,16.82487487793,96.210708618164,0.0,0.0,8.0,2.153755,0.800000011920929,0.5692490339279175
7573,Thingangyun,Yangon City,MMR013D002,16.825424,96.19313,0.0,0.0,7.0,1.3808141,0.824999988079071,0.7238371968269348
7574,Thingangyun,Yangon City,MMR013D002,16.825463,96.186382,0.0,0.0,9.0,0.0,0.7749999761581421,1.0
7575,Thingangyun,Yangon City,MMR013D002,16.825515,96.195663,0.0,0.0,8.0,1.3808141,0.800000011920929,0.7238371968269348
7576,Thingangyun,Yangon City,MMR013D002,16.825554,96.19574,0.0,0.0,8.0,1.3808141,0.800000011920929,0.7238371968269348
7577,Thingangyun,Yangon City,MMR013D002,16.825562,96.186504,0.0,0.0,9.0,1.9946922,0.7749999761581421,0.6010615825653076
7578,Thingangyun,Yangon City,MMR013D002,16.82563,96.192581,0.0,0.0,7.0,4.7636194,0.824999988079071,0.04727613925933838
7579,Thingangyun,Yangon City,MMR013D002,16.825826,96.19275,0.0,0.0,7.0,3.9416327,0.824999988079071,0.21167343854904175
7580,Thingangyun,Yangon City,MMR013D002,16.825974,96.186264,0.0,0.0,12.0,2.153755,0.699999988079071,0.5692490339279175
7581,Thingangyun,Yangon City,MMR013D002,16.826248,96.178436,0.0,0.0,8.0,3.138737,0.800000011920929,0.37225258350372314
7582,Thingangyun,Yangon City,MMR013D002,16.826248168945,96.18049621582,0.0,0.0,11.0,2.153755,0.7250000238418579,0.5692490339279175
7583,Thingangyun,Yangon City,MMR013D002,16.826248168945,96.185989379883,0.0,0.0,14.0,4.8412433,0.6499999761581421,0.03175133466720581
7584,Thingangyun,Yangon City,MMR013D002,16.826248168945,96.187362670898,0.0,0.0,13.0,2.862392,0.675000011920929,0.42752158641815186
7585,Thingangyun,Yangon City,MMR013D002,16.826248,96.188049,0.0,0.0,11.0,1.9091437,0.7250000238418579,0.6181712746620178
7586,Thingangyun,Yangon City,MMR013D002,16.826248168945,96.191482543945,0.0,0.0,8.0,6.7274427,0.800000011920929,0.0
7587,Thingangyun,Yangon City,MMR013D002,16.826248168945,96.192855834961,0.0,0.0,4.0,3.138737,0.8999999761581421,0.37225258350372314
7588,Thingangyun,Yangon City,MMR013D002,16.826248,96.193886,0.0,0.0,4.0,2.760026,0.8999999761581421,0.44799482822418213
7589,Thingangyun,Yangon City,MMR013D002,16.826248168945,96.201095581055,0.0,0.0,13.0,5.3264294,0.675000011920929,0.0
7590,Thingangyun,Yangon City,MMR013D002,16.826248168945,96.206588745117,0.0,0.0,8.0,1.3808141,0.800000011920929,0.7238371968269348
7591,Thingangyun,Yangon City,MMR013D002,16.826248168945,96.207962036133,0.0,0.0,9.0,1.3808141,0.7749999761581421,0.7238371968269348
7592,Thingangyun,Yangon City,MMR013D002,16.826523,96.177475,0.0,0.0,12.0,1.3808141,0.699999988079071,0.7238371968269348
7593,Thingangyun,Yangon City,MMR013D002,16.826641,96.191875,0.0,0.0,9.0,4.415667,0.7749999761581421,0.1168665885925293
7594,Thingangyun,Yangon City,MMR013D002,16.826722,96.190109,0.0,0.0,13.0,1.9946922,0.675000011920929,0.6010615825653076
7595,Thingangyun,Yangon City,MMR013D002,16.826797,96.187363,0.0,0.0,13.0,2.153755,0.675000011920929,0.5692490339279175
7596,Thingangyun,Yangon City,MMR013D002,16.826935,96.194916,0.0,0.0,5.0,5.3264294,0.875,0.0
7597,Thingangyun,Yangon City,MMR013D002,16.826988,96.191694,0.0,0.0,9.0,1.9946922,0.7749999761581421,0.6010615825653076
7598,Thingangyun,Yangon City,MMR013D002,16.827033,96.187363,0.0,0.0,12.0,2.153755,0.699999988079071,0.5692490339279175
7599,Thingangyun,Yangon City,MMR013D002,16.827229,96.192267,0.0,0.0,6.0,3.0307229,0.8500000238418579,0.3938554525375366
7600,Thingangyun,Yangon City,MMR013D002,16.827278,96.191483,0.0,0.0,9.0,3.9845605,0.7749999761581421,0.2030879259109497
7601,Thingangyun,Yangon City,MMR013D002,16.827425,96.188736,0.0,0.0,14.0,0.9548369,0.6499999761581421,0.8090326189994812
7602,Thingangyun,Yangon City,MMR013D002,16.827621459961,96.18049621582,0.0,0.0,12.0,2.153755,0.699999988079071,0.5692490339279175
7603,Thingangyun,Yangon City,MMR013D002,16.827621459961,96.187362670898,0.0,0.0,11.0,0.0,0.7250000238418579,1.0
7604,Thingangyun,Yangon City,MMR013D002,16.827621459961,96.188735961914,0.0,0.0,12.0,2.153755,0.699999988079071,0.5692490339279175
7605,Thingangyun,Yangon City,MMR013D002,16.827621459961,96.19010925293,0.0,0.0,11.0,2.2111168,0.7250000238418579,0.5577766299247742
7606,Thingangyun,Yangon City,MMR013D002,16.827621459961,96.195602416992,0.0,0.0,8.0,2.2111168,0.800000011920929,0.5577766299247742
7607,Thingangyun,Yangon City,MMR013D002,16.827621459961,96.206588745117,0.0,0.0,8.0,1.9091437,0.800000011920929,0.6181712746620178
7608,Thingangyun,Yangon City,MMR013D002,16.827621,96.207275,0.0,0.0,11.0,0.9548369,0.7250000238418579,0.8090326189994812
7609,Thingangyun,Yangon City,MMR013D002,16.827621459961,96.207962036133,0.0,0.0,10.0,2.2111168,0.75,0.5577766299247742
7610,Thingangyun,Yangon City,MMR013D002,16.827621459961,96.209335327148,0.0,0.0,10.0,0.9976483,0.75,0.8004703521728516
7611,Thingangyun,Yangon City,MMR013D002,16.828308,96.190109,0.0,0.0,9.0,3.9416327,0.7749999761581421,0.21167343854904175
7612,Thingangyun,Yangon City,MMR013D002,16.828308,96.207962,0.0,0.0,10.0,1.9946922,0.75,0.6010615825653076
7613,Thingangyun,Yangon City,MMR013D002,16.828333,96.203781,0.0,0.0,9.0,2.760026,0.7749999761581421,0.44799482822418213
7614,Thingangyun,Yangon City,MMR013D002,16.828994750977,96.179122924805,0.0,0.0,11.0,4.096654,0.7250000238418579,0.18066918849945068
7615,Thingangyun,Yangon City,MMR013D002,16.828994750977,96.18049621582,0.0,0.0,16.0,1.3808141,0.6000000238418579,0.7238371968269348
7616,Thingangyun,Yangon City,MMR013D002,16.828994750977,96.183242797852,0.0,0.0,17.0,4.8412433,0.574999988079071,0.03175133466720581
7617,Thingangyun,Yangon City,MMR013D002,16.828994750977,96.188735961914,0.0,0.0,13.0,3.4869568,0.675000011920929,0.3026086091995239
7618,Thingangyun,Yangon City,MMR013D002,16.828994750977,96.19010925293,0.0,0.0,12.0,6.7274427,0.699999988079071,0.0
7619,Thingangyun,Yangon City,MMR013D002,16.828994750977,96.191482543945,0.0,0.0,10.0,0.9976483,0.75,0.8004703521728516
7620,Thingangyun,Yangon City,MMR013D002,16.828994750977,96.206588745117,0.0,0.0,11.0,1.3808141,0.7250000238418579,0.7238371968269348
7621,Thingangyun,Yangon City,MMR013D002,16.828994750977,96.207962036133,0.0,0.0,9.0,2.2111168,0.7749999761581421,0.5577766299247742
7622,Thingangyun,Yangon City,MMR013D002,16.828994750977,96.209335327148,0.0,0.0,8.0,2.153755,0.800000011920929,0.5692490339279175
7623,Thingangyun,Yangon City,MMR013D002,16.829338,96.207619,0.0,0.0,10.0,2.9905288,0.75,0.401894211769104
7624,Thingangyun,Yangon City,MMR013D002,16.829424,96.189545,0.0,0.0,11.0,0.9548369,0.7250000238418579,0.8090326189994812
7625,Thingangyun,Yangon City,MMR013D002,16.829449,96.190691,0.0,0.0,14.0,3.4869568,0.6499999761581421,0.3026086091995239
7626,Thingangyun,Yangon City,MMR013D002,16.829496,96.190758,0.0,0.0,13.0,6.1986523,0.675000011920929,0.0
7627,Thingangyun,Yangon City,MMR013D002,16.829557,96.190731,0.0,0.0,13.0,6.1986523,0.675000011920929,0.0
7628,Thingangyun,Yangon City,MMR013D002,16.829681,96.207962,0.0,0.0,9.0,2.2111168,0.7749999761581421,0.5577766299247742
7629,Thingangyun,Yangon City,MMR013D002,16.830025,96.185989,0.0,0.0,18.0,0.0,0.550000011920929,1.0
7630,Thingangyun,Yangon City,MMR013D002,16.830368041992,96.179122924805,0.0,0.0,11.0,3.9416327,0.7250000238418579,0.21167343854904175
7631,Thingangyun,Yangon City,MMR013D002,16.830368041992,96.188735961914,0.0,0.0,6.0,2.760026,0.8500000238418579,0.44799482822418213
7632,Thingangyun,Yangon City,MMR013D002,16.830368041992,96.19010925293,0.0,0.0,14.0,1.3808141,0.6499999761581421,0.7238371968269348
7633,Thingangyun,Yangon City,MMR013D002,16.830368041992,96.191482543945,0.0,0.0,14.0,0.9548369,0.6499999761581421,0.8090326189994812
7634,Thingangyun,Yangon City,MMR013D002,16.830368041992,96.192855834961,0.0,0.0,9.0,1.9091437,0.7749999761581421,0.6181712746620178
7635,Thingangyun,Yangon City,MMR013D002,16.830368041992,96.201095581055,0.0,0.0,14.0,2.153755,0.6499999761581421,0.5692490339279175
7636,Thingangyun,Yangon City,MMR013D002,16.830368041992,96.206588745117,0.0,0.0,11.0,2.2111168,0.7250000238418579,0.5577766299247742
7637,Thingangyun,Yangon City,MMR013D002,16.830368041992,96.207962036133,0.0,0.0,10.0,2.2111168,0.75,0.5577766299247742
7638,Thingangyun,Yangon City,MMR013D002,16.830368,96.208649,0.0,0.0,9.0,0.0,0.7749999761581421,1.0
7639,Thingangyun,Yangon City,MMR013D002,16.830368041992,96.209335327148,0.0,0.0,10.0,2.2111168,0.75,0.5577766299247742
7640,Thingangyun,Yangon City,MMR013D002,16.830711,96.194229,0.0,0.0,11.0,2.2111168,0.7250000238418579,0.5577766299247742
7641,Thingangyun,Yangon City,MMR013D002,16.830826,96.195831,0.0,0.0,13.0,1.9946922,0.675000011920929,0.6010615825653076
7642,Thingangyun,Yangon City,MMR013D002,16.831055,96.179123,0.0,0.0,14.0,1.9946922,0.6499999761581421,0.6010615825653076
7643,Thingangyun,Yangon City,MMR013D002,16.831055,96.193542,0.0,0.0,9.0,4.1360445,0.7749999761581421,0.17279112339019775
7644,Thingangyun,Yangon City,MMR013D002,16.831284,96.179581,0.0,0.0,14.0,0.9548369,0.6499999761581421,0.8090326189994812
7645,Thingangyun,Yangon City,MMR013D002,16.831741333008,96.179122924805,0.0,0.0,12.0,3.0307229,0.699999988079071,0.3938554525375366
7646,Thingangyun,Yangon City,MMR013D002,16.831741333008,96.191482543945,0.0,0.0,10.0,1.3808141,0.75,0.7238371968269348
7647,Thingangyun,Yangon City,MMR013D002,16.831741333008,96.192855834961,0.0,0.0,14.0,1.3808141,0.6499999761581421,0.7238371968269348
7648,Thingangyun,Yangon City,MMR013D002,16.831741,96.193542,0.0,0.0,13.0,2.760026,0.675000011920929,0.44799482822418213
7649,Thingangyun,Yangon City,MMR013D002,16.831741,96.193837,0.0,0.0,12.0,3.0307229,0.699999988079071,0.3938554525375366
7650,Thingangyun,Yangon City,MMR013D002,16.831741333008,96.207962036133,0.0,0.0,7.0,3.5461073,0.824999988079071,0.2907785177230835
7651,Thingangyun,Yangon City,MMR013D002,16.832428,96.194229,0.0,0.0,13.0,2.2111168,0.675000011920929,0.5577766299247742
7652,Thingangyun,Yangon City,MMR013D002,16.832428,96.202469,0.0,0.0,11.0,1.3808141,0.7250000238418579,0.7238371968269348
7653,Thingangyun,Yangon City,MMR013D002,16.832428,96.207275,0.0,0.0,12.0,3.0307229,0.699999988079071,0.3938554525375366
7654,Thingangyun,Yangon City,MMR013D002,16.833114624023,96.175003051758,0.0,0.0,10.0,3.138737,0.75,0.37225258350372314
7655,Thingangyun,Yangon City,MMR013D002,16.833114624023,96.177749633789,0.0,0.0,14.0,3.0307229,0.6499999761581421,0.3938554525375366
7656,Thingangyun,Yangon City,MMR013D002,16.833114624023,96.179122924805,0.0,0.0,12.0,2.2111168,0.699999988079071,0.5577766299247742
7657,Thingangyun,Yangon City,MMR013D002,16.833114624023,96.184616088867,0.0,0.0,15.0,2.760026,0.625,0.44799482822418213
7658,Thingangyun,Yangon City,MMR013D002,16.833114624023,96.188735961914,0.0,0.0,12.0,3.8140574,0.699999988079071,0.23718851804733276
7659,Thingangyun,Yangon City,MMR013D002,16.833114624023,96.191482543945,0.0,0.0,12.0,2.2111168,0.699999988079071,0.5577766299247742
7660,Thingangyun,Yangon City,MMR013D002,16.833114624023,96.194229125977,0.0,0.0,12.0,2.2111168,0.699999988079071,0.5577766299247742
7661,Thingangyun,Yangon City,MMR013D002,16.833114624023,96.195602416992,0.0,0.0,11.0,2.2111168,0.7250000238418579,0.5577766299247742
7662,Thingangyun,Yangon City,MMR013D002,16.833114624023,96.196975708008,0.0,0.0,13.0,3.5461073,0.675000011920929,0.2907785177230835
7663,Thingangyun,Yangon City,MMR013D002,16.833114624023,96.207962036133,0.0,0.0,7.0,2.760026,0.824999988079071,0.44799482822418213
7664,Thingangyun,Yangon City,MMR013D002,16.833115,96.178436,0.0,0.0,10.0,1.3808141,0.75,0.7238371968269348
7665,Thingangyun,Yangon City,MMR013D002,16.833862,96.192624,0.0,0.0,13.0,2.153755,0.675000011920929,0.5692490339279175
7666,Thingangyun,Yangon City,MMR013D002,16.833943,96.192699,0.0,0.0,13.0,2.153755,0.675000011920929,0.5692490339279175
7667,Thingangyun,Yangon City,MMR013D002,16.834058,96.192663,0.0,0.0,13.0,1.9091437,0.675000011920929,0.6181712746620178
7668,Thingangyun,Yangon City,MMR013D002,16.834487915039,96.18049621582,0.0,0.0,13.0,0.9548369,0.675000011920929,0.8090326189994812
7669,Thingangyun,Yangon City,MMR013D002,16.834487915039,96.181869506836,0.0,0.0,15.0,6.9482727,0.625,0.0
7670,Thingangyun,Yangon City,MMR013D002,16.834487915039,96.191482543945,0.0,0.0,8.0,4.7636194,0.800000011920929,0.04727613925933838
7671,Thingangyun,Yangon City,MMR013D002,16.834487915039,96.195602416992,0.0,0.0,13.0,0.9548369,0.675000011920929,0.8090326189994812
7672,Thingangyun,Yangon City,MMR013D002,16.834487915039,96.196975708008,0.0,0.0,15.0,2.9905288,0.625,0.401894211769104
7673,Thingangyun,Yangon City,MMR013D002,16.834487915039,96.207962036133,0.0,0.0,6.0,4.3014402,0.8500000238418579,0.13971197605133057
7674,Thingangyun,Yangon City,MMR013D002,16.834831,96.18187,0.0,0.0,11.0,2.153755,0.7250000238418579,0.5692490339279175
7675,Thingangyun,Yangon City,MMR013D002,16.834946,96.181412,0.0,0.0,13.0,2.2111168,0.675000011920929,0.5577766299247742
7676,Thingangyun,Yangon City,MMR013D002,16.835175,96.181526,0.0,0.0,13.0,2.9905288,0.675000011920929,0.401894211769104
7677,Thingangyun,Yangon City,MMR013D002,16.835175,96.182556,0.0,0.0,13.0,2.760026,0.675000011920929,0.44799482822418213
7678,Thingangyun,Yangon City,MMR013D002,16.835175,96.196976,0.0,0.0,17.0,2.2111168,0.574999988079071,0.5577766299247742
7679,Thingangyun,Yangon City,MMR013D002,16.835175,96.207962,0.0,0.0,10.0,1.3808141,0.75,0.7238371968269348
7680,Thingangyun,Yangon City,MMR013D002,16.835312,96.18187,0.0,0.0,11.0,3.138737,0.7250000238418579,0.37225258350372314
7681,Thingangyun,Yangon City,MMR013D002,16.835403,96.196976,0.0,0.0,14.0,6.0445805,0.6499999761581421,0.0
7682,Thingangyun,Yangon City,MMR013D002,16.835587,96.195053,0.0,0.0,12.0,1.3808141,0.699999988079071,0.7238371968269348
7683,Thingangyun,Yangon City,MMR013D002,16.8357,96.198026,0.0,0.0,11.0,4.415667,0.7250000238418579,0.1168665885925293
7684,Thingangyun,Yangon City,MMR013D002,16.835861206055,96.183242797852,0.0,0.0,14.0,2.2111168,0.6499999761581421,0.5577766299247742
7685,Thingangyun,Yangon City,MMR013D002,16.835861206055,96.191482543945,0.0,0.0,14.0,5.507302,0.6499999761581421,0.0
7686,Thingangyun,Yangon City,MMR013D002,16.835861206055,96.192855834961,0.0,0.0,14.0,0.9548369,0.6499999761581421,0.8090326189994812
7687,Thingangyun,Yangon City,MMR013D002,16.835861206055,96.196975708008,0.0,0.0,11.0,2.862392,0.7250000238418579,0.42752158641815186
7688,Thingangyun,Yangon City,MMR013D002,16.835861206055,96.198348999023,0.0,0.0,14.0,5.733568,0.6499999761581421,0.0
7689,Thingangyun,Yangon City,MMR013D002,16.835861206055,96.199722290039,0.0,0.0,12.0,2.153755,0.699999988079071,0.5692490339279175
7690,Thingangyun,Yangon City,MMR013D002,16.835861206055,96.201095581055,0.0,0.0,11.0,2.2111168,0.7250000238418579,0.5577766299247742
7691,Thingangyun,Yangon City,MMR013D002,16.835861,96.206589,0.0,0.0,8.0,3.5461073,0.800000011920929,0.2907785177230835
7692,Thingangyun,Yangon City,MMR013D002,16.835861206055,96.207962036133,0.0,0.0,6.0,2.153755,0.8500000238418579,0.5692490339279175
7693,Thingangyun,Yangon City,MMR013D002,16.836205,96.199722,0.0,0.0,11.0,1.3808141,0.7250000238418579,0.7238371968269348
7694,Thingangyun,Yangon City,MMR013D002,16.836411,96.198807,0.0,0.0,11.0,7.737872,0.7250000238418579,0.0
7695,Thingangyun,Yangon City,MMR013D002,16.836548,96.201096,0.0,0.0,11.0,0.9976483,0.7250000238418579,0.8004703521728516
7696,Thingangyun,Yangon City,MMR013D002,16.83723449707,96.191482543945,0.0,0.0,16.0,4.096654,0.6000000238418579,0.18066918849945068
7697,Thingangyun,Yangon City,MMR013D002,16.83723449707,96.192855834961,0.0,0.0,9.0,2.862392,0.7749999761581421,0.42752158641815186
7698,Thingangyun,Yangon City,MMR013D002,16.83723449707,96.198348999023,0.0,0.0,9.0,4.096654,0.7749999761581421,0.18066918849945068
7699,Thingangyun,Yangon City,MMR013D002,16.83723449707,96.199722290039,0.0,0.0,11.0,0.9548369,0.7250000238418579,0.8090326189994812
7700,Thingangyun,Yangon City,MMR013D002,16.83723449707,96.207962036133,0.0,0.0,8.0,0.9976483,0.800000011920929,0.8004703521728516
7701,Thingangyun,Yangon City,MMR013D002,16.837349,96.199837,0.0,0.0,11.0,0.9548369,0.7250000238418579,0.8090326189994812
7702,Thingangyun,Yangon City,MMR013D002,16.837372,96.199173,0.0,0.0,11.0,2.153755,0.7250000238418579,0.5692490339279175
7703,Thingangyun,Yangon City,MMR013D002,16.837484,96.200745,0.0,0.0,9.0,1.3808141,0.7749999761581421,0.7238371968269348
7704,Thingangyun,Yangon City,MMR013D002,16.8374975,96.2007085,0.0,0.0,9.0,1.3808141,0.7749999761581421,0.7238371968269348
7705,Thingangyun,Yangon City,MMR013D002,16.837692,96.198349,0.0,0.0,10.0,4.096654,0.75,0.18066918849945068
7706,Thingangyun,Yangon City,MMR013D002,16.838607788086,96.192855834961,0.0,0.0,12.0,2.760026,0.699999988079071,0.44799482822418213
7707,Thingangyun,Yangon City,MMR013D002,16.838607788086,96.199722290039,0.0,0.0,7.0,2.153755,0.824999988079071,0.5692490339279175
7708,Thingangyun,Yangon City,MMR013D002,16.838607788086,96.201095581055,0.0,0.0,10.0,0.9548369,0.75,0.8090326189994812
7709,Thingangyun,Yangon City,MMR013D002,16.838607788086,96.206588745117,0.0,0.0,8.0,3.138737,0.800000011920929,0.37225258350372314
7710,Thingangyun,Yangon City,MMR013D002,16.838607788086,96.207962036133,0.0,0.0,10.0,2.2111168,0.75,0.5577766299247742
7711,Thingangyun,Yangon City,MMR013D002,16.839294,96.207962,0.0,0.0,11.0,0.0,0.7250000238418579,1.0
7712,Thingangyun,Yangon City,MMR013D002,16.839523,96.206131,0.0,0.0,8.0,0.9548369,0.800000011920929,0.8090326189994812
7713,Thingangyun,Yangon City,MMR013D002,16.839981079102,96.195602416992,0.0,0.0,10.0,2.153755,0.75,0.5692490339279175
7714,Thingangyun,Yangon City,MMR013D002,16.839981079102,96.199722290039,0.0,0.0,7.0,2.9905288,0.824999988079071,0.401894211769104
7715,Thingangyun,Yangon City,MMR013D002,16.839981079102,96.201095581055,0.0,0.0,11.0,1.9091437,0.7250000238418579,0.6181712746620178
7716,Thingangyun,Yangon City,MMR013D002,16.839981079102,96.20246887207,0.0,0.0,12.0,0.9976483,0.699999988079071,0.8004703521728516
7717,Thingangyun,Yangon City,MMR013D002,16.839981079102,96.203842163086,0.0,0.0,11.0,1.3808141,0.7250000238418579,0.7238371968269348
7718,Thingangyun,Yangon City,MMR013D002,16.839981079102,96.205215454102,0.0,0.0,10.0,3.138737,0.75,0.37225258350372314
7719,Thingangyun,Yangon City,MMR013D002,16.839981079102,96.206588745117,0.0,0.0,10.0,0.9548369,0.75,0.8090326189994812
7720,Thingangyun,Yangon City,MMR013D002,16.839981079102,96.207962036133,0.0,0.0,10.0,2.760026,0.75,0.44799482822418213
7721,Thingangyun,Yangon City,MMR013D002,16.840079,96.20043,0.0,0.0,10.0,2.2111168,0.75,0.5577766299247742
7722,Thingangyun,Yangon City,MMR013D002,16.841009,96.202078,0.0,0.0,10.0,1.3808141,0.75,0.7238371968269348
7723,Thingangyun,Yangon City,MMR013D002,16.841354370117,96.196975708008,0.0,0.0,9.0,1.9091437,0.7749999761581421,0.6181712746620178
7724,Thingangyun,Yangon City,MMR013D002,16.841354370117,96.201095581055,0.0,0.0,10.0,3.0307229,0.75,0.3938554525375366
7725,Thingangyun,Yangon City,MMR013D002,16.841354370117,96.20246887207,0.0,0.0,10.0,1.3808141,0.75,0.7238371968269348
7726,Thingangyun,Yangon City,MMR013D002,16.841354,96.203842,0.0,0.0,9.0,2.2111168,0.7749999761581421,0.5577766299247742
7727,Thingangyun,Yangon City,MMR013D002,16.841354370117,96.205215454102,0.0,0.0,9.0,3.9416327,0.7749999761581421,0.21167343854904175
7728,Thingangyun,Yangon City,MMR013D002,16.841354370117,96.206588745117,0.0,0.0,10.0,0.9976483,0.75,0.8004703521728516
7729,Thingangyun,Yangon City,MMR013D002,16.841354370117,96.207962036133,0.0,0.0,10.0,1.3808141,0.75,0.7238371968269348
7730,Thingangyun,Yangon City,MMR013D002,16.841354370117,96.210708618164,0.0,0.0,9.0,0.0,0.7749999761581421,1.0
7731,Thingangyun,Yangon City,MMR013D002,16.841812,96.207047,0.0,0.0,8.0,2.2111168,0.800000011920929,0.5577766299247742
7732,Thingangyun,Yangon City,MMR013D002,16.842728,96.203156,0.0,0.0,10.0,2.9905288,0.75,0.401894211769104
7733,Thingangyun,Yangon City,MMR013D002,16.842728,96.204529,0.0,0.0,10.0,1.3808141,0.75,0.7238371968269348
7734,Thingangyun,Yangon City,MMR013D002,16.842727661133,96.205215454102,0.0,0.0,12.0,2.153755,0.699999988079071,0.5692490339279175
7735,Thingangyun,Yangon City,MMR013D002,16.842727661133,96.206588745117,0.0,0.0,9.0,4.3014402,0.7749999761581421,0.13971197605133057
7736,Thingangyun,Yangon City,MMR013D002,16.842727661133,96.207962036133,0.0,0.0,9.0,2.2111168,0.7749999761581421,0.5577766299247742
7737,Thingangyun,Yangon City,MMR013D002,16.842728,96.210709,0.0,0.0,8.0,1.3808141,0.800000011920929,0.7238371968269348
7738,Thingangyun,Yangon City,MMR013D002,16.842823,96.201088,0.0,0.0,10.0,2.153755,0.75,0.5692490339279175
7739,Thingangyun,Yangon City,MMR013D002,16.842986,96.203537,0.0,0.0,9.0,3.9416327,0.7749999761581421,0.21167343854904175
7740,Thingangyun,Yangon City,MMR013D002,16.843185,96.207962,0.0,0.0,8.0,2.2111168,0.800000011920929,0.5577766299247742
7741,Thingangyun,Yangon City,MMR013D002,16.843414,96.210709,0.0,0.0,8.0,3.9845605,0.800000011920929,0.2030879259109497
7742,Thingangyun,Yangon City,MMR013D002,16.843807,96.20393,0.0,0.0,8.0,0.0,0.800000011920929,1.0
7743,Thingangyun,Yangon City,MMR013D002,16.844101,96.199036,0.0,0.0,9.0,2.9905288,0.7749999761581421,0.401894211769104
7744,Thingangyun,Yangon City,MMR013D002,16.844100952148,96.199722290039,0.0,0.0,7.0,1.3808141,0.824999988079071,0.7238371968269348
7745,Thingangyun,Yangon City,MMR013D002,16.844100952148,96.20246887207,0.0,0.0,11.0,0.0,0.7250000238418579,1.0
7746,Thingangyun,Yangon City,MMR013D002,16.844100952148,96.203842163086,0.0,0.0,9.0,2.760026,0.7749999761581421,0.44799482822418213
7747,Thingangyun,Yangon City,MMR013D002,16.844100952148,96.207962036133,0.0,0.0,8.0,2.2111168,0.800000011920929,0.5577766299247742
7748,Thingangyun,Yangon City,MMR013D002,16.844100952148,96.21208190918,0.0,0.0,8.0,1.3808141,0.800000011920929,0.7238371968269348
7749,Thingangyun,Yangon City,MMR013D002,16.844100952148,96.213455200195,0.0,0.0,8.0,2.153755,0.800000011920929,0.5692490339279175
7750,Thingangyun,Yangon City,MMR013D002,16.844146,96.205726,0.0,0.0,7.0,0.9548369,0.824999988079071,0.8090326189994812
7751,Thingangyun,Yangon City,MMR013D002,16.844688,96.205788,0.0,0.0,9.0,1.9091437,0.7749999761581421,0.6181712746620178
7752,Thingangyun,Yangon City,MMR013D002,16.844788,96.207275,0.0,0.0,5.0,2.153755,0.875,0.5692490339279175
7753,Thingangyun,Yangon City,MMR013D002,16.844788,96.209335,0.0,0.0,9.0,2.760026,0.7749999761581421,0.44799482822418213
7754,Thingangyun,Yangon City,MMR013D002,16.845474243164,96.201095581055,0.0,0.0,8.0,2.2111168,0.800000011920929,0.5577766299247742
7755,Thingangyun,Yangon City,MMR013D002,16.845474243164,96.20246887207,0.0,0.0,7.0,2.760026,0.824999988079071,0.44799482822418213
7756,Thingangyun,Yangon City,MMR013D002,16.845474243164,96.207962036133,0.0,0.0,8.0,3.8140574,0.800000011920929,0.23718851804733276
7757,Thingangyun,Yangon City,MMR013D002,16.845474,96.208878,0.0,0.0,7.0,2.9905288,0.824999988079071,0.401894211769104
7758,Thingangyun,Yangon City,MMR013D002,16.845474243164,96.210708618164,0.0,0.0,9.0,1.9091437,0.7749999761581421,0.6181712746620178
7759,Thingangyun,Yangon City,MMR013D002,16.845474243164,96.213455200195,0.0,0.0,9.0,2.153755,0.7749999761581421,0.5692490339279175
7760,Thingangyun,Yangon City,MMR013D002,16.84684753418,96.199722290039,0.0,0.0,10.0,1.9091437,0.75,0.6181712746620178
7761,Thingangyun,Yangon City,MMR013D002,16.846848,96.200638,0.0,0.0,8.0,2.760026,0.800000011920929,0.44799482822418213
7762,Thingangyun,Yangon City,MMR013D002,16.84684753418,96.201095581055,0.0,0.0,5.0,2.2111168,0.875,0.5577766299247742
7763,Thingangyun,Yangon City,MMR013D002,16.84684753418,96.209335327148,0.0,0.0,6.0,0.9976483,0.8500000238418579,0.8004703521728516
7764,Thingangyun,Yangon City,MMR013D002,16.84684753418,96.210708618164,0.0,0.0,9.0,2.2111168,0.7749999761581421,0.5577766299247742
7765,Thingangyun,Yangon City,MMR013D002,16.847534,96.208649,0.0,0.0,10.0,1.9091437,0.75,0.6181712746620178
7766,Thingangyun,Yangon City,MMR013D002,16.848220825195,96.203842163086,0.0,0.0,8.0,1.9946922,0.800000011920929,0.6010615825653076
7767,Thingangyun,Yangon City,MMR013D002,16.848220825195,96.209335327148,0.0,0.0,6.0,5.1608467,0.8500000238418579,0.0
7768,Thingangyun,Yangon City,MMR013D002,16.849594116211,96.207962036133,0.0,0.0,8.0,4.7636194,0.800000011920929,0.04727613925933838
7769,Thingangyun,Yangon City,MMR013D002,16.849594116211,96.209335327148,0.0,0.0,2.0,6.8722596,0.949999988079071,0.0
7770,Yankin,Yangon City,MMR013D002,16.823429,96.16227,0.0,0.0,16.0,1.3808141,0.6000000238418579,0.7238371968269348
7771,Yankin,Yangon City,MMR013D002,16.823456,96.163363,0.0,0.0,20.0,1.9091437,0.5,0.6181712746620178
7772,Yankin,Yangon City,MMR013D002,16.823501586914,96.162643432617,0.0,0.0,18.0,3.9845605,0.550000011920929,0.2030879259109497
7773,Yankin,Yangon City,MMR013D002,16.823502,96.163036,0.0,0.0,21.0,1.3808141,0.4750000238418579,0.7238371968269348
7774,Yankin,Yangon City,MMR013D002,16.823502,96.16333,0.0,0.0,21.0,1.9091437,0.4750000238418579,0.6181712746620178
7775,Yankin,Yangon City,MMR013D002,16.823501586914,96.164016723633,0.0,0.0,19.0,6.1986523,0.5249999761581421,0.0
7776,Yankin,Yangon City,MMR013D002,16.823501586914,96.176376342773,0.0,0.0,10.0,1.9946922,0.75,0.6010615825653076
7777,Yankin,Yangon City,MMR013D002,16.823501586914,96.177749633789,0.0,0.0,10.0,1.9946922,0.75,0.6010615825653076
7778,Yankin,Yangon City,MMR013D002,16.823673,96.1623,0.0,0.0,16.0,2.2111168,0.6000000238418579,0.5577766299247742
7779,Yankin,Yangon City,MMR013D002,16.823776,96.163193,0.0,0.0,20.0,3.5461073,0.5,0.2907785177230835
7780,Yankin,Yangon City,MMR013D002,16.823831,96.163952,0.0,0.0,22.0,4.1360445,0.44999998807907104,0.17279112339019775
7781,Yankin,Yangon City,MMR013D002,16.823959,96.161957,0.0,0.0,15.0,1.9946922,0.625,0.6010615825653076
7782,Yankin,Yangon City,MMR013D002,16.823959,96.162643,0.0,0.0,17.0,4.415667,0.574999988079071,0.1168665885925293
7783,Yankin,Yangon City,MMR013D002,16.824062,96.16375,0.0,0.0,22.0,5.7959256,0.44999998807907104,0.0
7784,Yankin,Yangon City,MMR013D002,16.824275,96.161867,0.0,0.0,16.0,3.9845605,0.6000000238418579,0.2030879259109497
7785,Yankin,Yangon City,MMR013D002,16.824286,96.166763,0.0,0.0,14.0,3.8140574,0.6499999761581421,0.23718851804733276
7786,Yankin,Yangon City,MMR013D002,16.824394,96.176613,0.0,0.0,11.0,1.9946922,0.7250000238418579,0.6010615825653076
7787,Yankin,Yangon City,MMR013D002,16.824668,96.16102,0.0,0.0,15.0,5.3264294,0.625,0.0
7788,Yankin,Yangon City,MMR013D002,16.824875,96.160583,0.0,0.0,18.0,3.5461073,0.550000011920929,0.2907785177230835
7789,Yankin,Yangon City,MMR013D002,16.82487487793,96.161270141602,0.0,0.0,13.0,7.612252,0.675000011920929,0.0
7790,Yankin,Yangon City,MMR013D002,16.824875,96.162643,0.0,0.0,19.0,3.4869568,0.5249999761581421,0.3026086091995239
7791,Yankin,Yangon City,MMR013D002,16.82487487793,96.164016723633,0.0,0.0,20.0,1.3808141,0.5,0.7238371968269348
7792,Yankin,Yangon City,MMR013D002,16.82487487793,96.166763305664,0.0,0.0,13.0,1.3808141,0.675000011920929,0.7238371968269348
7793,Yankin,Yangon City,MMR013D002,16.82487487793,96.170883178711,0.0,0.0,14.0,2.2111168,0.6499999761581421,0.5577766299247742
7794,Yankin,Yangon City,MMR013D002,16.824875,96.175278,0.0,0.0,11.0,1.3808141,0.7250000238418579,0.7238371968269348
7795,Yankin,Yangon City,MMR013D002,16.824875,96.175461,0.0,0.0,12.0,2.153755,0.699999988079071,0.5692490339279175
7796,Yankin,Yangon City,MMR013D002,16.82487487793,96.177749633789,0.0,0.0,11.0,1.3808141,0.7250000238418579,0.7238371968269348
7797,Yankin,Yangon City,MMR013D002,16.825218,96.175003,0.0,0.0,12.0,1.3808141,0.699999988079071,0.7238371968269348
7798,Yankin,Yangon City,MMR013D002,16.825333,96.170425,0.0,0.0,14.0,4.3014402,0.6499999761581421,0.13971197605133057
7799,Yankin,Yangon City,MMR013D002,16.825562,96.164703,0.0,0.0,12.0,6.0397077,0.699999988079071,0.0
7800,Yankin,Yangon City,MMR013D002,16.825562,96.168823,0.0,0.0,12.0,2.2111168,0.699999988079071,0.5577766299247742
7801,Yankin,Yangon City,MMR013D002,16.826248168945,96.15852355957,0.0,0.0,18.0,3.5461073,0.550000011920929,0.2907785177230835
7802,Yankin,Yangon City,MMR013D002,16.826248168945,96.164016723633,0.0,0.0,18.0,1.3808141,0.550000011920929,0.7238371968269348
7803,Yankin,Yangon City,MMR013D002,16.826248,96.164703,0.0,0.0,14.0,0.9976483,0.6499999761581421,0.8004703521728516
7804,Yankin,Yangon City,MMR013D002,16.826248,96.168823,0.0,0.0,16.0,6.9418087,0.6000000238418579,0.0
7805,Yankin,Yangon City,MMR013D002,16.826248168945,96.170883178711,0.0,0.0,11.0,3.138737,0.7250000238418579,0.37225258350372314
7806,Yankin,Yangon City,MMR013D002,16.826248168945,96.172256469727,0.0,0.0,18.0,4.1360445,0.550000011920929,0.17279112339019775
7807,Yankin,Yangon City,MMR013D002,16.826248168945,96.173629760742,0.0,0.0,16.0,1.3808141,0.6000000238418579,0.7238371968269348
7808,Yankin,Yangon City,MMR013D002,16.8262480844725,96.1763761713865,0.0,0.0,12.0,0.9548369,0.699999988079071,0.8090326189994812
7809,Yankin,Yangon City,MMR013D002,16.826275,96.163963,0.0,0.0,18.0,1.3808141,0.550000011920929,0.7238371968269348
7810,Yankin,Yangon City,MMR013D002,16.826666,96.158119,0.0,0.0,16.0,2.2111168,0.6000000238418579,0.5577766299247742
7811,Yankin,Yangon City,MMR013D002,16.826935,96.164017,0.0,0.0,16.0,3.0307229,0.6000000238418579,0.3938554525375366
7812,Yankin,Yangon City,MMR013D002,16.827072,96.1577,0.0,0.0,18.0,2.153755,0.550000011920929,0.5692490339279175
7813,Yankin,Yangon City,MMR013D002,16.82722,96.164952,0.0,0.0,9.0,1.9091437,0.7749999761581421,0.6181712746620178
7814,Yankin,Yangon City,MMR013D002,16.827316,96.164017,0.0,0.0,16.0,3.5461073,0.6000000238418579,0.2907785177230835
7815,Yankin,Yangon City,MMR013D002,16.827362,96.159119,0.0,0.0,15.0,3.0307229,0.625,0.3938554525375366
7816,Yankin,Yangon City,MMR013D002,16.827473,96.169296,0.0,0.0,21.0,3.0307229,0.4750000238418579,0.3938554525375366
7817,Yankin,Yangon City,MMR013D002,16.827507,96.16581,0.0,0.0,16.0,8.151844,0.6000000238418579,0.0
7818,Yankin,Yangon City,MMR013D002,16.827566,96.157249,0.0,0.0,18.0,4.096654,0.550000011920929,0.18066918849945068
7819,Yankin,Yangon City,MMR013D002,16.827621459961,96.157150268555,0.0,0.0,18.0,4.096654,0.550000011920929,0.18066918849945068
7820,Yankin,Yangon City,MMR013D002,16.827621459961,96.15852355957,0.0,0.0,14.0,2.2111168,0.6499999761581421,0.5577766299247742
7821,Yankin,Yangon City,MMR013D002,16.827621459961,96.162643432617,0.0,0.0,19.0,0.0,0.5249999761581421,1.0
7822,Yankin,Yangon City,MMR013D002,16.827621459961,96.164016723633,0.0,0.0,17.0,2.2111168,0.574999988079071,0.5577766299247742
7823,Yankin,Yangon City,MMR013D002,16.827621459961,96.170883178711,0.0,0.0,20.0,0.9976483,0.5,0.8004703521728516
7824,Yankin,Yangon City,MMR013D002,16.827621459961,96.173629760742,0.0,0.0,14.0,0.9976483,0.6499999761581421,0.8004703521728516
7825,Yankin,Yangon City,MMR013D002,16.827621459961,96.175003051758,0.0,0.0,13.0,1.3808141,0.675000011920929,0.7238371968269348
7826,Yankin,Yangon City,MMR013D002,16.827621459961,96.176376342773,0.0,0.0,14.0,2.153755,0.6499999761581421,0.5692490339279175
7827,Yankin,Yangon City,MMR013D002,16.827793,96.164017,0.0,0.0,17.0,1.9946922,0.574999988079071,0.6010615825653076
7828,Yankin,Yangon City,MMR013D002,16.82782,96.17067,0.0,0.0,19.0,1.9946922,0.5249999761581421,0.6010615825653076
7829,Yankin,Yangon City,MMR013D002,16.827946,96.165733,0.0,0.0,17.0,7.505716,0.574999988079071,0.0
7830,Yankin,Yangon City,MMR013D002,16.827955,96.165741,0.0,0.0,17.0,7.505716,0.574999988079071,0.0
7831,Yankin,Yangon City,MMR013D002,16.828079,96.158066,0.0,0.0,17.0,2.153755,0.574999988079071,0.5692490339279175
7832,Yankin,Yangon City,MMR013D002,16.828079,96.16127,0.0,0.0,16.0,4.9761953,0.6000000238418579,0.004760921001434326
7833,Yankin,Yangon City,MMR013D002,16.828108,96.165136,0.0,0.0,13.0,6.8722596,0.675000011920929,0.0
7834,Yankin,Yangon City,MMR013D002,16.828171,96.164017,0.0,0.0,17.0,2.760026,0.574999988079071,0.44799482822418213
7835,Yankin,Yangon City,MMR013D002,16.828308,96.168137,0.0,0.0,23.0,0.9976483,0.42500001192092896,0.8004703521728516
7836,Yankin,Yangon City,MMR013D002,16.828537,96.158524,0.0,0.0,20.0,3.0307229,0.5,0.3938554525375366
7837,Yankin,Yangon City,MMR013D002,16.828537,96.160355,0.0,0.0,14.0,1.3808141,0.6499999761581421,0.7238371968269348
7838,Yankin,Yangon City,MMR013D002,16.828651,96.155434,0.0,0.0,30.0,20.323015,0.25,0.0
7839,Yankin,Yangon City,MMR013D002,16.82888,96.164017,0.0,0.0,15.0,2.2111168,0.625,0.5577766299247742
7840,Yankin,Yangon City,MMR013D002,16.828922,96.160225,0.0,0.0,16.0,5.733568,0.6000000238418579,0.0
7841,Yankin,Yangon City,MMR013D002,16.828982,96.164229,0.0,0.0,13.0,1.3808141,0.675000011920929,0.7238371968269348
7842,Yankin,Yangon City,MMR013D002,16.828994750977,96.155776977539,0.0,0.0,33.0,21.6008,0.17500001192092896,0.0
7843,Yankin,Yangon City,MMR013D002,16.828994750977,96.157150268555,0.0,0.0,17.0,4.3014402,0.574999988079071,0.13971197605133057
7844,Yankin,Yangon City,MMR013D002,16.828994750977,96.15852355957,0.0,0.0,20.0,0.9548369,0.5,0.8090326189994812
7845,Yankin,Yangon City,MMR013D002,16.828994750977,96.159896850586,0.0,0.0,18.0,3.9845605,0.550000011920929,0.2030879259109497
7846,Yankin,Yangon City,MMR013D002,16.828994750977,96.161270141602,0.0,0.0,14.0,6.0397077,0.6499999761581421,0.0
7847,Yankin,Yangon City,MMR013D002,16.828994750977,96.162643432617,0.0,0.0,21.0,0.9548369,0.4750000238418579,0.8090326189994812
7848,Yankin,Yangon City,MMR013D002,16.828994750977,96.164016723633,0.0,0.0,15.0,2.2111168,0.625,0.5577766299247742
7849,Yankin,Yangon City,MMR013D002,16.828994750977,96.165390014648,0.0,0.0,20.0,4.8412433,0.5,0.03175133466720581
7850,Yankin,Yangon City,MMR013D002,16.828994750977,96.172256469727,0.0,0.0,16.0,4.1360445,0.6000000238418579,0.17279112339019775
7851,Yankin,Yangon City,MMR013D002,16.828994750977,96.176376342773,0.0,0.0,11.0,5.964852,0.7250000238418579,0.0
7852,Yankin,Yangon City,MMR013D002,16.828995,96.15921,0.0,0.0,20.0,1.9091437,0.5,0.6181712746620178
7853,Yankin,Yangon City,MMR013D002,16.828995,96.160126,0.0,0.0,16.0,5.733568,0.6000000238418579,0.0
7854,Yankin,Yangon City,MMR013D002,16.828995,96.162055,0.0,0.0,18.0,3.138737,0.550000011920929,0.37225258350372314
7855,Yankin,Yangon City,MMR013D002,16.829364,96.157414,0.0,0.0,16.0,3.5461073,0.6000000238418579,0.2907785177230835
7856,Yankin,Yangon City,MMR013D002,16.829583,96.164017,0.0,0.0,17.0,3.4869568,0.574999988079071,0.3026086091995239
7857,Yankin,Yangon City,MMR013D002,16.829585,96.165024,0.0,0.0,21.0,2.862392,0.4750000238418579,0.42752158641815186
7858,Yankin,Yangon City,MMR013D002,16.829681,96.15715,0.0,0.0,17.0,3.8140574,0.574999988079071,0.23718851804733276
7859,Yankin,Yangon City,MMR013D002,16.829681,96.162643,0.0,0.0,17.0,2.862392,0.574999988079071,0.42752158641815186
7860,Yankin,Yangon City,MMR013D002,16.829681,96.164703,0.0,0.0,21.0,2.2111168,0.4750000238418579,0.5577766299247742
7861,Yankin,Yangon City,MMR013D002,16.829779,96.158327,0.0,0.0,21.0,2.760026,0.4750000238418579,0.44799482822418213
7862,Yankin,Yangon City,MMR013D002,16.829818,96.157903,0.0,0.0,21.0,1.3808141,0.4750000238418579,0.7238371968269348
7863,Yankin,Yangon City,MMR013D002,16.82991,96.164017,0.0,0.0,18.0,4.096654,0.550000011920929,0.18066918849945068
7864,Yankin,Yangon City,MMR013D002,16.83007,96.163612,0.0,0.0,16.0,2.9905288,0.6000000238418579,0.401894211769104
7865,Yankin,Yangon City,MMR013D002,16.830368041992,96.155776977539,0.0,0.0,23.0,7.505716,0.42500001192092896,0.0
7866,Yankin,Yangon City,MMR013D002,16.830368041992,96.157150268555,0.0,0.0,22.0,3.9416327,0.44999998807907104,0.21167343854904175
7867,Yankin,Yangon City,MMR013D002,16.830368,96.157837,0.0,0.0,21.0,1.3808141,0.4750000238418579,0.7238371968269348
7868,Yankin,Yangon City,MMR013D002,16.830368041992,96.159896850586,0.0,0.0,16.0,3.5461073,0.6000000238418579,0.2907785177230835
7869,Yankin,Yangon City,MMR013D002,16.830368041992,96.162643432617,0.0,0.0,15.0,2.2111168,0.625,0.5577766299247742
7870,Yankin,Yangon City,MMR013D002,16.830368041992,96.164016723633,0.0,0.0,17.0,1.3808141,0.574999988079071,0.7238371968269348
7871,Yankin,Yangon City,MMR013D002,16.830368041992,96.165390014648,0.0,0.0,26.0,4.9007516,0.3500000238418579,0.019849658012390137
7872,Yankin,Yangon City,MMR013D002,16.830368041992,96.169509887695,0.0,0.0,28.0,7.065254,0.30000001192092896,0.0
7873,Yankin,Yangon City,MMR013D002,16.830826,96.163101,0.0,0.0,15.0,2.9905288,0.625,0.401894211769104
7874,Yankin,Yangon City,MMR013D002,16.830893,96.164948,0.0,0.0,24.0,3.138737,0.3999999761581421,0.37225258350372314
7875,Yankin,Yangon City,MMR013D002,16.831055,96.17363,0.0,0.0,15.0,1.9091437,0.625,0.6181712746620178
7876,Yankin,Yangon City,MMR013D002,16.831133,96.168449,0.0,0.0,26.0,0.9548369,0.3500000238418579,0.8090326189994812
7877,Yankin,Yangon City,MMR013D002,16.831512,96.156464,0.0,0.0,20.0,0.9548369,0.5,0.8090326189994812
7878,Yankin,Yangon City,MMR013D002,16.831512,96.15921,0.0,0.0,18.0,3.4869568,0.550000011920929,0.3026086091995239
7879,Yankin,Yangon City,MMR013D002,16.831741,96.15509,0.0,0.0,23.0,2.9905288,0.42500001192092896,0.401894211769104
7880,Yankin,Yangon City,MMR013D002,16.831741,96.155777,0.0,0.0,20.0,0.9976483,0.5,0.8004703521728516
7881,Yankin,Yangon City,MMR013D002,16.831741,96.159439,0.0,0.0,20.0,2.760026,0.5,0.44799482822418213
7882,Yankin,Yangon City,MMR013D002,16.831741333008,96.159896850586,0.0,0.0,19.0,2.153755,0.5249999761581421,0.5692490339279175
7883,Yankin,Yangon City,MMR013D002,16.831741333008,96.162643432617,0.0,0.0,17.0,3.0307229,0.574999988079071,0.3938554525375366
7884,Yankin,Yangon City,MMR013D002,16.831741333008,96.164016723633,0.0,0.0,20.0,2.153755,0.5,0.5692490339279175
7885,Yankin,Yangon City,MMR013D002,16.831741333008,96.165390014648,0.0,0.0,28.0,3.138737,0.30000001192092896,0.37225258350372314
7886,Yankin,Yangon City,MMR013D002,16.831741333008,96.169509887695,0.0,0.0,21.0,6.0397077,0.4750000238418579,0.0
7887,Yankin,Yangon City,MMR013D002,16.831741333008,96.170883178711,0.0,0.0,18.0,0.9976483,0.550000011920929,0.8004703521728516
7888,Yankin,Yangon City,MMR013D002,16.831741333008,96.172256469727,0.0,0.0,16.0,3.138737,0.6000000238418579,0.37225258350372314
7889,Yankin,Yangon City,MMR013D002,16.831741333008,96.175003051758,0.0,0.0,12.0,2.2111168,0.699999988079071,0.5577766299247742
7890,Yankin,Yangon City,MMR013D002,16.832565,96.171982,0.0,0.0,14.0,2.9905288,0.6499999761581421,0.401894211769104
7891,Yankin,Yangon City,MMR013D002,16.832886,96.155319,0.0,0.0,21.0,1.3808141,0.4750000238418579,0.7238371968269348
7892,Yankin,Yangon City,MMR013D002,16.833114624023,96.155776977539,0.0,0.0,23.0,2.760026,0.42500001192092896,0.44799482822418213
7893,Yankin,Yangon City,MMR013D002,16.833114624023,96.157150268555,0.0,0.0,18.0,2.2111168,0.550000011920929,0.5577766299247742
7894,Yankin,Yangon City,MMR013D002,16.833114624023,96.162643432617,0.0,0.0,20.0,2.2111168,0.5,0.5577766299247742
7895,Yankin,Yangon City,MMR013D002,16.833114624023,96.16813659668,0.0,0.0,23.0,3.5461073,0.42500001192092896,0.2907785177230835
7896,Yankin,Yangon City,MMR013D002,16.833114624023,96.169509887695,0.0,0.0,23.0,1.9946922,0.42500001192092896,0.6010615825653076
7897,Yankin,Yangon City,MMR013D002,16.833114624023,96.170883178711,0.0,0.0,17.0,2.760026,0.574999988079071,0.44799482822418213
7898,Yankin,Yangon City,MMR013D002,16.833114624023,96.173629760742,0.0,0.0,13.0,1.9946922,0.675000011920929,0.6010615825653076
7899,Yankin,Yangon City,MMR013D002,16.833115,96.155319,0.0,0.0,22.0,3.0307229,0.44999998807907104,0.3938554525375366
7900,Yankin,Yangon City,MMR013D002,16.833115,96.156464,0.0,0.0,19.0,3.138737,0.5249999761581421,0.37225258350372314
7901,Yankin,Yangon City,MMR013D002,16.833115,96.170197,0.0,0.0,16.0,4.1360445,0.6000000238418579,0.17279112339019775
7902,Yankin,Yangon City,MMR013D002,16.833349,96.160858,0.0,0.0,22.0,0.9548369,0.44999998807907104,0.8090326189994812
7903,Yankin,Yangon City,MMR013D002,16.833389,96.155777,0.0,0.0,21.0,3.0307229,0.4750000238418579,0.3938554525375366
7904,Yankin,Yangon City,MMR013D002,16.833498,96.161835,0.0,0.0,21.0,4.3014402,0.4750000238418579,0.13971197605133057
7905,Yankin,Yangon City,MMR013D002,16.833572,96.155777,0.0,0.0,20.0,3.0307229,0.5,0.3938554525375366
7906,Yankin,Yangon City,MMR013D002,16.833614,96.161766,0.0,0.0,21.0,4.3014402,0.4750000238418579,0.13971197605133057
7907,Yankin,Yangon City,MMR013D002,16.833677,96.161835,0.0,0.0,21.0,4.3014402,0.4750000238418579,0.13971197605133057
7908,Yankin,Yangon City,MMR013D002,16.83371,96.161774,0.0,0.0,23.0,1.9946922,0.42500001192092896,0.6010615825653076
7909,Yankin,Yangon City,MMR013D002,16.833801,96.157837,0.0,0.0,20.0,2.2111168,0.5,0.5577766299247742
7910,Yankin,Yangon City,MMR013D002,16.833801,96.160583,0.0,0.0,19.0,5.733568,0.5249999761581421,0.0
7911,Yankin,Yangon City,MMR013D002,16.834045,96.155467,0.0,0.0,15.0,1.9091437,0.625,0.6181712746620178
7912,Yankin,Yangon City,MMR013D002,16.834145,96.155777,0.0,0.0,16.0,3.5461073,0.6000000238418579,0.2907785177230835
7913,Yankin,Yangon City,MMR013D002,16.834158,96.155612,0.0,0.0,15.0,1.9091437,0.625,0.6181712746620178
7914,Yankin,Yangon City,MMR013D002,16.834487915039,96.155776977539,0.0,0.0,16.0,1.3808141,0.6000000238418579,0.7238371968269348
7915,Yankin,Yangon City,MMR013D002,16.834488,96.156464,0.0,0.0,17.0,1.3808141,0.574999988079071,0.7238371968269348
7916,Yankin,Yangon City,MMR013D002,16.834487915039,96.15852355957,0.0,0.0,19.0,1.3808141,0.5249999761581421,0.7238371968269348
7917,Yankin,Yangon City,MMR013D002,16.834488,96.158867,0.0,0.0,19.0,2.153755,0.5249999761581421,0.5692490339279175
7918,Yankin,Yangon City,MMR013D002,16.834488,96.15921,0.0,0.0,19.0,1.3808141,0.5249999761581421,0.7238371968269348
7919,Yankin,Yangon City,MMR013D002,16.834487915039,96.159896850586,0.0,0.0,18.0,1.3808141,0.550000011920929,0.7238371968269348
7920,Yankin,Yangon City,MMR013D002,16.834488,96.16024,0.0,0.0,18.0,1.9091437,0.550000011920929,0.6181712746620178
7921,Yankin,Yangon City,MMR013D002,16.8344879575195,96.161270070801,0.0,0.0,19.0,2.2111168,0.5249999761581421,0.5577766299247742
7922,Yankin,Yangon City,MMR013D002,16.834487915039,96.162643432617,0.0,0.0,18.0,3.4869568,0.550000011920929,0.3026086091995239
7923,Yankin,Yangon City,MMR013D002,16.834487915039,96.166763305664,0.0,0.0,26.0,5.964852,0.3500000238418579,0.0
7924,Yankin,Yangon City,MMR013D002,16.834487915039,96.169509887695,0.0,0.0,16.0,2.9905288,0.6000000238418579,0.401894211769104
7925,Yankin,Yangon City,MMR013D002,16.834684,96.163232,0.0,0.0,18.0,1.9091437,0.550000011920929,0.6181712746620178
7926,Yankin,Yangon City,MMR013D002,16.834946,96.16127,0.0,0.0,18.0,1.3808141,0.550000011920929,0.7238371968269348
7927,Yankin,Yangon City,MMR013D002,16.834946,96.161728,0.0,0.0,16.0,1.9946922,0.6000000238418579,0.6010615825653076
7928,Yankin,Yangon City,MMR013D002,16.835076,96.16127,0.0,0.0,17.0,1.9091437,0.574999988079071,0.6181712746620178
7929,Yankin,Yangon City,MMR013D002,16.835403,96.16951,0.0,0.0,15.0,3.4869568,0.625,0.3026086091995239
7930,Yankin,Yangon City,MMR013D002,16.835518,96.155777,0.0,0.0,16.0,2.9905288,0.6000000238418579,0.401894211769104
7931,Yankin,Yangon City,MMR013D002,16.835518,96.171913,0.0,0.0,13.0,2.153755,0.675000011920929,0.5692490339279175
7932,Yankin,Yangon City,MMR013D002,16.83565,96.158101,0.0,0.0,15.0,3.0307229,0.625,0.3938554525375366
7933,Yankin,Yangon City,MMR013D002,16.835861206055,96.155776977539,0.0,0.0,15.0,2.760026,0.625,0.44799482822418213
7934,Yankin,Yangon City,MMR013D002,16.835861206055,96.161270141602,0.0,0.0,16.0,1.9091437,0.6000000238418579,0.6181712746620178
7935,Yankin,Yangon City,MMR013D002,16.835861206055,96.162643432617,0.0,0.0,18.0,2.153755,0.550000011920929,0.5692490339279175
7936,Yankin,Yangon City,MMR013D002,16.835861206055,96.169509887695,0.0,0.0,13.0,2.760026,0.675000011920929,0.44799482822418213
7937,Yankin,Yangon City,MMR013D002,16.835861206055,96.170883178711,0.0,0.0,12.0,1.3808141,0.699999988079071,0.7238371968269348
7938,Yankin,Yangon City,MMR013D002,16.8358611030275,96.17225623486353,0.0,0.0,13.0,0.9976483,0.675000011920929,0.8004703521728516
7939,Yankin,Yangon City,MMR013D002,16.836111,96.164618,0.0,0.0,19.0,4.8412433,0.5249999761581421,0.03175133466720581
7940,Yankin,Yangon City,MMR013D002,16.836319,96.160812,0.0,0.0,15.0,0.9976483,0.625,0.8004703521728516
7941,Yankin,Yangon City,MMR013D002,16.836361,96.164766,0.0,0.0,18.0,1.3808141,0.550000011920929,0.7238371968269348
7942,Yankin,Yangon City,MMR013D002,16.836548,96.155777,0.0,0.0,18.0,6.0445805,0.550000011920929,0.0
7943,Yankin,Yangon City,MMR013D002,16.836777,96.155777,0.0,0.0,21.0,3.4869568,0.4750000238418579,0.3026086091995239
7944,Yankin,Yangon City,MMR013D002,16.836777,96.168366,0.0,0.0,16.0,0.0,0.6000000238418579,1.0
7945,Yankin,Yangon City,MMR013D002,16.837006,96.155777,0.0,0.0,21.0,2.2111168,0.4750000238418579,0.5577766299247742
7946,Yankin,Yangon City,MMR013D002,16.837234,96.157837,0.0,0.0,14.0,2.862392,0.6499999761581421,0.42752158641815186
7947,Yankin,Yangon City,MMR013D002,16.83723449707,96.15852355957,0.0,0.0,15.0,2.153755,0.625,0.5692490339279175
7948,Yankin,Yangon City,MMR013D002,16.83723449707,96.159896850586,0.0,0.0,19.0,0.9548369,0.5249999761581421,0.8090326189994812
7949,Yankin,Yangon City,MMR013D002,16.83723449707,96.161270141602,0.0,0.0,12.0,3.0307229,0.699999988079071,0.3938554525375366
7950,Yankin,Yangon City,MMR013D002,16.83723449707,96.164016723633,0.0,0.0,15.0,2.153755,0.625,0.5692490339279175
7951,Yankin,Yangon City,MMR013D002,16.83723449707,96.165390014648,0.0,0.0,19.0,4.8412433,0.5249999761581421,0.03175133466720581
7952,Yankin,Yangon City,MMR013D002,16.83723449707,96.16813659668,0.0,0.0,17.0,0.9976483,0.574999988079071,0.8004703521728516
7953,Yankin,Yangon City,MMR013D002,16.83723449707,96.172256469727,0.0,0.0,9.0,0.9976483,0.7749999761581421,0.8004703521728516
7954,Yankin,Yangon City,MMR013D002,16.837266,96.164645,0.0,0.0,18.0,2.153755,0.550000011920929,0.5692490339279175
7955,Yankin,Yangon City,MMR013D002,16.837807,96.157722,0.0,0.0,19.0,2.2111168,0.5249999761581421,0.5577766299247742
7956,Yankin,Yangon City,MMR013D002,16.837921,96.16745,0.0,0.0,16.0,0.9976483,0.6000000238418579,0.8004703521728516
7957,Yankin,Yangon City,MMR013D002,16.838196,96.156052,0.0,0.0,19.0,3.0307229,0.5249999761581421,0.3938554525375366
7958,Yankin,Yangon City,MMR013D002,16.838264,96.16127,0.0,0.0,11.0,3.138737,0.7250000238418579,0.37225258350372314
7959,Yankin,Yangon City,MMR013D002,16.838457,96.160498,0.0,0.0,11.0,1.3808141,0.7250000238418579,0.7238371968269348
7960,Yankin,Yangon City,MMR013D002,16.838607788086,96.157150268555,0.0,0.0,18.0,0.9548369,0.550000011920929,0.8090326189994812
7961,Yankin,Yangon City,MMR013D002,16.838607788086,96.159896850586,0.0,0.0,15.0,4.415667,0.625,0.1168665885925293
7962,Yankin,Yangon City,MMR013D002,16.838608,96.162369,0.0,0.0,13.0,2.862392,0.675000011920929,0.42752158641815186
7963,Yankin,Yangon City,MMR013D002,16.838607788086,96.169509887695,0.0,0.0,12.0,0.9548369,0.699999988079071,0.8090326189994812
7964,Yankin,Yangon City,MMR013D002,16.838607788086,96.170883178711,0.0,0.0,11.0,3.0307229,0.7250000238418579,0.3938554525375366
7965,Yankin,Yangon City,MMR013D002,16.839294,96.168137,0.0,0.0,13.0,3.138737,0.675000011920929,0.37225258350372314
7966,Yankin,Yangon City,MMR013D002,16.839294,96.170883,0.0,0.0,9.0,0.0,0.7749999761581421,1.0
7967,Yankin,Yangon City,MMR013D002,16.839752,96.170654,0.0,0.0,9.0,1.3808141,0.7749999761581421,0.7238371968269348
7968,Yankin,Yangon City,MMR013D002,16.839981079102,96.15852355957,0.0,0.0,18.0,1.3808141,0.550000011920929,0.7238371968269348
7969,Yankin,Yangon City,MMR013D002,16.839981079102,96.161270141602,0.0,0.0,9.0,3.4869568,0.7749999761581421,0.3026086091995239
7970,Yankin,Yangon City,MMR013D002,16.839981079102,96.162643432617,0.0,0.0,13.0,1.3808141,0.675000011920929,0.7238371968269348
7971,Yankin,Yangon City,MMR013D002,16.839981079102,96.164016723633,0.0,0.0,13.0,3.9416327,0.675000011920929,0.21167343854904175
7972,Yankin,Yangon City,MMR013D002,16.839981079102,96.165390014648,0.0,0.0,17.0,0.9976483,0.574999988079071,0.8004703521728516
7973,Yankin,Yangon City,MMR013D002,16.839981079102,96.170883178711,0.0,0.0,8.0,2.760026,0.800000011920929,0.44799482822418213
7974,Yankin,Yangon City,MMR013D002,16.840324,96.160812,0.0,0.0,11.0,4.8412433,0.7250000238418579,0.03175133466720581
7975,Yankin,Yangon City,MMR013D002,16.840324,96.16436,0.0,0.0,13.0,2.862392,0.675000011920929,0.42752158641815186
7976,Yankin,Yangon City,MMR013D002,16.840668,96.164017,0.0,0.0,15.0,1.3808141,0.625,0.7238371968269348
7977,Yankin,Yangon City,MMR013D002,16.840897,96.16539,0.0,0.0,15.0,4.415667,0.625,0.1168665885925293
7978,Yankin,Yangon City,MMR013D002,16.841354,96.15715,0.0,0.0,20.0,2.760026,0.5,0.44799482822418213
7979,Yankin,Yangon City,MMR013D002,16.841354370117,96.161270141602,0.0,0.0,15.0,3.4869568,0.625,0.3026086091995239
7980,Yankin,Yangon City,MMR013D002,16.841354370117,96.162643432617,0.0,0.0,15.0,3.0307229,0.625,0.3938554525375366
7981,Yankin,Yangon City,MMR013D002,16.841354370117,96.164016723633,0.0,0.0,10.0,2.153755,0.75,0.5692490339279175
7982,Yankin,Yangon City,MMR013D002,16.841354370117,96.165390014648,0.0,0.0,13.0,0.0,0.675000011920929,1.0
7983,Yankin,Yangon City,MMR013D002,16.841354,96.170197,0.0,0.0,11.0,2.760026,0.7250000238418579,0.44799482822418213
7984,Yankin,Yangon City,MMR013D002,16.841729,96.158711,0.0,0.0,17.0,3.4869568,0.574999988079071,0.3026086091995239
7985,Yankin,Yangon City,MMR013D002,16.842727661133,96.157150268555,0.0,0.0,16.0,1.3808141,0.6000000238418579,0.7238371968269348
7986,Yankin,Yangon City,MMR013D002,16.842728,96.158131,0.0,0.0,16.0,4.415667,0.6000000238418579,0.1168665885925293
7987,Yankin,Yangon City,MMR013D002,16.842727661133,96.165390014648,0.0,0.0,14.0,4.096654,0.6499999761581421,0.18066918849945068
7988,Yankin,Yangon City,MMR013D002,16.842728,96.166763,0.0,0.0,10.0,0.9976483,0.75,0.8004703521728516
7989,Yankin,Yangon City,MMR013D002,16.842727661133,96.16813659668,0.0,0.0,9.0,3.0307229,0.7749999761581421,0.3938554525375366
7990,Yankin,Yangon City,MMR013D002,16.842728,96.16951,0.0,0.0,9.0,0.9976483,0.7749999761581421,0.8004703521728516
7991,Yankin,Yangon City,MMR013D002,16.843071,96.15715,0.0,0.0,16.0,0.9976483,0.6000000238418579,0.8004703521728516
7992,Yankin,Yangon City,MMR013D002,16.843414,96.167793,0.0,0.0,10.0,4.415667,0.75,0.1168665885925293
7993,Yankin,Yangon City,MMR013D002,16.844100952148,96.157150268555,0.0,0.0,18.0,2.760026,0.550000011920929,0.44799482822418213
7994,Yankin,Yangon City,MMR013D002,16.844100952148,96.165390014648,0.0,0.0,13.0,2.9905288,0.675000011920929,0.401894211769104
7995,Yankin,Yangon City,MMR013D002,16.844100952148,96.16813659668,0.0,0.0,10.0,3.8140574,0.75,0.23718851804733276
7996,Yankin,Yangon City,MMR013D002,16.844559,96.15715,0.0,0.0,20.0,3.4869568,0.5,0.3026086091995239
7997,Yankin,Yangon City,MMR013D002,16.845131,96.15715,0.0,0.0,21.0,3.0307229,0.4750000238418579,0.3938554525375366
7998,Yankin,Yangon City,MMR013D002,16.845474243164,96.157150268555,0.0,0.0,18.0,4.3014402,0.550000011920929,0.13971197605133057
7999,Yankin,Yangon City,MMR013D002,16.845474243164,96.162643432617,0.0,0.0,21.0,1.3808141,0.4750000238418579,0.7238371968269348
8000,Yankin,Yangon City,MMR013D002,16.845474243164,96.164016723633,0.0,0.0,15.0,2.9905288,0.625,0.401894211769104
8001,Yankin,Yangon City,MMR013D002,16.845474243164,96.165390014648,0.0,0.0,11.0,6.1986523,0.7250000238418579,0.0
8002,Yankin,Yangon City,MMR013D002,16.846085,96.164322,0.0,0.0,12.0,2.153755,0.699999988079071,0.5692490339279175
8003,Yankin,Yangon City,MMR013D002,16.846098,96.159522,0.0,0.0,22.0,0.9548369,0.44999998807907104,0.8090326189994812
8004,Yankin,Yangon City,MMR013D002,16.846161,96.15715,0.0,0.0,19.0,3.5461073,0.5249999761581421,0.2907785177230835
8005,Yankin,Yangon City,MMR013D002,16.846676,96.158352,0.0,0.0,17.0,2.2111168,0.574999988079071,0.5577766299247742
8006,Yankin,Yangon City,MMR013D002,16.84684753418,96.162643432617,0.0,0.0,16.0,2.760026,0.6000000238418579,0.44799482822418213
8007,Yankin,Yangon City,MMR013D002,16.846848,96.16333,0.0,0.0,16.0,2.862392,0.6000000238418579,0.42752158641815186
8008,Yankin,Yangon City,MMR013D002,16.84684753418,96.166763305664,0.0,0.0,11.0,1.3808141,0.7250000238418579,0.7238371968269348
8009,Yankin,Yangon City,MMR013D002,16.848220825195,96.161270141602,0.0,0.0,17.0,3.0307229,0.574999988079071,0.3938554525375366
8010,Yankin,Yangon City,MMR013D002,16.848482,96.159439,0.0,0.0,18.0,3.138737,0.550000011920929,0.37225258350372314
8011,Yankin,Yangon City,MMR013D002,16.849006,96.160093,0.0,0.0,17.0,1.3808141,0.574999988079071,0.7238371968269348
8012,Yankin,Yangon City,MMR013D002,16.849136,96.162186,0.0,0.0,12.0,2.862392,0.699999988079071,0.42752158641815186
8013,Yankin,Yangon City,MMR013D002,16.849594,96.159725,0.0,0.0,18.0,7.505716,0.550000011920929,0.0
8014,Yankin,Yangon City,MMR013D002,16.849594116211,96.159896850586,0.0,0.0,18.0,7.505716,0.550000011920929,0.0
8015,Yankin,Yangon City,MMR013D002,16.849594116211,96.161270141602,0.0,0.0,14.0,2.153755,0.6499999761581421,0.5692490339279175
8016,Yankin,Yangon City,MMR013D002,16.849594,96.165848,0.0,0.0,8.0,1.3808141,0.800000011920929,0.7238371968269348
8017,Yankin,Yangon City,MMR013D002,16.849708,96.161581,0.0,0.0,13.0,1.9091437,0.675000011920929,0.6181712746620178
8018,Yankin,Yangon City,MMR013D002,16.849921,96.159962,0.0,0.0,13.0,4.9007516,0.675000011920929,0.019849658012390137
8019,Yankin,Yangon City,MMR013D002,16.850281,96.160583,0.0,0.0,13.0,1.3808141,0.675000011920929,0.7238371968269348
8020,Yankin,Yangon City,MMR013D002,16.850575,96.159897,0.0,0.0,12.0,1.3808141,0.699999988079071,0.7238371968269348
8021,Yankin,Yangon City,MMR013D002,16.850822,96.159843,0.0,0.0,13.0,0.9548369,0.675000011920929,0.8090326189994812
8022,Yankin,Yangon City,MMR013D002,16.850967407227,96.159896850586,0.0,0.0,13.0,0.9976483,0.675000011920929,0.8004703521728516
8023,Yankin,Yangon City,MMR013D002,16.850967407227,96.161270141602,0.0,0.0,13.0,1.3808141,0.675000011920929,0.7238371968269348
8024,Yankin,Yangon City,MMR013D002,16.850967407227,96.162643432617,0.0,0.0,11.0,1.9091437,0.7250000238418579,0.6181712746620178
8025,Yankin,Yangon City,MMR013D002,16.851473,96.160547,0.0,0.0,12.0,2.153755,0.699999988079071,0.5692490339279175
8026,Yankin,Yangon City,MMR013D002,16.851654,96.162643,0.0,0.0,10.0,1.3808141,0.75,0.7238371968269348
8027,Yankin,Yangon City,MMR013D002,16.852340698242,96.161270141602,0.0,0.0,10.0,1.9946922,0.75,0.6010615825653076
8028,Yankin,Yangon City,MMR013D002,16.852340698242,96.162643432617,0.0,0.0,12.0,1.9946922,0.699999988079071,0.6010615825653076
