date,adm_level,adm_id,PCODE,n_pixels,rfh,rfh_avg,r1h,r1h_avg,r3h,r3h_avg,rfq,r1q,r3q,version,adm2_name,rfh_percentile,r1h_percentile,r3h_percentile
2022-01-01,2,1011953,MMR013D001,158.0,2.987342,1.164768,5.3481016,4.520464,326.89874,134.7886,129.56435,108.69325,237.42905,final,Yangon (North),0.3696969696969697,0.24242424242424243,0.46060606060606063
2022-01-01,2,1011952,MMR013D002,13.0,2.1538463,1.0871795,6.5384617,7.1641026,328.0769,149.81538,117.52317,94.85666,215.14459,final,Yangon (East),0.2727272727272727,0.21818181818181817,0.43636363636363634
2022-01-01,2,1011954,MMR013D003,164.0,2.1646342,1.2136179,5.4695125,5.9359756,341.86584,156.34552,115.30535,95.734604,214.98325,final,Yangon (South),0.2787878787878788,0.19393939393939394,0.44242424242424244
2022-01-01,2,1011955,MMR013D004,3.0,2.0,1.1,6.333333,7.477778,311.33334,142.68889,114.754105,90.82814,214.18901,final,Yangon (West),0.22727272727272727,0.20303030303030303,0.43636363636363634
2022-01-11,2,1011953,MMR013D001,158.0,2.892405,1.0799578,7.120253,3.972152,116.39874,78.82806,129.8102,135.08746,144.81874,final,Yangon (North),0.36363636363636365,0.2787878787878788,0.36363636363636365
2022-01-11,2,1011952,MMR013D002,13.0,1.0769231,0.23589744,5.615385,4.4076924,124.23076,89.597435,116.06269,112.83729,136.61127,final,Yangon (East),0.1787878787878788,0.2,0.3393939393939394
2022-01-11,2,1011954,MMR013D003,164.0,1.5487804,0.5623984,5.4512196,4.3006096,135.65244,91.38638,117.73304,112.37134,145.92563,final,Yangon (South),0.19393939393939394,0.1787878787878788,0.34545454545454546
2022-01-11,2,1011955,MMR013D004,3.0,1.0,0.033333335,5.333333,4.388889,118.666664,87.3,119.2053,110.059166,133.98338,final,Yangon (West),0.14545454545454545,0.17575757575757575,0.32727272727272727
2022-01-21,2,1011953,MMR013D001,158.0,2.6898735,1.0831224,8.56962,3.327848,41.550632,37.42173,126.41328,162.94269,109.73299,final,Yangon (North),0.3575757575757576,0.3151515151515151,0.296969696969697
2022-01-21,2,1011952,MMR013D002,13.0,0.9230769,0.26666668,4.1538463,1.5897436,60.000004,50.55385,112.463486,138.91052,117.00359,final,Yangon (East),0.11212121212121212,0.15151515151515152,0.26666666666666666
2022-01-21,2,1011954,MMR013D003,164.0,1.8292683,0.775,5.542683,2.5510163,55.121956,50.384758,118.25574,139.61938,108.55325,final,Yangon (South),0.23636363636363636,0.20606060606060606,0.26666666666666666
2022-01-21,2,1011955,MMR013D004,3.0,0.33333334,0.011111111,3.3333333,1.1444445,58.999996,50.944443,106.43016,135.62386,114.39921,final,Yangon (West),0.11515151515151516,0.13333333333333333,0.24848484848484848
2022-02-01,2,1011953,MMR013D001,158.0,1.0949367,0.91518986,6.677215,3.07827,16.905064,19.133121,103.03874,144.55095,90.76763,final,Yangon (North),0.18484848484848485,0.2727272727272727,0.13333333333333333
2022-02-01,2,1011952,MMR013D002,13.0,0.15384616,0.025641026,2.1538463,0.52820516,24.615385,27.458975,102.55102,129.40631,91.239426,final,Yangon (East),0.03333333333333333,0.09090909090909091,0.14545454545454545
2022-02-01,2,1011954,MMR013D003,164.0,1.2378049,0.75955284,4.615854,2.0969512,20.884146,27.237602,108.30363,135.49274,80.29179,final,Yangon (South),0.16666666666666666,0.14545454545454545,0.13333333333333333
2022-02-01,2,1011955,MMR013D004,3.0,0.0,0.0,1.3333334,0.044444446,23.666668,28.244446,100.0,125.55067,86.22994,final,Yangon (West),0.05757575757575758,0.09090909090909091,0.15151515151515152
2022-02-11,2,1011953,MMR013D001,158.0,1.272152,0.9263713,5.056962,2.9246836,16.759495,14.816245,105.83462,126.9068,109.80635,final,Yangon (North),0.21818181818181817,0.22424242424242424,0.12727272727272726
2022-02-11,2,1011952,MMR013D002,13.0,0.61538464,0.30512822,1.6923077,0.5974359,22.846155,19.561539,105.84824,119.56023,113.37301,final,Yangon (East),0.09090909090909091,0.07878787878787878,0.1393939393939394
2022-02-11,2,1011954,MMR013D003,164.0,2.3841465,1.0912602,5.4512196,2.625813,19.182928,20.461788,121.22527,137.05055,94.97734,final,Yangon (South),0.30303030303030304,0.1787878787878788,0.12727272727272726
2022-02-11,2,1011955,MMR013D004,3.0,0.0,0.0,0.33333334,0.011111111,21.333334,20.122223,100.0,106.43016,104.82087,final,Yangon (West),0.05757575757575758,0.05454545454545454,0.12727272727272726
2022-02-21,2,1011953,MMR013D001,158.0,1.0443038,1.0044304,3.4113927,2.8459916,15.481013,11.368776,100.66407,107.20624,125.12245,final,Yangon (North),0.15757575757575756,0.10303030303030303,0.08484848484848485
2022-02-21,2,1011952,MMR013D002,13.0,1.9230769,1.2333333,2.6923077,1.5641025,13.230769,12.051282,111.0654,117.1875,106.91731,final,Yangon (East),0.23636363636363636,0.09696969696969697,0.04242424242424243
2022-02-21,2,1011954,MMR013D003,164.0,1.7743902,1.3359756,5.3963413,3.1867886,15.682928,13.222358,106.91944,126.98924,113.50303,final,Yangon (South),0.23030303030303031,0.1696969696969697,0.06060606060606061
2022-02-21,2,1011955,MMR013D004,3.0,2.0,1.0666667,2.0,1.0666667,11.666666,11.655556,115.38461,115.38461,100.06671,final,Yangon (West),0.22727272727272727,0.1,0.024242424242424242
2022-03-01,2,1011953,MMR013D001,158.0,2.1962025,3.2405064,4.512658,5.171308,16.537975,12.770042,87.32719,93.52443,121.20385,final,Yangon (North),0.3333333333333333,0.2,0.12121212121212122
2022-03-01,2,1011952,MMR013D002,13.0,5.076923,7.6179485,7.615384,9.15641,16.307692,16.848719,79.86182,89.11429,97.52376,final,Yangon (East),0.3696969696969697,0.23030303030303031,0.08484848484848485
2022-03-01,2,1011954,MMR013D003,164.0,4.7012196,5.9426827,8.859756,8.369919,18.945122,16.402845,88.65486,103.66373,111.87822,final,Yangon (South),0.38181818181818183,0.296969696969697,0.11515151515151516
2022-03-01,2,1011955,MMR013D004,3.0,6.0,8.533334,8.0,9.6,15.666666,17.122223,81.280785,89.0411,93.42039,final,Yangon (West),0.38181818181818183,0.23030303030303031,0.0696969696969697
2022-03-11,2,1011953,MMR013D001,158.0,2.341772,3.8149788,5.5822783,8.059916,17.759493,14.956751,83.28747,81.02869,114.04408,final,Yangon (North),0.34545454545454546,0.2606060606060606,0.14545454545454545
2022-03-11,2,1011952,MMR013D002,13.0,5.6923075,9.279488,12.692307,18.13077,20.0,23.135897,74.878784,76.48818,88.85446,final,Yangon (East),0.3878787878787879,0.31212121212121213,0.12121212121212122
2022-03-11,2,1011954,MMR013D003,164.0,7.4512196,6.6727643,13.926829,13.951423,24.82927,20.877846,106.669,99.87023,115.269516,final,Yangon (South),0.43636363636363634,0.34545454545454546,0.16363636363636364
2022-03-11,2,1011955,MMR013D004,3.0,7.6666665,10.622222,15.666666,20.222223,21.333332,24.622223,81.08108,81.938324,88.89722,final,Yangon (West),0.40606060606060607,0.32727272727272727,0.12121212121212122
2022-03-21,2,1011953,MMR013D001,158.0,19.405064,5.514346,23.943039,12.569832,35.92405,18.743671,232.11205,164.73146,172.35771,final,Yangon (North),0.509090909090909,0.4484848484848485,0.2909090909090909
2022-03-21,2,1011952,MMR013D002,13.0,42.53846,12.694872,53.30769,29.592308,60.153843,32.746155,268.6567,168.55681,172.61053,final,Yangon (East),0.5454545454545454,0.45454545454545453,0.2727272727272727
2022-03-21,2,1011954,MMR013D003,164.0,32.835365,10.266666,44.987804,22.882114,55.92683,28.619919,247.82991,179.28268,181.22241,final,Yangon (South),0.5212121212121212,0.45454545454545453,0.2787878787878788
2022-03-21,2,1011955,MMR013D004,3.0,49.666668,13.811111,63.333336,32.966667,68.66667,35.17778,290.60837,179.98245,183.35176,final,Yangon (West),0.5575757575757576,0.4484848484848485,0.2727272727272727
2022-04-01,2,1011953,MMR013D001,158.0,0.9683544,0.46181434,22.71519,9.79114,33.90506,18.040718,109.27421,187.37698,168.85352,final,Yangon (North),0.06666666666666667,0.43636363636363634,0.26666666666666666
2022-04-01,2,1011952,MMR013D002,13.0,3.5384614,2.202564,51.769226,24.176924,61.538456,33.861538,118.54752,194.56892,171.2193,final,Yangon (East),0.32727272727272727,0.4484848484848485,0.2787878787878788
2022-04-01,2,1011954,MMR013D003,164.0,2.1036584,1.1587398,42.39024,18.098171,55.865852,28.56504,115.34273,205.1688,181.33705,final,Yangon (South),0.26666666666666666,0.44242424242424244,0.2727272727272727
2022-04-01,2,1011955,MMR013D004,3.0,6.3333335,3.0777779,63.666668,27.51111,73.00001,37.155556,140.30263,211.20987,185.029,final,Yangon (West),0.39090909090909093,0.45454545454545453,0.2787878787878788
2022-04-11,2,1011953,MMR013D001,158.0,1.056962,1.5388186,21.430382,7.514979,32.069622,18.499578,92.63084,211.18999,157.7459,final,Yangon (North),0.17272727272727273,0.42424242424242425,0.2606060606060606
2022-04-11,2,1011952,MMR013D002,13.0,2.3076923,4.1076922,48.384613,19.005129,62.769226,37.733334,80.23648,222.38837,158.58633,final,Yangon (East),0.2878787878787879,0.43636363636363634,0.28484848484848485
2022-04-11,2,1011954,MMR013D003,164.0,1.945122,3.1349592,36.884144,14.560366,56.26219,31.137602,85.37378,214.12761,169.52478,final,Yangon (South),0.2545454545454545,0.4303030303030303,0.28484848484848485
2022-04-11,2,1011955,MMR013D004,3.0,3.0,5.0,59.0,21.88889,75.00001,42.122223,80.0,238.01654,169.77129,final,Yangon (West),0.29393939393939394,0.44242424242424244,0.28484848484848485
2022-04-21,2,1011953,MMR013D001,158.0,5.670886,10.113713,7.6962023,12.114346,35.050636,27.530169,70.604004,74.18456,123.11845,final,Yangon (North),0.41818181818181815,0.2909090909090909,0.2727272727272727
2022-04-21,2,1011952,MMR013D002,13.0,15.692307,16.407692,21.538462,22.717949,77.53846,53.87436,96.65828,95.74468,140.19424,final,Yangon (East),0.4727272727272727,0.36363636363636365,0.30303030303030304
2022-04-21,2,1011954,MMR013D003,164.0,10.77439,15.779879,14.823171,20.073578,65.20731,46.14248,75.91185,79.06,137.2779,final,Yangon (South),0.45454545454545453,0.3575757575757576,0.2909090909090909
2022-04-21,2,1011955,MMR013D004,3.0,16.666666,16.033333,26.0,24.11111,91.333336,58.144447,103.01109,106.48855,152.56027,final,Yangon (West),0.4727272727272727,0.38181818181818183,0.30303030303030304
2022-05-01,2,1011953,MMR013D001,158.0,68.29114,43.62215,75.01898,55.274685,102.24684,70.23713,150.7361,132.7572,142.5451,final,Yangon (North),0.5757575757575758,0.503030303030303,0.34545454545454546
2022-05-01,2,1011952,MMR013D002,13.0,75.0,54.2,93.0,74.715385,152.38461,108.04872,135.13513,122.93737,139.21838,final,Yangon (East),0.5696969696969697,0.503030303030303,0.36363636363636365
2022-05-01,2,1011954,MMR013D003,164.0,77.810974,56.502235,90.53049,75.417076,141.78049,101.88516,134.6471,118.793785,137.32541,final,Yangon (South),0.5757575757575758,0.503030303030303,0.36363636363636365
2022-05-01,2,1011955,MMR013D004,3.0,65.666664,45.68889,85.33333,66.72222,157.0,103.833336,139.41254,125.94887,148.85146,final,Yangon (West),0.5757575757575758,0.509090909090909,0.3696969696969697
2022-05-11,2,1011953,MMR013D001,158.0,133.11392,76.12764,207.07594,129.8635,234.08861,145.4384,170.24275,157.2523,158.92792,final,Yangon (North),0.7090909090909091,0.5757575757575758,0.42424242424242425
2022-05-11,2,1011952,MMR013D002,13.0,139.23077,95.03846,229.92308,165.64615,291.0,202.78204,144.17532,137.6668,142.45697,final,Yangon (East),0.7151515151515152,0.5696969696969697,0.4212121212121212
2022-05-11,2,1011954,MMR013D003,164.0,187.60365,101.97988,276.18903,174.262,327.0,202.77377,180.03726,156.85925,159.78918,final,Yangon (South),0.8181818181818182,0.5818181818181818,0.43636363636363634
2022-05-11,2,1011955,MMR013D004,3.0,124.666664,83.37778,207.0,145.1,281.66666,187.2111,146.71863,141.23917,149.14157,final,Yangon (West),0.7151515151515152,0.5696969696969697,0.42424242424242425
2022-05-21,2,1011953,MMR013D001,158.0,133.37341,98.587555,334.77847,218.33734,366.41772,243.02151,133.58112,152.13689,149.75223,final,Yangon (North),0.7151515151515152,0.6424242424242425,0.4727272727272727
2022-05-21,2,1011952,MMR013D002,13.0,141.0,120.95898,355.23077,270.19745,430.07693,322.5077,115.91076,130.89902,132.84479,final,Yangon (East),0.7393939393939394,0.6666666666666666,0.48484848484848486
2022-05-21,2,1011954,MMR013D003,164.0,129.20122,121.26484,394.61584,279.74695,454.42682,322.70264,106.2855,140.3407,140.19626,final,Yangon (South),0.6848484848484848,0.6606060606060606,0.4909090909090909
2022-05-21,2,1011955,MMR013D004,3.0,124.666664,108.18889,315.0,237.25555,404.3333,294.33334,114.55777,132.09192,136.74832,final,Yangon (West),0.7151515151515152,0.6515151515151515,0.48484848484848486
2022-06-01,2,1011953,MMR013D001,158.0,115.1519,182.21013,381.63922,356.92532,479.3734,421.99115,64.18024,106.82845,113.43875,final,Yangon (North),0.6484848484848484,0.6727272727272727,0.503030303030303
2022-06-01,2,1011952,MMR013D002,13.0,140.92308,185.76666,421.15387,401.7641,565.9231,500.6564,76.492966,104.76683,112.907326,final,Yangon (East),0.7333333333333333,0.7090909090909091,0.5333333333333333
2022-06-01,2,1011954,MMR013D003,164.0,131.48781,166.28638,448.29266,389.5311,581.2134,483.04633,79.68398,114.89402,120.11429,final,Yangon (South),0.6909090909090909,0.696969696969697,0.5272727272727272
2022-06-01,2,1011955,MMR013D004,3.0,138.0,175.57777,387.3333,367.14444,536.3333,461.37778,79.190254,105.42501,116.071846,final,Yangon (West),0.7878787878787878,0.7272727272727273,0.5333333333333333
2022-06-11,2,1011953,MMR013D001,158.0,181.70253,214.4652,430.22784,495.26288,658.7342,632.64136,85.07159,86.999825,104.09209,final,Yangon (North),0.8424242424242424,0.7454545454545455,0.5636363636363636
2022-06-11,2,1011952,MMR013D002,13.0,139.53847,221.46666,421.46155,528.1923,699.7692,712.84357,63.823288,79.98269,98.178665,final,Yangon (East),0.7212121212121212,0.7151515151515152,0.5696969696969697
2022-06-11,2,1011954,MMR013D003,164.0,92.59146,204.45143,353.2805,492.00266,666.35364,680.825,46.593838,72.08824,97.88993,final,Yangon (South),0.5878787878787879,0.6424242424242425,0.5636363636363636
2022-06-11,2,1011955,MMR013D004,3.0,129.66667,215.12222,392.3333,498.8889,658.3333,665.87775,61.178135,78.853355,98.87544,final,Yangon (West),0.7575757575757576,0.7333333333333333,0.5818181818181818
2022-06-21,2,1011953,MMR013D001,158.0,112.93671,189.2365,409.79114,585.9118,752.2658,816.3635,60.7181,70.1951,92.19618,final,Yangon (North),0.6363636363636364,0.7090909090909091,0.6121212121212121
2022-06-21,2,1011952,MMR013D002,13.0,119.92308,201.70256,400.38464,608.9359,777.1539,901.85126,60.436153,66.03045,86.24941,final,Yangon (East),0.6727272727272727,0.696969696969697,0.593939393939394
2022-06-21,2,1011954,MMR013D003,164.0,114.243904,196.03252,338.32318,566.7703,747.7622,866.5909,59.315727,60.045647,86.36646,final,Yangon (South),0.6484848484848484,0.6303030303030303,0.5757575757575758
2022-06-21,2,1011955,MMR013D004,3.0,106.666664,188.46666,374.33334,579.1667,715.3334,840.5333,57.718815,64.93581,85.19278,final,Yangon (West),0.6575757575757576,0.7151515151515152,0.593939393939394
2022-07-01,2,1011953,MMR013D001,158.0,225.31645,201.9154,519.9557,605.61707,976.6139,1017.81714,111.30948,85.971344,95.97159,final,Yangon (North),0.9212121212121213,0.8121212121212121,0.6787878787878788
2022-07-01,2,1011952,MMR013D002,13.0,226.53847,185.98206,486.0,609.1513,1000.1539,1085.6307,121.23572,79.94773,92.16262,final,Yangon (East),0.9212121212121213,0.793939393939394,0.6666666666666666
2022-07-01,2,1011954,MMR013D003,164.0,277.0122,211.5815,483.84756,612.0654,1022.6708,1077.0137,130.21066,79.22135,94.977615,final,Yangon (South),0.9333333333333333,0.7393939393939394,0.6666666666666666
2022-07-01,2,1011955,MMR013D004,3.0,192.0,165.17778,428.33334,568.76666,901.0,1002.6333,115.76129,75.524315,89.91366,final,Yangon (West),0.8848484848484849,0.7575757575757576,0.6666666666666666
2022-07-11,2,1011953,MMR013D001,158.0,129.29747,193.29642,467.55066,584.4483,1104.8544,1209.5747,67.72562,80.1683,91.37803,final,Yangon (North),0.6909090909090909,0.7818181818181819,0.703030303030303
2022-07-11,2,1011952,MMR013D002,13.0,106.69231,167.05385,453.15387,554.73846,1104.5385,1248.5769,64.91706,81.85142,88.5098,final,Yangon (East),0.6303030303030303,0.7393939393939394,0.696969696969697
2022-07-11,2,1011954,MMR013D003,164.0,141.2683,216.8437,532.5244,624.4577,1161.9939,1290.7224,65.93304,85.394844,90.06512,final,Yangon (South),0.7151515151515152,0.7818181818181819,0.696969696969697
2022-07-11,2,1011955,MMR013D004,3.0,106.666664,148.2,405.3333,501.84445,1004.6667,1145.8334,72.88947,80.958435,87.73353,final,Yangon (West),0.6575757575757576,0.7393939393939394,0.6909090909090909
2022-07-21,2,1011953,MMR013D001,158.0,148.87341,251.01857,503.48734,646.2304,1248.0569,1450.4795,60.102444,78.08102,86.09238,final,Yangon (North),0.7636363636363637,0.8,0.7575757575757576
2022-07-21,2,1011952,MMR013D002,13.0,151.92308,242.47949,485.15387,595.5154,1240.7693,1474.6487,63.408516,81.6222,84.19359,final,Yangon (East),0.7696969696969697,0.7878787878787878,0.7515151515151515
2022-07-21,2,1011954,MMR013D003,164.0,170.70122,304.30408,588.98175,732.72925,1321.9207,1579.2466,56.805336,80.51487,83.7572,final,Yangon (South),0.7636363636363637,0.8484848484848485,0.7393939393939394
2022-07-21,2,1011955,MMR013D004,3.0,133.0,213.06667,431.66666,526.44446,1121.0,1342.8667,63.2834,82.166,83.53942,final,Yangon (West),0.7727272727272727,0.7636363636363637,0.7393939393939394
2022-08-01,2,1011953,MMR013D001,158.0,148.5,193.56561,426.6709,637.8806,1328.2657,1600.423,77.30442,67.146355,83.04763,final,Yangon (North),0.7575757575757576,0.7393939393939394,0.7818181818181819
2022-08-01,2,1011952,MMR013D002,13.0,224.07692,210.01794,482.69232,619.5513,1389.8462,1630.4667,106.53851,78.08684,85.28735,final,Yangon (East),0.9151515151515152,0.7818181818181819,0.793939393939394
2022-08-01,2,1011954,MMR013D003,164.0,298.2927,266.94046,610.2622,788.0882,1542.4025,1789.6848,111.529076,77.57803,86.221405,final,Yangon (South),0.9515151515151515,0.8666666666666667,0.7878787878787878
2022-08-01,2,1011955,MMR013D004,3.0,199.66667,188.15555,439.3333,549.42224,1255.0,1485.3334,105.95951,80.143486,84.544846,final,Yangon (West),0.9151515151515152,0.7878787878787878,0.806060606060606
2022-08-11,2,1011953,MMR013D001,158.0,282.65823,163.61603,580.0316,608.2002,1477.81,1687.9114,170.59958,95.4063,87.58935,final,Yangon (North),0.9757575757575757,0.8787878787878788,0.8484848484848485
2022-08-11,2,1011952,MMR013D002,13.0,346.76923,177.63077,722.7692,630.1282,1597.3845,1713.059,192.61224,114.5862,93.26714,final,Yangon (East),0.9939393939393939,0.9636363636363636,0.8787878787878788
2022-08-11,2,1011954,MMR013D003,164.0,414.40854,223.20346,883.40247,794.44794,1769.2074,1910.9083,183.78711,111.127,92.60398,final,Yangon (South),0.9939393939393939,0.9818181818181818,0.8484848484848485
2022-08-11,2,1011955,MMR013D004,3.0,311.0,161.58888,643.6667,562.8111,1441.3334,1563.5444,189.68852,114.23987,92.20863,final,Yangon (West),0.9939393939393939,0.9696969696969697,0.8848484848484849
2022-08-21,2,1011953,MMR013D001,158.0,144.49367,172.65485,575.6519,529.8365,1488.9304,1761.9788,84.14838,108.566246,84.547165,final,Yangon (North),0.7515151515151515,0.8727272727272727,0.8545454545454545
2022-08-21,2,1011952,MMR013D002,13.0,153.53847,184.24103,724.3846,571.8898,1609.9232,1776.3411,83.77595,126.43396,90.65772,final,Yangon (East),0.7818181818181819,0.9696969696969697,0.8909090909090909
2022-08-21,2,1011954,MMR013D003,164.0,162.53049,228.99147,875.2317,719.1354,1802.5367,2018.6349,71.59684,121.55624,89.32129,final,Yangon (South),0.7454545454545455,0.9757575757575757,0.8666666666666667
2022-08-21,2,1011955,MMR013D004,3.0,128.0,162.01111,638.6667,511.75555,1444.6667,1617.3667,79.63542,124.55923,89.355064,final,Yangon (West),0.7333333333333333,0.9636363636363636,0.8909090909090909
2022-09-01,2,1011953,MMR013D001,158.0,94.03797,122.24283,521.1899,458.5137,1467.8164,1702.0114,77.83383,113.52197,86.28041,final,Yangon (North),0.593939393939394,0.8181818181818182,0.8424242424242424
2022-09-01,2,1011952,MMR013D002,13.0,92.38461,119.96923,592.69226,481.84103,1561.3846,1710.5436,77.92687,122.769485,91.30544,final,Yangon (East),0.6181818181818182,0.8727272727272727,0.8484848484848485
2022-09-01,2,1011954,MMR013D003,164.0,112.10976,148.67256,689.04877,600.8675,1783.1586,2001.0211,76.20733,114.55455,89.13957,final,Yangon (South),0.6363636363636364,0.9090909090909091,0.8545454545454545
2022-09-01,2,1011955,MMR013D004,3.0,83.333336,103.35555,522.3333,426.95554,1390.0001,1545.1444,81.52174,122.08046,89.99162,final,Yangon (West),0.6060606060606061,0.8484848484848485,0.8545454545454545
2022-09-11,2,1011953,MMR013D001,158.0,100.841774,127.03207,339.3734,421.92975,1386.9557,1614.5782,80.16368,80.66278,85.945564,final,Yangon (North),0.6242424242424243,0.6484848484848484,0.8121212121212121
2022-09-11,2,1011952,MMR013D002,13.0,78.69231,113.1641,324.6154,417.37436,1500.5385,1602.2411,70.82719,78.03868,93.67222,final,Yangon (East),0.5757575757575758,0.6303030303030303,0.8242424242424242
2022-09-11,2,1011954,MMR013D003,164.0,101.652435,139.45508,376.2927,517.1191,1792.2196,1936.0248,73.830864,73.02792,92.59127,final,Yangon (South),0.6060606060606061,0.6484848484848484,0.8606060606060606
2022-09-11,2,1011955,MMR013D004,3.0,60.0,94.32222,271.33334,359.68887,1320.3334,1424.3445,65.443565,75.772354,92.72316,final,Yangon (West),0.5666666666666667,0.6060606060606061,0.8242424242424242
2022-09-21,2,1011953,MMR013D001,158.0,189.2848,105.12152,384.16455,354.39642,1463.3037,1530.4633,176.42764,108.282814,95.62611,final,Yangon (North),0.8848484848484849,0.6787878787878788,0.8363636363636363
2022-09-21,2,1011952,MMR013D002,13.0,171.84616,95.1718,342.9231,328.3051,1552.4615,1495.7102,176.54286,104.38577,103.78163,final,Yangon (East),0.806060606060606,0.6424242424242425,0.8363636363636363
2022-09-21,2,1011954,MMR013D003,164.0,198.9939,116.64248,412.7561,404.7701,1876.9696,1856.6348,167.69955,101.94889,101.092316,final,Yangon (South),0.8606060606060606,0.6787878787878788,0.8848484848484849
2022-09-21,2,1011955,MMR013D004,3.0,129.66667,78.48889,273.0,276.16666,1343.3333,1314.3667,161.2989,98.87375,102.19549,final,Yangon (West),0.7575757575757576,0.6121212121212121,0.8303030303030303
2022-10-01,2,1011953,MMR013D001,158.0,96.139244,69.9249,386.26584,302.0785,1334.1266,1398.4728,134.9875,127.41557,95.415215,final,Yangon (North),0.6,0.6848484848484848,0.7878787878787878
2022-10-01,2,1011952,MMR013D002,13.0,87.0,67.43077,337.53845,275.76666,1412.9231,1377.1589,127.017845,122.001114,102.587555,final,Yangon (East),0.6,0.6363636363636364,0.806060606060606
2022-10-01,2,1011954,MMR013D003,164.0,108.96342,75.40203,409.60974,331.4996,1708.9208,1720.4553,141.74197,123.212555,99.33151,final,Yangon (South),0.6303030303030303,0.6666666666666666,0.8181818181818182
2022-10-01,2,1011955,MMR013D004,3.0,79.0,59.68889,268.6667,232.5,1230.3333,1208.8778,129.85228,115.22808,101.76752,final,Yangon (West),0.6,0.6,0.8
2022-10-11,2,1011953,MMR013D001,158.0,35.57595,52.260548,321.0,227.30696,1240.405,1257.4369,70.86197,140.33157,98.65087,final,Yangon (North),0.5393939393939394,0.6242424242424243,0.7454545454545455
2022-10-11,2,1011952,MMR013D002,13.0,25.923077,55.51282,284.76923,218.11539,1332.1538,1265.6179,51.101696,129.87416,105.236496,final,Yangon (East),0.503030303030303,0.6,0.7818181818181819
2022-10-11,2,1011954,MMR013D003,164.0,23.95122,61.436584,331.90854,253.4811,1591.6036,1565.0481,43.577225,130.34166,101.69139,final,Yangon (South),0.503030303030303,0.6242424242424243,0.8
2022-10-11,2,1011955,MMR013D004,3.0,20.666666,50.8,229.33334,188.97778,1144.3333,1111.4778,45.997612,120.804214,102.94278,final,Yangon (West),0.4909090909090909,0.5757575757575758,0.7454545454545455
2022-10-21,2,1011953,MMR013D001,158.0,29.594936,44.842194,161.31013,167.02763,1121.1266,1051.2605,69.408936,96.67641,106.61447,final,Yangon (North),0.5272727272727272,0.5454545454545454,0.7151515151515152
2022-10-21,2,1011952,MMR013D002,13.0,42.46154,41.489742,155.38461,164.43333,1222.6923,1064.6282,102.09035,94.659424,114.77748,final,Yangon (East),0.5393939393939394,0.5333333333333333,0.7333333333333333
2022-10-21,2,1011954,MMR013D003,164.0,44.219513,43.748577,177.13416,180.58719,1465.1218,1304.4927,100.96605,98.1394,112.26652,final,Yangon (South),0.5515151515151515,0.5515151515151515,0.7636363636363637
2022-10-21,2,1011955,MMR013D004,3.0,43.666668,38.366665,143.33333,148.85556,1055.0,936.7778,112.221375,96.41077,112.55309,final,Yangon (West),0.5515151515151515,0.5333333333333333,0.7272727272727273
2022-11-01,2,1011953,MMR013D001,158.0,2.398734,19.307594,67.56962,116.41034,975.02527,877.0025,30.437952,59.772186,111.113655,final,Yangon (North),0.3515151515151515,0.4909090909090909,0.6727272727272727
2022-11-01,2,1011952,MMR013D002,13.0,2.1538463,23.120512,70.53846,120.12308,1000.7692,877.7308,25.439957,60.371326,113.93839,final,Yangon (East),0.2727272727272727,0.48484848484848486,0.6727272727272727
2022-11-01,2,1011954,MMR013D003,164.0,2.652439,24.031708,70.823166,129.21687,1169.4816,1061.584,26.358902,56.49302,110.11618,final,Yangon (South),0.3212121212121212,0.48484848484848486,0.703030303030303
2022-11-01,2,1011955,MMR013D004,3.0,2.0,22.711111,66.333336,111.87778,857.3334,771.3333,25.260624,61.03242,111.07773,final,Yangon (West),0.22727272727272727,0.46060606060606063,0.6484848484848484
2022-11-11,2,1011953,MMR013D001,158.0,17.531645,4.708017,49.525314,68.8578,709.8986,718.0945,232.09317,73.824715,98.86656,final,Yangon (North),0.503030303030303,0.47878787878787876,0.5818181818181818
2022-11-11,2,1011952,MMR013D002,13.0,24.461538,7.425641,69.07693,72.0359,678.4616,707.52563,237.10277,96.15897,95.92098,final,Yangon (East),0.49696969696969695,0.4727272727272727,0.5575757575757576
2022-11-11,2,1011954,MMR013D003,164.0,24.841463,7.0768294,71.71342,74.85712,779.91473,845.45734,247.09683,96.06335,92.29325,final,Yangon (South),0.509090909090909,0.4909090909090909,0.593939393939394
2022-11-11,2,1011955,MMR013D004,3.0,27.333334,7.388889,73.0,68.46667,573.6666,617.13336,260.98657,106.17059,93.013275,final,Yangon (West),0.503030303030303,0.4727272727272727,0.5515151515151515
2022-11-21,2,1011953,MMR013D001,158.0,20.449368,4.35654,40.379745,28.372152,585.8544,549.7962,271.99548,135.98087,106.49935,final,Yangon (North),0.5151515151515151,0.46060606060606063,0.5515151515151515
2022-11-21,2,1011952,MMR013D002,13.0,37.076923,8.2384615,63.692307,38.784615,562.0,531.5231,317.83847,156.88687,105.68045,final,Yangon (East),0.5272727272727272,0.46060606060606063,0.5272727272727272
2022-11-21,2,1011954,MMR013D003,164.0,34.737804,8.140651,62.231705,39.249187,652.122,624.6065,302.40363,151.93884,104.37027,final,Yangon (South),0.5272727272727272,0.4666666666666667,0.5515151515151515
2022-11-21,2,1011955,MMR013D004,3.0,39.333332,9.111111,68.666664,39.211113,485.0,464.23334,314.17322,166.62477,104.42566,final,Yangon (West),0.5303030303030303,0.4666666666666667,0.5151515151515151
2022-12-01,2,1011953,MMR013D001,158.0,6.075949,2.0255275,44.05696,11.090084,497.89246,429.57892,157.65291,304.8894,115.719475,final,Yangon (North),0.4303030303030303,0.4727272727272727,0.5151515151515151
2022-12-01,2,1011952,MMR013D002,13.0,5.5384617,3.1692307,67.07692,18.833334,475.15384,414.72308,129.00189,302.42065,114.397766,final,Yangon (East),0.38181818181818183,0.4666666666666667,0.49696969696969695
2022-12-01,2,1011954,MMR013D003,164.0,3.8292682,2.9441056,63.40854,18.161585,543.8415,478.87805,111.14239,295.35342,113.425575,final,Yangon (South),0.3575757575757576,0.4727272727272727,0.509090909090909
2022-12-01,2,1011955,MMR013D004,3.0,7.0,3.3555555,73.666664,19.855556,408.6667,364.23334,143.61702,316.49527,112.03395,final,Yangon (West),0.4,0.47878787878787876,0.4909090909090909
2022-12-11,2,1011953,MMR013D001,158.0,1.6202532,1.6660337,28.145569,8.048101,398.6709,304.21286,99.313225,254.02599,130.54791,final,Yangon (North),0.2636363636363636,0.45454545454545453,0.4909090909090909
2022-12-11,2,1011952,MMR013D002,13.0,2.1538463,3.071795,44.769234,14.479487,398.6154,304.63077,88.62771,255.49559,130.35378,final,Yangon (East),0.2727272727272727,0.4303030303030303,0.4727272727272727
2022-12-11,2,1011954,MMR013D003,164.0,1.9512196,2.2821138,40.518295,13.36687,444.14023,341.70508,95.45606,247.82825,129.54533,final,Yangon (South),0.2606060606060606,0.43636363636363634,0.48484848484848486
2022-12-11,2,1011955,MMR013D004,3.0,2.3333333,3.211111,48.666664,15.677778,351.00003,273.12222,89.309875,259.53787,128.00128,final,Yangon (West),0.27575757575757576,0.4303030303030303,0.4666666666666667
2022-12-21,2,1011953,MMR013D001,158.0,1.6392405,1.7759494,9.335443,5.4675107,211.02531,200.86731,97.98244,136.9518,104.93425,final,Yangon (North),0.2727272727272727,0.3333333333333333,0.41818181818181815
2022-12-21,2,1011952,MMR013D002,13.0,2.0769231,3.1794872,9.769231,9.420513,228.84613,212.63846,86.52038,102.418205,107.44707,final,Yangon (East),0.2606060606060606,0.2818181818181818,0.4121212121212121
2022-12-21,2,1011954,MMR013D003,164.0,1.75,2.5910568,7.530488,7.8172765,246.89635,227.65366,88.920425,97.76249,108.27096,final,Yangon (South),0.21515151515151515,0.2545454545454545,0.4121212121212121
2022-12-21,2,1011955,MMR013D004,3.0,2.3333333,3.3555555,11.666666,9.922222,223.66664,197.98889,87.76595,111.69025,112.64983,final,Yangon (West),0.27575757575757576,0.28484848484848485,0.4121212121212121
2023-01-01,2,1011953,MMR013D001,158.0,1.0,1.164768,4.259494,4.520464,115.88608,134.7886,97.32726,97.25885,86.477776,final,Yangon (North),0.11515151515151516,0.1696969696969697,0.3575757575757576
2023-01-01,2,1011952,MMR013D002,13.0,1.0,1.0871795,5.230769,7.1641026,142.84615,149.81538,98.56781,84.10624,95.49835,final,Yangon (East),0.14545454545454545,0.18787878787878787,0.3515151515151515
2023-01-01,2,1011954,MMR013D003,164.0,1.0304878,1.2136179,4.7317076,5.9359756,138.96341,156.34552,97.052765,88.988014,89.226776,final,Yangon (South),0.10909090909090909,0.15757575757575756,0.3515151515151515
2023-01-01,2,1011955,MMR013D004,3.0,1.0,1.1,5.6666665,7.477778,145.66666,142.68889,98.36066,85.485306,102.01624,final,Yangon (West),0.14545454545454545,0.18787878787878787,0.3515151515151515
2023-01-11,2,1011953,MMR013D001,158.0,0.98734176,1.0799578,3.6265821,3.972152,81.29748,78.82806,98.4767,96.14842,102.945816,final,Yangon (North),0.08484848484848485,0.13636363636363635,0.32727272727272727
2023-01-11,2,1011952,MMR013D002,13.0,0.15384616,0.23589744,3.2307694,4.4076924,117.07693,89.597435,98.43291,87.489784,129.04887,final,Yangon (East),0.03333333333333333,0.12121212121212122,0.3333333333333333
2023-01-11,2,1011954,MMR013D003,164.0,0.4207317,0.5623984,3.2012196,4.3006096,115.43292,91.38638,97.45313,88.179375,124.948074,final,Yangon (South),0.012121212121212121,0.08484848484848485,0.3333333333333333
2023-01-11,2,1011955,MMR013D004,3.0,0.0,0.033333335,3.3333333,4.388889,125.0,87.3,99.33775,88.75739,140.84506,final,Yangon (West),0.05757575757575758,0.13333333333333333,0.3333333333333333
2023-01-21,2,1011953,MMR013D001,158.0,0.98734176,1.0831224,2.9746835,3.327848,52.689877,37.42173,98.42547,95.75923,135.99133,final,Yangon (North),0.08484848484848485,0.03939393939393939,0.3090909090909091
2023-01-21,2,1011952,MMR013D002,13.0,0.23076923,0.26666668,1.3846154,1.5897436,74.846146,50.55385,99.3184,96.88716,143.72748,final,Yangon (East),0.05757575757575758,0.06666666666666667,0.296969696969697
2023-01-21,2,1011954,MMR013D003,164.0,0.5609756,0.775,2.012195,2.5510163,71.77438,50.384758,96.29395,92.86426,138.62006,final,Yangon (South),0.030303030303030304,0.012121212121212121,0.30303030303030304
2023-01-21,2,1011955,MMR013D004,3.0,0.0,0.011111111,1.0,1.1444445,81.333336,50.944443,99.77827,97.649185,154.31978,final,Yangon (West),0.05757575757575758,0.07272727272727272,0.296969696969697
2023-02-01,2,1011953,MMR013D001,158.0,1.1772152,0.91518986,3.1518989,3.07827,51.468357,19.133121,104.429695,100.91145,233.98695,final,Yangon (North),0.20606060606060606,0.08484848484848485,0.30303030303030304
2023-02-01,2,1011952,MMR013D002,13.0,0.15384616,0.025641026,0.53846157,0.52820516,72.846146,27.458975,102.55102,100.18554,239.82933,final,Yangon (East),0.03333333333333333,0.012121212121212121,0.2909090909090909
2023-02-01,2,1011954,MMR013D003,164.0,1.1585366,0.75955284,2.140244,2.0969512,70.28049,27.237602,106.92734,100.610016,233.51764,final,Yangon (South),0.14242424242424243,0.024242424242424242,0.296969696969697
2023-02-01,2,1011955,MMR013D004,3.0,0.0,0.0,0.0,0.044444446,79.333336,28.244446,100.0,99.11894,253.67647,final,Yangon (West),0.05757575757575758,0.02727272727272727,0.2909090909090909
2023-02-11,2,1011953,MMR013D001,158.0,1.3227848,0.9263713,3.487342,2.9246836,35.25949,14.816245,106.68898,107.10007,203.16408,final,Yangon (North),0.23030303030303031,0.11515151515151516,0.2787878787878788
2023-02-11,2,1011952,MMR013D002,13.0,0.7692308,0.30512822,1.1538461,0.5974359,49.15385,19.561539,108.748184,109.940445,220.48233,final,Yangon (East),0.1,0.045454545454545456,0.23636363636363636
2023-02-11,2,1011954,MMR013D003,164.0,1.7195122,1.0912602,3.4390244,2.625813,47.158535,20.461788,110.31399,110.663925,204.85025,final,Yangon (South),0.20606060606060606,0.11515151515151516,0.2606060606060606
2023-02-11,2,1011955,MMR013D004,3.0,0.0,0.0,0.0,0.011111111,51.999996,20.122223,100.0,99.77827,226.89073,final,Yangon (West),0.05757575757575758,0.02727272727272727,0.22424242424242424
2023-02-21,2,1011953,MMR013D001,158.0,1.1265823,1.0044304,3.6265821,2.8459916,15.936708,11.368776,102.03436,109.948906,127.90637,final,Yangon (North),0.2,0.13636363636363635,0.10909090909090909
2023-02-21,2,1011952,MMR013D002,13.0,2.0,1.2333333,2.9230769,1.5641025,14.076922,12.051282,112.29947,120.70311,111.87971,final,Yangon (East),0.24848484848484848,0.10606060606060606,0.05454545454545454
2023-02-21,2,1011954,MMR013D003,164.0,1.75,1.3359756,4.628049,3.1867886,14.1707325,13.222358,106.53451,117.604706,105.20445,final,Yangon (South),0.21515151515151515,0.15151515151515152,0.024242424242424242
2023-02-21,2,1011955,MMR013D004,3.0,2.0,1.0666667,2.0,1.0666667,14.666666,11.655556,115.38461,115.38461,118.078705,final,Yangon (West),0.22727272727272727,0.1,0.06060606060606061
2023-03-01,2,1011953,MMR013D001,158.0,3.0886075,3.2405064,5.5379744,5.171308,12.949368,12.770042,98.156685,103.604904,101.00914,final,Yangon (North),0.38181818181818183,0.2545454545454545,0.06060606060606061
2023-03-01,2,1011952,MMR013D002,13.0,6.923077,7.6179485,9.692308,9.15641,15.461538,16.848719,94.49299,103.78555,93.65098,final,Yangon (East),0.40606060606060607,0.2696969696969697,0.06666666666666667
2023-03-01,2,1011954,MMR013D003,164.0,5.8292685,5.9426827,9.29878,8.369919,16.17073,16.402845,98.96356,106.947395,98.9155,final,Yangon (South),0.40606060606060607,0.3151515151515151,0.07272727272727272
2023-03-01,2,1011955,MMR013D004,3.0,8.666667,8.533334,10.666667,9.6,16.333334,17.122223,100.985214,107.30593,96.43395,final,Yangon (West),0.4212121212121212,0.2727272727272727,0.09393939393939393
2023-03-11,2,1011953,MMR013D001,158.0,9.341772,3.8149788,13.556962,8.059916,20.670887,14.956751,162.69775,142.09097,128.6326,final,Yangon (North),0.46060606060606063,0.3696969696969697,0.15757575757575756
2023-03-11,2,1011952,MMR013D002,13.0,22.307692,9.279488,31.230768,18.13077,35.615383,23.135897,191.2372,156.63449,144.35432,final,Yangon (East),0.4909090909090909,0.4,0.18181818181818182
2023-03-11,2,1011954,MMR013D003,164.0,15.914634,6.6727643,23.493902,13.951423,30.134146,20.877846,179.17467,150.3523,135.76921,final,Yangon (South),0.48484848484848486,0.3878787878787879,0.1696969696969697
2023-03-11,2,1011955,MMR013D004,3.0,25.666666,10.622222,36.333332,20.222223,39.666664,24.622223,196.30157,163.87665,150.78769,final,Yangon (West),0.49696969696969695,0.396969696969697,0.18787878787878787
2023-03-21,2,1011953,MMR013D001,158.0,3.7088609,5.514346,16.13924,12.569832,22.740507,18.743671,82.82836,120.31555,116.83327,final,Yangon (North),0.3878787878787879,0.4,0.19393939393939394
2023-03-21,2,1011952,MMR013D002,13.0,7.5384617,12.694872,36.76923,29.592308,41.07692,32.746155,70.8593,120.74716,122.0705,final,Yangon (East),0.4121212121212121,0.4121212121212121,0.19393939393939394
2023-03-21,2,1011954,MMR013D003,164.0,6.1890244,10.266666,27.932926,22.882114,34.57317,28.619919,73.29055,118.114876,117.70751,final,Yangon (South),0.4121212121212121,0.4121212121212121,0.2
2023-03-21,2,1011955,MMR013D004,3.0,8.666667,13.811111,43.0,32.966667,46.0,35.17778,72.65209,126.42668,126.93583,final,Yangon (West),0.4212121212121212,0.4121212121212121,0.2
2023-04-01,2,1011953,MMR013D001,158.0,0.15822785,0.46181434,13.20886,9.79114,21.898735,18.040718,94.44165,123.10654,116.74434,final,Yangon (North),0.006060606060606061,0.36363636363636365,0.17575757575757575
2023-04-01,2,1011952,MMR013D002,13.0,1.0769231,2.202564,30.923077,24.176924,41.153843,33.861538,84.37166,123.12154,118.76484,final,Yangon (East),0.1787878787878788,0.3939393939393939,0.2
2023-04-01,2,1011954,MMR013D003,164.0,0.58536583,1.1587398,22.689024,18.098171,34.128048,28.56504,90.69007,119.8754,116.57381,final,Yangon (South),0.04242424242424243,0.37575757575757573,0.18787878787878787
2023-04-01,2,1011955,MMR013D004,3.0,2.0,3.0777779,36.333332,27.51111,47.0,37.155556,86.65749,127.136024,123.35266,final,Yangon (West),0.22727272727272727,0.396969696969697,0.20606060606060606
2023-04-11,2,1011953,MMR013D001,158.0,0.5316456,1.5388186,4.3987346,7.514979,21.443037,18.499578,84.59703,75.09989,112.52558,final,Yangon (North),0.01818181818181818,0.18181818181818182,0.1696969696969697
2023-04-11,2,1011952,MMR013D002,13.0,1.0,4.1076922,9.615385,19.005129,41.999996,37.733334,65.87837,60.88443,109.98438,final,Yangon (East),0.14545454545454545,0.2606060606060606,0.20606060606060606
2023-04-11,2,1011954,MMR013D003,164.0,0.6768293,3.1349592,7.4512196,14.560366,34.384148,31.137602,69.783134,63.655354,108.98384,final,Yangon (South),0.05454545454545454,0.24848484848484848,0.19393939393939394
2023-04-11,2,1011955,MMR013D004,3.0,1.0,5.0,11.666667,21.88889,48.0,42.122223,60.000004,61.98347,112.47347,final,Yangon (West),0.14545454545454545,0.2909090909090909,0.21212121212121213
2023-04-21,2,1011953,MMR013D001,158.0,1.6202532,10.113713,2.3101268,12.114346,22.075947,27.530169,43.802956,42.713444,83.23335,final,Yangon (North),0.2636363636363636,0.006060606060606061,0.18787878787878787
2023-04-21,2,1011952,MMR013D002,13.0,2.0,16.407692,4.0769234,22.717949,43.76923,53.87436,32.69853,32.747456,82.83611,final,Yangon (East),0.24848484848484848,0.14545454545454545,0.21212121212121213
2023-04-21,2,1011954,MMR013D003,164.0,1.2378049,15.779879,2.5,20.073578,35.060978,46.14248,30.018484,29.911964,78.3321,final,Yangon (South),0.16666666666666666,0.04242424242424243,0.20606060606060606
2023-04-21,2,1011955,MMR013D004,3.0,2.0,16.033333,5.0,24.11111,50.0,58.144447,33.280506,34.351147,87.101875,final,Yangon (West),0.22727272727272727,0.1606060606060606,0.21818181818181817
2023-05-01,2,1011953,MMR013D001,158.0,9.518988,43.62215,11.670887,55.274685,30.41772,70.23713,29.860851,27.658192,47.074787,final,Yangon (North),0.4727272727272727,0.3515151515151515,0.24848484848484848
2023-05-01,2,1011952,MMR013D002,13.0,11.230769,54.2,14.230769,74.715385,54.846153,108.04872,27.41684,24.124289,52.938374,final,Yangon (East),0.43636363636363634,0.32727272727272727,0.2545454545454545
2023-05-01,2,1011954,MMR013D003,164.0,6.47561,56.502235,8.390244,75.417076,40.378044,101.88516,18.65885,16.650995,42.454952,final,Yangon (South),0.42424242424242425,0.2787878787878788,0.22424242424242424
2023-05-01,2,1011955,MMR013D004,3.0,10.666667,45.68889,13.666667,66.72222,60.666668,103.833336,30.907497,26.026339,60.33691,final,Yangon (West),0.4303030303030303,0.3090909090909091,0.2606060606060606
2023-05-11,2,1011953,MMR013D001,158.0,77.322784,76.12764,88.46203,129.8635,106.417725,145.4384,101.47317,69.30121,74.06203,final,Yangon (North),0.5878787878787879,0.5151515151515151,0.3515151515151515
2023-05-11,2,1011952,MMR013D002,13.0,81.76923,95.03846,95.0,165.64615,135.84616,202.78204,86.73588,58.600796,67.78553,final,Yangon (East),0.593939393939394,0.509090909090909,0.34545454545454546
2023-05-11,2,1011954,MMR013D003,164.0,68.518295,101.97988,76.23171,174.262,107.176834,202.77377,68.72161,45.31452,53.989895,final,Yangon (South),0.5636363636363636,0.49696969696969695,0.32727272727272727
2023-05-11,2,1011955,MMR013D004,3.0,72.333336,83.37778,85.0,145.1,133.0,187.2111,87.50314,59.960026,71.79606,final,Yangon (West),0.593939393939394,0.503030303030303,0.34545454545454546
2023-05-21,2,1011953,MMR013D001,158.0,42.189873,98.587555,129.03165,218.33734,147.48102,243.02151,45.555542,60.013092,61.47895,final,Yangon (North),0.5515151515151515,0.5272727272727272,0.38181818181818183
2023-05-21,2,1011952,MMR013D002,13.0,67.23077,120.95898,160.23077,270.19745,201.07693,322.5077,57.344673,60.04081,62.922775,final,Yangon (East),0.5636363636363636,0.5393939393939394,0.3939393939393939
2023-05-21,2,1011954,MMR013D003,164.0,79.75,121.26484,154.7439,279.74695,185.17683,322.70264,67.12083,56.100304,58.03335,final,Yangon (South),0.5818181818181818,0.5393939393939394,0.3878787878787879
2023-05-21,2,1011955,MMR013D004,3.0,60.0,108.18889,143.0,237.25555,191.0,294.33334,57.426132,61.092506,65.478836,final,Yangon (West),0.5666666666666667,0.5272727272727272,0.3878787878787879
2023-06-01,2,1011953,MMR013D001,158.0,127.96835,182.21013,247.48102,356.92532,272.36075,421.99115,71.02626,69.76053,64.95702,final,Yangon (North),0.6848484848484848,0.5878787878787879,0.43636363636363634
2023-06-01,2,1011952,MMR013D002,13.0,202.46153,185.76666,351.46155,401.7641,396.61536,500.6564,108.751465,87.633484,79.42455,final,Yangon (East),0.8787878787878788,0.6606060606060606,0.4666666666666667
2023-06-01,2,1011954,MMR013D003,164.0,164.71951,166.28638,312.9878,389.5311,344.06708,483.04633,99.085236,80.598915,71.52335,final,Yangon (South),0.7575757575757576,0.6060606060606061,0.4484848484848485
2023-06-01,2,1011955,MMR013D004,3.0,193.0,175.57777,325.33334,367.14444,375.33334,461.37778,109.64805,88.764824,81.55048,final,Yangon (West),0.896969696969697,0.6606060606060606,0.4727272727272727
2023-06-11,2,1011953,MMR013D001,158.0,248.2152,214.4652,418.3734,495.26288,511.2342,632.64136,115.378296,84.63019,80.95996,final,Yangon (North),0.9515151515151515,0.7272727272727273,0.5393939393939394
2023-06-11,2,1011952,MMR013D002,13.0,298.0,221.46666,567.69226,528.1923,672.3077,712.84357,133.79454,107.4082,94.3531,final,Yangon (East),0.9878787878787879,0.8545454545454545,0.5515151515151515
2023-06-11,2,1011954,MMR013D003,164.0,286.22562,204.45143,530.6951,492.00266,614.37805,680.825,139.04208,107.785164,90.311386,final,Yangon (South),0.9454545454545454,0.7757575757575758,0.5393939393939394
2023-06-11,2,1011955,MMR013D004,3.0,297.33334,215.12222,550.3334,498.8889,647.0,665.87775,137.34793,110.20949,97.18611,final,Yangon (West),0.9878787878787879,0.896969696969697,0.5636363636363636
2023-06-21,2,1011953,MMR013D001,158.0,222.85443,189.2365,599.03796,585.9118,730.37976,816.3635,117.30773,102.22134,89.531586,final,Yangon (North),0.9151515151515152,0.9030303030303031,0.593939393939394
2023-06-21,2,1011952,MMR013D002,13.0,251.15384,201.70256,751.61536,608.9359,915.9231,901.85126,123.92389,123.24013,101.55173,final,Yangon (East),0.9393939393939394,0.9757575757575757,0.6363636363636364
2023-06-21,2,1011954,MMR013D003,164.0,212.95122,196.03252,663.89636,566.7703,821.14026,866.5909,108.4159,116.98689,94.785324,final,Yangon (South),0.8909090909090909,0.8909090909090909,0.6181818181818182
2023-06-21,2,1011955,MMR013D004,3.0,241.0,188.46666,731.3334,579.1667,879.3334,840.5333,127.153694,126.04851,104.58883,final,Yangon (West),0.9575757575757575,0.9939393939393939,0.6545454545454545
2023-07-01,2,1011953,MMR013D001,158.0,150.05063,201.9154,621.12024,605.61707,880.2721,1017.81714,74.93431,102.53893,86.55234,final,Yangon (North),0.7757575757575758,0.9212121212121213,0.6303030303030303
2023-07-01,2,1011952,MMR013D002,13.0,137.15384,185.98206,686.3076,609.1513,1052.0,1085.6307,74.43309,112.56307,96.9164,final,Yangon (East),0.7090909090909091,0.9515151515151515,0.6909090909090909
2023-07-01,2,1011954,MMR013D003,164.0,172.9939,211.5815,672.1707,612.0654,993.54877,1077.0137,82.183334,109.74051,92.28615,final,Yangon (South),0.7757575757575758,0.896969696969697,0.6545454545454545
2023-07-01,2,1011955,MMR013D004,3.0,129.33333,165.17778,667.6667,568.76666,1006.6667,1002.6333,78.93706,117.23697,100.40028,final,Yangon (West),0.7424242424242424,0.9818181818181818,0.696969696969697
2023-07-11,2,1011953,MMR013D001,158.0,180.37341,193.29642,553.27844,584.4483,1060.1139,1209.5747,93.48299,94.71203,87.69439,final,Yangon (North),0.8303030303030303,0.8545454545454545,0.696969696969697
2023-07-11,2,1011952,MMR013D002,13.0,179.23077,167.05385,567.53845,554.73846,1230.2307,1248.5769,107.07739,102.28678,98.53649,final,Yangon (East),0.8363636363636363,0.8484848484848485,0.7393939393939394
2023-07-11,2,1011954,MMR013D003,164.0,206.42073,216.8437,592.36584,624.4577,1199.2927,1290.7224,95.30166,94.901665,92.943726,final,Yangon (South),0.8787878787878788,0.8545454545454545,0.7090909090909091
2023-07-11,2,1011955,MMR013D004,3.0,157.33333,148.2,527.6666,501.84445,1163.0,1145.8334,105.9617,105.094696,101.49167,final,Yangon (West),0.8181818181818182,0.8727272727272727,0.7636363636363637
2023-07-21,2,1011953,MMR013D001,158.0,283.6076,251.01857,614.0316,646.2304,1342.1013,1450.4795,112.72918,95.0557,92.55378,final,Yangon (North),0.9818181818181818,0.9090909090909091,0.793939393939394
2023-07-21,2,1011952,MMR013D002,13.0,292.69232,242.47949,609.0769,595.5154,1520.9231,1474.6487,120.289696,102.258316,103.127396,final,Yangon (East),0.9818181818181818,0.896969696969697,0.8303030303030303
2023-07-21,2,1011954,MMR013D003,164.0,351.5061,304.30408,730.9207,732.72925,1549.561,1579.2466,115.26072,99.75485,98.126205,final,Yangon (South),0.9757575757575757,0.9454545454545454,0.793939393939394
2023-07-21,2,1011955,MMR013D004,3.0,252.0,213.06667,538.6666,526.44446,1413.0,1342.8667,117.85387,102.2998,105.203285,final,Yangon (West),0.9818181818181818,0.8787878787878788,0.8727272727272727
2023-08-01,2,1011953,MMR013D001,158.0,305.4557,193.56561,769.4367,637.8806,1638.038,1600.423,156.34917,120.46354,102.343,final,Yangon (North),0.9878787878787879,0.9878787878787879,0.9030303030303031
2023-08-01,2,1011952,MMR013D002,13.0,292.6154,210.01794,764.53845,619.5513,1802.3077,1630.4667,138.4142,123.214615,110.50716,final,Yangon (East),0.9757575757575757,0.9878787878787879,0.9393939393939394
2023-08-01,2,1011954,MMR013D003,164.0,361.0366,266.94046,918.9634,788.0882,1904.122,1789.6848,134.60173,116.501976,106.37644,final,Yangon (South),0.9818181818181818,0.9878787878787879,0.9151515151515152
2023-08-01,2,1011955,MMR013D004,3.0,249.0,188.15555,658.3333,549.42224,1651.3334,1485.3334,131.50023,119.64407,111.13845,final,Yangon (West),0.9757575757575757,0.9757575757575757,0.9575757575757575
2023-08-11,2,1011953,MMR013D001,158.0,116.73418,163.61603,705.7975,608.2002,1677.4493,1687.9114,72.19609,115.91606,99.382,final,Yangon (North),0.6545454545454545,0.9636363636363636,0.9151515151515152
2023-08-11,2,1011952,MMR013D002,13.0,107.84615,177.63077,693.1539,630.1282,1828.3846,1713.059,61.789234,109.9233,106.712555,final,Yangon (East),0.6363636363636364,0.9575757575757575,0.9575757575757575
2023-08-11,2,1011954,MMR013D003,164.0,124.51219,223.20346,837.05493,794.44794,1960.116,1910.9083,56.75295,105.32955,102.568375,final,Yangon (South),0.6666666666666666,0.9575757575757575,0.9333333333333333
2023-08-11,2,1011955,MMR013D004,3.0,95.333336,161.58888,596.3333,562.8111,1674.3334,1563.5444,60.22811,105.903755,107.06317,final,Yangon (West),0.6303030303030303,0.9393939393939394,0.9757575757575757
2023-08-21,2,1011953,MMR013D001,158.0,114.06962,172.65485,536.2595,529.8365,1749.329,1761.9788,67.023,101.200935,99.2841,final,Yangon (North),0.6424242424242425,0.8303030303030303,0.9515151515151515
2023-08-21,2,1011952,MMR013D002,13.0,118.15385,184.24103,518.6154,571.8898,1879.3077,1776.3411,65.077774,90.76524,105.78029,final,Yangon (East),0.6545454545454545,0.8121212121212121,0.9757575757575757
2023-08-21,2,1011954,MMR013D003,164.0,136.12805,228.99147,621.6768,719.1354,2016.494,2018.6349,60.31333,86.54139,99.89421,final,Yangon (South),0.7090909090909091,0.8787878787878788,0.9636363636363636
2023-08-21,2,1011955,MMR013D004,3.0,106.0,162.01111,450.33334,511.75555,1720.3334,1617.3667,66.46265,88.11388,106.34669,final,Yangon (West),0.6454545454545455,0.806060606060606,0.9818181818181818
2023-09-01,2,1011953,MMR013D001,158.0,97.3481,122.24283,328.15192,458.5137,1718.7089,1702.0114,80.43526,71.87531,100.97817,final,Yangon (North),0.6060606060606061,0.6303030303030303,0.9333333333333333
2023-09-01,2,1011952,MMR013D002,13.0,96.38461,119.96923,322.3846,481.84103,1773.2307,1710.5436,81.12766,67.24672,103.65406,final,Yangon (East),0.6242424242424243,0.6181818181818182,0.9333333333333333
2023-09-01,2,1011954,MMR013D003,164.0,124.93293,148.67256,385.57318,600.8675,1976.7074,2001.0211,84.5518,64.46512,98.787964,final,Yangon (South),0.6727272727272727,0.6545454545454545,0.9515151515151515
2023-09-01,2,1011955,MMR013D004,3.0,95.0,103.35555,296.33334,426.95554,1622.3334,1545.1444,92.288765,69.76027,104.97947,final,Yangon (West),0.6242424242424243,0.6363636363636364,0.9454545454545454
2023-09-11,2,1011953,MMR013D001,158.0,177.81012,127.03207,389.22784,421.92975,1648.3037,1614.5782,138.45888,92.34021,102.08236,final,Yangon (North),0.8242424242424242,0.6909090909090909,0.9090909090909091
2023-09-11,2,1011952,MMR013D002,13.0,182.0,113.1641,396.53845,417.37436,1657.2308,1602.2411,158.25449,95.066956,103.42138,final,Yangon (East),0.8424242424242424,0.6848484848484848,0.9030303030303031
2023-09-11,2,1011954,MMR013D003,164.0,205.57317,139.45508,466.63416,517.1191,1896.0549,1936.0248,145.77069,90.330765,97.94079,final,Yangon (South),0.8727272727272727,0.7151515151515152,0.9030303030303031
2023-09-11,2,1011955,MMR013D004,3.0,153.33333,94.32222,354.3333,359.68887,1478.3334,1424.3445,159.4138,98.53147,103.77718,final,Yangon (West),0.8121212121212121,0.6909090909090909,0.9030303030303031
2023-09-21,2,1011953,MMR013D001,158.0,131.85443,105.12152,407.01263,354.39642,1557.3037,1530.4633,124.275826,114.64017,101.74804,final,Yangon (North),0.703030303030303,0.703030303030303,0.8606060606060606
2023-09-21,2,1011952,MMR013D002,13.0,147.3077,95.1718,425.69232,328.3051,1553.3846,1495.7102,152.04648,129.21864,103.84314,final,Yangon (East),0.7454545454545455,0.7212121212121212,0.8424242424242424
2023-09-21,2,1011954,MMR013D003,164.0,180.0061,116.64248,510.5122,404.7701,1863.1097,1856.6348,152.09004,125.80522,100.34782,final,Yangon (South),0.8,0.7575757575757576,0.8787878787878788
2023-09-21,2,1011955,MMR013D004,3.0,134.0,78.48889,382.3333,276.16666,1371.3334,1314.3667,166.48923,137.75932,104.317726,final,Yangon (West),0.7818181818181819,0.7212121212121212,0.8424242424242424
2023-10-01,2,1011953,MMR013D001,158.0,180.43037,69.9249,490.0949,302.0785,1587.6836,1398.4728,247.48833,161.22748,113.48161,final,Yangon (North),0.8363636363636363,0.7878787878787878,0.8787878787878788
2023-10-01,2,1011952,MMR013D002,13.0,172.3077,67.43077,501.61536,275.76666,1588.5386,1377.1589,244.79608,180.44,115.29344,final,Yangon (East),0.8121212121212121,0.806060606060606,0.8727272727272727
2023-10-01,2,1011954,MMR013D003,164.0,198.14024,75.40203,583.71954,331.4996,1888.2561,1720.4553,252.65561,174.95401,109.72501,final,Yangon (South),0.8545454545454545,0.8363636363636363,0.896969696969697
2023-10-01,2,1011955,MMR013D004,3.0,159.66667,59.68889,447.0,232.5,1401.6666,1208.8778,254.55173,190.3158,115.882065,final,Yangon (West),0.8303030303030303,0.793939393939394,0.8606060606060606
2023-10-11,2,1011953,MMR013D001,158.0,32.85443,52.260548,345.13922,227.30696,1440.1648,1257.4369,66.1091,150.72266,114.47423,final,Yangon (North),0.5333333333333333,0.6545454545454545,0.8303030303030303
2023-10-11,2,1011952,MMR013D002,13.0,30.846153,55.51282,350.46155,218.11539,1440.154,1265.6179,59.23729,159.31737,113.73632,final,Yangon (East),0.5212121212121212,0.6545454545454545,0.8181818181818182
2023-10-11,2,1011954,MMR013D003,164.0,37.02439,61.436584,415.17075,253.4811,1718.8599,1565.0481,63.254894,162.55377,109.79663,final,Yangon (South),0.5333333333333333,0.6848484848484848,0.8242424242424242
2023-10-11,2,1011955,MMR013D004,3.0,33.0,50.8,326.6667,188.97778,1277.3333,1111.4778,68.10036,170.98178,114.85524,final,Yangon (West),0.5151515151515151,0.6666666666666666,0.8181818181818182
2023-10-21,2,1011953,MMR013D001,158.0,137.0,44.842194,350.2848,167.02763,1293.5569,1051.2605,284.8992,206.52774,122.93907,final,Yangon (North),0.7333333333333333,0.6666666666666666,0.7696969696969697
2023-10-21,2,1011952,MMR013D002,13.0,140.61539,41.489742,343.76923,164.43333,1288.0769,1064.6282,313.22046,205.84453,120.89032,final,Yangon (East),0.7272727272727273,0.6484848484848484,0.7636363636363637
2023-10-21,2,1011954,MMR013D003,164.0,113.18293,43.748577,348.34756,180.58719,1480.5366,1304.4927,242.4336,190.39438,113.44367,final,Yangon (South),0.6424242424242425,0.6363636363636364,0.7757575757575758
2023-10-21,2,1011955,MMR013D004,3.0,122.333336,38.366665,315.0,148.85556,1147.6667,936.7778,293.6203,207.98729,122.39264,final,Yangon (West),0.703030303030303,0.6515151515151515,0.7515151515151515
2023-11-01,2,1011953,MMR013D001,158.0,3.8164556,19.307594,173.67088,116.41034,991.9177,877.0025,36.27038,147.16281,113.02889,final,Yangon (North),0.3939393939393939,0.5575757575757576,0.6848484848484848
2023-11-01,2,1011952,MMR013D002,13.0,5.3846154,23.120512,176.84616,120.12308,1000.8462,877.7308,36.92897,145.33383,113.947105,final,Yangon (East),0.37575757575757573,0.5575757575757576,0.6787878787878788
2023-11-01,2,1011954,MMR013D003,164.0,8.262196,24.031708,158.46951,129.21687,1127.7623,1061.584,45.681763,121.79506,106.2047,final,Yangon (South),0.44242424242424244,0.5454545454545454,0.6848484848484848
2023-11-01,2,1011955,MMR013D004,3.0,5.3333335,22.711111,160.66667,111.87778,904.0,771.3333,37.289497,141.74352,117.088875,final,Yangon (West),0.3696969696969697,0.5515151515151515,0.6787878787878788
2023-11-11,2,1011953,MMR013D001,158.0,9.71519,4.708017,150.53165,68.8578,884.89874,718.0945,151.57771,210.58255,123.068115,final,Yangon (North),0.47878787878787876,0.5393939393939394,0.6424242424242425
2023-11-11,2,1011952,MMR013D002,13.0,15.615385,7.425641,161.61539,72.0359,908.61536,707.52563,165.91003,216.28279,128.2221,final,Yangon (East),0.4636363636363636,0.5454545454545454,0.6303030303030303
2023-11-11,2,1011954,MMR013D003,164.0,15.847561,7.0768294,137.2927,74.85712,1019.0976,845.45734,172.62445,178.18411,120.41728,final,Yangon (South),0.47878787878787876,0.5212121212121212,0.6606060606060606
2023-11-11,2,1011955,MMR013D004,3.0,15.666667,7.388889,143.33334,68.46667,824.3333,617.13336,166.81615,201.90564,133.30475,final,Yangon (West),0.4666666666666667,0.5393939393939394,0.6303030303030303
2023-11-21,2,1011953,MMR013D001,158.0,1.0316455,4.35654,14.563292,28.372152,771.8607,549.7962,64.464485,58.621605,140.02632,final,Yangon (North),0.14545454545454545,0.3939393939393939,0.6242424242424243
2023-11-21,2,1011952,MMR013D002,13.0,1.0,8.2384615,22.0,38.784615,791.46155,531.5231,45.322487,61.6655,148.4487,final,Yangon (East),0.14545454545454545,0.3696969696969697,0.6121212121212121
2023-11-21,2,1011954,MMR013D003,164.0,1.1585366,8.140651,25.268293,39.249187,884.12805,624.6065,46.8663,68.40418,141.21964,final,Yangon (South),0.14242424242424243,0.3939393939393939,0.6303030303030303
2023-11-21,2,1011955,MMR013D004,3.0,1.0,9.111111,22.0,39.211113,719.3333,464.23334,42.519684,61.07062,154.36526,final,Yangon (West),0.14545454545454545,0.36363636363636365,0.6
2023-12-01,2,1011953,MMR013D001,158.0,6.107595,2.0255275,16.854431,11.090084,680.62024,429.57892,158.10336,135.82547,157.76657,final,Yangon (North),0.43636363636363634,0.40606060606060607,0.5696969696969697
2023-12-01,2,1011952,MMR013D002,13.0,8.076923,3.1692307,24.692308,18.833334,703.1538,414.72308,160.07535,124.583115,168.7193,final,Yangon (East),0.41818181818181815,0.37575757575757573,0.5757575757575758
2023-12-01,2,1011954,MMR013D003,164.0,4.9085364,2.9441056,21.914635,18.161585,764.10364,478.87805,124.728165,116.20377,158.94577,final,Yangon (South),0.3878787878787879,0.3696969696969697,0.5878787878787879
2023-12-01,2,1011955,MMR013D004,3.0,8.0,3.3555555,24.666668,19.855556,632.3333,364.23334,155.58511,119.356285,172.6099,final,Yangon (West),0.4121212121212121,0.37575757575757573,0.5575757575757576
2023-12-11,2,1011953,MMR013D001,158.0,1.7405063,1.6660337,8.879746,8.048101,504.55063,304.21286,101.117195,106.37369,164.7896,final,Yangon (North),0.2909090909090909,0.3212121212121212,0.5212121212121212
2023-12-11,2,1011952,MMR013D002,13.0,2.5384614,3.071795,11.615385,14.479487,523.69226,304.63077,93.39263,85.29683,170.74927,final,Yangon (East),0.296969696969697,0.296969696969697,0.509090909090909
2023-12-11,2,1011954,MMR013D003,164.0,2.109756,2.2821138,8.176828,13.36687,560.6402,341.70508,97.63313,71.74237,163.14737,final,Yangon (South),0.2727272727272727,0.2727272727272727,0.5212121212121212
2023-12-11,2,1011955,MMR013D004,3.0,3.0,3.211111,12.0,15.677778,482.00003,273.12222,97.42896,82.21386,175.10287,final,Yangon (West),0.29393939393939394,0.296969696969697,0.509090909090909
2023-12-21,2,1011953,MMR013D001,158.0,1.8164557,1.7759494,9.6645565,5.4675107,374.51266,200.86731,100.5978,140.09593,184.34819,final,Yangon (North),0.3090909090909091,0.3393939393939394,0.47878787878787876
2023-12-21,2,1011952,MMR013D002,13.0,2.6153846,3.1794872,13.23077,9.420513,379.0,212.63846,93.10345,126.42248,176.4394,final,Yangon (East),0.30303030303030304,0.3212121212121212,0.46060606060606063
2023-12-21,2,1011954,MMR013D003,164.0,2.195122,2.5910568,9.213414,7.8172765,382.82928,227.65366,94.78419,110.89263,166.69812,final,Yangon (South),0.28484848484848485,0.3090909090909091,0.4666666666666667
2023-12-21,2,1011955,MMR013D004,3.0,3.0,3.3555555,14.0,9.922222,351.0,197.98889,95.74468,127.32688,175.37904,final,Yangon (West),0.29393939393939394,0.3151515151515151,0.46060606060606063
2024-01-01,2,1011953,MMR013D001,158.0,1.0,1.164768,4.556962,4.520464,195.08228,134.7886,97.32726,100.38336,143.13203,final,Yangon (North),0.11515151515151516,0.20606060606060606,0.40606060606060607
2024-01-01,2,1011952,MMR013D002,13.0,1.0,1.0871795,6.153846,7.1641026,207.69232,149.81538,98.56781,91.69477,137.38449,final,Yangon (East),0.14545454545454545,0.21212121212121213,0.40606060606060607
2024-01-01,2,1011954,MMR013D003,164.0,1.1829268,1.2136179,5.487805,5.9359756,185.87196,156.34552,99.506065,95.901855,118.300125,final,Yangon (South),0.15757575757575756,0.2,0.3939393939393939
2024-01-01,2,1011955,MMR013D004,3.0,1.0,1.1,7.0,7.477778,192.33334,142.68889,98.36066,96.170975,133.61421,final,Yangon (West),0.14545454545454545,0.21818181818181817,0.3939393939393939
2024-01-11,2,1011953,MMR013D001,158.0,1.0189873,1.0799578,3.835443,3.972152,163.24683,78.82806,98.997185,98.4763,200.70467,final,Yangon (North),0.13636363636363635,0.16363636363636364,0.3878787878787879
2024-01-11,2,1011952,MMR013D002,13.0,0.30769232,0.23589744,3.9230769,4.4076924,177.15385,89.597435,101.37121,94.84873,192.55687,final,Yangon (East),0.07575757575757576,0.1393939393939394,0.38181818181818183
2024-01-11,2,1011954,MMR013D003,164.0,0.7987805,0.5623984,4.1768293,4.3006096,149.64636,91.38638,104.24964,98.66912,160.4442,final,Yangon (South),0.06060606060606061,0.12727272727272726,0.3696969696969697
2024-01-11,2,1011955,MMR013D004,3.0,0.0,0.033333335,4.0,4.388889,159.33334,87.3,99.33775,95.85799,178.04262,final,Yangon (West),0.05757575757575758,0.14545454545454545,0.37575757575757573
2024-01-21,2,1011953,MMR013D001,158.0,1.107595,1.0831224,3.1265821,3.327848,27.354433,37.42173,100.402306,97.58321,76.26854,final,Yangon (North),0.19393939393939394,0.07878787878787878,0.23636363636363636
2024-01-21,2,1011952,MMR013D002,13.0,0.53846157,0.26666668,1.8461539,1.5897436,37.07692,50.55385,105.16067,103.89105,75.74078,final,Yangon (East),0.08484848484848485,0.08484848484848485,0.18787878787878787
2024-01-21,2,1011954,MMR013D003,164.0,1.3231708,0.775,3.3048782,2.5510163,37.786587,50.384758,109.492134,109.98359,77.25336,final,Yangon (South),0.18787878787878787,0.09696969696969697,0.21818181818181817
2024-01-21,2,1011955,MMR013D004,3.0,0.0,0.011111111,1.0,1.1444445,37.0,50.944443,99.77827,97.649185,75.07448,final,Yangon (West),0.05757575757575758,0.07272727272727272,0.17575757575757575
2024-02-01,2,1011953,MMR013D001,158.0,0.886076,0.91518986,3.012658,3.07827,24.424053,19.133121,99.50781,99.1878,121.92395,final,Yangon (North),0.04242424242424243,0.048484848484848485,0.2
2024-02-01,2,1011952,MMR013D002,13.0,0.0,0.025641026,0.84615386,0.52820516,31.692308,27.458975,99.4898,105.751396,113.04209,final,Yangon (East),0.012121212121212121,0.030303030303030304,0.1696969696969697
2024-02-01,2,1011954,MMR013D003,164.0,0.6097561,0.75955284,2.7317076,2.0969512,30.134148,27.237602,97.399155,108.94407,108.98499,final,Yangon (South),0.048484848484848485,0.05454545454545454,0.17575757575757575
2024-02-01,2,1011955,MMR013D004,3.0,0.0,0.0,0.0,0.044444446,31.666668,28.244446,100.0,99.11894,110.29411,final,Yangon (West),0.05757575757575758,0.02727272727272727,0.1696969696969697
2024-02-11,2,1011953,MMR013D001,158.0,0.9050633,0.9263713,2.898734,2.9246836,15.613924,14.816245,99.64045,99.67255,104.025375,final,Yangon (North),0.048484848484848485,0.024242424242424242,0.10303030303030303
2024-02-11,2,1011952,MMR013D002,13.0,0.23076923,0.30512822,0.7692308,0.5974359,16.307693,19.561539,98.59836,103.069176,86.75227,final,Yangon (East),0.05757575757575758,0.024242424242424242,0.09393939393939393
2024-02-11,2,1011954,MMR013D003,164.0,0.9268293,1.0912602,2.8597562,2.625813,15.213414,20.461788,97.300545,103.06778,79.387245,final,Yangon (South),0.08484848484848485,0.06666666666666667,0.03636363636363636
2024-02-11,2,1011955,MMR013D004,3.0,0.0,0.0,0.0,0.011111111,16.0,20.122223,100.0,99.77827,83.59133,final,Yangon (West),0.05757575757575758,0.02727272727272727,0.08181818181818182
2024-02-21,2,1011953,MMR013D001,158.0,0.98734176,1.0044304,2.778481,2.8459916,15.569621,11.368776,99.71541,99.13956,125.66377,final,Yangon (North),0.08484848484848485,0.01818181818181818,0.09090909090909091
2024-02-21,2,1011952,MMR013D002,13.0,1.0,1.2333333,1.2307693,1.5641025,16.307693,12.051282,96.256676,94.921875,124.962425,final,Yangon (East),0.14545454545454545,0.05757575757575758,0.09393939393939393
2024-02-21,2,1011954,MMR013D003,164.0,1.1341463,1.3359756,2.6707315,3.1867886,15.189025,13.222358,96.81455,93.696465,110.7926,final,Yangon (South),0.13333333333333333,0.048484848484848485,0.030303030303030304
2024-02-21,2,1011955,MMR013D004,3.0,1.0,1.0666667,1.0,1.0666667,16.0,11.655556,98.9011,98.9011,126.08405,final,Yangon (West),0.14545454545454545,0.07272727272727272,0.08181818181818182
2024-03-01,2,1011953,MMR013D001,158.0,1.7531645,3.2405064,3.6455696,5.171308,11.21519,12.770042,81.95084,84.99959,91.25015,final,Yangon (North),0.296969696969697,0.15151515151515152,0.04242424242424243
2024-03-01,2,1011952,MMR013D002,13.0,4.5384617,7.6179485,5.769231,9.15641,12.769231,16.848719,75.5944,76.07317,81.328476,final,Yangon (East),0.36363636363636365,0.20606060606060606,0.024242424242424242
2024-03-01,2,1011954,MMR013D003,164.0,5.097561,5.9426827,7.1585364,8.369919,15.378049,16.402845,92.27683,90.9395,95.21186,final,Yangon (South),0.4,0.23030303030303031,0.04242424242424243
2024-03-01,2,1011955,MMR013D004,3.0,5.3333335,8.533334,6.3333335,9.6,13.333334,17.122223,76.35468,77.62557,82.872925,final,Yangon (West),0.3696969696969697,0.21212121212121213,0.03636363636363636
2024-03-11,2,1011953,MMR013D001,158.0,1.664557,3.8149788,4.405063,8.059916,11.13924,14.956751,75.60492,72.01474,80.87108,final,Yangon (North),0.28484848484848485,0.18787878787878787,0.03636363636363636
2024-03-11,2,1011952,MMR013D002,13.0,3.8461537,9.279488,9.384615,18.13077,14.076923,23.135897,61.950077,62.188225,67.802795,final,Yangon (East),0.3424242424242424,0.2545454545454545,0.06060606060606061
2024-03-11,2,1011954,MMR013D003,164.0,2.9268293,6.6727643,9.158537,13.951423,16.195122,20.877846,67.90877,74.709625,81.90451,final,Yangon (South),0.3333333333333333,0.30303030303030304,0.07878787878787878
2024-03-11,2,1011955,MMR013D004,3.0,4.0,10.622222,10.333334,20.222223,14.333334,24.622223,57.610245,60.792953,65.26632,final,Yangon (West),0.3333333333333333,0.2606060606060606,0.05454545454545454
2024-03-21,2,1011953,MMR013D001,158.0,2.2088609,5.514346,5.626582,12.569832,11.531645,18.743671,68.56214,60.48198,69.62548,final,Yangon (North),0.3393939393939394,0.26666666666666666,0.05454545454545454
2024-03-21,2,1011952,MMR013D002,13.0,4.3076925,12.694872,12.692307,29.592308,15.769231,32.746155,52.601074,51.145203,55.02343,final,Yangon (East),0.3575757575757576,0.31212121212121213,0.07272727272727272
2024-03-21,2,1011954,MMR013D003,164.0,3.554878,10.266666,11.579268,22.882114,17.554878,28.619919,56.036324,59.46202,67.087845,final,Yangon (South),0.3515151515151515,0.3212121212121212,0.10606060606060606
2024-03-21,2,1011955,MMR013D004,3.0,5.0,13.811111,14.333334,32.966667,16.333334,35.17778,53.160072,50.921864,53.097343,final,Yangon (West),0.3575757575757576,0.3212121212121212,0.09393939393939393
2024-04-01,2,1011953,MMR013D001,158.0,0.53797466,0.46181434,4.4113927,9.79114,11.069619,18.040718,101.39442,63.62858,69.74443,final,Yangon (North),0.024242424242424242,0.19393939393939394,0.024242424242424242
2024-04-01,2,1011952,MMR013D002,13.0,2.3076923,2.202564,10.461539,24.176924,17.076923,33.861538,101.459595,52.992355,56.80919,final,Yangon (East),0.2878787878787879,0.2909090909090909,0.10303030303030303
2024-04-01,2,1011954,MMR013D003,164.0,0.8414634,1.1587398,7.323171,18.098171,17.213413,28.56504,94.84835,53.351288,66.18021,final,Yangon (South),0.07575757575757576,0.24242424242424243,0.09090909090909091
2024-04-01,2,1011955,MMR013D004,3.0,3.3333333,3.0777779,12.333333,27.51111,18.666668,37.155556,103.16368,53.31511,56.14128,final,Yangon (West),0.3151515151515151,0.30303030303030304,0.10303030303030303
2024-04-11,2,1011953,MMR013D001,158.0,0.87974685,1.5388186,3.6265824,7.514979,10.930379,18.499578,89.92063,68.93006,67.79006,final,Yangon (North),0.03636363636363636,0.14545454545454545,0.01818181818181818
2024-04-11,2,1011952,MMR013D002,13.0,1.5384616,4.1076922,8.153847,19.005129,18.307693,37.733334,71.79054,54.795986,54.542183,final,Yangon (East),0.20606060606060606,0.24242424242424243,0.10909090909090909
2024-04-11,2,1011954,MMR013D003,164.0,1.0731708,3.1349592,5.469512,14.560366,17.487806,31.137602,74.655205,53.524113,62.228275,final,Yangon (South),0.12121212121212122,0.18787878787878787,0.09696969696969697
2024-04-11,2,1011955,MMR013D004,3.0,2.0,5.0,10.333333,21.88889,20.666668,42.122223,70.0,57.024788,54.468285,final,Yangon (West),0.22727272727272727,0.2545454545454545,0.11515151515151516
2024-04-21,2,1011953,MMR013D001,158.0,1.2974683,10.113713,2.71519,12.114346,11.120253,27.530169,41.667248,45.08025,49.55478,final,Yangon (North),0.22424242424242424,0.012121212121212121,0.030303030303030304
2024-04-21,2,1011952,MMR013D002,13.0,1.0,16.407692,4.8461537,22.717949,18.769232,53.87436,28.027308,35.52266,40.372807,final,Yangon (East),0.14545454545454545,0.17272727272727273,0.11515151515151516
2024-04-21,2,1011954,MMR013D003,164.0,1.0060976,15.779879,2.9207318,20.073578,17.170732,46.14248,28.90343,31.589952,43.350914,final,Yangon (South),0.09090909090909091,0.07878787878787878,0.08484848484848485
2024-04-21,2,1011955,MMR013D004,3.0,1.0,16.033333,6.333333,24.11111,21.666668,58.144447,28.526148,38.931297,42.231216,final,Yangon (West),0.14545454545454545,0.20303030303030303,0.13333333333333333
2024-05-01,2,1011953,MMR013D001,158.0,9.044304,43.62215,11.221519,55.274685,19.27848,70.23713,28.88458,26.912657,32.26928,final,Yangon (North),0.45454545454545453,0.34545454545454546,0.15151515151515152
2024-05-01,2,1011952,MMR013D002,13.0,9.615385,54.2,12.153847,74.715385,28.384617,108.04872,24.68815,21.518866,29.531176,final,Yangon (East),0.42424242424242425,0.30303030303030304,0.16363636363636364
2024-05-01,2,1011954,MMR013D003,164.0,4.487805,56.502235,6.5670733,75.417076,21.048779,101.88516,15.426764,14.383852,24.37081,final,Yangon (South),0.37575757575757573,0.22424242424242424,0.1393939393939394
2024-05-01,2,1011955,MMR013D004,3.0,5.3333335,45.68889,8.333334,66.72222,27.000002,103.833336,20.385798,18.590242,29.402756,final,Yangon (West),0.3696969696969697,0.23939393939393938,0.15757575757575756
2024-05-11,2,1011953,MMR013D001,158.0,12.917722,76.12764,23.259495,129.8635,31.291138,145.4384,22.08584,20.954147,24.123587,final,Yangon (North),0.49696969696969695,0.44242424242424244,0.2545454545454545
2024-05-11,2,1011952,MMR013D002,13.0,21.692308,95.03846,32.307693,165.64615,49.846153,202.78204,26.682047,21.862606,26.396004,final,Yangon (East),0.48484848484848486,0.40606060606060607,0.24242424242424243
2024-05-11,2,1011954,MMR013D003,164.0,17.640244,101.97988,23.134146,174.262,37.762196,202.77377,21.163086,15.694429,20.581133,final,Yangon (South),0.4909090909090909,0.38181818181818183,0.21212121212121213
2024-05-11,2,1011955,MMR013D004,3.0,17.0,83.37778,23.333334,145.1,44.0,187.2111,24.893137,18.876305,25.492805,final,Yangon (West),0.47878787878787876,0.3696969696969697,0.19393939393939394
2024-05-21,2,1011953,MMR013D001,158.0,173.3671,98.587555,195.32912,218.33734,203.6709,243.02151,172.1897,89.69799,84.13419,final,Yangon (North),0.8181818181818182,0.5696969696969697,0.4121212121212121
2024-05-21,2,1011952,MMR013D002,13.0,242.15384,120.95898,273.46155,270.19745,291.0,322.5077,196.21773,101.1861,90.37956,final,Yangon (East),0.9333333333333333,0.5878787878787879,0.4212121212121212
2024-05-21,2,1011954,MMR013D003,164.0,240.85365,121.26484,262.9817,279.74695,277.4817,322.70264,194.71268,94.11222,86.200615,final,Yangon (South),0.9151515151515152,0.5757575757575758,0.41818181818181815
2024-05-21,2,1011955,MMR013D004,3.0,225.0,108.18889,247.33333,237.25555,268.0,294.33334,203.20015,104.15997,91.20267,final,Yangon (West),0.9363636363636364,0.5878787878787879,0.41818181818181815
2024-06-01,2,1011953,MMR013D001,158.0,163.82912,182.21013,350.11395,356.92532,365.74683,421.99115,90.18161,98.11802,86.82776,final,Yangon (North),0.806060606060606,0.6606060606060606,0.4666666666666667
2024-06-01,2,1011952,MMR013D002,13.0,196.61539,185.76666,460.46155,401.7641,483.07693,500.6564,105.686905,114.43034,96.52344,final,Yangon (East),0.8666666666666667,0.7575757575757576,0.503030303030303
2024-06-01,2,1011954,MMR013D003,164.0,192.29268,166.28638,450.78656,389.5311,464.67682,483.04633,115.18294,115.52614,96.236115,final,Yangon (South),0.8242424242424242,0.703030303030303,0.49696969696969695
2024-06-01,2,1011955,MMR013D004,3.0,192.33333,175.57777,434.3333,367.14444,455.0,461.37778,109.278854,118.05451,98.632484,final,Yangon (West),0.8909090909090909,0.7757575757575758,0.503030303030303
2024-06-11,2,1011953,MMR013D001,158.0,211.12025,214.4652,548.31647,495.26288,575.2025,632.64136,98.47587,110.60515,90.99199,final,Yangon (North),0.9030303030303031,0.8484848484848485,0.5454545454545454
2024-06-11,2,1011952,MMR013D002,13.0,214.53847,221.46666,653.3077,528.1923,693.7692,712.84357,96.94074,123.46533,97.34283,final,Yangon (East),0.8909090909090909,0.9333333333333333,0.5636363636363636
2024-06-11,2,1011954,MMR013D003,164.0,182.35976,204.45143,615.5061,492.00266,644.10974,680.825,89.4526,124.849655,94.64655,final,Yangon (South),0.8121212121212121,0.8727272727272727,0.5454545454545454
2024-06-11,2,1011955,MMR013D004,3.0,220.0,215.12222,637.3333,498.8889,671.0,665.87775,102.21594,127.47519,100.76351,final,Yangon (West),0.9212121212121213,0.9575757575757575,0.5878787878787879
2024-06-21,2,1011953,MMR013D001,158.0,167.96835,189.2365,542.9177,585.9118,740.96204,816.3635,89.050385,92.72411,90.81996,final,Yangon (North),0.8121212121212121,0.8424242424242424,0.6060606060606061
2024-06-21,2,1011952,MMR013D002,13.0,148.61539,201.70256,559.7693,608.9359,838.0769,901.85126,74.31712,91.99157,92.9675,final,Yangon (East),0.7575757575757576,0.8424242424242424,0.6181818181818182
2024-06-21,2,1011954,MMR013D003,164.0,176.12195,196.03252,550.7744,566.7703,816.6768,866.5909,90.09585,97.20239,94.273224,final,Yangon (South),0.7878787878787878,0.806060606060606,0.6121212121212121
2024-06-21,2,1011955,MMR013D004,3.0,152.33333,188.46666,564.6666,579.1667,818.3333,840.5333,81.32323,97.51782,97.374435,final,Yangon (West),0.806060606060606,0.9030303030303031,0.6242424242424243
2024-07-01,2,1011953,MMR013D001,158.0,154.05063,201.9154,533.1393,605.61707,894.47473,1017.81714,76.86747,88.1304,87.94091,final,Yangon (North),0.793939393939394,0.8242424242424242,0.6484848484848484
2024-07-01,2,1011952,MMR013D002,13.0,119.46154,185.98206,482.61542,609.1513,955.23083,1085.6307,65.169235,79.39662,88.043625,final,Yangon (East),0.6666666666666666,0.7757575757575758,0.6606060606060606
2024-07-01,2,1011954,MMR013D003,164.0,106.414635,211.5815,464.89633,612.0654,922.24994,1077.0137,51.44236,76.15016,85.69669,final,Yangon (South),0.6242424242424243,0.7090909090909091,0.6424242424242425
2024-07-01,2,1011955,MMR013D004,3.0,116.666664,165.17778,488.99997,568.76666,931.6666,1002.6333,71.49386,86.09771,92.95709,final,Yangon (West),0.696969696969697,0.8303030303030303,0.6848484848484848
2024-07-11,2,1011953,MMR013D001,158.0,261.96204,193.29642,583.981,584.4483,1155.557,1209.5747,134.62778,99.92072,95.552536,final,Yangon (North),0.9636363636363636,0.8848484848484849,0.7272727272727273
2024-07-11,2,1011952,MMR013D002,13.0,285.3846,167.05385,553.46155,554.73846,1239.077,1248.5769,168.77542,99.77187,99.24218,final,Yangon (East),0.9696969696969697,0.8363636363636363,0.7454545454545455
2024-07-11,2,1011954,MMR013D003,164.0,298.47562,216.8437,581.0122,624.4577,1219.6523,1290.7224,136.79703,93.097946,94.51502,final,Yangon (South),0.9575757575757575,0.8303030303030303,0.7212121212121212
2024-07-11,2,1011955,MMR013D004,3.0,237.33333,148.2,506.3333,501.84445,1167.0,1145.8334,158.18103,100.88565,101.83924,final,Yangon (West),0.9454545454545454,0.8363636363636363,0.7696969696969697
2024-07-21,2,1011953,MMR013D001,158.0,406.0696,251.01857,822.0823,646.2304,1560.3291,1450.4795,160.56244,127.00301,107.54732,final,Yangon (North),1.0,0.9939393939393939,0.8666666666666667
2024-07-21,2,1011952,MMR013D002,13.0,430.23077,242.47949,835.0769,595.5154,1668.3079,1474.6487,175.86539,139.89265,113.08819,final,Yangon (East),1.0,0.9939393939393939,0.9090909090909091
2024-07-21,2,1011954,MMR013D003,164.0,520.9085,304.30408,925.79877,732.72925,1739.5547,1579.2466,170.0296,126.17078,110.11889,final,Yangon (South),1.0,0.9939393939393939,0.8363636363636363
2024-07-21,2,1011955,MMR013D004,3.0,361.0,213.06667,715.0,526.44446,1527.0,1342.8667,167.8386,135.47981,113.66109,final,Yangon (West),1.0,0.9878787878787879,0.9212121212121213
2024-08-01,2,1011953,MMR013D001,158.0,187.56963,193.56561,855.60126,637.8806,1738.8544,1600.423,96.980354,133.86642,108.62274,final,Yangon (North),0.8727272727272727,1.0,0.9454545454545454
2024-08-01,2,1011952,MMR013D002,13.0,167.46153,210.01794,883.0769,619.5513,1826.1539,1630.4667,80.20798,142.1944,111.965225,final,Yangon (East),0.8,1.0,0.9515151515151515
2024-08-01,2,1011954,MMR013D003,164.0,161.32927,266.94046,980.71344,788.0882,1896.3961,1789.6848,61.163857,124.288,105.94597,final,Yangon (South),0.7333333333333333,1.0,0.9090909090909091
2024-08-01,2,1011955,MMR013D004,3.0,138.66667,188.15555,737.0,549.42224,1660.3333,1485.3334,74.378746,133.83301,111.74233,final,Yangon (West),0.793939393939394,1.0,0.9696969696969697
2024-08-11,2,1011953,MMR013D001,158.0,137.94304,163.61603,731.5823,608.2002,1863.8796,1687.9114,84.77429,120.12102,110.39442,final,Yangon (North),0.7393939393939394,0.9757575757575757,0.9757575757575757
2024-08-11,2,1011952,MMR013D002,13.0,154.53847,177.63077,752.2308,630.1282,1959.0,1713.059,87.35574,119.22487,114.315056,final,Yangon (East),0.793939393939394,0.9818181818181818,0.9939393939393939
2024-08-11,2,1011954,MMR013D003,164.0,161.62805,223.20346,843.86584,794.44794,2040.384,1910.9083,73.01733,106.1815,106.75793,final,Yangon (South),0.7393939393939394,0.9636363636363636,0.9696969696969697
2024-08-11,2,1011955,MMR013D004,3.0,133.0,161.58888,632.6667,562.8111,1776.3333,1563.5444,82.83866,112.30261,113.566,final,Yangon (West),0.7727272727272727,0.9515151515151515,1.0
2024-08-21,2,1011953,MMR013D001,158.0,241.4557,172.65485,566.9684,529.8365,1931.9683,1761.9788,138.72726,106.942665,109.620346,final,Yangon (North),0.9454545454545454,0.8606060606060606,0.9878787878787879
2024-08-21,2,1011952,MMR013D002,13.0,217.6923,184.24103,539.6923,571.8898,1934.5385,1776.3411,117.676544,94.418785,108.880806,final,Yangon (East),0.896969696969697,0.8181818181818182,0.9878787878787879
2024-08-21,2,1011954,MMR013D003,164.0,249.20122,228.99147,572.15857,719.1354,2048.7317,2018.6349,108.63696,79.703125,101.48727,final,Yangon (South),0.9212121212121213,0.8242424242424242,0.9757575757575757
2024-08-21,2,1011955,MMR013D004,3.0,197.33333,162.01111,469.0,511.75555,1748.6666,1617.3667,121.14962,91.72615,108.09311,final,Yangon (West),0.9090909090909091,0.8181818181818182,0.9878787878787879
2024-09-01,2,1011953,MMR013D001,158.0,191.59494,122.24283,570.99365,458.5137,1959.7341,1702.0114,154.50375,124.2668,115.09789,final,Yangon (North),0.8909090909090909,0.8666666666666667,1.0
2024-09-01,2,1011952,MMR013D002,13.0,222.3077,119.96923,594.53845,481.84103,1960.2307,1710.5436,181.89093,123.14871,114.554405,final,Yangon (East),0.906060606060606,0.8848484848484849,1.0
2024-09-01,2,1011954,MMR013D003,164.0,284.29877,148.67256,695.12805,600.8675,2140.7378,2001.0211,188.25662,115.557945,106.96486,final,Yangon (South),0.9393939393939394,0.9212121212121213,0.9939393939393939
2024-09-01,2,1011955,MMR013D004,3.0,193.33333,103.35555,523.6666,426.95554,1749.6666,1545.1444,183.03938,122.38913,113.19375,final,Yangon (West),0.9030303030303031,0.8545454545454545,0.9939393939393939
2024-09-11,2,1011953,MMR013D001,158.0,185.86076,127.03207,618.91144,421.92975,1934.4746,1614.5782,144.55637,146.13913,119.75183,final,Yangon (North),0.8606060606060606,0.9151515151515152,0.9939393939393939
2024-09-11,2,1011952,MMR013D002,13.0,152.6923,113.1641,592.6923,417.37436,1898.3845,1602.2411,133.45197,141.50772,118.425575,final,Yangon (East),0.7757575757575758,0.8787878787878788,0.9818181818181818
2024-09-11,2,1011954,MMR013D003,164.0,181.81097,139.45508,715.311,517.1191,2140.189,1936.0248,129.32115,137.95914,110.51837,final,Yangon (South),0.806060606060606,0.9333333333333333,0.9878787878787879
2024-09-11,2,1011955,MMR013D004,3.0,129.66667,94.32222,520.3333,359.68887,1659.3334,1424.3445,135.58565,144.04973,116.44032,final,Yangon (West),0.7575757575757576,0.8424242424242424,0.9636363636363636
2024-09-21,2,1011953,MMR013D001,158.0,117.36709,105.12152,494.82278,354.39642,1883.8734,1530.4633,111.12005,139.07283,123.01651,final,Yangon (North),0.6606060606060606,0.793939393939394,0.9818181818181818
2024-09-21,2,1011952,MMR013D002,13.0,119.30769,95.1718,494.30768,328.3051,1869.0769,1495.7102,124.0945,149.805,124.87933,final,Yangon (East),0.6606060606060606,0.8,0.9696969696969697
2024-09-21,2,1011954,MMR013D003,164.0,162.67073,116.64248,628.78046,404.7701,2126.7378,1856.6348,137.83896,154.66731,114.50891,final,Yangon (South),0.7515151515151515,0.8848484848484849,0.9818181818181818
2024-09-21,2,1011955,MMR013D004,3.0,109.666664,78.48889,432.66666,276.16666,1616.6666,1314.3667,137.34363,155.66093,122.912506,final,Yangon (West),0.6696969696969697,0.7696969696969697,0.9393939393939394
2024-10-01,2,1011953,MMR013D001,158.0,98.40506,69.9249,401.6329,302.0785,1828.2278,1398.4728,138.01161,132.41986,130.62082,final,Yangon (North),0.6121212121212121,0.696969696969697,0.9696969696969697
2024-10-01,2,1011952,MMR013D002,13.0,109.76923,67.43077,381.76923,275.76666,1859.3846,1377.1589,158.45369,137.75468,134.8893,final,Yangon (East),0.6424242424242425,0.6787878787878788,0.9636363636363636
2024-10-01,2,1011954,MMR013D003,164.0,126.95731,75.40203,471.439,331.4996,2147.2808,1720.4553,164.12186,141.58679,124.73698,final,Yangon (South),0.6787878787878788,0.7272727272727273,1.0
2024-10-01,2,1011955,MMR013D004,3.0,99.666664,59.68889,339.0,232.5,1599.6666,1208.8778,161.80006,144.8421,132.19342,final,Yangon (West),0.6363636363636364,0.6848484848484848,0.9333333333333333
2024-10-11,2,1011953,MMR013D001,158.0,112.70253,52.260548,328.47467,227.30696,1678.9683,1257.4369,205.55606,143.54916,133.39029,final,Yangon (North),0.6303030303030303,0.6363636363636364,0.9212121212121213
2024-10-11,2,1011952,MMR013D002,13.0,135.0,55.51282,364.07693,218.11539,1709.0001,1265.6179,231.35593,165.41975,134.895,final,Yangon (East),0.696969696969697,0.6727272727272727,0.9212121212121213
2024-10-11,2,1011954,MMR013D003,164.0,122.19512,61.436584,411.82318,253.4811,1970.9999,1565.0481,191.45343,161.25868,125.856,final,Yangon (South),0.6606060606060606,0.6727272727272727,0.9454545454545454
2024-10-11,2,1011955,MMR013D004,3.0,125.666664,50.8,335.0,188.97778,1487.9999,1111.4778,234.16965,175.2778,133.7241,final,Yangon (West),0.7272727272727273,0.6787878787878788,0.9090909090909091
2024-10-21,2,1011953,MMR013D001,158.0,98.96835,44.842194,310.07593,167.02763,1371.8672,1051.2605,208.59506,183.15425,130.353,final,Yangon (North),0.6181818181818182,0.6121212121212121,0.806060606060606
2024-10-21,2,1011952,MMR013D002,13.0,79.46154,41.489742,324.23077,164.43333,1358.2308,1064.6282,181.6778,194.31287,127.449036,final,Yangon (East),0.5818181818181818,0.6242424242424243,0.7878787878787878
2024-10-21,2,1011954,MMR013D003,164.0,72.231705,43.748577,321.38416,180.58719,1522.3231,1304.4927,158.42863,175.86568,116.63471,final,Yangon (South),0.5696969696969697,0.6181818181818182,0.7818181818181819
2024-10-21,2,1011955,MMR013D004,3.0,68.333336,38.366665,293.66666,148.85556,1195.3334,936.7778,169.10071,194.12146,127.453995,final,Yangon (West),0.5818181818181818,0.6303030303030303,0.7818181818181819
2024-11-01,2,1011953,MMR013D001,158.0,60.21519,19.307594,271.88608,116.41034,1244.5127,877.0025,268.29144,228.05807,141.6677,final,Yangon (North),0.5696969696969697,0.593939393939394,0.7515151515151515
2024-11-01,2,1011952,MMR013D002,13.0,90.92308,23.120512,305.38464,120.12308,1281.6923,877.7308,341.1143,248.06348,145.76271,final,Yangon (East),0.6060606060606061,0.6060606060606061,0.7575757575757576
2024-11-01,2,1011954,MMR013D003,164.0,104.39634,24.031708,298.82315,129.21687,1465.3901,1061.584,376.81674,226.36732,137.85976,final,Yangon (South),0.6181818181818182,0.6,0.7696969696969697
2024-11-01,2,1011955,MMR013D004,3.0,106.0,22.711111,300.0,111.87778,1162.6667,771.3333,400.56134,260.95636,150.40791,final,Yangon (West),0.6454545454545455,0.6424242424242425,0.7575757575757576
2024-11-11,2,1011953,MMR013D001,158.0,5.120253,4.708017,164.3038,68.8578,1111.69,718.0945,104.246346,229.2294,154.4321,final,Yangon (North),0.4121212121212121,0.5515151515151515,0.7090909090909091
2024-11-11,2,1011952,MMR013D002,13.0,6.1538463,7.425641,176.53845,72.0359,1133.3076,707.52563,89.764755,235.65436,159.75671,final,Yangon (East),0.4,0.5515151515151515,0.703030303030303
2024-11-11,2,1011954,MMR013D003,164.0,4.390244,7.0768294,181.0183,74.85712,1308.1525,845.45734,77.75421,232.9389,154.40546,final,Yangon (South),0.3696969696969697,0.5575757575757576,0.7333333333333333
2024-11-11,2,1011955,MMR013D004,3.0,4.6666665,7.388889,179.00002,68.46667,1034.3334,617.13336,78.02689,250.45374,167.05957,final,Yangon (West),0.3515151515151515,0.5575757575757576,0.7151515151515152
2024-11-21,2,1011953,MMR013D001,158.0,12.14557,4.35654,77.48101,28.372152,882.3797,549.7962,183.24687,247.15518,159.94696,final,Yangon (North),0.4909090909090909,0.509090909090909,0.6363636363636364
2024-11-21,2,1011952,MMR013D002,13.0,12.846154,8.2384615,109.92308,38.784615,928.46155,531.5231,134.80534,262.47366,173.98349,final,Yangon (East),0.45454545454545453,0.5151515151515151,0.6484848484848484
2024-11-21,2,1011954,MMR013D003,164.0,7.3109756,8.140651,116.09756,39.249187,1066.2622,624.6065,93.6862,273.6718,170.14789,final,Yangon (South),0.4303030303030303,0.5151515151515151,0.6787878787878788
2024-11-21,2,1011955,MMR013D004,3.0,12.0,9.111111,122.666664,39.211113,849.0,464.23334,120.47244,288.766,181.99901,final,Yangon (West),0.43636363636363634,0.5212121212121212,0.6424242424242425
2024-12-01,2,1011953,MMR013D001,158.0,1.0949367,2.0255275,18.36076,11.090084,691.87976,429.57892,86.75416,145.1873,160.35748,final,Yangon (North),0.18484848484848485,0.4121212121212121,0.5757575757575758
2024-12-01,2,1011952,MMR013D002,13.0,1.7692307,3.1692307,20.76923,18.833334,707.9231,414.72308,82.862526,108.122635,169.85558,final,Yangon (East),0.22424242424242424,0.3575757575757576,0.5818181818181818
2024-12-01,2,1011954,MMR013D003,164.0,2.390244,2.9441056,14.091463,18.161585,784.35364,478.87805,93.02802,82.42728,163.1307,final,Yangon (South),0.3090909090909091,0.3515151515151515,0.6
2024-12-01,2,1011955,MMR013D004,3.0,2.0,3.3555555,18.666666,19.855556,657.6667,364.23334,83.776596,95.216805,179.47098,final,Yangon (West),0.22727272727272727,0.34545454545454546,0.5757575757575758
2024-12-11,2,1011953,MMR013D001,158.0,1.050633,1.6660337,14.29114,8.048101,507.06958,304.21286,90.76811,147.84633,165.60423,final,Yangon (North),0.16363636363636364,0.38181818181818183,0.5272727272727272
2024-12-11,2,1011952,MMR013D002,13.0,1.8461539,3.071795,16.461538,14.479487,557.0769,304.63077,84.81576,110.175064,181.53134,final,Yangon (East),0.23030303030303031,0.34545454545454546,0.5212121212121212
2024-12-11,2,1011954,MMR013D003,164.0,1.8902439,2.2821138,11.591463,13.36687,604.433,341.70508,94.61873,90.33364,175.7785,final,Yangon (South),0.24242424242424243,0.32727272727272727,0.5333333333333333
2024-12-11,2,1011955,MMR013D004,3.0,2.0,3.211111,16.0,15.677778,530.0,273.12222,85.250336,101.558304,192.36148,final,Yangon (West),0.22727272727272727,0.3333333333333333,0.5272727272727272
2024-12-21,2,1011953,MMR013D001,158.0,1.4240507,1.7759494,3.5696206,5.4675107,391.12653,200.86731,94.806656,81.86876,192.41837,final,Yangon (North),0.24242424242424243,0.12121212121212122,0.48484848484848486
2024-12-21,2,1011952,MMR013D002,13.0,2.0,3.1794872,5.6153846,9.420513,439.76926,212.63846,85.57994,73.61309,204.36151,final,Yangon (East),0.24848484848484848,0.19393939393939394,0.4909090909090909
2024-12-21,2,1011954,MMR013D003,164.0,1.5731708,2.5910568,5.8536587,7.8172765,443.33542,227.65366,86.59098,84.67992,192.70508,final,Yangon (South),0.2,0.21212121212121213,0.47878787878787876
2024-12-21,2,1011955,MMR013D004,3.0,2.0,3.3555555,6.0,9.922222,422.3333,197.98889,83.776596,73.71556,210.52052,final,Yangon (West),0.22727272727272727,0.19393939393939394,0.49696969696969695
2025-01-01,2,1011953,MMR013D001,158.0,1.0,1.164768,3.4746838,4.520464,293.7215,134.7886,97.32726,89.01545,213.69518,final,Yangon (North),0.11515151515151516,0.10909090909090909,0.44242424242424244
2025-01-01,2,1011952,MMR013D002,13.0,1.0,1.0871795,4.8461537,7.1641026,331.00003,149.81538,98.56781,80.94435,217.03271,final,Yangon (East),0.14545454545454545,0.17272727272727273,0.44242424242424244
2025-01-01,2,1011954,MMR013D003,164.0,1.054878,1.2136179,4.5182924,5.9359756,317.43295,156.34552,97.4453,87.036514,199.84004,final,Yangon (South),0.11515151515151516,0.13333333333333333,0.4303030303030303
2025-01-01,2,1011955,MMR013D004,3.0,1.0,1.1,5.0,7.477778,323.66666,142.68889,98.36066,80.14248,222.53987,final,Yangon (West),0.14545454545454545,0.1606060606060606,0.44242424242424244
2025-01-11,2,1011953,MMR013D001,158.0,0.9556962,1.0799578,3.379747,3.972152,181.9747,78.82806,97.95621,93.3973,223.04549,final,Yangon (North),0.05454545454545454,0.09696969696969697,0.3939393939393939
2025-01-11,2,1011952,MMR013D002,13.0,0.0,0.23589744,3.0,4.4076924,196.0,89.597435,95.49461,85.0368,212.47932,final,Yangon (East),0.012121212121212121,0.11515151515151516,0.3878787878787879
2025-01-11,2,1011954,MMR013D003,164.0,0.25,0.5623984,2.878049,4.3006096,195.4878,91.38638,94.38374,84.70465,208.00426,final,Yangon (South),0.006060606060606061,0.07272727272727272,0.4
2025-01-11,2,1011955,MMR013D004,3.0,0.0,0.033333335,3.0,4.388889,198.00002,87.3,99.33775,85.2071,219.93501,final,Yangon (West),0.05757575757575758,0.11515151515151516,0.40606060606060607
2025-01-21,2,1011953,MMR013D001,158.0,0.96202534,1.0831224,2.9177215,3.327848,83.96836,37.42173,98.00929,95.07524,209.72357,final,Yangon (North),0.06060606060606061,0.030303030303030304,0.3333333333333333
2025-01-21,2,1011952,MMR013D002,13.0,0.0,0.26666668,1.0,1.5897436,116.53847,50.55385,94.93671,91.05058,218.77597,final,Yangon (East),0.012121212121212121,0.03636363636363636,0.32727272727272727
2025-01-21,2,1011954,MMR013D003,164.0,0.4390244,0.775,1.7439024,2.5510163,123.69512,50.384758,94.18224,89.31119,232.3656,final,Yangon (South),0.01818181818181818,0.006060606060606061,0.3393939393939394
2025-01-21,2,1011955,MMR013D004,3.0,0.0,0.011111111,1.0,1.1444445,129.66666,50.944443,99.77827,97.649185,240.71498,final,Yangon (West),0.05757575757575758,0.07272727272727272,0.3393939393939394
2025-02-01,2,1011953,MMR013D001,158.0,1.6582278,0.91518986,3.5759492,3.07827,25.411392,19.133121,112.56152,106.16071,126.01516,final,Yangon (North),0.2787878787878788,0.12727272727272726,0.21212121212121213
2025-02-01,2,1011952,MMR013D002,13.0,0.30769232,0.025641026,0.30769232,0.52820516,25.923075,27.458975,105.61225,96.01114,95.26817,final,Yangon (East),0.07575757575757576,0.006060606060606061,0.15757575757575756
2025-02-01,2,1011954,MMR013D003,164.0,1.7621951,0.75955284,2.4512196,2.0969512,21.060976,27.237602,117.40833,104.99183,80.84031,final,Yangon (South),0.22424242424242424,0.03636363636363636,0.14545454545454545
2025-02-01,2,1011955,MMR013D004,3.0,0.0,0.0,0.0,0.044444446,23.666666,28.244446,100.0,99.11894,86.229935,final,Yangon (West),0.05757575757575758,0.02727272727272727,0.14545454545454545
2025-02-11,2,1011953,MMR013D001,158.0,1.7658228,0.9263713,4.386076,2.9246836,22.056963,14.816245,114.16469,118.441025,136.53929,final,Yangon (North),0.30303030303030304,0.17575757575757575,0.18181818181818182
2025-02-11,2,1011952,MMR013D002,13.0,0.9230769,0.30512822,1.2307693,0.5974359,20.692307,19.561539,111.64814,111.314705,104.60381,final,Yangon (East),0.11212121212121212,0.05757575757575758,0.12727272727272726
2025-02-11,2,1011954,MMR013D003,164.0,2.3292682,1.0912602,4.530488,2.625813,18.999998,20.461788,120.32434,124.976685,94.25889,final,Yangon (South),0.2909090909090909,0.1393939393939394,0.12121212121212122
2025-02-11,2,1011955,MMR013D004,3.0,0.0,0.0,0.0,0.011111111,19.0,20.122223,100.0,99.77827,95.53295,final,Yangon (West),0.05757575757575758,0.02727272727272727,0.10909090909090909
2025-02-21,2,1011953,MMR013D001,158.0,4.949367,1.0044304,8.373418,2.8459916,14.86076,11.368776,165.70045,170.44904,121.33319,final,Yangon (North),0.40606060606060607,0.3090909090909091,0.06666666666666667
2025-02-21,2,1011952,MMR013D002,13.0,3.7692308,1.2333333,5.0,1.5641025,11.615385,12.051282,140.68285,152.34375,97.44362,final,Yangon (East),0.3333333333333333,0.18181818181818182,0.01818181818181818
2025-02-21,2,1011954,MMR013D003,164.0,3.8536584,1.3359756,7.945122,3.1867886,15.542684,13.222358,139.73631,158.1221,112.73339,final,Yangon (South),0.36363636363636365,0.26666666666666666,0.048484848484848485
2025-02-21,2,1011955,MMR013D004,3.0,3.3333333,1.0666667,3.3333333,1.0666667,10.333333,11.655556,137.36264,137.36264,92.06137,final,Yangon (West),0.3151515151515151,0.13333333333333333,0.01818181818181818
2025-03-01,2,1011953,MMR013D001,158.0,1.5253165,3.2405064,8.240506,5.171308,15.29114,12.770042,79.18587,130.17505,114.18735,final,Yangon (North),0.2545454545454545,0.30303030303030304,0.07272727272727272
2025-03-01,2,1011952,MMR013D002,13.0,3.1538463,7.6179485,7.846154,9.15641,13.0,16.848719,64.62102,90.74444,82.3847,final,Yangon (East),0.3212121212121212,0.23636363636363636,0.030303030303030304
2025-03-01,2,1011954,MMR013D003,164.0,2.5182927,5.9426827,8.70122,8.369919,15.670732,16.402845,68.706116,102.47796,96.57935,final,Yangon (South),0.3151515151515151,0.28484848484848485,0.05454545454545454
2025-03-01,2,1011955,MMR013D004,3.0,4.0,8.533334,7.333333,9.6,12.333333,17.122223,66.502464,84.47488,78.35258,final,Yangon (West),0.3333333333333333,0.22424242424242424,0.030303030303030304
2025-03-11,2,1011953,MMR013D001,158.0,1.3607595,3.8149788,7.8354435,8.059916,15.601266,14.956751,72.15854,98.28122,103.22956,final,Yangon (North),0.23636363636363636,0.296969696969697,0.09696969696969697
2025-03-11,2,1011952,MMR013D002,13.0,2.7692308,9.279488,9.692308,18.13077,13.923078,23.135897,54.40833,63.51846,67.25599,final,Yangon (East),0.3090909090909091,0.2696969696969697,0.048484848484848485
2025-03-11,2,1011954,MMR013D003,164.0,2.3353658,6.6727643,8.707317,13.951423,16.115854,20.877846,62.84172,72.32869,81.59819,final,Yangon (South),0.296969696969697,0.2909090909090909,0.06666666666666667
2025-03-11,2,1011955,MMR013D004,3.0,3.3333333,10.622222,10.666666,20.222223,13.666666,24.622223,53.34281,62.114532,63.015755,final,Yangon (West),0.3151515151515151,0.26666666666666666,0.04242424242424243
2025-03-21,2,1011953,MMR013D001,158.0,1.835443,5.514346,4.721519,12.569832,16.01266,18.743671,65.01063,55.330746,88.49794,final,Yangon (North),0.3151515151515151,0.21818181818181817,0.11515151515151516
2025-03-21,2,1011952,MMR013D002,13.0,3.8461537,12.694872,9.769231,29.592308,15.769232,32.746155,49.992752,42.69513,55.0234375,final,Yangon (East),0.3424242424242424,0.2818181818181818,0.07878787878787878
2025-03-21,2,1011954,MMR013D003,164.0,3.012195,10.266666,7.865854,22.882114,17.554878,28.619919,52.481632,46.143757,67.087845,final,Yangon (South),0.3393939393939394,0.2606060606060606,0.10606060606060606
2025-03-21,2,1011955,MMR013D004,3.0,4.0,13.811111,11.333333,32.966667,15.666666,35.17778,47.844063,43.020187,51.438046,final,Yangon (West),0.3333333333333333,0.2787878787878788,0.0696969696969697
2025-04-01,2,1011953,MMR013D001,158.0,1.9303797,0.46181434,5.126582,9.79114,16.943039,18.040718,126.88787,68.46384,95.235916,final,Yangon (North),0.32727272727272727,0.23636363636363636,0.1393939393939394
2025-04-01,2,1011952,MMR013D002,13.0,10.461538,2.202564,17.076923,24.176924,25.23077,33.861538,214.66713,75.6657,77.79098,final,Yangon (East),0.4303030303030303,0.3515151515151515,0.15151515151515152
2025-04-01,2,1011954,MMR013D003,164.0,6.3109756,1.1587398,11.658537,18.098171,22.810976,28.56504,183.6573,72.12059,82.85697,final,Yangon (South),0.41818181818181815,0.3333333333333333,0.15757575757575756
2025-04-01,2,1011955,MMR013D004,3.0,14.0,3.0777779,21.333332,27.51111,28.666666,37.155556,235.21321,80.99795,79.86294,final,Yangon (West),0.4484848484848485,0.3575757575757576,0.16363636363636364
2025-04-11,2,1011953,MMR013D001,158.0,9.3924055,1.5388186,13.158228,7.514979,25.37975,18.499578,220.10713,145.09196,129.27785,final,Yangon (North),0.4666666666666667,0.3575757575757576,0.20606060606060606
2025-04-11,2,1011952,MMR013D002,13.0,30.23077,4.1076922,44.53846,19.005129,55.46154,37.733334,386.8243,206.36615,141.48567,final,Yangon (East),0.5151515151515151,0.42424242424242425,0.2606060606060606
2025-04-11,2,1011954,MMR013D003,164.0,21.182926,3.1349592,30.506096,14.560366,43.743904,31.137602,321.85687,181.52061,134.88417,final,Yangon (South),0.49696969696969695,0.41818181818181815,0.24848484848484848
2025-04-11,2,1011955,MMR013D004,3.0,39.333332,5.0,57.333332,21.88889,68.0,42.122223,443.33334,231.81818,154.91629,final,Yangon (West),0.5303030303030303,0.43636363636363634,0.26666666666666666
2025-04-21,2,1011953,MMR013D001,158.0,11.234178,10.113713,22.556963,12.114346,35.651897,27.530169,107.41355,161.01675,124.96677,final,Yangon (North),0.48484848484848486,0.4303030303030303,0.28484848484848485
2025-04-21,2,1011952,MMR013D002,13.0,29.076923,16.407692,69.769226,22.717949,84.53847,53.87436,159.18076,269.7502,152.08398,final,Yangon (East),0.509090909090909,0.47878787878787876,0.3090909090909091
2025-04-21,2,1011954,MMR013D003,164.0,29.609756,15.779879,57.10366,20.073578,72.914635,46.14248,166.55418,247.68567,152.34818,final,Yangon (South),0.5151515151515151,0.46060606060606063,0.3090909090909091
2025-04-21,2,1011955,MMR013D004,3.0,29.666666,16.033333,83.0,24.11111,97.666664,58.144447,164.81773,302.29007,162.59016,final,Yangon (West),0.509090909090909,0.4909090909090909,0.3151515151515151
2025-05-01,2,1011953,MMR013D001,158.0,21.272152,43.62215,41.898735,55.274685,55.265823,70.23713,54.0333,77.80834,80.10117,final,Yangon (North),0.5212121212121212,0.4666666666666667,0.3151515151515151
2025-05-01,2,1011952,MMR013D002,13.0,18.076923,54.2,77.38461,74.715385,102.30769,108.04872,38.98129,103.34845,94.92164,final,Yangon (East),0.47878787878787876,0.4909090909090909,0.3212121212121212
2025-05-01,2,1011954,MMR013D003,164.0,14.676829,56.502235,65.46951,75.417076,85.82926,101.88516,31.993685,87.630035,84.97836,final,Yangon (South),0.4727272727272727,0.47878787878787876,0.3212121212121212
2025-05-01,2,1011955,MMR013D004,3.0,13.666667,45.68889,82.666664,66.72222,111.33333,103.833336,36.825954,122.23083,106.891266,final,Yangon (West),0.44242424242424244,0.48484848484848486,0.3212121212121212
2025-05-11,2,1011953,MMR013D001,158.0,41.36709,76.12764,73.87341,129.8635,94.86709,145.4384,57.153255,58.483887,66.38404,final,Yangon (North),0.5454545454545454,0.49696969696969695,0.3393939393939394
2025-05-11,2,1011952,MMR013D002,13.0,45.53846,95.03846,92.69231,165.64615,146.92307,202.78204,50.51903,57.248466,73.116554,final,Yangon (East),0.5575757575757576,0.49696969696969695,0.3575757575757576
2025-05-11,2,1011954,MMR013D003,164.0,55.951218,101.97988,100.23781,174.262,139.45122,202.77377,56.974464,58.706146,69.523315,final,Yangon (South),0.5575757575757576,0.509090909090909,0.3575757575757576
2025-05-11,2,1011955,MMR013D004,3.0,40.333332,83.37778,83.666664,145.1,151.66666,187.2111,51.294945,59.071724,81.5076,final,Yangon (West),0.5393939393939394,0.49696969696969695,0.3575757575757576
2025-05-21,2,1011953,MMR013D001,158.0,182.08861,98.587555,244.72784,218.33734,272.00635,243.02151,180.60916,111.81643,111.68642,final,Yangon (North),0.8484848484848485,0.5818181818181818,0.4303030303030303
2025-05-21,2,1011952,MMR013D002,13.0,201.84616,120.95898,265.46155,270.19745,345.0,322.5077,164.21709,98.27909,106.86772,final,Yangon (East),0.8727272727272727,0.5818181818181818,0.4484848484848485
2025-05-21,2,1011954,MMR013D003,164.0,214.9939,121.26484,285.62195,279.74695,350.59146,322.70264,174.23212,102.06324,108.510414,final,Yangon (South),0.896969696969697,0.593939393939394,0.45454545454545453
2025-05-21,2,1011955,MMR013D004,3.0,187.0,108.18889,241.0,237.25555,335.3333,294.33334,169.62796,101.545654,113.6971,final,Yangon (West),0.8666666666666667,0.5818181818181818,0.4484848484848485
2025-06-01,2,1011953,MMR013D001,158.0,240.72151,182.21013,464.1772,356.92532,511.2025,421.99115,131.2544,129.6337,120.89303,final,Yangon (North),0.9393939393939394,0.7757575757575758,0.5333333333333333
2025-06-01,2,1011952,MMR013D002,13.0,233.07692,185.76666,480.46155,401.7641,574.9231,500.6564,124.800064,119.34719,114.68718,final,Yangon (East),0.9272727272727272,0.7696969696969697,0.5393939393939394
2025-06-01,2,1011954,MMR013D003,164.0,175.79878,166.28638,446.7439,389.5311,523.87195,483.04633,105.553505,114.501465,108.365105,final,Yangon (South),0.7818181818181819,0.6909090909090909,0.503030303030303
2025-06-01,2,1011955,MMR013D004,3.0,222.0,175.57777,449.3333,367.14444,553.3333,461.37778,125.7076,122.08521,119.716965,final,Yangon (West),0.9272727272727272,0.8,0.5393939393939394
2025-06-11,2,1011953,MMR013D001,158.0,221.17088,214.4652,643.981,495.26288,731.01263,632.64136,103.055466,129.728,115.42736,final,Yangon (North),0.9090909090909091,0.9333333333333333,0.6
2025-06-11,2,1011952,MMR013D002,13.0,207.6923,221.46666,642.6154,528.1923,779.8462,712.84357,93.91772,121.46001,109.33387,final,Yangon (East),0.8848484848484849,0.9212121212121213,0.6
2025-06-11,2,1011954,MMR013D003,164.0,194.60976,204.45143,585.4024,492.00266,716.1463,680.825,95.301216,118.7926,105.150185,final,Yangon (South),0.8363636363636363,0.8424242424242424,0.5696969696969697
2025-06-11,2,1011955,MMR013D004,3.0,180.66667,215.12222,589.6667,498.8889,730.6667,665.87775,84.347084,118.01544,109.65733,final,Yangon (West),0.8606060606060606,0.9212121212121213,0.6060606060606061
2025-06-21,2,1011953,MMR013D001,158.0,185.72151,189.2365,647.6139,585.9118,914.89874,816.3635,98.19036,110.44184,111.996544,final,Yangon (North),0.8545454545454545,0.9454545454545454,0.6666666666666666
2025-06-21,2,1011952,MMR013D002,13.0,177.61539,201.70256,618.38464,608.9359,953.61536,901.85126,88.34694,101.53904,105.70811,final,Yangon (East),0.8303030303030303,0.9030303030303031,0.6545454545454545
2025-06-21,2,1011954,MMR013D003,164.0,195.90244,196.03252,566.311,566.7703,909.0365,866.5909,99.935295,99.91966,104.8699,final,Yangon (South),0.8424242424242424,0.8181818181818182,0.6363636363636364
2025-06-21,2,1011955,MMR013D004,3.0,174.66667,188.46666,577.3334,579.1667,901.3334,840.5333,92.86699,99.686165,107.19073,final,Yangon (West),0.8484848484848485,0.9090909090909091,0.6727272727272727
2025-07-01,2,1011953,MMR013D001,158.0,335.8671,201.9154,742.7595,605.61707,1248.8354,1017.81714,164.73741,122.45965,122.58648,final,Yangon (North),0.9939393939393939,0.9818181818181818,0.7636363636363637
2025-07-01,2,1011952,MMR013D002,13.0,264.3846,185.98206,649.69226,609.1513,1207.5385,1085.6307,141.05232,106.60113,111.177734,final,Yangon (East),0.9515151515151515,0.9272727272727272,0.7272727272727273
2025-07-01,2,1011954,MMR013D003,164.0,310.88416,211.5815,701.39636,612.0654,1213.6097,1077.0137,145.85002,114.47674,112.62425,final,Yangon (South),0.9636363636363636,0.9272727272727272,0.7151515151515152
2025-07-01,2,1011955,MMR013D004,3.0,225.0,165.17778,580.3334,568.76666,1112.3334,1002.6333,135.15279,102.01592,110.88691,final,Yangon (West),0.9363636363636364,0.9151515151515152,0.7333333333333333
2025-07-11,2,1011953,MMR013D001,158.0,125.23418,193.29642,646.8228,584.4483,1364.6771,1209.5747,65.67651,110.58185,112.7701,final,Yangon (North),0.6727272727272727,0.9393939393939394,0.8
2025-07-11,2,1011952,MMR013D002,13.0,129.84616,167.05385,571.8462,554.73846,1307.1539,1248.5769,78.37439,103.05638,104.67279,final,Yangon (East),0.6909090909090909,0.8606060606060606,0.7696969696969697
2025-07-11,2,1011954,MMR013D003,164.0,172.2683,216.8437,679.0549,624.4577,1364.6951,1290.7224,79.90684,108.67368,105.70899,final,Yangon (South),0.7696969696969697,0.9030303030303031,0.7575757575757576
2025-07-11,2,1011955,MMR013D004,3.0,124.666664,148.2,524.3334,501.84445,1197.6666,1145.8334,84.63881,104.43704,104.503975,final,Yangon (West),0.7151515151515152,0.8606060606060606,0.7878787878787878
2025-07-21,2,1011953,MMR013D001,158.0,251.10127,251.01857,712.2025,646.2304,1604.5443,1450.4795,100.0323,110.13038,110.58515,final,Yangon (North),0.9575757575757575,0.9696969696969697,0.896969696969697
2025-07-21,2,1011952,MMR013D002,13.0,284.46155,242.47949,678.6923,595.5154,1562.5386,1474.6487,116.96385,113.85093,105.93991,final,Yangon (East),0.9575757575757575,0.9393939393939394,0.8545454545454545
2025-07-21,2,1011954,MMR013D003,164.0,389.40244,304.30408,872.55493,732.72925,1724.4878,1579.2466,127.51285,118.95353,109.16784,final,Yangon (South),0.9878787878787879,0.9696969696969697,0.8303030303030303
2025-07-21,2,1011955,MMR013D004,3.0,242.66667,213.06667,592.3333,526.44446,1410.6666,1342.8667,113.57384,112.39806,105.03017,final,Yangon (West),0.9636363636363636,0.9303030303030303,0.8666666666666667
2025-08-01,2,1011953,MMR013D001,158.0,136.05063,193.56561,512.3861,637.8806,1719.3228,1600.423,71.034775,80.47935,107.40614,final,Yangon (North),0.7272727272727273,0.806060606060606,0.9393939393939394
2025-08-01,2,1011952,MMR013D002,13.0,135.3077,210.01794,549.6154,619.5513,1679.7694,1630.4667,65.253944,88.80222,103.0146,final,Yangon (East),0.703030303030303,0.8303030303030303,0.9151515151515152
2025-08-01,2,1011954,MMR013D003,164.0,133.39635,266.94046,695.0671,788.0882,1843.2074,1789.6848,50.89215,88.27102,102.982285,final,Yangon (South),0.703030303030303,0.9151515151515152,0.8727272727272727
2025-08-01,2,1011955,MMR013D004,3.0,114.333336,188.15555,481.6667,549.42224,1511.3334,1485.3334,61.780952,87.77907,101.74458,final,Yangon (West),0.6848484848484848,0.8242424242424242,0.9151515151515152
2025-08-11,2,1011953,MMR013D001,158.0,150.22151,163.61603,537.3734,608.2002,1828.1772,1687.9114,92.056206,88.449646,108.285484,final,Yangon (North),0.7818181818181819,0.8363636363636363,0.9636363636363636
2025-08-11,2,1011952,MMR013D002,13.0,172.53847,177.63077,592.3077,630.1282,1806.7694,1713.059,97.21169,94.04522,105.45443,final,Yangon (East),0.8181818181818182,0.8666666666666667,0.9454545454545454
2025-08-11,2,1011954,MMR013D003,164.0,193.05487,223.20346,715.85364,794.44794,1980.311,1910.9083,86.78873,90.16893,103.62245,final,Yangon (South),0.8303030303030303,0.9393939393939394,0.9575757575757575
2025-08-11,2,1011955,MMR013D004,3.0,170.0,161.58888,527.0,562.8111,1641.0,1563.5444,105.04903,93.69313,104.93806,final,Yangon (West),0.8424242424242424,0.8666666666666667,0.9515151515151515
2025-08-21,2,1011953,MMR013D001,158.0,149.42406,172.65485,435.69623,529.8365,1795.5127,1761.9788,86.92364,82.398315,101.89781,final,Yangon (North),0.7696969696969697,0.7515151515151515,0.9575757575757575
2025-08-21,2,1011952,MMR013D002,13.0,154.0,184.24103,461.84616,571.8898,1758.9232,1776.3411,84.01984,80.924675,99.0222,final,Yangon (East),0.7878787878787878,0.7636363636363637,0.9272727272727272
2025-08-21,2,1011954,MMR013D003,164.0,203.32927,228.99147,529.7805,719.1354,1968.6464,2018.6349,89.032845,73.85091,97.52976,final,Yangon (South),0.8666666666666667,0.7696969696969697,0.9393939393939394
2025-08-21,2,1011955,MMR013D004,3.0,129.33333,162.01111,413.6667,511.75555,1583.3335,1617.3667,80.43377,81.018326,97.90225,final,Yangon (West),0.7424242424242424,0.7515151515151515,0.9272727272727272
2025-09-01,2,1011953,MMR013D001,158.0,125.53165,122.24283,425.17722,458.5137,1680.3229,1702.0114,102.58469,92.80788,98.72945,final,Yangon (North),0.6787878787878788,0.7333333333333333,0.9272727272727272
2025-09-01,2,1011952,MMR013D002,13.0,127.30769,119.96923,453.84613,481.84103,1653.1539,1710.5436,105.872215,94.24969,96.654724,final,Yangon (East),0.6848484848484848,0.7454545454545455,0.896969696969697
2025-09-01,2,1011954,MMR013D003,164.0,158.20122,148.67256,554.5854,600.8675,1951.0487,2001.0211,106.20062,92.36102,97.50888,final,Yangon (South),0.7272727272727273,0.8121212121212121,0.9272727272727272
2025-09-01,2,1011955,MMR013D004,3.0,109.666664,103.35555,408.99997,426.95554,1471.0001,1545.1444,105.82445,95.84319,95.21694,final,Yangon (West),0.6696969696969697,0.7454545454545455,0.896969696969697
2025-09-11,2,1011953,MMR013D001,158.0,135.1519,127.03207,410.1076,421.92975,1594.3038,1614.5782,106.14989,97.230896,98.74817,final,Yangon (North),0.7212121212121212,0.7151515151515152,0.8848484848484849
2025-09-11,2,1011952,MMR013D002,13.0,118.0,113.1641,399.30768,417.37436,1563.4617,1602.2411,104.09253,95.722595,97.587204,final,Yangon (East),0.6484848484848484,0.6909090909090909,0.8606060606060606
2025-09-11,2,1011954,MMR013D003,164.0,131.5183,139.45508,493.04877,517.1191,1887.9572,1936.0248,94.50571,95.38988,97.52359,final,Yangon (South),0.696969696969697,0.7454545454545455,0.8909090909090909
2025-09-11,2,1011955,MMR013D004,3.0,94.0,94.32222,333.0,359.68887,1384.3334,1424.3445,99.67558,92.68174,97.20074,final,Yangon (West),0.6181818181818182,0.6727272727272727,0.8484848484848485
2025-09-21,2,1011953,MMR013D001,158.0,186.31645,105.12152,447.0,354.39642,1594.8986,1530.4633,173.73212,125.76642,104.19648,final,Yangon (North),0.8666666666666667,0.7575757575757576,0.8909090909090909
2025-09-21,2,1011952,MMR013D002,13.0,195.46153,95.1718,440.76923,328.3051,1581.3077,1495.7102,200.11774,133.7421,105.703804,final,Yangon (East),0.8606060606060606,0.7333333333333333,0.8666666666666667
2025-09-21,2,1011954,MMR013D003,164.0,254.18292,116.64248,543.90247,404.7701,1946.2378,1856.6348,213.06941,133.95377,104.81313,final,Yangon (South),0.9272727272727272,0.8,0.9212121212121213
2025-09-21,2,1011955,MMR013D004,3.0,160.0,78.48889,363.66666,276.16666,1369.6666,1314.3667,197.63109,131.12033,104.1914,final,Yangon (West),0.8363636363636363,0.696969696969697,0.8363636363636363
2025-10-01,2,1011953,MMR013D001,158.0,142.15823,69.9249,463.6266,302.0785,1401.1898,1398.4728,196.40765,152.60808,100.193596,final,Yangon (North),0.7454545454545455,0.7696969696969697,0.8242424242424242
2025-10-01,2,1011952,MMR013D002,13.0,122.69231,67.43077,436.15387,275.76666,1439.6154,1377.1589,176.29565,157.12474,104.51876,final,Yangon (East),0.6787878787878788,0.7272727272727273,0.8121212121212121
2025-10-01,2,1011954,MMR013D003,164.0,120.55488,75.40203,506.2561,331.4996,1755.9084,1720.4553,156.15884,151.93364,102.05472,final,Yangon (South),0.6545454545454545,0.7515151515151515,0.8424242424242424
2025-10-01,2,1011955,MMR013D004,3.0,113.666664,59.68889,367.66666,232.5,1258.3334,1208.8778,183.44211,156.91228,104.07418,final,Yangon (West),0.6787878787878788,0.7090909090909091,0.8121212121212121
2025-10-11,2,1011953,MMR013D001,158.0,123.955696,52.260548,452.43036,227.30696,1399.9114,1257.4369,225.20862,196.90773,111.285675,final,Yangon (North),0.6666666666666666,0.7636363636363637,0.8181818181818182
2025-10-11,2,1011952,MMR013D002,13.0,92.15385,55.51282,410.30768,218.11539,1401.923,1265.6179,160.55084,186.1403,110.72746,final,Yangon (East),0.6121212121212121,0.703030303030303,0.8
2025-10-11,2,1011954,MMR013D003,164.0,93.597565,61.436584,468.33536,253.4811,1677.2379,1565.0481,148.40854,183.12186,107.14563,final,Yangon (South),0.593939393939394,0.7212121212121212,0.8121212121212121
2025-10-11,2,1011955,MMR013D004,3.0,92.333336,50.8,366.0,188.97778,1226.0,1111.4778,174.43251,191.25902,110.25746,final,Yangon (West),0.6121212121212121,0.703030303030303,0.793939393939394
2025-10-21,2,1011953,MMR013D001,158.0,46.848103,44.842194,312.96204,167.02763,1195.6583,1051.2605,104.02452,184.83195,113.67066,final,Yangon (North),0.5636363636363636,0.6181818181818182,0.7393939393939394
2025-10-21,2,1011952,MMR013D002,13.0,42.23077,41.489742,257.07693,164.43333,1159.6923,1064.6282,101.593956,154.6785,108.88757,final,Yangon (East),0.5333333333333333,0.5757575757575758,0.7151515151515152
2025-10-21,2,1011954,MMR013D003,164.0,41.82927,43.748577,255.9817,180.58719,1329.6647,1304.4927,96.06284,140.62485,101.92227,final,Yangon (South),0.5454545454545454,0.5696969696969697,0.7454545454545455
2025-10-21,2,1011955,MMR013D004,3.0,41.666668,38.366665,247.66667,148.85556,1025.0,936.7778,107.609535,164.2233,109.36763,final,Yangon (West),0.5454545454545454,0.593939393939394,0.7090909090909091
2025-11-01,2,1011953,MMR013D001,158.0,131.8038,19.307594,302.6076,116.41034,1191.4115,877.0025,562.80273,253.36194,135.64717,final,Yangon (North),0.696969696969697,0.6060606060606061,0.7333333333333333
2025-11-01,2,1011952,MMR013D002,13.0,147.92308,23.120512,282.30768,120.12308,1172.3077,877.7308,543.8133,229.62006,133.37111,final,Yangon (East),0.7515151515151515,0.593939393939394,0.7212121212121212
2025-11-01,2,1011954,MMR013D003,164.0,145.18903,24.031708,280.61584,129.21687,1341.4573,1061.584,517.3276,212.80174,126.24016,final,Yangon (South),0.7212121212121212,0.5878787878787879,0.7515151515151515
2025-11-01,2,1011955,MMR013D004,3.0,141.33333,22.711111,275.3333,111.87778,1052.0,771.3333,528.0673,239.85168,136.15286,final,Yangon (West),0.8,0.6181818181818182,0.7212121212121212
2025-11-11,2,1011953,MMR013D001,158.0,3.0253165,4.708017,181.67722,68.8578,1044.2151,718.0945,82.66689,252.75218,145.1007,final,Yangon (North),0.37575757575757573,0.5636363636363636,0.6909090909090909
2025-11-11,2,1011952,MMR013D002,13.0,6.076923,7.425641,196.23077,72.0359,1005.8462,707.52563,89.14569,261.2169,141.86804,final,Yangon (East),0.3939393939393939,0.5636363636363636,0.6848484848484848
2025-11-11,2,1011954,MMR013D003,164.0,5.0670733,7.0768294,192.08537,74.85712,1153.4695,845.45734,83.35858,246.79752,136.21724,final,Yangon (South),0.3939393939393939,0.5636363636363636,0.6909090909090909
2025-11-11,2,1011955,MMR013D004,3.0,6.3333335,7.388889,189.33333,68.46667,888.3333,617.13336,91.47982,264.51904,143.59193,final,Yangon (West),0.39090909090909093,0.5636363636363636,0.6606060606060606
2025-11-21,2,1011953,MMR013D001,158.0,1.056962,4.35654,135.88608,28.372152,895.848,549.7962,64.735054,422.1666,162.37457,final,Yangon (North),0.17272727272727273,0.5333333333333333,0.6545454545454545
2025-11-21,2,1011952,MMR013D002,13.0,1.1538461,8.2384615,155.15384,38.784615,853.00006,531.5231,46.4846,365.77652,159.91858,final,Yangon (East),0.18787878787878787,0.5272727272727272,0.6242424242424243
2025-11-21,2,1011954,MMR013D003,164.0,1.1646341,8.140651,151.42073,39.249187,951.30493,624.6065,46.9127,353.49966,151.8893,final,Yangon (South),0.15151515151515152,0.5333333333333333,0.6484848484848484
2025-11-21,2,1011955,MMR013D004,3.0,1.6666666,9.111111,149.33333,39.211113,760.6666,464.23334,47.244095,349.08267,163.17397,final,Yangon (West),0.18181818181818182,0.5454545454545454,0.6181818181818182
2025-12-01,2,1011953,MMR013D001,158.0,1.0,2.0255275,5.0822783,11.090084,771.3164,429.57892,85.40284,62.661438,178.63647,final,Yangon (North),0.11515151515151516,0.23030303030303031,0.6181818181818182
2025-12-01,2,1011952,MMR013D002,13.0,1.0,3.1692307,8.230769,18.833334,726.6924,414.72308,73.446335,55.513718,174.32741,final,Yangon (East),0.14545454545454545,0.24848484848484848,0.5878787878787879
2025-12-01,2,1011954,MMR013D003,164.0,1.0182927,2.9441056,7.25,18.161585,794.12195,478.87805,75.757965,52.889297,165.14944,final,Yangon (South),0.09696969696969697,0.23636363636363636,0.6060606060606061
2025-12-01,2,1011955,MMR013D004,3.0,1.3333334,3.3555555,9.333333,19.855556,652.3333,364.23334,75.797874,57.666515,178.02654,final,Yangon (West),0.17575757575757575,0.24848484848484848,0.5696969696969697
2025-12-11,2,1011953,MMR013D001,158.0,1.0189873,1.6660337,3.0759492,8.048101,637.18353,304.21286,90.29338,61.893673,207.68332,final,Yangon (North),0.13636363636363635,0.07272727272727272,0.5575757575757576
2025-12-11,2,1011952,MMR013D002,13.0,1.5384616,3.071795,3.692308,14.479487,610.2308,304.63077,81.003815,44.62288,198.6982,final,Yangon (East),0.20606060606060606,0.12727272727272726,0.5454545454545454
2025-12-11,2,1011954,MMR013D003,164.0,1.0853659,2.2821138,3.2682924,13.36687,663.689,341.70508,83.56592,45.017426,192.8697,final,Yangon (South),0.12727272727272726,0.09090909090909091,0.5575757575757576
2025-12-11,2,1011955,MMR013D004,3.0,2.0,3.211111,5.0,15.677778,560.3333,273.12222,85.250336,48.361095,203.26793,final,Yangon (West),0.22727272727272727,0.1606060606060606,0.5454545454545454
2025-12-21,2,1011953,MMR013D001,158.0,1.0379747,1.7759494,3.056962,5.4675107,451.9051,200.86731,89.10892,76.971146,221.94154,final,Yangon (North),0.15151515151515152,0.06363636363636363,0.49696969696969695
2025-12-21,2,1011952,MMR013D002,13.0,1.6923077,3.1794872,4.230769,9.420513,416.46155,212.63846,81.818184,64.011375,193.65216,final,Yangon (East),0.21818181818181817,0.1606060606060606,0.47878787878787876
2025-12-21,2,1011954,MMR013D003,164.0,1.2439024,2.5910568,3.3475611,7.8172765,410.74997,227.65366,82.253395,65.12742,178.69908,final,Yangon (South),0.17575757575757575,0.10303030303030303,0.4727272727272727
2025-12-21,2,1011955,MMR013D004,3.0,2.0,3.3555555,5.3333335,9.922222,402.33334,197.98889,83.776596,69.247955,200.66782,final,Yangon (West),0.22727272727272727,0.18181818181818182,0.47878787878787876
2026-01-01,2,1011953,MMR013D001,158.0,1.0,1.164768,3.056962,4.520464,310.74686,134.7886,97.32726,84.62783,225.87454,final,Yangon (North),0.11515151515151516,0.06363636363636363,0.45454545454545453
2026-01-01,2,1011952,MMR013D002,13.0,1.0,1.0871795,4.230769,7.1641026,294.76923,149.81538,98.56781,75.88532,193.63013,final,Yangon (East),0.14545454545454545,0.1606060606060606,0.4303030303030303
2026-01-01,2,1011954,MMR013D003,164.0,1.0243902,1.2136179,3.3536587,5.9359756,291.21948,156.34552,96.954636,76.386955,183.59325,final,Yangon (South),0.10303030303030303,0.10909090909090909,0.42424242424242425
2026-01-01,2,1011955,MMR013D004,3.0,1.0,1.1,5.0,7.477778,289.66666,142.68889,98.36066,80.14248,199.51851,final,Yangon (West),0.14545454545454545,0.1606060606060606,0.4303030303030303
2026-01-11,2,1011953,MMR013D001,158.0,0.98734176,1.0799578,3.0253167,3.972152,187.77847,78.82806,98.4767,89.44695,229.9689,final,Yangon (North),0.08484848484848485,0.05454545454545454,0.4
2026-01-11,2,1011952,MMR013D002,13.0,0.23076923,0.23589744,2.9230769,4.4076924,202.84616,89.597435,99.902054,84.21913,219.71648,final,Yangon (East),0.05757575757575758,0.10606060606060606,0.4
2026-01-11,2,1011954,MMR013D003,164.0,0.4695122,0.5623984,2.737805,4.3006096,198.09146,91.38638,98.3301,83.19675,210.70554,final,Yangon (South),0.024242424242424242,0.06060606060606061,0.40606060606060607
2026-01-11,2,1011955,MMR013D004,3.0,0.0,0.033333335,3.0,4.388889,197.33333,87.3,99.33775,85.2071,219.21269,final,Yangon (West),0.05757575757575758,0.11515151515151516,0.4
2026-01-21,2,1011953,MMR013D001,158.0,0.98734176,1.0831224,2.9746835,3.327848,141.91771,37.42173,98.42547,95.75923,346.32654,final,Yangon (North),0.08484848484848485,0.03939393939393939,0.3696969696969697
2026-01-21,2,1011952,MMR013D002,13.0,0.23076923,0.26666668,1.4615386,1.5897436,160.84616,50.55385,99.3184,98.054474,298.53226,final,Yangon (East),0.05757575757575758,0.07272727272727272,0.3696969696969697
2026-01-21,2,1011954,MMR013D003,164.0,0.56707317,0.775,2.0609756,2.5510163,156.82927,50.384758,96.399536,93.51027,292.19098,final,Yangon (South),0.03636363636363636,0.01818181818181818,0.37575757575757573
2026-01-21,2,1011955,MMR013D004,3.0,0.0,0.011111111,1.0,1.1444445,155.66666,50.944443,99.77827,97.649185,287.18967,final,Yangon (West),0.05757575757575758,0.07272727272727272,0.36363636363636365
2026-02-01,2,1011953,MMR013D001,158.0,1.2151898,0.91518986,3.1898732,3.07827,11.329114,19.133121,105.071686,101.381516,67.66266,final,Yangon (North),0.21212121212121213,0.09090909090909091,0.048484848484848485
2026-02-01,2,1011952,MMR013D002,13.0,0.15384616,0.025641026,0.61538464,0.52820516,13.076922,27.458975,102.55102,101.576996,55.6916,final,Yangon (East),0.03333333333333333,0.01818181818181818,0.03636363636363636
2026-02-01,2,1011954,MMR013D003,164.0,1.3170732,0.75955284,2.3536587,2.0969512,12.957316,27.237602,109.679924,103.61714,55.70302,final,Yangon (South),0.18181818181818182,0.030303030303030304,0.01818181818181818
2026-02-01,2,1011955,MMR013D004,3.0,0.0,0.0,0.0,0.044444446,14.333333,28.244446,100.0,99.11894,58.15507,final,Yangon (West),0.05757575757575758,0.02727272727272727,0.048484848484848485
2026-02-11,2,1011953,MMR013D001,158.0,1.5189873,0.9263713,3.721519,2.9246836,9.822785,14.816245,109.99964,110.055115,74.80118,final,Yangon (North),0.24848484848484848,0.15757575757575756,0.006060606060606061
2026-02-11,2,1011952,MMR013D002,13.0,0.7692308,0.30512822,1.1538461,0.5974359,7.7692313,19.561539,108.748184,109.940445,51.988728,final,Yangon (East),0.1,0.045454545454545456,0.006060606060606061
2026-02-11,2,1011954,MMR013D003,164.0,1.8963414,1.0912602,3.780488,2.625813,9.786585,20.461788,113.216995,115.14166,58.073627,final,Yangon (South),0.24848484848484848,0.12121212121212122,0.006060606060606061
2026-02-11,2,1011955,MMR013D004,3.0,0.0,0.0,0.0,0.011111111,8.0,20.122223,100.0,99.77827,51.747013,final,Yangon (West),0.05757575757575758,0.02727272727272727,0.006060606060606061
2026-02-21,2,1011953,MMR013D001,158.0,1.886076,1.0044304,4.620253,2.8459916,10.651899,11.368776,114.68326,122.613594,95.62046,final,Yangon (North),0.3212121212121212,0.21212121212121213,0.012121212121212121
2026-02-21,2,1011952,MMR013D002,13.0,2.8461537,1.2333333,3.7692306,1.5641025,9.461538,12.051282,125.874115,133.59375,84.812035,final,Yangon (East),0.3151515151515151,0.13333333333333333,0.012121212121212121
2026-02-21,2,1011954,MMR013D003,164.0,2.890244,1.3359756,6.1036587,3.1867886,11.512196,13.222358,124.53084,135.62898,90.61503,final,Yangon (South),0.32727272727272727,0.21818181818181817,0.012121212121212121
2026-02-21,2,1011955,MMR013D004,3.0,3.0,1.0666667,3.0,1.0666667,9.333334,11.655556,131.86813,131.86813,86.05737,final,Yangon (West),0.29393939393939394,0.11515151515151516,0.012121212121212121
2026-03-01,2,1011953,MMR013D001,158.0,5.689873,3.2405064,9.094936,5.171308,15.341772,12.770042,129.7235,138.57544,114.47228,final,Yangon (North),0.42424242424242425,0.32727272727272727,0.07878787878787878
2026-03-01,2,1011952,MMR013D002,13.0,12.384615,7.6179485,16.0,9.15641,20.846153,16.848719,137.77687,148.3427,118.29597,final,Yangon (East),0.44242424242424244,0.3393939393939394,0.13333333333333333
2026-03-01,2,1011954,MMR013D003,164.0,10.737804,5.9426827,15.524389,8.369919,21.231707,16.402845,143.82036,153.51169,122.561775,final,Yangon (South),0.4484848484848485,0.36363636363636365,0.15151515151515152
2026-03-01,2,1011955,MMR013D004,3.0,14.666667,8.533334,17.666668,9.6,22.666668,17.122223,145.3202,155.25114,125.06279,final,Yangon (West),0.4575757575757576,0.3393939393939394,0.1393939393939394
2026-03-11,2,1011953,MMR013D001,158.0,6.949367,3.8149788,14.525316,8.059916,21.272152,14.956751,135.55753,149.50569,131.64545,final,Yangon (North),0.4484848484848485,0.3878787878787879,0.16363636363636364
2026-03-11,2,1011952,MMR013D002,13.0,15.615385,9.279488,30.846153,18.13077,34.923077,23.135897,144.37062,154.97173,141.89374,final,Yangon (East),0.4636363636363636,0.3878787878787879,0.17575757575757575
2026-03-11,2,1011954,MMR013D003,164.0,13.506098,6.6727643,27.134146,13.951423,33.65244,20.877846,158.54085,169.5606,149.36499,final,Yangon (South),0.4666666666666667,0.40606060606060607,0.18181818181818182
2026-03-11,2,1011955,MMR013D004,3.0,18.666666,10.622222,36.333336,20.222223,39.333336,24.622223,151.49359,163.87665,149.66243,final,Yangon (West),0.48484848484848486,0.40606060606060607,0.18181818181818182
2026-03-21,2,1011953,MMR013D001,158.0,6.474684,5.514346,19.113924,12.569832,26.70886,18.743671,109.13359,137.24619,133.54659,final,Yangon (North),0.44242424242424244,0.41818181818181815,0.23030303030303031
2026-03-21,2,1011952,MMR013D002,13.0,12.461538,12.694872,40.46154,29.592308,45.692307,32.746155,98.68135,131.42094,134.29793,final,Yangon (East),0.4484848484848485,0.41818181818181815,0.21818181818181817
2026-03-21,2,1011954,MMR013D003,164.0,11.152439,10.266666,35.39634,22.882114,43.560978,28.619919,105.802,144.88263,144.44109,final,Yangon (South),0.46060606060606063,0.42424242424242425,0.23636363636363636
2026-03-21,2,1011955,MMR013D004,3.0,14.666667,13.811111,48.0,32.966667,52.000004,35.17778,104.54814,139.59615,141.86948,final,Yangon (West),0.4575757575757576,0.42424242424242425,0.23030303030303031
2026-04-01,2,1011953,MMR013D001,158.0,0.20253165,0.46181434,13.626583,9.79114,25.911392,18.040718,95.252815,125.93068,134.15985,final,Yangon (North),0.012121212121212121,0.37575757575757573,0.22424242424242424
2026-04-01,2,1011952,MMR013D002,13.0,1.5384616,2.202564,29.615385,24.176924,46.230766,33.861538,90.77964,118.6396,131.82898,final,Yangon (East),0.20606060606060606,0.38181818181818183,0.22424242424242424
2026-04-01,2,1011954,MMR013D003,164.0,0.80487806,1.1587398,25.463415,18.098171,43.34146,28.56504,94.25432,131.8867,144.02325,final,Yangon (South),0.06666666666666667,0.4,0.23030303030303031
2026-04-01,2,1011955,MMR013D004,3.0,2.0,3.0777779,35.333332,27.51111,53.000004,37.155556,86.65749,124.06015,137.58568,final,Yangon (West),0.22727272727272727,0.3878787878787879,0.23636363636363636
2026-04-11,2,1011953,MMR013D001,158.0,0.556962,1.5388186,7.2341776,7.514979,25.481014,18.499578,84.98419,97.75629,129.70877,final,Yangon (North),0.030303030303030304,0.28484848484848485,0.21818181818181817
2026-04-11,2,1011952,MMR013D002,13.0,1.4615384,4.1076922,15.461538,19.005129,47.46154,37.733334,70.945946,85.2382,122.76491,final,Yangon (East),0.19393939393939394,0.3333333333333333,0.23030303030303031
2026-04-11,2,1011954,MMR013D003,164.0,0.8414634,3.1349592,12.79878,14.560366,43.713417,31.137602,71.80692,90.99411,134.7998,final,Yangon (South),0.07575757575757576,0.3393939393939394,0.24242424242424243
2026-04-11,2,1011955,MMR013D004,3.0,2.0,5.0,18.666668,21.88889,55.000004,42.122223,70.0,88.01653,127.32847,final,Yangon (West),0.22727272727272727,0.3515151515151515,0.24242424242424243
2026-04-21,2,1011953,MMR013D001,158.0,4.620253,10.113713,5.379747,12.114346,29.113924,27.530169,63.652473,60.649395,104.868576,final,Yangon (North),0.4,0.24848484848484848,0.24242424242424243
2026-04-21,2,1011952,MMR013D002,13.0,4.0,16.407692,7.0,22.717949,51.230766,53.87436,42.040966,43.293247,95.50977,final,Yangon (East),0.3515151515151515,0.22424242424242424,0.24848484848484848
2026-04-21,2,1011954,MMR013D003,164.0,3.5487804,15.779879,5.195122,20.073578,46.69512,46.14248,41.139706,40.660816,101.0806,final,Yangon (South),0.34545454545454546,0.16363636363636364,0.2545454545454545
2026-04-21,2,1011955,MMR013D004,3.0,4.3333335,16.033333,8.333334,24.11111,59.333336,58.144447,44.374012,45.80153,101.882805,final,Yangon (West),0.34545454545454546,0.23939393939393938,0.2545454545454545
2026-05-01,2,1011953,MMR013D001,158.0,46.740505,43.62215,51.91772,55.274685,74.63924,70.23713,106.413445,94.43056,105.85098,final,Yangon (North),0.5575757575757576,0.48484848484848486,0.3212121212121212
2026-05-01,2,1011952,MMR013D002,13.0,44.923077,54.2,50.384613,74.715385,96.0,108.04872,84.32952,69.47794,89.34201,final,Yangon (East),0.5515151515151515,0.44242424242424244,0.3151515151515151
2026-05-01,2,1011954,MMR013D003,164.0,39.987804,56.502235,44.378048,75.417076,85.36586,101.88516,73.14825,61.40244,84.544815,final,Yangon (South),0.5393939393939394,0.4484848484848485,0.3151515151515151
2026-05-01,2,1011955,MMR013D004,3.0,38.0,45.68889,44.333332,66.72222,97.333336,103.833336,84.831215,68.78388,94.027565,final,Yangon (West),0.5212121212121212,0.41818181818181815,0.3090909090909091
2026-05-11,2,1011953,MMR013D001,158.0,70.44936,76.12764,121.81012,129.8635,143.56961,145.4384,93.00081,94.028496,98.757774,final,Yangon (North),0.5818181818181818,0.5212121212121212,0.37575757575757573
2026-05-11,2,1011952,MMR013D002,13.0,81.69231,95.03846,130.61539,165.64615,176.92308,202.78204,86.65898,79.471695,87.55476,final,Yangon (East),0.5878787878787879,0.5212121212121212,0.37575757575757573
2026-05-11,2,1011954,MMR013D003,164.0,99.27439,101.97988,142.81097,174.262,182.7439,202.77377,97.47103,82.45528,90.359764,final,Yangon (South),0.6,0.5272727272727272,0.38181818181818183
2026-05-11,2,1011955,MMR013D004,3.0,71.0,83.37778,113.33333,145.1,168.33334,187.2111,85.99447,78.83632,90.178635,final,Yangon (West),0.5878787878787879,0.5151515151515151,0.38181818181818183
2026-05-21,2,1011953,MMR013D001,158.0,158.27216,98.587555,275.46204,218.33734,299.9557,243.02151,157.61754,125.57776,122.95534,final,Yangon (North),0.8,0.6,0.4484848484848485
2026-05-21,2,1011952,MMR013D002,13.0,184.92308,120.95898,311.53845,270.19745,359.0,322.5077,150.7817,115.0223,111.14243,final,Yangon (East),0.8484848484848485,0.6121212121212121,0.45454545454545453
2026-05-21,2,1011954,MMR013D003,164.0,177.93903,121.26484,317.20123,279.74695,357.7927,322.70264,144.88518,113.15353,110.70789,final,Yangon (South),0.793939393939394,0.6121212121212121,0.46060606060606063
2026-05-21,2,1011955,MMR013D004,3.0,176.33333,108.18889,285.3333,237.25555,341.66666,294.33334,160.20418,119.845894,115.81291,final,Yangon (West),0.8545454545454545,0.6242424242424243,0.45454545454545453
2026-06-01,2,1011953,MMR013D001,158.0,188.48102,182.21013,417.20255,356.92532,482.74683,421.99115,103.34965,116.6546,114.22878,final,Yangon (North),0.8787878787878788,0.7212121212121212,0.509090909090909
2026-06-01,2,1011952,MMR013D002,13.0,192.53847,185.76666,459.15387,401.7641,539.1539,500.6564,103.54978,114.108864,107.61336,final,Yangon (East),0.8545454545454545,0.7515151515151515,0.5151515151515151
2026-06-01,2,1011954,MMR013D003,164.0,197.85365,166.28638,475.06708,389.5311,544.9085,483.04633,118.42953,121.68041,112.675476,final,Yangon (South),0.8484848484848485,0.7333333333333333,0.5151515151515151
2026-06-01,2,1011955,MMR013D004,3.0,187.33333,175.57777,434.66666,367.14444,514.3333,461.37778,106.50997,118.14408,111.35465,final,Yangon (West),0.8757575757575757,0.7818181818181819,0.5212121212121212
2026-06-11,2,1011953,MMR013D001,158.0,238.29114,214.4652,585.0443,495.26288,714.0886,632.64136,110.85637,117.94685,112.7732,final,Yangon (North),0.9272727272727272,0.8909090909090909,0.5878787878787879
2026-06-11,2,1011952,MMR013D002,13.0,264.0,221.46666,641.46155,528.1923,787.53845,712.84357,118.78128,121.2436,110.40546,final,Yangon (East),0.9454545454545454,0.9151515151515152,0.6060606060606061
2026-06-11,2,1011954,MMR013D003,164.0,220.60365,204.45143,596.3963,492.00266,752.00604,680.825,107.711685,121.00464,110.37888,final,Yangon (South),0.9030303030303031,0.8606060606060606,0.5818181818181818
2026-06-11,2,1011955,MMR013D004,3.0,240.33333,215.12222,604.0,498.8889,735.99994,665.87775,111.45323,120.85998,110.45231,final,Yangon (West),0.9515151515151515,0.9454545454545454,0.6121212121212121
2026-06-21,2,1011953,MMR013D001,158.0,198.57594,189.2365,625.3481,585.9118,906.1898,816.3635,104.80828,106.6738,110.93623,final,Yangon (North),0.896969696969697,0.9272727272727272,0.6606060606060606
2026-06-21,2,1011952,MMR013D002,13.0,149.76923,201.70256,606.3077,608.9359,924.8461,901.85126,74.87533,99.5719,102.53569,final,Yangon (East),0.7636363636363637,0.8909090909090909,0.6424242424242425
2026-06-21,2,1011954,MMR013D003,164.0,104.097565,196.03252,522.5549,566.7703,844.9512,866.5909,54.268616,92.26692,97.51722,final,Yangon (South),0.6121212121212121,0.7636363636363637,0.6242424242424243
2026-06-21,2,1011955,MMR013D004,3.0,114.666664,188.46666,542.3333,579.1667,836.0,840.5333,61.853897,93.69472,99.46385,final,Yangon (West),0.6909090909090909,0.8878787878787879,0.6363636363636364
2026-07-01,2,1011953,MMR013D001,158.0,238.81645,201.9154,675.68353,605.61707,1144.8037,1017.81714,117.83388,111.47469,112.415375,prelim,Yangon (North),0.9333333333333333,0.9575757575757575,0.7212121212121212
2026-07-01,2,1011952,MMR013D002,13.0,222.3077,185.98206,636.0769,609.1513,1145.6154,1085.6307,119.02045,104.38419,105.49999,prelim,Yangon (East),0.906060606060606,0.9090909090909091,0.7090909090909091
2026-07-01,2,1011954,MMR013D003,164.0,211.43292,211.5815,536.13416,612.0654,1055.5793,1077.0137,99.931404,87.69478,98.019035,prelim,Yangon (South),0.8848484848484849,0.7878787878787878,0.6727272727272727
2026-07-01,2,1011955,MMR013D004,3.0,187.33333,165.17778,542.3333,568.76666,1021.3333,1002.6333,113.01906,95.39301,101.85583,prelim,Yangon (West),0.8757575757575757,0.8878787878787879,0.703030303030303
2026-07-11,2,1011953,MMR013D001,158.0,153.3671,193.29642,590.7595,584.4483,1297.6139,1209.5747,79.86382,101.0707,107.24856,prelim,Yangon (North),0.7878787878787878,0.896969696969697,0.7757575757575758
2026-07-11,2,1011952,MMR013D002,13.0,175.61539,167.05385,547.69226,554.73846,1319.7692,1248.5769,104.97608,98.741165,105.67913,prelim,Yangon (East),0.8242424242424242,0.8242424242424242,0.7757575757575758
2026-07-11,2,1011954,MMR013D003,164.0,222.79878,216.8437,538.3293,624.4577,1277.5366,1290.7224,102.68436,86.31705,98.98236,prelim,Yangon (South),0.9090909090909091,0.793939393939394,0.7272727272727273
2026-07-11,2,1011955,MMR013D004,3.0,158.33333,148.2,460.3333,501.84445,1177.6666,1145.8334,106.61445,91.80988,102.766106,prelim,Yangon (West),0.8242424242424242,0.8121212121212121,0.7757575757575758
2026-07-21,2,1011953,MMR013D001,158.0,270.78482,251.01857,662.9684,646.2304,1563.7784,1450.4795,107.720634,102.57021,107.78431,prelim,Yangon (North),0.9696969696969697,0.9515151515151515,0.8727272727272727
2026-07-21,2,1011952,MMR013D002,13.0,284.6154,242.47949,682.53845,595.5154,1600.3845,1474.6487,117.02602,114.4914,108.49768,prelim,Yangon (East),0.9636363636363636,0.9454545454545454,0.8848484848484849
2026-07-21,2,1011954,MMR013D003,164.0,323.10974,304.30408,757.34143,732.72925,1597.0975,1579.2466,106.079994,103.336205,101.12678,prelim,Yangon (South),0.9696969696969697,0.9515151515151515,0.806060606060606
2026-07-21,2,1011955,MMR013D004,3.0,246.66667,213.06667,592.3333,526.44446,1419.9999,1342.8667,115.408134,112.39806,105.7226,prelim,Yangon (West),0.9696969696969697,0.9303030303030303,0.8787878787878788
