{"type": "FeatureCollection", "features": [{"type": "Feature", "properties": {"adm4_name": "Urban", "adm4_name1": null, "adm4_name2": null, "adm4_name3": null, "adm4_pcode": "MMR013001701", "adm3_name": "Insein", "adm3_name1": "အင်းစိန်", "adm3_name2": null, "adm3_name3": null, "adm3_pcode": "MMR013001", "adm2_name": "Yangon (North)", "adm2_name1": "ရန်ကုန်(မြောက်ပိုင်း)", "adm2_name2": null, "adm2_name3": null, "adm2_pcode": "MMR013D001", "adm1_name": "Yangon", "adm1_name1": "ရန်ကုန်တိုင်းဒေသကြီး", "adm1_name2": null, "adm1_name3": null, "adm1_pcode": "MMR013", "adm0_name": "Myanmar", "adm0_name1": "မြန်မာနိုင်ငံ", "adm0_name2": null, "adm0_name3": null, "adm0_pcode": "MMR", "valid_on": "2024-02-15T00:00:00", "valid_to": null, "area_sqkm": 30.4510723, "version": "v01", "lang": "en", "lang1": "my", "lang2": null, "lang3": null, "adm4_ref_name": "Urban", "center_lat": 16.90282377, "center_lon": 96.10389661}, "geometry": {"type": "Polygon", "coordinates": [[[96.10868319800011, 16.94180548000014], [96.10868233800005, 16.941805947999967], [96.10850715600009, 16.941901207000114], [96.10825729400005, 16.94206428600006], [96.10825491400004, 16.94206516700001], [96.10822855900005, 16.94207492300012], [96.10820126700014, 16.942085026000143], [96.10792940300018, 16.942185662000156], [96.10760323700003, 16.942195874000106], [96.10756388500016, 16.942197106000037], [96.10722287500016, 16.942475001], [96.10711111800009, 16.94262281200008], [96.10705410400016, 16.94269821900002], [96.10691187000009, 16.94264048800011], [96.1068042760001, 16.94259681700015], [96.10655927700014, 16.94240789400004], [96.10652427700012, 16.94238090500005], [96.10651817200005, 16.942379636], [96.10603523300011, 16.94227917900014], [96.10550051200005, 16.94189603500007], [96.10547557300004, 16.941878165], [96.10546961700004, 16.941873897], [96.1054110190002, 16.94185479500004], [96.10490377600001, 16.941689441], [96.10487174900015, 16.941679001000068], [96.10485521400011, 16.941673894000076], [96.10461235100018, 16.94159889200006], [96.10410499600005, 16.94144439700017], [96.10405818600009, 16.94142881800002], [96.10370699500004, 16.94131194200014], [96.10349527300014, 16.941190373000097], [96.10335636100018, 16.941110611000113], [96.10320058500008, 16.940993367000146], [96.10296609700004, 16.940816879000124], [96.10292841500012, 16.94080337800017], [96.1026493710001, 16.940703392000046], [96.1026548550002, 16.94075816700007], [96.10261332400006, 16.940701730000114], [96.10241028000013, 16.940692368000043], [96.10231278200007, 16.940687873000115], [96.10226566300014, 16.940670511000064], [96.1019673780001, 16.940560601000072], [96.10183751400018, 16.94039742700005], [96.10178583800018, 16.940332495000177], [96.10173416100008, 16.940267563000134], [96.10168991900014, 16.94021271800011], [96.10155719300019, 16.940048184000034], [96.10133781400003, 16.939776229000188], [96.10117537900004, 16.939646078000123], [96.10097265200005, 16.939483642000027], [96.10071699700012, 16.939336689000015], [96.100570043, 16.939252218000092], [96.09954261799999, 16.938793182000097], [96.09888839800004, 16.938529969000058], [96.09825706500015, 16.93828964200003], [96.09800415100017, 16.938214558000027], [96.09793968200006, 16.938195419000124], [96.09712028500007, 16.938291549999974], [96.09664619900008, 16.938324819000172], [96.09625053400009, 16.938352585000132], [96.09602292100004, 16.93836941], [96.09532165500008, 16.938421250000033], [96.09500026700016, 16.938441277000038], [96.09467887900018, 16.938461303999986], [96.09435985599998, 16.938496642000075], [96.09405899100005, 16.938529969000058], [96.09379577600004, 16.938563347000184], [96.09355998500018, 16.93849380200004], [96.09345626800018, 16.938463211000055], [96.09336412300013, 16.938452921000078], [96.09314912100012, 16.938428911000074], [96.09308052, 16.938421250000033], [96.09268074000016, 16.938381577000087], [96.09258079500017, 16.93837165800005], [96.09249811500007, 16.93836715900011], [96.0920200340002, 16.93834114100008], [96.09152157500006, 16.938311883000154], [96.0914351150002, 16.938306808], [96.0911006930001, 16.938260079000145], [96.09101724600004, 16.938276182000152], [96.09082889600006, 16.938312531], [96.09054838100019, 16.93839683000016], [96.09046077700009, 16.938423157000102], [96.09040694700008, 16.938444109999978], [96.09000015300012, 16.938602448000154], [96.08973898900001, 16.938699866000036], [96.08951950100015, 16.938781738000046], [96.08928649000018, 16.93886228800011], [96.08923602500016, 16.93887973400018], [96.08918037700016, 16.93889897100007], [96.08893648800017, 16.938983281000105], [96.08855247500009, 16.93906211800015], [96.08819198700013, 16.939130783000053], [96.08720970100018, 16.939302444000134], [96.08670743300019, 16.939418157000034], [96.0866688550002, 16.939434242], [96.08666760500012, 16.939434764000055], [96.08636283800018, 16.93956184400008], [96.08624293700012, 16.939603114000136], [96.08589458500006, 16.939723015000027], [96.08574940400007, 16.93974635500018], [96.08554458700007, 16.93977928200013], [96.08529228300017, 16.939833527000133], [96.08516311700015, 16.93986129800004], [96.08503394700011, 16.939880457000072], [96.08494783300011, 16.939893230000166], [96.0847644800001, 16.939920425000025], [96.08444213899998, 16.93998580600004], [96.08436012300012, 16.940002441000047], [96.08406181400005, 16.940076065000085], [96.08363227800004, 16.93994102500011], [96.08328914600008, 16.939737320000063], [96.08289146400006, 16.939631780000013], [96.08284060100016, 16.939624409000032], [96.08254051200015, 16.93958091700017], [96.08217239400005, 16.939530373000082], [96.08174781800011, 16.93942680300006], [96.0812486760002, 16.939217486000018], [96.08119201700003, 16.939193726000042], [96.0808452710001, 16.939048523000167], [96.08077800000012, 16.939020354000093], [96.08071072900015, 16.938992183000153], [96.08017349300013, 16.938857079000172], [96.07974586500006, 16.938983536000023], [96.0792306260002, 16.938998541000103], [96.07876523400006, 16.938967386000115], [96.0785533780001, 16.938876917000186], [96.07839927700007, 16.938811111000064], [96.07833347000019, 16.938715753000167], [96.078302425, 16.938670768000122], [96.07827264600013, 16.93862761700018], [96.07824882100005, 16.938593094000055], [96.07822895100014, 16.9385643010001], [96.07796669000004, 16.938269615000024], [96.07784385700012, 16.93842973700015], [96.07773773300005, 16.938568078000117], [96.07772102400014, 16.938589859000047], [96.07763290400015, 16.93897819500006], [96.07760834700014, 16.938975107000147], [96.0774531900002, 16.938955592000013], [96.07732454900014, 16.93893941200014], [96.0773245310001, 16.938938052000026], [96.07731914500005, 16.938530922000098], [96.0771190640001, 16.93818702700014], [96.07709541300017, 16.937850571000183], [96.07732963600012, 16.93710327200006], [96.07739893600012, 16.936851502000025], [96.0774272910001, 16.93660011300011], [96.07726097099999, 16.93584823600014], [96.07709160900004, 16.935152959999982], [96.07697105400007, 16.934658050999985], [96.07678308000015, 16.933801914000128], [96.07676124500006, 16.933702468999968], [96.07665062000007, 16.933214187999965], [96.07658958500008, 16.932888031000118], [96.07655042300019, 16.932732442000088], [96.07663169800009, 16.932656618000067], [96.0767346560001, 16.932465667000145], [96.07681485800015, 16.932316919000073], [96.07666174100018, 16.931906925000078], [96.07663111700015, 16.93182492600016], [96.07607750800008, 16.931561902000055], [96.07536454900014, 16.931223134000106], [96.07499414200015, 16.931083354000066], [96.07463752000012, 16.930948775000047], [96.07394909200019, 16.93068898400014], [96.07365379500015, 16.93051856500017], [96.07177496100013, 16.929434277000155], [96.07177442900007, 16.929433970000048], [96.07191745100005, 16.92929755400013], [96.07226145300007, 16.928969440000117], [96.072678596, 16.928571564000094], [96.0727642650001, 16.9284722110001], [96.073629648, 16.92746861000012], [96.07402167700002, 16.926750682000034], [96.07436253700018, 16.92612645700018], [96.07460061000006, 16.925690469000187], [96.07545937500015, 16.924117798000168], [96.07625328900014, 16.922663889000034], [96.0764460150001, 16.922310947000142], [96.07650182200018, 16.92220874700007], [96.07725890600011, 16.92033970800003], [96.07778729000012, 16.919035269], [96.07805631500008, 16.91837111800004], [96.0781173740001, 16.918220379000104], [96.07811912900013, 16.91821604600017], [96.07834021600007, 16.91767024000012], [96.07854658200006, 16.917160778000095], [96.0786240060001, 16.916969640000104], [96.07913010600004, 16.915720212999986], [96.08009582500011, 16.914009847000045], [96.08065280800008, 16.913023383000166], [96.08087155400005, 16.912635966000153], [96.0813764150002, 16.911741817000177], [96.08223955699998, 16.910213123000176], [96.0823284330001, 16.910055715999988], [96.08255985100004, 16.909645856], [96.08284561500005, 16.909139745000175], [96.08284568300007, 16.909139632000063], [96.08419163800016, 16.906923482000025], [96.08487265100007, 16.904518464000148], [96.0856102240001, 16.901913702000115], [96.085675922, 16.901681688999986], [96.08595865700005, 16.89964192800005], [96.0859699070001, 16.899560756000085], [96.08597000400005, 16.899560062000035], [96.08583992000007, 16.898261410999964], [96.0855761110002, 16.895627749000028], [96.08527192700006, 16.892591025000115], [96.08530224700013, 16.89201002800013], [96.08531270700007, 16.89180959100014], [96.08544107100005, 16.889349892000098], [96.08544850400006, 16.889207471000134], [96.08545222000015, 16.88913626100009], [96.08556518600011, 16.88697161300007], [96.08573127500006, 16.886085193000042], [96.08625919100007, 16.883267694000097], [96.0877238240002, 16.879357994000088], [96.09129933900016, 16.871911050000108], [96.09273673000018, 16.86861239600006], [96.09315985500012, 16.867541941000013], [96.09316008100012, 16.867541370000083], [96.0938889430002, 16.86569743600012], [96.0940720970001, 16.865234078000128], [96.09461342200018, 16.863864590000162], [96.09482596300012, 16.86332688600004], [96.09527322300016, 16.862195371000155], [96.09640268400011, 16.862896241000044], [96.09715766900013, 16.863078690000123], [96.09748077400013, 16.863077164000174], [96.09774589600005, 16.863216401000045], [96.09805584000009, 16.86336898800016], [96.09835338600004, 16.86344718900017], [96.09865665400008, 16.86355304700004], [96.09889259300013, 16.863679505], [96.09916496300013, 16.863910294], [96.09953403500009, 16.864055633000078], [96.09994411500008, 16.864162445000034], [96.10035324100005, 16.864318212], [96.1006473540001, 16.86419334400017], [96.10092290300008, 16.86388015800003], [96.10123697900013, 16.86388969400008], [96.1015990570001, 16.86405944800009], [96.10187530600012, 16.864113213], [96.10194206200015, 16.864126205000048], [96.10203886100004, 16.864148765000095], [96.1023573880002, 16.86422300400011], [96.10274060600011, 16.86437734000009], [96.102841389, 16.86445295600015], [96.10301431000005, 16.864582697000117], [96.10319900500014, 16.86488113400003], [96.10331862300006, 16.865161623000063], [96.10346447300003, 16.865385055000104], [96.10357785300005, 16.86546646900007], [96.10371017400007, 16.865561485000114], [96.10403548300008, 16.86576101500009], [96.10425758400004, 16.865972520000128], [96.10455894500018, 16.86641184500013], [96.1047166190001, 16.866678874000115], [96.10476749400016, 16.866715126000088], [96.10484226700004, 16.86676840800004], [96.10485553400014, 16.866777862000163], [96.10490962000017, 16.86681640100005], [96.10505758000016, 16.866921834000152], [96.10541852300008, 16.867274348000024], [96.10587959300005, 16.867471695000063], [96.10617038200002, 16.867699487000095], [96.1065082560001, 16.86789703400018], [96.10701370300006, 16.868147850000184], [96.10709241100005, 16.86820082899999], [96.10715832100016, 16.868245194000053], [96.10728502300014, 16.86833047800019], [96.1074581150001, 16.868428197000185], [96.10759162900013, 16.86850357100019], [96.10796383400009, 16.868687494000028], [96.10839271600008, 16.868860244000132], [96.10883522100016, 16.869036675000075], [96.109318733, 16.869204521000086], [96.10957972300014, 16.869264648000183], [96.1096954350001, 16.869291306000093], [96.10983544100014, 16.869325238000044], [96.1101636890001, 16.86940479300017], [96.11065324200007, 16.869459152000104], [96.1109619140002, 16.86942482000012], [96.11140632700011, 16.869346618000066], [96.11173439100008, 16.869307519000074], [96.11212730500006, 16.869337501000075], [96.11217180900019, 16.86934089700003], [96.11234408200016, 16.869402740000055], [96.11257479700015, 16.869485562000023], [96.11270904500003, 16.869745636], [96.11279583000004, 16.87005519900015], [96.11295585600016, 16.87032508900012], [96.11301326800009, 16.870384771000033], [96.1132164, 16.870595932000015], [96.11342112200009, 16.87075177200012], [96.11348533600005, 16.870800654000107], [96.11375427300004, 16.870962143000042], [96.11400628500007, 16.87110509000007], [96.11407775800006, 16.871145630000058], [96.11432177199998, 16.871346807000066], [96.11546770700005, 16.87229156500007], [96.11638459700004, 16.872788345000174], [96.11715998000017, 16.87320845500011], [96.11752065000019, 16.87343618600005], [96.11935424800004, 16.874189377000107], [96.12107009900012, 16.874480820000144], [96.12162124100007, 16.87474464400009], [96.12190258800018, 16.87487932100015], [96.12209506900001, 16.874971459000108], [96.12247212800008, 16.875151952000067], [96.1230405170001, 16.875631969000096], [96.1233990990001, 16.876419703000067], [96.12398719700008, 16.876810837000107], [96.12448530900008, 16.87699567100009], [96.1247085780002, 16.87707852000011], [96.12482566800008, 16.877121968000154], [96.12487171900011, 16.87713905700008], [96.12494977300014, 16.877168020000056], [96.12543487600004, 16.87839317300012], [96.12557683200009, 16.878720704000102], [96.12589009600009, 16.879443487000117], [96.12589516600013, 16.879443691000176], [96.12598605599999, 16.879447340000183], [96.12617056700009, 16.879454749], [96.12633330000017, 16.879557694000084], [96.12644019200013, 16.879625313000076], [96.12653668700017, 16.87968635500016], [96.12671954000012, 16.879681140000173], [96.12736523500018, 16.879662722999967], [96.12807464600019, 16.87964248700007], [96.12873649600004, 16.8797626490001], [96.12964534800011, 16.87994194099997], [96.13048133900008, 16.88020515400018], [96.13085899400016, 16.880613327000106], [96.131005684, 16.88072621500004], [96.13101694100015, 16.880734878000112], [96.13107585900008, 16.880780220000133], [96.13117724000017, 16.88083483100013], [96.13128956100013, 16.880895334000115], [96.1316731390001, 16.88110195500002], [96.13203366600015, 16.881296158000055], [96.13233909600007, 16.881628036000166], [96.13247453000008, 16.88188509500003], [96.13251495400004, 16.88196182200005], [96.13257957300016, 16.88206016600003], [96.13269767700012, 16.882239914000138], [96.13280657200016, 16.882292308000046], [96.13304176300016, 16.882405472000187], [96.13313468600012, 16.88241830400017], [96.13320560500006, 16.882428098000105], [96.13341331500004, 16.882456780000155], [96.13342296600018, 16.882459116000177], [96.13345319100011, 16.882466431000125], [96.1337718960001, 16.88254356400006], [96.13421440100007, 16.882808685000043], [96.13447558100017, 16.882778549000022], [96.13466072100005, 16.882757186000106], [96.1350749340001, 16.88264687800006], [96.13513258600005, 16.882744867999975], [96.13519119900002, 16.882844490000082], [96.13526439700007, 16.882968903000176], [96.13533531900003, 16.88306981800008], [96.1354560850001, 16.883241654000074], [96.13568306000013, 16.883616447000065], [96.13581199600014, 16.883917618000055], [96.13581863100006, 16.88394933300009], [96.13586712800009, 16.8841811690001], [96.13588206000009, 16.88425254900011], [96.13586273200008, 16.884416959000077], [96.1358457280001, 16.884561601000144], [96.13583183300011, 16.88467979400002], [96.1357590390001, 16.884899140000073], [96.13561534900015, 16.885332107000124], [96.13552570299998, 16.88569164300003], [96.13548754300007, 16.885969423000063], [96.13548469500017, 16.885990143000186], [96.13547493100009, 16.88606942600012], [96.13544924900009, 16.886277950000135], [96.13544209800011, 16.886336009000047], [96.1354410830001, 16.88633808900005], [96.13535816000007, 16.886507784000116], [96.13532149300016, 16.886582820000115], [96.13532082400019, 16.886584189000132], [96.13531176300006, 16.886602733000075], [96.1352970120002, 16.88663291900008], [96.13518533700011, 16.88674211500006], [96.1350736620002, 16.886851311000044], [96.13505702500015, 16.886862638000025], [96.13449104600011, 16.887247952999985], [96.13446617199997, 16.88726488700013], [96.13416544600017, 16.887503942000137], [96.1340189280001, 16.887718450000136], [96.13393116000015, 16.88784694600008], [96.13388576800014, 16.8879447810001], [96.13388249800005, 16.887951826000062], [96.13377761800007, 16.888177872000085], [96.13364474200006, 16.88843659100013], [96.13359031700008, 16.888542557000164], [96.13355816199999, 16.888578131000088], [96.13332481400005, 16.888836289000153], [96.13295491500008, 16.889020920000064], [96.13259773300001, 16.88937187200014], [96.13261008700016, 16.889381457000127], [96.13255533400019, 16.88948503299997], [96.13254693700009, 16.889500917000078], [96.13223193700014, 16.89009680900017], [96.13207443700009, 16.890394755000102], [96.131944927, 16.890639754000063], [96.13189590100006, 16.890732496000112], [96.13189457100015, 16.89073598600004], [96.13187631100004, 16.89094738400013], [96.13187398800011, 16.890974288000052], [96.13184129600006, 16.89137813800005], [96.13184142100016, 16.89173961600011], [96.13184011400017, 16.89209584800011], [96.13180354500003, 16.89253030100008], [96.1317730090002, 16.892646843000136], [96.13171781900007, 16.89285747400004], [96.13161392000006, 16.893049321000035], [96.13153958000015, 16.893186586000127], [96.1313498780001, 16.893468013000017], [96.13116411100009, 16.893750018], [96.13115255200012, 16.893767565000132], [96.13113117500018, 16.893810137000116], [96.13100291400013, 16.89406557300009], [96.13092888200009, 16.894323008000185], [96.1308271150001, 16.89432388000006], [96.13072604700005, 16.89432474700004], [96.13068289800015, 16.89432511700005], [96.13063076200007, 16.89432556300011], [96.1305708480001, 16.89431633200013], [96.13056354500014, 16.894315207000147], [96.1305254790002, 16.8943093420001], [96.1304095540001, 16.89429148000005], [96.13027430699998, 16.894270642000095], [96.12986336900008, 16.894269694], [96.129565028, 16.894288872000175], [96.12950675399998, 16.894265152000173], [96.1292953270002, 16.894179093000048], [96.12929500100017, 16.894178827000076], [96.1292923310001, 16.894176667000067], [96.12908432300014, 16.894008298000074], [96.12904297600016, 16.893974831000037], [96.12892695800014, 16.893679530000043], [96.12891863400017, 16.89340344300001], [96.12891387900004, 16.893245677000095], [96.12873939100018, 16.892944556000145], [96.1286957690001, 16.892869275000066], [96.12868349899998, 16.89286652300018], [96.12868331400006, 16.8928664820001], [96.12823410900012, 16.892765735000182], [96.12727015100012, 16.893048499000145], [96.12706929700005, 16.893259670000134], [96.12680997500007, 16.89355733600007], [96.1263274060002, 16.894161671000063], [96.12571143100013, 16.894121076000147], [96.12541673200013, 16.894104191999986], [96.12520401700004, 16.894092004000072], [96.12504988400019, 16.89407985000014], [96.12481868400005, 16.894061617000148], [96.12418103400006, 16.894013619000077], [96.12369193700016, 16.893976805000023], [96.12297994600016, 16.89442341400013], [96.12158744700014, 16.895424371000104], [96.12173252500008, 16.895627749000028], [96.12187422800014, 16.895826393000107], [96.12207063300013, 16.896101725000165], [96.12261454300005, 16.896855013000163], [96.12264916800012, 16.896902546999968], [96.12302295100005, 16.8974156860001], [96.1232844070002, 16.89777421200006], [96.12332143100008, 16.89783395700016], [96.12345045600017, 16.89804216400006], [96.12351134700015, 16.89818393700017], [96.1235630920001, 16.898304410000094], [96.12367274200011, 16.898590388000116], [96.12370802200019, 16.898682398000062], [96.12371459200017, 16.89896130200009], [96.123717877, 16.899100752000038], [96.12371761900016, 16.899106979000123], [96.123704907, 16.89941291100007], [96.12365096100018, 16.89975677700005], [96.12358544400018, 16.8999406100001], [96.12354176600007, 16.90006316600011], [96.1235019670001, 16.900183953000067], [96.12340247200012, 16.900485922000087], [96.12206628600006, 16.903733847000183], [96.12195549100005, 16.904003157000034], [96.12164320400007, 16.90432525700004], [96.12079390200012, 16.905386141000065], [96.1192551530001, 16.90720455799999], [96.11900539800013, 16.907585515000164], [96.11875012000013, 16.90854122000013], [96.11839848700009, 16.908876235000037], [96.1177450020001, 16.909187889000066], [96.11722249500014, 16.909437078000167], [96.11650544600019, 16.90976680900019], [96.11644026000016, 16.909796784000093], [96.1163712980001, 16.909886247000088], [96.11573760200008, 16.910708329999977], [96.11540135800016, 16.912044617000163], [96.11474200000015, 16.912914334000106], [96.11360904100007, 16.91366092500016], [96.11357792000007, 16.91367548200003], [96.11342443199999, 16.913776627000118], [96.11319267100009, 16.91392935100015], [96.1131617640001, 16.913941423999972], [96.11316148800012, 16.913941532000024], [96.11316109400008, 16.913941685999987], [96.11314758100008, 16.91394696499998], [96.11304457, 16.91398720600006], [96.11220874800011, 16.914313715000162], [96.11134715800006, 16.914649946000168], [96.11110759100006, 16.91474251], [96.10980879500005, 16.915244345000076], [96.1091520110001, 16.916012641], [96.10862439900012, 16.916462944000102], [96.10749880100008, 16.917423612000164], [96.10747857700017, 16.91744087300009], [96.10727053100004, 16.91783334300004], [96.10726019100008, 16.917852623000044], [96.10725473400004, 16.917862798999977], [96.10720115300012, 16.917962713000065], [96.10680198000006, 16.918707064000102], [96.10660513200014, 16.919074132000105], [96.10654223500018, 16.91924497300016], [96.10653774100012, 16.919257179000056], [96.10643422600003, 16.91953834400016], [96.10639972100012, 16.919632066000077], [96.10639704200014, 16.919639343000085], [96.10638982800009, 16.919658935000086], [96.10636488300003, 16.919726692000097], [96.10625515600015, 16.920029206000095], [96.10627707200018, 16.92023713000009], [96.106277482, 16.92024102500011], [96.10627707100008, 16.9202430790001], [96.10632084700012, 16.920658387], [96.10639011400008, 16.92131554600013], [96.10639722700006, 16.921383035000133], [96.10640161900005, 16.921424698000123], [96.10640601000017, 16.921466361000057], [96.10692845300014, 16.922161653000046], [96.10701682600006, 16.92227926400011], [96.10701827600019, 16.922281193000174], [96.10702753800007, 16.92229352000004], [96.10703695400014, 16.92230605200018], [96.10706151900013, 16.922338744000058], [96.10707779200015, 16.922360399000183], [96.10714462900006, 16.922449350000136], [96.1097992990002, 16.92199204200017], [96.10980287300009, 16.921999834000076], [96.10981357500009, 16.921997991000183], [96.10981889400011, 16.922009586000172], [96.10985122200015, 16.92208007100004], [96.11039762800004, 16.92327140600014], [96.11069678000007, 16.92340431800011], [96.11088464900007, 16.923487788000102], [96.111007228, 16.92354224999997], [96.1113099760002, 16.92403688900015], [96.11129166600011, 16.92468131800007], [96.10906884300016, 16.925367582000035], [96.10814334400004, 16.925590819000092], [96.10773931199998, 16.925688274000095], [96.10760463400004, 16.925720759], [96.10722961100004, 16.925962326000047], [96.1062633050002, 16.926584760000026], [96.10616231600005, 16.92664981000007], [96.10598893800011, 16.926761490000047], [96.10573519700017, 16.92697718600016], [96.10535454100011, 16.92730076700019], [96.10536245300005, 16.92731245599998], [96.1054656610001, 16.927464938000185], [96.10627791500013, 16.928664987000104], [96.10632569400008, 16.928735578000158], [96.10637894800004, 16.92878196400011], [96.10640480700016, 16.92880448799997], [96.10701954500001, 16.92933995300018], [96.10704980800017, 16.929366312000127], [96.1077998200002, 16.930019605999973], [96.1080807260002, 16.930520166], [96.10831200600012, 16.930932294], [96.10846698200015, 16.931208454000114], [96.108511261, 16.931287356999974], [96.10873633600005, 16.931824979000055], [96.10870617000006, 16.931930629000078], [96.10867506800014, 16.932039561000067], [96.10854596700005, 16.932491719000154], [96.10853820200003, 16.93251891300008], [96.10850480500017, 16.932635880000078], [96.10850637600004, 16.932636328000115], [96.10846267700009, 16.9327893790001], [96.10846177600007, 16.932792535000033], [96.10833260600003, 16.93324493300014], [96.10827302300004, 16.9334226630001], [96.10817148200005, 16.93372554800004], [96.10815446000004, 16.933776320000163], [96.1081612480001, 16.9338180310001], [96.10817821700016, 16.93392231100006], [96.10820964300012, 16.934115447000067], [96.10832015400007, 16.934794587000113], [96.1083211830001, 16.934800907000067], [96.10832147500014, 16.93480270500004], [96.10832188100017, 16.934805196000184], [96.10832423700015, 16.934809244000178], [96.10832810600004, 16.934815891000085], [96.10832472600009, 16.934822685000142], [96.10836426700013, 16.935065687000133], [96.10835859800005, 16.93526957000006], [96.10835150400004, 16.93552462700012], [96.10834446300004, 16.93577782], [96.10838454200007, 16.937982156000146], [96.10838481500019, 16.937997195000037], [96.10838493800014, 16.938003950000166], [96.10839838599998, 16.93874358300019], [96.1084155850001, 16.93968953300009], [96.10841584600018, 16.939703931000054], [96.10853481900017, 16.94077468800009], [96.10853732900006, 16.94079068000019], [96.10861885700001, 16.94131033200017], [96.10864844200006, 16.94149890000017], [96.10865026300013, 16.941510506000043], [96.10865442400006, 16.94153703000012], [96.1086949880002, 16.941795576000175], [96.10868319800011, 16.94180548000014]]]}}, {"type": "Feature", "properties": {"adm4_name": "Nwe Khway", "adm4_name1": "နွယ်ခွေ", "adm4_name2": null, "adm4_name3": null, "adm4_pcode": "MMR013002001", "adm3_name": "Mingaladon", "adm3_name1": "မင်္ဂလာဒုံ", "adm3_name2": null, "adm3_name3": null, "adm3_pcode": "MMR013002", "adm2_name": "Yangon (North)", "adm2_name1": "ရန်ကုန်(မြောက်ပိုင်း)", "adm2_name2": null, "adm2_name3": null, "adm2_pcode": "MMR013D001", "adm1_name": "Yangon", "adm1_name1": "ရန်ကုန်တိုင်းဒေသကြီး", "adm1_name2": null, "adm1_name3": null, "adm1_pcode": "MMR013", "adm0_name": "Myanmar", "adm0_name1": "မြန်မာနိုင်ငံ", "adm0_name2": null, "adm0_name3": null, "adm0_pcode": "MMR", "valid_on": "2024-02-15T00:00:00", "valid_to": null, "area_sqkm": 6.39999026, "version": "v01", "lang": "en", "lang1": "my", "lang2": null, "lang3": null, "adm4_ref_name": "Nwe Khway", "center_lat": 17.03518073, "center_lon": 96.15242822}, "geometry": {"type": "Polygon", "coordinates": [[[96.1623984520001, 17.05107662400013], [96.1623900560001, 17.051078490000123], [96.16203313700015, 17.051482999000086], [96.16172380700016, 17.051958891000027], [96.1614482230001, 17.0522980720001], [96.161105148, 17.05272031800007], [96.16088303400011, 17.053038682000135], [96.16039130900003, 17.053743487000077], [96.16012956800012, 17.054147995000164], [96.15992591000014, 17.054210658999978], [96.159820239, 17.05424317300003], [96.15955849800014, 17.05419558400007], [96.15896363300004, 17.053576924000083], [96.15691729600007, 17.051578177000124], [96.15658551200016, 17.05120952800013], [96.1564889930001, 17.051102285000013], [96.1561082790002, 17.050697777000153], [96.1557989490002, 17.050436036000065], [96.15556100300006, 17.050102911000124], [96.15555640700018, 17.050024768000128], [96.15553720900004, 17.049698403000036], [96.15539444100011, 17.04941286800016], [96.15525167300018, 17.04917492200019], [96.15489475400005, 17.048984565000126], [96.15475381800013, 17.0488436280001], [96.15463301400007, 17.048722824000038], [96.15441727600017, 17.048525064000046], [96.15434747800009, 17.048461083000177], [96.1542523010001, 17.04830245300019], [96.15420471100009, 17.048223137000036], [96.15410953200012, 17.047937602000104], [96.15408950900013, 17.047777411000084], [96.1540857380001, 17.047747245000096], [96.15407679400005, 17.04762202800009], [96.15406194300016, 17.047414120000155], [96.15399055900014, 17.04715238000017], [96.15393361900004, 17.046943598000098], [96.15391917500006, 17.046890639000083], [96.1538530150001, 17.04680242600017], [96.15377640800006, 17.046700282000074], [96.15356701500008, 17.046547996000072], [96.1535146670002, 17.046509925], [96.15322913200009, 17.04627197900004], [96.15294359600011, 17.045915060000084], [96.152967391, 17.04555814100013], [96.15332431000013, 17.045010865000165], [96.15377640800006, 17.044630151000092], [96.15415712100003, 17.044416], [96.15435297800019, 17.044355735000124], [96.15446645100008, 17.0443208210001], [96.15462961400016, 17.044239239999968], [96.15465680800008, 17.044225643], [96.15477578100007, 17.043987697000034], [96.15479476400014, 17.04383583900011], [96.15479957600019, 17.043797340000026], [96.15479463800011, 17.043738078000104], [96.15477578100007, 17.043511804000048], [96.15476441600009, 17.04349617800017], [96.15458542400006, 17.043250064000063], [96.15406194300016, 17.042655198000034], [96.1535146670002, 17.042084128], [96.15326151100004, 17.041404445000182], [96.15205938300005, 17.042400554000096], [96.14338624800013, 17.043292852000036], [96.14288656100013, 17.040901494000025], [96.1428840910001, 17.039775178000127], [96.14288160400014, 17.03864100600009], [96.1441476760001, 17.034848739999973], [96.14417312600006, 17.034792499000048], [96.14434041200008, 17.03442281600013], [96.14438840900004, 17.033546871], [96.14439751900005, 17.03338061200003], [96.14428330500004, 17.032281301000125], [96.14419440400007, 17.03188124800016], [96.14411198400018, 17.031510356000183], [96.14401204600006, 17.031281928000112], [96.14389783200005, 17.03073941100007], [96.14386927900006, 17.030468152000083], [96.14374078800017, 17.03025400100006], [96.14368368100014, 17.029640100000165], [96.14374078800017, 17.029383118000055], [96.14388355500017, 17.02869783300008], [96.1440263230001, 17.027541415000144], [96.14409770700013, 17.027341540000066], [96.14436896500018, 17.026213676000168], [96.14451173300012, 17.025614052000094], [96.144654501, 17.025114365000036], [96.14489720600011, 17.02474316900009], [96.14526840200011, 17.024429080000118], [96.14527376600017, 17.02438946], [96.14541121400003, 17.02337431600006], [96.1454036180001, 17.023362922], [96.1452773270002, 17.023173486000132], [96.14523275400018, 17.02310662600013], [96.14502840300003, 17.023138065000126], [96.14445942900005, 17.02322559999999], [96.14336513799998, 17.022909470000172], [96.14312098200003, 17.022838937000074], [96.14050357500014, 17.022630734000188], [96.13979489200017, 17.022561781000093], [96.13904390900012, 17.022488713000087], [96.13919977200015, 17.01969840800001], [96.13915218300019, 17.017794838999976], [96.14010396700007, 17.01774725000007], [96.14153164400017, 17.018032785000173], [96.14195994699998, 17.017890018000173], [96.14229307100004, 17.017081001000065], [96.14250329500004, 17.016679665000083], [96.14281655200011, 17.016081627000176], [96.14372764900008, 17.016679665000083], [96.14432736200001, 17.01707331299997], [96.146171444, 17.017846638000094], [96.14736117500013, 17.018679449], [96.14807501300004, 17.0191553410001], [96.14872936400013, 17.01933380100013], [96.14956217600007, 17.019274314000086], [96.1501570420001, 17.019274314000086], [96.1507519060001, 17.01933380100013], [96.15146574500011, 17.019214827999974], [96.15290561100005, 17.019033534000073], [96.15290641800004, 17.01903343200007], [96.1529069340001, 17.01903859300006], [96.15291748400006, 17.019078968000088], [96.15292879600014, 17.019122258000152], [96.1529693440001, 17.01927744], [96.1531219740001, 17.01936528300007], [96.15316815600005, 17.019391862000077], [96.15317625100005, 17.019396521000033], [96.15320756200009, 17.01941454100006], [96.15321281500007, 17.019415297000137], [96.15322183900014, 17.01942049000013], [96.15328081500019, 17.019428971000025], [96.15354177600005, 17.01946649900009], [96.1540074200002, 17.01950793000009], [96.15423379200007, 17.019586900000036], [96.15424725600013, 17.019591597000158], [96.15424774500008, 17.019592350000153], [96.15443129200008, 17.019875001000173], [96.15444074700008, 17.019931405000023], [96.15444083300008, 17.019931917000065], [96.15444089000016, 17.019932262], [96.1544409490001, 17.019932608000033], [96.15444100600018, 17.01993295400007], [96.1544410640002, 17.019933300000105], [96.15444112200004, 17.01993364600014], [96.15444118, 17.019933992000176], [96.15447076100008, 17.02011046800004], [96.15448111300003, 17.020172219000074], [96.15445546300003, 17.020219415000042], [96.15434600300006, 17.02042082300005], [96.15432775900013, 17.020454391000158], [96.1539622950001, 17.020804655000177], [96.15390686100011, 17.020896099000083], [96.15375169000015, 17.02115206800005], [96.15359882600012, 17.021537970000168], [96.15356566700012, 17.021621681000113], [96.15355937400005, 17.021685545000025], [96.1535436440002, 17.021845207000126], [96.15354145400016, 17.0218674300001], [96.1535232380001, 17.02205231100004], [96.15352172900003, 17.022164296000142], [96.15351985000018, 17.02230388700002], [96.15358001700008, 17.022395385000152], [96.1536083630001, 17.022438492000106], [96.15360863800004, 17.022438909000016], [96.1536103410001, 17.022441500000127], [96.15361084000006, 17.022441619000062], [96.15371492500003, 17.022466507], [96.1537938310002, 17.02248537400004], [96.15380510300008, 17.022488070000122], [96.15383815800004, 17.02248522000002], [96.1541139900001, 17.02246144300011], [96.15418547900009, 17.022460245], [96.15440791500004, 17.02245651700008], [96.15447691200012, 17.02246393200005], [96.15468390200004, 17.022486179000055], [96.15473480200018, 17.02249164900013], [96.15477529700001, 17.022509788000093], [96.15482830000008, 17.022533530000146], [96.15506900300016, 17.02264135100006], [96.15543203200014, 17.022996858000113], [96.15545841200014, 17.0230312060001], [96.15562218400004, 17.023244445000046], [96.15562219800006, 17.023244489000092], [96.15567894700018, 17.023420302000147], [96.15572937500013, 17.023576532000106], [96.15576389200004, 17.02394596900001], [96.15575329000006, 17.023997065000174], [96.15570604000004, 17.024224780999987], [96.15554184800015, 17.024521921000087], [96.15521451100017, 17.02479560000006], [96.1550989160001, 17.02489224500016], [96.15505210700019, 17.02493127500003], [96.15471469500017, 17.025212610000096], [96.15444280000014, 17.025495383000134], [96.15435218300019, 17.025738830000137], [96.15428100700018, 17.025958833000118], [96.15420750100014, 17.026186038], [96.15414937400004, 17.02636289600008], [96.1541492830001, 17.02636317500003], [96.1541492070001, 17.026363406000087], [96.15411815400012, 17.026457888000095], [96.15400830500016, 17.026792117000127], [96.15400740000018, 17.02683592800014], [96.15400512000019, 17.02694638600002], [96.15400460500007, 17.026971326000137], [96.15393647200017, 17.027037356999983], [96.15365403300018, 17.02731108400019], [96.15335080200003, 17.027651283000182], [96.15331600700011, 17.027690321000023], [96.1533160190001, 17.0276914050001], [96.15331780100007, 17.02785557800013], [96.15331784500006, 17.02785961500018], [96.15331826500011, 17.02789833500003], [96.1534366570001, 17.028020864000098], [96.15343677100014, 17.028020985000012], [96.15349738300017, 17.028054984999983], [96.1536270530001, 17.028127723000182], [96.15370232800018, 17.028169606000176], [96.15376725400006, 17.02820573000014], [96.15379107600006, 17.02821898500008], [96.15405450300011, 17.028338822000137], [96.15414231200015, 17.02837876800004], [96.1545353350001, 17.028566310000144], [96.15457401900011, 17.028583789000038], [96.15469538200011, 17.028638623000177], [96.15513789400012, 17.02893566600011], [96.15519914700013, 17.028991757000085], [96.15536695000003, 17.029145420000077], [96.155511451, 17.029323043000147], [96.15559961600013, 17.029431418000115], [96.15576853900018, 17.029506747000028], [96.15579194800006, 17.029517186000135], [96.1558244900001, 17.029531698000085], [96.15609857300012, 17.02966488500016], [96.15614693000009, 17.02969831600018], [96.15621355600013, 17.02974437800009], [96.15632465400006, 17.029821185000117], [96.15649991100008, 17.030076920000056], [96.15657446800014, 17.03017183600008], [96.15662178900004, 17.03023207900003], [96.15664103500006, 17.030256581000117], [96.15676678500017, 17.030416669000033], [96.15689752400004, 17.030493378000074], [96.1570487910002, 17.030582131000017], [96.15705216900011, 17.0305841120001], [96.15709393500003, 17.03064393200009], [96.15713168800005, 17.030698005000033], [96.15722494300002, 17.03083157100008], [96.15737945600011, 17.0310991880001], [96.15744546100018, 17.031213509000054], [96.15750009200013, 17.03132374200004], [96.15751727200018, 17.03135840900012], [96.15765498700011, 17.031636286000094], [96.15771086100011, 17.031737221000014], [96.15781999900008, 17.03193438000011], [96.15796125700001, 17.03216070500008], [96.15802931100018, 17.032269742000153], [96.15815477300004, 17.032345778000035], [96.15833854300018, 17.0324306440001], [96.15834015000002, 17.03243074300002], [96.15876895500008, 17.032456864000153], [96.15915872800008, 17.032514352000135], [96.15916011600018, 17.032515546000013], [96.15916411799998, 17.032518990000142], [96.1591730040002, 17.0325203000001], [96.15921006500014, 17.032552190000047], [96.15935440300018, 17.032676388000027], [96.15940781000006, 17.03272234299999], [96.15944389500015, 17.032753393000064], [96.15958089500009, 17.033068995000065], [96.15958099000005, 17.03306945600002], [96.15959828500013, 17.033152966000046], [96.159668824, 17.03349356500007], [96.15967253600013, 17.033511493000105], [96.1597308370001, 17.033601471999987], [96.15978660100006, 17.033687537000105], [96.15978714900012, 17.03368782300015], [96.160000599, 17.033799360000046], [96.16010732300015, 17.03385512900013], [96.16010741300016, 17.033855576000065], [96.16011482000016, 17.033892399000024], [96.16013443100007, 17.033989898000186], [96.16014334, 17.03403419700004], [96.16014951000017, 17.034064869000076], [96.160226099, 17.03429807200007], [96.16027320300003, 17.034500543000036], [96.16030932400008, 17.0346558], [96.16032686099999, 17.034697514000072], [96.16033483200005, 17.034716475000153], [96.1604396890001, 17.03496589800011], [96.16067987500008, 17.03513860700008], [96.16070092900003, 17.0351449530001], [96.16090615000007, 17.035206815000038], [96.16128689600015, 17.03503150800003], [96.16159607600014, 17.034840887000144], [96.16187116000015, 17.034818191000056], [96.16220263600007, 17.034623343000078], [96.16232443900009, 17.03450928300009], [96.16262548200007, 17.034550885000158], [96.16292791900008, 17.03461604800009], [96.16340369900001, 17.034390888000132], [96.163533374, 17.034225537000054], [96.16360964700004, 17.034128281000164], [96.16364420500003, 17.03410163300009], [96.16375939700015, 17.034012808000114], [96.16395698600007, 17.03401695000008], [96.163962798, 17.034022015000062], [96.16396362800009, 17.034022738000033], [96.16396553600009, 17.03402277900011], [96.16397126200019, 17.034022898000046], [96.16421184900014, 17.034232569999972], [96.16445265200008, 17.034527115000117], [96.16489877100008, 17.034781936000172], [96.16504650100006, 17.034867293000048], [96.16517357300012, 17.03494071500006], [96.1652517920001, 17.034937144000025], [96.1652537380001, 17.034937055000114], [96.1652649460001, 17.03493654300007], [96.16577268400005, 17.034913364000033], [96.16624998200007, 17.035055005000117], [96.16625016600011, 17.035055142000033], [96.16625379000004, 17.035057847000132], [96.1663551200001, 17.035133471], [96.1663573850002, 17.035135162000074], [96.16638348400011, 17.035154640000087], [96.16644048200004, 17.035371096000063], [96.1664134240001, 17.0356530680001], [96.16641230400018, 17.035664739000083], [96.16640676100019, 17.035722508000163], [96.16637057100019, 17.035815914000068], [96.16635995600012, 17.03584331000002], [96.16626933700019, 17.03607719400003], [96.16598710599999, 17.03641993200017], [96.16581480700006, 17.036821147000012], [96.16584888900019, 17.03706729100014], [96.16587283100006, 17.03724020700008], [96.16592312200004, 17.037302792], [96.16607854800009, 17.03749621500009], [96.16614359200014, 17.037733354000125], [96.16613862000008, 17.037782249000145], [96.16612775400012, 17.037889109000105], [96.1661254890002, 17.037893829000154], [96.16599414500013, 17.038167429000055], [96.16599924400015, 17.038362178000114], [96.16600134500004, 17.03844241800016], [96.16608289400011, 17.0385456730001], [96.16613490500009, 17.038611528000104], [96.16618496100011, 17.038674907000143], [96.16619842600011, 17.038689607000094], [96.16620106800013, 17.038692491000177], [96.16642598099997, 17.038938031000043], [96.16669378800003, 17.03917282700013], [96.16676074100013, 17.03923152699997], [96.16676205100009, 17.039232019000053], [96.16677384600007, 17.03923644800011], [96.1667747890001, 17.03923727500012], [96.16677501800018, 17.03923747600004], [96.16705007100012, 17.03934076400003], [96.16715762100011, 17.03931450600004], [96.16726775000012, 17.039287619], [96.16730815600005, 17.039278042000035], [96.16767181200015, 17.039191847999973], [96.1680183410001, 17.039226170000177], [96.16805684500008, 17.039229984000144], [96.1684172350001, 17.03921760700007], [96.16843517600006, 17.039216990000114], [96.1684808670002, 17.039215422000154], [96.1691068770001, 17.038930963000155], [96.16934978400008, 17.03882058500011], [96.16952220500019, 17.03874223700018], [96.17020809600018, 17.038487005000036], [96.17055765000015, 17.03843251400002], [96.17079645900014, 17.038395285999968], [96.17085109400011, 17.0384050240001], [96.17092955000004, 17.038419008000176], [96.17102079000011, 17.038435271000026], [96.17102088700005, 17.038435288000073], [96.17109746200009, 17.038487402000158], [96.17124352400009, 17.0385868030001], [96.17131018500015, 17.038646697000104], [96.17135471300014, 17.0386867040001], [96.17138019700008, 17.038709601000164], [96.17151317800017, 17.03890271000006], [96.17153264100011, 17.038930973000163], [96.17155389700008, 17.038989590000142], [96.1716464810001, 17.03924491200013], [96.171647555, 17.03924787300008], [96.17164759000013, 17.039247971000123], [96.17165543700014, 17.03926961000002], [96.17165555100013, 17.039270112000054], [96.17165646600012, 17.039274136000074], [96.17166544500009, 17.03931364200014], [96.17174733500008, 17.039673914000105], [96.17180322000019, 17.039993868000067], [96.171831316, 17.040154729000164], [96.17171695800016, 17.04074654900012], [96.17160247800012, 17.041238256000042], [96.17159544600008, 17.041351893000126], [96.17157108300006, 17.041745573000185], [96.17163621100013, 17.04189582400005], [96.17167881900014, 17.04199412100013], [96.17176210400015, 17.042129268000053], [96.17193701200006, 17.04241308900015], [96.17196846600018, 17.0424661830001], [96.17202419000017, 17.042560247999972], [96.1720476970001, 17.042599928000072], [96.1720261370001, 17.043030585999986], [96.17202571300004, 17.04303905100005], [96.17202569000011, 17.0430391430001], [96.17189536199999, 17.04356899100003], [96.17182815500001, 17.043834911000033], [96.17177987900016, 17.04389716200012], [96.17164734099998, 17.044068066000023], [96.17106081900016, 17.044322244000114], [96.17101249600012, 17.044343185000173], [96.17095431500002, 17.044544693000148], [96.17086093800003, 17.044868097000062], [96.17059919700012, 17.04512983800015], [96.17019468900008, 17.04532019500016], [96.16971879600004, 17.04539157900001], [96.16931428800012, 17.045225016000188], [96.16918103800015, 17.04520598100015], [96.16898116300018, 17.045177427000056], [96.16857665500015, 17.045248811000135], [96.16858005400013, 17.045282803000077], [96.16860045000004, 17.045486757000106], [96.16883839600018, 17.04584367600006], [96.16907634200015, 17.046200595000187], [96.16910013600017, 17.046295774000157], [96.16905254700009, 17.046557514000142], [96.16895370800017, 17.046771665], [96.16890978000009, 17.046866843999965], [96.1688379470001, 17.046965614000158], [96.1687194230002, 17.047128585000053], [96.16831491400006, 17.04762827200011], [96.16791040600015, 17.048080369000104], [96.16760575600017, 17.04822254000004], [96.16755348700019, 17.048246932000097], [96.16731554100005, 17.048461083000177], [96.1671013890001, 17.048699029000147], [96.16667308600012, 17.049151127000073], [96.16629237300015, 17.049508046000028], [96.16591165900007, 17.04979358100013], [96.1656737130001, 17.049936349], [96.16542143200007, 17.050142760000142], [96.16541197200019, 17.050150501000132], [96.16539497600002, 17.05017429600008], [96.1652929990002, 17.05031706300008], [96.16525530800004, 17.05045526200007], [96.16522161500018, 17.050578804000168], [96.1651876900001, 17.050689060000025], [96.16512643700014, 17.050888133000058], [96.16476951700008, 17.051078490000123], [96.1644744620001, 17.051155461000178], [96.16422224100006, 17.051221258], [96.16400809000004, 17.051221258], [96.16350840299998, 17.05112608000013], [96.16298492200013, 17.051054696000108], [96.16260420800006, 17.05103090100016], [96.1623984520001, 17.05107662400013]]]}}, {"type": "Feature", "properties": {"adm4_name": "Kone Ta La Paung", "adm4_name1": "ကုန်းတလပေါင်", "adm4_name2": null, "adm4_name3": null, "adm4_pcode": "MMR013002002", "adm3_name": "Mingaladon", "adm3_name1": "မင်္ဂလာဒုံ", "adm3_name2": null, "adm3_name3": null, "adm3_pcode": "MMR013002", "adm2_name": "Yangon (North)", "adm2_name1": "ရန်ကုန်(မြောက်ပိုင်း)", "adm2_name2": null, "adm2_name3": null, "adm2_pcode": "MMR013D001", "adm1_name": "Yangon", "adm1_name1": "ရန်ကုန်တိုင်းဒေသကြီး", "adm1_name2": null, "adm1_name3": null, "adm1_pcode": "MMR013", "adm0_name": "Myanmar", "adm0_name1": "မြန်မာနိုင်ငံ", "adm0_name2": null, "adm0_name3": null, "adm0_pcode": "MMR", "valid_on": "2024-02-15T00:00:00", "valid_to": null, "area_sqkm": 2.08001004, "version": "v01", "lang": "en", "lang1": "my", "lang2": null, "lang3": null, "adm4_ref_name": "Kone Ta La Paung", "center_lat": 17.01144624, "center_lon": 96.15179207}, "geometry": {"type": "Polygon", "coordinates": [[[96.1507519060001, 17.01933380100013], [96.1501570420001, 17.019274314000086], [96.14956217600007, 17.019274314000086], [96.14872936400013, 17.01933380100013], [96.14807501300004, 17.0191553410001], [96.14736117500013, 17.018679449], [96.146171444, 17.017846638000094], [96.14432736200001, 17.01707331299997], [96.14451106500007, 17.016679665000083], [96.14474376800001, 17.01618101500003], [96.14510068700014, 17.015229230000102], [96.14551709200009, 17.014098987000068], [96.145470391, 17.013748731000078], [96.14527914600012, 17.012314391000075], [96.14510068700014, 17.01058928200007], [96.144862741, 17.009161605000145], [96.14456530799998, 17.007377010000027], [96.14432736200001, 17.005711387000133], [96.14414890200004, 17.004581143000053], [96.1442497110001, 17.00347011500014], [96.14477319300005, 17.00356529300018], [96.14503493300003, 17.003612883000017], [96.14549000600016, 17.003638164000108], [96.14631984200003, 17.003684266000164], [96.14739059900012, 17.00418395300005], [96.14824720600018, 17.00446948900003], [96.14899673700012, 17.004844254000034], [96.14924657900019, 17.004969174999985], [96.15003180100013, 17.004826407999985], [96.15174501300015, 17.005040559000065], [96.15281577100006, 17.00492158600008], [96.15302992200014, 17.004897792000065], [96.15331545700002, 17.005540246000066], [96.15362494100009, 17.005823939000038], [96.15417206300003, 17.006325468000057], [96.15510111800006, 17.006731929000182], [96.15531420500002, 17.006825155000058], [96.15652772900006, 17.006825155000058], [96.15774125500013, 17.006967922000058], [96.15827062600016, 17.00675890700012], [96.158450587, 17.006687853000074], [96.15846515200008, 17.006686478000063], [96.15846486400005, 17.006693802000143], [96.15846154200011, 17.00677831100012], [96.15845943600016, 17.00683188], [96.15845963300006, 17.00683235000008], [96.15859634100019, 17.00715999199997], [96.15867473200018, 17.00723415400006], [96.15901592300008, 17.00755693200017], [96.15917550400007, 17.00766765800006], [96.15932285100007, 17.00776989500008], [96.1593960890001, 17.007820712000125], [96.15951570400011, 17.007903706000036], [96.15957396300007, 17.007932457000038], [96.15977787000014, 17.008033080000132], [96.16000736200016, 17.00814632900017], [96.16001942600008, 17.00815228300013], [96.16004296500017, 17.008152235000125], [96.16033000300007, 17.008151650000173], [96.16038858800005, 17.00822751200002], [96.1605049010002, 17.00837812800006], [96.16050494600012, 17.008378530000073], [96.16052715200016, 17.008577687000127], [96.16054751900015, 17.008760347000134], [96.16054218100004, 17.008767959000068], [96.16051921100012, 17.00880071], [96.16030984800011, 17.00909923200004], [96.15987559300015, 17.00951905900007], [96.15961556100012, 17.00962451200013], [96.15953804500009, 17.00965594700017], [96.15952180800008, 17.009662531], [96.15949746700011, 17.00967240300014], [96.15946033799997, 17.00968746], [96.15946010100004, 17.009687410000026], [96.15928856300008, 17.009651498999972], [96.15927002600006, 17.009627713000157], [96.15912730300005, 17.00944456500008], [96.1588683970001, 17.009205677000068], [96.15882029500006, 17.009161294000023], [96.15876413100005, 17.00910947300008], [96.1582990620002, 17.008739689000038], [96.15828946200008, 17.0087374580001], [96.15828478500015, 17.00873373999997], [96.15827603300016, 17.008731707000095], [96.1582701870002, 17.008730348000086], [96.15826176500019, 17.00872839200008], [96.15810229700014, 17.008691345000102], [96.15810203500013, 17.00869178800008], [96.15802570300002, 17.008820673000173], [96.1579377070002, 17.009171762000165], [96.15800975400003, 17.009594970000023], [96.15815885900003, 17.010057284000084], [96.1582328450001, 17.01046812100003], [96.15827778500011, 17.01071767000019], [96.15827926700007, 17.010726900000066], [96.15836728500005, 17.011274935000188], [96.15842231100015, 17.01161754500015], [96.15845419400006, 17.011916588000076], [96.15850202000013, 17.012365154000065], [96.15851017600005, 17.012610974000154], [96.15851427700017, 17.012734584999976], [96.1585493570002, 17.012804907000145], [96.1586019770001, 17.012910392000094], [96.15872854100013, 17.012990668000157], [96.1588069440001, 17.01304039600018], [96.15887227000019, 17.013100759999986], [96.15913368300005, 17.013342318000127], [96.1591619580002, 17.013368445000026], [96.159249353, 17.01348048000017], [96.1595397820002, 17.013852793000126], [96.15960613900006, 17.01408706600006], [96.15966520200004, 17.014295588000095], [96.15961331200003, 17.01440138000015], [96.15943308600004, 17.01476882200018], [96.15915283900006, 17.015123943000162], [96.15914741200004, 17.015130819000035], [96.15894057600013, 17.015290564], [96.15859409000007, 17.015272072000073], [96.15798728000016, 17.01529107900012], [96.1577863330001, 17.015274535], [96.15778630000005, 17.01527453200009], [96.15761247300014, 17.015260221000062], [96.15729698700017, 17.01523424700008], [96.15719408500013, 17.015213195000115], [96.15688105400011, 17.015149154000028], [96.15652622600004, 17.01511719000007], [96.15652613300011, 17.015117181000164], [96.15651640600015, 17.01511630500005], [96.15649375900011, 17.01511426500008], [96.1564696590001, 17.015112094000187], [96.15633185800016, 17.01516787800017], [96.15633175300002, 17.015167921000057], [96.156331519, 17.01516801600019], [96.1563313900001, 17.01516806799998], [96.15614036500017, 17.015245398], [96.15585112300005, 17.01564556800008], [96.15575918000019, 17.016092304999972], [96.15578186200008, 17.01651102300019], [96.15584285500006, 17.01685924100002], [96.155751941, 17.017148597000187], [96.15555292300007, 17.017366090000166], [96.15519473100011, 17.017498971], [96.15480595399998, 17.01764831600002], [96.15446294600002, 17.017727893000142], [96.15435160500016, 17.017884463000144], [96.15407387700009, 17.018284925000046], [96.15367202700008, 17.01856714100012], [96.15363799800019, 17.01859103900017], [96.15347203400012, 17.01866512200013], [96.15330606900017, 17.018739204000042], [96.15301611200005, 17.018887756000083], [96.15290561100005, 17.019033534000073], [96.15146574500011, 17.019214827999974], [96.1507519060001, 17.01933380100013]]]}}, {"type": "Feature", "properties": {"adm4_name": "Shwe Nant Thar", "adm4_name1": "ရွှေနံ့သာ", "adm4_name2": null, "adm4_name3": null, "adm4_pcode": "MMR013002003", "adm3_name": "Mingaladon", "adm3_name1": "မင်္ဂလာဒုံ", "adm3_name2": null, "adm3_name3": null, "adm3_pcode": "MMR013002", "adm2_name": "Yangon (North)", "adm2_name1": "ရန်ကုန်(မြောက်ပိုင်း)", "adm2_name2": null, "adm2_name3": null, "adm2_pcode": "MMR013D001", "adm1_name": "Yangon", "adm1_name1": "ရန်ကုန်တိုင်းဒေသကြီး", "adm1_name2": null, "adm1_name3": null, "adm1_pcode": "MMR013", "adm0_name": "Myanmar", "adm0_name1": "မြန်မာနိုင်ငံ", "adm0_name2": null, "adm0_name3": null, "adm0_pcode": "MMR", "valid_on": "2024-02-15T00:00:00", "valid_to": null, "area_sqkm": 13.14624962, "version": "v01", "lang": "en", "lang1": "my", "lang2": null, "lang3": null, "adm4_ref_name": "Shwe Nant Thar", "center_lat": 16.98417621, "center_lon": 96.16322717}, "geometry": {"type": "Polygon", "coordinates": [[[96.16194299900013, 17.005084093999983], [96.16194920200002, 17.00510763799997], [96.16179344100004, 17.005370526000092], [96.1615487040001, 17.005531622000092], [96.16153515400009, 17.005533041000092], [96.16108328500007, 17.00558034700009], [96.16035176400004, 17.005771085000106], [96.1597065840001, 17.006107293000184], [96.15917252000014, 17.006202060000135], [96.15891494300007, 17.006311154000116], [96.15865736500007, 17.006420249000143], [96.15846738800008, 17.006629570000143], [96.15846736800006, 17.00663005700011], [96.15846685600002, 17.006643114000042], [96.15846515200008, 17.006686478000063], [96.158450587, 17.006687853000074], [96.15827062600016, 17.00675890700012], [96.15774125500013, 17.006967922000058], [96.15652772900006, 17.006825155000058], [96.15531420500002, 17.006825155000058], [96.15510111800006, 17.006731929000182], [96.15417206300003, 17.006325468000057], [96.15362494100009, 17.005823939000038], [96.15331545700002, 17.005540246000066], [96.15302992200014, 17.004897792000065], [96.15281577100006, 17.00492158600008], [96.15174501300015, 17.005040559000065], [96.15003180100013, 17.004826407999985], [96.14924657900019, 17.004969174999985], [96.14899673700012, 17.004844254000034], [96.14824720600018, 17.00446948900003], [96.14739059900012, 17.00418395300005], [96.14631984200003, 17.003684266000164], [96.14549000600016, 17.003638164000108], [96.14503493300003, 17.003612883000017], [96.14477319300005, 17.00356529300018], [96.1442497110001, 17.00347011500014], [96.1443924780001, 17.002113823000172], [96.14456716400014, 17.001123938999967], [96.14460663000006, 17.000900297000157], [96.14474939800016, 16.999258468999983], [96.14474939800016, 16.99775940900014], [96.14446386200012, 16.996403116000067], [96.14403556000008, 16.99497543900003], [96.14417832700008, 16.993476378000025], [96.1441069440001, 16.991905935000034], [96.14453524700008, 16.990478258000167], [96.14453524700008, 16.98886971500019], [96.14453524700008, 16.98883643], [96.14489216500016, 16.987551521], [96.14517429200015, 16.986906659000113], [96.14539185300009, 16.98640938000011], [96.14598428600016, 16.98560151300012], [96.14617707400015, 16.985338622000143], [96.14621224000001, 16.985215542000105], [96.14640462700004, 16.98454218900008], [96.14660537700013, 16.983839562000128], [96.14724783200012, 16.981912199000078], [96.14380356200002, 16.98102346999997], [96.14392630500015, 16.97830776600017], [96.14401085800012, 16.97643703099999], [96.14405010600018, 16.975568658000043], [96.1441908440001, 16.97245484600012], [96.14424984000004, 16.971149577000062], [96.14426041799999, 16.970915519000016], [96.14655965600019, 16.97082890200005], [96.14780124200007, 16.970782129000042], [96.15054564200011, 16.97055342900012], [96.151003043, 16.970858362], [96.15146044300002, 16.971163296000043], [96.15161290900005, 16.971773163000137], [96.15161290900005, 16.972687962000066], [96.1533662760001, 16.972459263000076], [96.1558057430002, 16.972764196000128], [96.15748287600013, 16.972459263000076], [96.1602272770001, 16.97223056200005], [96.16083714300015, 16.97055342900012], [96.16098961100016, 16.969333695000103], [96.16150675200004, 16.968687269000043], [96.16159947700015, 16.968571362000148], [96.16342907699999, 16.967732796000064], [96.16518244400004, 16.967275395000115], [96.16594477800004, 16.966589295], [96.16670711100016, 16.965064628999983], [96.16693581100009, 16.964530995000075], [96.16815554400017, 16.964454761000184], [96.16884164400011, 16.96460722800009], [96.17029007800005, 16.96536956200009], [96.17158604500008, 16.96567449500003], [96.17295824500013, 16.965522028000066], [96.1737205780002, 16.96498839500009], [96.17509277900012, 16.963616195000043], [96.17647670800017, 16.962083053000015], [96.1764801990002, 16.96207918500005], [96.17661930100013, 16.961925086], [96.17662647900005, 16.961938899000188], [96.17663357700008, 16.961931035000077], [96.17678553200017, 16.962223426000037], [96.17679251400017, 16.962236860000075], [96.17685845800014, 16.962363750000065], [96.17685707100009, 16.962367345000132], [96.17685227900006, 16.962379749000092], [96.17670071300012, 16.962772091000033], [96.17669761900004, 16.963100453000038], [96.17672422900011, 16.963546776999976], [96.17672439700016, 16.963546852000093], [96.17690029600004, 16.963625279000098], [96.17731511200009, 16.963810232000014], [96.17759613000004, 16.963965], [96.17779159900016, 16.964072653000187], [96.17829943400017, 16.964471973000173], [96.17879201800008, 16.964859301000047], [96.17879205700018, 16.964859332000174], [96.1788964530001, 16.96500796800018], [96.17907189600015, 16.965257758000064], [96.17911575700015, 16.965320206000115], [96.17912418500009, 16.96533259000006], [96.17921689900015, 16.965468810000118], [96.1794979460002, 16.965881744], [96.18000148500005, 16.966522186000077], [96.18017239700015, 16.966730123000104], [96.18045870900005, 16.967078459000163], [96.18095452100005, 16.967765308000082], [96.18095469700006, 16.96776574800009], [96.18102023700015, 16.96793000700012], [96.18114955300018, 16.968254101000127], [96.1811744600002, 16.968411017000108], [96.18118869500006, 16.96850069200019], [96.18126328200009, 16.968970587000058], [96.18124343500011, 16.96961255600013], [96.18124107600005, 16.969688872000063], [96.18119951500006, 16.969909345000076], [96.18119646100013, 16.969925545000024], [96.18118800300016, 16.969970410000087], [96.18107290000012, 16.970581014000174], [96.18086632000012, 16.971310113000186], [96.18064881000004, 16.971828083000048], [96.18043630500011, 16.972567982999976], [96.18043630400007, 16.972568054000078], [96.18043247100019, 16.972786869000174], [96.18043187100011, 16.972821101000136], [96.18042827300019, 16.973026498000024], [96.18066437300018, 16.97353729100007], [96.18088042000005, 16.973845752000102], [96.18092363000005, 16.973907445000123], [96.18104725400013, 16.97399059600002], [96.18107522900004, 16.974009412000157], [96.18124072000018, 16.9741207240001], [96.18153573700016, 16.974279256000102], [96.18188670700005, 16.974323594000055], [96.1819238810001, 16.974328290000074], [96.18195548400018, 16.9743299270001], [96.18227894800009, 16.97434667500005], [96.18252368300017, 16.97435934800012], [96.18276194600008, 16.97436950800011], [96.18295820200018, 16.974377877000165], [96.18297137100012, 16.974383779000107], [96.18330234300015, 16.974532104000048], [96.18344317900005, 16.97459522000014], [96.18384265500009, 16.974883226000145], [96.18386719900013, 16.974900921000085], [96.18388880100014, 16.97491649600005], [96.18393061300009, 16.97494664000004], [96.18426206400005, 16.97524369100006], [96.18430044700011, 16.975278091000064], [96.18441140100003, 16.975509551000187], [96.18453819900009, 16.975774063000074], [96.18453781700003, 16.975774616000024], [96.18429302200013, 16.976129266000044], [96.18418039000005, 16.976206296000043], [96.18403048400006, 16.976308817000074], [96.1840300230001, 16.976309131999983], [96.18376111900005, 16.976273572000082], [96.18371003100009, 16.976266816000077], [96.18362210200002, 16.976255189000085], [96.18346154500017, 16.976205935000053], [96.18309740400014, 16.97609422900007], [96.18302657600015, 16.976072501000033], [96.18295851600004, 16.976044271000035], [96.18271440700016, 16.97594301700019], [96.18227958800014, 16.975762659000168], [96.18136866500004, 16.97602200800003], [96.18104665499999, 16.976113687000066], [96.18019965000019, 16.97635466300011], [96.18010969300013, 16.976430314000083], [96.17995956100015, 16.976556569000138], [96.17977084400007, 16.976840480000078], [96.17973164500012, 16.976899451000065], [96.17973163700009, 16.976899699000114], [96.179725362, 16.97709990000004], [96.17971915200002, 16.977298031000032], [96.17970845900015, 16.977639165000028], [96.17970437300016, 16.977769530000046], [96.17973025400005, 16.97798322800014], [96.1797690780001, 16.978303796000034], [96.18029898200007, 16.978700780000167], [96.18030588200008, 16.978701202000025], [96.18045106200003, 16.978710076000084], [96.18061403000019, 16.978720037000073], [96.18071573500015, 16.97872625400015], [96.1809176930002, 16.978738599], [96.1809566180001, 16.978736189000188], [96.1813484020002, 16.978711928000052], [96.18200783700013, 16.978703613000164], [96.18201777500008, 16.978709617000106], [96.18202211400018, 16.978709562], [96.18238137200007, 16.978926574000013], [96.18267874200012, 16.979106204000175], [96.18329411400009, 16.979535168000098], [96.18342570900006, 16.979626900000085], [96.1835447090001, 16.979709851999985], [96.18364728400019, 16.98004747400006], [96.18375887200017, 16.980414764000045], [96.18375856000011, 16.980415083000025], [96.18313228500011, 16.981055643000047], [96.1823164720002, 16.981460795000032], [96.18231623800017, 16.981460911], [96.1820795860001, 16.981457957000146], [96.18104289100006, 16.981445020000024], [96.1800537850001, 16.98140684000009], [96.17949800200006, 16.981540778000124], [96.17949799000002, 16.98154083500009], [96.17943474100002, 16.98185093700016], [96.17934477900008, 16.982292003000055], [96.17957375100019, 16.983120296000095], [96.17973699400011, 16.983485240000107], [96.1797370290002, 16.98348531900018], [96.17984459200011, 16.98372578800013], [96.17984477700003, 16.9837266130001], [96.1798668350001, 16.983825414000023], [96.18002031900016, 16.984512855000105], [96.1803285690001, 16.98494771200012], [96.18046737700007, 16.985109802000068], [96.18069116700008, 16.985371128000168], [96.1809468030001, 16.98566833300015], [96.18100776000006, 16.986633596], [96.18048898800015, 16.98726700200018], [96.18000069500016, 16.987777427000026], [96.17968041400002, 16.988029313000084], [96.17937875100006, 16.988089793000142], [96.179372135, 16.988082308000116], [96.17936447400018, 16.988083844000073], [96.17925183700004, 16.987956410000038], [96.17901802100005, 16.98769187800019], [96.17901729600004, 16.98769105800011], [96.17862478800009, 16.98693683600004], [96.17779301400003, 16.986051823000082], [96.17778910400006, 16.98604766300008], [96.17778877300009, 16.98604731100005], [96.17772278100017, 16.98603786400008], [96.17754532300006, 16.98601245800012], [96.17712914300006, 16.986329233000106], [96.17685118400004, 16.98713429100013], [96.176617749, 16.987606380000045], [96.17659056700006, 16.987661352000146], [96.17651149900013, 16.987821256000018], [96.17637363300008, 16.988489443000162], [96.17627202000011, 16.988853818000052], [96.17602265800008, 16.989748005000024], [96.1760165030002, 16.98977625100008], [96.17601415100017, 16.98978704500007], [96.17597072900014, 16.989986306000105], [96.17583842800013, 16.990593420000096], [96.1758382610002, 16.990594187000056], [96.17583845400014, 16.990594301000044], [96.1760349590001, 16.990710174000128], [96.17618752100014, 16.99080013500003], [96.1761960550001, 16.990802698000152], [96.17622588, 16.990811653000094], [96.176401994, 16.990864531000057], [96.17641809200012, 16.99086936400016], [96.17643150200018, 16.990873391000036], [96.17643539400012, 16.990876222000054], [96.17681980900005, 16.991155794000065], [96.17705043200004, 16.991378010000176], [96.17705263600004, 16.991380134000167], [96.17705838000018, 16.99138566900018], [96.17706025400014, 16.991387474000078], [96.17719848800004, 16.99146561800012], [96.17731253300013, 16.991530086000125], [96.1774923440002, 16.991631733000077], [96.17793426000014, 16.991915670000083], [96.17794969900012, 16.991925590000164], [96.17829734600019, 16.992245849000085], [96.17829655200012, 16.99224617400006], [96.17802758100015, 16.992356389], [96.1780258820001, 16.992357085000094], [96.17802580100016, 16.992357117999973], [96.17801731100019, 16.992352582000137], [96.17798038000006, 16.992332847], [96.17795103600014, 16.992317167000124], [96.1777459270001, 16.992207566000047], [96.17765504600015, 16.992159004000143], [96.17739669800011, 16.992020955000157], [96.17721111200018, 16.991890773000023], [96.176794756, 16.991598714000133], [96.17677678500002, 16.99158610800015], [96.17676422700009, 16.991577299000028], [96.17675585900008, 16.99157142900009], [96.1767552440001, 16.991570998000157], [96.1765410650001, 16.99158524500018], [96.17629736400005, 16.991601456000183], [96.17624532100012, 16.991766775000087], [96.17621294700012, 16.99186961500004], [96.1761374890001, 16.992109318000075], [96.17620437600004, 16.99224076300004], [96.17624797700017, 16.99232644700004], [96.1762116320001, 16.992633158000103], [96.1762110890001, 16.99263773600012], [96.17621038600015, 16.992643670000064], [96.17616372200001, 16.99263270800003], [96.17609406000014, 16.992616343], [96.17589143400005, 16.992568743], [96.17568585400011, 16.992520449000097], [96.1755578530001, 16.99249038], [96.17511424900016, 16.992515275000187], [96.17493611500015, 16.992525272000023], [96.17490928100005, 16.992533366000032], [96.17486420400013, 16.99254696100013], [96.17486392500007, 16.992547046000084], [96.17486378500001, 16.992547088000094], [96.1745479610002, 16.992642345000036], [96.17434471100006, 16.992703648000088], [96.17421687200004, 16.992714654999986], [96.17412637800004, 16.99272244700012], [96.17390230500007, 16.99274174100009], [96.17373896200013, 16.992565445000082], [96.1735047520001, 16.99231266300012], [96.17339044500017, 16.99182500100011], [96.17339035200007, 16.991824609000048], [96.17356541000015, 16.991141877000075], [96.17347777000003, 16.990711556000065], [96.17337250600019, 16.990645184000073], [96.17331235600017, 16.990607258000182], [96.17316944400011, 16.99051714800015], [96.17307775600011, 16.990459336000185], [96.17307388600017, 16.99045995100016], [96.17306347900012, 16.99045338800005], [96.17260000200002, 16.99052685900017], [96.17244056400017, 16.99055213400004], [96.17227530500008, 16.990554971], [96.17200189400012, 16.990559665000035], [96.17195612600005, 16.99056045100008], [96.17194571300018, 16.99056063], [96.17194565000005, 16.990560531000085], [96.17167860199999, 16.99013695200017], [96.17171152900016, 16.990006365000113], [96.17175088200014, 16.98985029300013], [96.17180464500007, 16.989637072000164], [96.17180023900005, 16.989594249999982], [96.1717958960001, 16.98955205500016], [96.17177767900012, 16.98937503200017], [96.17176533300017, 16.98925506400019], [96.17170845300006, 16.989072806000024], [96.17168229400016, 16.988988987000084], [96.17165136600005, 16.98896329400003], [96.17162781400009, 16.98894373100012], [96.17162253100008, 16.98893934199998], [96.17160159500014, 16.988921950000133], [96.17133589300016, 16.98870123200004], [96.17081570800019, 16.98876194700017], [96.17019366600005, 16.988967603000106], [96.16970624500016, 16.989197486000023], [96.16967477200012, 16.989212330000043], [96.16967425500019, 16.98921257400002], [96.16928160200013, 16.989574730000186], [96.16957497200002, 16.989772730000027], [96.16962425300011, 16.98982975100006], [96.16979300200012, 16.990025007000042], [96.16983427399998, 16.99007764600003], [96.16986730700017, 16.99011977800012], [96.16986750600006, 16.990120032000164], [96.16998396100001, 16.990268563000086], [96.17001763500014, 16.990421762999972], [96.17007103600002, 16.990664715000037], [96.16990913600017, 16.991062731000113], [96.16990020100002, 16.99108469400005], [96.16990010600011, 16.991084805000128], [96.16955674900004, 16.991477404000022], [96.16923140400002, 16.991703408999967], [96.16909523900006, 16.991797999000028], [96.16900285000014, 16.99182782700018], [96.16858709700011, 16.9919620550001], [96.16816051000006, 16.992103735000057], [96.16812697100005, 16.99211574600008], [96.16778669800004, 16.992237605000128], [96.1677497840002, 16.992271896000034], [96.16773916600005, 16.992281759000036], [96.16773906800017, 16.992281851000087], [96.16771295000018, 16.99230611200005], [96.16760284900005, 16.99240838700007], [96.1675877300001, 16.99257243700015], [96.16752327500018, 16.992665901000066], [96.16745882000009, 16.992759365000154], [96.16745885000012, 16.992759435000153], [96.16748820200002, 16.992827525999985], [96.16751961300008, 16.99290039100009], [96.16762886000015, 16.99318974400012], [96.16771641700018, 16.993421652000166], [96.16775138500003, 16.993514268000183], [96.16776304100011, 16.993545140000037], [96.1678548590001, 16.993839260000072], [96.16794667700003, 16.99413338200003], [96.16797706900007, 16.99438671400003], [96.16800746100012, 16.994640043000118], [96.16800547700012, 16.994655370999965], [96.16795011500017, 16.995083060000127], [96.16787396300009, 16.99538741000009], [96.16784288200006, 16.995604750000098], [96.16772080900017, 16.995880448000037], [96.16764683600019, 16.996043005000047], [96.1676221780001, 16.996097191000104], [96.16750032200014, 16.996219531000065], [96.16744628800012, 16.996245676000058], [96.16723276700014, 16.99634899500012], [96.16688647900008, 16.996543726000027], [96.16658452400003, 16.99676875200015], [96.16631373700011, 16.99712410900014], [96.16619216600009, 16.997325587000148], [96.16604720800018, 16.997699497000156], [96.16604705800017, 16.997699963], [96.1659252550001, 16.998077851], [96.16588233200002, 16.998184356000024], [96.16587843000008, 16.998194039000055], [96.16582902200008, 16.99831663600014], [96.16577961400009, 16.998439233000056], [96.16573782500006, 16.998649709000063], [96.16576048700017, 16.99882915300003], [96.16579670400006, 16.998934344000077], [96.16580326000008, 16.998953386999972], [96.16582987200013, 16.99903068300017], [96.16585429300011, 16.9991247050001], [96.16586044900009, 16.999148406000018], [96.16586759500018, 16.999175919000095], [96.16590186400003, 16.999343147000104], [96.16593072700005, 16.999566876000017], [96.16593393400007, 16.999591735000024], [96.16592471500007, 16.999611043000016], [96.16576103500006, 16.999953832000074], [96.16563862300006, 17.00004181100013], [96.1656134430001, 17.00004671400012], [96.16555266400013, 17.000058548000027], [96.16541532600013, 17.000085289000026], [96.16540666900005, 17.00008697600009], [96.16540411400007, 17.000087473], [96.165401148, 17.000088727000104], [96.16520153700009, 17.00017313000012], [96.16519568600006, 17.000175604000106], [96.16502104900007, 17.000308483000026], [96.16500414200004, 17.000322695000136], [96.16476153400004, 17.000526636000018], [96.16475844300004, 17.000529234000055], [96.1647569820002, 17.000530463000075], [96.16468177799999, 17.000589843], [96.16450204500012, 17.00073176000012], [96.16407626000017, 17.001243024000132], [96.16400240200011, 17.001331709000112], [96.16400238400013, 17.001331731000107], [96.16400718700004, 17.001387285000078], [96.164036, 17.00172061700016], [96.16409610500011, 17.001981284000124], [96.164105511, 17.00202207500007], [96.16414049800017, 17.00208872800016], [96.16418113500004, 17.00216614800013], [96.16418141100007, 17.002166462], [96.1642796320001, 17.002278618000048], [96.16453564600016, 17.00257095500018], [96.16477243000003, 17.00273946600015], [96.16498618500003, 17.002891589000058], [96.1649865780002, 17.002891778000162], [96.1655236250001, 17.003151093000042], [96.16592054800003, 17.00336877300009], [96.16602222400007, 17.003464880000138], [96.16614218600006, 17.003578271000038], [96.16623755800015, 17.003768657000137], [96.16626779600011, 17.003829021000172], [96.16627211600013, 17.003837644999976], [96.16627209700005, 17.00383773500016], [96.16623385999998, 17.004016725000042], [96.1661054270001, 17.004117691999966], [96.1660733180002, 17.00414293400013], [96.1654598720001, 17.004405416000168], [96.16516970100014, 17.00450739200005], [96.16458936200019, 17.004711343000167], [96.16423443600013, 17.00473350900006], [96.1641095820001, 17.0046911230001], [96.16407836800016, 17.004680526000186], [96.16407388100009, 17.00467790200014], [96.16394064900004, 17.0045999460001], [96.1638824900001, 17.004554445000167], [96.1637661740001, 17.00446344400018], [96.16375951200007, 17.004387016000067], [96.16375640200016, 17.0043513440001], [96.1637501830001, 17.004279999000175], [96.16378806200015, 17.00420775100008], [96.16386031000008, 17.004069950000087], [96.16400182200005, 17.003836869999986], [96.16397846000007, 17.003682537000145], [96.16397590400004, 17.00366565400003], [96.16395686800007, 17.003539902000114], [96.16382848600011, 17.003464880000138], [96.16373426100006, 17.003409819000126], [96.16367024300007, 17.003372409000065], [96.1636699440001, 17.003372234000096], [96.163665551, 17.003372060000117], [96.16307904100017, 17.00334897000016], [96.16198403800007, 17.003375576000053], [96.16174090200002, 17.00344255400006], [96.16165985700019, 17.003464880000138], [96.16163065000018, 17.003472926000086], [96.16135885800003, 17.003547800000092], [96.16087810100015, 17.003913937000107], [96.16073257400012, 17.004375428000174], [96.16081259900005, 17.00456267000004], [96.16084929700008, 17.004648536000047], [96.16113662600014, 17.004660175000026], [96.16120280100017, 17.00466285500005], [96.16123356700007, 17.00466110200017], [96.16145664200013, 17.004648392000036], [96.16145682900009, 17.004648382000028], [96.1614568870001, 17.004648378000184], [96.16145705700006, 17.00464836900011], [96.16145710400019, 17.004648366000026], [96.16150791000013, 17.004645472000107], [96.16152313700007, 17.004644604000077], [96.16153380900005, 17.004650758000025], [96.16153741400007, 17.00465055300009], [96.16156864599998, 17.004668562000063], [96.16188096900015, 17.004848651000145], [96.16194299900013, 17.005084093999983]]]}}, {"type": "Feature", "properties": {"adm4_name": "Pyin Ma Pin", "adm4_name1": "ပျဉ်းမပင်", "adm4_name2": null, "adm4_name3": null, "adm4_pcode": "MMR013002004", "adm3_name": "Mingaladon", "adm3_name1": "မင်္ဂလာဒုံ", "adm3_name2": null, "adm3_name3": null, "adm3_pcode": "MMR013002", "adm2_name": "Yangon (North)", "adm2_name1": "ရန်ကုန်(မြောက်ပိုင်း)", "adm2_name2": null, "adm2_name3": null, "adm2_pcode": "MMR013D001", "adm1_name": "Yangon", "adm1_name1": "ရန်ကုန်တိုင်းဒေသကြီး", "adm1_name2": null, "adm1_name3": null, "adm1_pcode": "MMR013", "adm0_name": "Myanmar", "adm0_name1": "မြန်မာနိုင်ငံ", "adm0_name2": null, "adm0_name3": null, "adm0_pcode": "MMR", "valid_on": "2024-02-15T00:00:00", "valid_to": null, "area_sqkm": 8.37647861, "version": "v01", "lang": "en", "lang1": "my", "lang2": null, "lang3": null, "adm4_ref_name": "Pyin Ma Pin", "center_lat": 16.99531331, "center_lon": 96.13725306}, "geometry": {"type": "Polygon", "coordinates": [[[96.13904390900012, 17.022488713000087], [96.13898954000018, 17.022483423000153], [96.13893680200005, 17.022478291000084], [96.1350010720002, 17.022095356000136], [96.13470363900018, 17.022422531000075], [96.1345470760001, 17.022702696000067], [96.13450208600011, 17.022783202000028], [96.13449356500007, 17.02279845200019], [96.13448644100015, 17.02281120100008], [96.13340776799998, 17.021230384000148], [96.13322930800018, 17.020942865000052], [96.132872389, 17.02036783000017], [96.1325129490001, 17.019898995], [96.13218829300007, 17.019475531000126], [96.13156501700001, 17.019008075000045], [96.13111753600003, 17.018672464000076], [96.13057954500005, 17.018362711000066], [96.12915448100006, 17.017542219000063], [96.12814321000013, 17.016917611000054], [96.12774010200019, 17.016480910000098], [96.12742937100018, 17.0161442860001], [96.127072452, 17.01534121900005], [96.12689399200019, 17.014389434000066], [96.12689399200019, 17.01322944700007], [96.12704270900014, 17.01218843300012], [96.127072452, 17.01070126900015], [96.127072452, 17.0093330790001], [96.126953479, 17.00820283500002], [96.12716168200012, 17.007191564000095], [96.12763757400006, 17.0065074690001], [96.12835141200014, 17.005109536000134], [96.12858935800011, 17.004395698000053], [96.12882730500019, 17.0032059670001], [96.1291247370001, 17.001897263000046], [96.12948165700016, 17.000380357000097], [96.12986831900014, 16.998833707000017], [96.13010626500011, 16.997316801000125], [96.13028472400003, 16.99565117800006], [96.1306416440001, 16.994223502000068], [96.13084984700004, 16.99315274500003], [96.130939076, 16.992141473000174], [96.13079036000016, 16.991427636000026], [96.13060777000015, 16.991062453999973], [96.13040369700002, 16.99065431000014], [96.12982521500015, 16.990207301], [96.12974934600015, 16.990148675000114], [96.12855961500003, 16.989464580000117], [96.12786266900014, 16.9889183250001], [96.12745911500014, 16.98860202500009], [96.12698322200009, 16.987531268], [96.12692373600015, 16.986549740000157], [96.12701296600005, 16.98538975300005], [96.12716168200012, 16.984467712000026], [96.12731039800019, 16.983396954000057], [96.1272806550001, 16.982593886000075], [96.127072452, 16.981790818000036], [96.12671553300004, 16.98086877700007], [96.12629788200007, 16.97997099200012], [96.13028348000012, 16.979911506000178], [96.13153269700018, 16.979792533000023], [96.13236550800008, 16.979614073000164], [96.13385267100011, 16.97949510000018], [96.13587521300013, 16.980268425000133], [96.13715228900014, 16.980447678000132], [96.13713325400005, 16.980009857000027], [96.13736168200012, 16.979267465000078], [96.13762818200013, 16.978791573000137], [96.13882743000005, 16.977211611000143], [96.1401028210002, 16.975498399000173], [96.1412830340002, 16.970777548000058], [96.14173874100015, 16.969191847000047], [96.14204807100003, 16.968311446000143], [96.14212675300013, 16.967888526000138], [96.14269360800006, 16.96826642900004], [96.14482814100018, 16.96826642900004], [96.14787747500003, 16.968495128000086], [96.14780124200007, 16.970782129000042], [96.14655965600019, 16.97082890200005], [96.14426041799999, 16.970915519000016], [96.14424984000004, 16.971149577000062], [96.1441908440001, 16.97245484600012], [96.14405010600018, 16.975568658000043], [96.14401085800012, 16.97643703099999], [96.14392630500015, 16.97830776600017], [96.14380356200002, 16.98102346999997], [96.14724783200012, 16.981912199000078], [96.14660537700013, 16.983839562000128], [96.14640462700004, 16.98454218900008], [96.14621224000001, 16.985215542000105], [96.14617707400015, 16.985338622000143], [96.14598428600016, 16.98560151300012], [96.14539185300009, 16.98640938000011], [96.14517429200015, 16.986906659000113], [96.14489216500016, 16.987551521], [96.14453524700008, 16.98883643], [96.14453524700008, 16.98886971500019], [96.14453524700008, 16.990478258000167], [96.1441069440001, 16.991905935000034], [96.14417832700008, 16.993476378000025], [96.14403556000008, 16.99497543900003], [96.14446386200012, 16.996403116000067], [96.14474939800016, 16.99775940900014], [96.14474939800016, 16.999258468999983], [96.14460663000006, 17.000900297000157], [96.14456716400014, 17.001123938999967], [96.1443924780001, 17.002113823000172], [96.1442497110001, 17.00347011500014], [96.14414890200004, 17.004581143000053], [96.14432736200001, 17.005711387000133], [96.14456530799998, 17.007377010000027], [96.144862741, 17.009161605000145], [96.14510068700014, 17.01058928200007], [96.14527914600012, 17.012314391000075], [96.145470391, 17.013748731000078], [96.14551709200009, 17.014098987000068], [96.14510068700014, 17.015229230000102], [96.14474376800001, 17.01618101500003], [96.14451106500007, 17.016679665000083], [96.14432736200001, 17.01707331299997], [96.14372764900008, 17.016679665000083], [96.14281655200011, 17.016081627000176], [96.14250329500004, 17.016679665000083], [96.14229307100004, 17.017081001000065], [96.14195994699998, 17.017890018000173], [96.14153164400017, 17.018032785000173], [96.14010396700007, 17.01774725000007], [96.13915218300019, 17.017794838999976], [96.13919977200015, 17.01969840800001], [96.13904390900012, 17.022488713000087]]]}}, {"type": "Feature", "properties": {"adm4_name": "Thin Gan Kyun Gyi", "adm4_name1": "သင်္ဃန်းကျွန်းကြီး", "adm4_name2": null, "adm4_name3": null, "adm4_pcode": "MMR013002005", "adm3_name": "Mingaladon", "adm3_name1": "မင်္ဂလာဒုံ", "adm3_name2": null, "adm3_name3": null, "adm3_pcode": "MMR013002", "adm2_name": "Yangon (North)", "adm2_name1": "ရန်ကုန်(မြောက်ပိုင်း)", "adm2_name2": null, "adm2_name3": null, "adm2_pcode": "MMR013D001", "adm1_name": "Yangon", "adm1_name1": "ရန်ကုန်တိုင်းဒေသကြီး", "adm1_name2": null, "adm1_name3": null, "adm1_pcode": "MMR013", "adm0_name": "Myanmar", "adm0_name1": "မြန်မာနိုင်ငံ", "adm0_name2": null, "adm0_name3": null, "adm0_pcode": "MMR", "valid_on": "2024-02-15T00:00:00", "valid_to": null, "area_sqkm": 8.44924645, "version": "v01", "lang": "en", "lang1": "my", "lang2": null, "lang3": null, "adm4_ref_name": "Thin Gan Kyun Gyi", "center_lat": 16.95428284, "center_lon": 96.16176311}, "geometry": {"type": "Polygon", "coordinates": [[[96.15748287600013, 16.972459263000076], [96.1558057430002, 16.972764196000128], [96.1533662760001, 16.972459263000076], [96.15161290900005, 16.972687962000066], [96.15161290900005, 16.971773163000137], [96.15146044300002, 16.971163296000043], [96.151003043, 16.970858362], [96.15054564200011, 16.97055342900012], [96.14780124200007, 16.970782129000042], [96.14787747500003, 16.968495128000086], [96.14482814100018, 16.96826642900004], [96.14269360800006, 16.96826642900004], [96.14212675300013, 16.967888526000138], [96.14223755000012, 16.967292997000186], [96.14223842800004, 16.967288278000012], [96.14233360600008, 16.966622029000064], [96.14242878400017, 16.966050958000153], [96.14297606000014, 16.965456093000057], [96.14340436300012, 16.964956406], [96.14359472000018, 16.96438533600019], [96.14385646100004, 16.962814891], [96.1440468180001, 16.961910696000075], [96.144070613, 16.96129203600003], [96.1443561480001, 16.960625787000083], [96.14504619200017, 16.960483020000083], [96.14537931600006, 16.960268868000128], [96.14587900300006, 16.95986436000004], [96.14640248400013, 16.9592457], [96.14692596600008, 16.95879360200007], [96.14742565300014, 16.958246326000108], [96.14797292900016, 16.957699050000144], [96.1485915880001, 16.957294542000056], [96.1489514820002, 16.957166646000132], [96.14961773100015, 16.953133459000128], [96.15030777500004, 16.94914786200013], [96.1507003860001, 16.946792196000047], [96.15112868900013, 16.94434135100005], [96.15178304000017, 16.940593700000022], [96.15191391100007, 16.940058321000038], [96.15303225800017, 16.93591805900013], [96.15306071300012, 16.93592944100004], [96.15505479900008, 16.93672707600001], [96.15757194900016, 16.937657659000024], [96.15898091000014, 16.93817854700012], [96.16118666200003, 16.938961233000043], [96.16488197300015, 16.940272473], [96.16678554200018, 16.94093872200017], [96.16814537300013, 16.941951632000155], [96.16928055900013, 16.94279797600018], [96.16896326700015, 16.942944342000033], [96.16885468500004, 16.94299443100016], [96.16843506500015, 16.94308407900013], [96.16823947800003, 16.943125865000013], [96.16783876699998, 16.94397903300012], [96.16783871500019, 16.943979144000025], [96.16769432400002, 16.94428657300017], [96.16798366199998, 16.944848605000118], [96.16814624100004, 16.945450056000027], [96.16824155800003, 16.946097168000108], [96.16821280900007, 16.946192749000147], [96.16813328400013, 16.94645713600005], [96.16784455300012, 16.94693397300017], [96.16770010300007, 16.94730654199998], [96.16755578100003, 16.94767021000007], [96.16739556300013, 16.948030699000128], [96.16731812500007, 16.948293531000047], [96.16730644500018, 16.94842664300006], [96.16728892500015, 16.948626311000055], [96.1673289060002, 16.948756387000117], [96.16738221200018, 16.948929823000128], [96.16740597500007, 16.948940285000106], [96.1676529680002, 16.949049028000104], [96.16795158400004, 16.949060440000153], [96.1682078500001, 16.949046952000117], [96.1682932720002, 16.949042456000086], [96.16839242000009, 16.949051092000104], [96.16859964400015, 16.949113879000038], [96.16930863100009, 16.94924624099997], [96.16933603300009, 16.94925135600016], [96.16988780600019, 16.949456684999973], [96.16992161300004, 16.949469265000175], [96.17001567400007, 16.949504268000112], [96.17001579700019, 16.949504314000137], [96.17011429600007, 16.94954096800012], [96.17011440900018, 16.949541052000143], [96.17011601300015, 16.949542243000167], [96.17012857200018, 16.94954691700019], [96.17061699300018, 16.949909570999978], [96.17069427300004, 16.950032136000118], [96.17072801500012, 16.950085651000165], [96.1708189810002, 16.950229924000098], [96.1712708930001, 16.950647906000086], [96.17130372100019, 16.95068763600017], [96.17159363700017, 16.951048124000124], [96.1718244270001, 16.951406706000114], [96.17194459000018, 16.951691854000103], [96.171958739, 16.95174975000009], [96.17201707000015, 16.95198844700002], [96.17205657300013, 16.9520630400001], [96.17220725900012, 16.952347573999987], [96.17241423700005, 16.95264417200002], [96.17246243500011, 16.952713240000037], [96.17256615100018, 16.95298897300006], [96.17257973700004, 16.95302509100003], [96.17261908800003, 16.953108136000026], [96.17271515800013, 16.953310875000057], [96.17288791000004, 16.953517051000063], [96.17319581000015, 16.953791528000124], [96.173497172, 16.954016595000155], [96.17393876300008, 16.954219777000105], [96.17425796000009, 16.954345911000075], [96.17440223700004, 16.954402924000078], [96.1748948070001, 16.95458260800018], [96.17492771200006, 16.954594612000108], [96.17492844500003, 16.95459562000019], [96.1749419890001, 16.954600561000177], [96.17514453400008, 16.954879108000057], [96.17507497600019, 16.955050588000177], [96.17499253400013, 16.95525382800014], [96.17464539600019, 16.95581172800013], [96.1745167860002, 16.956138837000083], [96.17443558700012, 16.956436384000085], [96.17433749500003, 16.956806410000183], [96.17427537000009, 16.95723556300004], [96.17423558799999, 16.957557361000056], [96.1742257780001, 16.957973707], [96.17421324500003, 16.958407492000106], [96.17415202800004, 16.958772886000133], [96.17397354200017, 16.95911958800008], [96.17383159400015, 16.959395318000134], [96.17365864400006, 16.959589219000122], [96.17354294800009, 16.959718931000168], [96.17328859200018, 16.959979515000043], [96.17320534700013, 16.96006479700003], [96.1731087080002, 16.96037760200005], [96.17312083400014, 16.96052884300002], [96.17313295900016, 16.960680083000113], [96.17318184700014, 16.96069706300011], [96.1736516950001, 16.960860252000032], [96.17432975800017, 16.96102278600017], [96.17467308100004, 16.961147944], [96.17510223400012, 16.961271286000112], [96.17548465800013, 16.961399078], [96.17549074200014, 16.961402289000034], [96.17551293600019, 16.961414003000073], [96.17575270800012, 16.961540550000166], [96.17575328900011, 16.961540856], [96.17579364800014, 16.961562157000117], [96.17600243900011, 16.96169758000019], [96.17610059300006, 16.961761244000115], [96.17617903900015, 16.961812125000165], [96.17647670800017, 16.962083053000015], [96.17509277900012, 16.963616195000043], [96.1737205780002, 16.96498839500009], [96.17295824500013, 16.965522028000066], [96.17158604500008, 16.96567449500003], [96.17029007800005, 16.96536956200009], [96.16884164400011, 16.96460722800009], [96.16815554400017, 16.964454761000184], [96.16693581100009, 16.964530995000075], [96.16670711100016, 16.965064628999983], [96.16594477800004, 16.966589295], [96.16518244400004, 16.967275395000115], [96.16342907699999, 16.967732796000064], [96.16159947700015, 16.968571362000148], [96.16150675200004, 16.968687269000043], [96.16098961100016, 16.969333695000103], [96.16083714300015, 16.97055342900012], [96.1602272770001, 16.97223056200005], [96.15748287600013, 16.972459263000076]]]}}, {"type": "Feature", "properties": {"adm4_name": "Urban", "adm4_name1": null, "adm4_name2": null, "adm4_name3": null, "adm4_pcode": "MMR013002701", "adm3_name": "Mingaladon", "adm3_name1": "မင်္ဂလာဒုံ", "adm3_name2": null, "adm3_name3": null, "adm3_pcode": "MMR013002", "adm2_name": "Yangon (North)", "adm2_name1": "ရန်ကုန်(မြောက်ပိုင်း)", "adm2_name2": null, "adm2_name3": null, "adm2_pcode": "MMR013D001", "adm1_name": "Yangon", "adm1_name1": "ရန်ကုန်တိုင်းဒေသကြီး", "adm1_name2": null, "adm1_name3": null, "adm1_pcode": "MMR013", "adm0_name": "Myanmar", "adm0_name1": "မြန်မာနိုင်ငံ", "adm0_name2": null, "adm0_name3": null, "adm0_pcode": "MMR", "valid_on": "2024-02-15T00:00:00", "valid_to": null, "area_sqkm": 22.38127171, "version": "v01", "lang": "en", "lang1": "my", "lang2": null, "lang3": null, "adm4_ref_name": "Urban", "center_lat": 17.00762585, "center_lon": 96.11312766}, "geometry": {"type": "Polygon", "coordinates": [[[96.13448644100015, 17.02281120100008], [96.12825455500001, 17.03396299800005], [96.1279221750001, 17.03455778299997], [96.12779768100006, 17.034550774000024], [96.12571088900006, 17.034433289000162], [96.12496135800012, 17.035396971000125], [96.1234622980001, 17.03803817300019], [96.12278415200012, 17.03932308200018], [96.1227127680001, 17.03978707600004], [96.12339091400003, 17.04107198500003], [96.12339091400003, 17.041393213000163], [96.122462924, 17.04385595499997], [96.11995021400014, 17.04334199100009], [96.11840832300015, 17.04288513500012], [96.11564735500019, 17.042276786000173], [96.11503900600019, 17.04214274300017], [96.11423950700004, 17.04231406400004], [96.11315447300012, 17.042713812999978], [96.11264050900007, 17.042713812999978], [96.11246918800003, 17.042628152000077], [96.11229786700017, 17.04254249200011], [96.11215510000017, 17.042256957], [96.11201233200006, 17.04197142200013], [96.11161258200019, 17.041057709000086], [96.11104151200004, 17.040429530999972], [96.11064176200017, 17.040258210000104], [96.10955672800009, 17.040315317000136], [96.10904276400004, 17.040657959000043], [96.108471694, 17.040772173000107], [96.10795773000012, 17.040772173000107], [96.10687269600004, 17.039972674000126], [96.10555923300018, 17.038944747000073], [96.10484433800008, 17.038367332000178], [96.10407445000016, 17.037745499000152], [96.10293230800016, 17.036203608], [96.10270388000009, 17.035803859000055], [96.10218991700009, 17.03397643300002], [96.10150463200017, 17.03294850599997], [96.10156173900003, 17.030721330000063], [96.10156173900003, 17.029978938000113], [96.10143195100011, 17.02969340300001], [96.1012762040001, 17.02935076], [96.10041959800009, 17.029065225000124], [96.09893481400019, 17.02877969000002], [96.0983637430001, 17.028322833000118], [96.09775696500014, 17.02765826700005], [96.09727698700004, 17.02713257700009], [96.09716449500013, 17.02700937100019], [96.09559855800018, 17.025440097], [96.0961636190001, 17.02466978700005], [96.09651811800006, 17.024186521000047], [96.097799308, 17.022439960000042], [96.0977993350001, 17.022439924000025], [96.09780524500007, 17.02232539400012], [96.09784109600008, 17.021630685000105], [96.09812312200017, 17.02163456900007], [96.09813177300009, 17.02103935100007], [96.09813493100017, 17.020822044000113], [96.09815190700016, 17.02082227800014], [96.09841695900002, 17.02082592800008], [96.09842769400012, 17.020087068], [96.09842966600013, 17.019951389000084], [96.098432694, 17.019742968000173], [96.09843269999999, 17.019742562000147], [96.09863689800005, 17.019745374000024], [96.09869724000004, 17.01974620500016], [96.0987012710001, 17.019746260999966], [96.09871472500015, 17.019746446000113], [96.09871574700009, 17.01967617300005], [96.09871823700013, 17.019504745000063], [96.09872652700005, 17.01893425300011], [96.09872653200017, 17.018933921000098], [96.09893256400017, 17.018936758000052], [96.09896544100013, 17.018937212000083], [96.09897130399997, 17.018937293000022], [96.09900855800004, 17.018937805000064], [96.09900877200005, 17.01892301800018], [96.09901249400019, 17.018666963000044], [96.09896097800004, 17.01866624700017], [96.09873390600006, 17.018663092000168], [96.09873300900006, 17.01866308000018], [96.09873694600014, 17.01839223800016], [96.09895651500011, 17.018395290000058], [96.09901619700008, 17.018396118999988], [96.0990164270001, 17.018396122000127], [96.09901772000012, 17.01834204800008], [96.09901831200017, 17.018317284000148], [96.09902290500008, 17.01812528000005], [96.0992336400002, 17.018128209000054], [96.09930229500009, 17.01812916300014], [96.09930238900012, 17.018129164000015], [96.09930550300004, 17.01793937900004], [96.09932460400012, 17.016775123000173], [96.0993246070002, 17.016774956000063], [96.09921132600016, 17.01677339800011], [96.09904289500014, 17.016771080000126], [96.09904257900013, 17.01677107600011], [96.09904651500011, 17.01650023400009], [96.09932854100015, 17.016504115000146], [96.0993324750001, 17.016233273000125], [96.09948398500006, 17.01623536], [96.09961450000009, 17.01623715700009], [96.09961843300016, 17.015966409000043], [96.09961843400009, 17.015966313000035], [96.0993366260002, 17.015962435000063], [96.09933640800017, 17.01596243199998], [96.09934034300005, 17.015691755999967], [96.09934034500009, 17.01569159000013], [96.09905831900016, 17.01568771000018], [96.09905831600008, 17.01568794500014], [96.099054383, 17.015958551000097], [96.09905434000012, 17.01595855000005], [96.09821085000016, 17.015946906000124], [96.09820377700015, 17.016433713000026], [96.09820298, 17.016488586000037], [96.09808052300008, 17.01648690100012], [96.097929437, 17.016484823000155], [96.09792137800014, 17.016484711000146], [96.09792095500006, 17.016484705000153], [96.09792488400012, 17.016214367000146], [96.097924891, 17.016213864], [96.09779447600016, 17.016212064000058], [96.0970821480002, 17.016202226000132], [96.09708135800014, 17.01620221500002], [96.09708922900012, 17.015660535000166], [96.09821478700019, 17.015676064000104], [96.09821872000009, 17.015405223000187], [96.09877511299999, 17.01541288200019], [96.09878277100012, 17.015412987000104], [96.09878670500007, 17.015142146000187], [96.09906873000006, 17.015146027000014], [96.099072664, 17.014875185], [96.09918008900013, 17.014876678000064], [96.09935188600002, 17.014879065000173], [96.09935214600006, 17.01487906900013], [96.09935477200008, 17.014742500000125], [96.09936255700012, 17.014337530000034], [96.09936256000003, 17.014337386000022], [96.09908486400013, 17.01433356500013], [96.0990810420002, 17.014333512000064], [96.09908053400017, 17.01433350500014], [96.09908446500003, 17.014062876000025], [96.09908446800011, 17.014062663000118], [96.09880627600018, 17.01405883300015], [96.09880244500016, 17.014058780000028], [96.0987956190001, 17.014528705000146], [96.098794575, 17.014600463000022], [96.09861246300005, 17.014597956999978], [96.09851255000007, 17.014596582000138], [96.09850953800014, 17.014803920000077], [96.09850861600006, 17.014867423000055], [96.09823042200014, 17.014863593000143], [96.09822659100013, 17.01486354000002], [96.09823133200007, 17.014537306000022], [96.09823446100006, 17.014321857000084], [96.09776325500013, 17.014315341000042], [96.09767342400005, 17.014314098000057], [96.09767295600005, 17.014314092000063], [96.09768082700009, 17.01377241200015], [96.09796284900011, 17.013776293000035], [96.09797071900005, 17.013234610000097], [96.0980269980002, 17.01323538500003], [96.09809304000015, 17.013236294000023], [96.09825274200006, 17.01323849300013], [96.098253553, 17.013182690000065], [96.09826061200016, 17.012696809999966], [96.09854263500011, 17.012700694000102], [96.09856023200007, 17.011489408000102], [96.09856623800005, 17.011075975999972], [96.09856624300016, 17.011075645000062], [96.0988360520002, 17.01107935700003], [96.0988482680001, 17.011079526000117], [96.09885086800017, 17.01090050500011], [96.09885613500012, 17.010537846000034], [96.09885415300016, 17.01053781900015], [96.09882713100006, 17.01053744300009], [96.09859974500006, 17.01053428400013], [96.09857750300017, 17.01053397400011], [96.098576654, 17.010533962000068], [96.09858153100015, 17.010198283000136], [96.0985884540001, 17.009721749000107], [96.09858845800011, 17.00972144000019], [96.09858696100008, 17.009721419000073], [96.09853217500017, 17.00972066500003], [96.0983126590001, 17.009717643000158], [96.09830666100015, 17.009717560000013], [96.09830643800007, 17.0097175570001], [96.09831382100003, 17.00920920500016], [96.0983142990001, 17.00917625400018], [96.09831430500009, 17.009175874000164], [96.09859124400015, 17.009179687000028], [96.09859632800004, 17.009179757000027], [96.09860457000019, 17.00861229800006], [96.09860812500006, 17.008367539000176], [96.09860812900007, 17.008367233000115], [96.09861195700017, 17.008367286000066], [96.0988901520002, 17.008371114], [96.09889014900011, 17.008371351000108], [96.09887834800014, 17.00918363800008], [96.0988788630001, 17.009183645000178], [96.09915749400011, 17.009187480000037], [96.09916037000016, 17.009187519000136], [96.09917610800005, 17.008104156000115], [96.0993376150002, 17.008106379000026], [96.09935013600006, 17.008106551000083], [96.09945812800015, 17.00810803700017], [96.09946206000012, 17.007837290000055], [96.09946206100017, 17.00783719500015], [96.09946044600014, 17.007837174000088], [96.09934567500017, 17.007835594000085], [96.09918022400007, 17.007833317000177], [96.09918004200006, 17.007833314000095], [96.09918606800017, 17.00741838300013], [96.09918790700004, 17.00729179500013], [96.09918790900008, 17.007291631000157], [96.09946992900012, 17.007295511999985], [96.09947386300007, 17.007024671000067], [96.09961386600003, 17.007026598000152], [96.09975588500015, 17.007028552000122], [96.09975981900016, 17.006757711000034], [96.09960940500014, 17.00675564100004], [96.09947779600014, 17.006753829000047], [96.09947910900019, 17.006663487000026], [96.09948173000015, 17.00648298800013], [96.09947730500005, 17.006482927000036], [96.0993233750001, 17.006480789000022], [96.09920311200017, 17.006479119000062], [96.09920225400009, 17.006479107000075], [96.09921131900006, 17.0058550010001], [96.09921405300008, 17.005666726000072], [96.09921405500012, 17.005666585000142], [96.09921032700015, 17.005666534000056], [96.09902842700018, 17.005664029000116], [96.09893226900004, 17.00566270500019], [96.09893203500019, 17.00566270200011], [96.09893311500014, 17.005588384000134], [96.09893596600011, 17.005392073000166], [96.0989359690002, 17.00539186300017], [96.09876411800008, 17.00538949600002], [96.09874239900017, 17.005389198000046], [96.09873259700004, 17.00538906300011], [96.09865394600018, 17.005387979000034], [96.09865490900017, 17.005321767000055], [96.0986578830001, 17.00511713800006], [96.09845637200004, 17.005114340000034], [96.09837914000019, 17.005113267000183], [96.09837840600017, 17.005113257], [96.0983792510001, 17.005055110000114], [96.098382335, 17.00484275000008], [96.09838234000011, 17.004842415000155], [96.09837756000007, 17.00484234900017], [96.09817034600013, 17.004839498000024], [96.09810066800009, 17.004838539000048], [96.09810032000007, 17.0048385340001], [96.09810818800014, 17.004296851000163], [96.09839020700014, 17.00430073500013], [96.09839414100009, 17.004029893999984], [96.09867616100018, 17.004033772000128], [96.09868009500013, 17.00376293300019], [96.0989621120001, 17.003766814000073], [96.09896210900001, 17.003767004999986], [96.09895817800015, 17.004037655], [96.09895897200005, 17.0040376660001], [96.09951967700016, 17.0040454170001], [96.0995214900002, 17.003920509000068], [96.09952360700015, 17.003774644000032], [96.0995236080002, 17.003774576000183], [96.09952744500009, 17.003774629000077], [96.09980251700011, 17.003778413000077], [96.09980562800013, 17.003778455000088], [96.09981237000011, 17.00331422100004], [96.0998174290001, 17.002965931000176], [96.09982853200006, 17.002966084000093], [96.10009944600006, 17.002969813000107], [96.10009944700016, 17.002969740000026], [96.10010331200004, 17.002703586000052], [96.10010731300008, 17.00242813000017], [96.10010719200017, 17.002428128000133], [96.10010117700011, 17.00242804400017], [96.09982783700008, 17.002424249000114], [96.09983570200012, 17.00188256600012], [96.09983634900004, 17.001882575000025], [96.10009225700009, 17.00188609700018], [96.10011772200016, 17.001886447], [96.1001177230001, 17.001886356000114], [96.10011863700015, 17.0018863680001], [96.1001338960001, 17.00080299399997], [96.10008183600002, 17.000802291000184], [96.10007441800013, 17.000802190000115], [96.10004663200016, 17.00080181500016], [96.09985160800017, 17.000799179000126], [96.09985719900004, 17.000402279000127], [96.09985721200013, 17.000401336000152], [96.09985930100004, 17.00025751700008], [96.09986288700014, 17.00025756600013], [96.10006550100019, 17.000260355000137], [96.10014131800017, 17.000261398000134], [96.1001413190001, 17.000261304000105], [96.10014152500008, 17.000261307000187], [96.10014820200018, 16.999787324000124], [96.10014822300013, 16.999785835000125], [96.100148224, 16.999785759000133], [96.10014915400012, 16.99971971500014], [96.10006480900012, 16.99971855400014], [96.1000565820001, 16.999718441000027], [96.10003974800009, 16.999718209000036], [96.09986716600002, 16.999715832999982], [96.09986686700012, 16.999715805], [96.09987017600014, 16.999559166000097], [96.09987471400012, 16.999344365000184], [96.09987831000007, 16.999174161000155], [96.10015705000006, 16.99917803200003], [96.10015855799998, 16.99911494500003], [96.10015855900008, 16.999114894000115], [96.10015856200016, 16.999114792000114], [96.10016352500014, 16.998907190000182], [96.099699354, 16.998900805000062], [96.099599491, 16.998899431000154], [96.09959296800008, 16.999348656999985], [96.09959162600018, 16.999441114000092], [96.09948900400019, 16.99943970200019], [96.09874557500007, 16.99942947200003], [96.09874557200015, 16.999429706000058], [96.09874262700015, 16.999632464000115], [96.09873814500014, 16.999940996000078], [96.09873770700011, 16.99997115499997], [96.09873650200012, 16.999971138999967], [96.09865324000015, 16.999969987999975], [96.09837168000013, 16.999966096000037], [96.09817696100009, 16.999963403000038], [96.09818077100005, 16.99969291700006], [96.09836722800009, 16.99969543700007], [96.09846305800005, 16.99969673200013], [96.09848213200019, 16.99834251400017], [96.0984818290001, 16.998342510000157], [96.09848183300011, 16.998342225000044], [96.09806338200019, 16.998336467000115], [96.09791780200004, 16.998334463000106], [96.09791911000013, 16.99827974800013], [96.09792518600011, 16.998064041000134], [96.09820365900015, 16.998067855999977], [96.09820366600007, 16.99806750400012], [96.09820507500012, 16.997992462000127], [96.09820945100012, 16.99774459400004], [96.09821808900011, 16.997255314000085], [96.09804556600011, 16.99725298300018], [96.09793663000016, 16.99725151100006], [96.09793663599999, 16.997251108000114], [96.09794107300013, 16.99693611300006], [96.09795188900011, 16.996168137000097], [96.09795180700013, 16.996168136], [96.09795181300012, 16.996167734000153], [96.09774618500012, 16.996164904000125], [96.09766979500006, 16.9961638530001], [96.09768970700009, 16.994895436000036], [96.0977039340001, 16.993997574], [96.0979862210001, 16.99400138900006], [96.09799003600017, 16.993730545], [96.09911385100014, 16.993745783000065], [96.0991153720002, 16.993745804000127], [96.09911872500004, 16.99350774400017], [96.09912313500001, 16.99320400100015], [96.09856224400005, 16.99319624700007], [96.0985660550001, 16.992925644000138], [96.09856557799998, 16.992925638000145], [96.09856558100006, 16.992925398000125], [96.09853738200013, 16.99292501000008], [96.09828648500007, 16.99292156100006], [96.09828377200012, 16.992921523000064], [96.09828758200007, 16.99265098600017], [96.09853293100002, 16.99265430100013], [96.09856987000018, 16.992654800000082], [96.09857074300015, 16.99259283500004], [96.09857368500002, 16.992383957000186], [96.09885597200002, 16.99238777200003], [96.0988597870001, 16.99211692800003], [96.09908711600013, 16.992120000000114], [96.09914207499997, 16.992120743000044], [96.09914588900011, 16.991849899000044], [96.0991453380002, 16.99184989200012], [96.09908266000014, 16.99184904500015], [96.09886360200016, 16.991846085000077], [96.09886360400014, 16.99184591900007], [96.09886741600008, 16.99157524100002], [96.09907820500007, 16.99157809000019], [96.09914970400018, 16.99157905600009], [96.09915462500015, 16.99122966800013], [96.09916114800006, 16.990766525000083], [96.09934638400011, 16.99076902900015], [96.09942290200007, 16.990770063000014], [96.09944343600017, 16.990770340000154], [96.09944725000014, 16.990499496000098], [96.09955621000006, 16.990500969000152], [96.09972902800018, 16.99050334499998], [96.09972902900006, 16.99050330400007], [96.09972953800019, 16.990503311000168], [96.09973335300009, 16.990232468000045], [96.09961901800011, 16.990230923000183], [96.0995577810001, 16.99023009500013], [96.09945106500015, 16.990228627000022], [96.0994548810001, 16.989957785000172], [96.0995575300002, 16.98995919600003], [96.10017764900005, 16.989967577000073], [96.10030092100016, 16.98996924300002], [96.10030174300005, 16.98996925400013], [96.10030331100018, 16.98985789900007], [96.10031318400019, 16.98915690500013], [96.1003131870001, 16.98915672300012], [96.10044582200015, 16.989158516000032], [96.10059472900014, 16.989160528000184], [96.10059646600018, 16.989040868000075], [96.10060258700003, 16.98861909400017], [96.10060310000017, 16.98861910100004], [96.10060310400019, 16.988618851000012], [96.10071845100003, 16.98862040900019], [96.10088460400004, 16.988622654000096], [96.10088853200017, 16.98835213100017], [96.10088920100014, 16.988352146000068], [96.10088920600003, 16.988351822000084], [96.10096504800009, 16.988353873000165], [96.10096514300005, 16.988353876000076], [96.10096523200014, 16.988353878000055], [96.10096532000011, 16.988353880000034], [96.10096537100003, 16.988353881000137], [96.10096541600012, 16.98835388200007], [96.10096546000017, 16.988353883000116], [96.10117149400014, 16.988359451000065], [96.10117530800011, 16.988088608000112], [96.10117446200019, 16.988088585000014], [96.10117447500011, 16.988087711000162], [96.10096905900019, 16.988083033000123], [96.1008930210001, 16.988080978000028], [96.10089683500007, 16.987810135000075], [96.10061454800007, 16.98780632000006], [96.10061454400005, 16.987806572000068], [96.100610733, 16.98807716400006], [96.10061045600008, 16.988077160000046], [96.10061045200007, 16.988077411000177], [96.100428, 16.98807490200005], [96.10032844, 16.988073533000033], [96.10032844300008, 16.988073349000047], [96.10032852200004, 16.988067911000087], [96.10032853500013, 16.988066974000105], [96.1003360750002, 16.987531662000038], [96.10041908500017, 16.987532784000166], [96.10090033000006, 16.98753928700006], [96.10090065000009, 16.987539291000076], [96.10090446500016, 16.987268448000123], [96.1007597410001, 16.98726648000013], [96.10069616700014, 16.987265615000183], [96.10034370400001, 16.98726081800004], [96.10034751600017, 16.986990178000042], [96.10062617800014, 16.986994045000074], [96.10063010900018, 16.986723204000157], [96.10068726800006, 16.986724505000154], [96.10068866800015, 16.98672453800009], [96.10068879900007, 16.98672454100017], [96.10091211800017, 16.986729626000113], [96.10091998000013, 16.986187943000175], [96.10070435600005, 16.986182988], [96.10068429500006, 16.98618243900006], [96.10067835000018, 16.986182276000136], [96.10067298600012, 16.98618212800011], [96.10064125100007, 16.986181259000148], [96.10064294800009, 16.98606075100014], [96.10064506500004, 16.985910416000024], [96.10036277800003, 16.98590660100018], [96.10036659200017, 16.985635757000125], [96.10032958100004, 16.98563525700007], [96.10008435800006, 16.98563194400009], [96.10008828700012, 16.985361237000177], [96.1000881180002, 16.98536123500014], [96.0998203640001, 16.985357519000047], [96.09980881900009, 16.985357359000034], [96.09982061500017, 16.98454483200004], [96.09982109000015, 16.98454483900008], [96.09982109100002, 16.984544754000183], [96.10010262600014, 16.984548559000075], [96.10010655700006, 16.984277871000018], [96.10010719100012, 16.98427788000015], [96.10036561900017, 16.98428143300015], [96.100388566, 16.984281749], [96.10038856900013, 16.984281528000054], [96.10038948099998, 16.984281540000097], [96.10039163300019, 16.984128790000057], [96.10040633400007, 16.983084943000108], [96.10040855100016, 16.982927548000134], [96.10052109400016, 16.98292960300006], [96.10052113000017, 16.982929604000105], [96.10097312900018, 16.98293876600019], [96.1009769440002, 16.982667923000065], [96.10118354600007, 16.982670753000093], [96.10125541700006, 16.982671738000136], [96.10125544100009, 16.98267087800002], [96.10125563700007, 16.982670881000104], [96.10125673300018, 16.982625032000158], [96.1012630460001, 16.98240089400008], [96.1012620890001, 16.98240088100016], [96.10126210900006, 16.982400037000104], [96.10098077200018, 16.982396168000037], [96.10098457300006, 16.982126236000113], [96.10098401800008, 16.982126220999987], [96.10077141100015, 16.982120475000045], [96.10070228200004, 16.982118901000092], [96.10070202200018, 16.9821188950001], [96.10069809500015, 16.982389445000138], [96.10069809100014, 16.98238973700012], [96.10061596700007, 16.98238860800012], [96.1001340740001, 16.982381981], [96.10013407600007, 16.982381823000026], [96.10013800700017, 16.982111138999983], [96.10020263600006, 16.982112028000188], [96.10042001300002, 16.982115017000126], [96.1004239470002, 16.98184417600004], [96.10060272900006, 16.981847172000073], [96.10060300100008, 16.98184717700019], [96.10127067600018, 16.981859207000127], [96.10127449000015, 16.981588364000174], [96.10380744899999, 16.981622695999988], [96.10381126400006, 16.98135185200016], [96.10493660000009, 16.981367111000054], [96.10494041400005, 16.981096268000158], [96.10508001000005, 16.981098163000013], [96.10570699100015, 16.98110680700006], [96.10575471800013, 16.981107465000093], [96.1057837260002, 16.981107865000126], [96.10578374600004, 16.981107022000117], [96.10578522100008, 16.98104529], [96.10579108700017, 16.980837033000114], [96.10579109200012, 16.980836867999983], [96.10606956500015, 16.980840683000054], [96.10607338000017, 16.980569839], [96.10614730000009, 16.980571171000122], [96.10624234000011, 16.980572883000093], [96.10677853200008, 16.980582545000175], [96.10680818900016, 16.98058307900004], [96.10692024200006, 16.98058509800012], [96.10692076500004, 16.980547972000068], [96.10693168600017, 16.979772568000044], [96.10704667900018, 16.97977412199998], [96.10721397400005, 16.979776382000182], [96.1072146140001, 16.97973092700005], [96.10722160300008, 16.97923469500006], [96.10750389100014, 16.979238510000073], [96.10751152000017, 16.97869682300012], [96.10779380800005, 16.97870063800019], [96.10780143700009, 16.97815895100001], [96.10786402000019, 16.978159797000103], [96.10808372500014, 16.978162766000082], [96.10809135400018, 16.977621078000027], [96.10823516200014, 16.977623021000113], [96.10837364200006, 16.97762489300004], [96.1083812710001, 16.97708320600009], [96.10866355899998, 16.97708702100016], [96.10866737400005, 16.976816177000103], [96.10868671900016, 16.97681644200003], [96.10869945600001, 16.976816616000065], [96.10894584700009, 16.976819992000173], [96.10894585600016, 16.976819559000035], [96.10894785200014, 16.976725086000158], [96.10894859100011, 16.976690114000064], [96.10895729100014, 16.97627830500005], [96.10895931100015, 16.97627833300004], [96.10923576400018, 16.976282120000064], [96.10923577199998, 16.97628174600004], [96.10923788800017, 16.976181575], [96.10923793799998, 16.97617895100018], [96.10924636000016, 16.975740066000185], [96.10952568800019, 16.97574393600013], [96.10952716800011, 16.975673844000028], [96.10953622000017, 16.97520225500017], [96.10981488100003, 16.97520611700014], [96.10981559800018, 16.97520637500014], [96.1098156010001, 16.97520612700015], [96.10982322700005, 16.97466468800019], [96.10982352900004, 16.974664692000033], [96.11005859700015, 16.97466786900003], [96.1101055150001, 16.974668503000032], [96.11010553900013, 16.974668318000113], [96.11010733300009, 16.974540558000058], [96.11011314400014, 16.97412681600008], [96.11011338900005, 16.974126819], [96.11039543200019, 16.974130630000047], [96.11039668400014, 16.97404170800013], [96.11039931900007, 16.973859788000027], [96.11045959800003, 16.973860602000116], [96.11060823200006, 16.973862611000186], [96.1106815340001, 16.973863602000165], [96.11068356800007, 16.97371920100005], [96.11068867900002, 16.973356285000023], [96.1106891770001, 16.973321915000042], [96.1106891780002, 16.973321852000083], [96.11088081400004, 16.97332448400016], [96.1109413580001, 16.973325316000057], [96.11097118400005, 16.973325725000166], [96.11097339600008, 16.973173069000154], [96.1109751090001, 16.973054883000145], [96.11097526600003, 16.973054886000057], [96.1112571160001, 16.973058695000077], [96.11126104000004, 16.97278791400015], [96.11126136700017, 16.972787918000165], [96.1112613680001, 16.97278785700007], [96.11154304600012, 16.972791664000113], [96.11154696900019, 16.972520943000177], [96.11154746800014, 16.972520950000103], [96.11154747000012, 16.972520828000086], [96.11173779700016, 16.972523418000094], [96.1121082310001, 16.97252845800017], [96.11211204500006, 16.97225761400017], [96.11228936800006, 16.972260809000147], [96.11261267300006, 16.97226622100004], [96.11295837500006, 16.972272008000118], [96.11296230000016, 16.972001163000186], [96.11352350400006, 16.972008904000177], [96.11352522100009, 16.971947978000117], [96.11353111300002, 16.97173881500015], [96.11372225300005, 16.9717414160001], [96.11409187300006, 16.971746445000065], [96.11409568800013, 16.971475601], [96.11494940300014, 16.971487205000074], [96.11503189800015, 16.97148832700003], [96.11507231100018, 16.971488876000137], [96.11524536600001, 16.97149122800016], [96.11559863100007, 16.971496029000093], [96.11606025700007, 16.971502304000182], [96.11606038900004, 16.971501871000044], [96.11606056000016, 16.97150187300008], [96.11606778300012, 16.971498527000165], [96.11607023500017, 16.97149739000014], [96.11715466499999, 16.970994861], [96.11716270500011, 16.970991135000077], [96.11855279000014, 16.971544552000125], [96.11939744500012, 16.97188082500014], [96.12141999100015, 16.9733303160001], [96.12268692500015, 16.974238285000183], [96.12296663700005, 16.974438745000043], [96.12342630600011, 16.974736178000057], [96.12397790800014, 16.975093097000183], [96.124008796, 16.975494631], [96.12403739400008, 16.975866422000138], [96.12409318300018, 16.975942496000016], [96.1242135660001, 16.976106656000127], [96.1244243770002, 16.976394125000184], [96.12469174600005, 16.976758720000078], [96.1253460980002, 16.977591531000144], [96.12629788200007, 16.97997099200012], [96.12671553300004, 16.98086877700007], [96.127072452, 16.981790818000036], [96.1272806550001, 16.982593886000075], [96.12731039800019, 16.983396954000057], [96.12716168200012, 16.984467712000026], [96.12701296600005, 16.98538975300005], [96.12692373600015, 16.986549740000157], [96.12698322200009, 16.987531268], [96.12745911500014, 16.98860202500009], [96.12786266900014, 16.9889183250001], [96.12855961500003, 16.989464580000117], [96.12974934600015, 16.990148675000114], [96.12982521500015, 16.990207301], [96.13040369700002, 16.99065431000014], [96.13060777000015, 16.991062453999973], [96.13079036000016, 16.991427636000026], [96.130939076, 16.992141473000174], [96.13084984700004, 16.99315274500003], [96.1306416440001, 16.994223502000068], [96.13028472400003, 16.99565117800006], [96.13010626500011, 16.997316801000125], [96.12986831900014, 16.998833707000017], [96.12948165700016, 17.000380357000097], [96.1291247370001, 17.001897263000046], [96.12882730500019, 17.0032059670001], [96.12858935800011, 17.004395698000053], [96.12835141200014, 17.005109536000134], [96.12763757400006, 17.0065074690001], [96.12716168200012, 17.007191564000095], [96.126953479, 17.00820283500002], [96.127072452, 17.0093330790001], [96.127072452, 17.01070126900015], [96.12704270900014, 17.01218843300012], [96.12689399200019, 17.01322944700007], [96.12689399200019, 17.014389434000066], [96.127072452, 17.01534121900005], [96.12742937100018, 17.0161442860001], [96.12774010200019, 17.016480910000098], [96.12814321000013, 17.016917611000054], [96.12915448100006, 17.017542219000063], [96.13057954500005, 17.018362711000066], [96.13111753600003, 17.018672464000076], [96.13156501700001, 17.019008075000045], [96.13218829300007, 17.019475531000126], [96.1325129490001, 17.019898995], [96.132872389, 17.02036783000017], [96.13322930800018, 17.020942865000052], [96.13340776799998, 17.021230384000148], [96.13448644100015, 17.02281120100008]]]}}, {"type": "Feature", "properties": {"adm4_name": "Urban", "adm4_name1": null, "adm4_name2": null, "adm4_name3": null, "adm4_pcode": "MMR013002702", "adm3_name": "Mingaladon", "adm3_name1": "မင်္ဂလာဒုံ", "adm3_name2": null, "adm3_name3": null, "adm3_pcode": "MMR013002", "adm2_name": "Yangon (North)", "adm2_name1": "ရန်ကုန်(မြောက်ပိုင်း)", "adm2_name2": null, "adm2_name3": null, "adm2_pcode": "MMR013D001", "adm1_name": "Yangon", "adm1_name1": "ရန်ကုန်တိုင်းဒေသကြီး", "adm1_name2": null, "adm1_name3": null, "adm1_pcode": "MMR013", "adm0_name": "Myanmar", "adm0_name1": "မြန်မာနိုင်ငံ", "adm0_name2": null, "adm0_name3": null, "adm0_pcode": "MMR", "valid_on": "2024-02-15T00:00:00", "valid_to": null, "area_sqkm": 34.07760242, "version": "v01", "lang": "en", "lang1": "my", "lang2": null, "lang3": null, "adm4_ref_name": "Urban", "center_lat": 17.05639172, "center_lon": 96.13250221}, "geometry": {"type": "Polygon", "coordinates": [[[96.12811088600012, 17.08077771400019], [96.12791523200013, 17.080813221000028], [96.12783622700005, 17.080827558000067], [96.12765130900004, 17.0808979950001], [96.12754313100015, 17.08093920200008], [96.12753851000019, 17.08094238400014], [96.12731234300009, 17.081098147000148], [96.12701988200013, 17.081341016000067], [96.12695560600014, 17.08139545100005], [96.12682056500006, 17.081509817000097], [96.1267245730001, 17.08161466900009], [96.12651062000009, 17.081848372000138], [96.12636679400009, 17.082038497000156], [96.12604649800005, 17.08246190200009], [96.12537193300011, 17.0826049530001], [96.12484168999998, 17.082618940000145], [96.12441253700013, 17.08270667800008], [96.12397193900006, 17.082828749000157], [96.12390599700012, 17.082851741000127], [96.1235408780002, 17.082979048000084], [96.12327257800001, 17.08313901100007], [96.12306892400005, 17.083313291000138], [96.1229816440001, 17.08338798300008], [96.12294006400003, 17.08344291600008], [96.12278366100014, 17.08364954500007], [96.12269248900009, 17.083941115000187], [96.12268173900009, 17.084219933000156], [96.12268066400009, 17.084247816000072], [96.1226733690001, 17.084301508000067], [96.12262229900011, 17.084677350999982], [96.12237730000004, 17.085081232000107], [96.12234230100006, 17.085138930000085], [96.12228240900009, 17.08519971100003], [96.12198295600007, 17.085503615000164], [96.12192257200007, 17.085915261000082], [96.12192726100017, 17.086240768000152], [96.12192717699998, 17.08624093900005], [96.12192726100017, 17.086246717000165], [96.12179760300012, 17.086514196], [96.12179088599999, 17.08652805200012], [96.121603209, 17.086631403000013], [96.12146245100007, 17.086708916000134], [96.12146122000007, 17.08670959300008], [96.12144279500006, 17.08671974000015], [96.12114601200011, 17.086846387000037], [96.12107181600004, 17.08687805000011], [96.12101554900005, 17.08691667300019], [96.12073421500008, 17.087109792000092], [96.12048988900011, 17.087459255000113], [96.12043724100016, 17.087534559000176], [96.11975669800012, 17.087693442000045], [96.11938285800005, 17.087696302000097], [96.11907291400018, 17.087718237000047], [96.11888571900005, 17.087753533000125], [96.11875089000017, 17.087778955000147], [96.11845080000006, 17.087898482000128], [96.11817169200003, 17.08804820900002], [96.11789218900009, 17.088255303000096], [96.11787351000004, 17.088269143], [96.11785335000019, 17.08829953200012], [96.11765174900012, 17.088603438000064], [96.11740112300015, 17.088858832000028], [96.117165565, 17.08916496100005], [96.11699543000009, 17.089488446000075], [96.1169528960001, 17.089569319000134], [96.11693206000012, 17.089605740000025], [96.11670303300014, 17.090006102000075], [96.11667214800013, 17.09005849000016], [96.11667197200012, 17.090058789000125], [96.11647701300006, 17.090389479000123], [96.11622140400016, 17.09052761900017], [96.11621761300012, 17.090529668999977], [96.116158703, 17.090518155000098], [96.11591021300006, 17.090469588000076], [96.11554336600017, 17.09043716300016], [96.1152216590001, 17.0904244460001], [96.11489963500014, 17.090312231000098], [96.11480690200017, 17.090220586999976], [96.11457506800019, 17.089991478000115], [96.11425666800011, 17.089868391000152], [96.11361732400013, 17.08929466], [96.11341667100015, 17.088608015000148], [96.11318690400009, 17.088285725000105], [96.11313247700008, 17.088209380000137], [96.11311135900013, 17.08812535100003], [96.11285972600018, 17.087124098], [96.11284955500014, 17.087114297000028], [96.11244106300006, 17.08672069300013], [96.11202437300005, 17.085871379000025], [96.11194229100005, 17.085704076000127], [96.11136245700004, 17.085014570000112], [96.11102934500019, 17.084234017000085], [96.11093788200014, 17.084019697000144], [96.11012204500008, 17.083215940000116], [96.1097565410002, 17.082659611000054], [96.1096038820001, 17.08242725200006], [96.10920414600002, 17.08149911000004], [96.10915947000007, 17.081395377000035], [96.10895192700008, 17.081063732000075], [96.10869216900005, 17.080648649000068], [96.1081237800002, 17.079833257000132], [96.10763359100002, 17.07943939000012], [96.1062021260002, 17.078165282000043], [96.10544013999998, 17.077276457000153], [96.1049009950001, 17.07677609600006], [96.1042250590001, 17.075958183000125], [96.1042216620001, 17.07594812299999], [96.104168233, 17.075789896000174], [96.10416192900004, 17.07577122600003], [96.103849374, 17.075371006000125], [96.10384271200019, 17.075367480000182], [96.10383610500008, 17.07536398400009], [96.1038339110001, 17.07536282200016], [96.1038320670001, 17.075361846000078], [96.10357093900018, 17.07483886500006], [96.103052902, 17.074016036000103], [96.1028456620001, 17.07348242900008], [96.10273170500017, 17.073189009000146], [96.10254738700019, 17.072722070000168], [96.10231208800019, 17.072125980000067], [96.10217399600015, 17.07139610100012], [96.10217431300009, 17.071391827000127], [96.10217399600015, 17.071390152000106], [96.10227394100013, 17.070042292000096], [96.10238341600007, 17.069574780000153], [96.10242907200012, 17.069379807000132], [96.10251350300007, 17.068559008000136], [96.10252952500014, 17.068403244000024], [96.1025469700001, 17.06791154600006], [96.10258102400007, 17.066951752000023], [96.10264588400008, 17.06629656399997], [96.102652359, 17.066231155000025], [96.1028510020002, 17.065556082], [96.10291937500006, 17.065323723000063], [96.10294113999998, 17.065249759000153], [96.10294151300013, 17.065248489000055], [96.10300222100017, 17.06504533700013], [96.10300723400013, 17.06502855800005], [96.1031935970002, 17.064404922000165], [96.10319480900012, 17.064400864000163], [96.10316585800012, 17.06435570700006], [96.10309408200004, 17.064243755000064], [96.10303487100003, 17.064151400000128], [96.10283088700004, 17.06383323700004], [96.10274460500017, 17.063662830000055], [96.10273976800005, 17.06365327700007], [96.10267829900005, 17.063531876000013], [96.102633041, 17.06337259300011], [96.10257988000012, 17.063185501000078], [96.10248757300008, 17.063061707000145], [96.10241859400014, 17.06296919800019], [96.10241661100002, 17.062966538000182], [96.1011219020001, 17.06262016300019], [96.10087144300007, 17.062540238000054], [96.10052528300002, 17.062429773000076], [96.10051822700018, 17.062427521000075], [96.09921253800007, 17.061759032000055], [96.09875614500004, 17.061617303000162], [96.09826625500017, 17.061465172999988], [96.09826453500006, 17.06146434900012], [96.09825723700015, 17.061460856999986], [96.09825197800018, 17.061459224000146], [96.09633350400003, 17.060541153000145], [96.09607946000017, 17.06037824700013], [96.09604221500018, 17.0603543630001], [96.09493255600012, 17.059642792000147], [96.09414253300002, 17.059198379000065], [96.0934708910001, 17.05829302500007], [96.09284273800006, 17.057598750000125], [96.09253343000006, 17.05706151600009], [96.09222412100013, 17.056524277000108], [96.09204557400017, 17.056176695000147], [96.09175872800006, 17.055618286000026], [96.09151649500018, 17.055112002000044], [96.09093284600016, 17.053892136], [96.09041849800019, 17.052638372000047], [96.09004020700007, 17.05148124700014], [96.0896442410002, 17.049889755000095], [96.08962178700011, 17.049447143000066], [96.0896150430001, 17.049314204000154], [96.08956226300018, 17.04827378900012], [96.08956209800004, 17.048270544000104], [96.089662552, 17.04662132300018], [96.08978814800008, 17.045373901000175], [96.08979352400019, 17.045320511], [96.08989381900005, 17.04487403000013], [96.09019470200019, 17.04353459700002], [96.09074974000009, 17.042090224000162], [96.09100036600006, 17.04029388400005], [96.09141631600016, 17.039254946000085], [96.09159278900012, 17.038814163000097], [96.09233581800004, 17.03775110500004], [96.09256172200008, 17.037427902000047], [96.09362411500013, 17.035268784000095], [96.09484672500002, 17.03299064700019], [96.09501977700018, 17.031481055000143], [96.0950425470001, 17.031282425000086], [96.09543761800018, 17.029424189000167], [96.09543800300014, 17.029422378999982], [96.09533302300014, 17.028293461000032], [96.095332718, 17.02829017600004], [96.09550921200008, 17.0267505650001], [96.09551356800006, 17.025555958000098], [96.09556003600017, 17.025492612], [96.09556629100007, 17.025484084000027], [96.09557418500003, 17.025473323000085], [96.09559855800018, 17.025440097], [96.09716449500013, 17.02700937100019], [96.09727698700004, 17.02713257700009], [96.09775696500014, 17.02765826700005], [96.0983637430001, 17.028322833000118], [96.09893481400019, 17.02877969000002], [96.10041959800009, 17.029065225000124], [96.1012762040001, 17.02935076], [96.10143195100011, 17.02969340300001], [96.10156173900003, 17.029978938000113], [96.10156173900003, 17.030721330000063], [96.10150463200017, 17.03294850599997], [96.10218991700009, 17.03397643300002], [96.10270388000009, 17.035803859000055], [96.10293230800016, 17.036203608], [96.10407445000016, 17.037745499000152], [96.10484433800008, 17.038367332000178], [96.10555923300018, 17.038944747000073], [96.10687269600004, 17.039972674000126], [96.10795773000012, 17.040772173000107], [96.108471694, 17.040772173000107], [96.10904276400004, 17.040657959000043], [96.10955672800009, 17.040315317000136], [96.11064176200017, 17.040258210000104], [96.11104151200004, 17.040429530999972], [96.11161258200019, 17.041057709000086], [96.11201233200006, 17.04197142200013], [96.11215510000017, 17.042256957], [96.11229786700017, 17.04254249200011], [96.11246918800003, 17.042628152000077], [96.11264050900007, 17.042713812999978], [96.11315447300012, 17.042713812999978], [96.11423950700004, 17.04231406400004], [96.11503900600019, 17.04214274300017], [96.11564735500019, 17.042276786000173], [96.11840832300015, 17.04288513500012], [96.11995021400014, 17.04334199100009], [96.122462924, 17.04385595499997], [96.12339091400003, 17.041393213000163], [96.12339091400003, 17.04107198500003], [96.1227127680001, 17.03978707600004], [96.12278415200012, 17.03932308200018], [96.1234622980001, 17.03803817300019], [96.12496135800012, 17.035396971000125], [96.12571088900006, 17.034433289000162], [96.12779768100006, 17.034550774000024], [96.1279221750001, 17.03455778299997], [96.12825455500001, 17.03396299800005], [96.13448644100015, 17.02281120100008], [96.13449356500007, 17.02279845200019], [96.13450208600011, 17.022783202000028], [96.1345470760001, 17.022702696000067], [96.13470363900018, 17.022422531000075], [96.1350010720002, 17.022095356000136], [96.13893680200005, 17.022478291000084], [96.13898954000018, 17.022483423000153], [96.13904390900012, 17.022488713000087], [96.13979489200017, 17.022561781000093], [96.14050357500014, 17.022630734000188], [96.14312098200003, 17.022838937000074], [96.14336513799998, 17.022909470000172], [96.14445942900005, 17.02322559999999], [96.14502840300003, 17.023138065000126], [96.14523275400018, 17.02310662600013], [96.1452773270002, 17.023173486000132], [96.1454036180001, 17.023362922], [96.14541121400003, 17.02337431600006], [96.14527376600017, 17.02438946], [96.14526840200011, 17.024429080000118], [96.14489720600011, 17.02474316900009], [96.144654501, 17.025114365000036], [96.14451173300012, 17.025614052000094], [96.14436896500018, 17.026213676000168], [96.14409770700013, 17.027341540000066], [96.1440263230001, 17.027541415000144], [96.14388355500017, 17.02869783300008], [96.14374078800017, 17.029383118000055], [96.14368368100014, 17.029640100000165], [96.14374078800017, 17.03025400100006], [96.14386927900006, 17.030468152000083], [96.14389783200005, 17.03073941100007], [96.14401204600006, 17.031281928000112], [96.14411198400018, 17.031510356000183], [96.14419440400007, 17.03188124800016], [96.14428330500004, 17.032281301000125], [96.14439751900005, 17.03338061200003], [96.14438840900004, 17.033546871], [96.14434041200008, 17.03442281600013], [96.14417312600006, 17.034792499000048], [96.1441476760001, 17.034848739999973], [96.14288160400014, 17.03864100600009], [96.1428840910001, 17.039775178000127], [96.14288656100013, 17.040901494000025], [96.14338624800013, 17.043292852000036], [96.15205938300005, 17.042400554000096], [96.15326151100004, 17.041404445000182], [96.1535146670002, 17.042084128], [96.15406194300016, 17.042655198000034], [96.15458542400006, 17.043250064000063], [96.15476441600009, 17.04349617800017], [96.15477578100007, 17.043511804000048], [96.15479463800011, 17.043738078000104], [96.15479957600019, 17.043797340000026], [96.15479476400014, 17.04383583900011], [96.15477578100007, 17.043987697000034], [96.15465680800008, 17.044225643], [96.15462961400016, 17.044239239999968], [96.15446645100008, 17.0443208210001], [96.15435297800019, 17.044355735000124], [96.15415712100003, 17.044416], [96.15377640800006, 17.044630151000092], [96.15332431000013, 17.045010865000165], [96.152967391, 17.04555814100013], [96.15294359600011, 17.045915060000084], [96.15322913200009, 17.04627197900004], [96.1535146670002, 17.046509925], [96.15356701500008, 17.046547996000072], [96.15377640800006, 17.046700282000074], [96.1538530150001, 17.04680242600017], [96.15391917500006, 17.046890639000083], [96.15393361900004, 17.046943598000098], [96.15399055900014, 17.04715238000017], [96.15406194300016, 17.047414120000155], [96.15407679400005, 17.04762202800009], [96.1540857380001, 17.047747245000096], [96.15408950900013, 17.047777411000084], [96.15410953200012, 17.047937602000104], [96.15420471100009, 17.048223137000036], [96.1542523010001, 17.04830245300019], [96.15434747800009, 17.048461083000177], [96.15441727600017, 17.048525064000046], [96.15463301400007, 17.048722824000038], [96.15475381800013, 17.0488436280001], [96.15489475400005, 17.048984565000126], [96.15525167300018, 17.04917492200019], [96.15539444100011, 17.04941286800016], [96.15553720900004, 17.049698403000036], [96.15555640700018, 17.050024768000128], [96.15556100300006, 17.050102911000124], [96.1557989490002, 17.050436036000065], [96.1561082790002, 17.050697777000153], [96.1564889930001, 17.051102285000013], [96.15658551200016, 17.05120952800013], [96.15691729600007, 17.051578177000124], [96.15896363300004, 17.053576924000083], [96.15955849800014, 17.05419558400007], [96.159820239, 17.05424317300003], [96.15992591000014, 17.054210658999978], [96.16012956800012, 17.054147995000164], [96.16039130900003, 17.053743487000077], [96.16088303400011, 17.053038682000135], [96.161105148, 17.05272031800007], [96.1614482230001, 17.0522980720001], [96.16172380700016, 17.051958891000027], [96.16203313700015, 17.051482999000086], [96.1623900560001, 17.051078490000123], [96.1623984520001, 17.05107662400013], [96.16260420800006, 17.05103090100016], [96.16298492200013, 17.051054696000108], [96.16350840299998, 17.05112608000013], [96.16400809000004, 17.051221258], [96.16422224100006, 17.051221258], [96.1644744620001, 17.051155461000178], [96.16476951700008, 17.051078490000123], [96.16512643700014, 17.050888133000058], [96.1651876900001, 17.050689060000025], [96.16522161500018, 17.050578804000168], [96.16525530800004, 17.05045526200007], [96.1652929990002, 17.05031706300008], [96.16539497600002, 17.05017429600008], [96.16541197200019, 17.050150501000132], [96.16542143200007, 17.050142760000142], [96.1656737130001, 17.049936349], [96.16591165900007, 17.04979358100013], [96.16629237300015, 17.049508046000028], [96.16667308600012, 17.049151127000073], [96.1671013890001, 17.048699029000147], [96.16731554100005, 17.048461083000177], [96.16755348700019, 17.048246932000097], [96.16760575600017, 17.04822254000004], [96.16791040600015, 17.048080369000104], [96.16831491400006, 17.04762827200011], [96.1687194230002, 17.047128585000053], [96.1688379470001, 17.046965614000158], [96.16890978000009, 17.046866843999965], [96.16895370800017, 17.046771665], [96.16905254700009, 17.046557514000142], [96.16910013600017, 17.046295774000157], [96.16907634200015, 17.046200595000187], [96.16883839600018, 17.04584367600006], [96.16860045000004, 17.045486757000106], [96.16858005400013, 17.045282803000077], [96.16857665500015, 17.045248811000135], [96.16898116300018, 17.045177427000056], [96.16918103800015, 17.04520598100015], [96.16931428800012, 17.045225016000188], [96.16971879600004, 17.04539157900001], [96.17019468900008, 17.04532019500016], [96.17059919700012, 17.04512983800015], [96.17086093800003, 17.044868097000062], [96.17095431500002, 17.044544693000148], [96.17101249600012, 17.044343185000173], [96.17102752800014, 17.044348807000063], [96.17102677300016, 17.044349134000015], [96.17133885100003, 17.0444658560001], [96.17126677200002, 17.044558800000118], [96.17127864900004, 17.044562737000035], [96.17128179800005, 17.044563781000136], [96.17128104800014, 17.044564749000187], [96.17174246900004, 17.044717720000165], [96.17175507000013, 17.044721897000045], [96.17189213800009, 17.04486679000007], [96.1719267960001, 17.04492357500004], [96.17209527, 17.045199621000165], [96.17231652200002, 17.0457260500001], [96.17246434300012, 17.04599498500005], [96.17268782000019, 17.04623372200018], [96.172967831, 17.046376339000176], [96.17339134300005, 17.046472550000033], [96.17375526400008, 17.04659538300018], [96.17375907100012, 17.046597797000175], [96.17397632400008, 17.046735604000105], [96.1740487420002, 17.04678154000004], [96.17417865300018, 17.04690890800009], [96.17443847600009, 17.047163645000126], [96.17451487200003, 17.047354380000172], [96.17462921200007, 17.047639847000085], [96.17445278200006, 17.04804134300008], [96.17436174200014, 17.048329119000073], [96.17435010300017, 17.04836591000003], [96.17442131000013, 17.048892975], [96.1744918820001, 17.049312592000035], [96.17457199100005, 17.049842835000106], [96.17474174500006, 17.050724030000083], [96.17484982800005, 17.051261266000154], [96.17488231600004, 17.05156549100019], [96.17488822900009, 17.05162086500013], [96.17483965600007, 17.05197080000005], [96.17476209000006, 17.052261989000044], [96.17469488000017, 17.052642642000023], [96.17469215400013, 17.052658081000175], [96.17468579600012, 17.052706931000102], [96.17465400700007, 17.052951177000068], [96.17467559000016, 17.053041904], [96.17472267200014, 17.05323982200008], [96.17480087300015, 17.053573608000136], [96.17486466300011, 17.053920746000074], [96.17488288900017, 17.054019928000116], [96.1745696550002, 17.05530990699998], [96.17456942300004, 17.055310863999978], [96.17455711400015, 17.055361557000026], [96.17443146500017, 17.055459168000027], [96.1744288340002, 17.055461212000182], [96.17435147000003, 17.055521313999975], [96.17430669700013, 17.055556096000032], [96.17430496500015, 17.055557443000055], [96.17418785100006, 17.05564842300015], [96.17361831700003, 17.055835724000076], [96.17351967600013, 17.055873089000045], [96.17351842700009, 17.055873561999988], [96.17315406800003, 17.056011581000178], [96.17290648600016, 17.056218556000147], [96.17285792000007, 17.056259156000124], [96.1728343960001, 17.056586265000078], [96.17291069000015, 17.05685997000012], [96.17302131600007, 17.057252884000093], [96.17309951800019, 17.057559013000116], [96.17313957200008, 17.05798339900008], [96.17315177800003, 17.05812931000014], [96.17316398600019, 17.058275223000066], [96.1732940670002, 17.058692933000145], [96.17344322200017, 17.05922660800013], [96.17345523400013, 17.059640668000156], [96.17345619200017, 17.059673691000114], [96.17331049100011, 17.060017877000178], [96.17330106000014, 17.060040156000127], [96.17315559399998, 17.060297012000092], [96.17290178900004, 17.060439428000166], [96.17255895900013, 17.060566735000123], [96.17248916700004, 17.060592651000093], [96.17214230100012, 17.060714994000023], [96.17171224000015, 17.061185836999982], [96.17161178600014, 17.061498642], [96.17152214000004, 17.06186103800019], [96.17144203100008, 17.062223434000146], [96.17137146000016, 17.06247806600004], [96.17132250400005, 17.062990188000185], [96.17133967100011, 17.063433329000134], [96.17133546200006, 17.063439633000144], [96.17112922700011, 17.063748551000117], [96.17015419100011, 17.064401627000166], [96.16995964000006, 17.06462364200013], [96.16983528100019, 17.064973068000086], [96.16930961700018, 17.065445900000157], [96.16899528500011, 17.06565666200015], [96.16874313400012, 17.065780640000128], [96.16844368000005, 17.065942764000056], [96.16788444500003, 17.066229630000123], [96.16775300699999, 17.06639199400007], [96.16733970600018, 17.066902542000037], [96.16610573800006, 17.066600093000147], [96.16610665000013, 17.06660276600013], [96.16610795200006, 17.066606584000056], [96.16610573800006, 17.066606042000046], [96.1658725740001, 17.066548893000174], [96.16486167900007, 17.066405205000024], [96.16345969800017, 17.06609219000012], [96.16344070500008, 17.066087950000167], [96.1622486120001, 17.06580566200006], [96.16107822000009, 17.06545501900007], [96.16099230499998, 17.065429279000114], [96.16011800700016, 17.06506937000006], [96.15920305200018, 17.064692724000167], [96.15838966300015, 17.064210737000167], [96.15723101300017, 17.063956170000154], [96.15582084600015, 17.063510359000134], [96.1551095960001, 17.063500390000115], [96.15489131000015, 17.063497329000086], [96.15487734500016, 17.063497133999988], [96.15434837400016, 17.06382964900007], [96.15401331600015, 17.064015933], [96.15372845500013, 17.064428431000067], [96.15372810400015, 17.064428938], [96.15372829600017, 17.064431926000054], [96.15376396200014, 17.064985884000066], [96.15394244500004, 17.065436935000037], [96.1539430630001, 17.065438497000116], [96.15388526900011, 17.06584876800008], [96.15360679600008, 17.066132581000033], [96.15329806000011, 17.06630475200012], [96.15311513900019, 17.066574228000036], [96.15298042300003, 17.06677268800013], [96.15289268500004, 17.067157210000175], [96.15267708900018, 17.067242210000074], [96.15260522400018, 17.067270543], [96.15260332500009, 17.06727129100011], [96.15260047900006, 17.067272414000115], [96.1523166660001, 17.067216718999987], [96.15211783800015, 17.067110599000102], [96.15201123500015, 17.067053704000102], [96.15172342900013, 17.06692862200009], [96.151648142, 17.066895903000102], [96.15164375300009, 17.066893995000157], [96.15139879200018, 17.06694125200005], [96.15125618000008, 17.066968764000023], [96.1509609220002, 17.067257155000163], [96.15074348400015, 17.067455519000077], [96.15052795500014, 17.067644346000122], [96.15033340400015, 17.067945707000092], [96.15018081700003, 17.068205107000097], [96.15017443900001, 17.068226032000098], [96.15010388700006, 17.068457512000066], [96.15010370800013, 17.068459529000165], [96.150079727, 17.06872962800003], [96.15005970000004, 17.06904147900019], [96.14998912800007, 17.069309462000035], [96.14973973700012, 17.069467365000094], [96.14973487800017, 17.069470442000068], [96.14934730500016, 17.069343794000076], [96.1493068100001, 17.06932002500014], [96.14908409100008, 17.06918929900013], [96.14876382700004, 17.068992243000025], [96.14875984200012, 17.068989790000103], [96.14875684400005, 17.068990505000045], [96.14875664300013, 17.06899055300005], [96.14841728200003, 17.069071425000175], [96.14816093400015, 17.069198835000066], [96.14787254300018, 17.069433058000186], [96.14774681900008, 17.06975725300009], [96.14777183600012, 17.07005119300004], [96.1477794650001, 17.070322037000096], [96.1477794020002, 17.070325768000146], [96.14777412400014, 17.070640946000083], [96.14777421800011, 17.070641289000037], [96.14780328000006, 17.070747752000045], [96.14785003700007, 17.070919037000124], [96.147926487, 17.071220687], [96.14796025100014, 17.071353913], [96.14797040600018, 17.071393984000053], [96.14799766500005, 17.071501541000146], [96.14799720600013, 17.07150567700012], [96.14799375500007, 17.071536733000073], [96.14796994200015, 17.07175105700003], [96.14796892800007, 17.071760177000044], [96.147944586, 17.071843738000155], [96.14788373300001, 17.072052638], [96.14788303000006, 17.07205807500003], [96.14783363300018, 17.072440719000042], [96.14783400400012, 17.072443801000134], [96.14787101700006, 17.072751999000047], [96.14790509200014, 17.073037088000092], [96.14790916499999, 17.073071162000076], [96.1479091440001, 17.073076936], [96.14790916499999, 17.073077111000146], [96.14790821100013, 17.07334064300011], [96.1478168480001, 17.07367423800008], [96.14763005500004, 17.073866181000028], [96.14754009300003, 17.07395862400017], [96.14733255000016, 17.07406736500019], [96.1472015390001, 17.074136008000096], [96.14689127600008, 17.07425394500018], [96.14651069700011, 17.07452262700002], [96.1462408700001, 17.07477846600011], [96.14614528599998, 17.074882530000025], [96.1459112170001, 17.075137365000046], [96.14559841200003, 17.07529949100018], [96.14511934900008, 17.075596082000118], [96.14477157600004, 17.075765201000138], [96.1445018440001, 17.076022888000068], [96.14446544700019, 17.076057661], [96.14433622400009, 17.076263655], [96.1442070010001, 17.07646964900016], [96.1439695360001, 17.076697577], [96.14371299700008, 17.076908339000056], [96.14345359800006, 17.07710670300014], [96.14321327200003, 17.07731778200008], [96.14303967700016, 17.077526280000086], [96.14297294600004, 17.07760642900007], [96.14289873900003, 17.077685378000126], [96.14271926900011, 17.077876318000108], [96.1424560550002, 17.07809852400004], [96.14215024300012, 17.07827654300013], [96.14189084300017, 17.078375725000114], [96.14162254400009, 17.078447569000048], [96.14104271000002, 17.078567732000124], [96.1406742100001, 17.078667676000066], [96.1403865810002, 17.078815687000144], [96.14017640000014, 17.07884182099997], [96.14011095400002, 17.078849959000138], [96.14010207700011, 17.07885106300006], [96.14009819000006, 17.07885154600018], [96.13980388600004, 17.07854293600002], [96.13938522300015, 17.07838844100013], [96.13897330700013, 17.07831129900012], [96.13885561600011, 17.078289259000087], [96.13870260000004, 17.078277098000058], [96.13847307500015, 17.07825885800014], [96.13847160400013, 17.07825874100007], [96.13806069200007, 17.078262494000114], [96.13805557800015, 17.078262540000082], [96.1380538950001, 17.078262556000084], [96.13794151900004, 17.07826162400005], [96.13760439300006, 17.078258825000034], [96.13759422300006, 17.07825874100007], [96.13743408000005, 17.078262032000055], [96.13732882100015, 17.078264195000145], [96.13732242300017, 17.078264326000067], [96.13731575000003, 17.078264464000085], [96.13693046600014, 17.07817863200006], [96.13651371000014, 17.078166235000026], [96.1359592440001, 17.078088606000108], [96.13562202400004, 17.077879179000092], [96.13531456000004, 17.07770713600013], [96.13517402600013, 17.077563291000047], [96.1350717540002, 17.077458609000132], [96.13492763800019, 17.07733769200013], [96.1348401670001, 17.077264302000117], [96.13483874000008, 17.0772631050001], [96.13455227500009, 17.077289808000103], [96.13436698900006, 17.0777246830001], [96.134188461, 17.07809318300002], [96.13394141200013, 17.078254211000058], [96.13382911700012, 17.07832740600014], [96.13359069900014, 17.07846145000002], [96.13339996300016, 17.078568685000107], [96.13316281700008, 17.078758467], [96.13303984700019, 17.078900259000022], [96.13297176400016, 17.0789787650001], [96.13292662300006, 17.079050064000057], [96.13281377200008, 17.079228310000076], [96.13276184900013, 17.079463020000105], [96.13275146500013, 17.07950996300019], [96.13274951300014, 17.079522282000084], [96.1326885220002, 17.079907326000125], [96.1325158680001, 17.08025041100018], [96.1324911120002, 17.080299605000164], [96.13205299400016, 17.08061927600005], [96.13164234200013, 17.080685842000037], [96.13133430500011, 17.08068870300019], [96.13102433100005, 17.08068870300019], [96.1310100550001, 17.08068870300019], [96.1307099660001, 17.080689975000155], [96.13041305600018, 17.08073638700006], [96.1301017610001, 17.080780857000036], [96.13007346200015, 17.08078489899998], [96.1300724300001, 17.080785047000177], [96.13007036800008, 17.080785342000127], [96.129652023, 17.080768811999974], [96.12945889000014, 17.080768811999974], [96.12926575700004, 17.080768811999974], [96.12926167700004, 17.080768811999974], [96.12925148, 17.080768811999974], [96.12906846300007, 17.080772586000137], [96.12888846700008, 17.08077629700017], [96.12888530800006, 17.08077636200011], [96.12888145500006, 17.080776442000115], [96.12850573000014, 17.080768964000185], [96.12850194300006, 17.080768888000023], [96.128498078, 17.080768811999974], [96.12811088600012, 17.08077771400019]]]}}, {"type": "Feature", "properties": {"adm4_name": "Oke Hpo", "adm4_name1": "အုပ်ဖို", "adm4_name2": null, "adm4_name3": null, "adm4_pcode": "MMR013007001", "adm3_name": "Shwepyithar", "adm3_name1": "ရွှေပြည်သာ", "adm3_name2": null, "adm3_name3": null, "adm3_pcode": "MMR013007", "adm2_name": "Yangon (North)", "adm2_name1": "ရန်ကုန်(မြောက်ပိုင်း)", "adm2_name2": null, "adm2_name3": null, "adm2_pcode": "MMR013D001", "adm1_name": "Yangon", "adm1_name1": "ရန်ကုန်တိုင်းဒေသကြီး", "adm1_name2": null, "adm1_name3": null, "adm1_pcode": "MMR013", "adm0_name": "Myanmar", "adm0_name1": "မြန်မာနိုင်ငံ", "adm0_name2": null, "adm0_name3": null, "adm0_pcode": "MMR", "valid_on": "2024-02-15T00:00:00", "valid_to": null, "area_sqkm": 5.14546314, "version": "v01", "lang": "en", "lang1": "my", "lang2": null, "lang3": null, "adm4_ref_name": "Oke Hpo", "center_lat": 16.97570696, "center_lon": 96.10166149}, "geometry": {"type": "Polygon", "coordinates": [[[96.0929820300002, 16.991850773000124], [96.09284282400006, 16.99188557500014], [96.0921306940001, 16.991529510000078], [96.09237098700004, 16.990133285000127], [96.09240341200012, 16.989980697000078], [96.09244155900018, 16.989831924000157], [96.09248542800015, 16.989690781000093], [96.09253501900008, 16.989545822000082], [96.09259033200016, 16.989400864000174], [96.09265098500009, 16.989253616000042], [96.09324073800013, 16.98558998100009], [96.09327125600015, 16.985391617000175], [96.09329414400008, 16.985189438000077], [96.0933094020001, 16.98499107300006], [96.09331703200007, 16.984788895000065], [96.09331894000019, 16.984582901000067], [96.09331321700017, 16.98437054900006], [96.0934452670001, 16.98200831500003], [96.09378242500009, 16.975976944000024], [96.09381961800005, 16.97526407300012], [96.09386205600003, 16.975057602], [96.09392166200018, 16.974891281], [96.09400749200017, 16.974727631000178], [96.09412002600004, 16.974573135000185], [96.094251633, 16.974413872000014], [96.09437561000004, 16.974213600000155], [96.09441089700005, 16.973988533000124], [96.09441948000011, 16.973810195999988], [96.09443283100006, 16.973628998000095], [96.09445381100005, 16.973449708000032], [96.09447670000009, 16.973276138000074], [96.09447670000009, 16.973093510000012], [96.09449185699998, 16.97288704300007], [96.094494343, 16.97285318400003], [96.09453868800006, 16.972614765000117], [96.09460639900004, 16.972384453000075], [96.09469036500008, 16.972151817], [96.09488563500008, 16.971535110000048], [96.09495519900014, 16.971199239000043], [96.09496116700012, 16.97117042499997], [96.0949718230001, 16.971116626000082], [96.0950794220002, 16.970573426000044], [96.09513155600007, 16.97026252699999], [96.09520912100004, 16.969831467000063], [96.09526252800009, 16.969568253000148], [96.09532101900004, 16.96929995200003], [96.09558296200015, 16.968011856000032], [96.09568087200006, 16.967493057000183], [96.09580212700007, 16.96686695400018], [96.09582932000006, 16.966739180000104], [96.09601147900014, 16.96588325500005], [96.09609848100007, 16.965425391000167], [96.0961615240002, 16.96509361300008], [96.0961964920001, 16.964877606000073], [96.09623146100006, 16.964661598000134], [96.09631157000018, 16.964242935000016], [96.09672165000018, 16.962129593000157], [96.09691047700011, 16.961210251000125], [96.09700466200019, 16.960751610000102], [96.09704208400007, 16.96056938200013], [96.0972327770001, 16.959493360000067], [96.09941870900013, 16.959538365000185], [96.10142539800017, 16.960470043000157], [96.10155917200007, 16.96053215200004], [96.10561076400012, 16.961143713000126], [96.10958591100012, 16.960761487000127], [96.11119125800013, 16.960493929000165], [96.11233793600019, 16.960302817000183], [96.1134888380002, 16.960302817000183], [96.11368349800011, 16.961039367000183], [96.11368612000018, 16.961048619000053], [96.11368682900013, 16.961051123000118], [96.11380638200018, 16.961473074000082], [96.11395577600007, 16.96200035000004], [96.11396179000008, 16.962021575000108], [96.11400710400005, 16.962181509000175], [96.11419746100012, 16.963057150000054], [96.11429264000009, 16.963866167000106], [96.11436878200016, 16.964180256000077], [96.11449251400012, 16.964684702000113], [96.11463528200017, 16.965303361000053], [96.11471142500017, 16.96575070000017], [96.1149112990002, 16.966188521000106], [96.1149874420002, 16.96650261000002], [96.11497792400013, 16.966683449000186], [96.11500647800017, 16.966921395000156], [96.11505406700013, 16.967083198000125], [96.11520635300008, 16.967463912000028], [96.11542526300008, 16.967920769000045], [96.11560610200002, 16.968149197000116], [96.11583453000009, 16.96867743700011], [96.1159630210002, 16.969091463000098], [96.11611053800004, 16.96921706300003], [96.11627260900019, 16.969355054000175], [96.11647987400005, 16.969584783000073], [96.11664009100008, 16.969790595000063], [96.11677169800004, 16.970033645000058], [96.11692237900013, 16.97032356300008], [96.11707019900012, 16.97062301699998], [96.11716270500011, 16.970991135000077], [96.11715466499999, 16.970994861], [96.11607023500017, 16.97149739000014], [96.11606778300012, 16.971498527000165], [96.11606056000016, 16.97150187300008], [96.11606038900004, 16.971501871000044], [96.11606025700007, 16.971502304000182], [96.11559863100007, 16.971496029000093], [96.11524536600001, 16.97149122800016], [96.11507231100018, 16.971488876000137], [96.11503189800015, 16.97148832700003], [96.11494940300014, 16.971487205000074], [96.11409568800013, 16.971475601], [96.11409187300006, 16.971746445000065], [96.11372225300005, 16.9717414160001], [96.11353111300002, 16.97173881500015], [96.11352522100009, 16.971947978000117], [96.11352350400006, 16.972008904000177], [96.11296230000016, 16.972001163000186], [96.11295837500006, 16.972272008000118], [96.11261267300006, 16.97226622100004], [96.11228936800006, 16.972260809000147], [96.11211204500006, 16.97225761400017], [96.1121082310001, 16.97252845800017], [96.11173779700016, 16.972523418000094], [96.11154747000012, 16.972520828000086], [96.11154746800014, 16.972520950000103], [96.11154696900019, 16.972520943000177], [96.11154304600012, 16.972791664000113], [96.1112613680001, 16.97278785700007], [96.11126136700017, 16.972787918000165], [96.11126104000004, 16.97278791400015], [96.1112571160001, 16.973058695000077], [96.11097526600003, 16.973054886000057], [96.1109751090001, 16.973054883000145], [96.11097339600008, 16.973173069000154], [96.11097118400005, 16.973325725000166], [96.1109413580001, 16.973325316000057], [96.11088081400004, 16.97332448400016], [96.1106891780002, 16.973321852000083], [96.1106891770001, 16.973321915000042], [96.11068867900002, 16.973356285000023], [96.11068356800007, 16.97371920100005], [96.1106815340001, 16.973863602000165], [96.11060823200006, 16.973862611000186], [96.11045959800003, 16.973860602000116], [96.11039931900007, 16.973859788000027], [96.11039668400014, 16.97404170800013], [96.11039543200019, 16.974130630000047], [96.11011338900005, 16.974126819], [96.11011314400014, 16.97412681600008], [96.11010733300009, 16.974540558000058], [96.11010553900013, 16.974668318000113], [96.1101055150001, 16.974668503000032], [96.11005859700015, 16.97466786900003], [96.10982352900004, 16.974664692000033], [96.10982322700005, 16.97466468800019], [96.1098156010001, 16.97520612700015], [96.10981559800018, 16.97520637500014], [96.10981488100003, 16.97520611700014], [96.10953622000017, 16.97520225500017], [96.10952716800011, 16.975673844000028], [96.10952568800019, 16.97574393600013], [96.10924636000016, 16.975740066000185], [96.10923793799998, 16.97617895100018], [96.10923788800017, 16.976181575], [96.10923577199998, 16.97628174600004], [96.10923576400018, 16.976282120000064], [96.10895931100015, 16.97627833300004], [96.10895729100014, 16.97627830500005], [96.10894859100011, 16.976690114000064], [96.10894785200014, 16.976725086000158], [96.10894585600016, 16.976819559000035], [96.10894584700009, 16.976819992000173], [96.10869945600001, 16.976816616000065], [96.10868671900016, 16.97681644200003], [96.10866737400005, 16.976816177000103], [96.10866355899998, 16.97708702100016], [96.1083812710001, 16.97708320600009], [96.10837364200006, 16.97762489300004], [96.10823516200014, 16.977623021000113], [96.10809135400018, 16.977621078000027], [96.10808372500014, 16.978162766000082], [96.10786402000019, 16.978159797000103], [96.10780143700009, 16.97815895100001], [96.10779380800005, 16.97870063800019], [96.10751152000017, 16.97869682300012], [96.10750389100014, 16.979238510000073], [96.10722160300008, 16.97923469500006], [96.1072146140001, 16.97973092700005], [96.10721397400005, 16.979776382000182], [96.10704667900018, 16.97977412199998], [96.10693168600017, 16.979772568000044], [96.10692076500004, 16.980547972000068], [96.10692024200006, 16.98058509800012], [96.10680818900016, 16.98058307900004], [96.10677853200008, 16.980582545000175], [96.10624234000011, 16.980572883000093], [96.10614730000009, 16.980571171000122], [96.10607338000017, 16.980569839], [96.10606956500015, 16.980840683000054], [96.10579109200012, 16.980836867999983], [96.10579108700017, 16.980837033000114], [96.10578522100008, 16.98104529], [96.10578374600004, 16.981107022000117], [96.1057837260002, 16.981107865000126], [96.10575471800013, 16.981107465000093], [96.10570699100015, 16.98110680700006], [96.10508001000005, 16.981098163000013], [96.10494041400005, 16.981096268000158], [96.10493660000009, 16.981367111000054], [96.10381126400006, 16.98135185200016], [96.10380744899999, 16.981622695999988], [96.10127449000015, 16.981588364000174], [96.10127067600018, 16.981859207000127], [96.10060300100008, 16.98184717700019], [96.10060272900006, 16.981847172000073], [96.1004239470002, 16.98184417600004], [96.10042001300002, 16.982115017000126], [96.10020263600006, 16.982112028000188], [96.10013800700017, 16.982111138999983], [96.10013407600007, 16.982381823000026], [96.1001340740001, 16.982381981], [96.10061596700007, 16.98238860800012], [96.10069809100014, 16.98238973700012], [96.10069809500015, 16.982389445000138], [96.10070202200018, 16.9821188950001], [96.10070228200004, 16.982118901000092], [96.10077141100015, 16.982120475000045], [96.10098401800008, 16.982126220999987], [96.10098457300006, 16.982126236000113], [96.10098077200018, 16.982396168000037], [96.10126210900006, 16.982400037000104], [96.1012620890001, 16.98240088100016], [96.1012630460001, 16.98240089400008], [96.10125673300018, 16.982625032000158], [96.10125563700007, 16.982670881000104], [96.10125544100009, 16.98267087800002], [96.10125541700006, 16.982671738000136], [96.10118354600007, 16.982670753000093], [96.1009769440002, 16.982667923000065], [96.10097312900018, 16.98293876600019], [96.10052113000017, 16.982929604000105], [96.10052109400016, 16.98292960300006], [96.10040855100016, 16.982927548000134], [96.10040633400007, 16.983084943000108], [96.10039163300019, 16.984128790000057], [96.10038948099998, 16.984281540000097], [96.10038856900013, 16.984281528000054], [96.100388566, 16.984281749], [96.10036561900017, 16.98428143300015], [96.10010719100012, 16.98427788000015], [96.10010655700006, 16.984277871000018], [96.10010262600014, 16.984548559000075], [96.09982109100002, 16.984544754000183], [96.09982109000015, 16.98454483900008], [96.09982061500017, 16.98454483200004], [96.09980881900009, 16.985357359000034], [96.0998203640001, 16.985357519000047], [96.1000881180002, 16.98536123500014], [96.10008828700012, 16.985361237000177], [96.10008435800006, 16.98563194400009], [96.10032958100004, 16.98563525700007], [96.10036659200017, 16.985635757000125], [96.10036277800003, 16.98590660100018], [96.10064506500004, 16.985910416000024], [96.10064294800009, 16.98606075100014], [96.10064125100007, 16.986181259000148], [96.10067298600012, 16.98618212800011], [96.10067835000018, 16.986182276000136], [96.10068429500006, 16.98618243900006], [96.10070435600005, 16.986182988], [96.10091998000013, 16.986187943000175], [96.10091211800017, 16.986729626000113], [96.10068879900007, 16.98672454100017], [96.10068866800015, 16.98672453800009], [96.10068726800006, 16.986724505000154], [96.10063010900018, 16.986723204000157], [96.10062617800014, 16.986994045000074], [96.10034751600017, 16.986990178000042], [96.10034370400001, 16.98726081800004], [96.10069616700014, 16.987265615000183], [96.1007597410001, 16.98726648000013], [96.10090446500016, 16.987268448000123], [96.10090065000009, 16.987539291000076], [96.10090033000006, 16.98753928700006], [96.10041908500017, 16.987532784000166], [96.1003360750002, 16.987531662000038], [96.10032853500013, 16.988066974000105], [96.10032852200004, 16.988067911000087], [96.10032844300008, 16.988073349000047], [96.10032844, 16.988073533000033], [96.100428, 16.98807490200005], [96.10061045200007, 16.988077411000177], [96.10061045600008, 16.988077160000046], [96.100610733, 16.98807716400006], [96.10061454400005, 16.987806572000068], [96.10061454800007, 16.98780632000006], [96.10089683500007, 16.987810135000075], [96.1008930210001, 16.988080978000028], [96.10096905900019, 16.988083033000123], [96.10117447500011, 16.988087711000162], [96.10117446200019, 16.988088585000014], [96.10117530800011, 16.988088608000112], [96.10117149400014, 16.988359451000065], [96.10096546000017, 16.988353883000116], [96.10096541600012, 16.98835388200007], [96.10096537100003, 16.988353881000137], [96.10096532000011, 16.988353880000034], [96.10096523200014, 16.988353878000055], [96.10096514300005, 16.988353876000076], [96.10096504800009, 16.988353873000165], [96.10088920600003, 16.988351822000084], [96.10088920100014, 16.988352146000068], [96.10088853200017, 16.98835213100017], [96.10088460400004, 16.988622654000096], [96.10071845100003, 16.98862040900019], [96.10060310400019, 16.988618851000012], [96.10060310000017, 16.98861910100004], [96.10060258700003, 16.98861909400017], [96.10059646600018, 16.989040868000075], [96.10059472900014, 16.989160528000184], [96.10044582200015, 16.989158516000032], [96.1003131870001, 16.98915672300012], [96.10031318400019, 16.98915690500013], [96.10030331100018, 16.98985789900007], [96.10030174300005, 16.98996925400013], [96.10030092100016, 16.98996924300002], [96.10017764900005, 16.989967577000073], [96.0995575300002, 16.98995919600003], [96.0994548810001, 16.989957785000172], [96.09945106500015, 16.990228627000022], [96.0995577810001, 16.99023009500013], [96.09961901800011, 16.990230923000183], [96.09973335300009, 16.990232468000045], [96.09972953800019, 16.990503311000168], [96.09972902900006, 16.99050330400007], [96.09972902800018, 16.99050334499998], [96.09955621000006, 16.990500969000152], [96.09944725000014, 16.990499496000098], [96.09944343600017, 16.990770340000154], [96.09942290200007, 16.990770063000014], [96.09934638400011, 16.99076902900015], [96.09916114800006, 16.990766525000083], [96.09915462500015, 16.99122966800013], [96.09914970400018, 16.99157905600009], [96.09907820500007, 16.99157809000019], [96.09886741600008, 16.99157524100002], [96.09886360400014, 16.99184591900007], [96.09886360200016, 16.991846085000077], [96.09534853700018, 16.99171852699999], [96.09451330000007, 16.991467956000122], [96.0929820300002, 16.991850773000124]]]}}, {"type": "Feature", "properties": {"adm4_name": "Zee Kone", "adm4_name1": "ဇီးကုန်း", "adm4_name2": null, "adm4_name3": null, "adm4_pcode": "MMR013007002", "adm3_name": "Shwepyithar", "adm3_name1": "ရွှေပြည်သာ", "adm3_name2": null, "adm3_name3": null, "adm3_pcode": "MMR013007", "adm2_name": "Yangon (North)", "adm2_name1": "ရန်ကုန်(မြောက်ပိုင်း)", "adm2_name2": null, "adm2_name3": null, "adm2_pcode": "MMR013D001", "adm1_name": "Yangon", "adm1_name1": "ရန်ကုန်တိုင်းဒေသကြီး", "adm1_name2": null, "adm1_name3": null, "adm1_pcode": "MMR013", "adm0_name": "Myanmar", "adm0_name1": "မြန်မာနိုင်ငံ", "adm0_name2": null, "adm0_name3": null, "adm0_pcode": "MMR", "valid_on": "2024-02-15T00:00:00", "valid_to": null, "area_sqkm": 2.37449182, "version": "v01", "lang": "en", "lang1": "my", "lang2": null, "lang3": null, "adm4_ref_name": "Zee Kone", "center_lat": 16.95102978, "center_lon": 96.10566202}, "geometry": {"type": "Polygon", "coordinates": [[[96.1134888380002, 16.960302817000183], [96.11233793600019, 16.960302817000183], [96.11119125800013, 16.960493929000165], [96.10958591100012, 16.960761487000127], [96.10561076400012, 16.961143713000126], [96.10155917200007, 16.96053215200004], [96.10142539800017, 16.960470043000157], [96.09941870900013, 16.959538365000185], [96.0972327770001, 16.959493360000067], [96.09735171000011, 16.958822251000072], [96.09735564300018, 16.958804176000058], [96.09736239000011, 16.95877316700006], [96.09747123700015, 16.95827293399998], [96.09749647000018, 16.958117661000017], [96.0975241490001, 16.957947323000155], [96.09753144000007, 16.95790245700016], [96.097540665, 16.95784568800019], [96.09757640700013, 16.95774013700003], [96.09768714900008, 16.957413100999986], [96.09781074500017, 16.957113266000135], [96.09791565000006, 16.9568614960001], [96.09802055400019, 16.956609726000067], [96.09827995300009, 16.955991745000176], [96.09888267600013, 16.954561233000106], [96.09900093100003, 16.954282761000172], [96.0993709560002, 16.953401565999968], [96.1000652310002, 16.951742172000024], [96.10031828800004, 16.951148986000135], [96.10041999800012, 16.950910568000097], [96.10070610100007, 16.950250625000137], [96.10117530800011, 16.949136734000092], [96.10140228300014, 16.94857978800019], [96.10148888600008, 16.948379311000053], [96.10185050900009, 16.94754219000015], [96.10209083500007, 16.946981430000108], [96.10235118900016, 16.946363449000046], [96.10251263200007, 16.945844106000152], [96.1026210780002, 16.945371628000146], [96.10265508200013, 16.945175696999968], [96.10270118700015, 16.944910050000146], [96.10271622400006, 16.944767780000063], [96.10273042100005, 16.944633447000058], [96.10273977200006, 16.94454498500005], [96.10275077800009, 16.944440842], [96.10276985100012, 16.944084168000188], [96.10276985100012, 16.94376182500008], [96.10276222200014, 16.94322013800013], [96.10275077800009, 16.942586899000048], [96.10273933500008, 16.9422016150001], [96.10273133900017, 16.941883952000012], [96.10271917100005, 16.94140052800003], [96.102671805, 16.940927460000125], [96.1026548550002, 16.94075816700007], [96.1026493710001, 16.940703392000046], [96.10292841500012, 16.94080337800017], [96.10296609700004, 16.940816879000124], [96.10320058500008, 16.940993367000146], [96.10335636100018, 16.941110611000113], [96.10349527300014, 16.941190373000097], [96.10370699500004, 16.94131194200014], [96.10405818600009, 16.94142881800002], [96.10410499600005, 16.94144439700017], [96.10461235100018, 16.94159889200006], [96.10485521400011, 16.941673894000076], [96.10487174900015, 16.941679001000068], [96.10490377600001, 16.941689441], [96.1054110190002, 16.94185479500004], [96.10546961700004, 16.941873897], [96.10547557300004, 16.941878165], [96.10550051200005, 16.94189603500007], [96.10603523300011, 16.94227917900014], [96.10651817200005, 16.942379636], [96.10652427700012, 16.94238090500005], [96.10655927700014, 16.94240789400004], [96.1068042760001, 16.94259681700015], [96.10691187000009, 16.94264048800011], [96.10705410400016, 16.94269821900002], [96.10711111800009, 16.94262281200008], [96.10722287500016, 16.942475001], [96.10756388500016, 16.942197106000037], [96.10760323700003, 16.942195874000106], [96.10792940300018, 16.942185662000156], [96.10820126700014, 16.942085026000143], [96.10822855900005, 16.94207492300012], [96.10825491400004, 16.94206516700001], [96.10825729400005, 16.94206428600006], [96.10850715600009, 16.941901207000114], [96.10868233800005, 16.941805947999967], [96.10868319800011, 16.94180548000014], [96.10870566500012, 16.942003679000095], [96.10874373600012, 16.94237487500004], [96.10881987900012, 16.942708], [96.10896264700006, 16.943317142000126], [96.10924818200016, 16.94440217600004], [96.1097716640001, 16.946496102000083], [96.11041887700009, 16.949056402], [96.11059019800018, 16.94962747200003], [96.1112659650002, 16.952225844000054], [96.1116411540001, 16.953577941000106], [96.11227485699999, 16.955861660000153], [96.112979177, 16.958374371000104], [96.1134888380002, 16.960302817000183]]]}}, {"type": "Feature", "properties": {"adm4_name": "Kyaung Kone", "adm4_name1": "ကျောင်းကုန်း", "adm4_name2": null, "adm4_name3": null, "adm4_pcode": "MMR013007003", "adm3_name": "Shwepyithar", "adm3_name1": "ရွှေပြည်သာ", "adm3_name2": null, "adm3_name3": null, "adm3_pcode": "MMR013007", "adm2_name": "Yangon (North)", "adm2_name1": "ရန်ကုန်(မြောက်ပိုင်း)", "adm2_name2": null, "adm2_name3": null, "adm2_pcode": "MMR013D001", "adm1_name": "Yangon", "adm1_name1": "ရန်ကုန်တိုင်းဒေသကြီး", "adm1_name2": null, "adm1_name3": null, "adm1_pcode": "MMR013", "adm0_name": "Myanmar", "adm0_name1": "မြန်မာနိုင်ငံ", "adm0_name2": null, "adm0_name3": null, "adm0_pcode": "MMR", "valid_on": "2024-02-15T00:00:00", "valid_to": null, "area_sqkm": 3.98917823, "version": "v01", "lang": "en", "lang1": "my", "lang2": null, "lang3": null, "adm4_ref_name": "Kyaung Kone", "center_lat": 17.0081661, "center_lon": 96.09542774}, "geometry": {"type": "Polygon", "coordinates": [[[96.09551356800006, 17.025555958000098], [96.0949383680001, 17.026340091000066], [96.09493821400008, 17.026341732000105], [96.09493803900017, 17.02633991700003], [96.09479648100017, 17.024872395000102], [96.09444796600019, 17.02125936900012], [96.09409327800017, 17.01955687000003], [96.09386079400008, 17.01844094500018], [96.09365506900002, 17.017576903000077], [96.09327362300007, 17.015974824000125], [96.09280388500014, 17.011805905000074], [96.09233489300004, 17.01025949700005], [96.09171761800008, 17.00822415700003], [96.09025912800018, 17.005956577000177], [96.08903620000007, 17.00405523800015], [96.0867838210001, 17.00219119899998], [96.08676580300005, 17.0021762880001], [96.08527830100007, 17.000532208000152], [96.08444085900004, 17.000387822000107], [96.08300790400006, 17.00014076000008], [96.07963920400005, 16.998977026999967], [96.07870197800014, 16.998653258000104], [96.07844844300001, 16.99856610600017], [96.0764528700002, 16.997880126999974], [96.0767822270002, 16.99670124000005], [96.07705632600005, 16.995755060000135], [96.0775012970002, 16.994281769000168], [96.07819175700013, 16.991949081000087], [96.07874520700005, 16.990082105000113], [96.09165096300012, 16.993637085000103], [96.09179220700008, 16.993660873000124], [96.09200859100008, 16.99223899900005], [96.0921306940001, 16.991529510000078], [96.09284282400006, 16.99188557500014], [96.0929820300002, 16.991850773000124], [96.09451330000007, 16.991467956000122], [96.09534853700018, 16.99171852699999], [96.09886360200016, 16.991846085000077], [96.09908266000014, 16.99184904500015], [96.0991453380002, 16.99184989200012], [96.09914588900011, 16.991849899000044], [96.09914207499997, 16.992120743000044], [96.09908711600013, 16.992120000000114], [96.0988597870001, 16.99211692800003], [96.09885597200002, 16.99238777200003], [96.09857368500002, 16.992383957000186], [96.09857074300015, 16.99259283500004], [96.09856987000018, 16.992654800000082], [96.09853293100002, 16.99265430100013], [96.09828758200007, 16.99265098600017], [96.09828377200012, 16.992921523000064], [96.09828648500007, 16.99292156100006], [96.09853738200013, 16.99292501000008], [96.09856558100006, 16.992925398000125], [96.09856557799998, 16.992925638000145], [96.0985660550001, 16.992925644000138], [96.09856224400005, 16.99319624700007], [96.09912313500001, 16.99320400100015], [96.09911872500004, 16.99350774400017], [96.0991153720002, 16.993745804000127], [96.09911385100014, 16.993745783000065], [96.09799003600017, 16.993730545], [96.0979862210001, 16.99400138900006], [96.0977039340001, 16.993997574], [96.09768970700009, 16.994895436000036], [96.09766979500006, 16.9961638530001], [96.09774618500012, 16.996164904000125], [96.09795181300012, 16.996167734000153], [96.09795180700013, 16.996168136], [96.09795188900011, 16.996168137000097], [96.09794107300013, 16.99693611300006], [96.09793663599999, 16.997251108000114], [96.09793663000016, 16.99725151100006], [96.09804556600011, 16.99725298300018], [96.09821808900011, 16.997255314000085], [96.09820945100012, 16.99774459400004], [96.09820507500012, 16.997992462000127], [96.09820366600007, 16.99806750400012], [96.09820365900015, 16.998067855999977], [96.09792518600011, 16.998064041000134], [96.09791911000013, 16.99827974800013], [96.09791780200004, 16.998334463000106], [96.09806338200019, 16.998336467000115], [96.09848183300011, 16.998342225000044], [96.0984818290001, 16.998342510000157], [96.09848213200019, 16.99834251400017], [96.09846305800005, 16.99969673200013], [96.09836722800009, 16.99969543700007], [96.09818077100005, 16.99969291700006], [96.09817696100009, 16.999963403000038], [96.09837168000013, 16.999966096000037], [96.09865324000015, 16.999969987999975], [96.09873650200012, 16.999971138999967], [96.09873770700011, 16.99997115499997], [96.09873814500014, 16.999940996000078], [96.09874262700015, 16.999632464000115], [96.09874557200015, 16.999429706000058], [96.09874557500007, 16.99942947200003], [96.09948900400019, 16.99943970200019], [96.09959162600018, 16.999441114000092], [96.09959296800008, 16.999348656999985], [96.099599491, 16.998899431000154], [96.099699354, 16.998900805000062], [96.10016352500014, 16.998907190000182], [96.10015856200016, 16.999114792000114], [96.10015855900008, 16.999114894000115], [96.10015855799998, 16.99911494500003], [96.10015705000006, 16.99917803200003], [96.09987831000007, 16.999174161000155], [96.09987471400012, 16.999344365000184], [96.09987017600014, 16.999559166000097], [96.09986686700012, 16.999715805], [96.09986716600002, 16.999715832999982], [96.10003974800009, 16.999718209000036], [96.1000565820001, 16.999718441000027], [96.10006480900012, 16.99971855400014], [96.10014915400012, 16.99971971500014], [96.100148224, 16.999785759000133], [96.10014822300013, 16.999785835000125], [96.10014820200018, 16.999787324000124], [96.10014152500008, 17.000261307000187], [96.1001413190001, 17.000261304000105], [96.10014131800017, 17.000261398000134], [96.10006550100019, 17.000260355000137], [96.09986288700014, 17.00025756600013], [96.09985930100004, 17.00025751700008], [96.09985721200013, 17.000401336000152], [96.09985719900004, 17.000402279000127], [96.09985160800017, 17.000799179000126], [96.10004663200016, 17.00080181500016], [96.10007441800013, 17.000802190000115], [96.10008183600002, 17.000802291000184], [96.1001338960001, 17.00080299399997], [96.10011863700015, 17.0018863680001], [96.1001177230001, 17.001886356000114], [96.10011772200016, 17.001886447], [96.10009225700009, 17.00188609700018], [96.09983634900004, 17.001882575000025], [96.09983570200012, 17.00188256600012], [96.09982783700008, 17.002424249000114], [96.10010117700011, 17.00242804400017], [96.10010719200017, 17.002428128000133], [96.10010731300008, 17.00242813000017], [96.10010331200004, 17.002703586000052], [96.10009944700016, 17.002969740000026], [96.10009944600006, 17.002969813000107], [96.09982853200006, 17.002966084000093], [96.0998174290001, 17.002965931000176], [96.09981237000011, 17.00331422100004], [96.09980562800013, 17.003778455000088], [96.09980251700011, 17.003778413000077], [96.09952744500009, 17.003774629000077], [96.0995236080002, 17.003774576000183], [96.09952360700015, 17.003774644000032], [96.0995214900002, 17.003920509000068], [96.09951967700016, 17.0040454170001], [96.09895897200005, 17.0040376660001], [96.09895817800015, 17.004037655], [96.09896210900001, 17.003767004999986], [96.0989621120001, 17.003766814000073], [96.09868009500013, 17.00376293300019], [96.09867616100018, 17.004033772000128], [96.09839414100009, 17.004029893999984], [96.09839020700014, 17.00430073500013], [96.09810818800014, 17.004296851000163], [96.09810032000007, 17.0048385340001], [96.09810066800009, 17.004838539000048], [96.09817034600013, 17.004839498000024], [96.09837756000007, 17.00484234900017], [96.09838234000011, 17.004842415000155], [96.098382335, 17.00484275000008], [96.0983792510001, 17.005055110000114], [96.09837840600017, 17.005113257], [96.09837914000019, 17.005113267000183], [96.09845637200004, 17.005114340000034], [96.0986578830001, 17.00511713800006], [96.09865490900017, 17.005321767000055], [96.09865394600018, 17.005387979000034], [96.09873259700004, 17.00538906300011], [96.09874239900017, 17.005389198000046], [96.09876411800008, 17.00538949600002], [96.0989359690002, 17.00539186300017], [96.09893596600011, 17.005392073000166], [96.09893311500014, 17.005588384000134], [96.09893203500019, 17.00566270200011], [96.09893226900004, 17.00566270500019], [96.09902842700018, 17.005664029000116], [96.09921032700015, 17.005666534000056], [96.09921405500012, 17.005666585000142], [96.09921405300008, 17.005666726000072], [96.09921131900006, 17.0058550010001], [96.09920225400009, 17.006479107000075], [96.09920311200017, 17.006479119000062], [96.0993233750001, 17.006480789000022], [96.09947730500005, 17.006482927000036], [96.09948173000015, 17.00648298800013], [96.09947910900019, 17.006663487000026], [96.09947779600014, 17.006753829000047], [96.09960940500014, 17.00675564100004], [96.09975981900016, 17.006757711000034], [96.09975588500015, 17.007028552000122], [96.09961386600003, 17.007026598000152], [96.09947386300007, 17.007024671000067], [96.09946992900012, 17.007295511999985], [96.09918790900008, 17.007291631000157], [96.09918790700004, 17.00729179500013], [96.09918606800017, 17.00741838300013], [96.09918004200006, 17.007833314000095], [96.09918022400007, 17.007833317000177], [96.09934567500017, 17.007835594000085], [96.09946044600014, 17.007837174000088], [96.09946206100017, 17.00783719500015], [96.09946206000012, 17.007837290000055], [96.09945812800015, 17.00810803700017], [96.09935013600006, 17.008106551000083], [96.0993376150002, 17.008106379000026], [96.09917610800005, 17.008104156000115], [96.09916037000016, 17.009187519000136], [96.09915749400011, 17.009187480000037], [96.0988788630001, 17.009183645000178], [96.09887834800014, 17.00918363800008], [96.09889014900011, 17.008371351000108], [96.0988901520002, 17.008371114], [96.09861195700017, 17.008367286000066], [96.09860812900007, 17.008367233000115], [96.09860812500006, 17.008367539000176], [96.09860457000019, 17.00861229800006], [96.09859632800004, 17.009179757000027], [96.09859124400015, 17.009179687000028], [96.09831430500009, 17.009175874000164], [96.0983142990001, 17.00917625400018], [96.09831382100003, 17.00920920500016], [96.09830643800007, 17.0097175570001], [96.09830666100015, 17.009717560000013], [96.0983126590001, 17.009717643000158], [96.09853217500017, 17.00972066500003], [96.09858696100008, 17.009721419000073], [96.09858845800011, 17.00972144000019], [96.0985884540001, 17.009721749000107], [96.09858153100015, 17.010198283000136], [96.098576654, 17.010533962000068], [96.09857750300017, 17.01053397400011], [96.09859974500006, 17.01053428400013], [96.09882713100006, 17.01053744300009], [96.09885415300016, 17.01053781900015], [96.09885613500012, 17.010537846000034], [96.09885086800017, 17.01090050500011], [96.0988482680001, 17.011079526000117], [96.0988360520002, 17.01107935700003], [96.09856624300016, 17.011075645000062], [96.09856623800005, 17.011075975999972], [96.09856023200007, 17.011489408000102], [96.09854263500011, 17.012700694000102], [96.09826061200016, 17.012696809999966], [96.098253553, 17.013182690000065], [96.09825274200006, 17.01323849300013], [96.09809304000015, 17.013236294000023], [96.0980269980002, 17.01323538500003], [96.09797071900005, 17.013234610000097], [96.09796284900011, 17.013776293000035], [96.09768082700009, 17.01377241200015], [96.09767295600005, 17.014314092000063], [96.09767342400005, 17.014314098000057], [96.09776325500013, 17.014315341000042], [96.09823446100006, 17.014321857000084], [96.09823133200007, 17.014537306000022], [96.09822659100013, 17.01486354000002], [96.09823042200014, 17.014863593000143], [96.09850861600006, 17.014867423000055], [96.09850953800014, 17.014803920000077], [96.09851255000007, 17.014596582000138], [96.09861246300005, 17.014597956999978], [96.098794575, 17.014600463000022], [96.0987956190001, 17.014528705000146], [96.09880244500016, 17.014058780000028], [96.09880627600018, 17.01405883300015], [96.09908446800011, 17.014062663000118], [96.09908446500003, 17.014062876000025], [96.09908053400017, 17.01433350500014], [96.0990810420002, 17.014333512000064], [96.09908486400013, 17.01433356500013], [96.09936256000003, 17.014337386000022], [96.09936255700012, 17.014337530000034], [96.09935477200008, 17.014742500000125], [96.09935214600006, 17.01487906900013], [96.09935188600002, 17.014879065000173], [96.09918008900013, 17.014876678000064], [96.099072664, 17.014875185], [96.09906873000006, 17.015146027000014], [96.09878670500007, 17.015142146000187], [96.09878277100012, 17.015412987000104], [96.09877511299999, 17.01541288200019], [96.09821872000009, 17.015405223000187], [96.09821478700019, 17.015676064000104], [96.09708922900012, 17.015660535000166], [96.09708135800014, 17.01620221500002], [96.0970821480002, 17.016202226000132], [96.09779447600016, 17.016212064000058], [96.097924891, 17.016213864], [96.09792488400012, 17.016214367000146], [96.09792095500006, 17.016484705000153], [96.09792137800014, 17.016484711000146], [96.097929437, 17.016484823000155], [96.09808052300008, 17.01648690100012], [96.09820298, 17.016488586000037], [96.09820377700015, 17.016433713000026], [96.09821085000016, 17.015946906000124], [96.09905434000012, 17.01595855000005], [96.099054383, 17.015958551000097], [96.09905831600008, 17.01568794500014], [96.09905831900016, 17.01568771000018], [96.09934034500009, 17.01569159000013], [96.09934034300005, 17.015691755999967], [96.09933640800017, 17.01596243199998], [96.0993366260002, 17.015962435000063], [96.09961843400009, 17.015966313000035], [96.09961843300016, 17.015966409000043], [96.09961450000009, 17.01623715700009], [96.09948398500006, 17.01623536], [96.0993324750001, 17.016233273000125], [96.09932854100015, 17.016504115000146], [96.09904651500011, 17.01650023400009], [96.09904257900013, 17.01677107600011], [96.09904289500014, 17.016771080000126], [96.09921132600016, 17.01677339800011], [96.0993246070002, 17.016774956000063], [96.09932460400012, 17.016775123000173], [96.09930550300004, 17.01793937900004], [96.09930238900012, 17.018129164000015], [96.09930229500009, 17.01812916300014], [96.0992336400002, 17.018128209000054], [96.09902290500008, 17.01812528000005], [96.09901831200017, 17.018317284000148], [96.09901772000012, 17.01834204800008], [96.0990164270001, 17.018396122000127], [96.09901619700008, 17.018396118999988], [96.09895651500011, 17.018395290000058], [96.09873694600014, 17.01839223800016], [96.09873300900006, 17.01866308000018], [96.09873390600006, 17.018663092000168], [96.09896097800004, 17.01866624700017], [96.09901249400019, 17.018666963000044], [96.09900877200005, 17.01892301800018], [96.09900855800004, 17.018937805000064], [96.09897130399997, 17.018937293000022], [96.09896544100013, 17.018937212000083], [96.09893256400017, 17.018936758000052], [96.09872653200017, 17.018933921000098], [96.09872652700005, 17.01893425300011], [96.09871823700013, 17.019504745000063], [96.09871574700009, 17.01967617300005], [96.09871472500015, 17.019746446000113], [96.0987012710001, 17.019746260999966], [96.09869724000004, 17.01974620500016], [96.09863689800005, 17.019745374000024], [96.09843269999999, 17.019742562000147], [96.098432694, 17.019742968000173], [96.09842966600013, 17.019951389000084], [96.09842769400012, 17.020087068], [96.09841695900002, 17.02082592800008], [96.09815190700016, 17.02082227800014], [96.09813493100017, 17.020822044000113], [96.09813177300009, 17.02103935100007], [96.09812312200017, 17.02163456900007], [96.09784109600008, 17.021630685000105], [96.09780524500007, 17.02232539400012], [96.0977993350001, 17.022439924000025], [96.097799308, 17.022439960000042], [96.09651811800006, 17.024186521000047], [96.0961636190001, 17.02466978700005], [96.09559855800018, 17.025440097], [96.09557418500003, 17.025473323000085], [96.09556629100007, 17.025484084000027], [96.09556003600017, 17.025492612], [96.09551356800006, 17.025555958000098]]]}}, {"type": "Feature", "properties": {"adm4_name": "Hlaw Kar", "adm4_name1": "လှော်ကား", "adm4_name2": null, "adm4_name3": null, "adm4_pcode": "MMR013007004", "adm3_name": "Shwepyithar", "adm3_name1": "ရွှေပြည်သာ", "adm3_name2": null, "adm3_name3": null, "adm3_pcode": "MMR013007", "adm2_name": "Yangon (North)", "adm2_name1": "ရန်ကုန်(မြောက်ပိုင်း)", "adm2_name2": null, "adm2_name3": null, "adm2_pcode": "MMR013D001", "adm1_name": "Yangon", "adm1_name1": "ရန်ကုန်တိုင်းဒေသကြီး", "adm1_name2": null, "adm1_name3": null, "adm1_pcode": "MMR013", "adm0_name": "Myanmar", "adm0_name1": "မြန်မာနိုင်ငံ", "adm0_name2": null, "adm0_name3": null, "adm0_pcode": "MMR", "valid_on": "2024-02-15T00:00:00", "valid_to": null, "area_sqkm": 4.36513403, "version": "v01", "lang": "en", "lang1": "my", "lang2": null, "lang3": null, "adm4_ref_name": "Hlaw Kar", "center_lat": 17.01200933, "center_lon": 96.08271571}, "geometry": {"type": "Polygon", "coordinates": [[[96.0764528700002, 16.997880126999974], [96.07844844300001, 16.99856610600017], [96.07870197800014, 16.998653258000104], [96.07963920400005, 16.998977026999967], [96.08300790400006, 17.00014076000008], [96.08444085900004, 17.000387822000107], [96.08527830100007, 17.000532208000152], [96.08676580300005, 17.0021762880001], [96.0867838210001, 17.00219119899998], [96.08903620000007, 17.00405523800015], [96.09025912800018, 17.005956577000177], [96.09171761800008, 17.00822415700003], [96.09233489300004, 17.01025949700005], [96.09280388500014, 17.011805905000074], [96.09327362300007, 17.015974824000125], [96.09365506900002, 17.017576903000077], [96.09386079400008, 17.01844094500018], [96.09409327800017, 17.01955687000003], [96.09444796600019, 17.02125936900012], [96.09479648100017, 17.024872395000102], [96.09493803900017, 17.02633991700003], [96.0933510500002, 17.025502132999975], [96.09298450000006, 17.02530862800006], [96.0929679850002, 17.02529923400016], [96.0919847790002, 17.024740021000184], [96.0905266490002, 17.024456883000028], [96.08882152800004, 17.024125784999967], [96.08737123500003, 17.023089862000177], [96.08530456400001, 17.021613669000146], [96.0849696160002, 17.018766601000095], [96.083462344, 17.017426805000127], [96.07894053500007, 17.01759428100013], [96.07625812300017, 17.017029561000072], [96.07602625600009, 17.01698074600006], [96.07581358900018, 17.016935974999967], [96.07575851900003, 17.01692438100008], [96.07071935100004, 17.01799850200007], [96.07081413300006, 17.01767349199997], [96.07136726400006, 17.017516454000145], [96.07183170300004, 17.014942170000154], [96.07225227300017, 17.01340293900006], [96.07254982, 17.01221275299997], [96.07332038900012, 17.009351730000162], [96.07417106700012, 17.006168366], [96.07499504100014, 17.00318336500004], [96.0751514440002, 17.002618789000053], [96.07540283200018, 17.001663590000135], [96.07550112400014, 17.00132179299999], [96.07559013400004, 17.00097847000012], [96.07571983300005, 17.000501632000123], [96.07642173800014, 16.997991561000163], [96.0764528700002, 16.997880126999974]]]}}, {"type": "Feature", "properties": {"adm4_name": "Urban", "adm4_name1": null, "adm4_name2": null, "adm4_name3": null, "adm4_pcode": "MMR013007701", "adm3_name": "Shwepyithar", "adm3_name1": "ရွှေပြည်သာ", "adm3_name2": null, "adm3_name3": null, "adm3_pcode": "MMR013007", "adm2_name": "Yangon (North)", "adm2_name1": "ရန်ကုန်(မြောက်ပိုင်း)", "adm2_name2": null, "adm2_name3": null, "adm2_pcode": "MMR013D001", "adm1_name": "Yangon", "adm1_name1": "ရန်ကုန်တိုင်းဒေသကြီး", "adm1_name2": null, "adm1_name3": null, "adm1_pcode": "MMR013", "adm0_name": "Myanmar", "adm0_name1": "မြန်မာနိုင်ငံ", "adm0_name2": null, "adm0_name3": null, "adm0_pcode": "MMR", "valid_on": "2024-02-15T00:00:00", "valid_to": null, "area_sqkm": 38.73659308, "version": "v01", "lang": "en", "lang1": "my", "lang2": null, "lang3": null, "adm4_ref_name": "Urban", "center_lat": 16.97406606, "center_lon": 96.06793457}, "geometry": {"type": "Polygon", "coordinates": [[[96.07071935100004, 17.01799850200007], [96.070710953, 17.01802729900004], [96.07069587700005, 17.018078995000053], [96.0705142970001, 17.01826286300019], [96.07024650500017, 17.018345261000093], [96.06996574400011, 17.018510055000036], [96.06973171300018, 17.018723488000035], [96.06938298500012, 17.018842062000033], [96.06930723800014, 17.018829719], [96.0689420700001, 17.018770217000053], [96.0686786490001, 17.018701626000166], [96.06859779300015, 17.018680573000097], [96.06816291800016, 17.01849746700003], [96.0681130320001, 17.01847967499998], [96.06797895200003, 17.018431859000145], [96.06763521800019, 17.018309275000092], [96.06730747200004, 17.018289565999964], [96.06699657500019, 17.018161774000077], [96.06663217100004, 17.01806108000011], [96.06657091800002, 17.01804415400011], [96.06616020200016, 17.01802444499998], [96.06574249300019, 17.01789855900006], [96.06528282200003, 17.017767906000188], [96.06494102500011, 17.017734146000066], [96.0645987200001, 17.01762517300017], [96.06458638400017, 17.017613950000055], [96.06427955700008, 17.017334801000118], [96.064091873, 17.017650222000043], [96.06403999300016, 17.017932510000094], [96.06385183300006, 17.018119502000104], [96.06367149300007, 17.01829872100012], [96.06326561000014, 17.018450546000167], [96.06325616400005, 17.01844348900005], [96.06310971600004, 17.018334071000027], [96.06299463900018, 17.018171310000128], [96.0629112330002, 17.01796369900012], [96.06212284300017, 17.01783191100003], [96.06194476400009, 17.017802142000164], [96.0619259570002, 17.017798998000103], [96.06183367200015, 17.01778357200004], [96.06154823300005, 17.017565728000136], [96.0613565450002, 17.017334938000033], [96.06112925200011, 17.01717631000008], [96.06079196899998, 17.017113686000016], [96.06045570400016, 17.017021560000046], [96.06021664800011, 17.016897860000142], [96.06020800300018, 17.01689338700004], [96.0598106380001, 17.016861598000162], [96.05950505000004, 17.01695809900002], [96.0589445240002, 17.016696023], [96.05891990700019, 17.016435623000177], [96.05891990700019, 17.015939712999966], [96.05894088800005, 17.01561927800003], [96.05915107700014, 17.01532859800011], [96.05937004100014, 17.01513099700003], [96.05954704200013, 17.014919662000068], [96.05960922200012, 17.014752896000118], [96.0596714020001, 17.0145861310001], [96.0596179960001, 17.014234542000054], [96.05957479800009, 17.01397450600018], [96.05952072100018, 17.01364898700018], [96.0595020410002, 17.013551468000173], [96.05945313000018, 17.013296119000074], [96.0594342550001, 17.0131975810001], [96.05926132200011, 17.012889227000187], [96.05891927100015, 17.012730916000123], [96.05851237000013, 17.012788136999973], [96.05811214400006, 17.012959480000063], [96.05765088400005, 17.01310348500016], [96.0570640570001, 17.01310920700007], [96.05684916200016, 17.01310513200019], [96.05683282900014, 17.013100953000105], [96.05553181700014, 17.012768069000117], [96.05544964900014, 17.012645746000032], [96.0554386140002, 17.01262931800011], [96.05538559000007, 17.012194315000045], [96.05547809600006, 17.011946678000072], [96.055679322, 17.011632920000068], [96.0558681490001, 17.011349996000092], [96.05596224500005, 17.010982513000158], [96.05591087400018, 17.010630417000186], [96.0557498930001, 17.010381698000117], [96.05479240400018, 17.00909233100009], [96.05426445000018, 17.00840339700011], [96.05413475100005, 17.008150101000126], [96.05405807500006, 17.00784174600011], [96.05426343300019, 17.00753720600011], [96.05458958899999, 17.007373174000065], [96.0553712840001, 17.007215500000143], [96.05568733200016, 17.007094955000014], [96.05589675900018, 17.00683212300015], [96.05587132800008, 17.006479263000074], [96.05581283500015, 17.006403856000134], [96.05559539799998, 17.006123543000115], [96.05533790600003, 17.005939484000066], [96.05507173800004, 17.00576704700012], [96.05462837200008, 17.005479812000033], [96.05444414300007, 17.005364228000076], [96.0542802820001, 17.005261422000103], [96.05357170100018, 17.00495974200004], [96.05330562600011, 17.004769325000154], [96.05301666300005, 17.004512787000067], [96.05272375600009, 17.004306865000103], [96.05270195000003, 17.00429153500005], [96.05242061700011, 17.004177094000113], [96.05208206200012, 17.004073143000085], [96.05174052299998, 17.004019216000188], [96.05161094600004, 17.003998756999977], [96.05149825300003, 17.003972263000094], [96.05132293800017, 17.00393104600016], [96.05125511100016, 17.003910651000183], [96.05082817099998, 17.003782273000013], [96.05050850000009, 17.00357399000012], [96.05032768200005, 17.003335190000087], [96.05027008000008, 17.003068924000047], [96.05024283000017, 17.002835102000063], [96.05021095300009, 17.00256156900008], [96.05015881800011, 17.00214258799997], [96.04999923700018, 17.00173378000011], [96.04962349000004, 17.001362229000165], [96.04930956100014, 17.001153107000107], [96.04913902300007, 17.001039505000108], [96.04888979700019, 17.000862758000153], [96.04831314100011, 17.000633240000127], [96.04780006400017, 17.000441551], [96.04710388200016, 17.00028228800005], [96.04622586600016, 17.000097275000144], [96.04610948400011, 16.99996250099997], [96.04598271600008, 16.999815701000102], [96.04596837400015, 16.99979909300015], [96.0460063930002, 16.999374008000075], [96.04633903500019, 16.998971939000114], [96.04649641000015, 16.998801724000145], [96.04697799700011, 16.998280844000192], [96.04712295500019, 16.997926712000037], [96.04690488200004, 16.99756431600008], [96.04677204500013, 16.99750728200013], [96.04662590000004, 16.997444534000124], [96.04599380500002, 16.997520447000056], [96.04508113900005, 16.997679711000103], [96.04417292300019, 16.997728984], [96.0434398650001, 16.997592926000152], [96.0426578530001, 16.997582626000167], [96.04199981700015, 16.997692107999967], [96.04136085500005, 16.997812271000043], [96.04050827100019, 16.99810028100012], [96.03961245200009, 16.99835840800006], [96.03930664100005, 16.998305003000155], [96.03906250000006, 16.997911453000086], [96.03885030700013, 16.99741172800003], [96.03880246400018, 16.997217890000172], [96.03859798100007, 16.996389413000088], [96.03859258000006, 16.996367527000075], [96.03859138500007, 16.99636268600011], [96.0384222670001, 16.995661418], [96.03841209400002, 16.995031357000187], [96.03836250300014, 16.99446678200013], [96.0384495470002, 16.99355645700018], [96.03847217600003, 16.993190765000122], [96.03873062100018, 16.992059708000056], [96.03882916800012, 16.990850449000106], [96.03873920400014, 16.989880562000053], [96.03845977800006, 16.98875236599997], [96.03807067900016, 16.987892151000153], [96.03717231700006, 16.986331558000074], [96.03702603500005, 16.98598445700003], [96.03700730300005, 16.98594000800017], [96.03683674600006, 16.985535308000067], [96.03527054400018, 16.984519286000022], [96.0323585070002, 16.982630198000038], [96.03236290700005, 16.982625809000126], [96.03236731500004, 16.982621410000036], [96.032391878, 16.982596903000058], [96.03990970000012, 16.975410357000158], [96.0402152850001, 16.975118237000117], [96.04085245000016, 16.974509149000028], [96.04085355100017, 16.97450835900014], [96.04102270400006, 16.974387070000148], [96.04106043500008, 16.97436001600005], [96.04116389600017, 16.9742858300001], [96.04136228100015, 16.974143579000156], [96.04548417200004, 16.971188007000023], [96.04599940900016, 16.97081856000011], [96.04767413100018, 16.968999377000102], [96.04984775700007, 16.96663825700017], [96.05020491400006, 16.965998746000082], [96.05096079800006, 16.964645293000103], [96.05098019300016, 16.964610564000168], [96.05111099700014, 16.96437635200016], [96.05285379600019, 16.961255768000058], [96.0528538120002, 16.961255726000047], [96.05295846300004, 16.960986438000134], [96.05471298700007, 16.956471688000022], [96.05490807000018, 16.955969697000114], [96.05500185200009, 16.955728378000117], [96.05617444900003, 16.952276842], [96.0571373030001, 16.94944268400019], [96.0577754110002, 16.947564413000123], [96.06072976100018, 16.941728968000177], [96.06096793800009, 16.941258519000087], [96.06130368100008, 16.940836670000067], [96.06147936700006, 16.940615926000078], [96.06333754100012, 16.938281197000094], [96.06344014799998, 16.938152274000174], [96.06350773700018, 16.938067350999972], [96.06370336600008, 16.937821550000024], [96.06454523100007, 16.93686830600018], [96.0646307630002, 16.93677145800018], [96.06483608900015, 16.93653858400006], [96.06519785500006, 16.936128279000116], [96.0663254050001, 16.934849445], [96.06632560999998, 16.93484921400011], [96.06632690500004, 16.934847808000143], [96.06649299400016, 16.934667551000075], [96.06662792800017, 16.934521106000147], [96.0678342610002, 16.93321186800017], [96.06790262600009, 16.933137672000043], [96.06890906200005, 16.93217493200018], [96.0710786790001, 16.93009951300013], [96.07177442900007, 16.929433970000048], [96.07177496100013, 16.929434277000155], [96.07365379500015, 16.93051856500017], [96.07394909200019, 16.93068898400014], [96.07463752000012, 16.930948775000047], [96.07499414200015, 16.931083354000066], [96.07536454900014, 16.931223134000106], [96.07607750800008, 16.931561902000055], [96.07663111700015, 16.93182492600016], [96.07666174100018, 16.931906925000078], [96.07681485800015, 16.932316919000073], [96.0767346560001, 16.932465667000145], [96.07663169800009, 16.932656618000067], [96.07655042300019, 16.932732442000088], [96.07658958500008, 16.932888031000118], [96.07665062000007, 16.933214187999965], [96.07676124500006, 16.933702468999968], [96.07678308000015, 16.933801914000128], [96.07697105400007, 16.934658050999985], [96.07709160900004, 16.935152959999982], [96.07726097099999, 16.93584823600014], [96.0774272910001, 16.93660011300011], [96.07739893600012, 16.936851502000025], [96.07732963600012, 16.93710327200006], [96.07709541300017, 16.937850571000183], [96.0771190640001, 16.93818702700014], [96.07731914500005, 16.938530922000098], [96.0773245310001, 16.938938052000026], [96.07732454900014, 16.93893941200014], [96.0774531900002, 16.938955592000013], [96.07760834700014, 16.938975107000147], [96.07763290400015, 16.93897819500006], [96.07772102400014, 16.938589859000047], [96.07773773300005, 16.938568078000117], [96.07784385700012, 16.93842973700015], [96.07796669000004, 16.938269615000024], [96.07822895100014, 16.9385643010001], [96.07824882100005, 16.938593094000055], [96.07827264600013, 16.93862761700018], [96.078302425, 16.938670768000122], [96.07833347000019, 16.938715753000167], [96.07839927700007, 16.938811111000064], [96.0785533780001, 16.938876917000186], [96.07876523400006, 16.938967386000115], [96.0792306260002, 16.938998541000103], [96.07974586500006, 16.938983536000023], [96.08017349300013, 16.938857079000172], [96.08071072900015, 16.938992183000153], [96.08077800000012, 16.939020354000093], [96.0808452710001, 16.939048523000167], [96.08119201700003, 16.939193726000042], [96.0812486760002, 16.939217486000018], [96.08174781800011, 16.93942680300006], [96.08217239400005, 16.939530373000082], [96.08254051200015, 16.93958091700017], [96.08284060100016, 16.939624409000032], [96.08289146400006, 16.939631780000013], [96.08328914600008, 16.939737320000063], [96.08363227800004, 16.93994102500011], [96.08406181400005, 16.940076065000085], [96.08436012300012, 16.940002441000047], [96.08444213899998, 16.93998580600004], [96.0847644800001, 16.939920425000025], [96.08494783300011, 16.939893230000166], [96.08503394700011, 16.939880457000072], [96.08516311700015, 16.93986129800004], [96.08529228300017, 16.939833527000133], [96.08554458700007, 16.93977928200013], [96.08574940400007, 16.93974635500018], [96.08589458500006, 16.939723015000027], [96.08624293700012, 16.939603114000136], [96.08636283800018, 16.93956184400008], [96.08666760500012, 16.939434764000055], [96.0866688550002, 16.939434242], [96.08670743300019, 16.939418157000034], [96.08720970100018, 16.939302444000134], [96.08819198700013, 16.939130783000053], [96.08855247500009, 16.93906211800015], [96.08893648800017, 16.938983281000105], [96.08918037700016, 16.93889897100007], [96.08923602500016, 16.93887973400018], [96.08928649000018, 16.93886228800011], [96.08951950100015, 16.938781738000046], [96.08973898900001, 16.938699866000036], [96.09000015300012, 16.938602448000154], [96.09040694700008, 16.938444109999978], [96.09046077700009, 16.938423157000102], [96.09054838100019, 16.93839683000016], [96.09082889600006, 16.938312531], [96.09101724600004, 16.938276182000152], [96.0911006930001, 16.938260079000145], [96.0914351150002, 16.938306808], [96.09152157500006, 16.938311883000154], [96.0920200340002, 16.93834114100008], [96.09249811500007, 16.93836715900011], [96.09258079500017, 16.93837165800005], [96.09268074000016, 16.938381577000087], [96.09308052, 16.938421250000033], [96.09314912100012, 16.938428911000074], [96.09336412300013, 16.938452921000078], [96.09345626800018, 16.938463211000055], [96.09355998500018, 16.93849380200004], [96.09379577600004, 16.938563347000184], [96.09405899100005, 16.938529969000058], [96.09435985599998, 16.938496642000075], [96.09467887900018, 16.938461303999986], [96.09500026700016, 16.938441277000038], [96.09532165500008, 16.938421250000033], [96.09602292100004, 16.93836941], [96.09625053400009, 16.938352585000132], [96.09664619900008, 16.938324819000172], [96.09712028500007, 16.938291549999974], [96.09793968200006, 16.938195419000124], [96.09800415100017, 16.938214558000027], [96.09825706500015, 16.93828964200003], [96.09888839800004, 16.938529969000058], [96.09954261799999, 16.938793182000097], [96.100570043, 16.939252218000092], [96.10071699700012, 16.939336689000015], [96.10097265200005, 16.939483642000027], [96.10117537900004, 16.939646078000123], [96.10133781400003, 16.939776229000188], [96.10155719300019, 16.940048184000034], [96.10168991900014, 16.94021271800011], [96.10173416100008, 16.940267563000134], [96.10178583800018, 16.940332495000177], [96.10183751400018, 16.94039742700005], [96.1019673780001, 16.940560601000072], [96.10226566300014, 16.940670511000064], [96.10231278200007, 16.940687873000115], [96.10241028000013, 16.940692368000043], [96.10261332400006, 16.940701730000114], [96.1026548550002, 16.94075816700007], [96.102671805, 16.940927460000125], [96.10271917100005, 16.94140052800003], [96.10273133900017, 16.941883952000012], [96.10273933500008, 16.9422016150001], [96.10275077800009, 16.942586899000048], [96.10276222200014, 16.94322013800013], [96.10276985100012, 16.94376182500008], [96.10276985100012, 16.944084168000188], [96.10275077800009, 16.944440842], [96.10273977200006, 16.94454498500005], [96.10273042100005, 16.944633447000058], [96.10271622400006, 16.944767780000063], [96.10270118700015, 16.944910050000146], [96.10265508200013, 16.945175696999968], [96.1026210780002, 16.945371628000146], [96.10251263200007, 16.945844106000152], [96.10235118900016, 16.946363449000046], [96.10209083500007, 16.946981430000108], [96.10185050900009, 16.94754219000015], [96.10148888600008, 16.948379311000053], [96.10140228300014, 16.94857978800019], [96.10117530800011, 16.949136734000092], [96.10070610100007, 16.950250625000137], [96.10041999800012, 16.950910568000097], [96.10031828800004, 16.951148986000135], [96.1000652310002, 16.951742172000024], [96.0993709560002, 16.953401565999968], [96.09900093100003, 16.954282761000172], [96.09888267600013, 16.954561233000106], [96.09827995300009, 16.955991745000176], [96.09802055400019, 16.956609726000067], [96.09791565000006, 16.9568614960001], [96.09781074500017, 16.957113266000135], [96.09768714900008, 16.957413100999986], [96.09757640700013, 16.95774013700003], [96.097540665, 16.95784568800019], [96.09753144000007, 16.95790245700016], [96.0975241490001, 16.957947323000155], [96.09749647000018, 16.958117661000017], [96.09747123700015, 16.95827293399998], [96.09736239000011, 16.95877316700006], [96.09735564300018, 16.958804176000058], [96.09735171000011, 16.958822251000072], [96.0972327770001, 16.959493360000067], [96.09704208400007, 16.96056938200013], [96.09700466200019, 16.960751610000102], [96.09691047700011, 16.961210251000125], [96.09672165000018, 16.962129593000157], [96.09631157000018, 16.964242935000016], [96.09623146100006, 16.964661598000134], [96.0961964920001, 16.964877606000073], [96.0961615240002, 16.96509361300008], [96.09609848100007, 16.965425391000167], [96.09601147900014, 16.96588325500005], [96.09582932000006, 16.966739180000104], [96.09580212700007, 16.96686695400018], [96.09568087200006, 16.967493057000183], [96.09558296200015, 16.968011856000032], [96.09532101900004, 16.96929995200003], [96.09526252800009, 16.969568253000148], [96.09520912100004, 16.969831467000063], [96.09513155600007, 16.97026252699999], [96.0950794220002, 16.970573426000044], [96.0949718230001, 16.971116626000082], [96.09496116700012, 16.97117042499997], [96.09495519900014, 16.971199239000043], [96.09488563500008, 16.971535110000048], [96.09469036500008, 16.972151817], [96.09460639900004, 16.972384453000075], [96.09453868800006, 16.972614765000117], [96.094494343, 16.97285318400003], [96.09449185699998, 16.97288704300007], [96.09447670000009, 16.973093510000012], [96.09447670000009, 16.973276138000074], [96.09445381100005, 16.973449708000032], [96.09443283100006, 16.973628998000095], [96.09441948000011, 16.973810195999988], [96.09441089700005, 16.973988533000124], [96.09437561000004, 16.974213600000155], [96.094251633, 16.974413872000014], [96.09412002600004, 16.974573135000185], [96.09400749200017, 16.974727631000178], [96.09392166200018, 16.974891281], [96.09386205600003, 16.975057602], [96.09381961800005, 16.97526407300012], [96.09378242500009, 16.975976944000024], [96.0934452670001, 16.98200831500003], [96.09331321700017, 16.98437054900006], [96.09331894000019, 16.984582901000067], [96.09331703200007, 16.984788895000065], [96.0933094020001, 16.98499107300006], [96.09329414400008, 16.985189438000077], [96.09327125600015, 16.985391617000175], [96.09324073800013, 16.98558998100009], [96.09265098500009, 16.989253616000042], [96.09259033200016, 16.989400864000174], [96.09253501900008, 16.989545822000082], [96.09248542800015, 16.989690781000093], [96.09244155900018, 16.989831924000157], [96.09240341200012, 16.989980697000078], [96.09237098700004, 16.990133285000127], [96.0921306940001, 16.991529510000078], [96.09200859100008, 16.99223899900005], [96.09179220700008, 16.993660873000124], [96.09165096300012, 16.993637085000103], [96.07874520700005, 16.990082105000113], [96.07819175700013, 16.991949081000087], [96.0775012970002, 16.994281769000168], [96.07705632600005, 16.995755060000135], [96.0767822270002, 16.99670124000005], [96.0764528700002, 16.997880126999974], [96.07642173800014, 16.997991561000163], [96.07571983300005, 17.000501632000123], [96.07559013400004, 17.00097847000012], [96.07550112400014, 17.00132179299999], [96.07540283200018, 17.001663590000135], [96.0751514440002, 17.002618789000053], [96.07499504100014, 17.00318336500004], [96.07417106700012, 17.006168366], [96.07332038900012, 17.009351730000162], [96.07254982, 17.01221275299997], [96.07225227300017, 17.01340293900006], [96.07183170300004, 17.014942170000154], [96.07136726400006, 17.017516454000145], [96.07081413300006, 17.01767349199997], [96.07071935100004, 17.01799850200007]]]}}, {"type": "Feature", "properties": {"adm4_name": "Urban", "adm4_name1": null, "adm4_name2": null, "adm4_name3": null, "adm4_pcode": "MMR013009701", "adm3_name": "Thingangyun", "adm3_name1": "သင်္ဃန်းကျွန်း", "adm3_name2": null, "adm3_name3": null, "adm3_pcode": "MMR013009", "adm2_name": "Yangon (East)", "adm2_name1": "ရန်ကုန်(အရှေ့ပိုင်း)", "adm2_name2": null, "adm2_name3": null, "adm2_pcode": "MMR013D002", "adm1_name": "Yangon", "adm1_name1": "ရန်ကုန်တိုင်းဒေသကြီး", "adm1_name2": null, "adm1_name3": null, "adm1_pcode": "MMR013", "adm0_name": "Myanmar", "adm0_name1": "မြန်မာနိုင်ငံ", "adm0_name2": null, "adm0_name3": null, "adm0_pcode": "MMR", "valid_on": "2024-02-15T00:00:00", "valid_to": null, "area_sqkm": 13.1690719, "version": "v01", "lang": "en", "lang1": "my", "lang2": null, "lang3": null, "adm4_ref_name": "Urban", "center_lat": 16.82975272, "center_lon": 96.19534226}, "geometry": {"type": "Polygon", "coordinates": [[[96.20335552000012, 16.85008240900015], [96.20310717199999, 16.850168136000036], [96.20305325200019, 16.850247830000058], [96.20251228600017, 16.851047369000014], [96.20251167900005, 16.851048278], [96.20235594700011, 16.85128146800014], [96.20222742000004, 16.851635131000023], [96.20219164300005, 16.851733574000036], [96.20218887400006, 16.85173199200011], [96.20216812100006, 16.851720137000086], [96.20157671000004, 16.851382256000136], [96.20135211900003, 16.85116958600014], [96.20109240200009, 16.85084343000011], [96.20101389900009, 16.85072771700004], [96.2008724210001, 16.850519180000106], [96.20066261300019, 16.850221634000036], [96.20041792700016, 16.84984615900015], [96.20023918100014, 16.8494907380001], [96.20038223300008, 16.849231719999977], [96.20068270400014, 16.84886251500012], [96.20065389600006, 16.84869898400018], [96.2006283660001, 16.848554062000062], [96.20056232700006, 16.848471908000022], [96.20038795500017, 16.848323822], [96.20016786800016, 16.848166042000116], [96.2000518370001, 16.848082860000147], [96.19957008400007, 16.848101043000156], [96.19942665300005, 16.847994126000117], [96.19927787800009, 16.84788322500009], [96.19898541800006, 16.84764544100011], [96.19854386700018, 16.847537994], [96.19906044000004, 16.847204208000107], [96.19945144700011, 16.846973419000108], [96.19961304800012, 16.846890776000123], [96.19969105500007, 16.846841448000134], [96.19976967800011, 16.8467917320001], [96.19983679100005, 16.84674929400012], [96.1998534380001, 16.846738767000033], [96.19989049200012, 16.846710654000105], [96.2001258900001, 16.846532056000115], [96.20047094800003, 16.846270258000118], [96.2007851240001, 16.846031891], [96.200799394, 16.84602106400007], [96.20079982800007, 16.846020734999968], [96.20054268400008, 16.845744655000033], [96.20050386000008, 16.84570340900018], [96.20020129000011, 16.84538196800014], [96.20018952700008, 16.845369471000083], [96.20018867800013, 16.845368569000186], [96.200135886, 16.845312055000136], [96.20001794500013, 16.845185798000102], [96.19981026000005, 16.844960966000144], [96.19979218400016, 16.844941397000014], [96.1997383370001, 16.84488439200004], [96.1995569820001, 16.8446924000001], [96.19939948900009, 16.844525670000166], [96.19901059800014, 16.844121388000133], [96.19884468600014, 16.843965232000187], [96.19884460100019, 16.84396515200018], [96.1985858810001, 16.84372243300004], [96.19856775500006, 16.84370542800019], [96.19813347000007, 16.84330940100017], [96.19813253800015, 16.843308550000188], [96.19759152500006, 16.84282803000002], [96.19750611800004, 16.84275152200013], [96.19742432700008, 16.842678252999974], [96.197290195, 16.842558097], [96.19688563200003, 16.842203261000122], [96.19645034000007, 16.841821617000164], [96.19632288399998, 16.84171349000019], [96.19630196900016, 16.841695747000074], [96.19598915000012, 16.8414296790001], [96.1959471520002, 16.841393958000026], [96.19594613700019, 16.84139309799997], [96.19572443600003, 16.84120536800009], [96.19550913300009, 16.841023056000097], [96.19550542400003, 16.841019915000118], [96.19531464300019, 16.840856512000187], [96.19522222000006, 16.840770511000073], [96.1951162690001, 16.84067192100008], [96.1950049100002, 16.840568300000143], [96.19498890100004, 16.84055340400016], [96.19498883900019, 16.84055334600015], [96.1949888170002, 16.84055332500003], [96.19498263900005, 16.840547576000176], [96.1948137070001, 16.84038939000004], [96.19481016000009, 16.840386070000136], [96.19479882800005, 16.840375458000153], [96.19443273300004, 16.840043651000144], [96.1940357040001, 16.839726940000162], [96.1937899040002, 16.839556545000164], [96.193635084, 16.839449220000063], [96.19355277400012, 16.839398707999976], [96.19337752200005, 16.83929115800015], [96.19327308400011, 16.839227065000102], [96.19327170900004, 16.83922646400015], [96.19321869100014, 16.839203299000076], [96.1930564380001, 16.839132406000147], [96.19279814300012, 16.83901954900017], [96.19277427100013, 16.839009118999968], [96.19258891900006, 16.838930589000086], [96.19252518600018, 16.838903587000118], [96.19248687500016, 16.838893401000178], [96.19193382100019, 16.83874636100012], [96.1915148280001, 16.838609471000154], [96.19109885700004, 16.83849075100011], [96.19088883100005, 16.838440386000116], [96.19077722500009, 16.83841362200019], [96.19065477600014, 16.838384256999973], [96.1904619230001, 16.838338010000143], [96.1903361750002, 16.838316052000096], [96.19025755800016, 16.83830232400004], [96.19014076000008, 16.83828192900006], [96.19012234500008, 16.838278627000136], [96.18997854000014, 16.83825284200003], [96.18981452200012, 16.838223432000063], [96.18981096700008, 16.838222796000025], [96.18980963700011, 16.83822255700011], [96.1892339220002, 16.83811780300016], [96.18918241500012, 16.83810498400004], [96.18901561600006, 16.838063467999973], [96.18838670000008, 16.837849817000176], [96.18764650000014, 16.83755440000016], [96.18763797400015, 16.837551320000102], [96.18689257699998, 16.83728196900006], [96.18674550700007, 16.83722882400002], [96.18662859500017, 16.837186578000114], [96.18633855400009, 16.83707986000013], [96.18623284800003, 16.83704316800015], [96.18607351200018, 16.836987857999986], [96.18576712300012, 16.836881504000075], [96.18541306400004, 16.836762970000052], [96.18519118900008, 16.836688689000027], [96.18506016300012, 16.836644823000142], [96.1846061190002, 16.836488551000173], [96.18453706000008, 16.836466812000026], [96.18441690600008, 16.836428989000012], [96.1841821810001, 16.83635510000005], [96.18406460100016, 16.836311544000182], [96.18394609900008, 16.836267646000067], [96.1837475580001, 16.836194099000124], [96.18340653000013, 16.83607162200002], [96.18299481500009, 16.835923758000035], [96.18272560200012, 16.835820217000105], [96.18269613800015, 16.835807548000048], [96.18249551600007, 16.835721292000187], [96.18243324900016, 16.835694520000118], [96.18242410300013, 16.835690588000148], [96.18239118800017, 16.835676837000165], [96.18214609100005, 16.83557444200011], [96.1821193520002, 16.835563271000183], [96.18211931800005, 16.83556325700016], [96.18211919200019, 16.835563204000096], [96.18205894500011, 16.835538034000137], [96.18204304300019, 16.83553139100019], [96.18200332200001, 16.83551306200019], [96.18177624400005, 16.835408276000067], [96.18175971400012, 16.83540036800008], [96.18148792500011, 16.835270349000098], [96.18116602900011, 16.83511636000003], [96.18114645100007, 16.83510699400017], [96.18088729100015, 16.834996608000097], [96.18058256500018, 16.834854836999966], [96.18042052400017, 16.834779449000166], [96.18007020800013, 16.834608117000187], [96.17953891500014, 16.83435862600004], [96.17939522900014, 16.834291153000095], [96.17924672400005, 16.83422215000013], [96.17868833300008, 16.834020919000068], [96.17846515000019, 16.833940488999986], [96.17836210800004, 16.83390582500016], [96.17825849500008, 16.83387097000002], [96.178144207, 16.833834645000138], [96.1781008390002, 16.83382086100005], [96.17809214300019, 16.833818097000176], [96.17809166100011, 16.833818037000185], [96.17808871000017, 16.833817669000155], [96.17790786800009, 16.833795124000176], [96.17775101000007, 16.833775568000135], [96.17769076700017, 16.833768057000157], [96.17729738300011, 16.833761165000112], [96.17716525000014, 16.833761215000095], [96.1767979220001, 16.833761354000046], [96.17653371100016, 16.833761454000012], [96.17636186500016, 16.833767184000124], [96.17621557200005, 16.833772061000104], [96.17620665300012, 16.833772358000033], [96.17606291400006, 16.8337781030001], [96.17574421600011, 16.833790842000155], [96.1757297600002, 16.833791431000122], [96.17554586500017, 16.833798922000085], [96.17536642400012, 16.83380623200003], [96.175352036, 16.833806818000028], [96.175339296, 16.833806632000062], [96.17513223100002, 16.833803606000117], [96.1745555330001, 16.833795181000085], [96.17451978500014, 16.833794659000034], [96.17432691900018, 16.833697933], [96.17529106100005, 16.831832886000143], [96.17556572000012, 16.831289292000122], [96.17574819000009, 16.83090210000006], [96.17578766500009, 16.830491153000082], [96.17649459800003, 16.82880687800008], [96.17689661700018, 16.827636917000177], [96.17713101700002, 16.826944351000066], [96.17791551600004, 16.824729776000083], [96.17798550900005, 16.824532191000117], [96.17848396300008, 16.82313950800011], [96.17870807700012, 16.82178274800009], [96.17890310000018, 16.82178786000003], [96.17927322300017, 16.821797562000086], [96.17967160500012, 16.821715037000104], [96.18018722500011, 16.82165813400013], [96.1804668420001, 16.821662521], [96.18156444300007, 16.821414387000118], [96.18204477100016, 16.821112526000093], [96.18220841200014, 16.820933983000145], [96.18234686400001, 16.820782921000102], [96.18248780600015, 16.82046159100014], [96.1825202940002, 16.820046616000184], [96.18244067000018, 16.819865268000115], [96.18238682200013, 16.819742627000153], [96.18240280100014, 16.81941757200019], [96.18270333600003, 16.81915855400007], [96.18285179100013, 16.81879806500018], [96.1829916640001, 16.81839180000003], [96.18310165500003, 16.818117142000062], [96.1833006540001, 16.817754746000105], [96.18341827400002, 16.817498207000085], [96.18347740200016, 16.817216873000064], [96.18361053500007, 16.816820145000122], [96.18372764700013, 16.816686023000045], [96.18381314800001, 16.816588102000026], [96.18388366700009, 16.8165073400001], [96.18401409300003, 16.816348757000185], [96.18425178500019, 16.816059748000157], [96.18465614300004, 16.815610886000172], [96.18509101900014, 16.815180672999986], [96.18537407000002, 16.81499061600016], [96.1855539840002, 16.81466310700017], [96.18549465900014, 16.81421322000017], [96.18549047200008, 16.814181464], [96.18546960100002, 16.814114489000076], [96.18535652200018, 16.81375160200014], [96.18512408000015, 16.81338988400006], [96.18507367900014, 16.81306058700011], [96.18524169900019, 16.81269645700013], [96.18520170200014, 16.812567304000027], [96.1852083230001, 16.812471011000127], [96.18512137200008, 16.812307915000133], [96.18505961000011, 16.81219206800006], [96.18507172300014, 16.81217590300008], [96.18520423100011, 16.81199907000007], [96.185205285, 16.811997663000056], [96.18520602600017, 16.811998043000074], [96.18527162400011, 16.812031710000156], [96.18541104900015, 16.81206785800009], [96.18551673900004, 16.812095261000138], [96.18586158800008, 16.81234169000004], [96.1858792640001, 16.812352496000017], [96.186107005, 16.81243214400007], [96.18620835900003, 16.81246759100003], [96.18620856800015, 16.81246752100003], [96.18648243000007, 16.812375112000097], [96.18653612600008, 16.812146501000143], [96.18659562000005, 16.811926188000086], [96.1865825650001, 16.81186103900012], [96.18652992200009, 16.81158790600017], [96.18668616900015, 16.811419641000043], [96.18670845000014, 16.811395645000175], [96.18726768500011, 16.81130676300012], [96.18747596800006, 16.811138534000122], [96.18759155300012, 16.81073951800016], [96.18771580800018, 16.809953593000046], [96.18771634500013, 16.809953744000154], [96.18775300200008, 16.809964048000097], [96.18775445199998, 16.80996445600016], [96.18781332700019, 16.8099810060001], [96.18842070800008, 16.810151740000038], [96.1886114130001, 16.81020534700008], [96.18861169000007, 16.810205378000035], [96.18975595300014, 16.810330938999982], [96.19106086500011, 16.81033832800017], [96.19164407900001, 16.81027486800008], [96.19164431200016, 16.81027484200007], [96.19178918100016, 16.810259079000105], [96.19219739300019, 16.810232291000034], [96.19219739900018, 16.8102321880001], [96.19219751600008, 16.81023008000011], [96.19222309200006, 16.810228236000114], [96.19280188500011, 16.81013690700013], [96.19403142900006, 16.809942895000063], [96.19410901900005, 16.809930652], [96.19518405000008, 16.809880604000114], [96.1954237110001, 16.809905003000097], [96.19542424900015, 16.809905058000027], [96.19593189500006, 16.80995674000002], [96.19593951700017, 16.809960268000168], [96.19619340200012, 16.81007778700001], [96.19685555, 16.810384284000065], [96.1971882160002, 16.81057212000013], [96.1972008800002, 16.81057927100011], [96.19753087600014, 16.810765600000025], [96.197540366, 16.810775264000085], [96.19778253900006, 16.811021857000128], [96.19792883200017, 16.811170820000143], [96.19793521399998, 16.811177319000024], [96.19793679100007, 16.811178924000103], [96.1980299330001, 16.811273767000046], [96.19820978500007, 16.81166690800012], [96.19821713300013, 16.81168297000005], [96.19822087900013, 16.811691159000134], [96.19862465600005, 16.812573782000015], [96.19876942100018, 16.813035214000024], [96.19877056700011, 16.81303886600017], [96.19886187600014, 16.813329911000153], [96.19901405600012, 16.813847778000138], [96.19942311900013, 16.815115173000095], [96.19942344700013, 16.815116188000104], [96.19952089500003, 16.81541810900012], [96.19955842800005, 16.815534399000114], [96.1996592270001, 16.815846703000034], [96.19967423100007, 16.815866486000175], [96.19984420300011, 16.816090604000067], [96.19987174400018, 16.816126920000045], [96.19991376000013, 16.81618231900012], [96.19995122800003, 16.8162317230001], [96.1999520600001, 16.816232819], [96.19996036800006, 16.8162437740001], [96.19996059200008, 16.81624397000013], [96.20000476100012, 16.81628277400017], [96.20036443800012, 16.816598759999977], [96.20043887400004, 16.816641000000118], [96.20044487799998, 16.81664440800006], [96.20053361500015, 16.816694763000044], [96.20078051300015, 16.816834871000083], [96.20102735500012, 16.81695464300003], [96.20102979100017, 16.81695582500015], [96.20116922900019, 16.81702348300007], [96.20117397400008, 16.817025785000055], [96.2015818230002, 16.81712910100009], [96.20168273600012, 16.817114204], [96.20199301500008, 16.81706840200013], [96.20199354000005, 16.817068160000133], [96.20225555200005, 16.816947106000043], [96.20233366800016, 16.816911015000187], [96.20285225400005, 16.816381442000136], [96.20285242200009, 16.816381270000136], [96.20286698000001, 16.816350145000115], [96.20286793200012, 16.816348108000057], [96.20286977700016, 16.816344164999975], [96.20315742600008, 16.815729141000077], [96.2031574560001, 16.815729075000093], [96.20335982700004, 16.815065148000144], [96.20340247300004, 16.814943254000184], [96.20340324199998, 16.814941055000077], [96.20346164900013, 16.81477411000003], [96.20375213800008, 16.81394380500018], [96.2039473160001, 16.81332494300011], [96.20409844400012, 16.81280556200005], [96.20413531999998, 16.81267883000004], [96.20413692800014, 16.81267330600008], [96.2043246290001, 16.812028232000046], [96.20455401599997, 16.81139626200013], [96.2045540920002, 16.81139605300001], [96.20463316700005, 16.811178197000118], [96.2047316190002, 16.81088608800019], [96.20473326400008, 16.810881205000044], [96.20489313100006, 16.81040687500007], [96.20501406400007, 16.81009458699998], [96.2050877170002, 16.809904391999964], [96.20513021400006, 16.80983403], [96.20514241500013, 16.80981383000011], [96.20531028700015, 16.809535890000063], [96.20531035200003, 16.80953578200001], [96.20536901100019, 16.80943866200016], [96.2055038420001, 16.809230685000102], [96.20550826099998, 16.809223870000153], [96.20563608300012, 16.80902670500012], [96.20584306500018, 16.80871341], [96.20615891500017, 16.808290583000144], [96.20639279300019, 16.808137967000107], [96.20639363500004, 16.80813741700007], [96.20665074100003, 16.807969643000035], [96.20703936700005, 16.807839587000103], [96.20704175300006, 16.80783878800014], [96.20731126900012, 16.807748594000145], [96.20735251200011, 16.807749272000024], [96.20746728000017, 16.807751157999974], [96.2075360840002, 16.807752289000177], [96.20753839500009, 16.807752328000106], [96.20773798500011, 16.80775560799998], [96.208348823, 16.80783984200002], [96.20864200400018, 16.8080083480001], [96.20864905900015, 16.80801240300019], [96.20893306800014, 16.808175638000137], [96.20927100500012, 16.80847088100012], [96.20929252100012, 16.808489679000047], [96.2093515740001, 16.808541269999978], [96.2095050980002, 16.80867539900015], [96.20996278900014, 16.809217201000024], [96.21064041400018, 16.810674548000122], [96.21069505500014, 16.81079206300012], [96.21096989500018, 16.811341390000052], [96.21097154900013, 16.811344697000038], [96.21106930100007, 16.81154007500004], [96.21111381000009, 16.81161289100004], [96.21111441400012, 16.81161388000004], [96.21126082800015, 16.81185341200012], [96.21135866000009, 16.812013464000017], [96.21195360500019, 16.81288648700007], [96.21195368100001, 16.81288655200018], [96.21200146200016, 16.81292734500005], [96.21212227200004, 16.813030486000173], [96.21213530400007, 16.81304161100013], [96.2122131710002, 16.813108091000117], [96.21244612400017, 16.813306973000067], [96.21252515400016, 16.813372436000066], [96.21252574800019, 16.81337292700016], [96.21264130800017, 16.813468648000025], [96.21271663800019, 16.813531046000037], [96.21271701900014, 16.81353136200005], [96.2127820980001, 16.813585268000054], [96.21319943500009, 16.8138789730001], [96.21320429500014, 16.81388239400013], [96.21332302700017, 16.813965953000036], [96.21369345400018, 16.81419930600009], [96.21371220500004, 16.814207575000125], [96.21371234300005, 16.814207635000116], [96.21373399900006, 16.814217185000018], [96.21402463200008, 16.81434534400006], [96.21410093000014, 16.81437898900009], [96.21451592900013, 16.814504410999973], [96.21451754300006, 16.81450489800011], [96.21512794400002, 16.814622890000123], [96.21512823500012, 16.8146229460001], [96.21613256100011, 16.814839162000055], [96.21622217500004, 16.81485845500015], [96.21698112900015, 16.814999718000024], [96.21754606100018, 16.815137564000054], [96.21795651400015, 16.815266454000096], [96.2180196340002, 16.815286275], [96.21833964800004, 16.81538791800017], [96.21834085800015, 16.81538830200003], [96.21859576700018, 16.81546926600015], [96.21891968700015, 16.81563016700005], [96.21892004800009, 16.815630345999978], [96.21904868500019, 16.81569424500003], [96.21904913800012, 16.81569465200016], [96.2192151910001, 16.815843945000154], [96.21921656800009, 16.81584518300008], [96.21941577200005, 16.81602428000008], [96.21952903300013, 16.81612611000014], [96.21965573600005, 16.816334626000184], [96.220036591, 16.81696140300005], [96.22019435700008, 16.817615024000077], [96.22023718800017, 16.81779247300011], [96.22024266900019, 16.817815184000096], [96.2202428120001, 16.817815774000167], [96.2202436680002, 16.817819319000023], [96.22024352600016, 16.81781971500004], [96.22023415000012, 16.817819319000023], [96.2201975710002, 16.817920896000146], [96.21991270500007, 16.818711961000133], [96.21852078699999, 16.820429109000088], [96.21557220500011, 16.82262535000001], [96.21503043500007, 16.823426476000066], [96.2148323240001, 16.823900223000066], [96.21483220400006, 16.823900505000097], [96.2147286300002, 16.824484180000184], [96.2146185310001, 16.825143516000026], [96.21462620900019, 16.826123390000078], [96.21451953900004, 16.828866355000116], [96.21453281300006, 16.829041028000063], [96.21464099800005, 16.83046440800007], [96.21451180300011, 16.83167427500007], [96.21411448200018, 16.83280846500014], [96.21409625600012, 16.832860488999984], [96.21359541300018, 16.834023956000067], [96.21274594800013, 16.835289993000117], [96.2117729420001, 16.836892730000102], [96.21142883300013, 16.83786591600017], [96.21139515200008, 16.838567757000078], [96.2115662490001, 16.83967396600019], [96.21156678000006, 16.83967739700006], [96.21156691400012, 16.839677615000085], [96.21166209200015, 16.83983280000001], [96.21193510600017, 16.84027794100018], [96.21217253100019, 16.840665056000148], [96.21230987300004, 16.840807222000024], [96.21269252200017, 16.84120331700018], [96.21326367200015, 16.841573149000055], [96.21326380400018, 16.841573276000133], [96.21326793700007, 16.841577224000105], [96.21335659100009, 16.841661930000043], [96.21378636000003, 16.842072560000076], [96.21380639100005, 16.84209169900015], [96.21448536100007, 16.842504186999975], [96.21463282700017, 16.84259256500019], [96.21485339200007, 16.842724752000038], [96.2152714230001, 16.842975281000065], [96.21531973000009, 16.843004232000055], [96.21598350300002, 16.84369450300005], [96.21613232200019, 16.84403697900018], [96.216132566, 16.844037541000034], [96.21619348200011, 16.844419794000146], [96.21618384400017, 16.844456570000148], [96.21609868300015, 16.844781541000145], [96.21579360600003, 16.845486426000093], [96.21577834100009, 16.845521697000095], [96.21537603900003, 16.84587728500003], [96.214591967, 16.846570313000143], [96.21419297000011, 16.84698468300013], [96.21378357999998, 16.847409845000186], [96.21361466300016, 16.847526], [96.21290223900019, 16.848015893000024], [96.21205472900004, 16.84864189600006], [96.21111999500016, 16.84911867800008], [96.21034191000018, 16.849427533000153], [96.2100448610002, 16.849535983000067], [96.20996292600006, 16.849565896000115], [96.20996302500015, 16.849566175000064], [96.20996405300008, 16.84956908100014], [96.20996166200013, 16.849569990000077], [96.20993985400014, 16.849578270000052], [96.209938824, 16.84957866100001], [96.20979499900011, 16.849633267000115], [96.20903856400014, 16.849709323000184], [96.20883750900015, 16.849729538000133], [96.20883670200016, 16.849729619000072], [96.20810883100006, 16.849869475000105], [96.20729997900008, 16.850024888000064], [96.2072312000002, 16.850038104000134], [96.20714416200008, 16.850035643000183], [96.20657157900007, 16.850019457000087], [96.20657130500018, 16.85001945000016], [96.2052251630002, 16.849901323000097], [96.20514160500005, 16.84989592800008], [96.20503322500014, 16.849888931000123], [96.20425760000018, 16.849838856000133], [96.20409204300006, 16.849828167000055], [96.20335552000012, 16.85008240900015]]]}}, {"type": "Feature", "properties": {"adm4_name": "Urban", "adm4_name1": null, "adm4_name2": null, "adm4_name3": null, "adm4_pcode": "MMR013010701", "adm3_name": "Yankin", "adm3_name1": "ရန်ကင်း", "adm3_name2": null, "adm3_name3": null, "adm3_pcode": "MMR013010", "adm2_name": "Yangon (East)", "adm2_name1": "ရန်ကုန်(အရှေ့ပိုင်း)", "adm2_name2": null, "adm2_name3": null, "adm2_pcode": "MMR013D002", "adm1_name": "Yangon", "adm1_name1": "ရန်ကုန်တိုင်းဒေသကြီး", "adm1_name2": null, "adm1_name3": null, "adm1_pcode": "MMR013", "adm0_name": "Myanmar", "adm0_name1": "မြန်မာနိုင်ငံ", "adm0_name2": null, "adm0_name3": null, "adm0_pcode": "MMR", "valid_on": "2024-02-15T00:00:00", "valid_to": null, "area_sqkm": 4.92596969, "version": "v01", "lang": "en", "lang1": "my", "lang2": null, "lang3": null, "adm4_ref_name": "Urban", "center_lat": 16.83733177, "center_lon": 96.16409074}, "geometry": {"type": "Polygon", "coordinates": [[[96.16428427200015, 16.852514961000168], [96.16415682200011, 16.852413716], [96.1640052790001, 16.852293331999988], [96.16386706100019, 16.85223272500008], [96.16381221199998, 16.85220867400011], [96.16377602900013, 16.85219280800004], [96.16368484500003, 16.85215282500019], [96.16352728400005, 16.852115531000152], [96.16342563600017, 16.852091471999984], [96.1633992150002, 16.852085218000013], [96.16335042400016, 16.852073670000152], [96.16309293100011, 16.852432887000077], [96.16270103500017, 16.85246009800011], [96.16250292500013, 16.85276222200008], [96.16217613200018, 16.85270881600013], [96.16172599800007, 16.852629661000037], [96.16121374800014, 16.852596668000047], [96.16079139700008, 16.85261917100007], [96.160294851, 16.8524767560001], [96.16026122400018, 16.852425532000098], [96.16018740400011, 16.852313085000162], [96.15984408100002, 16.851790110000138], [96.15967178400007, 16.85069084200012], [96.15967176400005, 16.850689588000023], [96.15966496700014, 16.850259113], [96.15966424700008, 16.850213555000153], [96.15966458300011, 16.850173297000026], [96.15966491500012, 16.850133374000166], [96.15966624600014, 16.84997368300003], [96.15966732300018, 16.8496430080001], [96.15965574600017, 16.849575851000168], [96.15960924600006, 16.849306096000134], [96.15959915300004, 16.84924754300016], [96.1595586140001, 16.849012375000086], [96.15955774800005, 16.849010874000044], [96.15954896300013, 16.84899564300008], [96.15952220400015, 16.848949252000068], [96.15951956600009, 16.84894467900017], [96.15951535400012, 16.848937377000084], [96.15947211600007, 16.848862415999974], [96.159372716, 16.84869008900006], [96.15916765600014, 16.848526811000056], [96.15909084900005, 16.848467043000085], [96.15908826000009, 16.848465029000067], [96.15908328100016, 16.848461154], [96.15896864400014, 16.84837194900018], [96.15888297700008, 16.848305287000187], [96.1588110780001, 16.848249338000073], [96.15878062900015, 16.848225645000184], [96.15875029700015, 16.848202042000082], [96.15872909800004, 16.84818554600014], [96.15861426300006, 16.848043186000098], [96.15827598500016, 16.847623825000085], [96.15816996000018, 16.847546078000164], [96.15811469000005, 16.84750554900006], [96.15810759600015, 16.847500348000096], [96.15809451300004, 16.847490754000034], [96.15803431400013, 16.847446610000077], [96.15798855600008, 16.847413056000164], [96.15765953100009, 16.847171784000068], [96.1576412980001, 16.847154042000057], [96.15763967800018, 16.847152465000022], [96.15751163400006, 16.84702785700017], [96.1574940590001, 16.847010754999985], [96.15748152700013, 16.846998558000166], [96.15738259000005, 16.846902277000083], [96.15737533600014, 16.8468952180001], [96.15732331700019, 16.846835979000105], [96.15726252000002, 16.84676674500008], [96.15711473000005, 16.846598446000087], [96.15708088200012, 16.846362071000158], [96.15698286600019, 16.845677578000107], [96.15698251700007, 16.845675141000186], [96.1566600760001, 16.843423406000113], [96.15664096800015, 16.843237369000065], [96.15651863500005, 16.842046277000122], [96.15637020100019, 16.841370056000017], [96.15636843100003, 16.841361991000156], [96.15636643800013, 16.841352914000026], [96.15632783700005, 16.841177060000064], [96.15623742000014, 16.840647433000186], [96.15621380400012, 16.84050909800004], [96.15614511100006, 16.839814579], [96.15614306800012, 16.83979671000003], [96.15614182900015, 16.839785879000146], [96.15613901600017, 16.839761297000052], [96.15613055500006, 16.839687321000156], [96.15607230600017, 16.839178115000095], [96.1560523600001, 16.839087742], [96.15593164100017, 16.838149425000097], [96.15593147300012, 16.83814811800005], [96.15588681100019, 16.837846553000077], [96.15570068400012, 16.83658981299999], [96.15522603100004, 16.833277444000146], [96.15520561900013, 16.833135002000063], [96.15519281600001, 16.83304565400016], [96.15507698100015, 16.832262039000057], [96.15506392300011, 16.832147085000145], [96.15502474800019, 16.83180222200008], [96.15498213000018, 16.83157385000004], [96.15497106600014, 16.83151456200011], [96.1549510960001, 16.831407547000026], [96.15482545900011, 16.83027789900018], [96.15481413700007, 16.830176102000053], [96.15476086500007, 16.829697109999984], [96.1547032540002, 16.829189416000077], [96.15583038300014, 16.828290939000112], [96.15706443800019, 16.827310562000093], [96.15732383700004, 16.827100754000128], [96.15947532700005, 16.825418472000024], [96.16073105500004, 16.82442318300002], [96.16136888300008, 16.824156688000073], [96.16166067100005, 16.823747635000075], [96.16207313500007, 16.823312759000146], [96.16228027400007, 16.823072243000126], [96.16270001800018, 16.823180517000026], [96.16397285400012, 16.823461532000124], [96.16490019100007, 16.82368320600017], [96.1655902870001, 16.82382106800003], [96.16585565600013, 16.82388289700009], [96.16610193300016, 16.82394027700019], [96.16616508400017, 16.823945578000178], [96.16654629099997, 16.823977577000107], [96.16668563300016, 16.824062188000084], [96.16673154200015, 16.824090065000178], [96.16679720900015, 16.82410823200013], [96.16679934700016, 16.824109976000102], [96.16690141200019, 16.82419321300017], [96.1675199840002, 16.824697681000146], [96.16755086800009, 16.82470985100008], [96.16774484600012, 16.82478628900003], [96.16806960600019, 16.824914263000153], [96.16866817700009, 16.82502531000017], [96.1693248270002, 16.825077730999965], [96.16957288600003, 16.825097534000122], [96.17000483600009, 16.82504787900018], [96.1702210700002, 16.82502302100005], [96.17049885699998, 16.824991088], [96.17067918499998, 16.824933675000125], [96.17104134400006, 16.824818369000184], [96.1712546890002, 16.824750443000084], [96.17155793500007, 16.82437374200009], [96.17184183300009, 16.824021076000065], [96.17188057800018, 16.82397294600014], [96.1718042660001, 16.824249096000074], [96.17177848800009, 16.82459182700012], [96.17167282100013, 16.824928284000123], [96.17156219500004, 16.825321198000154], [96.17136931700009, 16.82612397200012], [96.17133712800018, 16.82625794400019], [96.17179985100017, 16.826310348999982], [96.17203865100004, 16.82606925900012], [96.17235851300006, 16.825968088000025], [96.17245292700005, 16.82593822500013], [96.17250555500016, 16.82591204800019], [96.17281913800008, 16.82575607300015], [96.17327499400011, 16.825574875000086], [96.17386817900007, 16.825469971000132], [96.1743396760001, 16.82536430300007], [96.17427464700012, 16.825008737000132], [96.17427063000008, 16.824986776000173], [96.17472839400011, 16.824790955000083], [96.17501055500009, 16.824668859999974], [96.1750891710002, 16.8246538570001], [96.17517064200013, 16.824639692000062], [96.17529871000005, 16.824567586000114], [96.1757877390001, 16.82441805800005], [96.175985336, 16.824193954000123], [96.17619133000017, 16.823950290000028], [96.1763404850002, 16.823731613000177], [96.17628746000014, 16.823482132000038], [96.17630729700011, 16.823176956], [96.17616653400006, 16.822806676000084], [96.17625656100017, 16.822480011000152], [96.17660713200013, 16.822301865000156], [96.1768550880002, 16.822202683000114], [96.17721557600004, 16.822063446000072], [96.17786407500012, 16.821879387000024], [96.17827415500011, 16.82182121300019], [96.17870807700012, 16.82178274800009], [96.17848396300008, 16.82313950800011], [96.17798550900005, 16.824532191000117], [96.17791551600004, 16.824729776000083], [96.17713101700002, 16.826944351000066], [96.17689661700018, 16.827636917000177], [96.17649459800003, 16.82880687800008], [96.17578766500009, 16.830491153000082], [96.17574819000009, 16.83090210000006], [96.17556572000012, 16.831289292000122], [96.17529106100005, 16.831832886000143], [96.17432691900018, 16.833697933], [96.17426840500013, 16.833811125000125], [96.17401521500017, 16.834238184000014], [96.17394065900004, 16.834363938000138], [96.17355918800018, 16.835031509000032], [96.17342376800019, 16.835268021000047], [96.1726017000002, 16.83688163800008], [96.1721401210001, 16.837781906000146], [96.17180442900019, 16.83842277500014], [96.17113169500016, 16.839599722000116], [96.17099126200014, 16.839956284000095], [96.17081642200009, 16.840291976000174], [96.17015266400006, 16.84153938300011], [96.16994285600009, 16.841939927], [96.16950035100018, 16.842779160000077], [96.16911833600011, 16.843491418000042], [96.1687717440002, 16.844144821000043], [96.16862106300005, 16.844423295000126], [96.16790072200007, 16.845810573000165], [96.16765022300001, 16.846273422000024], [96.16684084400015, 16.847736834000102], [96.16592979400008, 16.849512100000084], [96.16574096700015, 16.849893570000063], [96.16527175900006, 16.850782395000124], [96.1649093630001, 16.851491928000144], [96.1646462760001, 16.85198402399999], [96.16428427200015, 16.852514961000168]]]}}, {"type": "Feature", "properties": {"adm4_name": "Urban", "adm4_name1": null, "adm4_name2": null, "adm4_name3": null, "adm4_pcode": "MMR013011701", "adm3_name": "South Okkalapa", "adm3_name1": "တောင်ဥက္ကလာပ", "adm3_name2": null, "adm3_name3": null, "adm3_pcode": "MMR013011", "adm2_name": "Yangon (East)", "adm2_name1": "ရန်ကုန်(အရှေ့ပိုင်း)", "adm2_name2": null, "adm2_name3": null, "adm2_pcode": "MMR013D002", "adm1_name": "Yangon", "adm1_name1": "ရန်ကုန်တိုင်းဒေသကြီး", "adm1_name2": null, "adm1_name3": null, "adm1_pcode": "MMR013", "adm0_name": "Myanmar", "adm0_name1": "မြန်မာနိုင်ငံ", "adm0_name2": null, "adm0_name3": null, "adm0_pcode": "MMR", "valid_on": "2024-02-15T00:00:00", "valid_to": null, "area_sqkm": 8.09917302, "version": "v01", "lang": "en", "lang1": "my", "lang2": null, "lang3": null, "adm4_ref_name": "Urban", "center_lat": 16.84936123, "center_lon": 96.18315896}, "geometry": {"type": "Polygon", "coordinates": [[[96.18921172900002, 16.854439755000044], [96.18864313600017, 16.854476301999966], [96.18855814800008, 16.854481765000173], [96.18806591000003, 16.854837663000126], [96.18776365400004, 16.855279784], [96.18776332600004, 16.855280262000065], [96.18776299200016, 16.855280752000112], [96.187677388, 16.85540596700008], [96.18765770200014, 16.85557548000014], [96.18763607900007, 16.855761654000105], [96.18742937900004, 16.857541444000105], [96.1871202710002, 16.860368525000183], [96.18711649000016, 16.86040309499998], [96.18672285000008, 16.86149353900015], [96.18659933000015, 16.861766379000187], [96.18644135900013, 16.862115314], [96.1859525390002, 16.862277783000025], [96.18584259100015, 16.862314326000103], [96.18329371600004, 16.86269597800009], [96.18058189200019, 16.863023865000116], [96.18058161700009, 16.86302389800005], [96.18052395000018, 16.86306353300006], [96.18048018900004, 16.863093610000135], [96.17976136600015, 16.863587663000033], [96.17946004499998, 16.863897504000022], [96.17921189400016, 16.86415267000018], [96.17861898000012, 16.864754073000086], [96.17849077500011, 16.86488411400012], [96.1784898200001, 16.864885083000104], [96.17848967500004, 16.864884867000114], [96.17807388800014, 16.86426514500016], [96.17795169300007, 16.864083014000073], [96.17779986100015, 16.86390113800013], [96.17753914700006, 16.863657041000124], [96.17722129800012, 16.86335945100018], [96.17669105500005, 16.862861633000023], [96.1763017720001, 16.862506141000097], [96.17614173900006, 16.86236], [96.17601290200014, 16.862243612000157], [96.17578703000015, 16.862039566000135], [96.1754849730001, 16.86176669500003], [96.17531267800013, 16.86161104900009], [96.1753107890001, 16.861609546000068], [96.17525071200015, 16.861561754000036], [96.17512702900012, 16.861463362000052], [96.17494433100012, 16.86131802200009], [96.17489535400006, 16.861279060000072], [96.17485872900016, 16.861249924000163], [96.17455558800003, 16.86103706400013], [96.17441351600019, 16.86084566000011], [96.17432401900015, 16.86072508899997], [96.17432212800009, 16.860722542000076], [96.17402916000015, 16.86039619400003], [96.1737957000002, 16.860235214000056], [96.1737739190001, 16.860215647000132], [96.17357063200006, 16.86003303500013], [96.1735111550002, 16.859980791000055], [96.17345826100006, 16.859934330000044], [96.17343862800016, 16.85991708500012], [96.1733715810002, 16.859858192000104], [96.17328834600016, 16.85978508000011], [96.17315368600003, 16.85967788900001], [96.17303276000013, 16.859581629000047], [96.17277039400011, 16.859404034000022], [96.17261870900006, 16.85924890700005], [96.17247690500005, 16.859103884000035], [96.17231123800013, 16.858888593000074], [96.17227858100017, 16.858846154000048], [96.17224039400014, 16.85879652900013], [96.1721949590002, 16.858759289000034], [96.1721756880001, 16.858743494000066], [96.17203394500018, 16.858627319000163], [96.17169761700006, 16.858478546000185], [96.17149927100019, 16.85838405700008], [96.1714229590001, 16.858347702], [96.17126976600014, 16.858238665000158], [96.17113113400018, 16.858139991000144], [96.17110370400007, 16.85811408400008], [96.17102862800004, 16.85804318000004], [96.17094870200003, 16.857967694000024], [96.17094230700013, 16.857961655000167], [96.17092864700004, 16.85794999700005], [96.17084200600004, 16.857876053000155], [96.17072105400018, 16.857772827000133], [96.17063927300006, 16.857717929000046], [96.17048597299998, 16.857615024000154], [96.17032534200013, 16.85750719700019], [96.17003059400008, 16.85730934100019], [96.16973083100004, 16.857071232000123], [96.1694927210001, 16.856882095000174], [96.16920612600006, 16.856637958000135], [96.16908073500008, 16.856531143000097], [96.16901137600013, 16.856475656000043], [96.16869926500016, 16.85622596800016], [96.16846528200006, 16.856054220000146], [96.16832637800013, 16.855952262000073], [96.16791343700015, 16.85577106400018], [96.16790770400013, 16.85576674100008], [96.1678681260002, 16.85573689500012], [96.16762256700008, 16.855551720000165], [96.167403245, 16.855355714999973], [96.16737826700012, 16.855333392000034], [96.16733551000004, 16.855295181000145], [96.16720302800007, 16.85522342000013], [96.1671570310001, 16.855198505000146], [96.16706085200019, 16.855146408000167], [96.16700790400012, 16.855116357999975], [96.16692490100007, 16.85506925100009], [96.16678047200008, 16.854987281000092], [96.16655116700002, 16.85468228700006], [96.1662534990001, 16.85447502200003], [96.16589851400016, 16.854137802000025], [96.16589780500016, 16.854135997000128], [96.16573722500004, 16.853727769000102], [96.16573143000016, 16.853713036000045], [96.16551589900018, 16.853367805000175], [96.16538238500016, 16.853056589], [96.16527054400007, 16.85292301800007], [96.16513697300007, 16.852763493999987], [96.16509079800011, 16.85273337199999], [96.1650503300001, 16.852706973000068], [96.1649262630001, 16.85262604000019], [96.16478469200018, 16.852533688], [96.1644551890002, 16.852521357000114], [96.16434475500012, 16.852517225000156], [96.16428427200015, 16.852514961000168], [96.1646462760001, 16.85198402399999], [96.1649093630001, 16.851491928000144], [96.16527175900006, 16.850782395000124], [96.16574096700015, 16.849893570000063], [96.16592979400008, 16.849512100000084], [96.16684084400015, 16.847736834000102], [96.16765022300001, 16.846273422000024], [96.16790072200007, 16.845810573000165], [96.16862106300005, 16.844423295000126], [96.1687717440002, 16.844144821000043], [96.16911833600011, 16.843491418000042], [96.16950035100018, 16.842779160000077], [96.16994285600009, 16.841939927], [96.17015266400006, 16.84153938300011], [96.17081642200009, 16.840291976000174], [96.17099126200014, 16.839956284000095], [96.17113169500016, 16.839599722000116], [96.17180442900019, 16.83842277500014], [96.1721401210001, 16.837781906000146], [96.1726017000002, 16.83688163800008], [96.17342376800019, 16.835268021000047], [96.17355918800018, 16.835031509000032], [96.17394065900004, 16.834363938000138], [96.17401521500017, 16.834238184000014], [96.17426840500013, 16.833811125000125], [96.17432691900018, 16.833697933], [96.17451978500014, 16.833794659000034], [96.1745555330001, 16.833795181000085], [96.17513223100002, 16.833803606000117], [96.175339296, 16.833806632000062], [96.175352036, 16.833806818000028], [96.17536642400012, 16.83380623200003], [96.17554586500017, 16.833798922000085], [96.1757297600002, 16.833791431000122], [96.17574421600011, 16.833790842000155], [96.17606291400006, 16.8337781030001], [96.17620665300012, 16.833772358000033], [96.17621557200005, 16.833772061000104], [96.17636186500016, 16.833767184000124], [96.17653371100016, 16.833761454000012], [96.1767979220001, 16.833761354000046], [96.17716525000014, 16.833761215000095], [96.17729738300011, 16.833761165000112], [96.17769076700017, 16.833768057000157], [96.17775101000007, 16.833775568000135], [96.17790786800009, 16.833795124000176], [96.17808871000017, 16.833817669000155], [96.17809166100011, 16.833818037000185], [96.17809214300019, 16.833818097000176], [96.1781008390002, 16.83382086100005], [96.178144207, 16.833834645000138], [96.17825849500008, 16.83387097000002], [96.17836210800004, 16.83390582500016], [96.17846515000019, 16.833940488999986], [96.17868833300008, 16.834020919000068], [96.17924672400005, 16.83422215000013], [96.17939522900014, 16.834291153000095], [96.17953891500014, 16.83435862600004], [96.18007020800013, 16.834608117000187], [96.18042052400017, 16.834779449000166], [96.18058256500018, 16.834854836999966], [96.18088729100015, 16.834996608000097], [96.18114645100007, 16.83510699400017], [96.18116602900011, 16.83511636000003], [96.18148792500011, 16.835270349000098], [96.18175971400012, 16.83540036800008], [96.18177624400005, 16.835408276000067], [96.18200332200001, 16.83551306200019], [96.18204304300019, 16.83553139100019], [96.18205894500011, 16.835538034000137], [96.18211919200019, 16.835563204000096], [96.18211931800005, 16.83556325700016], [96.1821193520002, 16.835563271000183], [96.18214609100005, 16.83557444200011], [96.18239118800017, 16.835676837000165], [96.18242410300013, 16.835690588000148], [96.18243324900016, 16.835694520000118], [96.18249551600007, 16.835721292000187], [96.18269613800015, 16.835807548000048], [96.18272560200012, 16.835820217000105], [96.18299481500009, 16.835923758000035], [96.18340653000013, 16.83607162200002], [96.1837475580001, 16.836194099000124], [96.18394609900008, 16.836267646000067], [96.18406460100016, 16.836311544000182], [96.1841821810001, 16.83635510000005], [96.18441690600008, 16.836428989000012], [96.18453706000008, 16.836466812000026], [96.1846061190002, 16.836488551000173], [96.18506016300012, 16.836644823000142], [96.18519118900008, 16.836688689000027], [96.18541306400004, 16.836762970000052], [96.18576712300012, 16.836881504000075], [96.18607351200018, 16.836987857999986], [96.18623284800003, 16.83704316800015], [96.18633855400009, 16.83707986000013], [96.18662859500017, 16.837186578000114], [96.18674550700007, 16.83722882400002], [96.18689257699998, 16.83728196900006], [96.18763797400015, 16.837551320000102], [96.18764650000014, 16.83755440000016], [96.18838670000008, 16.837849817000176], [96.18901561600006, 16.838063467999973], [96.18918241500012, 16.83810498400004], [96.1892339220002, 16.83811780300016], [96.18980963700011, 16.83822255700011], [96.18981096700008, 16.838222796000025], [96.18981452200012, 16.838223432000063], [96.18997854000014, 16.83825284200003], [96.19012234500008, 16.838278627000136], [96.19014076000008, 16.83828192900006], [96.19025755800016, 16.83830232400004], [96.1903361750002, 16.838316052000096], [96.1904619230001, 16.838338010000143], [96.19065477600014, 16.838384256999973], [96.19077722500009, 16.83841362200019], [96.19088883100005, 16.838440386000116], [96.19109885700004, 16.83849075100011], [96.1915148280001, 16.838609471000154], [96.19193382100019, 16.83874636100012], [96.19248687500016, 16.838893401000178], [96.19252518600018, 16.838903587000118], [96.19258891900006, 16.838930589000086], [96.19277427100013, 16.839009118999968], [96.19279814300012, 16.83901954900017], [96.1930564380001, 16.839132406000147], [96.19321869100014, 16.839203299000076], [96.19327170900004, 16.83922646400015], [96.19327308400011, 16.839227065000102], [96.19337752200005, 16.83929115800015], [96.19355277400012, 16.839398707999976], [96.193635084, 16.839449220000063], [96.1937899040002, 16.839556545000164], [96.1940357040001, 16.839726940000162], [96.19443273300004, 16.840043651000144], [96.19479882800005, 16.840375458000153], [96.19481016000009, 16.840386070000136], [96.1948137070001, 16.84038939000004], [96.19498263900005, 16.840547576000176], [96.1949888170002, 16.84055332500003], [96.19498883900019, 16.84055334600015], [96.19498890100004, 16.84055340400016], [96.1950049100002, 16.840568300000143], [96.1951162690001, 16.84067192100008], [96.19522222000006, 16.840770511000073], [96.19531464300019, 16.840856512000187], [96.19550542400003, 16.841019915000118], [96.19550913300009, 16.841023056000097], [96.19572443600003, 16.84120536800009], [96.19594613700019, 16.84139309799997], [96.1959471520002, 16.841393958000026], [96.19598915000012, 16.8414296790001], [96.19630196900016, 16.841695747000074], [96.19632288399998, 16.84171349000019], [96.19645034000007, 16.841821617000164], [96.19688563200003, 16.842203261000122], [96.197290195, 16.842558097], [96.19742432700008, 16.842678252999974], [96.19750611800004, 16.84275152200013], [96.19759152500006, 16.84282803000002], [96.19813253800015, 16.843308550000188], [96.19813347000007, 16.84330940100017], [96.19856775500006, 16.84370542800019], [96.1985858810001, 16.84372243300004], [96.19884460100019, 16.84396515200018], [96.19884468600014, 16.843965232000187], [96.19901059800014, 16.844121388000133], [96.19939948900009, 16.844525670000166], [96.1995569820001, 16.8446924000001], [96.1997383370001, 16.84488439200004], [96.19979218400016, 16.844941397000014], [96.19981026000005, 16.844960966000144], [96.20001794500013, 16.845185798000102], [96.200135886, 16.845312055000136], [96.20018867800013, 16.845368569000186], [96.20018952700008, 16.845369471000083], [96.20020129000011, 16.84538196800014], [96.20050386000008, 16.84570340900018], [96.20054268400008, 16.845744655000033], [96.20079982800007, 16.846020734999968], [96.200799394, 16.84602106400007], [96.2007851240001, 16.846031891], [96.20047094800003, 16.846270258000118], [96.2001258900001, 16.846532056000115], [96.19989049200012, 16.846710654000105], [96.1998534380001, 16.846738767000033], [96.19983679100005, 16.84674929400012], [96.19976967800011, 16.8467917320001], [96.19969105500007, 16.846841448000134], [96.19961304800012, 16.846890776000123], [96.19945144700011, 16.846973419000108], [96.19906044000004, 16.847204208000107], [96.19854386700018, 16.847537994], [96.19898541800006, 16.84764544100011], [96.19927787800009, 16.84788322500009], [96.19942665300005, 16.847994126000117], [96.19957008400007, 16.848101043000156], [96.2000518370001, 16.848082860000147], [96.20016786800016, 16.848166042000116], [96.20038795500017, 16.848323822], [96.20056232700006, 16.848471908000022], [96.2006283660001, 16.848554062000062], [96.20065389600006, 16.84869898400018], [96.20068270400014, 16.84886251500012], [96.20038223300008, 16.849231719999977], [96.20023918100014, 16.8494907380001], [96.20041792700016, 16.84984615900015], [96.20066261300019, 16.850221634000036], [96.2008724210001, 16.850519180000106], [96.20101389900009, 16.85072771700004], [96.20109240200009, 16.85084343000011], [96.20135211900003, 16.85116958600014], [96.20157671000004, 16.851382256000136], [96.20216812100006, 16.851720137000086], [96.20218887400006, 16.85173199200011], [96.20219164300005, 16.851733574000036], [96.20219131400006, 16.851734482000154], [96.20181240000016, 16.8527771200001], [96.20173452000012, 16.852991415000133], [96.20164979800006, 16.85314355600019], [96.20164973600004, 16.853143667000097], [96.201012929, 16.854287220000117], [96.20030543600018, 16.85494693300012], [96.20024304400016, 16.85500511100014], [96.19952730400013, 16.855284982000114], [96.19885663700012, 16.855547229000024], [96.19882763200013, 16.85555856999997], [96.19776790400005, 16.85537949200011], [96.19752057600016, 16.855337697000095], [96.1941309610001, 16.85476490500014], [96.19383755100017, 16.85472281500006], [96.19213208800016, 16.854478164000113], [96.19188007100018, 16.854468689000157], [96.19184839000013, 16.85446749700003], [96.19000291900016, 16.854398108000055], [96.18996242800006, 16.85439658600012], [96.18991252300015, 16.854394709000076], [96.18921172900002, 16.854439755000044]]]}}, {"type": "Feature", "properties": {"adm4_name": "Urban", "adm4_name1": null, "adm4_name2": null, "adm4_name3": null, "adm4_pcode": "MMR013012701", "adm3_name": "North Okkalapa", "adm3_name1": "မြောက်ဥက္ကလာပ", "adm3_name2": null, "adm3_name3": null, "adm3_pcode": "MMR013012", "adm2_name": "Yangon (East)", "adm2_name1": "ရန်ကုန်(အရှေ့ပိုင်း)", "adm2_name2": null, "adm2_name3": null, "adm2_pcode": "MMR013D002", "adm1_name": "Yangon", "adm1_name1": "ရန်ကုန်တိုင်းဒေသကြီး", "adm1_name2": null, "adm1_name3": null, "adm1_pcode": "MMR013", "adm0_name": "Myanmar", "adm0_name1": "မြန်မာနိုင်ငံ", "adm0_name2": null, "adm0_name3": null, "adm0_pcode": "MMR", "valid_on": "2024-02-15T00:00:00", "valid_to": null, "area_sqkm": 27.39382034, "version": "v01", "lang": "en", "lang1": "my", "lang2": null, "lang3": null, "adm4_ref_name": "Urban", "center_lat": 16.91598129, "center_lon": 96.15940276}, "geometry": {"type": "Polygon", "coordinates": [[[96.1770458220002, 16.961956406000127], [96.17678553200017, 16.962223426000037], [96.17663357700008, 16.961931035000077], [96.17662647900005, 16.961938899000188], [96.17661930100013, 16.961925086], [96.1764801990002, 16.96207918500005], [96.17647670800017, 16.962083053000015], [96.17617903900015, 16.961812125000165], [96.17610059300006, 16.961761244000115], [96.17600243900011, 16.96169758000019], [96.17579364800014, 16.961562157000117], [96.17575328900011, 16.961540856], [96.17575270800012, 16.961540550000166], [96.17551293600019, 16.961414003000073], [96.17549074200014, 16.961402289000034], [96.17548465800013, 16.961399078], [96.17510223400012, 16.961271286000112], [96.17467308100004, 16.961147944], [96.17432975800017, 16.96102278600017], [96.1736516950001, 16.960860252000032], [96.17318184700014, 16.96069706300011], [96.17313295900016, 16.960680083000113], [96.17312083400014, 16.96052884300002], [96.1731087080002, 16.96037760200005], [96.17320534700013, 16.96006479700003], [96.17328859200018, 16.959979515000043], [96.17354294800009, 16.959718931000168], [96.17365864400006, 16.959589219000122], [96.17383159400015, 16.959395318000134], [96.17397354200017, 16.95911958800008], [96.17415202800004, 16.958772886000133], [96.17421324500003, 16.958407492000106], [96.1742257780001, 16.957973707], [96.17423558799999, 16.957557361000056], [96.17427537000009, 16.95723556300004], [96.17433749500003, 16.956806410000183], [96.17443558700012, 16.956436384000085], [96.1745167860002, 16.956138837000083], [96.17464539600019, 16.95581172800013], [96.17499253400013, 16.95525382800014], [96.17507497600019, 16.955050588000177], [96.17514453400008, 16.954879108000057], [96.1749419890001, 16.954600561000177], [96.17492844500003, 16.95459562000019], [96.17492771200006, 16.954594612000108], [96.1748948070001, 16.95458260800018], [96.17440223700004, 16.954402924000078], [96.17425796000009, 16.954345911000075], [96.17393876300008, 16.954219777000105], [96.173497172, 16.954016595000155], [96.17319581000015, 16.953791528000124], [96.17288791000004, 16.953517051000063], [96.17271515800013, 16.953310875000057], [96.17261908800003, 16.953108136000026], [96.17257973700004, 16.95302509100003], [96.17256615100018, 16.95298897300006], [96.17246243500011, 16.952713240000037], [96.17241423700005, 16.95264417200002], [96.17220725900012, 16.952347573999987], [96.17205657300013, 16.9520630400001], [96.17201707000015, 16.95198844700002], [96.171958739, 16.95174975000009], [96.17194459000018, 16.951691854000103], [96.1718244270001, 16.951406706000114], [96.17159363700017, 16.951048124000124], [96.17130372100019, 16.95068763600017], [96.1712708930001, 16.950647906000086], [96.1708189810002, 16.950229924000098], [96.17072801500012, 16.950085651000165], [96.17069427300004, 16.950032136000118], [96.17061699300018, 16.949909570999978], [96.17012857200018, 16.94954691700019], [96.17011601300015, 16.949542243000167], [96.17011440900018, 16.949541052000143], [96.17011429600007, 16.94954096800012], [96.17001579700019, 16.949504314000137], [96.17001567400007, 16.949504268000112], [96.16992161300004, 16.949469265000175], [96.16988780600019, 16.949456684999973], [96.16933603300009, 16.94925135600016], [96.16930863100009, 16.94924624099997], [96.16859964400015, 16.949113879000038], [96.16839242000009, 16.949051092000104], [96.1682932720002, 16.949042456000086], [96.1682078500001, 16.949046952000117], [96.16795158400004, 16.949060440000153], [96.1676529680002, 16.949049028000104], [96.16740597500007, 16.948940285000106], [96.16738221200018, 16.948929823000128], [96.1673289060002, 16.948756387000117], [96.16728892500015, 16.948626311000055], [96.16730644500018, 16.94842664300006], [96.16731812500007, 16.948293531000047], [96.16739556300013, 16.948030699000128], [96.16755578100003, 16.94767021000007], [96.16770010300007, 16.94730654199998], [96.16784455300012, 16.94693397300017], [96.16813328400013, 16.94645713600005], [96.16821280900007, 16.946192749000147], [96.16824155800003, 16.946097168000108], [96.16814624100004, 16.945450056000027], [96.16798366199998, 16.944848605000118], [96.16769432400002, 16.94428657300017], [96.16783871500019, 16.943979144000025], [96.16783876699998, 16.94397903300012], [96.16823947800003, 16.943125865000013], [96.16843506500015, 16.94308407900013], [96.16885468500004, 16.94299443100016], [96.16896326700015, 16.942944342000033], [96.16928055900013, 16.94279797600018], [96.16928508, 16.942795890000184], [96.16956922800011, 16.94266481300008], [96.16996580200004, 16.942481875000055], [96.16985460600006, 16.941618916000152], [96.16983081300015, 16.94143427600011], [96.16982706400012, 16.94140517400001], [96.16981078700007, 16.94127885800009], [96.17012636600003, 16.940692115000104], [96.1701771130002, 16.940597761000106], [96.17025335300013, 16.94047751500011], [96.1706463210001, 16.93985771000007], [96.17098527000019, 16.939240503000065], [96.1710397440001, 16.93914131000014], [96.17121903500009, 16.938936079000086], [96.17146775300006, 16.938752974000124], [96.17192517000018, 16.938606489], [96.17216584300007, 16.938019026000177], [96.1723020120001, 16.937599708000107], [96.17236335900009, 16.937410793000026], [96.1723884000001, 16.93720440800007], [96.17241761200006, 16.93696362600008], [96.17226755200005, 16.936804470000027], [96.17210709700004, 16.936634291000075], [96.17209486000019, 16.93662926400009], [96.17209295000004, 16.936628480000024], [96.17209282000016, 16.936628342000063], [96.1717593460001, 16.936491359000172], [96.17139135100012, 16.936539514000174], [96.17121442600018, 16.936526777000097], [96.1710429220002, 16.93651443100009], [96.17083312600005, 16.93634992200009], [96.17085358600013, 16.93597625600006], [96.17090699200014, 16.935555494000084], [96.1710767470002, 16.93529437800015], [96.1713708200001, 16.934951903000126], [96.1713756370001, 16.934898316000044], [96.17164786600011, 16.934617722000098], [96.17179200200013, 16.934394110000085], [96.17195921300004, 16.934060641000144], [96.17196747800011, 16.93371986200009], [96.17199508200008, 16.933514213000024], [96.17200562500017, 16.933435667000083], [96.1720552160001, 16.932998885000018], [96.17205924200005, 16.932915597999965], [96.17205925500014, 16.93291534400015], [96.17207333700009, 16.93262409], [96.17202279100013, 16.932300795000174], [96.17170960500016, 16.931984175000082], [96.17135092700016, 16.931773413000087], [96.17134574800019, 16.931772809], [96.17133665100005, 16.93176746400019], [96.17117985700003, 16.931749201], [96.17099113500007, 16.93172721900015], [96.17079238900016, 16.931916426999976], [96.17070961000013, 16.93222141299998], [96.17059170100003, 16.93247587000019], [96.17039712200005, 16.932528454000078], [96.17029983200013, 16.93255474500006], [96.17027610400015, 16.932445403000088], [96.1702478360001, 16.93231512900013], [96.17024323500016, 16.932293928000036], [96.17032105400011, 16.931915892000063], [96.17015547900019, 16.931700594000176], [96.17000152200018, 16.931500402000097], [96.16999402400006, 16.931503267000096], [96.16982237300016, 16.931568874000106], [96.16939359800011, 16.931732752000187], [96.16909195900013, 16.9317179090001], [96.1690800250002, 16.93171207500012], [96.16907768200008, 16.93171196000003], [96.168775047, 16.931564038000033], [96.16877333900004, 16.931563203000053], [96.1687717440002, 16.931562424000106], [96.16865829300014, 16.93123801700017], [96.16864450400016, 16.931198587000097], [96.1686421670002, 16.931191904000173], [96.16863060000009, 16.931158829000026], [96.16848314000009, 16.930959213], [96.16845982900003, 16.930927657999973], [96.16843700400005, 16.93089676000011], [96.16832178300018, 16.930655037000065], [96.16805550600009, 16.93060452600008], [96.16767906500013, 16.93087617900005], [96.16731528100001, 16.93093270600002], [96.16715944800018, 16.930894726000076], [96.16704524700009, 16.930866892000097], [96.16704441500019, 16.93086628700013], [96.16704014400011, 16.930863179000085], [96.16703211100003, 16.9308612210001], [96.16703097000004, 16.930860943000084], [96.16696181700007, 16.930810632999965], [96.16694932300015, 16.930801543000143], [96.16680301400004, 16.930695100000094], [96.166657064, 16.93043590700006], [96.16665692900011, 16.93043566700004], [96.16661753000011, 16.930365698], [96.16640961200017, 16.93018182100019], [96.1663831210002, 16.930158393], [96.16577206300008, 16.93004769600003], [96.165387125, 16.930065382000066], [96.1650857640002, 16.930074745000013], [96.16495210400018, 16.93004080200012], [96.16491054300019, 16.930030247000047], [96.16468195100009, 16.92997219500006], [96.1641751320002, 16.929913056000032], [96.16406147800018, 16.929899795000097], [96.1639547640001, 16.929887343000132], [96.16369519400007, 16.929857055000127], [96.16349093600007, 16.929812901000048], [96.16336858400007, 16.929786452000087], [96.16286037100019, 16.929719883000132], [96.16246515900019, 16.92966811500014], [96.16231001000006, 16.929688494000118], [96.1620023980002, 16.929670289000114], [96.1619207780002, 16.92965363600007], [96.16152071800013, 16.929572014000087], [96.16110512800003, 16.9295580270001], [96.16101679700006, 16.92955393300008], [96.16077982400009, 16.92954294900005], [96.16062263100014, 16.92957249800014], [96.16049668300019, 16.92959617500003], [96.16017134400005, 16.929635956000027], [96.15988633100017, 16.92962669200017], [96.15961970200004, 16.929618644000016], [96.159207316, 16.92963813600005], [96.15882393900017, 16.92963813600005], [96.1584062290001, 16.929645765000032], [96.15808089000006, 16.929652305000047], [96.15802604300006, 16.929643634000172], [96.15767910500011, 16.929588787000114], [96.15764138200012, 16.929582822999976], [96.1576207390001, 16.929578072000027], [96.15760009600007, 16.929573321000078], [96.15756333900015, 16.929564860000028], [96.15741630900004, 16.92953101800009], [96.15724136000006, 16.929490750000127], [96.15681168600003, 16.929532596], [96.15680631500004, 16.92952744000013], [96.1568047450001, 16.929525933000093], [96.15680327800004, 16.929526076], [96.15679740900003, 16.92952664700016], [96.15679569000014, 16.92952499600011], [96.15679443300013, 16.929523791000065], [96.15660610900017, 16.929343018000168], [96.15660424600009, 16.9293412290001], [96.15673446700015, 16.92905044500003], [96.15701294000019, 16.928750992000175], [96.15707267500005, 16.92868835300004], [96.15719795200005, 16.928556987000036], [96.15736293800018, 16.928328515000146], [96.15756797800009, 16.927959443000134], [96.15780194700017, 16.927494685000056], [96.15809181800012, 16.927240893000032], [96.15810161100012, 16.927232318000108], [96.15812347500014, 16.927025882000066], [96.15813303200014, 16.92693564100017], [96.15813359300006, 16.926930340000183], [96.15805306900018, 16.926837340000134], [96.15801567300008, 16.92679415000009], [96.15799405200016, 16.926769177999972], [96.15783535300011, 16.926585892000105], [96.15758702300013, 16.926516760000084], [96.15757336600018, 16.926510984000117], [96.15746990600013, 16.926467226000057], [96.15740351800014, 16.926439149000146], [96.15732590700003, 16.92640632399997], [96.15711438300013, 16.926191653000103], [96.15706955900015, 16.926146162000123], [96.15703778400012, 16.92612832300017], [96.15690107100005, 16.92605157200012], [96.15684398100012, 16.926019521000057], [96.1567868910002, 16.925987470000166], [96.15665083300013, 16.92589022800007], [96.1566244550001, 16.92587137400011], [96.15657517500011, 16.92583615400008], [96.15656962700018, 16.925836444000083], [96.15615170900008, 16.925858269], [96.15608722900004, 16.925861636000036], [96.15605498900004, 16.92586332000019], [96.15573308000018, 16.925771941000164], [96.15573207500017, 16.925771445000123], [96.1557239820001, 16.925767462000067], [96.15571880400006, 16.925765992000095], [96.15544856700012, 16.92563297000015], [96.15542260000007, 16.925620188000153], [96.15522246000018, 16.925587908000125], [96.15509221100012, 16.92556690100008], [96.15472777100018, 16.925446873999988], [96.15471937500001, 16.92544286200001], [96.15471349500007, 16.925440925000146], [96.15462515200016, 16.925398712000117], [96.15461042700008, 16.925391677000164], [96.15460662900011, 16.925389862000088], [96.15442893300013, 16.925304957000094], [96.15420910900008, 16.925226756000086], [96.15418591400004, 16.9252185040001], [96.15409562100012, 16.925186384000142], [96.1539214390001, 16.925133291000066], [96.15377857800007, 16.92508974600014], [96.1536808800002, 16.925083297000015], [96.15343663300013, 16.925067175000095], [96.15316197400006, 16.92501758399999], [96.15315921500007, 16.925013715000148], [96.15297586000008, 16.92475665000012], [96.15297219200016, 16.92475150900009], [96.15296092400013, 16.92473463900012], [96.15283710400018, 16.924549277999972], [96.15283682200015, 16.92454885500007], [96.15277955000005, 16.92446311800012], [96.15276797400014, 16.924461212000153], [96.15238409400018, 16.924398012999973], [96.15208019000005, 16.924492532999977], [96.15166459500006, 16.92436243700007], [96.15151826200014, 16.924341442000014], [96.15137192800006, 16.92432044800006], [96.15106675200008, 16.924297560000127], [96.15100876900016, 16.92429701499998], [96.15077683500016, 16.924294835000183], [96.150421305, 16.92433952100015], [96.1501588540001, 16.924429802000077], [96.14987656600016, 16.924506277999967], [96.14959046400014, 16.924548058000084], [96.14948098000013, 16.92456825100004], [96.14925451800002, 16.924610019000113], [96.14914923100014, 16.924629438000068], [96.14914307700013, 16.924621991000038], [96.14913495400009, 16.92462348900017], [96.14763736700007, 16.92281150800011], [96.14740943900006, 16.922437668000043], [96.147368, 16.922369416000095], [96.14718246500013, 16.922063828000034], [96.146883011, 16.921632767000176], [96.14643287600018, 16.921041489000118], [96.1460533140002, 16.920522690000098], [96.14554023700009, 16.919740677000107], [96.14497184800007, 16.918863296999973], [96.14468321300006, 16.918423188000077], [96.14451027000007, 16.918159485000047], [96.1441402440002, 16.917608261000055], [96.14386177000006, 16.917152405000024], [96.14364051800004, 16.91682434100005], [96.14356979200005, 16.916726887000152], [96.14331245500017, 16.916372300000035], [96.14280128400009, 16.915590286000167], [96.14264342900009, 16.91531010900019], [96.14248242900004, 16.91502435100017], [96.14248085100013, 16.915021549000073], [96.14269978300013, 16.914584821], [96.142746924, 16.914479529], [96.14275880700018, 16.914452987000118], [96.14287175800001, 16.914220765000096], [96.14322325200015, 16.91349810700018], [96.1435856130002, 16.912753106000082], [96.14364383400016, 16.912633404000132], [96.14366817900014, 16.91258309400007], [96.14378989800014, 16.912331545000086], [96.14518497700004, 16.90944844200004], [96.14589265400008, 16.908027687000185], [96.14589804200017, 16.908017210000082], [96.14591026300019, 16.907991408999976], [96.14595107800011, 16.90791407500018], [96.14598238100012, 16.907853203000116], [96.14598268500015, 16.90785263000015], [96.14608575700015, 16.907658292000065], [96.14613738400004, 16.907552719000137], [96.14627933500014, 16.907230854000034], [96.14634103100013, 16.907051810000155], [96.14638005800003, 16.906938552000042], [96.14644887900016, 16.906708121000065], [96.14651107800006, 16.906499862000146], [96.1467018130001, 16.905838013000164], [96.14686012300007, 16.905340195], [96.14706993100003, 16.9046936040001], [96.14710697100008, 16.904589322000163], [96.1472707060002, 16.90412834300014], [96.14743995700007, 16.903461456000116], [96.14749209200005, 16.903293292000058], [96.14775276200015, 16.902452469000025], [96.14811134300004, 16.90125846899997], [96.148361206, 16.90038108800013], [96.14855194100011, 16.899780273999966], [96.14875030500014, 16.899112701000092], [96.14909172000006, 16.89807319700003], [96.14921786000019, 16.897743097999978], [96.14932251000016, 16.897298813000077], [96.14953041000012, 16.896612167000114], [96.14967889200017, 16.896136871000067], [96.14977073700004, 16.895842869999967], [96.14981770600008, 16.895687852000094], [96.15002250700007, 16.895011902000135], [96.15023231500004, 16.894292832000133], [96.1503815430001, 16.8937148120001], [96.15038231000011, 16.89371183900016], [96.15038299600013, 16.893709183000112], [96.15060997000012, 16.892961502000162], [96.15084266700006, 16.892206192000174], [96.15104670300008, 16.89152566700011], [96.15116119400005, 16.891143799000133], [96.15148162899999, 16.890172958000164], [96.1516799920002, 16.88944435100018], [96.15177059200005, 16.889089585000136], [96.15183544200005, 16.88869094800009], [96.15187263500002, 16.888154983999982], [96.15187072800012, 16.88778877300018], [96.15184974700009, 16.887372970000115], [96.1518421180001, 16.886962891000053], [96.15182113700001, 16.8864841460001], [96.15181160000003, 16.885993958000086], [96.15178108300012, 16.88558006300019], [96.15178382900012, 16.88519222200017], [96.15183285300014, 16.884890692000113], [96.15192506900013, 16.88452161500004], [96.1519527430001, 16.884410858000024], [96.15203291700016, 16.88409887100005], [96.15206064500012, 16.883990968999967], [96.15212059000004, 16.88361167900007], [96.1521816250002, 16.88324165299997], [96.15228271500001, 16.882778168000073], [96.15241486700012, 16.88230896000016], [96.15252113400015, 16.881673813000134], [96.15273094200006, 16.880567550000137], [96.15283966100009, 16.88004303000008], [96.15292930600015, 16.87956142400003], [96.15295219400008, 16.879093170000033], [96.15295219400008, 16.87869071900019], [96.15295219400008, 16.878173829000048], [96.1529407500002, 16.87769126900008], [96.15295219400008, 16.87725257900007], [96.15299034200007, 16.876819611000087], [96.15303993200007, 16.876363754000124], [96.15310096700006, 16.875890732000073], [96.15319061200012, 16.875400543000126], [96.15324974000004, 16.874929428000144], [96.1533107750002, 16.87448310900004], [96.1533527380002, 16.87400150300016], [96.15342674300018, 16.873688126000104], [96.15358416200019, 16.873458226000082], [96.15370178300003, 16.873020173000157], [96.15380363400004, 16.872668076000082], [96.1539795810001, 16.8723097620001], [96.15402317100018, 16.8722209930001], [96.15419987600012, 16.871924401000058], [96.154319763, 16.871723175000113], [96.1547393800002, 16.871072769000136], [96.1550703050001, 16.87053299000013], [96.15545005700011, 16.86996752400006], [96.15577049500013, 16.870127541999977], [96.15616226200012, 16.870323181000117], [96.15758883100011, 16.87107938100013], [96.15831947300018, 16.871591568000156], [96.15919303900017, 16.872203827000135], [96.16012382500008, 16.87288284400006], [96.16121678400003, 16.873753631000113], [96.16124512500016, 16.873777735000147], [96.16158790300005, 16.874069268000028], [96.1614564940001, 16.87522452100012], [96.161456219, 16.875226931000157], [96.16268402100019, 16.87688303500005], [96.16591041800007, 16.87891254300007], [96.16622466000013, 16.879110211000068], [96.166533577, 16.879558141000018], [96.16663871800012, 16.879667069000163], [96.16669948400016, 16.87979870700002], [96.16736680000014, 16.880766316000063], [96.16782267000019, 16.882219401000157], [96.16782365700016, 16.88222254600015], [96.16736680000014, 16.883564562000117], [96.16648164100013, 16.884135633000028], [96.1647969830002, 16.883821544000114], [96.16202606200017, 16.88262725200002], [96.1619778700001, 16.882615309000016], [96.16081265700006, 16.882485295000095], [96.16044779400016, 16.88244458400004], [96.15928074100015, 16.882635144000176], [96.15928019500012, 16.882635233000087], [96.15888330000001, 16.882927455000072], [96.15888239400016, 16.882928121000134], [96.15885125200003, 16.88295105000003], [96.15871508000015, 16.8829649380001], [96.15828677700017, 16.883564562000117], [96.15822979700005, 16.884647191000113], [96.15822967000014, 16.884649597000134], [96.16005709600017, 16.887533502999986], [96.16217005800019, 16.89033174900004], [96.16348352100005, 16.891930747], [96.16468276800009, 16.892616031000045], [96.16659585600013, 16.89307288800012], [96.16825196000019, 16.89347263700006], [96.16908857800013, 16.893781016000105], [96.16945600600013, 16.894117824999967], [96.16950981800017, 16.89439425200004], [96.16953022500013, 16.894499075000056], [96.16949867800014, 16.895080933000088], [96.16949866300001, 16.895081221000112], [96.16948537500019, 16.895326320000038], [96.16942639000018, 16.895495676000053], [96.16919853800016, 16.896149892000153], [96.16918574900006, 16.89616351900014], [96.1678591880002, 16.897577111000032], [96.1678507760002, 16.897596291000184], [96.167242117, 16.898425724000163], [96.16707091300009, 16.899586102000058], [96.16707079600013, 16.899586901000077], [96.16743247300013, 16.90082422], [96.16840329400009, 16.901699861999987], [96.16996422000011, 16.902442254000164], [96.17168049800017, 16.902598424000075], [96.17242643900016, 16.902749381000035], [96.17444715700003, 16.90313110300019], [96.17444735200013, 16.903131360000145], [96.17456010600006, 16.90328059600006], [96.17498874800015, 16.90384792000009], [96.1751338520001, 16.90428987200005], [96.1751342980001, 16.904291233000095], [96.1752446820002, 16.905149369000014], [96.17551971500012, 16.90825419000015], [96.17533656000018, 16.91026031000007], [96.1753112190001, 16.910801321000122], [96.17529098000011, 16.911233396000114], [96.17530690199999, 16.911429505000058], [96.17530686700007, 16.91143464100014], [96.17529192800004, 16.913608861000114], [96.17597721400006, 16.91716853400004], [96.17597727300017, 16.9171686950001], [96.17597797400009, 16.91717234200013], [96.17693551400009, 16.919761245000018], [96.17700590200008, 16.919951552000043], [96.17795768600013, 16.92139826400006], [96.17887139900017, 16.92240715600002], [96.18000292900018, 16.922981120000088], [96.18018486200003, 16.923073405000025], [96.1820693950001, 16.923168583000063], [96.18452499900002, 16.922540406000053], [96.18627628200011, 16.92174090700007], [96.18797045800011, 16.91997058800007], [96.18869381400009, 16.918542911000145], [96.18960752700013, 16.917495948000123], [96.19097438200015, 16.917145900000094], [96.19158269000019, 16.91713718400007], [96.19158520000008, 16.91713714800011], [96.19158730100014, 16.917137118000085], [96.19159060800013, 16.91713707000008], [96.19187899600018, 16.917132938000066], [96.19304044800003, 16.91711629600013], [96.19321908800003, 16.917202230000157], [96.19474716400003, 16.918028948000142], [96.19529837800013, 16.919055347999972], [96.19526036500014, 16.920537851000176], [96.19507000900018, 16.922098778000077], [96.19510808000001, 16.923050562000128], [96.19510884100004, 16.923054369], [96.19592737600016, 16.92467240300016], [96.19708855300001, 16.92629043600016], [96.19727456000004, 16.926637026000094], [96.197275203, 16.926636750000057], [96.19750116900008, 16.927057797000145], [96.1975018240002, 16.927059016000157], [96.19759529800012, 16.92932252300011], [96.19759522500004, 16.92932270100016], [96.19759527700006, 16.929323955000086], [96.19676916700007, 16.931345238000063], [96.19629327500013, 16.932225639000023], [96.19617453100005, 16.93284310400003], [96.19617449100008, 16.93284331000001], [96.19617430100004, 16.932844298000134], [96.19643604200013, 16.933534343000076], [96.19705470200017, 16.93386746700014], [96.19838720000013, 16.933986440000126], [96.19991005600014, 16.933891261000156], [96.20159947200017, 16.93372470000014], [96.20264643500019, 16.93377228800017], [96.20331744400016, 16.933908513000176], [96.20452620999998, 16.93435585100002], [96.20584919000004, 16.93537426], [96.20680097400009, 16.93612617000008], [96.20770828400003, 16.93635299800019], [96.2082476860001, 16.93648784900006], [96.2095040420001, 16.93648784900006], [96.21091264000012, 16.936449983000102], [96.21292811600011, 16.937241567000058], [96.21304468000017, 16.937287347000108], [96.21346434900016, 16.93811022699998], [96.21346536900006, 16.938112227000147], [96.21331308400016, 16.93917822500009], [96.21261828100012, 16.940329885000153], [96.21218137400012, 16.94077503500006], [96.21211383500014, 16.940843848000156], [96.21056242600014, 16.943565952000142], [96.21021986300008, 16.944279625000092], [96.21021978400017, 16.944279790000053], [96.2103625520001, 16.94489845000004], [96.21075278300015, 16.945431449000182], [96.21139047900016, 16.945716985], [96.2118118050002, 16.94575385000013], [96.21215190599997, 16.945783609000046], [96.21294188800016, 16.945393378000176], [96.21319996600005, 16.945295881000163], [96.21379849400017, 16.945069771000135], [96.21386454500004, 16.94501437200006], [96.21390828400018, 16.945045516000164], [96.214035917, 16.945136396], [96.21375890200011, 16.94544674400015], [96.21375656100014, 16.94578933700012], [96.21351127600019, 16.94614219700003], [96.21309947900016, 16.94639015200005], [96.21281051600016, 16.946521759000177], [96.21253395100007, 16.946651459000066], [96.21227264400005, 16.94679069500006], [96.2119436270001, 16.946999549999987], [96.21168136600016, 16.947200775000056], [96.21137237500005, 16.9473981860001], [96.21124597700009, 16.947463928000047], [96.21124544200012, 16.947464180000054], [96.2103048530002, 16.94790596200005], [96.21013069100019, 16.947961807000127], [96.2097034460001, 16.948070527000084], [96.20937156700006, 16.948172569000178], [96.2090616230002, 16.948302269000067], [96.20878028800007, 16.948469162000094], [96.20847988100019, 16.94865036000016], [96.20818265300011, 16.948784510000053], [96.2076616290002, 16.948942185000078], [96.20734214800012, 16.949090958], [96.20694923400009, 16.94927215600012], [96.20658302300012, 16.94942092900004], [96.20621299700002, 16.94956207300004], [96.20583343600015, 16.94971084600013], [96.20538902300007, 16.949913025000114], [96.20493888900012, 16.95010376000016], [96.20415973700017, 16.950450897], [96.20322799700017, 16.95078277600004], [96.20269203200013, 16.950952530000052], [96.20221138000016, 16.951122284000064], [96.20182228100003, 16.95127201100007], [96.20147387200007, 16.95146115600005], [96.20112991400003, 16.95171260900014], [96.20069980600016, 16.952092171000118], [96.20008087200006, 16.952538808000043], [96.19960784900013, 16.95270061499997], [96.19915199300004, 16.952810287000034], [96.19873237600007, 16.95288086000005], [96.19835281400009, 16.952920914], [96.19795417800015, 16.952951431000145], [96.19766330700014, 16.952982901999974], [96.19734001200015, 16.953081131000033], [96.19696235700007, 16.95320129400011], [96.19656054200016, 16.953313828000034], [96.19621181500014, 16.95337963100002], [96.19594383300017, 16.953390122000087], [96.19566154500006, 16.953390122000087], [96.1953849790001, 16.953382492], [96.1950206750002, 16.953401565999968], [96.19471359300019, 16.95346069300018], [96.19440174100015, 16.953540802000134], [96.19402885400007, 16.953681946000074], [96.19362163500006, 16.953851700000087], [96.19327640500012, 16.954061508000052], [96.19272740700012, 16.954258601000106], [96.19225502000006, 16.954309464000175], [96.19222831600013, 16.95430804300014], [96.19175338800011, 16.954282761000172], [96.19147205400009, 16.95427131700012], [96.19119262700019, 16.954293569000185], [96.19087028500013, 16.954402924000078], [96.19052124000012, 16.954541206000158], [96.19016609200003, 16.954748916000085], [96.18979072600007, 16.95506350200003], [96.1894226080002, 16.955492020000122], [96.1891832350002, 16.95584106500013], [96.18899917600015, 16.956212997000023], [96.18867073100006, 16.956927872000108], [96.188453675, 16.95719782500015], [96.18809890700015, 16.957401275999985], [96.18740272500014, 16.95767021200004], [96.18581072500018, 16.958299637000152], [96.18531354200019, 16.958398819000024], [96.1847229010001, 16.958452224999974], [96.18413734400019, 16.958482742000115], [96.18364143400004, 16.95850181600008], [96.18319193600013, 16.958582560000025], [96.18291091900005, 16.958691596000165], [96.182543183, 16.958884430000126], [96.182220078, 16.959175492000043], [96.18181228700013, 16.959789276000038], [96.18152809200012, 16.960190773000136], [96.18122100800014, 16.96051120800007], [96.18067131000015, 16.96097145100009], [96.18026161200015, 16.96140098600017], [96.17982368500009, 16.96186943100014], [96.17940584800004, 16.96210733999999], [96.17893219000013, 16.962177913000062], [96.17825126600007, 16.9620914460001], [96.17761586500018, 16.96196607100012], [96.17744572900017, 16.961932500000103], [96.1770458220002, 16.961956406000127]]]}}, {"type": "Feature", "properties": {"adm4_name": "Urban", "adm4_name1": null, "adm4_name2": null, "adm4_name3": null, "adm4_pcode": "MMR013013701", "adm3_name": "Thaketa", "adm3_name1": "သာကေတ", "adm3_name2": null, "adm3_name3": null, "adm3_pcode": "MMR013013", "adm2_name": "Yangon (East)", "adm2_name1": "ရန်ကုန်(အရှေ့ပိုင်း)", "adm2_name2": null, "adm2_name3": null, "adm2_pcode": "MMR013D002", "adm1_name": "Yangon", "adm1_name1": "ရန်ကုန်တိုင်းဒေသကြီး", "adm1_name2": null, "adm1_name3": null, "adm1_pcode": "MMR013", "adm0_name": "Myanmar", "adm0_name1": "မြန်မာနိုင်ငံ", "adm0_name2": null, "adm0_name3": null, "adm0_pcode": "MMR", "valid_on": "2024-02-15T00:00:00", "valid_to": null, "area_sqkm": 13.13242402, "version": "v01", "lang": "en", "lang1": "my", "lang2": null, "lang3": null, "adm4_ref_name": "Urban", "center_lat": 16.79600134, "center_lon": 96.21187724}, "geometry": {"type": "Polygon", "coordinates": [[[96.23049070500008, 16.811193467000123], [96.22976305100008, 16.81188201900011], [96.22883703200011, 16.812662125000145], [96.22779705200003, 16.81356239300004], [96.2256107520002, 16.81497192400002], [96.22419139900006, 16.815910637000172], [96.22419067600009, 16.81591111600011], [96.22381116900004, 16.816162109], [96.222271621, 16.817115148000084], [96.2208041520002, 16.817842970000072], [96.22080340700006, 16.817843341000014], [96.22073466800015, 16.817840440000055], [96.22024352600016, 16.81781971500004], [96.2202436680002, 16.817819319000023], [96.2202428120001, 16.817815774000167], [96.22024266900019, 16.817815184000096], [96.22023718800017, 16.81779247300011], [96.22019435700008, 16.817615024000077], [96.220036591, 16.81696140300005], [96.21965573600005, 16.816334626000184], [96.21952903300013, 16.81612611000014], [96.21941577200005, 16.81602428000008], [96.21921656800009, 16.81584518300008], [96.2192151910001, 16.815843945000154], [96.21904913800012, 16.81569465200016], [96.21904868500019, 16.81569424500003], [96.21892004800009, 16.815630345999978], [96.21891968700015, 16.81563016700005], [96.21859576700018, 16.81546926600015], [96.21834085800015, 16.81538830200003], [96.21833964800004, 16.81538791800017], [96.2180196340002, 16.815286275], [96.21795651400015, 16.815266454000096], [96.21754606100018, 16.815137564000054], [96.21698112900015, 16.814999718000024], [96.21622217500004, 16.81485845500015], [96.21613256100011, 16.814839162000055], [96.21512823500012, 16.8146229460001], [96.21512794400002, 16.814622890000123], [96.21451754300006, 16.81450489800011], [96.21451592900013, 16.814504410999973], [96.21410093000014, 16.81437898900009], [96.21402463200008, 16.81434534400006], [96.21373399900006, 16.814217185000018], [96.21371234300005, 16.814207635000116], [96.21371220500004, 16.814207575000125], [96.21369345400018, 16.81419930600009], [96.21332302700017, 16.813965953000036], [96.21320429500014, 16.81388239400013], [96.21319943500009, 16.8138789730001], [96.2127820980001, 16.813585268000054], [96.21271701900014, 16.81353136200005], [96.21271663800019, 16.813531046000037], [96.21264130800017, 16.813468648000025], [96.21252574800019, 16.81337292700016], [96.21252515400016, 16.813372436000066], [96.21244612400017, 16.813306973000067], [96.2122131710002, 16.813108091000117], [96.21213530400007, 16.81304161100013], [96.21212227200004, 16.813030486000173], [96.21200146200016, 16.81292734500005], [96.21195368100001, 16.81288655200018], [96.21195360500019, 16.81288648700007], [96.21135866000009, 16.812013464000017], [96.21126082800015, 16.81185341200012], [96.21111441400012, 16.81161388000004], [96.21111381000009, 16.81161289100004], [96.21106930100007, 16.81154007500004], [96.21097154900013, 16.811344697000038], [96.21096989500018, 16.811341390000052], [96.21069505500014, 16.81079206300012], [96.21064041400018, 16.810674548000122], [96.20996278900014, 16.809217201000024], [96.2095050980002, 16.80867539900015], [96.2093515740001, 16.808541269999978], [96.20929252100012, 16.808489679000047], [96.20927100500012, 16.80847088100012], [96.20893306800014, 16.808175638000137], [96.20864905900015, 16.80801240300019], [96.20864200400018, 16.8080083480001], [96.208348823, 16.80783984200002], [96.20773798500011, 16.80775560799998], [96.20753839500009, 16.807752328000106], [96.2075360840002, 16.807752289000177], [96.20746728000017, 16.807751157999974], [96.20735251200011, 16.807749272000024], [96.20731126900012, 16.807748594000145], [96.20704175300006, 16.80783878800014], [96.20703936700005, 16.807839587000103], [96.20665074100003, 16.807969643000035], [96.20639363500004, 16.80813741700007], [96.20639279300019, 16.808137967000107], [96.20615891500017, 16.808290583000144], [96.20584306500018, 16.80871341], [96.20563608300012, 16.80902670500012], [96.20550826099998, 16.809223870000153], [96.2055038420001, 16.809230685000102], [96.20536901100019, 16.80943866200016], [96.20531035200003, 16.80953578200001], [96.20531028700015, 16.809535890000063], [96.20514241500013, 16.80981383000011], [96.20513021400006, 16.80983403], [96.2050877170002, 16.809904391999964], [96.20501406400007, 16.81009458699998], [96.20489313100006, 16.81040687500007], [96.20473326400008, 16.810881205000044], [96.2047316190002, 16.81088608800019], [96.20463316700005, 16.811178197000118], [96.2045540920002, 16.81139605300001], [96.20455401599997, 16.81139626200013], [96.2043246290001, 16.812028232000046], [96.20413692800014, 16.81267330600008], [96.20413531999998, 16.81267883000004], [96.20409844400012, 16.81280556200005], [96.2039473160001, 16.81332494300011], [96.20375213800008, 16.81394380500018], [96.20346164900013, 16.81477411000003], [96.20340324199998, 16.814941055000077], [96.20340247300004, 16.814943254000184], [96.20335982700004, 16.815065148000144], [96.2031574560001, 16.815729075000093], [96.20315742600008, 16.815729141000077], [96.20286977700016, 16.816344164999975], [96.20286793200012, 16.816348108000057], [96.20286698000001, 16.816350145000115], [96.20285242200009, 16.816381270000136], [96.20285225400005, 16.816381442000136], [96.20233366800016, 16.816911015000187], [96.20225555200005, 16.816947106000043], [96.20199354000005, 16.817068160000133], [96.20199301500008, 16.81706840200013], [96.20168273600012, 16.817114204], [96.2015818230002, 16.81712910100009], [96.20117397400008, 16.817025785000055], [96.20116922900019, 16.81702348300007], [96.20102979100017, 16.81695582500015], [96.20102735500012, 16.81695464300003], [96.20078051300015, 16.816834871000083], [96.20053361500015, 16.816694763000044], [96.20044487799998, 16.81664440800006], [96.20043887400004, 16.816641000000118], [96.20036443800012, 16.816598759999977], [96.20000476100012, 16.81628277400017], [96.19996059200008, 16.81624397000013], [96.19996036800006, 16.8162437740001], [96.1999520600001, 16.816232819], [96.19995122800003, 16.8162317230001], [96.19991376000013, 16.81618231900012], [96.19987174400018, 16.816126920000045], [96.19984420300011, 16.816090604000067], [96.19967423100007, 16.815866486000175], [96.1996592270001, 16.815846703000034], [96.19955842800005, 16.815534399000114], [96.19952089500003, 16.81541810900012], [96.19942344700013, 16.815116188000104], [96.19942311900013, 16.815115173000095], [96.19901405600012, 16.813847778000138], [96.19886187600014, 16.813329911000153], [96.19877056700011, 16.81303886600017], [96.19876942100018, 16.813035214000024], [96.19862465600005, 16.812573782000015], [96.19822087900013, 16.811691159000134], [96.19821713300013, 16.81168297000005], [96.19820978500007, 16.81166690800012], [96.1980299330001, 16.811273767000046], [96.19793679100007, 16.811178924000103], [96.19793521399998, 16.811177319000024], [96.19792883200017, 16.811170820000143], [96.19778253900006, 16.811021857000128], [96.197540366, 16.810775264000085], [96.19753087600014, 16.810765600000025], [96.1972008800002, 16.81057927100011], [96.1971882160002, 16.81057212000013], [96.19685555, 16.810384284000065], [96.19619340200012, 16.81007778700001], [96.19593951700017, 16.809960268000168], [96.19593189500006, 16.80995674000002], [96.19542424900015, 16.809905058000027], [96.1954237110001, 16.809905003000097], [96.19518405000008, 16.809880604000114], [96.19410901900005, 16.809930652], [96.19403142900006, 16.809942895000063], [96.19280188500011, 16.81013690700013], [96.19222309200006, 16.810228236000114], [96.19219751600008, 16.81023008000011], [96.19219751900016, 16.810230006000097], [96.19219755600011, 16.810229337000123], [96.19223690200016, 16.809518883000123], [96.19224515900004, 16.809369792000155], [96.19224487800011, 16.80936980300004], [96.19224738600013, 16.809324265000043], [96.1922473940001, 16.809324095000022], [96.19224740600015, 16.809322899999984], [96.19225791800011, 16.808304808000116], [96.19225849000014, 16.808298264000143], [96.19226365300017, 16.808239268000023], [96.19226845100019, 16.808184441000037], [96.1922899770002, 16.807938514000057], [96.1922922440001, 16.80791260300009], [96.19236830900007, 16.807749805000128], [96.19237746300013, 16.807730213000127], [96.19238857099998, 16.807706438000025], [96.19240660500009, 16.807665269999973], [96.19241717700004, 16.807641134000107], [96.19256722000011, 16.807298598000045], [96.19256782500008, 16.80729795500008], [96.19277323400013, 16.807079870000052], [96.19279319300006, 16.80705868100017], [96.19323253200008, 16.806592232000185], [96.1932466990001, 16.806577191000088], [96.1933131360002, 16.806510765000098], [96.193548313, 16.806275626000115], [96.19379850800004, 16.806025475000126], [96.1939486240002, 16.805875383000114], [96.19470310200012, 16.80511273700006], [96.19470428, 16.805111524000097], [96.19478442200005, 16.80502897100007], [96.19494150900005, 16.804867156000114], [96.19497792400011, 16.804829644], [96.19504267700006, 16.804756743000098], [96.19520040700013, 16.804579166000053], [96.19554910400012, 16.80418659100019], [96.19567044900009, 16.804049976000158], [96.19584777200015, 16.803850339000064], [96.1959921990001, 16.80364299200005], [96.19605550500017, 16.803552104000175], [96.19644360100011, 16.802994926999986], [96.19644872900005, 16.80298202600011], [96.19655385300018, 16.802717497000117], [96.19657369900006, 16.80266756000003], [96.19661193500019, 16.802571345000104], [96.19670683100009, 16.802332555000078], [96.1967193640001, 16.80230101900014], [96.19678603100004, 16.80213326400002], [96.19678838200014, 16.802121002000092], [96.19684859000017, 16.801806933000137], [96.19685449100001, 16.801776148000158], [96.196885602, 16.80161385700012], [96.19689047000008, 16.8015610060001], [96.19695402399998, 16.800870999000153], [96.19696333000007, 16.800593575999983], [96.19697710400015, 16.800182976000144], [96.19697746500009, 16.800172198000155], [96.19684041600004, 16.79960764400016], [96.1967995490001, 16.799439297000163], [96.19676899700005, 16.799313443000017], [96.19668327900007, 16.79896033600005], [96.19668300400014, 16.79895920400014], [96.19666270600004, 16.79891430000015], [96.19652810900004, 16.798616541000115], [96.19650305000016, 16.798561104000044], [96.19643969500015, 16.798420949000104], [96.19636976500004, 16.798285610000164], [96.19635193100004, 16.798251096000172], [96.19619383300005, 16.797945127000162], [96.1958171510002, 16.797216125000034], [96.19563102800015, 16.796851493000077], [96.19500517700016, 16.795625392000147], [96.19488323000007, 16.79537794200013], [96.19483964500012, 16.795289503000163], [96.19446729200013, 16.79453394400008], [96.19410496799998, 16.79379873500011], [96.19358091500004, 16.792789773000095], [96.1929492610002, 16.79157364800011], [96.19224485000012, 16.790221998], [96.19218122000018, 16.79009990300011], [96.19217305800004, 16.79008424000017], [96.19204474900016, 16.789838038000028], [96.19203055500003, 16.789810297000145], [96.1918843810002, 16.78952461500012], [96.191659942, 16.78908597200018], [96.19144546800004, 16.788666804000115], [96.19144184200007, 16.788659718000076], [96.19137525600007, 16.788513587000125], [96.1913528390001, 16.78846439100016], [96.191304613, 16.78835855300008], [96.19098429600007, 16.78778260600012], [96.1908244230001, 16.787446550000027], [96.19074843800007, 16.78728682700006], [96.1907466720001, 16.787283525000134], [96.19025035100003, 16.78635580400004], [96.18990111900007, 16.785703019000096], [96.18978989800019, 16.78547781800006], [96.18919209000012, 16.784267375000184], [96.18917568300009, 16.784234153000114], [96.18910610900019, 16.78403445900011], [96.18910328600003, 16.78402635900011], [96.18903089000008, 16.78381856500016], [96.18896788100011, 16.783547328], [96.1889665760001, 16.7835417120001], [96.18889356300019, 16.783227415000113], [96.18890058200014, 16.783040715000084], [96.18890184300017, 16.783007175000023], [96.1889087620001, 16.782823111000027], [96.188923869, 16.782715471000188], [96.18892447200017, 16.78271117200012], [96.18896348000004, 16.782433219000097], [96.18896695000012, 16.782408497], [96.18896717400014, 16.78240689900008], [96.18897467900013, 16.782353431000104], [96.18897883300014, 16.782340785000088], [96.18911805500011, 16.78191686600013], [96.18916094500008, 16.781786274000126], [96.18919872300006, 16.781708655000045], [96.18919959800019, 16.781706859000053], [96.1892273320002, 16.781649878000053], [96.1894046770002, 16.78128552100003], [96.18941073100018, 16.78127862500014], [96.18953627200017, 16.781135577000043], [96.18973185400017, 16.78091272400019], [96.18983637800011, 16.78079362500017], [96.18986958000005, 16.78075687200004], [96.18989308800019, 16.7807308510001], [96.1900691670001, 16.780535942000085], [96.19008651500013, 16.780516739000177], [96.19014927000006, 16.78044727400004], [96.19102187400017, 16.779986614999984], [96.1912024510001, 16.779891286], [96.19138262000018, 16.779796172000147], [96.19182988600005, 16.779560055000047], [96.19228958600007, 16.779317373000083], [96.19319131400005, 16.77883518900012], [96.19368298900014, 16.778572275000045], [96.19368856300008, 16.77856929400008], [96.19429133200015, 16.77825345800005], [96.19476562100004, 16.778004941000177], [96.19491232700011, 16.777928072000122], [96.19492484400013, 16.777921513000024], [96.19493837100009, 16.777914173000113], [96.19566672300016, 16.77751896], [96.19586070100007, 16.777413704000026], [96.196295094, 16.777177996000034], [96.19649226800016, 16.777068656000097], [96.19675539100018, 16.77692274499998], [96.19691170400006, 16.77683606400018], [96.19707477800006, 16.776745633000075], [96.19758040700003, 16.776465243000132], [96.19759360800015, 16.776457923000066], [96.19760732700013, 16.776450315000147], [96.19773268700004, 16.776380798], [96.1984201950001, 16.776008407000177], [96.19842218100007, 16.776007331000073], [96.19878136300014, 16.775812778999978], [96.19880412900005, 16.77580044900003], [96.19880862200017, 16.77579801500019], [96.19891669000003, 16.775739480000027], [96.19929653300011, 16.775533738000092], [96.2001509850001, 16.775076064000075], [96.200208954, 16.775049865000085], [96.20027832200009, 16.77501851500017], [96.20061229400017, 16.774867585000095], [96.20082452600013, 16.774795320000067], [96.201119232, 16.774776459000066], [96.20148793400017, 16.774902232000045], [96.20207277900016, 16.774164623000047], [96.20238625500014, 16.77391349900006], [96.20255362000006, 16.774452854000174], [96.20256177700008, 16.77444941400006], [96.20260248500011, 16.77461032800005], [96.20290382900015, 16.775801487000138], [96.20301592400011, 16.775942685000075], [96.20308493100003, 16.77616506800007], [96.20488089100013, 16.778869109000084], [96.20585461800016, 16.78089538100005], [96.206782916, 16.78184208700003], [96.20804248800016, 16.782644708000134], [96.20858017600005, 16.78298733100013], [96.210272, 16.78406539000008], [96.21149940200019, 16.785291657000187], [96.21349091400015, 16.78642176400018], [96.21855475500013, 16.788300519000074], [96.21965409700016, 16.78946755600009], [96.2200990020001, 16.789700299000117], [96.22096918400018, 16.79015551700013], [96.22169055799998, 16.790795494], [96.22236086200002, 16.79139016500011], [96.22387105500019, 16.79238680800006], [96.22478195200017, 16.792722356000127], [96.22537476800017, 16.792940732999966], [96.22598006700008, 16.793978010000103], [96.22630126300004, 16.794528432000163], [96.22731735400015, 16.79542947800013], [96.22762146300016, 16.795569721000106], [96.22937263200004, 16.79637729], [96.23113805700018, 16.79761194200006], [96.23132354400013, 16.797780631000023], [96.2370735610001, 16.803009937000184], [96.23707644400008, 16.803011354000034], [96.23614789599998, 16.804396924000116], [96.23614659100014, 16.804398961000174], [96.23614754900007, 16.804430501000127], [96.23615656400017, 16.804726926000058], [96.2357393900001, 16.80548032200005], [96.23395093300002, 16.80760129300012], [96.232419967, 16.809194565000155], [96.23222414600008, 16.809409776999985], [96.2322189630001, 16.809415141000102], [96.23221462900005, 16.809409776999985], [96.23049070500008, 16.811193467000123]]]}}, {"type": "Feature", "properties": {"adm4_name": "Urban", "adm4_name1": null, "adm4_name2": null, "adm4_name3": null, "adm4_pcode": "MMR013014701", "adm3_name": "Dawbon", "adm3_name1": "ဒေါပုံ", "adm3_name2": null, "adm3_name3": null, "adm3_pcode": "MMR013014", "adm2_name": "Yangon (East)", "adm2_name1": "ရန်ကုန်(အရှေ့ပိုင်း)", "adm2_name2": null, "adm2_name3": null, "adm2_pcode": "MMR013D002", "adm1_name": "Yangon", "adm1_name1": "ရန်ကုန်တိုင်းဒေသကြီး", "adm1_name2": null, "adm1_name3": null, "adm1_pcode": "MMR013", "adm0_name": "Myanmar", "adm0_name1": "မြန်မာနိုင်ငံ", "adm0_name2": null, "adm0_name3": null, "adm0_pcode": "MMR", "valid_on": "2024-02-15T00:00:00", "valid_to": null, "area_sqkm": 3.25774292, "version": "v01", "lang": "en", "lang1": "my", "lang2": null, "lang3": null, "adm4_ref_name": "Urban", "center_lat": 16.79077459, "center_lon": 96.19083645}, "geometry": {"type": "Polygon", "coordinates": [[[96.18705230600017, 16.776470239000048], [96.19212327600019, 16.773948001000065], [96.19410968200003, 16.772894061999978], [96.1944575170001, 16.77270950999997], [96.19650687300003, 16.77158889200018], [96.19796460500004, 16.77111564800009], [96.19956457900008, 16.770596227], [96.20140477800004, 16.77159050100005], [96.20190057600018, 16.772348343000033], [96.20238625500014, 16.77391349900006], [96.20207277900016, 16.774164623000047], [96.20148793400017, 16.774902232000045], [96.201119232, 16.774776459000066], [96.20082452600013, 16.774795320000067], [96.20061229400017, 16.774867585000095], [96.20027832200009, 16.77501851500017], [96.200208954, 16.775049865000085], [96.2001509850001, 16.775076064000075], [96.19929653300011, 16.775533738000092], [96.19891669000003, 16.775739480000027], [96.19880862200017, 16.77579801500019], [96.19880412900005, 16.77580044900003], [96.19878136300014, 16.775812778999978], [96.19842218100007, 16.776007331000073], [96.1984201950001, 16.776008407000177], [96.19773268700004, 16.776380798], [96.19760732700013, 16.776450315000147], [96.19759360800015, 16.776457923000066], [96.19758040700003, 16.776465243000132], [96.19707477800006, 16.776745633000075], [96.19691170400006, 16.77683606400018], [96.19675539100018, 16.77692274499998], [96.19649226800016, 16.777068656000097], [96.196295094, 16.777177996000034], [96.19586070100007, 16.777413704000026], [96.19566672300016, 16.77751896], [96.19493837100009, 16.777914173000113], [96.19492484400013, 16.777921513000024], [96.19491232700011, 16.777928072000122], [96.19476562100004, 16.778004941000177], [96.19429133200015, 16.77825345800005], [96.19368856300008, 16.77856929400008], [96.19368298900014, 16.778572275000045], [96.19319131400005, 16.77883518900012], [96.19228958600007, 16.779317373000083], [96.19182988600005, 16.779560055000047], [96.19138262000018, 16.779796172000147], [96.1912024510001, 16.779891286], [96.19102187400017, 16.779986614999984], [96.19014927000006, 16.78044727400004], [96.19008651500013, 16.780516739000177], [96.1900691670001, 16.780535942000085], [96.18989308800019, 16.7807308510001], [96.18986958000005, 16.78075687200004], [96.18983637800011, 16.78079362500017], [96.18973185400017, 16.78091272400019], [96.18953627200017, 16.781135577000043], [96.18941073100018, 16.78127862500014], [96.1894046770002, 16.78128552100003], [96.1892273320002, 16.781649878000053], [96.18919959800019, 16.781706859000053], [96.18919872300006, 16.781708655000045], [96.18916094500008, 16.781786274000126], [96.18911805500011, 16.78191686600013], [96.18897883300014, 16.782340785000088], [96.18897467900013, 16.782353431000104], [96.18896717400014, 16.78240689900008], [96.18896695000012, 16.782408497], [96.18896348000004, 16.782433219000097], [96.18892447200017, 16.78271117200012], [96.188923869, 16.782715471000188], [96.1889087620001, 16.782823111000027], [96.18890184300017, 16.783007175000023], [96.18890058200014, 16.783040715000084], [96.18889356300019, 16.783227415000113], [96.1889665760001, 16.7835417120001], [96.18896788100011, 16.783547328], [96.18903089000008, 16.78381856500016], [96.18910328600003, 16.78402635900011], [96.18910610900019, 16.78403445900011], [96.18917568300009, 16.784234153000114], [96.18919209000012, 16.784267375000184], [96.18978989800019, 16.78547781800006], [96.18990111900007, 16.785703019000096], [96.19025035100003, 16.78635580400004], [96.1907466720001, 16.787283525000134], [96.19074843800007, 16.78728682700006], [96.1908244230001, 16.787446550000027], [96.19098429600007, 16.78778260600012], [96.191304613, 16.78835855300008], [96.1913528390001, 16.78846439100016], [96.19137525600007, 16.788513587000125], [96.19144184200007, 16.788659718000076], [96.19144546800004, 16.788666804000115], [96.191659942, 16.78908597200018], [96.1918843810002, 16.78952461500012], [96.19203055500003, 16.789810297000145], [96.19204474900016, 16.789838038000028], [96.19217305800004, 16.79008424000017], [96.19218122000018, 16.79009990300011], [96.19224485000012, 16.790221998], [96.1929492610002, 16.79157364800011], [96.19358091500004, 16.792789773000095], [96.19410496799998, 16.79379873500011], [96.19446729200013, 16.79453394400008], [96.19483964500012, 16.795289503000163], [96.19488323000007, 16.79537794200013], [96.19500517700016, 16.795625392000147], [96.19563102800015, 16.796851493000077], [96.1958171510002, 16.797216125000034], [96.19619383300005, 16.797945127000162], [96.19635193100004, 16.798251096000172], [96.19636976500004, 16.798285610000164], [96.19643969500015, 16.798420949000104], [96.19650305000016, 16.798561104000044], [96.19652810900004, 16.798616541000115], [96.19666270600004, 16.79891430000015], [96.19668300400014, 16.79895920400014], [96.19668327900007, 16.79896033600005], [96.19676899700005, 16.799313443000017], [96.1967995490001, 16.799439297000163], [96.19684041600004, 16.79960764400016], [96.19697746500009, 16.800172198000155], [96.19697710400015, 16.800182976000144], [96.19696333000007, 16.800593575999983], [96.19695402399998, 16.800870999000153], [96.19689047000008, 16.8015610060001], [96.196885602, 16.80161385700012], [96.19685449100001, 16.801776148000158], [96.19684859000017, 16.801806933000137], [96.19678838200014, 16.802121002000092], [96.19678603100004, 16.80213326400002], [96.1967193640001, 16.80230101900014], [96.19670683100009, 16.802332555000078], [96.19661193500019, 16.802571345000104], [96.19657369900006, 16.80266756000003], [96.19655385300018, 16.802717497000117], [96.19644872900005, 16.80298202600011], [96.19644360100011, 16.802994926999986], [96.19605550500017, 16.803552104000175], [96.1959921990001, 16.80364299200005], [96.19584777200015, 16.803850339000064], [96.19567044900009, 16.804049976000158], [96.19554910400012, 16.80418659100019], [96.19520040700013, 16.804579166000053], [96.19504267700006, 16.804756743000098], [96.19497792400011, 16.804829644], [96.19494150900005, 16.804867156000114], [96.19478442200005, 16.80502897100007], [96.19470428, 16.805111524000097], [96.19470310200012, 16.80511273700006], [96.1939486240002, 16.805875383000114], [96.19379850800004, 16.806025475000126], [96.193548313, 16.806275626000115], [96.1933131360002, 16.806510765000098], [96.1932466990001, 16.806577191000088], [96.19323253200008, 16.806592232000185], [96.19279319300006, 16.80705868100017], [96.19277323400013, 16.807079870000052], [96.19256782500008, 16.80729795500008], [96.19256722000011, 16.807298598000045], [96.19241717700004, 16.807641134000107], [96.19240660500009, 16.807665269999973], [96.19238857099998, 16.807706438000025], [96.19237746300013, 16.807730213000127], [96.19236830900007, 16.807749805000128], [96.1922922440001, 16.80791260300009], [96.1922899770002, 16.807938514000057], [96.19226845100019, 16.808184441000037], [96.19226365300017, 16.808239268000023], [96.19225849000014, 16.808298264000143], [96.19225791800011, 16.808304808000116], [96.19224740600015, 16.809322899999984], [96.1922473940001, 16.809324095000022], [96.19224738600013, 16.809324265000043], [96.19224487800011, 16.80936980300004], [96.19224515900004, 16.809369792000155], [96.19223690200016, 16.809518883000123], [96.19219755600011, 16.810229337000123], [96.19219751900016, 16.810230006000097], [96.19219751600008, 16.81023008000011], [96.19219739900018, 16.8102321880001], [96.19219739300019, 16.810232291000034], [96.19178918100016, 16.810259079000105], [96.19164431200016, 16.81027484200007], [96.19164407900001, 16.81027486800008], [96.19106086500011, 16.81033832800017], [96.18975595300014, 16.810330938999982], [96.18861169000007, 16.810205378000035], [96.1886114130001, 16.81020534700008], [96.18842070800008, 16.810151740000038], [96.18781332700019, 16.8099810060001], [96.18775445199998, 16.80996445600016], [96.18775300200008, 16.809964048000097], [96.18771634500013, 16.809953744000154], [96.18769770400007, 16.809945752000033], [96.18673024700007, 16.809526759999983], [96.18672700800005, 16.809525357000155], [96.18672680400005, 16.809525266000037], [96.18672655500012, 16.809525154000028], [96.186414023, 16.809385603000123], [96.18597639700005, 16.808999433000167], [96.1857694740001, 16.808816840000077], [96.185681865, 16.80857988600019], [96.18549844400019, 16.808083787000044], [96.18541506400004, 16.807760266], [96.18541481000005, 16.80775928000014], [96.1852812420002, 16.807229957000118], [96.18539672200012, 16.806540188000156], [96.18543450900017, 16.806314478000104], [96.18556240300006, 16.80611226600007], [96.18579640600018, 16.80574228400002], [96.18579652400018, 16.805742098], [96.186375435, 16.80517705799997], [96.18639826200007, 16.80515477900019], [96.18650615299998, 16.805049472000064], [96.18650827900018, 16.805047396000077], [96.18650912400017, 16.80504892600004], [96.18691995900014, 16.80579335599998], [96.18835631300016, 16.80535685700005], [96.19061843200018, 16.803867695000122], [96.19192880900016, 16.80149439200011], [96.19171547100007, 16.799948164000057], [96.19154722200011, 16.799556824000035], [96.19128031500014, 16.79893601300006], [96.19127655000011, 16.798929215000044], [96.19107246400006, 16.79854393000005], [96.19094276400017, 16.798273087000098], [96.19080352800006, 16.79801368700015], [96.1906518940001, 16.797692299], [96.19055938700018, 16.797418595000124], [96.19045257600015, 16.797042847000114], [96.19040548700008, 16.79690120600003], [96.19025724600016, 16.796556405], [96.1901377850001, 16.796278544000188], [96.19016817500011, 16.79545817500008], [96.19017109700019, 16.795379297000125], [96.19016965200018, 16.795361200000173], [96.19016838100015, 16.79490089400008], [96.19014167800015, 16.794473649000167], [96.19009971600008, 16.794160843000043], [96.19007873500004, 16.79383659400014], [96.1900691990001, 16.793363571000157], [96.19006824600012, 16.79278183000008], [96.19002723700004, 16.79249382000006], [96.18998473000016, 16.792259125999976], [96.189956349, 16.79212825500008], [96.18947329100018, 16.79132719100005], [96.1873853250001, 16.787864675000094], [96.18566865900016, 16.78683134100004], [96.18083085100011, 16.78550243500007], [96.17904949700016, 16.784281435000082], [96.17814505900009, 16.783214894000025], [96.1778448870001, 16.782414800000083], [96.17803213100018, 16.781200918000025], [96.17858807300018, 16.78009310700014], [96.18034366500012, 16.77884269800012], [96.18289363100007, 16.777891007000164], [96.18313345400009, 16.777601487000027], [96.18392700300012, 16.777321480000012], [96.18458374300013, 16.77742291600009], [96.18705230600017, 16.776470239000048]]]}}, {"type": "Feature", "properties": {"adm4_name": "Urban", "adm4_name1": null, "adm4_name2": null, "adm4_name3": null, "adm4_pcode": "MMR013015701", "adm3_name": "Tamwe", "adm3_name1": "တာမွေ", "adm3_name2": null, "adm3_name3": null, "adm3_pcode": "MMR013015", "adm2_name": "Yangon (East)", "adm2_name1": "ရန်ကုန်(အရှေ့ပိုင်း)", "adm2_name2": null, "adm2_name3": null, "adm2_pcode": "MMR013D002", "adm1_name": "Yangon", "adm1_name1": "ရန်ကုန်တိုင်းဒေသကြီး", "adm1_name2": null, "adm1_name3": null, "adm1_pcode": "MMR013", "adm0_name": "Myanmar", "adm0_name1": "မြန်မာနိုင်ငံ", "adm0_name2": null, "adm0_name3": null, "adm0_pcode": "MMR", "valid_on": "2024-02-15T00:00:00", "valid_to": null, "area_sqkm": 4.76373259, "version": "v01", "lang": "en", "lang1": "my", "lang2": null, "lang3": null, "adm4_ref_name": "Urban", "center_lat": 16.80945538, "center_lon": 96.17881381}, "geometry": {"type": "Polygon", "coordinates": [[[96.175985336, 16.824193954000123], [96.1757877390001, 16.82441805800005], [96.17529871000005, 16.824567586000114], [96.17517064200013, 16.824639692000062], [96.1750891710002, 16.8246538570001], [96.17501055500009, 16.824668859999974], [96.17472839400011, 16.824790955000083], [96.17427063000008, 16.824986776000173], [96.17427464700012, 16.825008737000132], [96.1743396760001, 16.82536430300007], [96.17386817900007, 16.825469971000132], [96.17327499400011, 16.825574875000086], [96.17281913800008, 16.82575607300015], [96.17250555500016, 16.82591204800019], [96.17245292700005, 16.82593822500013], [96.17235851300006, 16.825968088000025], [96.17203865100004, 16.82606925900012], [96.17179985100017, 16.826310348999982], [96.17133712800018, 16.82625794400019], [96.17136931700009, 16.82612397200012], [96.17156219500004, 16.825321198000154], [96.17167282100013, 16.824928284000123], [96.17177848800009, 16.82459182700012], [96.1718042660001, 16.824249096000074], [96.17188057800018, 16.82397294600014], [96.17184183300009, 16.824021076000065], [96.17155793500007, 16.82437374200009], [96.1712546890002, 16.824750443000084], [96.17104134400006, 16.824818369000184], [96.17067918499998, 16.824933675000125], [96.17049885699998, 16.824991088], [96.1702210700002, 16.82502302100005], [96.17000483600009, 16.82504787900018], [96.16957288600003, 16.825097534000122], [96.1693248270002, 16.825077730999965], [96.16866817700009, 16.82502531000017], [96.16806960600019, 16.824914263000153], [96.16774484600012, 16.82478628900003], [96.16755086800009, 16.82470985100008], [96.1675199840002, 16.824697681000146], [96.16690141200019, 16.82419321300017], [96.16679934700016, 16.824109976000102], [96.16679720900015, 16.82410823200013], [96.16673154200015, 16.824090065000178], [96.16668563300016, 16.824062188000084], [96.16654629099997, 16.823977577000107], [96.16647321400006, 16.823649455000123], [96.16646118200015, 16.82359542900008], [96.16630190100005, 16.82328917800004], [96.16622543300008, 16.82299900100014], [96.1661224360002, 16.82244110100015], [96.16610145600004, 16.82201099399998], [96.16612625100004, 16.821702957000184], [96.16620159200016, 16.821143150000125], [96.16637039200009, 16.820392609000123], [96.16650199900005, 16.819749832000127], [96.16663169900016, 16.819131851000066], [96.16683197000009, 16.818078994000075], [96.16693511400013, 16.817378264000183], [96.16737365800014, 16.81680870100007], [96.16798019400005, 16.81606102000012], [96.16875267000006, 16.81506156900008], [96.16916618400012, 16.814550399999973], [96.16956520100001, 16.814031601000124], [96.1699924470002, 16.813489914000172], [96.17016029300004, 16.813280106000036], [96.17049217200008, 16.81286811800004], [96.17073059100017, 16.81249427800003], [96.17087936400014, 16.81221103700011], [96.17097282500015, 16.81196594200003], [96.17097749900017, 16.81192210600011], [96.17114060700015, 16.811449614000082], [96.1711411760001, 16.811447968000152], [96.17114454400007, 16.81141434900013], [96.17115619500004, 16.81129801999998], [96.17116355900009, 16.81122450400011], [96.17116363200006, 16.811223774999974], [96.17116464200012, 16.811133390000066], [96.17116644600009, 16.810971946], [96.17116365200002, 16.81083697100013], [96.17116313200017, 16.810811837000188], [96.1711524970001, 16.810698017], [96.17114424500011, 16.810609695000153], [96.1711250100002, 16.810407111000075], [96.17110685100005, 16.81024323500003], [96.17109885600019, 16.810171094], [96.17106570400011, 16.809928600000035], [96.17106073100013, 16.809892224], [96.17105785400014, 16.809861058000138], [96.17104599100014, 16.80973255500004], [96.17103952200006, 16.809662488000015], [96.17103745600008, 16.80958134499997], [96.1710772510001, 16.80932903300004], [96.17116165200002, 16.80900955200019], [96.17132568300019, 16.808553695000057], [96.17160034200009, 16.807918549000078], [96.17189216600008, 16.807222366000133], [96.17206351000004, 16.806829452000102], [96.1721420290001, 16.806570054000133], [96.17226041200018, 16.806270218], [96.17218462700004, 16.805975384000135], [96.17218780500014, 16.80568275500019], [96.17215538000005, 16.805306298], [96.17206732500011, 16.804912250000086], [96.17198994800003, 16.804818325000042], [96.1719836630001, 16.804802202000076], [96.17195303300008, 16.80472362300003], [96.171952583, 16.804723270000125], [96.17182159200013, 16.804620605000025], [96.17182128400009, 16.80462048100003], [96.17178042700016, 16.804604047999987], [96.17138061500015, 16.804400634000046], [96.17112414100006, 16.80407524100002], [96.17102241500015, 16.80369949300001], [96.17099843700015, 16.803386415999967], [96.17089881900006, 16.803048325000134], [96.17080232500007, 16.80298149900011], [96.17058181700014, 16.802828789000102], [96.1702218740001, 16.802644730000054], [96.17013906600016, 16.802557483000044], [96.16998291000004, 16.80239296000019], [96.16961791300014, 16.80205171800003], [96.16908455000015, 16.801782608000167], [96.16874261400011, 16.801584244000082], [96.16851997400016, 16.80120277400016], [96.16837120100018, 16.800931930000104], [96.16816711400008, 16.800586700000167], [96.16790253800002, 16.80013084400008], [96.16781356100006, 16.799896067000134], [96.16800356100015, 16.799822110000093], [96.16823158300019, 16.799733353000136], [96.16838133200002, 16.79955033600004], [96.16844576000005, 16.79947159500017], [96.16824150100013, 16.799184799000045], [96.16810702400011, 16.79890487900019], [96.16810950500019, 16.798829689000172], [96.16816128400012, 16.798679700000093], [96.1681929500001, 16.79858797200012], [96.16825992200012, 16.798601841000163], [96.16862331800019, 16.79867709800004], [96.16885791800001, 16.798844813000187], [96.168925285, 16.798892975000058], [96.16910579400013, 16.799059263000174], [96.16913108900019, 16.799082565000106], [96.1692152980001, 16.799077542000134], [96.16955799000004, 16.79905709900015], [96.16956411100011, 16.799056734000033], [96.16993488000014, 16.798979846000066], [96.1699268340002, 16.798693467000078], [96.16955439200012, 16.798649470999976], [96.1693719230002, 16.7984167730001], [96.16937862700007, 16.798079230000155], [96.16896837400014, 16.798076108999965], [96.16899783600007, 16.79785647300008], [96.16900762000017, 16.797783533000086], [96.16933111700018, 16.797702963], [96.16973075800013, 16.79772377000006], [96.17000389100008, 16.797679901000038], [96.1698528980001, 16.797326489000113], [96.16979916900004, 16.797200732000135], [96.17009782800011, 16.796889782000164], [96.1704090120001, 16.797076797999978], [96.17045801000012, 16.797054998000135], [96.17068915000004, 16.796952161000092], [96.1707553870001, 16.796879369000067], [96.17101192500019, 16.796597480000116], [96.17117222900015, 16.796305396000093], [96.17118108600005, 16.79621944300004], [96.17121106900015, 16.79592843500012], [96.17103522000008, 16.795575876000157], [96.17101249700005, 16.795530319000022], [96.17063574300016, 16.79579942800018], [96.17015753900017, 16.79590691400017], [96.16989835100009, 16.796106339000062], [96.16971588200016, 16.796340943000132], [96.16966300100012, 16.79641832900012], [96.1696410130001, 16.796442690000106], [96.16960407400012, 16.796487262000085], [96.16950207200006, 16.7966103440001], [96.16932487400015, 16.796735417000093], [96.16905657400014, 16.79672877000013], [96.16887050200017, 16.79643525], [96.1689122520001, 16.796099027000025], [96.16922840300003, 16.795989880000093], [96.16924358100005, 16.795990815000096], [96.16925427400014, 16.79598094800008], [96.16932903700001, 16.795955138000068], [96.16940585700019, 16.795839146000105], [96.16953429100016, 16.79569510600004], [96.1695313730001, 16.795649623000145], [96.16958512200017, 16.795568466000077], [96.16952351500015, 16.795527095000125], [96.16940960000005, 16.79545059600008], [96.1692540300001, 16.79534612400016], [96.16881794400012, 16.79535865800011], [96.16853280500004, 16.795224797000117], [96.16855875600015, 16.794836681], [96.16900754400018, 16.794618299000035], [96.16904008200004, 16.79461610100003], [96.16907213600018, 16.794613936000133], [96.16939081500016, 16.794669287000033], [96.16950657100017, 16.794675729000176], [96.16972084100013, 16.794687652], [96.16995220200016, 16.794441020000022], [96.16999117500012, 16.79439947400016], [96.16980094899998, 16.79417915300013], [96.16973589700012, 16.79397745800003], [96.16972368400008, 16.793939591000026], [96.1697226930001, 16.793651309000154], [96.16972435000014, 16.793638872000088], [96.16974626900009, 16.79347430100006], [96.16975678300008, 16.793395361000137], [96.16987235700003, 16.793047245000082], [96.17010893200018, 16.793104229], [96.17041302400008, 16.79317747700003], [96.17057894100009, 16.793217443000117], [96.17058377400019, 16.79322924300004], [96.17061513800013, 16.793322116000184], [96.17067921500018, 16.7935118580001], [96.1707728230001, 16.793723160000127], [96.17077760300015, 16.793733951999968], [96.1707822140001, 16.79374436100005], [96.17078324800019, 16.79374666900003], [96.17079819999998, 16.793780048000087], [96.17081066000014, 16.79380786200005], [96.17082601300007, 16.793842137000127], [96.17085254700015, 16.79390137000013], [96.1708541270001, 16.793904897000175], [96.17086115900014, 16.79391315400005], [96.17088473800004, 16.79394084200004], [96.17100344900018, 16.79408024300011], [96.17101342100011, 16.79408724400008], [96.17110417900017, 16.794150959000092], [96.17117742900018, 16.794202384000187], [96.17121608300005, 16.794229521000034], [96.1713361690002, 16.79429762400008], [96.17140687500017, 16.794337723000126], [96.1714842720001, 16.79438161500019], [96.17156051600017, 16.794412923000095], [96.17183358700015, 16.794525053000143], [96.17186843700017, 16.79453936300007], [96.17187122800016, 16.794540510000104], [96.1718748470002, 16.794541995000145], [96.17190135600015, 16.79455288100013], [96.17190286800007, 16.7945535020001], [96.17191862600015, 16.794562349000046], [96.17202066500016, 16.794619635000174], [96.17205288700018, 16.794637725000086], [96.17208684000002, 16.794656787000065], [96.17208795100004, 16.794657822000033], [96.17210253400009, 16.794671413000174], [96.17230171900013, 16.79485705000019], [96.17231513299998, 16.794869552000137], [96.17248986700008, 16.794641743000057], [96.17273003800017, 16.794328620000158], [96.17384820500018, 16.792870810000124], [96.17394770599998, 16.792741086000092], [96.17395273300014, 16.792734533000157], [96.17401394200016, 16.792654730000038], [96.17402749500013, 16.792637061000107], [96.1740318000002, 16.79263144900017], [96.17403189900011, 16.79263155600006], [96.17439331800011, 16.79302393400002], [96.17449759000004, 16.793137138000134], [96.17553379700007, 16.79426210800017], [96.1757125850001, 16.794466019000083], [96.17571764400009, 16.794472599000073], [96.17582989200014, 16.794618605000096], [96.17596626300013, 16.794795990000125], [96.17608623500013, 16.794959581000057], [96.17622331500007, 16.795146502000136], [96.17709350600006, 16.794780731000174], [96.17795169000016, 16.794471400000077], [96.1784534460001, 16.794290543000102], [96.17962256000004, 16.793886827000108], [96.17975698200013, 16.793840408000108], [96.17981834200009, 16.794094266000116], [96.17990253700003, 16.794442592000166], [96.17996501500005, 16.79470108000004], [96.1799755090002, 16.794744491000188], [96.18004989600007, 16.795068741000023], [96.18025779800018, 16.796155930000168], [96.18031120300009, 16.79642868000019], [96.18081821100014, 16.798702760000026], [96.180798628, 16.79902035900011], [96.18125343300005, 16.801048719000107], [96.18167087000006, 16.80276680000003], [96.1820041110002, 16.804083688000105], [96.18206269400014, 16.80444472200014], [96.18212127700014, 16.804805756000178], [96.18223635400011, 16.805401060000065], [96.18231685300015, 16.806440059000124], [96.18238415900004, 16.806599826000138], [96.18241251400013, 16.806667131999973], [96.18246922300011, 16.806801744000097], [96.18260383600017, 16.80712127700002], [96.18292075000011, 16.808511734000035], [96.18337821900019, 16.80862007200011], [96.18378067100008, 16.808626174999972], [96.1843496960002, 16.80862426800013], [96.18473701500017, 16.80874748200017], [96.18492597200009, 16.808701614000086], [96.18502616900014, 16.808677292000027], [96.1850538020002, 16.80867318700018], [96.18567800400012, 16.80858046000003], [96.185681865, 16.80857988600019], [96.1857694740001, 16.808816840000077], [96.18597639700005, 16.808999433000167], [96.186414023, 16.809385603000123], [96.18672655500012, 16.809525154000028], [96.18672680400005, 16.809525266000037], [96.18672700800005, 16.809525357000155], [96.18673024700007, 16.809526759999983], [96.18769770400007, 16.809945752000033], [96.18771634500013, 16.809953744000154], [96.18771580800018, 16.809953593000046], [96.18759155300012, 16.81073951800016], [96.18747596800006, 16.811138534000122], [96.18726768500011, 16.81130676300012], [96.18670845000014, 16.811395645000175], [96.18668616900015, 16.811419641000043], [96.18652992200009, 16.81158790600017], [96.1865825650001, 16.81186103900012], [96.18659562000005, 16.811926188000086], [96.18653612600008, 16.812146501000143], [96.18648243000007, 16.812375112000097], [96.18620856800015, 16.81246752100003], [96.18620835900003, 16.81246759100003], [96.186107005, 16.81243214400007], [96.1858792640001, 16.812352496000017], [96.18586158800008, 16.81234169000004], [96.18551673900004, 16.812095261000138], [96.18541104900015, 16.81206785800009], [96.18527162400011, 16.812031710000156], [96.18520602600017, 16.811998043000074], [96.185205285, 16.811997663000056], [96.18520423100011, 16.81199907000007], [96.18507172300014, 16.81217590300008], [96.18505961000011, 16.81219206800006], [96.18512137200008, 16.812307915000133], [96.1852083230001, 16.812471011000127], [96.18520170200014, 16.812567304000027], [96.18524169900019, 16.81269645700013], [96.18507367900014, 16.81306058700011], [96.18512408000015, 16.81338988400006], [96.18535652200018, 16.81375160200014], [96.18546960100002, 16.814114489000076], [96.18549047200008, 16.814181464], [96.18549465900014, 16.81421322000017], [96.1855539840002, 16.81466310700017], [96.18537407000002, 16.81499061600016], [96.18509101900014, 16.815180672999986], [96.18465614300004, 16.815610886000172], [96.18425178500019, 16.816059748000157], [96.18401409300003, 16.816348757000185], [96.18388366700009, 16.8165073400001], [96.18381314800001, 16.816588102000026], [96.18372764700013, 16.816686023000045], [96.18361053500007, 16.816820145000122], [96.18347740200016, 16.817216873000064], [96.18341827400002, 16.817498207000085], [96.1833006540001, 16.817754746000105], [96.18310165500003, 16.818117142000062], [96.1829916640001, 16.81839180000003], [96.18285179100013, 16.81879806500018], [96.18270333600003, 16.81915855400007], [96.18240280100014, 16.81941757200019], [96.18238682200013, 16.819742627000153], [96.18244067000018, 16.819865268000115], [96.1825202940002, 16.820046616000184], [96.18248780600015, 16.82046159100014], [96.18234686400001, 16.820782921000102], [96.18220841200014, 16.820933983000145], [96.18204477100016, 16.821112526000093], [96.18156444300007, 16.821414387000118], [96.1804668420001, 16.821662521], [96.18018722500011, 16.82165813400013], [96.17967160500012, 16.821715037000104], [96.17927322300017, 16.821797562000086], [96.17890310000018, 16.82178786000003], [96.17870807700012, 16.82178274800009], [96.17827415500011, 16.82182121300019], [96.17786407500012, 16.821879387000024], [96.17721557600004, 16.822063446000072], [96.1768550880002, 16.822202683000114], [96.17660713200013, 16.822301865000156], [96.17625656100017, 16.822480011000152], [96.17616653400006, 16.822806676000084], [96.17630729700011, 16.823176956], [96.17628746000014, 16.823482132000038], [96.1763404850002, 16.823731613000177], [96.17619133000017, 16.823950290000028], [96.175985336, 16.824193954000123]]]}}, {"type": "Feature", "properties": {"adm4_name": "Urban", "adm4_name1": null, "adm4_name2": null, "adm4_name3": null, "adm4_pcode": "MMR013016701", "adm3_name": "Pazundaung", "adm3_name1": "ပုဇွန်တောင်", "adm3_name2": null, "adm3_name3": null, "adm3_pcode": "MMR013016", "adm2_name": "Yangon (East)", "adm2_name1": "ရန်ကုန်(အရှေ့ပိုင်း)", "adm2_name2": null, "adm2_name3": null, "adm2_pcode": "MMR013D002", "adm1_name": "Yangon", "adm1_name1": "ရန်ကုန်တိုင်းဒေသကြီး", "adm1_name2": null, "adm1_name3": null, "adm1_pcode": "MMR013", "adm0_name": "Myanmar", "adm0_name1": "မြန်မာနိုင်ငံ", "adm0_name2": null, "adm0_name3": null, "adm0_pcode": "MMR", "valid_on": "2024-02-15T00:00:00", "valid_to": null, "area_sqkm": 1.10779903, "version": "v01", "lang": "en", "lang1": "my", "lang2": null, "lang3": null, "adm4_ref_name": "Urban", "center_lat": 16.77798594, "center_lon": 96.17457491}, "geometry": {"type": "Polygon", "coordinates": [[[96.17827841700012, 16.778653738000116], [96.177723185, 16.77932862800003], [96.17686307700006, 16.78037410100012], [96.17686165800006, 16.780414794000023], [96.17683822000004, 16.781087065000122], [96.17677544600019, 16.78288756000012], [96.17688168400008, 16.783084949000056], [96.17657899300019, 16.783155408000084], [96.17655563300002, 16.783160845999987], [96.17619885300019, 16.78313530300011], [96.17603767700018, 16.783123764000152], [96.17600059500012, 16.783121109000035], [96.1759401560002, 16.78311324300006], [96.17564280900018, 16.78307453900004], [96.1750920610001, 16.783002854000074], [96.17476129600016, 16.782969191000063], [96.17467975600016, 16.782960892000176], [96.17453340300005, 16.78295517300012], [96.17425170300004, 16.78294416600005], [96.17380332900007, 16.782850266000082], [96.1723508840002, 16.782589913000095], [96.17215244000016, 16.782525809000163], [96.17211175100005, 16.782512666], [96.17199588000017, 16.78247523500005], [96.17182363800009, 16.78241959500008], [96.17167186800015, 16.7823705670001], [96.17155841300013, 16.7823216810001], [96.17148904900006, 16.78229179400006], [96.17117968100001, 16.78215849300011], [96.17082328800012, 16.78200492900004], [96.17044671500014, 16.781982035000112], [96.16995143899999, 16.781839371], [96.16747908200017, 16.78070380500003], [96.16748237600007, 16.780208588000164], [96.16746388900009, 16.77931580100011], [96.16744110900015, 16.77899117900006], [96.1678733830002, 16.778959273999988], [96.16852378900018, 16.778921128000036], [96.16934013300005, 16.77889061000019], [96.17014980400018, 16.77885150900005], [96.17008018500019, 16.77692985500005], [96.1700645030001, 16.776542451000125], [96.16999149300011, 16.774741173000166], [96.16994897500018, 16.773990402000095], [96.17063813800007, 16.773962873000073], [96.17257744400013, 16.773885405000044], [96.17276756700016, 16.77387781100009], [96.17298843200001, 16.773868988000174], [96.17299059800001, 16.77386890100007], [96.17361549200007, 16.77384393900013], [96.17438468000012, 16.773815809000155], [96.17509046700013, 16.77378999800004], [96.17563602200005, 16.773770047000085], [96.1792766120002, 16.773636907000082], [96.18013190099998, 16.773614416999976], [96.18033380700018, 16.773672029000124], [96.18034503300004, 16.77367523200013], [96.18045645400014, 16.773736095000118], [96.18100306900016, 16.774186686000178], [96.18208885200016, 16.773702622000087], [96.1828594210001, 16.773372651000045], [96.18338394200003, 16.7731628410001], [96.18343510500011, 16.77314131500009], [96.18410474600017, 16.772859574000165], [96.1844215390002, 16.773540497000113], [96.18470954900005, 16.774087905999977], [96.18499088500005, 16.774641067], [96.18506685900013, 16.774790446000054], [96.18480682400019, 16.77499294300003], [96.184532166, 16.775156975000073], [96.18401908900012, 16.77539825500014], [96.18325615000015, 16.775722503000168], [96.18304616600017, 16.77582428600016], [96.18281936700015, 16.775934219000078], [96.18244870500018, 16.77608871500007], [96.18233968700008, 16.776099948000024], [96.18217722600019, 16.776116689000105], [96.18174552900012, 16.776317597], [96.18134880000008, 16.776536941000018], [96.18052482600007, 16.77699661300005], [96.17992973300017, 16.777338029000077], [96.17959785400012, 16.777511597000057], [96.17934354100015, 16.77761904400012], [96.17915344300002, 16.777849198000183], [96.17890928800017, 16.77812267700017], [96.17887077300009, 16.778165818000105], [96.17883235000005, 16.77818744299998], [96.17827841700012, 16.778653738000116]]]}}, {"type": "Feature", "properties": {"adm4_name": "Urban", "adm4_name1": null, "adm4_name2": null, "adm4_name3": null, "adm4_pcode": "MMR013017701", "adm3_name": "Botahtaung", "adm3_name1": "ဗိုလ်တထောင်", "adm3_name2": null, "adm3_name3": null, "adm3_pcode": "MMR013017", "adm2_name": "Yangon (East)", "adm2_name1": "ရန်ကုန်(အရှေ့ပိုင်း)", "adm2_name2": null, "adm2_name3": null, "adm2_pcode": "MMR013D002", "adm1_name": "Yangon", "adm1_name1": "ရန်ကုန်တိုင်းဒေသကြီး", "adm1_name2": null, "adm1_name3": null, "adm1_pcode": "MMR013", "adm0_name": "Myanmar", "adm0_name1": "မြန်မာနိုင်ငံ", "adm0_name2": null, "adm0_name3": null, "adm0_pcode": "MMR", "valid_on": "2024-02-15T00:00:00", "valid_to": null, "area_sqkm": 3.06425391, "version": "v01", "lang": "en", "lang1": "my", "lang2": null, "lang3": null, "adm4_ref_name": "Urban", "center_lat": 16.77308675, "center_lon": 96.17399623}, "geometry": {"type": "Polygon", "coordinates": [[[96.18499088500005, 16.774641067], [96.18470954900005, 16.774087905999977], [96.1844215390002, 16.773540497000113], [96.18410474600017, 16.772859574000165], [96.18343510500011, 16.77314131500009], [96.18338394200003, 16.7731628410001], [96.1828594210001, 16.773372651000045], [96.18208885200016, 16.773702622000087], [96.18100306900016, 16.774186686000178], [96.18045645400014, 16.773736095000118], [96.18034503300004, 16.77367523200013], [96.18033380700018, 16.773672029000124], [96.18013190099998, 16.773614416999976], [96.1792766120002, 16.773636907000082], [96.17563602200005, 16.773770047000085], [96.17509046700013, 16.77378999800004], [96.17438468000012, 16.773815809000155], [96.17361549200007, 16.77384393900013], [96.17299059800001, 16.77386890100007], [96.17298843200001, 16.773868988000174], [96.17276756700016, 16.77387781100009], [96.17257744400013, 16.773885405000044], [96.17063813800007, 16.773962873000073], [96.16994897500018, 16.773990402000095], [96.16999149300011, 16.774741173000166], [96.1700645030001, 16.776542451000125], [96.17008018500019, 16.77692985500005], [96.17014980400018, 16.77885150900005], [96.16934013300005, 16.77889061000019], [96.16852378900018, 16.778921128000036], [96.1678733830002, 16.778959273999988], [96.16744110900015, 16.77899117900006], [96.16746388900009, 16.77931580100011], [96.16748237600007, 16.780208588000164], [96.16747908200017, 16.78070380500003], [96.16745602300011, 16.780699400000117], [96.16693019900015, 16.78059895900003], [96.16591199200019, 16.780169169000033], [96.16512794400018, 16.779663468000024], [96.16497649900015, 16.77946806800003], [96.1647503310001, 16.779176260000042], [96.16474753700004, 16.779172654000092], [96.164692608, 16.779101783000158], [96.16468646400006, 16.779093856000145], [96.16458771200001, 16.776691160000098], [96.16452980100013, 16.775253297000063], [96.16449133600008, 16.774188042000105], [96.1644191740001, 16.772939682000015], [96.16435931300003, 16.771686407000175], [96.1643009190002, 16.77061271700012], [96.1642547830001, 16.769197619000124], [96.16425448200016, 16.76918839500007], [96.16425424900007, 16.76918840500008], [96.16418910900018, 16.76806512000013], [96.16405355000006, 16.767451121000022], [96.16395938800008, 16.767024619000097], [96.16394477300003, 16.76696805900002], [96.16488571000019, 16.766738302000135], [96.16495195700008, 16.766747698000188], [96.16497993500008, 16.766740799000047], [96.1652679450001, 16.76667213500008], [96.16560936000019, 16.766599655000107], [96.16582955300004, 16.76655561600012], [96.16595268300011, 16.76653099100008], [96.16600403600017, 16.76652402700006], [96.166402817, 16.766469955000048], [96.16764513600003, 16.766240438000125], [96.16771867800009, 16.766235596000115], [96.16780600600003, 16.766229848000137], [96.17182440300007, 16.765965317], [96.17227221400009, 16.765935838000132], [96.17283303700003, 16.76610431000006], [96.17511827900012, 16.765898812000103], [96.1880661100002, 16.766139816000134], [96.19148642400006, 16.765511447000108], [96.19631415300006, 16.765742876], [96.19673095700011, 16.76630411100018], [96.19662623200009, 16.767337124000107], [96.19608507400005, 16.76819706400005], [96.19606866500004, 16.768223139000156], [96.19593825300007, 16.768430373000058], [96.19589026000011, 16.768476832999966], [96.19568700500008, 16.768673596000042], [96.19558906600003, 16.768795649000083], [96.19534641000001, 16.76900331200011], [96.1953201300002, 16.76902580300009], [96.19498888600015, 16.76931572], [96.19469642700017, 16.769529343000045], [96.19427490300012, 16.76979446400003], [96.19396400400007, 16.770080566000104], [96.19375133500012, 16.77026939400008], [96.1934633260002, 16.77043628700011], [96.19310188300005, 16.770690918000128], [96.1928577430001, 16.770874024000022], [96.19260025, 16.771044731000188], [96.19232368400003, 16.771196366000027], [96.19201850900009, 16.77135086000004], [96.19177309700007, 16.771490097000083], [96.19150924600018, 16.771665573000064], [96.19136103300008, 16.771735371000148], [96.191357262, 16.771737147000124], [96.19118118400019, 16.771820068000125], [96.19077205700017, 16.772006989000033], [96.19050788800007, 16.772154808000096], [96.19006443000018, 16.77233982100006], [96.18964290600013, 16.77256488800009], [96.189557127, 16.772623856], [96.18930117200006, 16.77279980999998], [96.1890653550002, 16.772932006000133], [96.18888664300016, 16.773032189000162], [96.1884708410002, 16.77321720200007], [96.18821907000006, 16.77336692800003], [96.18788909900002, 16.77356720000006], [96.18762397800003, 16.77373123200016], [96.18724632200008, 16.773912430000053], [96.18693924000007, 16.774065018000044], [96.18656253800015, 16.774302482000166], [96.1859416960001, 16.77457428000008], [96.18550396000012, 16.774714470000163], [96.18506685900013, 16.774790446000054], [96.18499088500005, 16.774641067]]]}}, {"type": "Feature", "properties": {"adm4_name": "Urban", "adm4_name1": null, "adm4_name2": null, "adm4_name3": null, "adm4_pcode": "MMR013018701", "adm3_name": "Dagon Myothit (South)", "adm3_name1": "ဒဂုံမြို့သစ် (တောင်ပိုင်း)", "adm3_name2": null, "adm3_name3": null, "adm3_pcode": "MMR013018", "adm2_name": "Yangon (East)", "adm2_name1": "ရန်ကုန်(အရှေ့ပိုင်း)", "adm2_name2": null, "adm2_name3": null, "adm2_pcode": "MMR013D002", "adm1_name": "Yangon", "adm1_name1": "ရန်ကုန်တိုင်းဒေသကြီး", "adm1_name2": null, "adm1_name3": null, "adm1_pcode": "MMR013", "adm0_name": "Myanmar", "adm0_name1": "မြန်မာနိုင်ငံ", "adm0_name2": null, "adm0_name3": null, "adm0_pcode": "MMR", "valid_on": "2024-02-15T00:00:00", "valid_to": null, "area_sqkm": 88.69071794, "version": "v01", "lang": "en", "lang1": "my", "lang2": null, "lang3": null, "adm4_ref_name": "Urban", "center_lat": 16.91666975, "center_lon": 96.27398777}, "geometry": {"type": "Polygon", "coordinates": [[[96.31681334800015, 17.02320775900006], [96.31680584300017, 17.023208674000045], [96.3166707360001, 17.02322514900004], [96.31626551800014, 17.023038696000185], [96.31624373200009, 17.023028672000066], [96.31613601800007, 17.022979108000072], [96.31549072300004, 17.022682190000182], [96.31496048000014, 17.022474925000154], [96.3149526090001, 17.022475568000118], [96.31460517400006, 17.022503963000077], [96.31409633200008, 17.022545549000142], [96.31400362700015, 17.02255312600016], [96.31400293700005, 17.022552404000066], [96.31378721100015, 17.02232679000008], [96.31340026900011, 17.02192211199997], [96.31287765500002, 17.021467209000093], [96.31286867900019, 17.021467680000057], [96.31170272900016, 17.02152888000012], [96.31170112800015, 17.021528464000085], [96.31060218900006, 17.02124309600009], [96.30966345600012, 17.021144386000117], [96.30955314700014, 17.021132787000113], [96.30954894100012, 17.02113334500018], [96.30901309500001, 17.0212045400001], [96.30836219800011, 17.021638870000174], [96.30796616900011, 17.021672885000044], [96.30757014000011, 17.021706899000037], [96.30756830700005, 17.02170623899997], [96.30696296700006, 17.021488190000127], [96.30630455, 17.020890427000154], [96.3061339680001, 17.020641967000017], [96.30571492600006, 17.02003161100015], [96.30540784200008, 17.01918220500005], [96.30494728000014, 17.018743515000153], [96.30444755500008, 17.018561935000037], [96.3036219280001, 17.01842880200013], [96.302862167, 17.01810073900009], [96.30272741500005, 17.018044223], [96.30249532100004, 17.017946879000135], [96.30224132600006, 17.01748275800003], [96.30217184600019, 17.017381669000088], [96.30201911900008, 17.01715946200011], [96.302015154, 17.017160787000137], [96.30201137900013, 17.01716204800016], [96.30200960200011, 17.01715946200011], [96.3015597270001, 17.017309736000072], [96.3015556530001, 17.017311096000014], [96.30079271300002, 17.01712036100014], [96.30027455100014, 17.016867955000066], [96.30043260500008, 17.016583634000085], [96.30080352200014, 17.01626523300007], [96.30045002600019, 17.01601473500017], [96.29955386900019, 17.01593790300018], [96.29954530700002, 17.01593717000003], [96.29916956000011, 17.01622581500004], [96.29919881800004, 17.016737377000084], [96.29919886100015, 17.01673811700016], [96.29923021400015, 17.017286301000013], [96.29918443600013, 17.017548752000152], [96.29884841400019, 17.017840977000105], [96.29884831700008, 17.01784106100007], [96.29884858600019, 17.017849104000163], [96.29884892900014, 17.017859283000178], [96.29883689900004, 17.01785927100019], [96.2988368410002, 17.017859274000102], [96.29882738100014, 17.01785926800011], [96.29842034000012, 17.017906604000075], [96.298102379, 17.017780304000155], [96.29784584100008, 17.017636490000143], [96.29753303600006, 17.017563502000144], [96.29752972500006, 17.01756393700009], [96.2975269480001, 17.01756430200004], [96.29752351800016, 17.017563502000144], [96.297119221, 17.017616667000027], [96.29711717800012, 17.017616935000035], [96.2970721010002, 17.01660072800007], [96.2970581130001, 17.016285382000092], [96.297474518, 17.013370542000132], [96.29766487500007, 17.011455076000118], [96.2979861020001, 17.01033078100005], [96.29816456200012, 17.009706172000165], [96.2984857890001, 17.008385571000076], [96.29944947100012, 17.00545883400008], [96.30087714799998, 17.000854577000098], [96.30094853100013, 16.9994625920001], [96.30087898300008, 16.99329596300015], [96.30084145600006, 16.989968543000145], [96.30016403700006, 16.97736856900019], [96.3001276170001, 16.976691149999965], [96.3001276170001, 16.9737287210001], [96.3000205420002, 16.973193343000048], [96.29988264700006, 16.97291111200002], [96.29854011499998, 16.97016334600005], [96.29871940599998, 16.968824386000108], [96.29888343800008, 16.968167623000056], [96.29886589000006, 16.96785469100007], [96.29860070700005, 16.967560639999988], [96.29815101600002, 16.96706199700003], [96.29704666000015, 16.965948921000177], [96.29670143200019, 16.965600967000114], [96.29583072700018, 16.964734066000062], [96.29424407300019, 16.96310130100011], [96.29407882700019, 16.96270434100012], [96.29404322300007, 16.962291082000093], [96.29411201500005, 16.961957930999972], [96.29425239600005, 16.961713791000022], [96.29449272200003, 16.96133041400003], [96.29466247600004, 16.961124421000136], [96.29477854100014, 16.960885614000176], [96.29489453600007, 16.960646947000043], [96.29492187500011, 16.960203171000103], [96.29477930100006, 16.959881306], [96.29458236700009, 16.959630966000077], [96.2938189300001, 16.958771256000034], [96.29372024600008, 16.95866012600004], [96.29356576000009, 16.958478910000167], [96.29297065700013, 16.957780838000133], [96.29215431200004, 16.956853867000063], [96.29144191300014, 16.956032757000173], [96.2914080380001, 16.95599371300017], [96.29097938500007, 16.955499649000103], [96.29048820500009, 16.954935074000048], [96.28965187100016, 16.95397377000006], [96.28817939700019, 16.952287674000047], [96.2868213650001, 16.95071220400007], [96.28515052800014, 16.948793411], [96.28439522000019, 16.94792942600003], [96.28434493700018, 16.94787190800008], [96.2843439360002, 16.947870763000026], [96.28431360100006, 16.947836062000135], [96.28409004300005, 16.94758033800008], [96.28283840400013, 16.946170370000118], [96.28179359500012, 16.944917679000127], [96.28059578000006, 16.9435634620001], [96.2796154020001, 16.942434311], [96.27855110300004, 16.94119727300017], [96.27852249200009, 16.941164017000062], [96.27844619900009, 16.94107837700011], [96.27737045300006, 16.939870835000022], [96.2765712740001, 16.93893051200007], [96.2763809650001, 16.93871499000005], [96.27552032500012, 16.93774032600004], [96.27412033100012, 16.936100006], [96.27286148200011, 16.934653777000165], [96.27271080000008, 16.93448066700006], [96.2725930900001, 16.934346608000055], [96.27120018000016, 16.932760239000174], [96.26948165900018, 16.930784201000108], [96.26869217100005, 16.929903481000053], [96.2683429720002, 16.929513932000077], [96.26559066800019, 16.92630004900019], [96.26241111700011, 16.92266273500013], [96.2613997160002, 16.921497609000028], [96.25877189700009, 16.91847038300017], [96.25775337800007, 16.91731000400017], [96.25755310000005, 16.917081833000054], [96.25683664000007, 16.916257657000074], [96.2567713860002, 16.91618259100005], [96.25617027300012, 16.915491104000125], [96.25492286700012, 16.914033889999985], [96.25375175500005, 16.912691116000076], [96.25338858000009, 16.912275704000024], [96.25319480900015, 16.912054062000152], [96.25289344800018, 16.91171264700006], [96.25267124200008, 16.91144943200004], [96.2525119780002, 16.911241531000144], [96.25231552200012, 16.910968781000122], [96.25171280000018, 16.909893036000028], [96.25145573800006, 16.90944438400004], [96.25100135800011, 16.908651352000163], [96.25038337700005, 16.90756416300019], [96.24961280800017, 16.90620231600002], [96.24919126000009, 16.905440709000175], [96.24876976000019, 16.904720306000172], [96.24804242400006, 16.90343157400008], [96.24750137300015, 16.902513504000183], [96.24692344600004, 16.90150260900009], [96.24644279500012, 16.90064048800008], [96.2461044100001, 16.900033823000058], [96.24570179, 16.899343490999968], [96.24525133800006, 16.898591995000174], [96.24496269200017, 16.89817237799997], [96.24469184900005, 16.89779853800013], [96.24414253200013, 16.89705085700018], [96.24379428500004, 16.896583558000145], [96.24332237200014, 16.895950317000086], [96.24286752800015, 16.89531780900012], [96.24269816999998, 16.895097107000026], [96.24250984200006, 16.894851685000106], [96.24141120900003, 16.893350601000066], [96.24064492900004, 16.892297744000132], [96.24047279400008, 16.892061233000163], [96.24025380000006, 16.891763687000036], [96.2394199370001, 16.890630722000026], [96.23820304900016, 16.888971329000128], [96.2367992400001, 16.887071609000145], [96.23584175100018, 16.885759354000186], [96.23427097100006, 16.883674933000123], [96.2341695090002, 16.883519813000078], [96.234083849, 16.88338885600018], [96.23351097100004, 16.882581711000114], [96.2322406770001, 16.880861283], [96.23133644400014, 16.879644810000173], [96.23032951400018, 16.87829017700011], [96.22855186500004, 16.875844956000037], [96.22744521600009, 16.87433635000008], [96.22689247199997, 16.873582840000097], [96.22616004900004, 16.872598648000178], [96.22592926100015, 16.872297287000038], [96.22564029700004, 16.871892929000126], [96.22542190500008, 16.871683121], [96.2250149680001, 16.871324989000072], [96.22501373300008, 16.871323903000132], [96.22497475600011, 16.871289834000095], [96.22405433600017, 16.87048530600009], [96.22292456800011, 16.869486800000118], [96.22216097500012, 16.868811926000035], [96.22210255200014, 16.86876223400003], [96.22136116100017, 16.86813163800008], [96.22114489400013, 16.867940467000153], [96.22024345400018, 16.86714363100009], [96.21921142100013, 16.86625543499997], [96.21914863600017, 16.866201401000126], [96.2186024630002, 16.86573095], [96.21837139200017, 16.865501404000042], [96.21817207300012, 16.865271886000073], [96.21796608000005, 16.865003585000125], [96.21752357500009, 16.86442375200005], [96.21745879800017, 16.864341455999977], [96.2165929520001, 16.863263523000057], [96.21609678099998, 16.862607506000074], [96.2148993150002, 16.86102426400015], [96.21447859400013, 16.860549795000054], [96.21424302100007, 16.86028412799999], [96.21415937400019, 16.86009406800008], [96.21406661900005, 16.859883313000182], [96.21395176400006, 16.85935609000012], [96.21391331600006, 16.859179598000082], [96.21389216600011, 16.85908251400008], [96.21385857600018, 16.85901538100012], [96.21363268200014, 16.85856390800012], [96.21360198700017, 16.85850256200007], [96.21328610400008, 16.858232878000138], [96.21312496100012, 16.858095303000027], [96.21251280100012, 16.857625361000032], [96.21202793100014, 16.857253138000033], [96.21201062600005, 16.857239853000124], [96.21198906300009, 16.857217558000116], [96.21192609700006, 16.857152457000154], [96.21192561500004, 16.85715195800003], [96.21151608900004, 16.856728540000177], [96.21146557300017, 16.856676310000125], [96.21141425900015, 16.856524821000107], [96.21127347400017, 16.856109205000166], [96.2112018430002, 16.855897741000092], [96.2111571550002, 16.855526344000168], [96.21099548800004, 16.85418275300009], [96.21087963500014, 16.853219924000143], [96.21074784900009, 16.852124675000027], [96.21062629700015, 16.851418705000015], [96.21061152400011, 16.851376730000027], [96.21053075700007, 16.851147248000018], [96.21034050000003, 16.850606918000096], [96.21032523500014, 16.850563509000153], [96.21032518300012, 16.850563361000127], [96.21019854700012, 16.850205264000067], [96.210197253, 16.850201603000073], [96.20997254300005, 16.849566175000064], [96.20997244400013, 16.849565896000115], [96.20996405300008, 16.84956908100014], [96.20996302500015, 16.849566175000064], [96.20996292600006, 16.849565896000115], [96.2100448610002, 16.849535983000067], [96.21034191000018, 16.849427533000153], [96.21111999500016, 16.84911867800008], [96.21205472900004, 16.84864189600006], [96.21290223900019, 16.848015893000024], [96.21361466300016, 16.847526], [96.21378357999998, 16.847409845000186], [96.21419297000011, 16.84698468300013], [96.214591967, 16.846570313000143], [96.21537603900003, 16.84587728500003], [96.21577834100009, 16.845521697000095], [96.21579360600003, 16.845486426000093], [96.21609868300015, 16.844781541000145], [96.21618384400017, 16.844456570000148], [96.21619348200011, 16.844419794000146], [96.216132566, 16.844037541000034], [96.21613232200019, 16.84403697900018], [96.21598350300002, 16.84369450300005], [96.21531973000009, 16.843004232000055], [96.2152714230001, 16.842975281000065], [96.21485339200007, 16.842724752000038], [96.21463282700017, 16.84259256500019], [96.21448536100007, 16.842504186999975], [96.21380639100005, 16.84209169900015], [96.21378636000003, 16.842072560000076], [96.21335659100009, 16.841661930000043], [96.21326793700007, 16.841577224000105], [96.21326380400018, 16.841573276000133], [96.21326367200015, 16.841573149000055], [96.21269252200017, 16.84120331700018], [96.21230987300004, 16.840807222000024], [96.21217253100019, 16.840665056000148], [96.21193510600017, 16.84027794100018], [96.21166209200015, 16.83983280000001], [96.21156691400012, 16.839677615000085], [96.21156678000006, 16.83967739700006], [96.2115662490001, 16.83967396600019], [96.21139515200008, 16.838567757000078], [96.21142883300013, 16.83786591600017], [96.2117729420001, 16.836892730000102], [96.21274594800013, 16.835289993000117], [96.21359541300018, 16.834023956000067], [96.21409625600012, 16.832860488999984], [96.21411448200018, 16.83280846500014], [96.21451180300011, 16.83167427500007], [96.21464099800005, 16.83046440800007], [96.21453281300006, 16.829041028000063], [96.21451953900004, 16.828866355000116], [96.21462620900019, 16.826123390000078], [96.2146185310001, 16.825143516000026], [96.2147286300002, 16.824484180000184], [96.21483220400006, 16.823900505000097], [96.2148323240001, 16.823900223000066], [96.21503043500007, 16.823426476000066], [96.21557220500011, 16.82262535000001], [96.21852078699999, 16.820429109000088], [96.21991270500007, 16.818711961000133], [96.2201975710002, 16.817920896000146], [96.22023415000012, 16.817819319000023], [96.22024352600016, 16.81781971500004], [96.22073466800015, 16.817840440000055], [96.22080340700006, 16.817843341000014], [96.2208041520002, 16.817842970000072], [96.222271621, 16.817115148000084], [96.22381116900004, 16.816162109], [96.22419067600009, 16.81591111600011], [96.22419139900006, 16.815910637000172], [96.2256107520002, 16.81497192400002], [96.22779705200003, 16.81356239300004], [96.22883703200011, 16.812662125000145], [96.22976305100008, 16.81188201900011], [96.23049070500008, 16.811193467000123], [96.23221462900005, 16.809409776999985], [96.2322189630001, 16.809415141000102], [96.232383471, 16.809618712000145], [96.23240139000018, 16.809640885000135], [96.23407920900019, 16.811353632000134], [96.23428884900011, 16.8115676380001], [96.23433663900016, 16.811616422000043], [96.23434831600014, 16.811628342000176], [96.23435112300012, 16.81163118900014], [96.23437536600005, 16.811646125000095], [96.23440119500015, 16.811662036000087], [96.23444767600017, 16.81171946700016], [96.23449130500018, 16.811773374000097], [96.23523739900008, 16.812695227000063], [96.23541993300006, 16.812920762000147], [96.23587187700019, 16.813497487000177], [96.23614118800015, 16.813841159], [96.2366868380002, 16.81482433100018], [96.23679313899999, 16.815100026000152], [96.23722768400017, 16.816507546000082], [96.23749872900015, 16.817342057000133], [96.23934548200009, 16.82325513899997], [96.23982928700002, 16.824846356000137], [96.24081809300014, 16.827927694000152], [96.24251204700016, 16.833325637000144], [96.24402231800013, 16.838216015000114], [96.24517091700005, 16.84193194400018], [96.24677663100005, 16.847021350999967], [96.24671569900016, 16.847212026000022], [96.24697824500004, 16.84809289100002], [96.2471270050001, 16.84898139800009], [96.24793945600004, 16.84905745400016], [96.24802302100017, 16.84907287599998], [96.24872883800003, 16.849203131000024], [96.25377671500013, 16.854859397000155], [96.25611792000012, 16.85738489900001], [96.25607173900016, 16.857712112], [96.25758173000008, 16.859912872000052], [96.25853077200014, 16.86132730800017], [96.2585368500001, 16.861322181], [96.25922395800012, 16.860742569000024], [96.25959507300018, 16.860440663000077], [96.25991155600013, 16.860222340000064], [96.26028062800015, 16.86002349900002], [96.2612505150002, 16.8594427110001], [96.26241145500012, 16.858898163], [96.26241360300014, 16.85890162000004], [96.2626438330002, 16.859272004000104], [96.26296236100006, 16.85981178300011], [96.2632923320001, 16.860342026000183], [96.26354028700007, 16.860795974999974], [96.26380159400014, 16.861421585000073], [96.26421358200014, 16.862413407000076], [96.26458624700012, 16.863319251000064], [96.26474128100017, 16.863720576000105], [96.26501810200006, 16.864335251000114], [96.26521303200019, 16.86457252500003], [96.26556125900015, 16.864971979000188], [96.26618323700012, 16.86565208400009], [96.26673891100006, 16.866289138000013], [96.26774980500005, 16.867410660000075], [96.26851274500012, 16.868263245000037], [96.26918413200013, 16.868944168000155], [96.26920253900016, 16.868964529000152], [96.26974107800004, 16.869560242000148], [96.27021155700015, 16.87006992800002], [96.27054216400006, 16.870428086000175], [96.2718372540001, 16.87185096800016], [96.27266845600013, 16.872754188999977], [96.27281318000001, 16.87291145300003], [96.27347375900007, 16.873643875000084], [96.27368249500012, 16.87386393100013], [96.27435304699998, 16.87457084700003], [96.27514939000008, 16.875422349000132], [96.27524128300013, 16.87552122500017], [96.27607415, 16.87648519000004], [96.27667715100011, 16.877111912000032], [96.27723822900015, 16.877763748000177], [96.27729972700007, 16.878017945000124], [96.27729036400012, 16.878309249999973], [96.2771797370001, 16.879480362000095], [96.27703096400012, 16.881139755000163], [96.27691270900004, 16.88245773400007], [96.27685141900014, 16.883511226000167], [96.27693178200013, 16.883758371000113], [96.27712556800014, 16.88396873500011], [96.2774124340001, 16.884181023000053], [96.27773096200013, 16.884382248000122], [96.2780113410002, 16.884550095000066], [96.27824594500004, 16.88469600700006], [96.27871706000019, 16.88494491600011], [96.27901842099999, 16.885094643000173], [96.279282589, 16.885267257000066], [96.27961503000006, 16.885547469000187], [96.27966501200012, 16.88558959900007], [96.28000805500017, 16.885803221000174], [96.2800846290001, 16.885850906000144], [96.28049089500018, 16.886060714999985], [96.28062142100015, 16.88614311000015], [96.28079607000012, 16.8862533570001], [96.28102972100015, 16.88641738900003], [96.28139879300016, 16.886739731000034], [96.2814821610001, 16.886804023000025], [96.2816238600002, 16.886913300000117], [96.28174129900003, 16.88699782599997], [96.28191650200006, 16.88712392600013], [96.28226472900019, 16.887321473000043], [96.28277716900016, 16.88763872800007], [96.28299283300004, 16.887785168000107], [96.28312875800003, 16.88787746500003], [96.28338357900003, 16.888105393000046], [96.28345749600004, 16.88820492800005], [96.28352858600005, 16.88830065700006], [96.2833328430001, 16.888422967000054], [96.28317358000015, 16.888613701], [96.28304864900002, 16.888806661], [96.28292625500006, 16.889058617000046], [96.28288034900015, 16.889196009000045], [96.28285743700002, 16.88926458400016], [96.28284011400012, 16.889354467000032], [96.28281452100003, 16.889487267], [96.28281118100011, 16.889547043000164], [96.2828109990001, 16.889550315000065], [96.28280084600004, 16.88973203500018], [96.2828111840002, 16.889934540000127], [96.28281839800007, 16.889972365000176], [96.28285261600007, 16.89015176600003], [96.2829981050001, 16.89029646000006], [96.28304316500015, 16.890328002000047], [96.28312685100013, 16.890386580999973], [96.28318620800013, 16.890429992000122], [96.28325464200014, 16.89048004199998], [96.28337480500005, 16.89058113100009], [96.28349115400016, 16.890686035000044], [96.28361434200002, 16.89084770200003], [96.2836471760001, 16.891021347000105], [96.2836237140001, 16.891265869000108], [96.28369142500014, 16.891452790000187], [96.28371847500006, 16.891647859000045], [96.28366663100019, 16.891815186000144], [96.28361131700007, 16.892004013000076], [96.28357889200015, 16.89214992500007], [96.2835388370001, 16.892290115000094], [96.28349115400016, 16.892431259000034], [96.28343774799998, 16.892566681000062], [96.28338830200016, 16.892677163000144], [96.283376713, 16.892703056000073], [96.28331122800017, 16.89283307400018], [96.28323557000016, 16.892963410000107], [96.28315641400019, 16.893088341000066], [96.283032246, 16.89323577900018], [96.28289606100003, 16.89331817600015], [96.28274052500012, 16.89338042500009], [96.28251611700006, 16.893426133000105], [96.28234183000012, 16.893429287], [96.28233339300004, 16.893429439000045], [96.28222163600009, 16.89341364800009], [96.28217365300014, 16.893406868000056], [96.28214362900013, 16.893398309000133], [96.2820101980002, 16.893360274000088], [96.28200838100014, 16.893359756000052], [96.28197437600005, 16.893362045000174], [96.28175573900018, 16.893376759000148], [96.28152467800015, 16.893417359000125], [96.2813072400001, 16.89346313500016], [96.28108217300007, 16.893516541000167], [96.2810107200001, 16.893535594000014], [96.28086759600018, 16.893573761000084], [96.2806921200002, 16.893626404000088], [96.28064825100006, 16.893639565], [96.2804298590001, 16.89371109000018], [96.28022005100013, 16.893788815000107], [96.2799911690002, 16.893939972000112], [96.27976610200017, 16.894098282000073], [96.27954485100003, 16.894262314000116], [96.27932359800013, 16.89443016100006], [96.27910616000008, 16.894602776000056], [96.27889889300008, 16.894778570000028], [96.27869290100006, 16.894960403000084], [96.27849008600009, 16.895145416], [96.27829362900007, 16.895335198000055], [96.27807046900011, 16.89558029200009], [96.27793123200018, 16.895778179000047], [96.27776783600018, 16.89596366900014], [96.277592997, 16.89611816400003], [96.27739860500009, 16.896255017000044], [96.27716670300009, 16.89637629200007], [96.276957531, 16.89645862600014], [96.2767181590001, 16.896522522000055], [96.27651121200012, 16.89658832600003], [96.27636296800011, 16.896720674000107], [96.27620359900016, 16.8968321480001], [96.27604104900001, 16.89691861500006], [96.27585365400006, 16.896985531000098], [96.27566434900012, 16.897025109000026], [96.2755203440002, 16.89703941300013], [96.27538969100016, 16.897058487000095], [96.27523423000014, 16.897110882999982], [96.27512461300006, 16.89713064200015], [96.27512443000012, 16.897130675000028], [96.27496678900013, 16.897130118000064], [96.27482835800015, 16.897103881000135], [96.27468034800017, 16.89705009500011], [96.27467287000007, 16.89704986999999], [96.27445589600006, 16.897043339000106], [96.27445222800014, 16.897043227999973], [96.27425005000009, 16.897047043000043], [96.27405738800013, 16.897047043000043], [96.27404787100016, 16.897047043000043], [96.27379896200006, 16.89702797000018], [96.273602982, 16.896994591000123], [96.27359276800007, 16.89699414400019], [96.27341314400013, 16.896986277000167], [96.27340700100007, 16.896986008000056], [96.27320959100007, 16.897001744000136], [96.27300291600011, 16.897049223000067], [96.27283288900014, 16.8971099850001], [96.27267140100014, 16.897193273000084], [96.27249910300009, 16.89731025700013], [96.27234651500004, 16.89741516100014], [96.27218629800007, 16.89746856700009], [96.2720413400001, 16.89754142800018], [96.27190115000008, 16.89764070500013], [96.27178766300017, 16.89775543200011], [96.27168943500004, 16.897890568000093], [96.27161578900018, 16.898038440999983], [96.27156519600015, 16.898208445000023], [96.27234270100013, 16.899099350000142], [96.27425113400017, 16.90120274100019], [96.2743778410001, 16.90134239200006], [96.28019382500008, 16.90772676500012], [96.28547229500003, 16.913503361000096], [96.28697143000016, 16.91514396700012], [96.29053489900002, 16.91578495500005], [96.29089708800007, 16.917088839000087], [96.29091228100003, 16.917143529000157], [96.29091506300006, 16.917153548000044], [96.29137596400011, 16.918812791999983], [96.29137707500007, 16.91881678900006], [96.29159566800013, 16.91889901100012], [96.29178468700007, 16.918970108000053], [96.29201162700019, 16.919180264000033], [96.29218389500005, 16.91962242200003], [96.29236404700004, 16.91996583700012], [96.2924214210002, 16.920054436000044], [96.29254152300018, 16.92023754200011], [96.29270491900019, 16.92053985600006], [96.29292299400004, 16.920731545000024], [96.29335073900018, 16.920995212000093], [96.29342271800016, 16.921039581000116], [96.29375650400004, 16.921357802000045], [96.29379083800006, 16.921390534000125], [96.29378606900013, 16.9220075610001], [96.29375586900011, 16.92230701500017], [96.29383470600015, 16.922549248000053], [96.29402676900014, 16.922779082999966], [96.29412080800017, 16.92289161700006], [96.29433602000006, 16.923251470000082], [96.29430942400018, 16.923507902000154], [96.294401187, 16.92376937900002], [96.29459306700011, 16.92395896900007], [96.294673939, 16.92409527400008], [96.29485017800016, 16.92439231900005], [96.29513246500011, 16.92455253600008], [96.2954521380002, 16.92460155500015], [96.29577781700004, 16.92471551900013], [96.29602434100019, 16.924858094000115], [96.2962850130001, 16.925011952999967], [96.29635698300018, 16.925423813000123], [96.29658230500019, 16.92553104300015], [96.29700185800016, 16.925730706000024], [96.29725976000003, 16.925812856999983], [96.2973671150001, 16.925847054000087], [96.29769899400014, 16.92599762800012], [96.29770618000003, 16.9259965710001], [96.29798128100015, 16.925956090000057], [96.29830203400013, 16.925905226999987], [96.29830419400008, 16.92590593300008], [96.29830514700012, 16.9259062430001], [96.29848870000012, 16.92596612000017], [96.29923768100014, 16.926210444000105], [96.300161381, 16.926511764], [96.30173189300012, 16.927194595000117], [96.30173682700018, 16.927192602000048], [96.3020153240002, 16.927080155000056], [96.30241624800016, 16.926852035000024], [96.30284184200019, 16.926716486999965], [96.30284836300012, 16.92671744100005], [96.30316968000017, 16.926764438000134], [96.30376442000016, 16.927246719000152], [96.30526334500013, 16.928919204000067], [96.3055728110001, 16.929264502000024], [96.30955127100015, 16.933490425], [96.31372947000011, 16.937982317999968], [96.31378684400005, 16.938999812000134], [96.31435264300006, 16.939739591000148], [96.31525486599998, 16.940919241000074], [96.31848146500005, 16.94314384400019], [96.3217052350002, 16.944863683000108], [96.32305242600017, 16.94558238999997], [96.32509182100006, 16.94657277100015], [96.32691131000007, 16.94745636000016], [96.33038332000012, 16.949682236000115], [96.33589944500011, 16.95332069900013], [96.3354647760001, 16.953536401000065], [96.3354647760001, 16.95425222300014], [96.3354647760001, 16.958349806000115], [96.3386737100002, 16.963163212000154], [96.34091659200016, 16.966425584000092], [96.34117612500006, 16.96680308500015], [96.3412956430002, 16.967114639000158], [96.34265329400017, 16.969312668000043], [96.34287740700012, 16.96971416500014], [96.34312059500019, 16.97001838700004], [96.34334184700003, 16.970273971999973], [96.34356119100005, 16.970632553000087], [96.34371873900011, 16.970939255000076], [96.34383203600015, 16.97132492100019], [96.34399225300018, 16.97177505500008], [96.34418108000006, 16.972237015000132], [96.34441606500008, 16.972597122000025], [96.3447621860002, 16.972897848], [96.34505210300011, 16.973029454000084], [96.34536840400011, 16.973090172000127], [96.34583189100016, 16.973122597000042], [96.34622346900005, 16.97321205100019], [96.3465245750001, 16.97334798200012], [96.34681226800018, 16.973607062999974], [96.34706372000005, 16.97389157599997], [96.34733583500008, 16.974135717000024], [96.34755785100015, 16.974300766000113], [96.34782411600008, 16.974407196000186], [96.34782992600003, 16.974409046000176], [96.35054890499998, 16.976642493000156], [96.35066225100013, 16.976930618000097], [96.35076906199998, 16.977197647000082], [96.35090162300003, 16.977460861000168], [96.35111429200015, 16.977804184999968], [96.35135271100006, 16.978200912000034], [96.35160511600009, 16.97865168200019], [96.35163302600006, 16.978902491999975], [96.35133679700016, 16.979645596000182], [96.35132263700007, 16.979681118000087], [96.35132229000016, 16.979681990000188], [96.3512874450002, 16.979769400000123], [96.35075715500017, 16.981099666999967], [96.35057060000008, 16.981430782000132], [96.35056140800003, 16.98148988400004], [96.35055922900017, 16.981503893000024], [96.35047662500006, 16.98181374100011], [96.3503654210001, 16.982230871000127], [96.35017549600008, 16.9824062350001], [96.34981443500016, 16.982541085000037], [96.34919740700008, 16.982698441000082], [96.34886476500009, 16.982938003000015], [96.3486633490001, 16.983242988000143], [96.3484999530001, 16.98363177000016], [96.34847642900013, 16.98397483800011], [96.34827998100019, 16.98429221700019], [96.34827973500018, 16.984292613000036], [96.34818269800007, 16.98444938700004], [96.34778201600011, 16.985106196000118], [96.34778170600009, 16.985106703000042], [96.34739496300017, 16.985740662000183], [96.34655000700008, 16.987054825000143], [96.34585954700015, 16.988073350000093], [96.34533311799999, 16.98887443500007], [96.34487153999999, 16.98955345100012], [96.344639798, 16.989902497], [96.34442045200018, 16.990167618000044], [96.34399034500018, 16.990592957000104], [96.34341051100017, 16.99110221899997], [96.34254076000008, 16.991832733000024], [96.342234313, 16.99206988000003], [96.34190498900011, 16.992363201000046], [96.34190493400007, 16.992363250000153], [96.3418388560001, 16.992422104000013], [96.34154131000014, 16.99271202100016], [96.34131624300011, 16.992940902000157], [96.34098245600012, 16.993321419000097], [96.34070684500011, 16.993697166], [96.34043790900006, 16.993982315000096], [96.3403353650001, 16.994068189000075], [96.340050717, 16.99430656400017], [96.33972169900017, 16.99452654600009], [96.33943941100006, 16.994743347000167], [96.3391488040001, 16.994969374000107], [96.33914848300014, 16.994969624000134], [96.33912183700005, 16.9949903480001], [96.3392540170002, 16.9952686310001], [96.33927755900015, 16.995545251000067], [96.33914313600013, 16.995870590000095], [96.338872293, 16.996175766000135], [96.338556691, 16.996371078000095], [96.33823913900005, 16.99646497500015], [96.3382206170001, 16.996470452000153], [96.33795168000017, 16.99652004300009], [96.33764841200014, 16.99655151400009], [96.33729745900013, 16.99659061500006], [96.3369034010002, 16.996601487000078], [96.33661081300016, 16.996670724000012], [96.33631136000014, 16.996702194000136], [96.33593370500006, 16.996721267000055], [96.33551979100014, 16.996721267000055], [96.33551027300001, 16.996721267000055], [96.33523368900006, 16.996721267000055], [96.33487892100004, 16.996700287000067], [96.33431053200013, 16.996629715000097], [96.33347129800018, 16.996530533000055], [96.33314132700013, 16.996510506000106], [96.332843781, 16.996460914000068], [96.33239364700012, 16.99633407600004], [96.33238589600006, 16.996334574000116], [96.3307018280002, 16.996442795000064], [96.32941055300017, 16.996809959000075], [96.32833099400011, 16.99702072200006], [96.32770402100005, 16.997104372000024], [96.32730929100006, 16.997430802000054], [96.32610893200012, 16.998233796000022], [96.32475344400007, 16.999183019000156], [96.32381820700004, 17.000253677000103], [96.32329368600006, 17.000841141000024], [96.32280540400018, 17.001317978000145], [96.32231330900004, 17.001810074], [96.32205581700003, 17.00207456000004], [96.32190132100004, 17.00309371900005], [96.321643193, 17.00461069800008], [96.32174110400001, 17.006101608000165], [96.32183265700007, 17.007522584000128], [96.32182121300019, 17.009653092], [96.32161446000003, 17.012928051000188], [96.3216143030001, 17.012930549000032], [96.32158279400011, 17.013429642000062], [96.32167625400018, 17.01463953700005], [96.32109133400007, 17.015504201], [96.32055778500012, 17.016767883000114], [96.32023143800018, 17.018161774000077], [96.32006263700015, 17.019910812000035], [96.31993675200016, 17.02109781900009], [96.31946787800007, 17.02166332700017], [96.31945497800007, 17.02167888500003], [96.31919312100018, 17.022076043000027], [96.31902101800006, 17.022337069000116], [96.31890337700014, 17.022585798000023], [96.3187166850002, 17.02291425100009], [96.31760406500013, 17.02311134300004], [96.31681334800015, 17.02320775900006]]]}}, {"type": "Feature", "properties": {"adm4_name": "Urban", "adm4_name1": null, "adm4_name2": null, "adm4_name3": null, "adm4_pcode": "MMR013019701", "adm3_name": "Dagon Myothit (North)", "adm3_name1": "ဒဂုံမြို့သစ် (မြောက်ပိုင်း)", "adm3_name2": null, "adm3_name3": null, "adm3_pcode": "MMR013019", "adm2_name": "Yangon (East)", "adm2_name1": "ရန်ကုန်(အရှေ့ပိုင်း)", "adm2_name2": null, "adm2_name3": null, "adm2_pcode": "MMR013D002", "adm1_name": "Yangon", "adm1_name1": "ရန်ကုန်တိုင်းဒေသကြီး", "adm1_name2": null, "adm1_name3": null, "adm1_pcode": "MMR013", "adm0_name": "Myanmar", "adm0_name1": "မြန်မာနိုင်ငံ", "adm0_name2": null, "adm0_name3": null, "adm0_pcode": "MMR", "valid_on": "2024-02-15T00:00:00", "valid_to": null, "area_sqkm": 23.90586777, "version": "v01", "lang": "en", "lang1": "my", "lang2": null, "lang3": null, "adm4_ref_name": "Urban", "center_lat": 16.88624791, "center_lon": 96.17984169}, "geometry": {"type": "Polygon", "coordinates": [[[96.20129912200014, 16.88467637800011], [96.2012758800002, 16.884719774000132], [96.20106780300011, 16.88510827500005], [96.20072347400014, 16.885767243000032], [96.20046317600008, 16.886210044], [96.20041865900004, 16.886285773000168], [96.20007433000006, 16.886950137000042], [96.19958323900005, 16.88770632100011], [96.19925020000011, 16.888419292000037], [96.19852203000005, 16.889764206999985], [96.19808644800008, 16.890517981000187], [96.19786449200018, 16.89090207600009], [96.19785877400005, 16.890911969000115], [96.19739308400011, 16.891867982000065], [96.19716165000011, 16.8922973760001], [96.1971356740001, 16.89233981800004], [96.19681903100013, 16.892857171000117], [96.19656330900011, 16.893274985000062], [96.19610257900018, 16.89403506900004], [96.19607221800004, 16.894085156000017], [96.19581387600016, 16.89459243699997], [96.19542307300009, 16.895359816000166], [96.1948811800001, 16.89631580600002], [96.19430058200004, 16.89739086500009], [96.19427154800007, 16.897444625000105], [96.19423063900018, 16.897521607000044], [96.1934248390001, 16.899037920000183], [96.1931046310001, 16.899566163000088], [96.19293374700015, 16.89984806600006], [96.19224509100019, 16.901101085000107], [96.19169294300019, 16.902091643000176], [96.19161288100014, 16.902235274000077], [96.19118388200008, 16.902980596000077], [96.19076241300007, 16.903820325000027], [96.19070408000016, 16.903936547000058], [96.19041619900003, 16.90441182100011], [96.19007187000005, 16.905086923], [96.18968802800009, 16.90572961800018], [96.18951868600016, 16.906080668000072], [96.1892195160001, 16.906593742999974], [96.18896550300008, 16.907106814000088], [96.18867762200017, 16.90756587700014], [96.18804541200006, 16.908727032], [96.1877631750001, 16.90922929700008], [96.18753174200003, 16.909661352000057], [96.18724386100013, 16.910163614000055], [96.18696726900015, 16.910622669000134], [96.18671890000013, 16.911081725000088], [96.18644230900003, 16.91149757300019], [96.18623909900009, 16.911827011000128], [96.18612620400012, 16.912086239000075], [96.18603024400016, 16.912340069000095], [96.18591170400009, 16.912620899000046], [96.18574236300003, 16.91294493500004], [96.18569563500012, 16.913047498000083], [96.18555044200008, 16.913366180000025], [96.1853415870001, 16.9137550210001], [96.1851440210001, 16.914138460000117], [96.18397556200017, 16.915983413000106], [96.1837467000002, 16.91603626500006], [96.18361712200016, 16.916347946000144], [96.18300466900018, 16.917999813000165], [96.18246559699998, 16.918383918000018], [96.18110608600006, 16.9206947940001], [96.18021126700017, 16.92250425300017], [96.1801501020002, 16.922627937000073], [96.1801484360002, 16.922631306000085], [96.18014909200008, 16.92263142500019], [96.18000292900018, 16.922981120000088], [96.17887139900017, 16.92240715600002], [96.17795768600013, 16.92139826400006], [96.17700590200008, 16.919951552000043], [96.17693551400009, 16.919761245000018], [96.17597797400009, 16.91717234200013], [96.17597727300017, 16.9171686950001], [96.17597721400006, 16.91716853400004], [96.17529192800004, 16.913608861000114], [96.17530686700007, 16.91143464100014], [96.17530690199999, 16.911429505000058], [96.17529098000011, 16.911233396000114], [96.1753112190001, 16.910801321000122], [96.17533656000018, 16.91026031000007], [96.17551971500012, 16.90825419000015], [96.1752446820002, 16.905149369000014], [96.1751342980001, 16.904291233000095], [96.1751338520001, 16.90428987200005], [96.17498874800015, 16.90384792000009], [96.17456010600006, 16.90328059600006], [96.17444735200013, 16.903131360000145], [96.17444715700003, 16.90313110300019], [96.17242643900016, 16.902749381000035], [96.17168049800017, 16.902598424000075], [96.16996422000011, 16.902442254000164], [96.16840329400009, 16.901699861999987], [96.16743247300013, 16.90082422], [96.16707079600013, 16.899586901000077], [96.16707091300009, 16.899586102000058], [96.167242117, 16.898425724000163], [96.1678507760002, 16.897596291000184], [96.1678591880002, 16.897577111000032], [96.16918574900006, 16.89616351900014], [96.16919853800016, 16.896149892000153], [96.16942639000018, 16.895495676000053], [96.16948537500019, 16.895326320000038], [96.16949866300001, 16.895081221000112], [96.16949867800014, 16.895080933000088], [96.16953022500013, 16.894499075000056], [96.16950981800017, 16.89439425200004], [96.16945600600013, 16.894117824999967], [96.16908857800013, 16.893781016000105], [96.16825196000019, 16.89347263700006], [96.16659585600013, 16.89307288800012], [96.16468276800009, 16.892616031000045], [96.16348352100005, 16.891930747], [96.16217005800019, 16.89033174900004], [96.16005709600017, 16.887533502999986], [96.15822967000014, 16.884649597000134], [96.15822979700005, 16.884647191000113], [96.15828677700017, 16.883564562000117], [96.15871508000015, 16.8829649380001], [96.15885125200003, 16.88295105000003], [96.15888239400016, 16.882928121000134], [96.15888330000001, 16.882927455000072], [96.15928019500012, 16.882635233000087], [96.15928074100015, 16.882635144000176], [96.16044779400016, 16.88244458400004], [96.16081265700006, 16.882485295000095], [96.1619778700001, 16.882615309000016], [96.16202606200017, 16.88262725200002], [96.1647969830002, 16.883821544000114], [96.16648164100013, 16.884135633000028], [96.16736680000014, 16.883564562000117], [96.16782365700016, 16.88222254600015], [96.16782267000019, 16.882219401000157], [96.16736680000014, 16.880766316000063], [96.16669948400016, 16.87979870700002], [96.16663871800012, 16.879667069000163], [96.166533577, 16.879558141000018], [96.16622466000013, 16.879110211000068], [96.16591041800007, 16.87891254300007], [96.16268402100019, 16.87688303500005], [96.161456219, 16.875226931000157], [96.1614564940001, 16.87522452100012], [96.16158790300005, 16.874069268000028], [96.16163040100002, 16.874105412000176], [96.16179264600004, 16.873759549000056], [96.16194706200002, 16.87343037000005], [96.1622044290001, 16.87313663000009], [96.16238207400016, 16.872933878000026], [96.16238256600019, 16.872933317000047], [96.16256331400007, 16.872744992000037], [96.16448289400006, 16.871971828000028], [96.1669670510002, 16.871914721000167], [96.16996517200016, 16.87268566600011], [96.17109891500007, 16.873003114000085], [96.17210668700017, 16.873285290000126], [96.17257306100004, 16.87317598400017], [96.1739341130002, 16.872856987000148], [96.17455336400019, 16.871825501000046], [96.174623081, 16.871747503], [96.17837715800005, 16.864999747000184], [96.1784898200001, 16.864885083000104], [96.17849077500011, 16.86488411400012], [96.17861898000012, 16.864754073000086], [96.17921189400016, 16.86415267000018], [96.17946004499998, 16.863897504000022], [96.17976136600015, 16.863587663000033], [96.18048018900004, 16.863093610000135], [96.18052395000018, 16.86306353300006], [96.18058161700009, 16.86302389800005], [96.18058189200019, 16.863023865000116], [96.18329371600004, 16.86269597800009], [96.18584259100015, 16.862314326000103], [96.1859525390002, 16.862277783000025], [96.18644135900013, 16.862115314], [96.18659933000015, 16.861766379000187], [96.18672285000008, 16.86149353900015], [96.18711649000016, 16.86040309499998], [96.1871202710002, 16.860368525000183], [96.18742937900004, 16.857541444000105], [96.18763607900007, 16.855761654000105], [96.18765770200014, 16.85557548000014], [96.187677388, 16.85540596700008], [96.18776299200016, 16.855280752000112], [96.18776332600004, 16.855280262000065], [96.18776365400004, 16.855279784], [96.18806591000003, 16.854837663000126], [96.18855814800008, 16.854481765000173], [96.18864313600017, 16.854476301999966], [96.18921172900002, 16.854439755000044], [96.18991252300015, 16.854394709000076], [96.18996242800006, 16.85439658600012], [96.19000291900016, 16.854398108000055], [96.19184839000013, 16.85446749700003], [96.19188007100018, 16.854468689000157], [96.19213208800016, 16.854478164000113], [96.19383755100017, 16.85472281500006], [96.1941309610001, 16.85476490500014], [96.19752057600016, 16.855337697000095], [96.19776790400005, 16.85537949200011], [96.19882763200013, 16.85555856999997], [96.19885663700012, 16.855547229000024], [96.19952730400013, 16.855284982000114], [96.20024304400016, 16.85500511100014], [96.20030543600018, 16.85494693300012], [96.201012929, 16.854287220000117], [96.20164973600004, 16.853143667000097], [96.20164979800006, 16.85314355600019], [96.20173452000012, 16.852991415000133], [96.20181240000016, 16.8527771200001], [96.20219131400006, 16.851734482000154], [96.20219164300005, 16.851733574000036], [96.20222742000004, 16.851635131000023], [96.20235594700011, 16.85128146800014], [96.20251167900005, 16.851048278], [96.20251228600017, 16.851047369000014], [96.20305325200019, 16.850247830000058], [96.20310717199999, 16.850168136000036], [96.20335552000012, 16.85008240900015], [96.20409204300006, 16.849828167000055], [96.20425760000018, 16.849838856000133], [96.20503322500014, 16.849888931000123], [96.20514160500005, 16.84989592800008], [96.2052251630002, 16.849901323000097], [96.20657130500018, 16.85001945000016], [96.20657157900007, 16.850019457000087], [96.20714416200008, 16.850035643000183], [96.2072312000002, 16.850038104000134], [96.20729997900008, 16.850024888000064], [96.20810883100006, 16.849869475000105], [96.20883670200016, 16.849729619000072], [96.20883750900015, 16.849729538000133], [96.20903856400014, 16.849709323000184], [96.20979499900011, 16.849633267000115], [96.209938824, 16.84957866100001], [96.20993985400014, 16.849578270000052], [96.20996166200013, 16.849569990000077], [96.20996405300008, 16.84956908100014], [96.20997244400013, 16.849565896000115], [96.20997254300005, 16.849566175000064], [96.210197253, 16.850201603000073], [96.21019854700012, 16.850205264000067], [96.21032518300012, 16.850563361000127], [96.21032523500014, 16.850563509000153], [96.21034050000003, 16.850606918000096], [96.21053075700007, 16.851147248000018], [96.21061152400011, 16.851376730000027], [96.21062629700015, 16.851418705000015], [96.21074784900009, 16.852124675000027], [96.21087963500014, 16.853219924000143], [96.21099548800004, 16.85418275300009], [96.2111571550002, 16.855526344000168], [96.2112018430002, 16.855897741000092], [96.21127347400017, 16.856109205000166], [96.21141425900015, 16.856524821000107], [96.21146557300017, 16.856676310000125], [96.21151608900004, 16.856728540000177], [96.21192561500004, 16.85715195800003], [96.21192609700006, 16.857152457000154], [96.21198906300009, 16.857217558000116], [96.21201062600005, 16.857239853000124], [96.21202793100014, 16.857253138000033], [96.21251280100012, 16.857625361000032], [96.21312496100012, 16.858095303000027], [96.21328610400008, 16.858232878000138], [96.21360198700017, 16.85850256200007], [96.21363268200014, 16.85856390800012], [96.21385857600018, 16.85901538100012], [96.21389216600011, 16.85908251400008], [96.21391331600006, 16.859179598000082], [96.21395176400006, 16.85935609000012], [96.21406661900005, 16.859883313000182], [96.21415937400019, 16.86009406800008], [96.21424302100007, 16.86028412799999], [96.21447859400013, 16.860549795000054], [96.2148993150002, 16.86102426400015], [96.21609678099998, 16.862607506000074], [96.2165929520001, 16.863263523000057], [96.21745879800017, 16.864341455999977], [96.21752357500009, 16.86442375200005], [96.21796608000005, 16.865003585000125], [96.21817207300012, 16.865271886000073], [96.21837139200017, 16.865501404000042], [96.2186024630002, 16.86573095], [96.21914863600017, 16.866201401000126], [96.21921142100013, 16.86625543499997], [96.22024345400018, 16.86714363100009], [96.22114489400013, 16.867940467000153], [96.22136116100017, 16.86813163800008], [96.22210255200014, 16.86876223400003], [96.22216097500012, 16.868811926000035], [96.22292456800011, 16.869486800000118], [96.22405433600017, 16.87048530600009], [96.22497475600011, 16.871289834000095], [96.22501373300008, 16.871323903000132], [96.2250091050002, 16.871328206000044], [96.2244806290002, 16.871819496], [96.22443923500015, 16.87184810499997], [96.2241039270001, 16.87207984900016], [96.22347773000007, 16.872497315000032], [96.22299385100007, 16.872819901000128], [96.22192192100005, 16.873481751000156], [96.22159508800007, 16.873711091000132], [96.2208538050001, 16.87421226500004], [96.22012138400004, 16.874734879000073], [96.21988010400014, 16.874880791000066], [96.21948051499999, 16.875059890999978], [96.21811866800005, 16.875543594000135], [96.21744619100008, 16.875777926000183], [96.21661377000004, 16.876211166000132], [96.21525764500018, 16.87694358800013], [96.21386909500006, 16.877712250000172], [96.21324348500019, 16.878034592000176], [96.21224403400015, 16.87861061100017], [96.21175473600016, 16.87887738500018], [96.2091732020001, 16.87989997799997], [96.206838608, 16.880832672000054], [96.20617769300014, 16.881085833000157], [96.20440864600005, 16.881763457999966], [96.20389556900017, 16.88200314800008], [96.20357399000011, 16.882276535000074], [96.20335415400018, 16.88257735200017], [96.20316886900008, 16.882913589], [96.20246150900016, 16.88422343700006], [96.20203031699998, 16.88502188900003], [96.20194881000009, 16.88498334400009], [96.20139145600018, 16.884719774000132], [96.20129923600018, 16.884676164000098], [96.20129912200014, 16.88467637800011]]]}}, {"type": "Feature", "properties": {"adm4_name": "Shan Te Gyi (East)", "adm4_name1": "ရှမ်းတဲကြီး (အရှေ့ပိုင်း)", "adm4_name2": null, "adm4_name3": null, "adm4_pcode": "MMR013020001", "adm3_name": "Dagon Myothit (East)", "adm3_name1": "ဒဂုံမြို့သစ် (အရှေ့ပိုင်း)", "adm3_name2": null, "adm3_name3": null, "adm3_pcode": "MMR013020", "adm2_name": "Yangon (East)", "adm2_name1": "ရန်ကုန်(အရှေ့ပိုင်း)", "adm2_name2": null, "adm2_name3": null, "adm2_pcode": "MMR013D002", "adm1_name": "Yangon", "adm1_name1": "ရန်ကုန်တိုင်းဒေသကြီး", "adm1_name2": null, "adm1_name3": null, "adm1_pcode": "MMR013", "adm0_name": "Myanmar", "adm0_name1": "မြန်မာနိုင်ငံ", "adm0_name2": null, "adm0_name3": null, "adm0_pcode": "MMR", "valid_on": "2024-02-15T00:00:00", "valid_to": null, "area_sqkm": 6.52337417, "version": "v01", "lang": "en", "lang1": "my", "lang2": null, "lang3": null, "adm4_ref_name": "Shan Te Gyi (East)", "center_lat": 17.00595459, "center_lon": 96.28308528}, "geometry": {"type": "Polygon", "coordinates": [[[96.2984857890001, 17.008385571000076], [96.29816456200012, 17.009706172000165], [96.2979861020001, 17.01033078100005], [96.29766487500007, 17.011455076000118], [96.297474518, 17.013370542000132], [96.2970581130001, 17.016285382000092], [96.2970721010002, 17.01660072800007], [96.29711717800012, 17.017616935000035], [96.29711723300005, 17.017618180000056], [96.29718552800011, 17.018224529], [96.29718504000004, 17.01822469700005], [96.29701991600007, 17.018281666000064], [96.29701965900011, 17.018281755000146], [96.29677194500005, 17.01854625200008], [96.29665194799998, 17.018674378000014], [96.29618229200003, 17.01885680100014], [96.2960414580001, 17.018911503000027], [96.2955118590001, 17.018484801000056], [96.29545386800015, 17.01843807800003], [96.29494285600015, 17.01802635200005], [96.29494265100004, 17.018026187000146], [96.29440807200012, 17.017969053], [96.2943852800002, 17.017966617000184], [96.29430142200005, 17.017957655000146], [96.29422863400004, 17.017944633000127], [96.29401810100012, 17.017906968000148], [96.29401414700015, 17.017906260000075], [96.29287145400019, 17.01770182500013], [96.29142567600013, 17.01726684700003], [96.29113984300017, 17.016679314000157], [96.29113978700019, 17.016679199000066], [96.291393459, 17.01620316200001], [96.29142461200001, 17.016144703000066], [96.29147092400012, 17.016057794000062], [96.2915197000001, 17.015765704000046], [96.29153050300016, 17.01570100900011], [96.29161614200007, 17.01518816400005], [96.29161617000005, 17.015187999000148], [96.29114733400019, 17.015103762000024], [96.29078851100007, 17.015058256000145], [96.29017353800009, 17.015031627000155], [96.29016029200005, 17.015031053000143], [96.29013244300012, 17.015029848000097], [96.290090067, 17.015028013000062], [96.29008730300012, 17.01502738900018], [96.28930282900006, 17.014850325999987], [96.28930168700015, 17.01484979200012], [96.28834129199998, 17.014400440000088], [96.2882584520001, 17.01436168099997], [96.28825562500009, 17.014360358000147], [96.28825541999998, 17.01436026200014], [96.28812505100012, 17.014223781000112], [96.28809334500016, 17.014190588000133], [96.2880073440001, 17.014100555000027], [96.28794111000013, 17.014036485000076], [96.28794056300018, 17.014035955000054], [96.2877544540001, 17.013855924000154], [96.28767433800004, 17.013778425000055], [96.28764124300005, 17.013746411000056], [96.28760436600015, 17.013705690000165], [96.28753324300004, 17.01362715100015], [96.28748876800017, 17.013578040000084], [96.28725388900017, 17.013484396000138], [96.2872025420001, 17.013463924000064], [96.28671869200002, 17.013227123000092], [96.28637842100005, 17.01306059100017], [96.28595510600007, 17.012853416000155], [96.28481488400007, 17.01219361699998], [96.28443725400012, 17.011952788000087], [96.28373528000009, 17.01147651000008], [96.28373498600007, 17.01147630700018], [96.2829686880001, 17.010930854000037], [96.2829506560002, 17.01091799500017], [96.28250778800015, 17.010602141000106], [96.28193444500005, 17.01019323500003], [96.28183500400007, 17.010122314000114], [96.28130534700006, 17.009616895000136], [96.28118313900006, 17.009500280000168], [96.28044511700011, 17.00903538299997], [96.28043066200007, 17.00902627800002], [96.28034744000013, 17.008973854000146], [96.28023822800014, 17.00889190500004], [96.28019186200004, 17.00885711400008], [96.28016405300014, 17.008836247000033], [96.27988962000006, 17.008630323000034], [96.279797965, 17.008561547000056], [96.27977311199999, 17.00853888200004], [96.27949236900014, 17.00828285199998], [96.27945520999998, 17.008248963000142], [96.27944557000006, 17.00823592200004], [96.2794157150002, 17.00819553200006], [96.27915956400005, 17.007849], [96.27894429600019, 17.007557778000034], [96.27894043700013, 17.007552558000157], [96.27884064700004, 17.007417557000053], [96.27858585900009, 17.006987989000038], [96.27830684200018, 17.006517571000018], [96.27781840700004, 17.006155004000163], [96.27780557400013, 17.00615437700003], [96.27778636800014, 17.006153438000183], [96.27778361800006, 17.00615330400018], [96.2770583780001, 17.006117814999982], [96.27672337100017, 17.006101422000143], [96.27588824500003, 17.00609003200009], [96.27588601100018, 17.006090053000037], [96.2752474130001, 17.00609595600008], [96.27480847300018, 17.00610001500013], [96.2746217020001, 17.006101741000066], [96.27436143100016, 17.00615378400005], [96.2741045050002, 17.006205159000103], [96.27387808200007, 17.00625043300016], [96.273877894, 17.006250471000158], [96.27387694200013, 17.00625420500012], [96.27384579200003, 17.00637637300008], [96.27377703800005, 17.00664602000012], [96.27377682700012, 17.00664684900005], [96.27373660000006, 17.00716176900005], [96.27360874800013, 17.008184395000114], [96.2734046770002, 17.00876058900019], [96.27309211300013, 17.008946938000065], [96.27241693400009, 17.0089870810001], [96.27239133100005, 17.008983137000087], [96.27210534900019, 17.00893908600011], [96.27142943700005, 17.008834974000024], [96.27114282700012, 17.008790826999984], [96.27001383300012, 17.00848924400003], [96.26949201500014, 17.008216618], [96.26949115600013, 17.00821616800016], [96.26899349500007, 17.00795616200014], [96.26886121400008, 17.007887052000115], [96.26826758900006, 17.007399353000153], [96.26796902600017, 17.007154066000055], [96.26788663300016, 17.007067700000164], [96.26782276500006, 17.007000752000124], [96.26777677700017, 17.00695254500016], [96.2677473820001, 17.00692173300007], [96.26735208800011, 17.006478770000115], [96.26714128000003, 17.006242541], [96.26676345700014, 17.005819157000133], [96.26628770000013, 17.005334296000115], [96.26619102100005, 17.005235766000112], [96.26617352000011, 17.005218755000044], [96.26607538700006, 17.005123367000124], [96.26606507399998, 17.005113341000026], [96.26595511300008, 17.005006455000057], [96.26574143400006, 17.00484600100009], [96.2652946130001, 17.004552342000068], [96.265016527, 17.004449386999966], [96.26347420400003, 17.003767211000024], [96.26295623000016, 17.00353810900009], [96.26281857800018, 17.003480059000083], [96.26295661900014, 17.003538132000187], [96.26302812400007, 17.00345740300014], [96.26476254100015, 17.00149924700014], [96.26663457600006, 17.000188824000134], [96.2675359280002, 16.999557877000086], [96.27159616200004, 16.99831724900008], [96.27252802400005, 16.9980325140001], [96.27377605000015, 16.99720049700005], [96.27502407200018, 16.996368482000094], [96.27946149100006, 16.993040417000145], [96.28348290200017, 16.993317756000067], [96.28579405800008, 16.993475335000028], [96.28958435300007, 16.993733764000012], [96.29110971600011, 16.994092673000125], [96.2942991110001, 16.994843119000052], [96.29762717500012, 16.993317756000067], [96.30087898300008, 16.99329596300015], [96.30094853100013, 16.9994625920001], [96.30087714799998, 17.000854577000098], [96.29944947100012, 17.00545883400008], [96.2984857890001, 17.008385571000076]]]}}, {"type": "Feature", "properties": {"adm4_name": "Ma Lit (East)", "adm4_name1": "မလစ် (အရှေ့)", "adm4_name2": null, "adm4_name3": null, "adm4_pcode": "MMR013020002", "adm3_name": "Dagon Myothit (East)", "adm3_name1": "ဒဂုံမြို့သစ် (အရှေ့ပိုင်း)", "adm3_name2": null, "adm3_name3": null, "adm3_pcode": "MMR013020", "adm2_name": "Yangon (East)", "adm2_name1": "ရန်ကုန်(အရှေ့ပိုင်း)", "adm2_name2": null, "adm2_name3": null, "adm2_pcode": "MMR013D002", "adm1_name": "Yangon", "adm1_name1": "ရန်ကုန်တိုင်းဒေသကြီး", "adm1_name2": null, "adm1_name3": null, "adm1_pcode": "MMR013", "adm0_name": "Myanmar", "adm0_name1": "မြန်မာနိုင်ငံ", "adm0_name2": null, "adm0_name3": null, "adm0_pcode": "MMR", "valid_on": "2024-02-15T00:00:00", "valid_to": null, "area_sqkm": 13.47774364, "version": "v01", "lang": "en", "lang1": "my", "lang2": null, "lang3": null, "adm4_ref_name": "Ma Lit (East)", "center_lat": 16.98255548, "center_lon": 96.2742799}, "geometry": {"type": "Polygon", "coordinates": [[[96.2675359280002, 16.999557877000086], [96.26663457600006, 17.000188824000134], [96.26476254100015, 17.00149924700014], [96.26302812400007, 17.00345740300014], [96.26295661900014, 17.003538132000187], [96.26281857800018, 17.003480059000083], [96.26240319900018, 17.003304889000162], [96.26146124600012, 17.002855057000033], [96.25974476800019, 17.00189009100012], [96.25974721200004, 17.001834541000164], [96.25975567400002, 17.00164221000017], [96.25977457300007, 17.00091393000008], [96.25977458199998, 17.00091357499997], [96.25977459199999, 17.000913208000043], [96.25977516200004, 17.00089073200013], [96.25977517600006, 17.000890694000134], [96.25977518200006, 17.000890470000115], [96.25996941200015, 17.00036787500011], [96.25988918400009, 16.99954400500019], [96.2598233610002, 16.999514148000117], [96.2598227680001, 16.999513879000176], [96.25963678600016, 16.999429517000124], [96.25961727700002, 16.999420668000027], [96.25928325000001, 16.999269152000068], [96.259015805, 16.999364535999973], [96.25832901500002, 16.999543769000184], [96.25756258000013, 16.999761231000036], [96.25642958700007, 16.999883544000113], [96.25642931000016, 16.999883574000137], [96.25550990200009, 16.998712433000094], [96.2555098420001, 16.9987123570001], [96.25517459900016, 16.99862846500008], [96.25366567100019, 16.998313971000186], [96.25257689400007, 16.998087045999966], [96.25248738500005, 16.99803567800018], [96.25240538200012, 16.99798861700009], [96.25203123300014, 16.997773898], [96.25117313300018, 16.997247397000024], [96.25010157100019, 16.996147548000067], [96.24989106700014, 16.995931487000064], [96.2485064830002, 16.99448587500018], [96.24850639300018, 16.99448578099998], [96.24823463300004, 16.99419877000014], [96.24660635200007, 16.992479099000036], [96.24559576700005, 16.99139586500013], [96.24549844500018, 16.991291546000127], [96.24549790000003, 16.99129096200005], [96.2454869460002, 16.991279219999967], [96.24527568000013, 16.991052767000156], [96.24488984500005, 16.990199687000086], [96.24475285400018, 16.989896801999976], [96.24477170500006, 16.989373739000143], [96.24467232000012, 16.989183229], [96.24475173700017, 16.988896295000075], [96.24475231800017, 16.988894195000057], [96.24475674600018, 16.98887819700019], [96.2447568290001, 16.988877896000076], [96.24535122700007, 16.98820260600013], [96.24605713800008, 16.98775631000018], [96.24658065400007, 16.987554864], [96.24675947500003, 16.98748605500009], [96.24706024000017, 16.98743790100019], [96.24738076300014, 16.98738658400015], [96.24835390200008, 16.987271906000046], [96.24936456300014, 16.987226125000063], [96.25005478900005, 16.987264447000086], [96.25054649900005, 16.987328840000146], [96.25062816700006, 16.987339535000046], [96.25063886200013, 16.987340936000066], [96.25115184600014, 16.987441964000084], [96.2516080530001, 16.987531811000167], [96.25187680400006, 16.987574820000077], [96.2520783970001, 16.987607082000068], [96.25222571100005, 16.98763065700018], [96.25260703800006, 16.987645872000087], [96.25294075500005, 16.98769745300018], [96.25302697100011, 16.987710779000054], [96.25319242900014, 16.987716177000152], [96.25360305600009, 16.98772957200009], [96.25387358100016, 16.987623054000153], [96.2544094110001, 16.986804731000063], [96.25456800300009, 16.98656252800015], [96.25491130500006, 16.985971533], [96.25502741700006, 16.985757515000103], [96.25512453400017, 16.98557851100003], [96.2557580900002, 16.984407522000026], [96.25660845300013, 16.983369684000138], [96.25722706400006, 16.98272108000009], [96.25751971500006, 16.982389885000146], [96.25766529800012, 16.982225128000096], [96.25771239300019, 16.982172880000064], [96.25774618700012, 16.98213538800013], [96.25797820400004, 16.981877981000082], [96.25807674400005, 16.981546080000044], [96.25808912800017, 16.981504368000174], [96.25810010300012, 16.981463052000095], [96.25810017100008, 16.981462797000177], [96.2581002390001, 16.981462543000134], [96.25810037400004, 16.981462034], [96.25813478700013, 16.981332478000127], [96.25846249900007, 16.98074167800013], [96.25846651600011, 16.98057364400006], [96.25847904500017, 16.980213398000103], [96.25848190600016, 16.980131148000055], [96.25818015100015, 16.97963106500015], [96.2580763250001, 16.979447670000184], [96.25803951000017, 16.979382805000057], [96.25802040100007, 16.979349136000167], [96.25793538400006, 16.979234463000182], [96.2579136010001, 16.979205080000156], [96.25791344800018, 16.979204874000118], [96.25752778499998, 16.978685365000047], [96.25747571000005, 16.97862550399998], [96.25721902700019, 16.978330442000072], [96.25705883199998, 16.978141416000085], [96.25686980600017, 16.977918370999987], [96.25677292300009, 16.977804052000067], [96.25651714700007, 16.977509961000123], [96.25612078300009, 16.97686384499997], [96.25599185100009, 16.976343106000172], [96.25599127900006, 16.976340797000034], [96.2559908120001, 16.976338911000084], [96.25609779500019, 16.97591591000014], [96.25609789500015, 16.97591557900006], [96.25614357000012, 16.975767807000068], [96.25616264400009, 16.975706100000025], [96.2561627020001, 16.97570591599998], [96.25629603100003, 16.975393052000072], [96.25655936700014, 16.975186982000082], [96.25673501000006, 16.974965733000147], [96.25692935100005, 16.97470274500006], [96.25761203000013, 16.974104061000048], [96.25761212100002, 16.974104022000176], [96.25767617800011, 16.97407634199999], [96.25780632700014, 16.974020102000168], [96.25884067900012, 16.973501062000025], [96.25908436800012, 16.973336717000166], [96.25961074500003, 16.973023998000144], [96.25991645, 16.97272654900013], [96.25992684500005, 16.972718864000115], [96.26000908200007, 16.972658066000065], [96.26012060900013, 16.972575614000164], [96.26016033700006, 16.972546243000124], [96.26018999899998, 16.972525338000082], [96.26036019800011, 16.972405386000105], [96.26036971200006, 16.972398681000186], [96.26056735700013, 16.972138074000043], [96.26060677400011, 16.97208610100006], [96.26072440000007, 16.972005807000187], [96.260781732, 16.971966672000065], [96.26095346, 16.971849445000032], [96.26118465600013, 16.97174651100005], [96.26128402100011, 16.971702272000016], [96.26153333700012, 16.971254450000117], [96.2617994920002, 16.971052632000124], [96.26180065000011, 16.971051753000097], [96.26185026300004, 16.97101413300004], [96.26185026800016, 16.971014090000097], [96.26188278500007, 16.97074447300008], [96.26188799300019, 16.97070129100007], [96.26233483400011, 16.96990388500018], [96.26233490300018, 16.969903762000058], [96.26243780900018, 16.969274588000076], [96.26242362400018, 16.968999783000186], [96.26241457500004, 16.96882448800011], [96.26228165900005, 16.968642818000035], [96.26221620100011, 16.968553350000093], [96.26217420900002, 16.96853127300011], [96.26216295100016, 16.96852535800008], [96.2622413630001, 16.968459129], [96.26243629500004, 16.968298721000053], [96.26263618500008, 16.96814537000006], [96.26283550300002, 16.968002320000153], [96.26304817200014, 16.967858315000058], [96.26325416600014, 16.967723846000183], [96.26347541800016, 16.967592240000158], [96.26368999500005, 16.96746826200018], [96.26391601600017, 16.967348099000105], [96.26414299100003, 16.96723556500001], [96.26433118200009, 16.967147742000122], [96.26437187200008, 16.967128753000054], [96.26450538699999, 16.967071846000067], [96.26460456800015, 16.967029572000115], [96.2647607620001, 16.966966838000076], [96.2648372650001, 16.96693611100011], [96.26493940400013, 16.966898823000065], [96.26507759100008, 16.96684837400005], [96.26531791700012, 16.966766357000097], [96.26555887900014, 16.96669769300013], [96.26568063100007, 16.966739026000084], [96.2663173680001, 16.966955185000074], [96.26663581500009, 16.96706080500013], [96.26666521100003, 16.967070555000078], [96.26692930900003, 16.967158148000124], [96.26708221500007, 16.967208862000064], [96.26775551100019, 16.96743106600013], [96.26779031500018, 16.967442552000023], [96.26785087600013, 16.967462539000167], [96.26797027700019, 16.967500747000145], [96.26803583100008, 16.967521725000097], [96.26824068800005, 16.967587278999986], [96.26861381500015, 16.96770668], [96.26887925600016, 16.967788945000166], [96.26899846400005, 16.96782588900004], [96.26910064400016, 16.967857557000173], [96.26938311300017, 16.967945099000133], [96.26945603899998, 16.967947041000116], [96.26959800700018, 16.967950821000045], [96.2697472050001, 16.967945555000142], [96.26981417400003, 16.96794319100013], [96.26987925700018, 16.96793966300004], [96.27002525400013, 16.96793174700008], [96.27023887700011, 16.96791076700009], [96.27044656600015, 16.967884805000097], [96.27066516900004, 16.967849732000104], [96.27076911900014, 16.967829704000053], [96.2708730700001, 16.967809677000105], [96.27108192500003, 16.967763900000136], [96.27128791800016, 16.967708588000164], [96.27149200500008, 16.967647552000074], [96.27169609100008, 16.967580795000174], [96.27189827000018, 16.967506408000133], [96.2720359170001, 16.967449281000142], [96.27209281900019, 16.96742566500012], [96.27220408200009, 16.967376808999973], [96.27229118400004, 16.967338563], [96.27248064700012, 16.967247645000157], [96.2725886400001, 16.96719036500002], [96.27266883900006, 16.967147827000076], [96.2727802770001, 16.96708364799997], [96.27285099000017, 16.967042923000065], [96.27303505000009, 16.96693229699997], [96.27320798200003, 16.966815313000097], [96.27338218700015, 16.96669197100016], [96.27378797200004, 16.966405708000025], [96.27390670800008, 16.966321946], [96.27443377200018, 16.965960821000067], [96.27496910100018, 16.965600968000047], [96.27550188700019, 16.96525128700017], [96.27604357400014, 16.964904149000063], [96.27658780400009, 16.964564641000038], [96.27713966400006, 16.964232763000098], [96.27741527600017, 16.964069049000045], [96.27769088800005, 16.963905335000163], [96.27786854200019, 16.963802609000027], [96.2782516480001, 16.963581085000158], [96.27880859400017, 16.963268280000136], [96.2792791650001, 16.963010739000026], [96.27937316900005, 16.96295929000013], [96.27994155900018, 16.962654114000145], [96.28032745100012, 16.96245413200012], [96.28051694300018, 16.96235593200015], [96.2809119800001, 16.962160391000054], [96.2811075210002, 16.962063599000032], [96.282674789, 16.96170845000006], [96.28286838500003, 16.961698532000128], [96.28302966400014, 16.961701352000148], [96.28312682200004, 16.96174160600009], [96.28316704300005, 16.961758270000075], [96.28319549600019, 16.961770058000184], [96.28326845200019, 16.961807123000142], [96.28330672700008, 16.96182656800005], [96.28334379200004, 16.96184539799998], [96.28337871100018, 16.96187131], [96.28347282400006, 16.961941147], [96.28354937600017, 16.962019215000055], [96.28358841000005, 16.962059021000186], [96.2836550610001, 16.962156745000073], [96.28367932700019, 16.96219232300018], [96.28374633800013, 16.962340164000068], [96.28378677300003, 16.96249732900003], [96.28379885400005, 16.962662803000057], [96.28378181400006, 16.962820816000033], [96.28373648500013, 16.962969050000083], [96.28372642699998, 16.963001408000082], [96.283691406, 16.963109970000176], [96.2836569910001, 16.96325007700011], [96.28363418600009, 16.963369370000123], [96.28361702000007, 16.96349525500017], [96.28360979100012, 16.963618127000018], [96.28360582400006, 16.963760375999982], [96.28361129700005, 16.963886261000027], [96.2836246490001, 16.964014054000188], [96.28364563000014, 16.96414375300003], [96.28367029000003, 16.96425730699997], [96.28370666500012, 16.964395523000064], [96.28374862700008, 16.96451759300004], [96.28379821800019, 16.964639664000117], [96.28381206100016, 16.964668274000132], [96.2838554380001, 16.96475791900002], [96.28391742800005, 16.96487236100006], [96.28398704500006, 16.964982986000052], [96.2840328210001, 16.965047073000164], [96.28406333900017, 16.965089798], [96.28414344800012, 16.96519279500012], [96.28420698900015, 16.965264623], [96.28423118600011, 16.965291977000163], [96.28432273900012, 16.965384801000027], [96.28435283300013, 16.96541219500017], [96.2843557990002, 16.965414895000038], [96.28442192100016, 16.965475083], [96.28452491800005, 16.96555900600015], [96.28463427300017, 16.96563657100006], [96.2847423560001, 16.965707780000173], [96.2848631550001, 16.96577390000016], [96.28492008800009, 16.965803276000088], [96.28498077400013, 16.96583458700013], [96.28510475200011, 16.96588897700019], [96.2851535060002, 16.96590684100005], [96.28522968300001, 16.965934753000056], [96.2853088820001, 16.96595857300008], [96.28534278500013, 16.96596876900003], [96.28535652200014, 16.965972900999986], [96.28542442200006, 16.96598968700016], [96.28544158600005, 16.96599393000008], [96.28549385100001, 16.966006851000145], [96.28792034500009, 16.966185583000026], [96.28814544600016, 16.966202164000038], [96.28831715000013, 16.966097302000094], [96.28836561500015, 16.96607411100001], [96.28839863700006, 16.966058308000072], [96.288487434, 16.966015815], [96.28866911000011, 16.965958595000075], [96.28888607000016, 16.965927600999976], [96.28905773200012, 16.965926171000035], [96.28923571000013, 16.965950535000104], [96.28937199800004, 16.9659872470001], [96.2894306180001, 16.966003037000178], [96.28951319900006, 16.966040352000164], [96.28952074000006, 16.966043759000172], [96.28952828400014, 16.966047168000046], [96.28961086300018, 16.966084480000063], [96.28962093500007, 16.966090983000186], [96.28963486700019, 16.966099978000102], [96.28964615900003, 16.966107269000133], [96.28976849100007, 16.966186250000135], [96.2898357950001, 16.96624393800016], [96.28991345000003, 16.966310501000066], [96.29003673100004, 16.96645503500008], [96.29013421800005, 16.966613133000067], [96.29018720900007, 16.966737121000165], [96.29020985700015, 16.966790113000116], [96.29021943500004, 16.96682832199997], [96.29025764400012, 16.966980744000182], [96.29027214100017, 16.967168045000108], [96.29025936100015, 16.967350006000174], [96.29021930700003, 16.967530250000152], [96.29017829900005, 16.967666626000096], [96.29020167400012, 16.96770262300015], [96.29027366700012, 16.967813492000175], [96.29033216900012, 16.96791139300018], [96.2903671270002, 16.96796989500001], [96.29039865800007, 16.96802610200018], [96.29045486500019, 16.968126298000072], [96.29054069500017, 16.968286515000102], [96.29061508200004, 16.9684505460001], [96.29068374700012, 16.968618393000042], [96.2907447820001, 16.968786240000156], [96.29079818700018, 16.96895790200017], [96.29084587100004, 16.96912956200015], [96.29088592500011, 16.969305039], [96.29092025800003, 16.969482422000056], [96.29094505300003, 16.96965980500005], [96.29096412700005, 16.969836235000116], [96.29097561100008, 16.97001647999997], [96.29097938500007, 16.97019386300019], [96.2909756090001, 16.970370371000058], [96.29096412700005, 16.97055244500001], [96.29096252900007, 16.97056746600009], [96.29094505300003, 16.97073173500013], [96.29092025800003, 16.970907212000157], [96.2908868790002, 16.97108650200005], [96.29084587100004, 16.97126197800003], [96.29081459100007, 16.971484756000166], [96.2908461020001, 16.97159100900018], [96.29088347300012, 16.971717017000117], [96.29097557000017, 16.971921920000113], [96.29109525700005, 16.972119808000116], [96.29113871100009, 16.972174754000037], [96.29124260000009, 16.97230611499998], [96.29141187700014, 16.972472191000065], [96.29159927400008, 16.972617149000143], [96.29169204900006, 16.97267185100003], [96.29174734100019, 16.972704453000063], [96.29180145300006, 16.972736358000134], [96.29180306299997, 16.972737058], [96.29180306299997, 16.9737653790001], [96.29124838600018, 16.978341467], [96.29110971600011, 16.987770982000143], [96.29110971600011, 16.994092673000125], [96.28958435300007, 16.993733764000012], [96.28579405800008, 16.993475335000028], [96.28348290200017, 16.993317756000067], [96.27946149100006, 16.993040417000145], [96.27502407200018, 16.996368482000094], [96.27377605000015, 16.99720049700005], [96.27252802400005, 16.9980325140001], [96.27159616200004, 16.99831724900008], [96.2675359280002, 16.999557877000086]]]}}, {"type": "Feature", "properties": {"adm4_name": "Lay Daunt Kan (East)", "adm4_name1": "လေးဒါင့်ကန် (အရှေ့ပိုင်း)", "adm4_name2": null, "adm4_name3": null, "adm4_pcode": "MMR013020003", "adm3_name": "Dagon Myothit (East)", "adm3_name1": "ဒဂုံမြို့သစ် (အရှေ့ပိုင်း)", "adm3_name2": null, "adm3_name3": null, "adm3_pcode": "MMR013020", "adm2_name": "Yangon (East)", "adm2_name1": "ရန်ကုန်(အရှေ့ပိုင်း)", "adm2_name2": null, "adm2_name3": null, "adm2_pcode": "MMR013D002", "adm1_name": "Yangon", "adm1_name1": "ရန်ကုန်တိုင်းဒေသကြီး", "adm1_name2": null, "adm1_name3": null, "adm1_pcode": "MMR013", "adm0_name": "Myanmar", "adm0_name1": "မြန်မာနိုင်ငံ", "adm0_name2": null, "adm0_name3": null, "adm0_pcode": "MMR", "valid_on": "2024-02-15T00:00:00", "valid_to": null, "area_sqkm": 2.34022595, "version": "v01", "lang": "en", "lang1": "my", "lang2": null, "lang3": null, "adm4_ref_name": "Lay Daunt Kan (East)", "center_lat": 16.98305622, "center_lon": 96.29582444}, "geometry": {"type": "Polygon", "coordinates": [[[96.30087898300008, 16.99329596300015], [96.29762717500012, 16.993317756000067], [96.2942991110001, 16.994843119000052], [96.29110971600011, 16.994092673000125], [96.29110971600011, 16.987770982000143], [96.29124838600018, 16.978341467], [96.29180306299997, 16.9737653790001], [96.29180306299997, 16.972737058], [96.29190860900019, 16.972782916000085], [96.29203192400018, 16.97283649400009], [96.29211418300014, 16.972861683000133], [96.29224681900013, 16.972902298], [96.292452836, 16.97293916400008], [96.29249016000011, 16.972945844000094], [96.29251751000004, 16.97294806100018], [96.29265880500009, 16.972959519000028], [96.29282061200007, 16.972958883], [96.29299057800011, 16.972940869000126], [96.29307556100014, 16.972931862000166], [96.29314471800006, 16.972916864000183], [96.29331302600013, 16.97288036400016], [96.29353857000012, 16.972904683000138], [96.2937107090001, 16.972940445000063], [96.29388237000018, 16.972969055000135], [96.29402973500004, 16.972988954000073], [96.2940565740002, 16.972992579000106], [96.29407304700004, 16.972994087000075], [96.29423888700012, 16.97300926600019], [96.29441261300008, 16.973016739000172], [96.2945880900001, 16.973016739000172], [96.29467769400009, 16.973014791000026], [96.29476356500015, 16.973012924000102], [96.29493297300013, 16.972998272000154], [96.29511451800016, 16.972978591000015], [96.29528808600014, 16.972951889000115], [96.295461655, 16.97291755700013], [96.29562759400017, 16.97287750200013], [96.29579925500008, 16.97282791200007], [96.29596424100004, 16.97277450600012], [96.29612922700016, 16.97271347000003], [96.29619789100019, 16.972684727000058], [96.2962932590001, 16.972644806000062], [96.29644376400017, 16.972574510000072], [96.29660415600011, 16.97248840300017], [96.29675674400016, 16.972403526000164], [96.29690361000002, 16.97230911300005], [96.29704856900003, 16.972209930000133], [96.29718589800012, 16.972106298000085], [96.29727490800019, 16.972032547000083], [96.29731941200015, 16.971995672000162], [96.29735994000015, 16.971959033000076], [96.29744529800007, 16.97188186600016], [96.29757118200001, 16.971760432000053], [96.29769229900018, 16.97163581900014], [96.29780387900018, 16.971506119000082], [96.29790941900006, 16.971371333000093], [96.29801178000008, 16.97123146100006], [96.29810619400007, 16.97109031700012], [96.29819552100008, 16.970944087000078], [96.29827880800013, 16.970792770000116], [96.2983512880001, 16.970640182000068], [96.29841995200007, 16.97048378000011], [96.29848480300006, 16.97032356300008], [96.29854011499998, 16.97016334600005], [96.29988264700006, 16.97291111200002], [96.3000205420002, 16.973193343000048], [96.3001276170001, 16.9737287210001], [96.3001276170001, 16.976691149999965], [96.30016403700006, 16.97736856900019], [96.30084145600006, 16.989968543000145], [96.30087898300008, 16.99329596300015]]]}}, {"type": "Feature", "properties": {"adm4_name": "Urban", "adm4_name1": null, "adm4_name2": null, "adm4_name3": null, "adm4_pcode": "MMR013020701", "adm3_name": "Dagon Myothit (East)", "adm3_name1": "ဒဂုံမြို့သစ် (အရှေ့ပိုင်း)", "adm3_name2": null, "adm3_name3": null, "adm3_pcode": "MMR013020", "adm2_name": "Yangon (East)", "adm2_name1": "ရန်ကုန်(အရှေ့ပိုင်း)", "adm2_name2": null, "adm2_name3": null, "adm2_pcode": "MMR013D002", "adm1_name": "Yangon", "adm1_name1": "ရန်ကုန်တိုင်းဒေသကြီး", "adm1_name2": null, "adm1_name3": null, "adm1_pcode": "MMR013", "adm0_name": "Myanmar", "adm0_name1": "မြန်မာနိုင်ငံ", "adm0_name2": null, "adm0_name3": null, "adm0_pcode": "MMR", "valid_on": "2024-02-15T00:00:00", "valid_to": null, "area_sqkm": 61.21541164, "version": "v01", "lang": "en", "lang1": "my", "lang2": null, "lang3": null, "adm4_ref_name": "Urban", "center_lat": 16.92230152, "center_lon": 96.22858784}, "geometry": {"type": "Polygon", "coordinates": [[[96.295461655, 16.97291755700013], [96.29528808600014, 16.972951889000115], [96.29511451800016, 16.972978591000015], [96.29493297300013, 16.972998272000154], [96.29476356500015, 16.973012924000102], [96.29467769400009, 16.973014791000026], [96.2945880900001, 16.973016739000172], [96.29441261300008, 16.973016739000172], [96.29423888700012, 16.97300926600019], [96.29407304700004, 16.972994087000075], [96.2940565740002, 16.972992579000106], [96.29402973500004, 16.972988954000073], [96.29388237000018, 16.972969055000135], [96.2937107090001, 16.972940445000063], [96.29353857000012, 16.972904683000138], [96.29331302600013, 16.97288036400016], [96.29314471800006, 16.972916864000183], [96.29307556100014, 16.972931862000166], [96.29299057800011, 16.972940869000126], [96.29282061200007, 16.972958883], [96.29265880500009, 16.972959519000028], [96.29251751000004, 16.97294806100018], [96.29249016000011, 16.972945844000094], [96.292452836, 16.97293916400008], [96.29224681900013, 16.972902298], [96.29211418300014, 16.972861683000133], [96.29203192400018, 16.97283649400009], [96.29190860900019, 16.972782916000085], [96.29180306299997, 16.972737058], [96.29180145300006, 16.972736358000134], [96.29174734100019, 16.972704453000063], [96.29169204900006, 16.97267185100003], [96.29159927400008, 16.972617149000143], [96.29141187700014, 16.972472191000065], [96.29124260000009, 16.97230611499998], [96.29113871100009, 16.972174754000037], [96.29109525700005, 16.972119808000116], [96.29097557000017, 16.971921920000113], [96.29088347300012, 16.971717017000117], [96.2908461020001, 16.97159100900018], [96.29081459100007, 16.971484756000166], [96.29084587100004, 16.97126197800003], [96.2908868790002, 16.97108650200005], [96.29092025800003, 16.970907212000157], [96.29094505300003, 16.97073173500013], [96.29096252900007, 16.97056746600009], [96.29096412700005, 16.97055244500001], [96.2909756090001, 16.970370371000058], [96.29097938500007, 16.97019386300019], [96.29097561100008, 16.97001647999997], [96.29096412700005, 16.969836235000116], [96.29094505300003, 16.96965980500005], [96.29092025800003, 16.969482422000056], [96.29088592500011, 16.969305039], [96.29084587100004, 16.96912956200015], [96.29079818700018, 16.96895790200017], [96.2907447820001, 16.968786240000156], [96.29068374700012, 16.968618393000042], [96.29061508200004, 16.9684505460001], [96.29054069500017, 16.968286515000102], [96.29045486500019, 16.968126298000072], [96.29039865800007, 16.96802610200018], [96.2903671270002, 16.96796989500001], [96.29033216900012, 16.96791139300018], [96.29027366700012, 16.967813492000175], [96.29020167400012, 16.96770262300015], [96.29017829900005, 16.967666626000096], [96.29021930700003, 16.967530250000152], [96.29025936100015, 16.967350006000174], [96.29027214100017, 16.967168045000108], [96.29025764400012, 16.966980744000182], [96.29021943500004, 16.96682832199997], [96.29020985700015, 16.966790113000116], [96.29018720900007, 16.966737121000165], [96.29013421800005, 16.966613133000067], [96.29003673100004, 16.96645503500008], [96.28991345000003, 16.966310501000066], [96.2898357950001, 16.96624393800016], [96.28976849100007, 16.966186250000135], [96.28964615900003, 16.966107269000133], [96.28963486700019, 16.966099978000102], [96.28962093500007, 16.966090983000186], [96.28961086300018, 16.966084480000063], [96.28952828400014, 16.966047168000046], [96.28952074000006, 16.966043759000172], [96.28951319900006, 16.966040352000164], [96.2894306180001, 16.966003037000178], [96.28937199800004, 16.9659872470001], [96.28923571000013, 16.965950535000104], [96.28905773200012, 16.965926171000035], [96.28888607000016, 16.965927600999976], [96.28866911000011, 16.965958595000075], [96.288487434, 16.966015815], [96.28839863700006, 16.966058308000072], [96.28836561500015, 16.96607411100001], [96.28831715000013, 16.966097302000094], [96.28814544600016, 16.966202164000038], [96.28792034500009, 16.966185583000026], [96.28549385100001, 16.966006851000145], [96.28544158600005, 16.96599393000008], [96.28542442200006, 16.96598968700016], [96.28535652200014, 16.965972900999986], [96.28534278500013, 16.96596876900003], [96.2853088820001, 16.96595857300008], [96.28522968300001, 16.965934753000056], [96.2851535060002, 16.96590684100005], [96.28510475200011, 16.96588897700019], [96.28498077400013, 16.96583458700013], [96.28492008800009, 16.965803276000088], [96.2848631550001, 16.96577390000016], [96.2847423560001, 16.965707780000173], [96.28463427300017, 16.96563657100006], [96.28452491800005, 16.96555900600015], [96.28442192100016, 16.965475083], [96.2843557990002, 16.965414895000038], [96.28435283300013, 16.96541219500017], [96.28432273900012, 16.965384801000027], [96.28423118600011, 16.965291977000163], [96.28420698900015, 16.965264623], [96.28414344800012, 16.96519279500012], [96.28406333900017, 16.965089798], [96.2840328210001, 16.965047073000164], [96.28398704500006, 16.964982986000052], [96.28391742800005, 16.96487236100006], [96.2838554380001, 16.96475791900002], [96.28381206100016, 16.964668274000132], [96.28379821800019, 16.964639664000117], [96.28374862700008, 16.96451759300004], [96.28370666500012, 16.964395523000064], [96.28367029000003, 16.96425730699997], [96.28364563000014, 16.96414375300003], [96.2836246490001, 16.964014054000188], [96.28361129700005, 16.963886261000027], [96.28360582400006, 16.963760375999982], [96.28360979100012, 16.963618127000018], [96.28361702000007, 16.96349525500017], [96.28363418600009, 16.963369370000123], [96.2836569910001, 16.96325007700011], [96.283691406, 16.963109970000176], [96.28372642699998, 16.963001408000082], [96.28373648500013, 16.962969050000083], [96.28378181400006, 16.962820816000033], [96.28379885400005, 16.962662803000057], [96.28378677300003, 16.96249732900003], [96.28374633800013, 16.962340164000068], [96.28367932700019, 16.96219232300018], [96.2836550610001, 16.962156745000073], [96.28358841000005, 16.962059021000186], [96.28354937600017, 16.962019215000055], [96.28347282400006, 16.961941147], [96.28337871100018, 16.96187131], [96.28334379200004, 16.96184539799998], [96.28330672700008, 16.96182656800005], [96.28326845200019, 16.961807123000142], [96.28319549600019, 16.961770058000184], [96.28316704300005, 16.961758270000075], [96.28312682200004, 16.96174160600009], [96.28302966400014, 16.961701352000148], [96.28286838500003, 16.961698532000128], [96.282674789, 16.96170845000006], [96.2811075210002, 16.962063599000032], [96.2809119800001, 16.962160391000054], [96.28051694300018, 16.96235593200015], [96.28032745100012, 16.96245413200012], [96.27994155900018, 16.962654114000145], [96.27937316900005, 16.96295929000013], [96.2792791650001, 16.963010739000026], [96.27880859400017, 16.963268280000136], [96.2782516480001, 16.963581085000158], [96.27786854200019, 16.963802609000027], [96.27769088800005, 16.963905335000163], [96.27741527600017, 16.964069049000045], [96.27713966400006, 16.964232763000098], [96.27658780400009, 16.964564641000038], [96.27604357400014, 16.964904149000063], [96.27550188700019, 16.96525128700017], [96.27496910100018, 16.965600968000047], [96.27443377200018, 16.965960821000067], [96.27390670800008, 16.966321946], [96.27378797200004, 16.966405708000025], [96.27338218700015, 16.96669197100016], [96.27320798200003, 16.966815313000097], [96.27303505000009, 16.96693229699997], [96.27285099000017, 16.967042923000065], [96.2727802770001, 16.96708364799997], [96.27266883900006, 16.967147827000076], [96.2725886400001, 16.96719036500002], [96.27248064700012, 16.967247645000157], [96.27229118400004, 16.967338563], [96.27220408200009, 16.967376808999973], [96.27209281900019, 16.96742566500012], [96.2720359170001, 16.967449281000142], [96.27189827000018, 16.967506408000133], [96.27169609100008, 16.967580795000174], [96.27149200500008, 16.967647552000074], [96.27128791800016, 16.967708588000164], [96.27108192500003, 16.967763900000136], [96.2708730700001, 16.967809677000105], [96.27076911900014, 16.967829704000053], [96.27066516900004, 16.967849732000104], [96.27044656600015, 16.967884805000097], [96.27023887700011, 16.96791076700009], [96.27002525400013, 16.96793174700008], [96.26987925700018, 16.96793966300004], [96.26981417400003, 16.96794319100013], [96.2697472050001, 16.967945555000142], [96.26959800700018, 16.967950821000045], [96.26945603899998, 16.967947041000116], [96.26938311300017, 16.967945099000133], [96.26910064400016, 16.967857557000173], [96.26899846400005, 16.96782588900004], [96.26887925600016, 16.967788945000166], [96.26861381500015, 16.96770668], [96.26824068800005, 16.967587278999986], [96.26803583100008, 16.967521725000097], [96.26797027700019, 16.967500747000145], [96.26785087600013, 16.967462539000167], [96.26779031500018, 16.967442552000023], [96.26775551100019, 16.96743106600013], [96.26708221500007, 16.967208862000064], [96.26692930900003, 16.967158148000124], [96.26666521100003, 16.967070555000078], [96.26663581500009, 16.96706080500013], [96.2663173680001, 16.966955185000074], [96.26568063100007, 16.966739026000084], [96.26555887900014, 16.96669769300013], [96.26531791700012, 16.966766357000097], [96.26507759100008, 16.96684837400005], [96.26493940400013, 16.966898823000065], [96.2648372650001, 16.96693611100011], [96.2647607620001, 16.966966838000076], [96.26460456800015, 16.967029572000115], [96.26450538699999, 16.967071846000067], [96.26437187200008, 16.967128753000054], [96.26433118200009, 16.967147742000122], [96.26414299100003, 16.96723556500001], [96.26391601600017, 16.967348099000105], [96.26368999500005, 16.96746826200018], [96.26347541800016, 16.967592240000158], [96.26325416600014, 16.967723846000183], [96.26304817200014, 16.967858315000058], [96.26283550300002, 16.968002320000153], [96.26263618500008, 16.96814537000006], [96.26243629500004, 16.968298721000053], [96.2622413630001, 16.968459129], [96.26216295100016, 16.96852535800008], [96.26213707800008, 16.968547213000022], [96.26205380800013, 16.968617545000143], [96.26157951300002, 16.96837997500006], [96.26029714000009, 16.967776616000094], [96.25929164900009, 16.967411042000094], [96.25843095800019, 16.967185975000177], [96.25734688700015, 16.967120855000132], [96.25719261200004, 16.96711158700009], [96.25715166200007, 16.967114088000187], [96.25619316200016, 16.967172622000078], [96.25496037800013, 16.967159271000128], [96.25480451700008, 16.967125703000022], [96.25408363400004, 16.966970444000026], [96.2537064980001, 16.966818644000057], [96.253414535, 16.966701126000146], [96.25279558300014, 16.966290031000142], [96.25257786800017, 16.96614542900005], [96.25219917300018, 16.96591313700003], [96.25162076700008, 16.96572142800005], [96.25130144800005, 16.96561559100013], [96.2504215240001, 16.96574211100011], [96.24974314400009, 16.966122945000166], [96.248983383, 16.966882706000035], [96.24830360400017, 16.967576981000036], [96.246920267, 16.968238195000026], [96.24641978500017, 16.968301007000093], [96.2461299900001, 16.96833737700007], [96.24525070200019, 16.96814727800006], [96.24428431200016, 16.967581902000177], [96.24385337900009, 16.96732978900019], [96.24299981900003, 16.966486203000045], [96.24298286500004, 16.966469447000065], [96.24188232500012, 16.964921951000065], [96.24152963800015, 16.964273626000022], [96.240991592, 16.963311195000017], [96.23986434900013, 16.961600622000162], [96.23931630400017, 16.960110983000106], [96.23939144900004, 16.959749320000128], [96.23962211600002, 16.958639145000177], [96.23966282800006, 16.958472214000153], [96.23970839300017, 16.958285382000156], [96.23974761900001, 16.958124542000178], [96.23994636600003, 16.957171122000148], [96.23966026400018, 16.955978394000056], [96.23953858300013, 16.95553074200012], [96.23953853800003, 16.955530577000047], [96.2390880580001, 16.953873317000046], [96.23839759800018, 16.952916463000065], [96.23785082500012, 16.952804566000168], [96.2370948790001, 16.952974955000116], [96.23651779800008, 16.953542786000128], [96.2363498690001, 16.953738022000095], [96.23571205200017, 16.95495033300017], [96.23498916700015, 16.95630264300013], [96.23395156900011, 16.95781135599998], [96.23290888500014, 16.95919990600015], [96.23175112500007, 16.95998954700019], [96.23042068500013, 16.960514069000055], [96.230103493, 16.96046436600011], [96.22935358700016, 16.96034685799998], [96.2286389680001, 16.959768295000174], [96.22864356900004, 16.959397727000066], [96.22864356900004, 16.95939766800018], [96.22865295400015, 16.958641688000114], [96.22889645900017, 16.957291285000053], [96.22872167200018, 16.956662416000142], [96.22856044800017, 16.956082345000027], [96.22822837800004, 16.955288314000143], [96.22734069800015, 16.95383167300014], [96.22653961200012, 16.952711106000038], [96.22593307500011, 16.951902389000054], [96.22588020600006, 16.951838890000033], [96.2247983640001, 16.95053952800015], [96.22471389700013, 16.95044903300004], [96.22468728700005, 16.950406117000057], [96.224531072, 16.950218492000033], [96.22450065600015, 16.95018196100017], [96.22444161500016, 16.95010978400012], [96.22420289900015, 16.949817956000118], [96.22386975400019, 16.94924810400005], [96.22297888500009, 16.948140227000124], [96.2221565430001, 16.947843271000067], [96.22125425100006, 16.94772905700006], [96.21989510300006, 16.94780900600017], [96.21927834600007, 16.94763768500013], [96.21886717500007, 16.94737499300004], [96.21883148000006, 16.947379385999966], [96.21872329700005, 16.947130203000086], [96.2186176300001, 16.94618568400017], [96.21886474800016, 16.945848026000135], [96.21890638700012, 16.945622569000022], [96.21935829600011, 16.94517066000003], [96.21992936700019, 16.944359739000163], [96.22020348100017, 16.94369729800013], [96.22016921600004, 16.94285211300013], [96.21982657400014, 16.94229246300017], [96.21939256100018, 16.941824185000144], [96.21867301200007, 16.94156149300011], [96.21803341300017, 16.941515808000133], [96.21710827800013, 16.941652865000037], [96.21611461500004, 16.942075457000158], [96.21482399500019, 16.943206176], [96.21403049600019, 16.94423825200016], [96.21402960000012, 16.944239417000176], [96.21400449600014, 16.944265386999973], [96.21352046400006, 16.944766110000103], [96.213518727, 16.944767908000074], [96.21351859500004, 16.94476804300018], [96.21386454500004, 16.94501437200006], [96.21379849400017, 16.945069771000135], [96.21319996600005, 16.945295881000163], [96.21294188800016, 16.945393378000176], [96.21215190599997, 16.945783609000046], [96.2118118050002, 16.94575385000013], [96.21139047900016, 16.945716985], [96.21075278300015, 16.945431449000182], [96.2103625520001, 16.94489845000004], [96.21021978400017, 16.944279790000053], [96.21021986300008, 16.944279625000092], [96.21056242600014, 16.943565952000142], [96.21211383500014, 16.940843848000156], [96.21218137400012, 16.94077503500006], [96.21261828100012, 16.940329885000153], [96.21331308400016, 16.93917822500009], [96.21346536900006, 16.938112227000147], [96.21346434900016, 16.93811022699998], [96.21304468000017, 16.937287347000108], [96.21292811600011, 16.937241567000058], [96.21091264000012, 16.936449983000102], [96.2095040420001, 16.93648784900006], [96.2082476860001, 16.93648784900006], [96.20770828400003, 16.93635299800019], [96.20680097400009, 16.93612617000008], [96.20584919000004, 16.93537426], [96.20452620999998, 16.93435585100002], [96.20331744400016, 16.933908513000176], [96.20264643500019, 16.93377228800017], [96.20159947200017, 16.93372470000014], [96.19991005600014, 16.933891261000156], [96.19838720000013, 16.933986440000126], [96.19705470200017, 16.93386746700014], [96.19643604200013, 16.933534343000076], [96.19617430100004, 16.932844298000134], [96.19617449100008, 16.93284331000001], [96.19617453100005, 16.93284310400003], [96.19629327500013, 16.932225639000023], [96.19676916700007, 16.931345238000063], [96.19759527700006, 16.929323955000086], [96.19759522500004, 16.92932270100016], [96.19759529800012, 16.92932252300011], [96.1975018240002, 16.927059016000157], [96.19750116900008, 16.927057797000145], [96.197275203, 16.926636750000057], [96.19727456000004, 16.926637026000094], [96.19708855300001, 16.92629043600016], [96.19592737600016, 16.92467240300016], [96.19510884100004, 16.923054369], [96.19510808000001, 16.923050562000128], [96.19507000900018, 16.922098778000077], [96.19526036500014, 16.920537851000176], [96.19529837800013, 16.919055347999972], [96.19474716400003, 16.918028948000142], [96.19321908800003, 16.917202230000157], [96.19304044800003, 16.91711629600013], [96.19187899600018, 16.917132938000066], [96.19159060800013, 16.91713707000008], [96.19158730100014, 16.917137118000085], [96.19158520000008, 16.91713714800011], [96.19158269000019, 16.91713718400007], [96.19097438200015, 16.917145900000094], [96.18960752700013, 16.917495948000123], [96.18869381400009, 16.918542911000145], [96.18797045800011, 16.91997058800007], [96.18627628200011, 16.92174090700007], [96.18452499900002, 16.922540406000053], [96.1820693950001, 16.923168583000063], [96.18018486200003, 16.923073405000025], [96.18000292900018, 16.922981120000088], [96.18014909200008, 16.92263142500019], [96.1801484360002, 16.922631306000085], [96.1801501020002, 16.922627937000073], [96.18021126700017, 16.92250425300017], [96.18110608600006, 16.9206947940001], [96.18246559699998, 16.918383918000018], [96.18300466900018, 16.917999813000165], [96.18361712200016, 16.916347946000144], [96.1837467000002, 16.91603626500006], [96.18397556200017, 16.915983413000106], [96.1851440210001, 16.914138460000117], [96.1853415870001, 16.9137550210001], [96.18555044200008, 16.913366180000025], [96.18569563500012, 16.913047498000083], [96.18574236300003, 16.91294493500004], [96.18591170400009, 16.912620899000046], [96.18603024400016, 16.912340069000095], [96.18612620400012, 16.912086239000075], [96.18623909900009, 16.911827011000128], [96.18644230900003, 16.91149757300019], [96.18671890000013, 16.911081725000088], [96.18696726900015, 16.910622669000134], [96.18724386100013, 16.910163614000055], [96.18753174200003, 16.909661352000057], [96.1877631750001, 16.90922929700008], [96.18804541200006, 16.908727032], [96.18867762200017, 16.90756587700014], [96.18896550300008, 16.907106814000088], [96.1892195160001, 16.906593742999974], [96.18951868600016, 16.906080668000072], [96.18968802800009, 16.90572961800018], [96.19007187000005, 16.905086923], [96.19041619900003, 16.90441182100011], [96.19070408000016, 16.903936547000058], [96.19076241300007, 16.903820325000027], [96.19118388200008, 16.902980596000077], [96.19161288100014, 16.902235274000077], [96.19169294300019, 16.902091643000176], [96.19224509100019, 16.901101085000107], [96.19293374700015, 16.89984806600006], [96.1931046310001, 16.899566163000088], [96.1934248390001, 16.899037920000183], [96.19423063900018, 16.897521607000044], [96.19427154800007, 16.897444625000105], [96.19430058200004, 16.89739086500009], [96.1948811800001, 16.89631580600002], [96.19542307300009, 16.895359816000166], [96.19581387600016, 16.89459243699997], [96.19607221800004, 16.894085156000017], [96.19610257900018, 16.89403506900004], [96.19656330900011, 16.893274985000062], [96.19681903100013, 16.892857171000117], [96.1971356740001, 16.89233981800004], [96.19716165000011, 16.8922973760001], [96.19739308400011, 16.891867982000065], [96.19785877400005, 16.890911969000115], [96.19786449200018, 16.89090207600009], [96.19808644800008, 16.890517981000187], [96.19852203000005, 16.889764206999985], [96.19925020000011, 16.888419292000037], [96.19958323900005, 16.88770632100011], [96.20007433000006, 16.886950137000042], [96.20041865900004, 16.886285773000168], [96.20046317600008, 16.886210044], [96.20072347400014, 16.885767243000032], [96.20106780300011, 16.88510827500005], [96.2012758800002, 16.884719774000132], [96.20129912200014, 16.88467637800011], [96.20129923600018, 16.884676164000098], [96.20139145600018, 16.884719774000132], [96.20194881000009, 16.88498334400009], [96.20203031699998, 16.88502188900003], [96.20246150900016, 16.88422343700006], [96.20316886900008, 16.882913589], [96.20335415400018, 16.88257735200017], [96.20357399000011, 16.882276535000074], [96.20389556900017, 16.88200314800008], [96.20440864600005, 16.881763457999966], [96.20617769300014, 16.881085833000157], [96.206838608, 16.880832672000054], [96.2091732020001, 16.87989997799997], [96.21175473600016, 16.87887738500018], [96.21224403400015, 16.87861061100017], [96.21324348500019, 16.878034592000176], [96.21386909500006, 16.877712250000172], [96.21525764500018, 16.87694358800013], [96.21661377000004, 16.876211166000132], [96.21744619100008, 16.875777926000183], [96.21811866800005, 16.875543594000135], [96.21948051499999, 16.875059890999978], [96.21988010400014, 16.874880791000066], [96.22012138400004, 16.874734879000073], [96.2208538050001, 16.87421226500004], [96.22159508800007, 16.873711091000132], [96.22192192100005, 16.873481751000156], [96.22299385100007, 16.872819901000128], [96.22347773000007, 16.872497315000032], [96.2241039270001, 16.87207984900016], [96.22443923500015, 16.87184810499997], [96.2244806290002, 16.871819496], [96.2250091050002, 16.871328206000044], [96.22501373300008, 16.871323903000132], [96.2250149680001, 16.871324989000072], [96.22542190500008, 16.871683121], [96.22564029700004, 16.871892929000126], [96.22592926100015, 16.872297287000038], [96.22616004900004, 16.872598648000178], [96.22689247199997, 16.873582840000097], [96.22744521600009, 16.87433635000008], [96.22855186500004, 16.875844956000037], [96.23032951400018, 16.87829017700011], [96.23133644400014, 16.879644810000173], [96.2322406770001, 16.880861283], [96.23351097100004, 16.882581711000114], [96.234083849, 16.88338885600018], [96.2341695090002, 16.883519813000078], [96.23427097100006, 16.883674933000123], [96.23584175100018, 16.885759354000186], [96.2367992400001, 16.887071609000145], [96.23820304900016, 16.888971329000128], [96.2394199370001, 16.890630722000026], [96.24025380000006, 16.891763687000036], [96.24047279400008, 16.892061233000163], [96.24064492900004, 16.892297744000132], [96.24141120900003, 16.893350601000066], [96.24250984200006, 16.894851685000106], [96.24269816999998, 16.895097107000026], [96.24286752800015, 16.89531780900012], [96.24332237200014, 16.895950317000086], [96.24379428500004, 16.896583558000145], [96.24414253200013, 16.89705085700018], [96.24469184900005, 16.89779853800013], [96.24496269200017, 16.89817237799997], [96.24525133800006, 16.898591995000174], [96.24570179, 16.899343490999968], [96.2461044100001, 16.900033823000058], [96.24644279500012, 16.90064048800008], [96.24692344600004, 16.90150260900009], [96.24750137300015, 16.902513504000183], [96.24804242400006, 16.90343157400008], [96.24876976000019, 16.904720306000172], [96.24919126000009, 16.905440709000175], [96.24961280800017, 16.90620231600002], [96.25038337700005, 16.90756416300019], [96.25100135800011, 16.908651352000163], [96.25145573800006, 16.90944438400004], [96.25171280000018, 16.909893036000028], [96.25231552200012, 16.910968781000122], [96.2525119780002, 16.911241531000144], [96.25267124200008, 16.91144943200004], [96.25289344800018, 16.91171264700006], [96.25319480900015, 16.912054062000152], [96.25338858000009, 16.912275704000024], [96.25375175500005, 16.912691116000076], [96.25492286700012, 16.914033889999985], [96.25617027300012, 16.915491104000125], [96.2567713860002, 16.91618259100005], [96.25683664000007, 16.916257657000074], [96.25755310000005, 16.917081833000054], [96.25775337800007, 16.91731000400017], [96.25877189700009, 16.91847038300017], [96.2613997160002, 16.921497609000028], [96.26241111700011, 16.92266273500013], [96.26559066800019, 16.92630004900019], [96.2683429720002, 16.929513932000077], [96.26869217100005, 16.929903481000053], [96.26948165900018, 16.930784201000108], [96.27120018000016, 16.932760239000174], [96.2725930900001, 16.934346608000055], [96.27271080000008, 16.93448066700006], [96.27286148200011, 16.934653777000165], [96.27412033100012, 16.936100006], [96.27552032500012, 16.93774032600004], [96.2763809650001, 16.93871499000005], [96.2765712740001, 16.93893051200007], [96.27737045300006, 16.939870835000022], [96.27844619900009, 16.94107837700011], [96.27852249200009, 16.941164017000062], [96.27855110300004, 16.94119727300017], [96.2796154020001, 16.942434311], [96.28059578000006, 16.9435634620001], [96.28179359500012, 16.944917679000127], [96.28283840400013, 16.946170370000118], [96.28409004300005, 16.94758033800008], [96.28431360100006, 16.947836062000135], [96.2843439360002, 16.947870763000026], [96.28434493700018, 16.94787190800008], [96.28439522000019, 16.94792942600003], [96.28515052800014, 16.948793411], [96.2868213650001, 16.95071220400007], [96.28817939700019, 16.952287674000047], [96.28965187100016, 16.95397377000006], [96.29048820500009, 16.954935074000048], [96.29097938500007, 16.955499649000103], [96.2914080380001, 16.95599371300017], [96.29144191300014, 16.956032757000173], [96.29215431200004, 16.956853867000063], [96.29297065700013, 16.957780838000133], [96.29356576000009, 16.958478910000167], [96.29372024600008, 16.95866012600004], [96.2938189300001, 16.958771256000034], [96.29458236700009, 16.959630966000077], [96.29477930100006, 16.959881306], [96.29492187500011, 16.960203171000103], [96.29489453600007, 16.960646947000043], [96.29477854100014, 16.960885614000176], [96.29466247600004, 16.961124421000136], [96.29449272200003, 16.96133041400003], [96.29425239600005, 16.961713791000022], [96.29411201500005, 16.961957930999972], [96.29404322300007, 16.962291082000093], [96.29407882700019, 16.96270434100012], [96.29424407300019, 16.96310130100011], [96.29583072700018, 16.964734066000062], [96.29670143200019, 16.965600967000114], [96.29704666000015, 16.965948921000177], [96.29815101600002, 16.96706199700003], [96.29860070700005, 16.967560639999988], [96.29886589000006, 16.96785469100007], [96.29888343800008, 16.968167623000056], [96.29871940599998, 16.968824386000108], [96.29854011499998, 16.97016334600005], [96.29848480300006, 16.97032356300008], [96.29841995200007, 16.97048378000011], [96.2983512880001, 16.970640182000068], [96.29827880800013, 16.970792770000116], [96.29819552100008, 16.970944087000078], [96.29810619400007, 16.97109031700012], [96.29801178000008, 16.97123146100006], [96.29790941900006, 16.971371333000093], [96.29780387900018, 16.971506119000082], [96.29769229900018, 16.97163581900014], [96.29757118200001, 16.971760432000053], [96.29744529800007, 16.97188186600016], [96.29735994000015, 16.971959033000076], [96.29731941200015, 16.971995672000162], [96.29727490800019, 16.972032547000083], [96.29718589800012, 16.972106298000085], [96.29704856900003, 16.972209930000133], [96.29690361000002, 16.97230911300005], [96.29675674400016, 16.972403526000164], [96.29660415600011, 16.97248840300017], [96.29644376400017, 16.972574510000072], [96.2962932590001, 16.972644806000062], [96.29619789100019, 16.972684727000058], [96.29612922700016, 16.97271347000003], [96.29596424100004, 16.97277450600012], [96.29579925500008, 16.97282791200007], [96.29562759400017, 16.97287750200013], [96.295461655, 16.97291755700013]]]}}, {"type": "Feature", "properties": {"adm4_name": "Urban", "adm4_name1": null, "adm4_name2": null, "adm4_name3": null, "adm4_pcode": "MMR013021701", "adm3_name": "Dagon Myothit (Seikkan)", "adm3_name1": "ဒဂုံမြို့သစ် (ဆိပ်ကမ်း)", "adm3_name2": null, "adm3_name3": null, "adm3_pcode": "MMR013021", "adm2_name": "Yangon (East)", "adm2_name1": "ရန်ကုန်(အရှေ့ပိုင်း)", "adm2_name2": null, "adm2_name3": null, "adm2_pcode": "MMR013D002", "adm1_name": "Yangon", "adm1_name1": "ရန်ကုန်တိုင်းဒေသကြီး", "adm1_name2": null, "adm1_name3": null, "adm1_pcode": "MMR013", "adm0_name": "Myanmar", "adm0_name1": "မြန်မာနိုင်ငံ", "adm0_name2": null, "adm0_name3": null, "adm0_pcode": "MMR", "valid_on": "2024-02-15T00:00:00", "valid_to": null, "area_sqkm": 78.8741177, "version": "v01", "lang": "en", "lang1": "my", "lang2": null, "lang3": null, "adm4_ref_name": "Urban", "center_lat": 16.87822373, "center_lon": 96.29035613}, "geometry": {"type": "Polygon", "coordinates": [[[96.34251236600005, 16.95004381399997], [96.34249781900019, 16.950051032000033], [96.33590896300018, 16.95332069900013], [96.33589944500011, 16.95332069900013], [96.33038332000012, 16.949682236000115], [96.32691131000007, 16.94745636000016], [96.32509182100006, 16.94657277100015], [96.32305242600017, 16.94558238999997], [96.3217052350002, 16.944863683000108], [96.31848146500005, 16.94314384400019], [96.31525486599998, 16.940919241000074], [96.31435264300006, 16.939739591000148], [96.31378684400005, 16.938999812000134], [96.31372947000011, 16.937982317999968], [96.30955127100015, 16.933490425], [96.3055728110001, 16.929264502000024], [96.30526334500013, 16.928919204000067], [96.30376442000016, 16.927246719000152], [96.30316968000017, 16.926764438000134], [96.30284836300012, 16.92671744100005], [96.30284184200019, 16.926716486999965], [96.30241624800016, 16.926852035000024], [96.3020153240002, 16.927080155000056], [96.30173682700018, 16.927192602000048], [96.30173189300012, 16.927194595000117], [96.300161381, 16.926511764], [96.29923768100014, 16.926210444000105], [96.29848870000012, 16.92596612000017], [96.29830514700012, 16.9259062430001], [96.29830419400008, 16.92590593300008], [96.29830203400013, 16.925905226999987], [96.29798128100015, 16.925956090000057], [96.29770618000003, 16.9259965710001], [96.29769899400014, 16.92599762800012], [96.2973671150001, 16.925847054000087], [96.29725976000003, 16.925812856999983], [96.29700185800016, 16.925730706000024], [96.29658230500019, 16.92553104300015], [96.29635698300018, 16.925423813000123], [96.2962850130001, 16.925011952999967], [96.29602434100019, 16.924858094000115], [96.29577781700004, 16.92471551900013], [96.2954521380002, 16.92460155500015], [96.29513246500011, 16.92455253600008], [96.29485017800016, 16.92439231900005], [96.294673939, 16.92409527400008], [96.29459306700011, 16.92395896900007], [96.294401187, 16.92376937900002], [96.29430942400018, 16.923507902000154], [96.29433602000006, 16.923251470000082], [96.29412080800017, 16.92289161700006], [96.29402676900014, 16.922779082999966], [96.29383470600015, 16.922549248000053], [96.29375586900011, 16.92230701500017], [96.29378606900013, 16.9220075610001], [96.29379083800006, 16.921390534000125], [96.29375650400004, 16.921357802000045], [96.29342271800016, 16.921039581000116], [96.29335073900018, 16.920995212000093], [96.29292299400004, 16.920731545000024], [96.29270491900019, 16.92053985600006], [96.29254152300018, 16.92023754200011], [96.2924214210002, 16.920054436000044], [96.29236404700004, 16.91996583700012], [96.29218389500005, 16.91962242200003], [96.29201162700019, 16.919180264000033], [96.29178468700007, 16.918970108000053], [96.29159566800013, 16.91889901100012], [96.29137707500007, 16.91881678900006], [96.29137596400011, 16.918812791999983], [96.29091506300006, 16.917153548000044], [96.29091228100003, 16.917143529000157], [96.29089708800007, 16.917088839000087], [96.29053489900002, 16.91578495500005], [96.28697143000016, 16.91514396700012], [96.28547229500003, 16.913503361000096], [96.28019382500008, 16.90772676500012], [96.2743778410001, 16.90134239200006], [96.27425113400017, 16.90120274100019], [96.27234270100013, 16.899099350000142], [96.27156519600015, 16.898208445000023], [96.27161578900018, 16.898038440999983], [96.27168943500004, 16.897890568000093], [96.27178766300017, 16.89775543200011], [96.27190115000008, 16.89764070500013], [96.2720413400001, 16.89754142800018], [96.27218629800007, 16.89746856700009], [96.27234651500004, 16.89741516100014], [96.27249910300009, 16.89731025700013], [96.27267140100014, 16.897193273000084], [96.27283288900014, 16.8971099850001], [96.27300291600011, 16.897049223000067], [96.27320959100007, 16.897001744000136], [96.27340700100007, 16.896986008000056], [96.27341314400013, 16.896986277000167], [96.27359276800007, 16.89699414400019], [96.273602982, 16.896994591000123], [96.27379896200006, 16.89702797000018], [96.27404787100016, 16.897047043000043], [96.27405738800013, 16.897047043000043], [96.27425005000009, 16.897047043000043], [96.27445222800014, 16.897043227999973], [96.27445589600006, 16.897043339000106], [96.27467287000007, 16.89704986999999], [96.27468034800017, 16.89705009500011], [96.27482835800015, 16.897103881000135], [96.27496678900013, 16.897130118000064], [96.27512443000012, 16.897130675000028], [96.27512461300006, 16.89713064200015], [96.27523423000014, 16.897110882999982], [96.27538969100016, 16.897058487000095], [96.2755203440002, 16.89703941300013], [96.27566434900012, 16.897025109000026], [96.27585365400006, 16.896985531000098], [96.27604104900001, 16.89691861500006], [96.27620359900016, 16.8968321480001], [96.27636296800011, 16.896720674000107], [96.27651121200012, 16.89658832600003], [96.2767181590001, 16.896522522000055], [96.276957531, 16.89645862600014], [96.27716670300009, 16.89637629200007], [96.27739860500009, 16.896255017000044], [96.277592997, 16.89611816400003], [96.27776783600018, 16.89596366900014], [96.27793123200018, 16.895778179000047], [96.27807046900011, 16.89558029200009], [96.27829362900007, 16.895335198000055], [96.27849008600009, 16.895145416], [96.27869290100006, 16.894960403000084], [96.27889889300008, 16.894778570000028], [96.27910616000008, 16.894602776000056], [96.27932359800013, 16.89443016100006], [96.27954485100003, 16.894262314000116], [96.27976610200017, 16.894098282000073], [96.2799911690002, 16.893939972000112], [96.28022005100013, 16.893788815000107], [96.2804298590001, 16.89371109000018], [96.28064825100006, 16.893639565], [96.2806921200002, 16.893626404000088], [96.28086759600018, 16.893573761000084], [96.2810107200001, 16.893535594000014], [96.28108217300007, 16.893516541000167], [96.2813072400001, 16.89346313500016], [96.28152467800015, 16.893417359000125], [96.28175573900018, 16.893376759000148], [96.28197437600005, 16.893362045000174], [96.28200838100014, 16.893359756000052], [96.2820101980002, 16.893360274000088], [96.28214362900013, 16.893398309000133], [96.28217365300014, 16.893406868000056], [96.28222163600009, 16.89341364800009], [96.28233339300004, 16.893429439000045], [96.28234183000012, 16.893429287], [96.28251611700006, 16.893426133000105], [96.28274052500012, 16.89338042500009], [96.28289606100003, 16.89331817600015], [96.283032246, 16.89323577900018], [96.28315641400019, 16.893088341000066], [96.28323557000016, 16.892963410000107], [96.28331122800017, 16.89283307400018], [96.283376713, 16.892703056000073], [96.28338830200016, 16.892677163000144], [96.28343774799998, 16.892566681000062], [96.28349115400016, 16.892431259000034], [96.2835388370001, 16.892290115000094], [96.28357889200015, 16.89214992500007], [96.28361131700007, 16.892004013000076], [96.28366663100019, 16.891815186000144], [96.28371847500006, 16.891647859000045], [96.28369142500014, 16.891452790000187], [96.2836237140001, 16.891265869000108], [96.2836471760001, 16.891021347000105], [96.28361434200002, 16.89084770200003], [96.28349115400016, 16.890686035000044], [96.28337480500005, 16.89058113100009], [96.28325464200014, 16.89048004199998], [96.28318620800013, 16.890429992000122], [96.28312685100013, 16.890386580999973], [96.28304316500015, 16.890328002000047], [96.2829981050001, 16.89029646000006], [96.28285261600007, 16.89015176600003], [96.28281839800007, 16.889972365000176], [96.2828111840002, 16.889934540000127], [96.28280084600004, 16.88973203500018], [96.2828109990001, 16.889550315000065], [96.28281118100011, 16.889547043000164], [96.28281452100003, 16.889487267], [96.28284011400012, 16.889354467000032], [96.28285743700002, 16.88926458400016], [96.28288034900015, 16.889196009000045], [96.28292625500006, 16.889058617000046], [96.28304864900002, 16.888806661], [96.28317358000015, 16.888613701], [96.2833328430001, 16.888422967000054], [96.28352858600005, 16.88830065700006], [96.28345749600004, 16.88820492800005], [96.28338357900003, 16.888105393000046], [96.28312875800003, 16.88787746500003], [96.28299283300004, 16.887785168000107], [96.28277716900016, 16.88763872800007], [96.28226472900019, 16.887321473000043], [96.28191650200006, 16.88712392600013], [96.28174129900003, 16.88699782599997], [96.2816238600002, 16.886913300000117], [96.2814821610001, 16.886804023000025], [96.28139879300016, 16.886739731000034], [96.28102972100015, 16.88641738900003], [96.28079607000012, 16.8862533570001], [96.28062142100015, 16.88614311000015], [96.28049089500018, 16.886060714999985], [96.2800846290001, 16.885850906000144], [96.28000805500017, 16.885803221000174], [96.27966501200012, 16.88558959900007], [96.27961503000006, 16.885547469000187], [96.279282589, 16.885267257000066], [96.27901842099999, 16.885094643000173], [96.27871706000019, 16.88494491600011], [96.27824594500004, 16.88469600700006], [96.2780113410002, 16.884550095000066], [96.27773096200013, 16.884382248000122], [96.2774124340001, 16.884181023000053], [96.27712556800014, 16.88396873500011], [96.27693178200013, 16.883758371000113], [96.27685141900014, 16.883511226000167], [96.27691270900004, 16.88245773400007], [96.27703096400012, 16.881139755000163], [96.2771797370001, 16.879480362000095], [96.27729036400012, 16.878309249999973], [96.27729972700007, 16.878017945000124], [96.27723822900015, 16.877763748000177], [96.27667715100011, 16.877111912000032], [96.27607415, 16.87648519000004], [96.27524128300013, 16.87552122500017], [96.27514939000008, 16.875422349000132], [96.27435304699998, 16.87457084700003], [96.27368249500012, 16.87386393100013], [96.27347375900007, 16.873643875000084], [96.27281318000001, 16.87291145300003], [96.27266845600013, 16.872754188999977], [96.2718372540001, 16.87185096800016], [96.27054216400006, 16.870428086000175], [96.27021155700015, 16.87006992800002], [96.26974107800004, 16.869560242000148], [96.26920253900016, 16.868964529000152], [96.26918413200013, 16.868944168000155], [96.26851274500012, 16.868263245000037], [96.26774980500005, 16.867410660000075], [96.26673891100006, 16.866289138000013], [96.26618323700012, 16.86565208400009], [96.26556125900015, 16.864971979000188], [96.26521303200019, 16.86457252500003], [96.26501810200006, 16.864335251000114], [96.26474128100017, 16.863720576000105], [96.26458624700012, 16.863319251000064], [96.26421358200014, 16.862413407000076], [96.26380159400014, 16.861421585000073], [96.26354028700007, 16.860795974999974], [96.2632923320001, 16.860342026000183], [96.26296236100006, 16.85981178300011], [96.2626438330002, 16.859272004000104], [96.26241360300014, 16.85890162000004], [96.26241145500012, 16.858898163], [96.2612505150002, 16.8594427110001], [96.26028062800015, 16.86002349900002], [96.25991155600013, 16.860222340000064], [96.25959507300018, 16.860440663000077], [96.25922395800012, 16.860742569000024], [96.2585368500001, 16.861322181], [96.25853077200014, 16.86132730800017], [96.25758173000008, 16.859912872000052], [96.25607173900016, 16.857712112], [96.25611792000012, 16.85738489900001], [96.25377671500013, 16.854859397000155], [96.24872883800003, 16.849203131000024], [96.24802302100017, 16.84907287599998], [96.24793945600004, 16.84905745400016], [96.2471270050001, 16.84898139800009], [96.24697824500004, 16.84809289100002], [96.24671569900016, 16.847212026000022], [96.24677663100005, 16.847021350999967], [96.24517091700005, 16.84193194400018], [96.24402231800013, 16.838216015000114], [96.24251204700016, 16.833325637000144], [96.24081809300014, 16.827927694000152], [96.23982928700002, 16.824846356000137], [96.23934548200009, 16.82325513899997], [96.23749872900015, 16.817342057000133], [96.23722768400017, 16.816507546000082], [96.23679313899999, 16.815100026000152], [96.2366868380002, 16.81482433100018], [96.23614118800015, 16.813841159], [96.23587187700019, 16.813497487000177], [96.23541993300006, 16.812920762000147], [96.23523739900008, 16.812695227000063], [96.23449130500018, 16.811773374000097], [96.23444767600017, 16.81171946700016], [96.23440119500015, 16.811662036000087], [96.23437536600005, 16.811646125000095], [96.23435112300012, 16.81163118900014], [96.23434831600014, 16.811628342000176], [96.23433663900016, 16.811616422000043], [96.23428884900011, 16.8115676380001], [96.23407920900019, 16.811353632000134], [96.23240139000018, 16.809640885000135], [96.232383471, 16.809618712000145], [96.2322189630001, 16.809415141000102], [96.23222414600008, 16.809409776999985], [96.232419967, 16.809194565000155], [96.23395093300002, 16.80760129300012], [96.2357393900001, 16.80548032200005], [96.23615656400017, 16.804726926000058], [96.23614754900007, 16.804430501000127], [96.23614659100014, 16.804398961000174], [96.23614789599998, 16.804396924000116], [96.23707644400008, 16.803011354000034], [96.23911665700007, 16.80401349100009], [96.24008193100019, 16.805305032000092], [96.24385280800016, 16.80714698700018], [96.24588953500017, 16.807610458000056], [96.24752483800006, 16.80839703700002], [96.24975803900014, 16.80857009900018], [96.25248593900011, 16.809444168000084], [96.25662479800013, 16.81002408300003], [96.26062315000007, 16.809544798000047], [96.26731451400019, 16.8107688180001], [96.26817546600017, 16.81132453400005], [96.26959303800004, 16.81303196200014], [96.2715893570001, 16.81641064200005], [96.2727803950001, 16.8179365470001], [96.27370844600006, 16.819125526000164], [96.27480410200008, 16.820529232000126], [96.27558037900013, 16.82102855800008], [96.27642692100017, 16.821573079000075], [96.27699407800009, 16.822247471000082], [96.27739765000013, 16.822727349000047], [96.28017431000018, 16.824825690000182], [96.28165882400009, 16.826248423000038], [96.28260108800004, 16.82715147300013], [96.28279127300004, 16.82733374300011], [96.2864830040001, 16.82943908600015], [96.29726459700015, 16.830806832000178], [96.29915974700009, 16.831340253000178], [96.30009601400002, 16.83179592500005], [96.30109357300006, 16.832281427000055], [96.30170699300004, 16.833443009000064], [96.30181074100005, 16.833841814000095], [96.30221463800018, 16.835394400000155], [96.30224443300006, 16.84032797400016], [96.3022491050001, 16.841101586000036], [96.30212449200019, 16.841476639000064], [96.30156778300005, 16.84315219800004], [96.3010885130002, 16.84619215900011], [96.30047195500015, 16.8542826420001], [96.30016368900004, 16.855299682000066], [96.30030534000014, 16.856017614000166], [96.30039988900006, 16.856496823999976], [96.30012258800008, 16.856943822000062], [96.29996392900006, 16.857199573000173], [96.30023831800008, 16.85763500900009], [96.30000915800014, 16.860355034], [96.30045312100003, 16.861808678000045], [96.30054632100007, 16.86411158400017], [96.30095748700018, 16.865891440000155], [96.30103354000016, 16.869097843000134], [96.30156259200004, 16.873269546000074], [96.30230254400016, 16.876047445000154], [96.30336178600004, 16.878138214000046], [96.30458222400017, 16.879957853000064], [96.30460357100003, 16.879999942999973], [96.30462489000013, 16.880021467000176], [96.30500030000007, 16.880400485999985], [96.30524546000015, 16.88064800400008], [96.30539702800007, 16.880801031000033], [96.30547083200014, 16.880892242000186], [96.30580138400012, 16.881300755000154], [96.30613818400008, 16.881572785000117], [96.30613825600011, 16.88157284300013], [96.30629729700001, 16.881701298000166], [96.30638880200007, 16.88179194100013], [96.30670165400016, 16.882101842999987], [96.3071319340001, 16.88231698300001], [96.30750273900014, 16.882502385000123], [96.30829619800011, 16.882902928000135], [96.30870055500009, 16.883303473000126], [96.30919646500013, 16.883803197000077], [96.30960082400009, 16.88419992600012], [96.3099975520002, 16.88460046800003], [96.31040190900018, 16.88500101300008], [96.31040411500004, 16.885003050000137], [96.31056891200006, 16.88515524200011], [96.31169890700005, 16.886202643], [96.31249999200014, 16.886702368000044], [96.3133010790001, 16.88710291000018], [96.31379699000018, 16.88750345200009], [96.31420134900014, 16.887900181000134], [96.31500243400006, 16.888300726000125], [96.31580352100019, 16.888800450000133], [96.31670379100007, 16.889200993000145], [96.31749724700018, 16.889601538000136], [96.3182983320001, 16.890002080000045], [96.31919860200014, 16.890402623000057], [96.31960296100016, 16.890803164999966], [96.31999968700012, 16.891302892000056], [96.3212966850001, 16.891703435000068], [96.32250212900004, 16.89210016300018], [96.32420348600004, 16.892500708], [96.32579802700008, 16.892901251000012], [96.32669829700012, 16.89330179300015], [96.32749938400008, 16.893702335000057], [96.32782112500013, 16.89409996100011], [96.32790374100006, 16.894202063000023], [96.32830046900017, 16.894602605000102], [96.32879637900015, 16.895003147000068], [96.32920073900004, 16.895399876000113], [96.32959746700004, 16.895800421000104], [96.33000182400019, 16.896200963000013], [96.33039855200013, 16.896700688000067], [96.33080291100009, 16.897101233000114], [96.33129882200018, 16.897501775000023], [96.33170317800005, 16.897902318000035], [96.33209990900014, 16.898302860000115], [96.33249663700008, 16.898802586999977], [96.33290099400006, 16.89920312999999], [96.333297722, 16.90000040300015], [96.33370091400019, 16.900799174999975], [96.33370208100018, 16.90080148800007], [96.3341979920001, 16.901301212000078], [96.33435844600001, 16.901460154000063], [96.33460234800015, 16.901701758000172], [96.33478125000005, 16.90206299800019], [96.334999079, 16.902502842], [96.33540343600015, 16.903300116000082], [96.33580016400015, 16.90370065800016], [96.33596100100004, 16.903860276000046], [96.33599839100009, 16.903897383000185], [96.33630370300011, 16.904200383000045], [96.33656861800011, 16.904735305000088], [96.33670043400019, 16.905001470000173], [96.33709716200013, 16.905802555000093], [96.33789824700011, 16.90670282500014], [96.33790675200015, 16.90670406800018], [96.34251677500015, 16.907377789], [96.34320639000009, 16.90852560100012], [96.34394979800015, 16.909921272000076], [96.34435389100008, 16.910539946000085], [96.34496884900017, 16.911481458000026], [96.3454488660002, 16.912307599000087], [96.34599433300008, 16.91324638700013], [96.3460172730002, 16.913285867000184], [96.34626224000016, 16.913737299000047], [96.34653675200013, 16.914243177000174], [96.34714334000006, 16.915200704000085], [96.34822288300012, 16.916624040999977], [96.34823955200017, 16.91664182900007], [96.34847102000009, 16.916888847000052], [96.34861302000013, 16.917040385000178], [96.34862324500017, 16.917051298000104], [96.34925239500018, 16.917722711000124], [96.34925940500005, 16.917729795000184], [96.3499178720001, 16.9183951980001], [96.35063360200019, 16.919118467000146], [96.35064122200009, 16.91912616700006], [96.3522816750002, 16.92072084700004], [96.35277327800009, 16.921217830000046], [96.35339240700006, 16.921843732000127], [96.35339516800002, 16.92184652399999], [96.35417744000011, 16.92255833500019], [96.35427122300013, 16.92264367000007], [96.35428152700013, 16.92265304500006], [96.35472551600014, 16.923057043000085], [96.35475746500003, 16.92308611500016], [96.35482875500009, 16.923136539000097], [96.35546534100018, 16.923586806000117], [96.35632134600002, 16.92419227200014], [96.35729215800006, 16.92478732000012], [96.35785868900012, 16.925134569000022], [96.35934225800008, 16.925996350000162], [96.3605320480001, 16.926715431000048], [96.36089261700016, 16.926933351000173], [96.36099050600018, 16.926992513000073], [96.36127112800011, 16.927155520000156], [96.36196637000012, 16.927559369999983], [96.36201831900007, 16.927589546000036], [96.36247408600019, 16.92785429100013], [96.36294622399998, 16.928127504000088], [96.36299849100016, 16.928157751000015], [96.36535429700001, 16.92952099500002], [96.36563268200007, 16.92971810800009], [96.3657632550001, 16.929810562000114], [96.36582799200005, 16.929856399000073], [96.36589902200006, 16.92990655600005], [96.36603731500003, 16.93000420900006], [96.36633097500004, 16.930211572000076], [96.36669993900017, 16.930758940000032], [96.36688396700009, 16.93103195000009], [96.36707221600017, 16.9313841820001], [96.36737960800019, 16.931959339000173], [96.3676772440001, 16.932832641000118], [96.36770205000005, 16.9329270770001], [96.36807801700013, 16.934358323000083], [96.36811418000019, 16.934674593000125], [96.36832969900018, 16.936559466], [96.36830273400017, 16.93678817700004], [96.36804358100017, 16.938890121000043], [96.36755907900005, 16.94129758100013], [96.36715408700007, 16.94229554200018], [96.3669688830002, 16.942751910000084], [96.36650657400008, 16.943891107000127], [96.36532788100016, 16.94550461400013], [96.36457981900008, 16.946687531], [96.36427014500003, 16.947338519000084], [96.36391215100008, 16.948091084000055], [96.36349384500011, 16.948905716000127], [96.36343191100013, 16.949026329000105], [96.36343163100008, 16.94902687500013], [96.36340451000007, 16.949079691000065], [96.36335949400006, 16.949167358000125], [96.363286717, 16.949318446], [96.36325090300005, 16.949392798000133], [96.36272210100003, 16.950490616000025], [96.36225898400016, 16.95214988800018], [96.3622428600001, 16.952207659000067], [96.36218663400001, 16.952409108000097], [96.36218060800007, 16.952408218000073], [96.36214632900015, 16.952403160000188], [96.36074275500005, 16.952196018000052], [96.359952593, 16.9520697480001], [96.35981171500009, 16.952082052000037], [96.35946062699998, 16.9521127160001], [96.35938067200004, 16.952119699000093], [96.35909477799999, 16.95201588000009], [96.35905542700004, 16.95200159000018], [96.35902039300015, 16.95198886800017], [96.35860257300004, 16.951837141000112], [96.35860214100018, 16.95183698400001], [96.35865938400002, 16.951375773000166], [96.35857201300018, 16.950983046999966], [96.35857196699999, 16.95098284000005], [96.35833802700017, 16.951027057999966], [96.35833475800018, 16.951027676000024], [96.35808743200016, 16.951074424000183], [96.35762984700006, 16.951715261000174], [96.35751870800016, 16.95170989000019], [96.3570178700001, 16.951685686000133], [96.35678674200017, 16.951674517000185], [96.3567856620001, 16.951674464000064], [96.35676721000016, 16.951673573000107], [96.35660597700007, 16.951577971000177], [96.3564790650002, 16.951502720000065], [96.35643202900008, 16.95147483000011], [96.35605395400012, 16.95125761100013], [96.35603736400014, 16.95124807999997], [96.35602775000007, 16.951242556000068], [96.35602766800008, 16.951242484000034], [96.35558525200008, 16.95085676100001], [96.35525696000008, 16.95088452200008], [96.35525344500007, 16.950884820000113], [96.3551802340001, 16.95089101100018], [96.35518011800013, 16.950891745999968], [96.35512330000006, 16.951250405999986], [96.35512307400018, 16.95125183200014], [96.35512191700019, 16.951259138000182], [96.35512190300017, 16.951259225000115], [96.35510522500005, 16.951364509000086], [96.35510462300016, 16.951368306000177], [96.35507650100016, 16.95153690400008], [96.35498571, 16.952081219000092], [96.35498562800018, 16.952081710000016], [96.35476751900018, 16.951872497000068], [96.3545380540001, 16.95165239000005], [96.35428348300007, 16.951408201000163], [96.35416983700009, 16.9512991900001], [96.35328174300014, 16.95088733400013], [96.35320862400005, 16.950853425000105], [96.35309437800004, 16.95106316300007], [96.35309408000018, 16.951063711000074], [96.35309405900011, 16.95106374900007], [96.35301277600018, 16.9512129740001], [96.35301003700005, 16.951218001000086], [96.35292637900005, 16.95137158400007], [96.35275040500005, 16.951719373000174], [96.35259957900001, 16.951923179000175], [96.35259533300001, 16.95192891800002], [96.35246892500004, 16.952099729], [96.35246854400009, 16.95210024400012], [96.35246818200011, 16.952099072000067], [96.35246736800019, 16.952096433000122], [96.35244359300009, 16.952019406000034], [96.35242901700013, 16.95197218200002], [96.35237617400009, 16.951800980000087], [96.3523757700001, 16.95179966900008], [96.3523344420002, 16.95166577200007], [96.35230256900013, 16.951523476000034], [96.3523022550001, 16.95152207299998], [96.35226611200005, 16.95136071400009], [96.35223729600017, 16.9512111840001], [96.35210164600011, 16.950507275000064], [96.35210091300019, 16.95050347], [96.3520485000002, 16.950231486000064], [96.35197755800016, 16.95011552400007], [96.35197672900017, 16.95011416800014], [96.35193427000013, 16.950044764999973], [96.351934061, 16.950044423000122], [96.35159448700017, 16.950323143000105], [96.3515299280001, 16.95035934599997], [96.35143858400016, 16.950410571000077], [96.35109111500009, 16.95060144300004], [96.3508966190002, 16.950710861], [96.3507517880002, 16.950792340000135], [96.35021778600003, 16.9511089130001], [96.34963379700014, 16.95147481900017], [96.34907274200015, 16.95152574700012], [96.34906722500017, 16.951526248000107], [96.34879117900005, 16.951551305000123], [96.34864221500015, 16.95155132800005], [96.3480810370001, 16.951551415000097], [96.34753982900008, 16.951535846000183], [96.34725395300006, 16.95153205100013], [96.34707681400005, 16.95150708099999], [96.34707657900009, 16.951507047000177], [96.3470311150001, 16.951500639000187], [96.34701292200009, 16.951498074000085], [96.34700763799998, 16.951497498000037], [96.34693592800011, 16.951489669000182], [96.34662440000011, 16.951455662000114], [96.34653606600006, 16.951439645000107], [96.34653296200014, 16.95143908200015], [96.346330523, 16.951402375000043], [96.34573891700012, 16.951219076000086], [96.34537660200004, 16.951041755000062], [96.34537552200015, 16.95104122700019], [96.3452597970001, 16.95098459000002], [96.3447889520001, 16.95075415400015], [96.34353204800004, 16.94999360899999], [96.34352501700005, 16.949989355000184], [96.34311818300017, 16.94974318200019], [96.34251236600005, 16.95004381399997]]]}}, {"type": "Feature", "properties": {"adm4_name": null, "adm4_name1": null, "adm4_name2": null, "adm4_name3": null, "adm4_pcode": "MMR013021800", "adm3_name": "Dagon Myothit (Seikkan)", "adm3_name1": "ဒဂုံမြို့သစ် (ဆိပ်ကမ်း)", "adm3_name2": null, "adm3_name3": null, "adm3_pcode": "MMR013021", "adm2_name": "Yangon (East)", "adm2_name1": "ရန်ကုန်(အရှေ့ပိုင်း)", "adm2_name2": null, "adm2_name3": null, "adm2_pcode": "MMR013D002", "adm1_name": "Yangon", "adm1_name1": "ရန်ကုန်တိုင်းဒေသကြီး", "adm1_name2": null, "adm1_name3": null, "adm1_pcode": "MMR013", "adm0_name": "Myanmar", "adm0_name1": "မြန်မာနိုင်ငံ", "adm0_name2": null, "adm0_name3": null, "adm0_pcode": "MMR", "valid_on": "2024-02-15T00:00:00", "valid_to": null, "area_sqkm": 0.37063659, "version": "v01", "lang": "en", "lang1": "my", "lang2": null, "lang3": null, "adm4_ref_name": "None", "center_lat": 16.80561843, "center_lon": 96.25601972}, "geometry": {"type": "MultiPolygon", "coordinates": [[[[96.30763249600011, 16.863607463999983], [96.30822309700005, 16.86595275300016], [96.30794701000019, 16.866891405000047], [96.30745893500006, 16.868550798000115], [96.30669081000019, 16.86934404100009], [96.30604765700014, 16.869480859000078], [96.3050454800001, 16.868965939000077], [96.30438830800011, 16.867797220000114], [96.30533926900017, 16.863571902000103], [96.30557380800013, 16.863203398000167], [96.30554958200008, 16.863162397000053], [96.30562083600012, 16.86312951300016], [96.30562392700011, 16.863128084000152], [96.30647159300008, 16.86268963499998], [96.30763249600011, 16.863607463999983]]], [[[96.25388767900006, 16.804586318000133], [96.25757818000017, 16.805146542000102], [96.2589116310001, 16.805348961999982], [96.26028103400017, 16.80588789000018], [96.26062692400018, 16.806508093000048], [96.25914731400013, 16.807004012000164], [96.25866836300003, 16.806965382000158], [96.255239517, 16.806688835000102], [96.25308464300008, 16.806153695000035], [96.25160215200009, 16.804916758000104], [96.25204407200005, 16.804531573000133], [96.25388767900006, 16.804586318000133]]]]}}, {"type": "Feature", "properties": {"adm4_name": "Urban", "adm4_name1": null, "adm4_name2": null, "adm4_name3": null, "adm4_pcode": "MMR013022701", "adm3_name": "Mingalartaungnyunt", "adm3_name1": "မင်္ဂလာတောင်ညွန့်", "adm3_name2": null, "adm3_name3": null, "adm3_pcode": "MMR013022", "adm2_name": "Yangon (East)", "adm2_name1": "ရန်ကုန်(အရှေ့ပိုင်း)", "adm2_name2": null, "adm2_name3": null, "adm2_pcode": "MMR013D002", "adm1_name": "Yangon", "adm1_name1": "ရန်ကုန်တိုင်းဒေသကြီး", "adm1_name2": null, "adm1_name3": null, "adm1_pcode": "MMR013", "adm0_name": "Myanmar", "adm0_name1": "မြန်မာနိုင်ငံ", "adm0_name2": null, "adm0_name3": null, "adm0_pcode": "MMR", "valid_on": "2024-02-15T00:00:00", "valid_to": null, "area_sqkm": 5.07320462, "version": "v01", "lang": "en", "lang1": "my", "lang2": null, "lang3": null, "adm4_ref_name": "Urban", "center_lat": 16.793927, "center_lon": 96.18401195}, "geometry": {"type": "Polygon", "coordinates": [[[96.18653876900004, 16.804021614000135], [96.18611676500012, 16.804341314000112], [96.1861753600001, 16.80444698900004], [96.18649814100007, 16.80502911200017], [96.18649971000008, 16.805031941000152], [96.18650827900018, 16.805047396000077], [96.18650615299998, 16.805049472000064], [96.18639826200007, 16.80515477900019], [96.186375435, 16.80517705799997], [96.18579652400018, 16.805742098], [96.18579640600018, 16.80574228400002], [96.18556240300006, 16.80611226600007], [96.18543450900017, 16.806314478000104], [96.18539672200012, 16.806540188000156], [96.1852812420002, 16.807229957000118], [96.18541481000005, 16.80775928000014], [96.18541506400004, 16.807760266], [96.18549844400019, 16.808083787000044], [96.185681865, 16.80857988600019], [96.18567800400012, 16.80858046000003], [96.1850538020002, 16.80867318700018], [96.18502616900014, 16.808677292000027], [96.18492597200009, 16.808701614000086], [96.18473701500017, 16.80874748200017], [96.1843496960002, 16.80862426800013], [96.18378067100008, 16.808626174999972], [96.18337821900019, 16.80862007200011], [96.18292075000011, 16.808511734000035], [96.18260383600017, 16.80712127700002], [96.18246922300011, 16.806801744000097], [96.18241251400013, 16.806667131999973], [96.18238415900004, 16.806599826000138], [96.18231685300015, 16.806440059000124], [96.18223635400011, 16.805401060000065], [96.18212127700014, 16.804805756000178], [96.18206269400014, 16.80444472200014], [96.1820041110002, 16.804083688000105], [96.18167087000006, 16.80276680000003], [96.18125343300005, 16.801048719000107], [96.180798628, 16.79902035900011], [96.18081821100014, 16.798702760000026], [96.18031120300009, 16.79642868000019], [96.18025779800018, 16.796155930000168], [96.18004989600007, 16.795068741000023], [96.1799755090002, 16.794744491000188], [96.17996501500005, 16.79470108000004], [96.17990253700003, 16.794442592000166], [96.17981834200009, 16.794094266000116], [96.17975698200013, 16.793840408000108], [96.17962256000004, 16.793886827000108], [96.1784534460001, 16.794290543000102], [96.17795169000016, 16.794471400000077], [96.17709350600006, 16.794780731000174], [96.17622331500007, 16.795146502000136], [96.17608623500013, 16.794959581000057], [96.17596626300013, 16.794795990000125], [96.17582989200014, 16.794618605000096], [96.17571764400009, 16.794472599000073], [96.1757125850001, 16.794466019000083], [96.17553379700007, 16.79426210800017], [96.17449759000004, 16.793137138000134], [96.17439331800011, 16.79302393400002], [96.17403189900011, 16.79263155600006], [96.1740318000002, 16.79263144900017], [96.17402749500013, 16.792637061000107], [96.17401394200016, 16.792654730000038], [96.17395273300014, 16.792734533000157], [96.17394770599998, 16.792741086000092], [96.17384820500018, 16.792870810000124], [96.17273003800017, 16.794328620000158], [96.17248986700008, 16.794641743000057], [96.17231513299998, 16.794869552000137], [96.17230171900013, 16.79485705000019], [96.17210253400009, 16.794671413000174], [96.17208795100004, 16.794657822000033], [96.17208684000002, 16.794656787000065], [96.17205288700018, 16.794637725000086], [96.17202066500016, 16.794619635000174], [96.17191862600015, 16.794562349000046], [96.17190286800007, 16.7945535020001], [96.17190135600015, 16.79455288100013], [96.1718748470002, 16.794541995000145], [96.17187122800016, 16.794540510000104], [96.17186843700017, 16.79453936300007], [96.17183358700015, 16.794525053000143], [96.17156051600017, 16.794412923000095], [96.1714842720001, 16.79438161500019], [96.17140687500017, 16.794337723000126], [96.1713361690002, 16.79429762400008], [96.17121608300005, 16.794229521000034], [96.17117742900018, 16.794202384000187], [96.17110417900017, 16.794150959000092], [96.17101342100011, 16.79408724400008], [96.17100344900018, 16.79408024300011], [96.17088473800004, 16.79394084200004], [96.17086115900014, 16.79391315400005], [96.1708541270001, 16.793904897000175], [96.17085254700015, 16.79390137000013], [96.17082601300007, 16.793842137000127], [96.17081066000014, 16.79380786200005], [96.17079819999998, 16.793780048000087], [96.17078324800019, 16.79374666900003], [96.1707822140001, 16.79374436100005], [96.17077760300015, 16.793733951999968], [96.1707728230001, 16.793723160000127], [96.17067921500018, 16.7935118580001], [96.17061513800013, 16.793322116000184], [96.17058377400019, 16.79322924300004], [96.17057894100009, 16.793217443000117], [96.17041302400008, 16.79317747700003], [96.17010893200018, 16.793104229], [96.16987235700003, 16.793047245000082], [96.16953953800015, 16.792863152000052], [96.16933244600006, 16.79284783500009], [96.16909031100016, 16.79282992700007], [96.16905345300012, 16.792827201000023], [96.16904800100002, 16.792826799000125], [96.1690259410002, 16.792825166000114], [96.16898155200016, 16.792821884000034], [96.16856702100006, 16.792816859000027], [96.16835212700005, 16.792814255000167], [96.16819597900007, 16.792824042000177], [96.16781654300013, 16.792847824000035], [96.16767777299998, 16.793094000000167], [96.1675589350001, 16.793216229000052], [96.16744009700005, 16.793338458000107], [96.16694831900003, 16.793219248000014], [96.16682719200008, 16.793136797000045], [96.16674371800008, 16.79307997700016], [96.16664924700018, 16.79301567100015], [96.16621112800004, 16.79307174700017], [96.16572380100018, 16.793197631999988], [96.16517448400009, 16.793361664000088], [96.16480064400008, 16.793481827000164], [96.16441154400019, 16.79358940100019], [96.16408252700006, 16.79364109100004], [96.16369915000007, 16.793660164000073], [96.1633907550002, 16.793642224000052], [96.16335487300006, 16.793640136000022], [96.16314442800018, 16.79360409300017], [96.16303920700005, 16.793586071999982], [96.16300964300012, 16.793581009000036], [96.1626344820001, 16.79350882300008], [96.16254109700009, 16.793660278000118], [96.16247606000013, 16.793765757000017], [96.16242885600013, 16.793842316000053], [96.16241645900004, 16.79416465700018], [96.16254823200006, 16.794292005000045], [96.16261074300013, 16.794352417000084], [96.1626174930002, 16.794358941000098], [96.16291046200018, 16.794514974000094], [96.16290243400005, 16.79453421300019], [96.1627635960001, 16.79486694400009], [96.1624393460001, 16.795091629000126], [96.16211550200012, 16.79531565100001], [96.16208457900012, 16.79533704100004], [96.16182670600006, 16.795651627000098], [96.16176150000013, 16.79568371800019], [96.16176038800006, 16.79568426600008], [96.1615835830001, 16.795771281000043], [96.161328524, 16.795673686000043], [96.16126229100013, 16.79564834300004], [96.16118812600013, 16.795619965000128], [96.16114289700005, 16.795610929000134], [96.16098453700005, 16.79557929000009], [96.1607370380001, 16.795529842000064], [96.16046664200013, 16.795432965000145], [96.16039536400007, 16.795407427000157], [96.160233688, 16.79534950200008], [96.16017780000004, 16.795471380000038], [96.1600831350001, 16.79567782100014], [96.15981310000006, 16.79584936700013], [96.159434954, 16.795786540000165], [96.15941656300004, 16.79576327], [96.15928710900016, 16.795599472000163], [96.159267382, 16.795574513000133], [96.15924873400007, 16.795550919000107], [96.15915737000017, 16.795251116000088], [96.15914344800007, 16.795205434000025], [96.15902380100005, 16.79521445600011], [96.1589475360002, 16.795220207000114], [96.15888794100016, 16.79522470100011], [96.15869236000003, 16.79523944900012], [96.15848311800016, 16.795240066000076], [96.15836906400011, 16.795240403000037], [96.15788178100001, 16.79527087500003], [96.15781981800012, 16.795274279000125], [96.15780625700017, 16.795275025000024], [96.15772587300012, 16.795279440000115], [96.15748968700012, 16.79529241700004], [96.15723082400007, 16.79530663900016], [96.15713453300003, 16.79531192800016], [96.15686225900004, 16.795370102000163], [96.15658341700009, 16.795428602000015], [96.15652852400007, 16.7954401180001], [96.1565010760001, 16.79544587600003], [96.15648341200006, 16.795326807000038], [96.15646267000011, 16.795186996000098], [96.15646596800002, 16.795048456000018], [96.15646934500006, 16.794906617000095], [96.15646934500006, 16.79446888000001], [96.15648652000016, 16.79410892100003], [96.15646123000016, 16.793813783000076], [96.15646096800015, 16.79379608100004], [96.15645404900005, 16.79332874500011], [96.15663338400003, 16.792295456000147], [96.15663344000006, 16.79229513300004], [96.1567005440001, 16.79197358500005], [96.15675163300011, 16.79164314200017], [96.15679168700007, 16.791380883000045], [96.15697097800006, 16.790672303000065], [96.15718214800012, 16.789653506000036], [96.1573619850002, 16.788787842000033], [96.157362207, 16.788786587000175], [96.15750535200004, 16.78797868300012], [96.157588632, 16.787508655000124], [96.1573589320002, 16.78703193700011], [96.1570301050001, 16.786661148000064], [96.156810265, 16.786416190000068], [96.156723542, 16.786319560000038], [96.15657043500005, 16.786001841000143], [96.15736103, 16.784891605000155], [96.15792083800017, 16.78427314800001], [96.15851129800018, 16.783643177000044], [96.15891361200005, 16.783341408000013], [96.15897107400019, 16.783241465], [96.15904977700006, 16.783104579000053], [96.15910173900005, 16.782727006000187], [96.15910802600013, 16.782681329000013], [96.15910911600008, 16.782361983999976], [96.15911376300016, 16.78217540500009], [96.15911924700009, 16.782038016], [96.1591276470001, 16.781827604], [96.15912752700007, 16.781821273000105], [96.15912539000016, 16.781708658000127], [96.15912108600014, 16.781481966], [96.15911790000007, 16.781314092000173], [96.15911660300009, 16.7812457550001], [96.15911293000005, 16.781061172000022], [96.15911292600003, 16.78106087400016], [96.1590977890001, 16.781062004999967], [96.15909778100013, 16.781061885000156], [96.15899775100019, 16.779564945000118], [96.15898454100017, 16.779367251999986], [96.15899073500015, 16.779367184000023], [96.1590098060002, 16.77936697399997], [96.15912447699998, 16.77935696800006], [96.15961628200012, 16.779314051000142], [96.15961647000012, 16.779314044000046], [96.16064870200006, 16.779278950000162], [96.16073783200017, 16.77927592000009], [96.16117121900004, 16.779257852], [96.1613746380001, 16.779249371000105], [96.16159731500017, 16.77924205300002], [96.16207293500008, 16.77922642200008], [96.16261057800006, 16.779200134000064], [96.16285461000018, 16.779188203000047], [96.16288864400013, 16.77918735800006], [96.16318044300004, 16.77918011800017], [96.16333546900006, 16.779176271000097], [96.16357705000007, 16.779164156000093], [96.16380392500014, 16.77915277900013], [96.16409847600005, 16.779138007000142], [96.16427974000015, 16.779126544000178], [96.16466008000015, 16.77910249300004], [96.16466035600018, 16.779102476000105], [96.164692608, 16.779101783000158], [96.16474753700004, 16.779172654000092], [96.1647503310001, 16.779176260000042], [96.16497649900015, 16.77946806800003], [96.16512794400018, 16.779663468000024], [96.16591199200019, 16.780169169000033], [96.16693019900015, 16.78059895900003], [96.16745602300011, 16.780699400000117], [96.16747908200017, 16.78070380500003], [96.16995143899999, 16.781839371], [96.17044671500014, 16.781982035000112], [96.17082328800012, 16.78200492900004], [96.17117968100001, 16.78215849300011], [96.17148904900006, 16.78229179400006], [96.17155841300013, 16.7823216810001], [96.17167186800015, 16.7823705670001], [96.17182363800009, 16.78241959500008], [96.17199588000017, 16.78247523500005], [96.17211175100005, 16.782512666], [96.17215244000016, 16.782525809000163], [96.1723508840002, 16.782589913000095], [96.17380332900007, 16.782850266000082], [96.17425170300004, 16.78294416600005], [96.17453340300005, 16.78295517300012], [96.17467975600016, 16.782960892000176], [96.17476129600016, 16.782969191000063], [96.1750920610001, 16.783002854000074], [96.17564280900018, 16.78307453900004], [96.1759401560002, 16.78311324300006], [96.17600059500012, 16.783121109000035], [96.17603767700018, 16.783123764000152], [96.17619885300019, 16.78313530300011], [96.17655563300002, 16.783160845999987], [96.17657899300019, 16.783155408000084], [96.17688168400008, 16.783084949000056], [96.1775922130002, 16.784405104000086], [96.178728025, 16.785688510000057], [96.18277748800011, 16.787651084000117], [96.18639285100005, 16.788857149000137], [96.18765046900018, 16.790349531000174], [96.18880403200018, 16.79727937000007], [96.19041315300018, 16.80086824000017], [96.19049497600008, 16.801955937], [96.19022653500019, 16.80236518800001], [96.19021606400008, 16.80239296000019], [96.19019450000008, 16.802414028000157], [96.18988869100008, 16.802880250000044], [96.1872181550001, 16.80379013800018], [96.18664909, 16.803984026000023], [96.18653876900004, 16.804021614000135]]]}}, {"type": "Feature", "properties": {"adm4_name": "Rakhine Chaung (South)", "adm4_name1": "ရခိုင်ချောင် (တောင်)", "adm4_name2": null, "adm4_name3": null, "adm4_pcode": "MMR013030001", "adm3_name": "Dala", "adm3_name1": "ဒလ", "adm3_name2": null, "adm3_name3": null, "adm3_pcode": "MMR013030", "adm2_name": "Yangon (South)", "adm2_name1": "ရန်ကုန်(တောင်ပိုင်း)", "adm2_name2": null, "adm2_name3": null, "adm2_pcode": "MMR013D003", "adm1_name": "Yangon", "adm1_name1": "ရန်ကုန်တိုင်းဒေသကြီး", "adm1_name2": null, "adm1_name3": null, "adm1_pcode": "MMR013", "adm0_name": "Myanmar", "adm0_name1": "မြန်မာနိုင်ငံ", "adm0_name2": null, "adm0_name3": null, "adm0_pcode": "MMR", "valid_on": "2024-02-15T00:00:00", "valid_to": null, "area_sqkm": 9.38456484, "version": "v01", "lang": "en", "lang1": "my", "lang2": null, "lang3": null, "adm4_ref_name": "Rakhine Chaung (South)", "center_lat": 16.64610237, "center_lon": 96.16728029}, "geometry": {"type": "Polygon", "coordinates": [[[96.17411448000013, 16.658044020000034], [96.17153544000007, 16.659750780000024], [96.16958712000013, 16.66092555000006], [96.16858452000014, 16.661332440000024], [96.16863672000005, 16.661993670000186], [96.16856436000006, 16.66265328000003], [96.16762584000008, 16.662940830000025], [96.1658139600001, 16.66333674000009], [96.16483152700005, 16.660393790000114], [96.16200763100017, 16.656837773000177], [96.15677819500019, 16.654327644000034], [96.15154875800016, 16.651399159000107], [96.14862027400017, 16.650633248000076], [96.14862027400017, 16.645019246000118], [96.14924780600018, 16.64135864100018], [96.14982204000012, 16.63843995000019], [96.15171528000008, 16.636784220000152], [96.15286152000004, 16.635118320000117], [96.15345228000007, 16.63314462000011], [96.15611916000012, 16.629757830000187], [96.15949750200002, 16.63184106600005], [96.1691196650001, 16.633932841000046], [96.17926477200012, 16.6367567370001], [96.18522633000009, 16.638011801000175], [96.18898824000013, 16.63812630000018], [96.19021404000011, 16.639403760000164], [96.19243308000006, 16.640874629999985], [96.19278372000008, 16.64238060000008], [96.19182072000018, 16.644289410000113], [96.19081380000017, 16.644996539999966], [96.18881904000017, 16.645150080000064], [96.18726168000006, 16.645189230000142], [96.18657048000011, 16.645600350000052], [96.18531012000005, 16.646604390000164], [96.18392592000015, 16.647546690000127], [96.18272928000005, 16.648431390000155], [96.1818552000002, 16.648599870000055], [96.18110640000009, 16.648709940000117], [96.17991156000016, 16.649474580000117], [96.17895864000019, 16.650722880000046], [96.17849712000003, 16.6523980500001], [96.17773284000003, 16.65352881000001], [96.17640156000016, 16.655072220000022], [96.17558220000006, 16.65572175000011], [96.17482044000008, 16.65667233000005], [96.17411448000013, 16.658044020000034]]]}}, {"type": "Feature", "properties": {"adm4_name": "Rakhine Chaung (North)", "adm4_name1": "ရခိုင်ချောင် (မြောက်)", "adm4_name2": null, "adm4_name3": null, "adm4_pcode": "MMR013030002", "adm3_name": "Dala", "adm3_name1": "ဒလ", "adm3_name2": null, "adm3_name3": null, "adm3_pcode": "MMR013030", "adm2_name": "Yangon (South)", "adm2_name1": "ရန်ကုန်(တောင်ပိုင်း)", "adm2_name2": null, "adm2_name3": null, "adm2_pcode": "MMR013D003", "adm1_name": "Yangon", "adm1_name1": "ရန်ကုန်တိုင်းဒေသကြီး", "adm1_name2": null, "adm1_name3": null, "adm1_pcode": "MMR013", "adm0_name": "Myanmar", "adm0_name1": "မြန်မာနိုင်ငံ", "adm0_name2": null, "adm0_name3": null, "adm0_pcode": "MMR", "valid_on": "2024-02-15T00:00:00", "valid_to": null, "area_sqkm": 4.95444203, "version": "v01", "lang": "en", "lang1": "my", "lang2": null, "lang3": null, "adm4_ref_name": "Rakhine Chaung (North)", "center_lat": 16.6502219, "center_lon": 96.1935247}, "geometry": {"type": "Polygon", "coordinates": [[[96.19243308000006, 16.640874629999985], [96.19275348000008, 16.64027838000004], [96.19568352000005, 16.640017200000102], [96.19711884000014, 16.639796070000102], [96.19792416000018, 16.640077050000116], [96.19872912000017, 16.640358030000073], [96.20157348000015, 16.641657], [96.203052, 16.64269748999999], [96.20479224000019, 16.64290080000012], [96.20590032000018, 16.643756250000024], [96.20643780000006, 16.64526474000013], [96.2068975200001, 16.64779302000011], [96.20736660000017, 16.6497209100001], [96.208524, 16.651417769999966], [96.20894232000018, 16.65256428000015], [96.20910180000004, 16.65436797000018], [96.2090125200001, 16.656168330000128], [96.20726220000006, 16.6566255300001], [96.20159688000012, 16.656550200000083], [96.1992320400002, 16.656458670000177], [96.19748460000005, 16.65673560000016], [96.19480404000012, 16.656940080000027], [96.1921911600001, 16.656785009999965], [96.19069248000011, 16.65706527000009], [96.18935040000008, 16.659329309999976], [96.18833124000014, 16.660816920000173], [96.18728292000009, 16.66014237000013], [96.18585660000019, 16.65976293000017], [96.18417108000017, 16.660040670000058], [96.18305076000019, 16.66002564000007], [96.18227856000004, 16.659624960000144], [96.18150636000013, 16.659224189999975], [96.18076476000005, 16.658854020000092], [96.17920740000017, 16.65889317000017], [96.1779614400001, 16.658936460000177], [96.17671728000016, 16.658859690000043], [96.17541984000013, 16.658181720000073], [96.17411448000013, 16.658044020000034], [96.17482044000008, 16.65667233000005], [96.17558220000006, 16.65572175000011], [96.17640156000016, 16.655072220000022], [96.17773284000003, 16.65352881000001], [96.17849712000003, 16.6523980500001], [96.17895864000019, 16.650722880000046], [96.17991156000016, 16.649474580000117], [96.18110640000009, 16.648709940000117], [96.1818552000002, 16.648599870000055], [96.18272928000005, 16.648431390000155], [96.18392592000015, 16.647546690000127], [96.18531012000005, 16.646604390000164], [96.18657048000011, 16.645600350000052], [96.18726168000006, 16.645189230000142], [96.18881904000017, 16.645150080000064], [96.19081380000017, 16.644996539999966], [96.19182072000018, 16.644289410000113], [96.19278372000008, 16.64238060000008], [96.19243308000006, 16.640874629999985]]]}}, {"type": "Feature", "properties": {"adm4_name": "Da Noke San Pya", "adm4_name1": "ဓနုတ်စံပြ", "adm4_name2": null, "adm4_name3": null, "adm4_pcode": "MMR013030003", "adm3_name": "Dala", "adm3_name1": "ဒလ", "adm3_name2": null, "adm3_name3": null, "adm3_pcode": "MMR013030", "adm2_name": "Yangon (South)", "adm2_name1": "ရန်ကုန်(တောင်ပိုင်း)", "adm2_name2": null, "adm2_name3": null, "adm2_pcode": "MMR013D003", "adm1_name": "Yangon", "adm1_name1": "ရန်ကုန်တိုင်းဒေသကြီး", "adm1_name2": null, "adm1_name3": null, "adm1_pcode": "MMR013", "adm0_name": "Myanmar", "adm0_name1": "မြန်မာနိုင်ငံ", "adm0_name2": null, "adm0_name3": null, "adm0_pcode": "MMR", "valid_on": "2024-02-15T00:00:00", "valid_to": null, "area_sqkm": 11.10212551, "version": "v01", "lang": "en", "lang1": "my", "lang2": null, "lang3": null, "adm4_ref_name": "Da Noke San Pya", "center_lat": 16.6109387, "center_lon": 96.21245842}, "geometry": {"type": "Polygon", "coordinates": [[[96.22298880000011, 16.62530607000008], [96.22035288000018, 16.626712590000068], [96.21984384000012, 16.62742646999999], [96.21974628000004, 16.629767280000067], [96.21941724000004, 16.630964010000127], [96.21792144000005, 16.63106427000008], [96.21481356000015, 16.630722990000095], [96.21073332000003, 16.628807250000023], [96.20832564000011, 16.62745418999998], [96.20611740000004, 16.625263050000058], [96.20477676000013, 16.62335360999998], [96.20343612000005, 16.621444170000075], [96.20300412000017, 16.62119819999998], [96.20095644000003, 16.62075063000009], [96.19753572000019, 16.6205250000001], [96.19342848000014, 16.62041025000019], [96.19063308000017, 16.620012630000133], [96.19103124000003, 16.61839659000003], [96.19143480000002, 16.6164201900001], [96.19110684000009, 16.613413290000153], [96.19101792000004, 16.612796790000118], [96.19065648000014, 16.61028462000013], [96.19008804000015, 16.605873000000145], [96.18976548000012, 16.603366770000036], [96.19029828000015, 16.596948330000146], [96.19063563999998, 16.59296908100015], [96.1906357920002, 16.59296728600009], [96.19281510100012, 16.592326313000058], [96.1962489880001, 16.59197426200018], [96.19624910100003, 16.591974866000044], [96.19727498300017, 16.597472327000048], [96.19830418600014, 16.604333681000014], [96.20447940300011, 16.607764360000147], [96.20448299800017, 16.607763052], [96.20825314700011, 16.606392088000064], [96.21312198100009, 16.604228161000037], [96.21312595400013, 16.604229039000074], [96.22370050600006, 16.60656546500013], [96.23331925600007, 16.60869070800004], [96.23331913100014, 16.608690018000175], [96.23331900800008, 16.608689339000023], [96.23332520400004, 16.60869070800004], [96.23375557700001, 16.60869834700003], [96.23371476500006, 16.60896535400019], [96.2343159020001, 16.611592775000076], [96.23732926500014, 16.619420736], [96.23862748900007, 16.621372511000118], [96.24009464700015, 16.624713455000176], [96.23946626800011, 16.624929893000115], [96.23946105100015, 16.624931376000177], [96.23774736000018, 16.62507980999999], [96.2352612000002, 16.624807020000162], [96.2324625600001, 16.62459003000015], [96.23059380000018, 16.624041300000044], [96.23010708000004, 16.623898470000142], [96.22931435999999, 16.62280713000007], [96.22832112000009, 16.62261390000009], [96.22298880000011, 16.62530607000008]]]}}, {"type": "Feature", "properties": {"adm4_name": "Nyaung Chaung", "adm4_name1": "ညောင်ချောင်း", "adm4_name2": null, "adm4_name3": null, "adm4_pcode": "MMR013030004", "adm3_name": "Dala", "adm3_name1": "ဒလ", "adm3_name2": null, "adm3_name3": null, "adm3_pcode": "MMR013030", "adm2_name": "Yangon (South)", "adm2_name1": "ရန်ကုန်(တောင်ပိုင်း)", "adm2_name2": null, "adm2_name3": null, "adm2_pcode": "MMR013D003", "adm1_name": "Yangon", "adm1_name1": "ရန်ကုန်တိုင်းဒေသကြီး", "adm1_name2": null, "adm1_name3": null, "adm1_pcode": "MMR013", "adm0_name": "Myanmar", "adm0_name1": "မြန်မာနိုင်ငံ", "adm0_name2": null, "adm0_name3": null, "adm0_pcode": "MMR", "valid_on": "2024-02-15T00:00:00", "valid_to": null, "area_sqkm": 13.51884442, "version": "v01", "lang": "en", "lang1": "my", "lang2": null, "lang3": null, "adm4_ref_name": "Nyaung Chaung", "center_lat": 16.63847928, "center_lon": 96.20521698}, "geometry": {"type": "Polygon", "coordinates": [[[96.24475467000019, 16.6388322520001], [96.24466910800004, 16.640964611000072], [96.24452189500016, 16.644633400000146], [96.244479179, 16.64569796000012], [96.24414844500018, 16.64698152500017], [96.24401596800016, 16.64716955], [96.24359723600014, 16.64776386000017], [96.24315417500014, 16.65065417400001], [96.24198344100012, 16.653207793000036], [96.24166956200014, 16.653560906], [96.24015487200006, 16.654654871000048], [96.23514163500016, 16.656641635000085], [96.23361181800016, 16.656861818000095], [96.23295449099999, 16.65715188300004], [96.23266596000019, 16.65672129], [96.23173644000002, 16.65640881000013], [96.23143512000013, 16.65574425], [96.23156796000012, 16.65520551000003], [96.23170512000013, 16.654366620000076], [96.23115288000008, 16.65381879000006], [96.23028384000008, 16.65362718000017], [96.22966752000008, 16.653198690000067], [96.2292481200002, 16.65211221000004], [96.2279650800001, 16.65047394000004], [96.22760148000003, 16.649808480000047], [96.22699524000012, 16.648719570000026], [96.22701252000013, 16.64757882000015], [96.22704132000007, 16.64565750000014], [96.22726488000006, 16.64319825000007], [96.22680840000015, 16.641404910000176], [96.22655928000012, 16.640426520000062], [96.22552392000011, 16.638911550000103], [96.224607, 16.637758380000093], [96.22362024000012, 16.63714485000014], [96.22244376000015, 16.63670898000015], [96.22155528000019, 16.637838210000098], [96.22047348000018, 16.63938531000008], [96.22002420000013, 16.640280180000047], [96.21833076000019, 16.641098550000038], [96.21788508000009, 16.641753210000047], [96.2174185200002, 16.643788830000062], [96.21683639999998, 16.645222440000055], [96.216084, 16.64557281000009], [96.21502668000016, 16.645498740000164], [96.21446436000019, 16.64561142000008], [96.2143912800002, 16.64633106000008], [96.2145547200002, 16.647894540000152], [96.2146015200002, 16.64891613000009], [96.21396612000018, 16.64974845000006], [96.2132842800001, 16.64955918000004], [96.2125524000001, 16.648528590000012], [96.21101268000007, 16.64742726000003], [96.20978292000012, 16.64639010000019], [96.20786412000012, 16.645644000000118], [96.20643780000006, 16.64526474000013], [96.20590032000018, 16.643756250000024], [96.20479224000019, 16.64290080000012], [96.203052, 16.64269748999999], [96.20157348000015, 16.641657], [96.19872912000017, 16.640358030000073], [96.19792416000018, 16.640077050000116], [96.19711884000014, 16.639796070000102], [96.19568352000005, 16.640017200000102], [96.19275348000008, 16.64027838000004], [96.19243308000006, 16.640874629999985], [96.19021404000011, 16.639403760000164], [96.18898824000013, 16.63812630000018], [96.18912252000001, 16.637467500000184], [96.18944580000016, 16.636691160000055], [96.18920928000011, 16.635877290000053], [96.18897240000007, 16.63506342000005], [96.18886728000007, 16.63380090000004], [96.18957935999998, 16.63200891000008], [96.19029144000012, 16.63021683000011], [96.19007328000004, 16.62817221000006], [96.19005672000009, 16.625169360000143], [96.19003476, 16.62450462000004], [96.1899714000001, 16.622586], [96.19063308000017, 16.620012630000133], [96.19342848000014, 16.62041025000019], [96.19753572000019, 16.6205250000001], [96.20095644000003, 16.62075063000009], [96.20300412000017, 16.62119819999998], [96.20343612000005, 16.621444170000075], [96.20477676000013, 16.62335360999998], [96.20611740000004, 16.625263050000058], [96.20832564000011, 16.62745418999998], [96.21073332000003, 16.628807250000023], [96.21481356000015, 16.630722990000095], [96.21792144000005, 16.63106427000008], [96.21941724000004, 16.630964010000127], [96.21974628000004, 16.629767280000067], [96.21984384000012, 16.62742646999999], [96.22035288000018, 16.626712590000068], [96.22298880000011, 16.62530607000008], [96.22832112000009, 16.62261390000009], [96.22931435999999, 16.62280713000007], [96.23010708000004, 16.623898470000142], [96.23059380000018, 16.624041300000044], [96.2324625600001, 16.62459003000015], [96.2352612000002, 16.624807020000162], [96.23774736000018, 16.62507980999999], [96.23946105100015, 16.624931376000177], [96.23946626800011, 16.624929893000115], [96.24009464700015, 16.624713455000176], [96.2404202030001, 16.62545479700003], [96.24215575500017, 16.62759425400003], [96.24365066700005, 16.631856268999968], [96.24370054100007, 16.632088480000107], [96.24418736300004, 16.634355093000124], [96.24442945600009, 16.63548226000006], [96.24475467000019, 16.6388322520001]]]}}, {"type": "Feature", "properties": {"adm4_name": "Tone Tin Gan (South)", "adm4_name1": "တုံးတင်ဂံ (တောင်)", "adm4_name2": null, "adm4_name3": null, "adm4_pcode": "MMR013030005", "adm3_name": "Dala", "adm3_name1": "ဒလ", "adm3_name2": null, "adm3_name3": null, "adm3_pcode": "MMR013030", "adm2_name": "Yangon (South)", "adm2_name1": "ရန်ကုန်(တောင်ပိုင်း)", "adm2_name2": null, "adm2_name3": null, "adm2_pcode": "MMR013D003", "adm1_name": "Yangon", "adm1_name1": "ရန်ကုန်တိုင်းဒေသကြီး", "adm1_name2": null, "adm1_name3": null, "adm1_pcode": "MMR013", "adm0_name": "Myanmar", "adm0_name1": "မြန်မာနိုင်ငံ", "adm0_name2": null, "adm0_name3": null, "adm0_pcode": "MMR", "valid_on": "2024-02-15T00:00:00", "valid_to": null, "area_sqkm": 8.93871034, "version": "v01", "lang": "en", "lang1": "my", "lang2": null, "lang3": null, "adm4_ref_name": "Tone Tin Gan (South)", "center_lat": 16.65595629, "center_lon": 96.22027715}, "geometry": {"type": "Polygon", "coordinates": [[[96.2077690800001, 16.672486050000032], [96.20668620000004, 16.674093090000156], [96.20573868000014, 16.674981210000055], [96.20455032000007, 16.675325730000168], [96.20268948000012, 16.674820560000114], [96.20102772000007, 16.673537340000166], [96.2002368000002, 16.672325760000092], [96.19939404000007, 16.670392830000026], [96.19847568000012, 16.66935971999999], [96.19692948000011, 16.66867851000012], [96.19660296000006, 16.668624870000144], [96.19494156000013, 16.66835172000009], [96.19358111999998, 16.667733060000046], [96.19211520000005, 16.665851790000033], [96.19096356000011, 16.66379466000018], [96.18943464000012, 16.661972700000035], [96.18833124000014, 16.660816920000173], [96.18935040000008, 16.659329309999976], [96.19069248000011, 16.65706527000009], [96.1921911600001, 16.656785009999965], [96.19480404000012, 16.656940080000027], [96.19748460000005, 16.65673560000016], [96.1992320400002, 16.656458670000177], [96.20159688000012, 16.656550200000083], [96.20726220000006, 16.6566255300001], [96.2090125200001, 16.656168330000128], [96.20910180000004, 16.65436797000018], [96.20894232000018, 16.65256428000015], [96.208524, 16.651417769999966], [96.20736660000017, 16.6497209100001], [96.2068975200001, 16.64779302000011], [96.20643780000006, 16.64526474000013], [96.20786412000012, 16.645644000000118], [96.20978292000012, 16.64639010000019], [96.21101268000007, 16.64742726000003], [96.2125524000001, 16.648528590000012], [96.2132842800001, 16.64955918000004], [96.21396612000018, 16.64974845000006], [96.2146015200002, 16.64891613000009], [96.2145547200002, 16.647894540000152], [96.2143912800002, 16.64633106000008], [96.21446436000019, 16.64561142000008], [96.21502668000016, 16.645498740000164], [96.216084, 16.64557281000009], [96.21683639999998, 16.645222440000055], [96.2174185200002, 16.643788830000062], [96.21788508000009, 16.641753210000047], [96.21833076000019, 16.641098550000038], [96.22002420000013, 16.640280180000047], [96.22047348000018, 16.63938531000008], [96.22155528000019, 16.637838210000098], [96.22244376000015, 16.63670898000015], [96.22362024000012, 16.63714485000014], [96.224607, 16.637758380000093], [96.22552392000011, 16.638911550000103], [96.22655928000012, 16.640426520000062], [96.22680840000015, 16.641404910000176], [96.22726488000006, 16.64319825000007], [96.22704132000007, 16.64565750000014], [96.22701252000013, 16.64757882000015], [96.22699524000012, 16.648719570000026], [96.22760148000003, 16.649808480000047], [96.2279650800001, 16.65047394000004], [96.2292481200002, 16.65211221000004], [96.22966752000008, 16.653198690000067], [96.23028384000008, 16.65362718000017], [96.23115288000008, 16.65381879000006], [96.23170512000013, 16.654366620000076], [96.23156796000012, 16.65520551000003], [96.23143512000013, 16.65574425], [96.23173644000002, 16.65640881000013], [96.23266596000019, 16.65672129], [96.23295449099999, 16.65715188300004], [96.22962230600007, 16.658622306000098], [96.2277432510001, 16.659593251000047], [96.22741896800005, 16.659843955000042], [96.22518521800015, 16.66157087500011], [96.22512073100006, 16.66162073100014], [96.22280316700011, 16.66292816600003], [96.2207877300001, 16.66510725400002], [96.21901929000012, 16.667019290000155], [96.21815433600017, 16.667711858000075], [96.21638141200003, 16.669131435000054], [96.21562408800003, 16.670319529000096], [96.21511557600007, 16.671117283], [96.21378988700008, 16.672217283000066], [96.21366693100003, 16.672257701000035], [96.21245733600006, 16.672655322000026], [96.21189235700012, 16.673733192000043], [96.211324451, 16.673184093000145], [96.21124668000004, 16.673132790000068], [96.20994924000019, 16.672455000000127], [96.20870760000014, 16.67219832], [96.2077690800001, 16.672486050000032]]]}}, {"type": "Feature", "properties": {"adm4_name": "Tone Tin Gan (North)", "adm4_name1": "တုံးတင်ဂံ (မြောက်)", "adm4_name2": null, "adm4_name3": null, "adm4_pcode": "MMR013030006", "adm3_name": "Dala", "adm3_name1": "ဒလ", "adm3_name2": null, "adm3_name3": null, "adm3_pcode": "MMR013030", "adm2_name": "Yangon (South)", "adm2_name1": "ရန်ကုန်(တောင်ပိုင်း)", "adm2_name2": null, "adm2_name3": null, "adm2_pcode": "MMR013D003", "adm1_name": "Yangon", "adm1_name1": "ရန်ကုန်တိုင်းဒေသကြီး", "adm1_name2": null, "adm1_name3": null, "adm1_pcode": "MMR013", "adm0_name": "Myanmar", "adm0_name1": "မြန်မာနိုင်ငံ", "adm0_name2": null, "adm0_name3": null, "adm0_pcode": "MMR", "valid_on": "2024-02-15T00:00:00", "valid_to": null, "area_sqkm": 8.56944941, "version": "v01", "lang": "en", "lang1": "my", "lang2": null, "lang3": null, "adm4_ref_name": "Tone Tin Gan (North)", "center_lat": 16.67363072, "center_lon": 96.18836785}, "geometry": {"type": "Polygon", "coordinates": [[[96.20571223100018, 16.68931158600003], [96.20546325900017, 16.689234368000086], [96.20545762800015, 16.68923262100003], [96.20235288000015, 16.688808180000137], [96.1987413600001, 16.688759940000068], [96.1976937600001, 16.68802536000004], [96.19663824000014, 16.687831140000128], [96.19551, 16.6882964400001], [96.19476012000018, 16.68846654000015], [96.19420140000017, 16.68833901000005], [96.19353036000007, 16.687429290000125], [96.19242048000007, 16.68669381000018], [96.19136748000017, 16.686319410000124], [96.19067736000005, 16.686670500000048], [96.18948864000015, 16.687014840000074], [96.18868584000012, 16.686583740000117], [96.18814260000016, 16.68543552000017], [96.18748524000011, 16.68362517000014], [96.18712920000013, 16.68247938000019], [96.18657336000012, 16.682171670000116], [96.18527412000014, 16.68161376000012], [96.18335424000009, 16.68092751], [96.18187644, 16.67982672000005], [96.18023124000013, 16.677462600000013], [96.17839092000008, 16.675636410000095], [96.17758992000006, 16.67508516000015], [96.17642424000007, 16.67392848000003], [96.17537160000006, 16.673554080000144], [96.17337648000017, 16.67370735000003], [96.17143536000015, 16.674401790000104], [96.170679, 16.67499210000011], [96.16922425400014, 16.671898550000094], [96.16640035800009, 16.666146170000047], [96.1658139600001, 16.66333674000009], [96.16762584000008, 16.662940830000025], [96.16856436000006, 16.66265328000003], [96.16863672000005, 16.661993670000186], [96.16858452000014, 16.661332440000024], [96.16958712000013, 16.66092555000006], [96.17153544000007, 16.659750780000024], [96.17411448000013, 16.658044020000034], [96.17541984000013, 16.658181720000073], [96.17671728000016, 16.658859690000043], [96.1779614400001, 16.658936460000177], [96.17920740000017, 16.65889317000017], [96.18076476000005, 16.658854020000092], [96.18150636000013, 16.659224189999975], [96.18227856000004, 16.659624960000144], [96.18305076000019, 16.66002564000007], [96.18417108000017, 16.660040670000058], [96.18585660000019, 16.65976293000017], [96.18728292000009, 16.66014237000013], [96.18833124000014, 16.660816920000173], [96.18943464000012, 16.661972700000035], [96.19096356000011, 16.66379466000018], [96.19211520000005, 16.665851790000033], [96.19358111999998, 16.667733060000046], [96.19494156000013, 16.66835172000009], [96.19660296000006, 16.668624870000144], [96.19692948000011, 16.66867851000012], [96.19847568000012, 16.66935971999999], [96.19939404000007, 16.670392830000026], [96.2002368000002, 16.672325760000092], [96.20102772000007, 16.673537340000166], [96.20268948000012, 16.674820560000114], [96.20455032000007, 16.675325730000168], [96.20573868000014, 16.674981210000055], [96.20668620000004, 16.674093090000156], [96.2077690800001, 16.672486050000032], [96.20870760000014, 16.67219832], [96.20994924000019, 16.672455000000127], [96.21124668000004, 16.673132790000068], [96.211324451, 16.673184093000145], [96.21189235700012, 16.673733192000043], [96.21198646600016, 16.673824183000022], [96.21198902300011, 16.673827356000174], [96.21170250900019, 16.674095384000168], [96.21115060100004, 16.67514831900013], [96.20833442400016, 16.67908442400011], [96.20656576599998, 16.68349079100011], [96.20571223100018, 16.68931158600003]]]}}, {"type": "Feature", "properties": {"adm4_name": "Boe Hpyu Chaung", "adm4_name1": "ဘိုးဖြူချောင်း", "adm4_name2": null, "adm4_name3": null, "adm4_pcode": "MMR013030007", "adm3_name": "Dala", "adm3_name1": "ဒလ", "adm3_name2": null, "adm3_name3": null, "adm3_pcode": "MMR013030", "adm2_name": "Yangon (South)", "adm2_name1": "ရန်ကုန်(တောင်ပိုင်း)", "adm2_name2": null, "adm2_name3": null, "adm2_pcode": "MMR013D003", "adm1_name": "Yangon", "adm1_name1": "ရန်ကုန်တိုင်းဒေသကြီး", "adm1_name2": null, "adm1_name3": null, "adm1_pcode": "MMR013", "adm0_name": "Myanmar", "adm0_name1": "မြန်မာနိုင်ငံ", "adm0_name2": null, "adm0_name3": null, "adm0_pcode": "MMR", "valid_on": "2024-02-15T00:00:00", "valid_to": null, "area_sqkm": 11.5046746, "version": "v01", "lang": "en", "lang1": "my", "lang2": null, "lang3": null, "adm4_ref_name": "Boe Hpyu Chaung", "center_lat": 16.61554359, "center_lon": 96.17962644}, "geometry": {"type": "Polygon", "coordinates": [[[96.19063308000017, 16.620012630000133], [96.1899714000001, 16.622586], [96.19003476, 16.62450462000004], [96.19005672000009, 16.625169360000143], [96.19007328000004, 16.62817221000006], [96.19029144000012, 16.63021683000011], [96.18957935999998, 16.63200891000008], [96.18886728000007, 16.63380090000004], [96.18897240000007, 16.63506342000005], [96.18920928000011, 16.635877290000053], [96.18944580000016, 16.636691160000055], [96.18912252000001, 16.637467500000184], [96.18898824000013, 16.63812630000018], [96.18522633000009, 16.638011801000175], [96.17926477200012, 16.6367567370001], [96.1691196650001, 16.633932841000046], [96.15949750200002, 16.63184106600005], [96.15611916000012, 16.629757830000187], [96.15890844000018, 16.628494140000043], [96.158952, 16.62847443000004], [96.15989791300007, 16.62608846000012], [96.1617674430002, 16.62301404800013], [96.16349951000007, 16.621252218000052], [96.16637944900003, 16.62098146900007], [96.16773800200008, 16.621072573000163], [96.16680630900004, 16.618226937000088], [96.16827545600017, 16.614666984000166], [96.16744799300017, 16.612813950000145], [96.16830264700019, 16.611234057000047], [96.17064039400009, 16.609537397], [96.17085101300017, 16.607102502999965], [96.17134219200005, 16.60434822899998], [96.17129356400011, 16.600797094000086], [96.17166685600012, 16.597718898000096], [96.17254357900009, 16.595537405000186], [96.17254378500007, 16.595537306999972], [96.17558490900018, 16.594114629000046], [96.17558498700004, 16.594114596000168], [96.18423840900016, 16.59575698900005], [96.18698295300004, 16.594041651000055], [96.1906357920002, 16.59296728600009], [96.19063563999998, 16.59296908100015], [96.19029828000015, 16.596948330000146], [96.18976548000012, 16.603366770000036], [96.19008804000015, 16.605873000000145], [96.19065648000014, 16.61028462000013], [96.19101792000004, 16.612796790000118], [96.19110684000009, 16.613413290000153], [96.19143480000002, 16.6164201900001], [96.19103124000003, 16.61839659000003], [96.19063308000017, 16.620012630000133]]]}}, {"type": "Feature", "properties": {"adm4_name": "Kha Naung (Ywar Ma)", "adm4_name1": "ခနောင် (ရွာမ)", "adm4_name2": null, "adm4_name3": null, "adm4_pcode": "MMR013030008", "adm3_name": "Dala", "adm3_name1": "ဒလ", "adm3_name2": null, "adm3_name3": null, "adm3_pcode": "MMR013030", "adm2_name": "Yangon (South)", "adm2_name1": "ရန်ကုန်(တောင်ပိုင်း)", "adm2_name2": null, "adm2_name3": null, "adm2_pcode": "MMR013D003", "adm1_name": "Yangon", "adm1_name1": "ရန်ကုန်တိုင်းဒေသကြီး", "adm1_name2": null, "adm1_name3": null, "adm1_pcode": "MMR013", "adm0_name": "Myanmar", "adm0_name1": "မြန်မာနိုင်ငံ", "adm0_name2": null, "adm0_name3": null, "adm0_pcode": "MMR", "valid_on": "2024-02-15T00:00:00", "valid_to": null, "area_sqkm": 7.36547747, "version": "v01", "lang": "en", "lang1": "my", "lang2": null, "lang3": null, "adm4_ref_name": "Kha Naung (Ywar Ma)", "center_lat": 16.69111749, "center_lon": 96.19147367}, "geometry": {"type": "Polygon", "coordinates": [[[96.2015183310001, 16.708135485000128], [96.20085230900003, 16.707874104000098], [96.20084716000008, 16.707872082999984], [96.20025784500007, 16.707739310000136], [96.19926588000015, 16.7075031600001], [96.19777584000013, 16.70718294000011], [96.19609896000014, 16.706860290000066], [96.19548084000013, 16.70655177000009], [96.19448004000014, 16.706838600000026], [96.19385832000017, 16.70677020000005], [96.1935523200001, 16.706405790000076], [96.19331544000005, 16.705621980000103], [96.19282260000011, 16.70525505000012], [96.19226316000004, 16.70518755], [96.19188228000013, 16.705662840000116], [96.19111764000007, 16.706793600000026], [96.19055244000003, 16.707086280000112], [96.18980796000011, 16.706896110000173], [96.18875964000006, 16.706221470000116], [96.18789312000013, 16.70584959000007], [96.1873329600001, 16.705842029999985], [96.18689232000008, 16.70613642], [96.1860726000001, 16.706785950000096], [96.18525936000015, 16.707015270000056], [96.18389136000013, 16.70687676000017], [96.18277320000016, 16.706681549999985], [96.18133752000017, 16.706902500000183], [96.18134076000013, 16.706692350000026], [96.1813440000002, 16.70648220000004], [96.18153804000008, 16.70600439000009], [96.1818584400001, 16.70540823000016], [96.18242436000003, 16.705055520000087], [96.18231096000011, 16.70433336000002], [96.18188616000009, 16.703607059999968], [96.1815243600002, 16.70282154], [96.18136524000016, 16.70101784999997], [96.18094872000017, 16.699751189999972], [96.17965488000004, 16.698833010000044], [96.1786054800001, 16.698218399999973], [96.17867712000015, 16.697618820000116], [96.1786954800001, 16.696418040000083], [96.17879268000013, 16.69413744000019], [96.17858711999997, 16.693324020000034], [96.17838156000005, 16.69251060000005], [96.17814071999999, 16.69196682], [96.17685912000019, 16.69026816000013], [96.17569920000017, 16.688751300000035], [96.17552892000009, 16.687668060000135], [96.1749903600001, 16.686219600000186], [96.17452380000003, 16.684171650000053], [96.17375952000003, 16.681218840000156], [96.17314680000015, 16.68055005000008], [96.17240448000001, 16.680239820000168], [96.17127804000006, 16.680584880000083], [96.16954140000013, 16.680141180000135], [96.16861656000015, 16.679528190000042], [96.16887504000005, 16.678931130000024], [96.16943880000014, 16.678698570000165], [96.17000400000018, 16.67840589000008], [96.16982436000006, 16.677923130000124], [96.16977431999999, 16.677141750000146], [96.17046840000006, 16.676550630000065], [96.17084748000019, 16.676195399999983], [96.17073408000005, 16.675473240000088], [96.170679, 16.67499210000011], [96.17143536000015, 16.674401790000104], [96.17337648000017, 16.67370735000003], [96.17537160000006, 16.673554080000144], [96.17642424000007, 16.67392848000003], [96.17758992000006, 16.67508516000015], [96.17839092000008, 16.675636410000095], [96.18023124000013, 16.677462600000013], [96.18187644, 16.67982672000005], [96.18335424000009, 16.68092751], [96.18527412000014, 16.68161376000012], [96.18657336000012, 16.682171670000116], [96.18712920000013, 16.68247938000019], [96.18748524000011, 16.68362517000014], [96.18814260000016, 16.68543552000017], [96.18868584000012, 16.686583740000117], [96.18948864000015, 16.687014840000074], [96.19067736000005, 16.686670500000048], [96.19136748000017, 16.686319410000124], [96.19242048000007, 16.68669381000018], [96.19353036000007, 16.687429290000125], [96.19420140000017, 16.68833901000005], [96.19476012000018, 16.68846654000015], [96.19551, 16.6882964400001], [96.19663824000014, 16.687831140000128], [96.1976937600001, 16.68802536000004], [96.1987413600001, 16.688759940000068], [96.20235288000015, 16.688808180000137], [96.20545762800015, 16.68923262100003], [96.20546325900017, 16.689234368000086], [96.20571223100018, 16.68931158600003], [96.20443544900007, 16.69801878200019], [96.20332014600007, 16.701903480000055], [96.20270560400019, 16.705555604000097], [96.2015183310001, 16.708135485000128]]]}}, {"type": "Feature", "properties": {"adm4_name": "Kha Naung (Upper)", "adm4_name1": "ခနောင် (အထက်)", "adm4_name2": null, "adm4_name3": null, "adm4_pcode": "MMR013030009", "adm3_name": "Dala", "adm3_name1": "ဒလ", "adm3_name2": null, "adm3_name3": null, "adm3_pcode": "MMR013030", "adm2_name": "Yangon (South)", "adm2_name1": "ရန်ကုန်(တောင်ပိုင်း)", "adm2_name2": null, "adm2_name3": null, "adm2_pcode": "MMR013D003", "adm1_name": "Yangon", "adm1_name1": "ရန်ကုန်တိုင်းဒေသကြီး", "adm1_name2": null, "adm1_name3": null, "adm1_pcode": "MMR013", "adm0_name": "Myanmar", "adm0_name1": "မြန်မာနိုင်ငံ", "adm0_name2": null, "adm0_name3": null, "adm0_pcode": "MMR", "valid_on": "2024-02-15T00:00:00", "valid_to": null, "area_sqkm": 7.40530263, "version": "v01", "lang": "en", "lang1": "my", "lang2": null, "lang3": null, "adm4_ref_name": "Kha Naung (Upper)", "center_lat": 16.69588196, "center_lon": 96.16521653}, "geometry": {"type": "Polygon", "coordinates": [[[96.18133752000017, 16.706902500000183], [96.18078168000005, 16.707774780000022], [96.18048828000008, 16.708518360000085], [96.18026760000015, 16.709126940000033], [96.17997204000017, 16.710006420000127], [96.17981760000004, 16.710887790000015], [96.17986944000006, 16.712111610000022], [96.17909724000009, 16.711897410000063], [96.17790564000012, 16.711473600000033], [96.17744347300015, 16.711296669000035], [96.17716980000012, 16.71119190000013], [96.17667884100013, 16.711003795000124], [96.17643432000006, 16.7109101100001], [96.1760324650001, 16.71074223300019], [96.17475348000005, 16.71020793000008], [96.17202072000009, 16.709151780000127], [96.16773780000011, 16.70807457000018], [96.165423, 16.707363750000127], [96.16503491499998, 16.707295948000024], [96.16480740000009, 16.70725620000013], [96.16365097900007, 16.707054168000127], [96.16331448000005, 16.706995380000023], [96.16106772000012, 16.70642136000015], [96.16064836900017, 16.70634193800015], [96.15952188000011, 16.706128590000105], [96.15749758900006, 16.705606975000023], [96.15574728000007, 16.70515596000007], [96.15582828000004, 16.704947160000017], [96.15584592000005, 16.70380767000006], [96.15586248, 16.70272821000009], [96.15568788000013, 16.701946020000037], [96.154884, 16.70163516000008], [96.15439368000017, 16.70114862000014], [96.1541618400002, 16.700065830000085], [96.15361392000011, 16.699278600000127], [96.15333780000003, 16.699034880000056], [96.15306168000012, 16.698791160000155], [96.1527718800001, 16.698469500000158], [96.15265524000006, 16.698324960000093], [96.15253896000019, 16.69818042000003], [96.15237624000002, 16.697206170000072], [96.15208752000012, 16.69668759000018], [96.15162132000012, 16.696166580000067], [96.15180816000014, 16.69559733], [96.15164004000007, 16.694965980000177], [96.15105828000009, 16.694214750000015], [96.15143196000008, 16.693076160000146], [96.15156912000003, 16.691877180000063], [96.15142368000011, 16.68975948000019], [96.15169548000006, 16.687533060000135], [96.15508920000019, 16.686664200000052], [96.15854196000004, 16.685796150000158], [96.15899088000003, 16.685422470000162], [96.15943980000009, 16.685048880000124], [96.16075380000007, 16.684646310000062], [96.16243752000014, 16.68448890000019], [96.16486284000007, 16.68470184], [96.16636944000004, 16.68394152000019], [96.16682808000013, 16.682446530000107], [96.16778964000014, 16.680657960000076], [96.16861656000015, 16.679528190000042], [96.16954140000013, 16.680141180000135], [96.17127804000006, 16.680584880000083], [96.17240448000001, 16.680239820000168], [96.17314680000015, 16.68055005000008], [96.17375952000003, 16.681218840000156], [96.17452380000003, 16.684171650000053], [96.1749903600001, 16.686219600000186], [96.17552892000009, 16.687668060000135], [96.17569920000017, 16.688751300000035], [96.17685912000019, 16.69026816000013], [96.17814071999999, 16.69196682], [96.17838156000005, 16.69251060000005], [96.17858711999997, 16.693324020000034], [96.17879268000013, 16.69413744000019], [96.1786954800001, 16.696418040000083], [96.17867712000015, 16.697618820000116], [96.1786054800001, 16.698218399999973], [96.17965488000004, 16.698833010000044], [96.18094872000017, 16.699751189999972], [96.18136524000016, 16.70101784999997], [96.1815243600002, 16.70282154], [96.18188616000009, 16.703607059999968], [96.18231096000011, 16.70433336000002], [96.18242436000003, 16.705055520000087], [96.1818584400001, 16.70540823000016], [96.18153804000008, 16.70600439000009], [96.1813440000002, 16.70648220000004], [96.18134076000013, 16.706692350000026], [96.18133752000017, 16.706902500000183]]]}}, {"type": "Feature", "properties": {"adm4_name": "Kha Naung (Shan Su)", "adm4_name1": "ခနောင် (ရှမ်းစု)", "adm4_name2": null, "adm4_name3": null, "adm4_pcode": "MMR013030010", "adm3_name": "Dala", "adm3_name1": "ဒလ", "adm3_name2": null, "adm3_name3": null, "adm3_pcode": "MMR013030", "adm2_name": "Yangon (South)", "adm2_name1": "ရန်ကုန်(တောင်ပိုင်း)", "adm2_name2": null, "adm2_name3": null, "adm2_pcode": "MMR013D003", "adm1_name": "Yangon", "adm1_name1": "ရန်ကုန်တိုင်းဒေသကြီး", "adm1_name2": null, "adm1_name3": null, "adm1_pcode": "MMR013", "adm0_name": "Myanmar", "adm0_name1": "မြန်မာနိုင်ငံ", "adm0_name2": null, "adm0_name3": null, "adm0_pcode": "MMR", "valid_on": "2024-02-15T00:00:00", "valid_to": null, "area_sqkm": 5.11129524, "version": "v01", "lang": "en", "lang1": "my", "lang2": null, "lang3": null, "adm4_ref_name": "Kha Naung (Shan Su)", "center_lat": 16.71819507, "center_lon": 96.18742907}, "geometry": {"type": "Polygon", "coordinates": [[[96.1944495210002, 16.72779952100018], [96.19368999100004, 16.729523325000173], [96.19310521800003, 16.730236553], [96.19252615400012, 16.730942821000042], [96.19230732800014, 16.731627572000093], [96.19138440000012, 16.73132148000019], [96.19033860000013, 16.73109072000011], [96.18921792000009, 16.730858880000085], [96.18795072000006, 16.73040834000011], [96.18683220000008, 16.73003205000009], [96.18609060000017, 16.729516260000025], [96.18564024600005, 16.729190971000037], [96.18527520000004, 16.728927300000123], [96.18475008400009, 16.72844102600004], [96.18416676000015, 16.72790085000014], [96.18298128000015, 16.727017860000046], [96.18252059400004, 16.726798660000043], [96.18141852000014, 16.726274279999984], [96.17939784000009, 16.726102560000186], [96.17714640000014, 16.72628894999997], [96.17421888000007, 16.726645980000058], [96.17604009100017, 16.721225064], [96.17628708000012, 16.720489890000124], [96.17636264100008, 16.72019947600006], [96.1765866, 16.719338700000094], [96.17723244000018, 16.718599890000064], [96.17766768000013, 16.717790250000064], [96.17790005900008, 16.717201390000184], [96.17796108000005, 16.717046760000187], [96.17811026100009, 16.716806436000184], [96.1787559600001, 16.715766240000107], [96.17919336000006, 16.714820790000033], [96.17986944000006, 16.712111610000022], [96.17981760000004, 16.710887790000015], [96.17997204000017, 16.710006420000127], [96.18026760000015, 16.709126940000033], [96.18048828000008, 16.708518360000085], [96.18078168000005, 16.707774780000022], [96.18133752000017, 16.706902500000183], [96.18277320000016, 16.706681549999985], [96.18389136000013, 16.70687676000017], [96.18525936000015, 16.707015270000056], [96.1860726000001, 16.706785950000096], [96.18689232000008, 16.70613642], [96.1873329600001, 16.705842029999985], [96.18789312000013, 16.70584959000007], [96.18875964000006, 16.706221470000116], [96.18980796000011, 16.706896110000173], [96.19055244000003, 16.707086280000112], [96.19111764000007, 16.706793600000026], [96.19188228000013, 16.705662840000116], [96.19226316000004, 16.70518755], [96.19282260000011, 16.70525505000012], [96.19331544000005, 16.705621980000103], [96.1935523200001, 16.706405790000076], [96.19385832000017, 16.70677020000005], [96.19448004000014, 16.706838600000026], [96.19548084000013, 16.70655177000009], [96.19609896000014, 16.706860290000066], [96.19777584000013, 16.70718294000011], [96.19926588000015, 16.7075031600001], [96.20025784500007, 16.707739310000136], [96.20084716000008, 16.707872082999984], [96.20085230900003, 16.707874104000098], [96.2015183310001, 16.708135485000128], [96.2009249240001, 16.709424925000064], [96.19981313300002, 16.710817567], [96.19964862800003, 16.711023628000078], [96.19884439900017, 16.712844399], [96.19715137400016, 16.719151374000035], [96.19610112700002, 16.721101127000168], [96.19491246900009, 16.725921950000156], [96.1944495210002, 16.72779952100018]]]}}, {"type": "Feature", "properties": {"adm4_name": "Ta Dar Chaung", "adm4_name1": "တံတားချောင်း", "adm4_name2": null, "adm4_name3": null, "adm4_pcode": "MMR013030011", "adm3_name": "Dala", "adm3_name1": "ဒလ", "adm3_name2": null, "adm3_name3": null, "adm3_pcode": "MMR013030", "adm2_name": "Yangon (South)", "adm2_name1": "ရန်ကုန်(တောင်ပိုင်း)", "adm2_name2": null, "adm2_name3": null, "adm2_pcode": "MMR013D003", "adm1_name": "Yangon", "adm1_name1": "ရန်ကုန်တိုင်းဒေသကြီး", "adm1_name2": null, "adm1_name3": null, "adm1_pcode": "MMR013", "adm0_name": "Myanmar", "adm0_name1": "မြန်မာနိုင်ငံ", "adm0_name2": null, "adm0_name3": null, "adm0_pcode": "MMR", "valid_on": "2024-02-15T00:00:00", "valid_to": null, "area_sqkm": 7.68259902, "version": "v01", "lang": "en", "lang1": "my", "lang2": null, "lang3": null, "adm4_ref_name": "Ta Dar Chaung", "center_lat": 16.74016509, "center_lon": 96.17469536}, "geometry": {"type": "Polygon", "coordinates": [[[96.1791874220001, 16.754193660000112], [96.17881633900004, 16.753929176000042], [96.17875386900005, 16.753964176000125], [96.17875375800008, 16.75396408600011], [96.17875148000007, 16.753962180000144], [96.17841996100009, 16.753684786000065], [96.17818676300016, 16.75325064200007], [96.17817115800005, 16.75198173500013], [96.17690340600012, 16.751974106000148], [96.17654119200017, 16.752120154000124], [96.17616081200015, 16.75221061700006], [96.17579078700015, 16.752299990000097], [96.17524070700011, 16.75232582100017], [96.17474451900011, 16.75135092300019], [96.17474174200015, 16.751317631000063], [96.17471122700005, 16.750951767000174], [96.1746692660002, 16.75046730000014], [96.17464949900005, 16.750200965000033], [96.17452890400011, 16.74984153700018], [96.1744985580001, 16.74975109100012], [96.1743502380001, 16.749447051], [96.17404619800016, 16.74882380200006], [96.17365074100019, 16.748992284000167], [96.17282954100011, 16.74937005400011], [96.17221429000011, 16.749512020000168], [96.16701051800015, 16.75031953700011], [96.16711235100013, 16.745328902999972], [96.1672096260001, 16.74202505800008], [96.1632969600002, 16.742189408], [96.16306591000006, 16.74201130300014], [96.16228866600005, 16.74141216300012], [96.16180922799998, 16.740976680000017], [96.16098880700008, 16.7406625750001], [96.16019075500014, 16.740294543000175], [96.15935192100017, 16.74026832500016], [96.15857887300018, 16.740061846], [96.15799942100017, 16.7397560120001], [96.157589595, 16.73938179000004], [96.15735435500011, 16.738814354], [96.15725047600012, 16.738242236000076], [96.15722743000015, 16.738115311000172], [96.1573053510001, 16.73721680300008], [96.15722662000007, 16.736461475000112], [96.15721841300001, 16.736382744000082], [96.15732547200008, 16.73585210600004], [96.15733528200019, 16.735542679000105], [96.15935340000004, 16.729987230000063], [96.1611213600001, 16.730342190000158], [96.1636564800001, 16.73051247], [96.16415652000006, 16.73042310000011], [96.16436316000011, 16.73038611000004], [96.16542984000006, 16.72978896], [96.16699404000019, 16.728926760000093], [96.16876920000016, 16.72806735000006], [96.17173884000005, 16.727495850000025], [96.17421888000007, 16.726645980000058], [96.17714640000014, 16.72628894999997], [96.17939784000009, 16.726102560000186], [96.18141852000014, 16.726274279999984], [96.18252059400004, 16.726798660000043], [96.18298128000015, 16.727017860000046], [96.18416676000015, 16.72790085000014], [96.18475008400009, 16.72844102600004], [96.18527520000004, 16.728927300000123], [96.18564024600005, 16.729190971000037], [96.18609060000017, 16.729516260000025], [96.18683220000008, 16.73003205000009], [96.18795072000006, 16.73040834000011], [96.18921792000009, 16.730858880000085], [96.19033860000013, 16.73109072000011], [96.19138440000012, 16.73132148000019], [96.19230732800014, 16.731627572000093], [96.19163287600009, 16.733738067], [96.1916146280002, 16.733795169000132], [96.19159636600011, 16.733838766000076], [96.1915631390001, 16.733956289000105], [96.19155743700014, 16.73397413200007], [96.19155623300003, 16.733980714000097], [96.19027944300012, 16.740962796000133], [96.19027878000014, 16.741808373000026], [96.19027874200015, 16.741855569], [96.19027710000017, 16.743947415000093], [96.19075864300015, 16.746161578000056], [96.19059452800013, 16.747712330000127], [96.18980918200003, 16.74847444300019], [96.18954983000003, 16.74861643000014], [96.1895341450001, 16.74862501700005], [96.18417785600019, 16.751557403], [96.1803842650001, 16.753634265000073], [96.1791874220001, 16.754193660000112]]]}}, {"type": "Feature", "properties": {"adm4_name": "Ye Chaung", "adm4_name1": "ရဲချောင်း", "adm4_name2": null, "adm4_name3": null, "adm4_pcode": "MMR013030012", "adm3_name": "Dala", "adm3_name1": "ဒလ", "adm3_name2": null, "adm3_name3": null, "adm3_pcode": "MMR013030", "adm2_name": "Yangon (South)", "adm2_name1": "ရန်ကုန်(တောင်ပိုင်း)", "adm2_name2": null, "adm2_name3": null, "adm2_pcode": "MMR013D003", "adm1_name": "Yangon", "adm1_name1": "ရန်ကုန်တိုင်းဒေသကြီး", "adm1_name2": null, "adm1_name3": null, "adm1_pcode": "MMR013", "adm0_name": "Myanmar", "adm0_name1": "မြန်မာနိုင်ငံ", "adm0_name2": null, "adm0_name3": null, "adm0_pcode": "MMR", "valid_on": "2024-02-15T00:00:00", "valid_to": null, "area_sqkm": 7.26683486, "version": "v01", "lang": "en", "lang1": "my", "lang2": null, "lang3": null, "adm4_ref_name": "Ye Chaung", "center_lat": 16.72090599, "center_lon": 96.16314077}, "geometry": {"type": "Polygon", "coordinates": [[[96.15733528200019, 16.735542679000105], [96.1569103240002, 16.735875321000094], [96.15681375800006, 16.736177444000134], [96.15663823200009, 16.73647256300012], [96.15648019500009, 16.736459532000026], [96.15630912800003, 16.736445427000035], [96.15614986500009, 16.73618412000019], [96.15592448000018, 16.735978127000067], [96.15560363300017, 16.736131668000098], [96.15517697400014, 16.735869775000026], [96.15448188800019, 16.735443116000113], [96.1534309380001, 16.73486137400016], [96.15290886900016, 16.73466127300003], [96.14889408900012, 16.730145299000128], [96.1489760400001, 16.729946640000094], [96.14893392000016, 16.72990470000019], [96.14781972000014, 16.72900614000008], [96.14819844000004, 16.727312430000097], [96.148935, 16.725283830000137], [96.1496470800002, 16.722438390000036], [96.15023568000004, 16.72058691000018], [96.1511058000001, 16.716639870000108], [96.15108594300011, 16.71524435200007], [96.1510759200001, 16.71453999000005], [96.15091824000001, 16.712678340000025], [96.15063492000002, 16.710875010000052], [96.15075101600007, 16.70990452600006], [96.15077820000016, 16.70967729000006], [96.15098905400004, 16.70933327800003], [96.1512886800001, 16.708844430000056], [96.15248244000014, 16.708080870000117], [96.15257082700009, 16.708025804000044], [96.15512088000014, 16.706437110000024], [96.15550428000006, 16.70578254000003], [96.1556662800001, 16.705364850000137], [96.15574728000007, 16.70515596000007], [96.15749758900006, 16.705606975000023], [96.15952188000011, 16.706128590000105], [96.16064836900017, 16.70634193800015], [96.16106772000012, 16.70642136000015], [96.16331448000005, 16.706995380000023], [96.16365097900007, 16.707054168000127], [96.16480740000009, 16.70725620000013], [96.16503491499998, 16.707295948000024], [96.165423, 16.707363750000127], [96.16773780000011, 16.70807457000018], [96.17202072000009, 16.709151780000127], [96.17475348000005, 16.71020793000008], [96.1760324650001, 16.71074223300019], [96.17643432000006, 16.7109101100001], [96.17667884100013, 16.711003795000124], [96.17716980000012, 16.71119190000013], [96.17744347300015, 16.711296669000035], [96.17790564000012, 16.711473600000033], [96.17909724000009, 16.711897410000063], [96.17986944000006, 16.712111610000022], [96.17919336000006, 16.714820790000033], [96.1787559600001, 16.715766240000107], [96.17811026100009, 16.716806436000184], [96.17796108000005, 16.717046760000187], [96.17790005900008, 16.717201390000184], [96.17766768000013, 16.717790250000064], [96.17723244000018, 16.718599890000064], [96.1765866, 16.719338700000094], [96.17636264100008, 16.72019947600006], [96.17628708000012, 16.720489890000124], [96.17604009100017, 16.721225064], [96.17421888000007, 16.726645980000058], [96.17173884000005, 16.727495850000025], [96.16876920000016, 16.72806735000006], [96.16699404000019, 16.728926760000093], [96.16542984000006, 16.72978896], [96.16436316000011, 16.73038611000004], [96.16415652000006, 16.73042310000011], [96.1636564800001, 16.73051247], [96.1611213600001, 16.730342190000158], [96.15935340000004, 16.729987230000063], [96.15733528200019, 16.735542679000105]]]}}, {"type": "Feature", "properties": {"adm4_name": "Tha Pyay Kone", "adm4_name1": "သပြေကုန်း", "adm4_name2": null, "adm4_name3": null, "adm4_pcode": "MMR013030013", "adm3_name": "Dala", "adm3_name1": "ဒလ", "adm3_name2": null, "adm3_name3": null, "adm3_pcode": "MMR013030", "adm2_name": "Yangon (South)", "adm2_name1": "ရန်ကုန်(တောင်ပိုင်း)", "adm2_name2": null, "adm2_name3": null, "adm2_pcode": "MMR013D003", "adm1_name": "Yangon", "adm1_name1": "ရန်ကုန်တိုင်းဒေသကြီး", "adm1_name2": null, "adm1_name3": null, "adm1_pcode": "MMR013", "adm0_name": "Myanmar", "adm0_name1": "မြန်မာနိုင်ငံ", "adm0_name2": null, "adm0_name3": null, "adm0_pcode": "MMR", "valid_on": "2024-02-15T00:00:00", "valid_to": null, "area_sqkm": 6.09987247, "version": "v01", "lang": "en", "lang1": "my", "lang2": null, "lang3": null, "adm4_ref_name": "Tha Pyay Kone", "center_lat": 16.74141162, "center_lon": 96.14077078}, "geometry": {"type": "Polygon", "coordinates": [[[96.15244412100009, 16.740994848000128], [96.15243582300008, 16.741828398000166], [96.15307553600019, 16.74290657], [96.15481237900008, 16.74361922500009], [96.1553955510002, 16.743723699000043], [96.15700950600007, 16.74401283300017], [96.15683278400019, 16.745080177000034], [96.15671475700009, 16.745793024000136], [96.15479660000011, 16.746308009000188], [96.15420341500015, 16.74662208500007], [96.15311749800009, 16.747237841000185], [96.15199852000006, 16.747842789000174], [96.15044600900012, 16.748693322000122], [96.1491680150001, 16.749393463000047], [96.14843177799997, 16.74985122700008], [96.14812469400016, 16.750083159999974], [96.14858055100012, 16.750620604000062], [96.14791882800017, 16.751028570000074], [96.14624010400019, 16.74989693400005], [96.143720627, 16.74986076300013], [96.14194361400018, 16.74984328000005], [96.14156219400002, 16.749827309000068], [96.14090347300015, 16.74979972799997], [96.14045270300016, 16.74979972799997], [96.13948958200012, 16.74973324399997], [96.13857231200012, 16.74979209900016], [96.13817825300009, 16.749853134000148], [96.13758332400016, 16.750064578000035], [96.13679923500001, 16.750410671000168], [96.13641166700012, 16.750581742], [96.13571128800015, 16.750894547000087], [96.13535118100015, 16.75116157500014], [96.1351337430001, 16.75134976700008], [96.13492202800006, 16.751510620000147], [96.13461303800005, 16.751720350000085], [96.13455391000014, 16.751760483000112], [96.13450241200013, 16.751796052000145], [96.13422094100002, 16.75199045500017], [96.13385486700014, 16.752202987000146], [96.13347816500004, 16.752342224000017], [96.13298988300016, 16.752471924000076], [96.13273429900016, 16.752521515000012], [96.13044741100009, 16.753044858000067], [96.13003765500014, 16.75313862900009], [96.13014541600006, 16.753970234000064], [96.13016145900008, 16.754094038], [96.12966897700016, 16.754201465000108], [96.1297411490001, 16.754694331000053], [96.12890434200006, 16.754828262000046], [96.12904866600013, 16.755224864000127], [96.12813663500003, 16.75538468300016], [96.1276007570001, 16.754951997000035], [96.12666878300013, 16.754814221], [96.12343406700018, 16.75330734200014], [96.12276621600006, 16.752736627000047], [96.12102755600006, 16.751250848000154], [96.12386570400008, 16.74713095600015], [96.12398340000004, 16.74716841000003], [96.12435345900019, 16.747040415000015], [96.12458604000017, 16.746959970000034], [96.12518904000012, 16.746751440000025], [96.1266355200001, 16.74532638000005], [96.12739836000014, 16.74446985000003], [96.1296346800001, 16.740454409999984], [96.1300724400001, 16.739714070000048], [96.13340676000007, 16.73407575000016], [96.13542456000005, 16.72962381000002], [96.13664280000017, 16.728412230000174], [96.13785600000017, 16.72748955000003], [96.1386872400002, 16.727067360000092], [96.1391379600002, 16.727001300000097], [96.13952925400008, 16.727279156], [96.13965672000012, 16.72736967000003], [96.13971720000018, 16.728309720000027], [96.13977156000004, 16.729611030000058], [96.13997964000004, 16.730697600000042], [96.14056896000011, 16.731355950000022], [96.14175876000013, 16.731950220000158], [96.14302920000011, 16.73218431000015], [96.14311092000008, 16.731751950000103], [96.14342664000014, 16.73074476000005], [96.14373984000008, 16.72988193000009], [96.14435148000007, 16.729095510000036], [96.14518344000015, 16.728601139999967], [96.14608596000005, 16.7283966600001], [96.14690928000016, 16.728480180000076], [96.14781972000014, 16.72900614000008], [96.14893392000016, 16.72990470000019], [96.1489760400001, 16.729946640000094], [96.14889408900012, 16.730145299000128], [96.15290886900016, 16.73466127300003], [96.15252723700019, 16.7345150000001], [96.15228496900005, 16.735613562000026], [96.15250760900017, 16.736438578000104], [96.15249443000005, 16.73749542200011], [96.15245246900002, 16.738901138000074], [96.15244865400018, 16.74053955100004], [96.15244412100009, 16.740994848000128]]]}}, {"type": "Feature", "properties": {"adm4_name": "Nyaung Ngoke To", "adm4_name1": "ညောင်ငုတ်တို", "adm4_name2": null, "adm4_name3": null, "adm4_pcode": "MMR013030014", "adm3_name": "Dala", "adm3_name1": "ဒလ", "adm3_name2": null, "adm3_name3": null, "adm3_pcode": "MMR013030", "adm2_name": "Yangon (South)", "adm2_name1": "ရန်ကုန်(တောင်ပိုင်း)", "adm2_name2": null, "adm2_name3": null, "adm2_pcode": "MMR013D003", "adm1_name": "Yangon", "adm1_name1": "ရန်ကုန်တိုင်းဒေသကြီး", "adm1_name2": null, "adm1_name3": null, "adm1_pcode": "MMR013", "adm0_name": "Myanmar", "adm0_name1": "မြန်မာနိုင်ငံ", "adm0_name2": null, "adm0_name3": null, "adm0_pcode": "MMR", "valid_on": "2024-02-15T00:00:00", "valid_to": null, "area_sqkm": 8.45264889, "version": "v01", "lang": "en", "lang1": "my", "lang2": null, "lang3": null, "adm4_ref_name": "Nyaung Ngoke To", "center_lat": 16.73008088, "center_lon": 96.12517837}, "geometry": {"type": "Polygon", "coordinates": [[[96.14781972000014, 16.72900614000008], [96.14690928000016, 16.728480180000076], [96.14608596000005, 16.7283966600001], [96.14518344000015, 16.728601139999967], [96.14435148000007, 16.729095510000036], [96.14373984000008, 16.72988193000009], [96.14342664000014, 16.73074476000005], [96.14311092000008, 16.731751950000103], [96.14302920000011, 16.73218431000015], [96.14175876000013, 16.731950220000158], [96.14056896000011, 16.731355950000022], [96.13997964000004, 16.730697600000042], [96.13977156000004, 16.729611030000058], [96.13971720000018, 16.728309720000027], [96.13965672000012, 16.72736967000003], [96.13952925400008, 16.727279156], [96.1391379600002, 16.727001300000097], [96.1386872400002, 16.727067360000092], [96.13785600000017, 16.72748955000003], [96.13664280000017, 16.728412230000174], [96.13542456000005, 16.72962381000002], [96.13340676000007, 16.73407575000016], [96.1300724400001, 16.739714070000048], [96.1296346800001, 16.740454409999984], [96.12739836000014, 16.74446985000003], [96.1266355200001, 16.74532638000005], [96.12518904000012, 16.746751440000025], [96.12458604000017, 16.746959970000034], [96.12435345900019, 16.747040415000015], [96.12398340000004, 16.74716841000003], [96.12386570400008, 16.74713095600015], [96.12102755600006, 16.751250848000154], [96.1188022610001, 16.749349213000073], [96.1181844510001, 16.749129239000183], [96.11495170600006, 16.747978210999975], [96.11402778600018, 16.750103378000063], [96.11185501199998, 16.749296486000105], [96.10928789800005, 16.748343150000096], [96.10855867400011, 16.748228055000084], [96.10661316000005, 16.747920990000125], [96.10463594500015, 16.74763354800018], [96.104560048, 16.747598041000174], [96.1045502400001, 16.747454340000104], [96.10458156000004, 16.747194060000027], [96.10465716000004, 16.746960510000065], [96.10481412000007, 16.74672804000005], [96.10521732000007, 16.746316560000082], [96.10532892000003, 16.74610082999999], [96.10556220000018, 16.745591430000104], [96.10575732000012, 16.745220449999977], [96.1059610800001, 16.744875750000062], [96.10611192000016, 16.744460760000038], [96.10615188000008, 16.744200570000146], [96.10610292000013, 16.743887100000165], [96.10597524200006, 16.74352580800013], [96.10593012000004, 16.74339813], [96.10584408000005, 16.74313623], [96.10584768000018, 16.742910329999972], [96.10592328000018, 16.742702880000024], [96.10619940000015, 16.742341710000176], [96.10627356000003, 16.742195010000103], [96.10634807999998, 16.742048310000087], [96.10635204000016, 16.741787760000022], [96.10621488000015, 16.741351350000116], [96.10621812000005, 16.741142820000107], [96.10623092100013, 16.74109636800017], [96.10627536000004, 16.740935100000172], [96.10640568000014, 16.740676260000043], [96.10646508000008, 16.740637920000097], [96.10652412000019, 16.74059967000011], [96.10643736000009, 16.739057880000075], [96.10643376200017, 16.738986600000032], [96.10636608000004, 16.73764578000015], [96.10623942100017, 16.736753071000066], [96.10621848000011, 16.73660547000003], [96.10647912000019, 16.73607510000005], [96.10679772000009, 16.735629060000065], [96.10724196000007, 16.734621600000025], [96.10819092000008, 16.733696220000184], [96.1088551200001, 16.733555280000076], [96.10998588000007, 16.73345826000002], [96.1106508000002, 16.733279700000026], [96.11161092000003, 16.73319798000017], [96.1126668, 16.732779119999975], [96.11357148000008, 16.732430280000074], [96.1140290400001, 16.731930870000156], [96.11434476000011, 16.730923680000103], [96.11480448000015, 16.730279820000135], [96.11563644000006, 16.72978554000008], [96.1156720800002, 16.729195140000115], [96.11695368000017, 16.72907382], [96.11748756000009, 16.728942150000137], [96.1178054400001, 16.727325300000132], [96.11882316000015, 16.72671033], [96.12048636000009, 16.726561739999966], [96.12214380000006, 16.726756050000063], [96.12501084000013, 16.725480300000015], [96.1272388800001, 16.723338030000093], [96.1284668400001, 16.720667370000058], [96.12937980000015, 16.715362050000067], [96.13006812000009, 16.709253030000127], [96.12998676000012, 16.708765950000156], [96.13056024000014, 16.709581260000107], [96.13124352000017, 16.709650650000185], [96.1322432400001, 16.70936436000011], [96.13298592000007, 16.70961447000019], [96.13346760000013, 16.710640830000045], [96.13364508000012, 16.711243020000097], [96.13357164000007, 16.71196185000008], [96.13325196000005, 16.71249734999998], [96.13274976000008, 16.712790390000066], [96.13261512000014, 16.713448290000144], [96.13291320000013, 16.71429213000016], [96.13364364000017, 16.715321910000114], [96.13463148000017, 16.71581529000008], [96.13574532000013, 16.716190410000024], [96.13700064000011, 16.71548778000016], [96.13787436000007, 16.715319750000106], [96.13911636000017, 16.715456730000085], [96.1395472800001, 16.71576246000012], [96.13971504000017, 16.71696450000013], [96.139755, 16.71840459000009], [96.13966572000015, 16.720142940000017], [96.13964628000014, 16.721402310000144], [96.13988460000013, 16.722065340000086], [96.14081124000006, 16.72249788], [96.14317428000004, 16.722590130000185], [96.14666412000014, 16.722217890000138], [96.14902788000012, 16.722250020000104], [96.14928315000009, 16.722327677000067], [96.1496470800002, 16.722438390000036], [96.148935, 16.725283830000137], [96.14819844000004, 16.727312430000097], [96.14781972000014, 16.72900614000008]]]}}, {"type": "Feature", "properties": {"adm4_name": "Htaw (Lower)", "adm4_name1": "ထော် (အောက်)", "adm4_name2": null, "adm4_name3": null, "adm4_pcode": "MMR013030015", "adm3_name": "Dala", "adm3_name1": "ဒလ", "adm3_name2": null, "adm3_name3": null, "adm3_pcode": "MMR013030", "adm2_name": "Yangon (South)", "adm2_name1": "ရန်ကုန်(တောင်ပိုင်း)", "adm2_name2": null, "adm2_name3": null, "adm2_pcode": "MMR013D003", "adm1_name": "Yangon", "adm1_name1": "ရန်ကုန်တိုင်းဒေသကြီး", "adm1_name2": null, "adm1_name3": null, "adm1_pcode": "MMR013", "adm0_name": "Myanmar", "adm0_name1": "မြန်မာနိုင်ငံ", "adm0_name2": null, "adm0_name3": null, "adm0_pcode": "MMR", "valid_on": "2024-02-15T00:00:00", "valid_to": null, "area_sqkm": 4.498968, "version": "v01", "lang": "en", "lang1": "my", "lang2": null, "lang3": null, "adm4_ref_name": "Htaw (Lower)", "center_lat": 16.72872465, "center_lon": 96.09364707}, "geometry": {"type": "Polygon", "coordinates": [[[96.10463594500015, 16.74763354800018], [96.10460818900003, 16.747629513000106], [96.10466270400019, 16.74792594900009], [96.10465543800012, 16.748062768000125], [96.1046492260001, 16.74817975300016], [96.10455703700006, 16.748522758000036], [96.10449466200009, 16.748891108000123], [96.10449308000017, 16.74890045000018], [96.1044644550002, 16.748894359000133], [96.10433744200009, 16.749605142000064], [96.10424991800011, 16.74958151000004], [96.10130644900005, 16.74913157900005], [96.09896015700002, 16.74883384200018], [96.09705712500016, 16.748700605000067], [96.09705168600016, 16.748700641000084], [96.0970511760001, 16.748700605000067], [96.09522125100011, 16.74871260200007], [96.09521851600016, 16.748712619000173], [96.09521629400018, 16.74871263400007], [96.09321092600015, 16.74864696400016], [96.09440520200019, 16.747913150000045], [96.09462030000003, 16.747780984000087], [96.0957985770001, 16.746146126000042], [96.09616361600001, 16.7447100870001], [96.09625019600008, 16.744155821000106], [96.09633677700003, 16.743601556000158], [96.09619187600003, 16.742924037000137], [96.09604697600014, 16.742246518000115], [96.09604487700005, 16.742244435000032], [96.09561749700003, 16.74182018800019], [96.09509417600003, 16.74150290100016], [96.09490793800006, 16.741389986000115], [96.09475961600003, 16.74093755700011], [96.09471973500018, 16.740567464000094], [96.09462353800012, 16.739674767000054], [96.09451949700014, 16.738382276000152], [96.09435137600019, 16.73720903800006], [96.09410553800012, 16.736758727], [96.09380633800004, 16.73621066800007], [96.09359857200008, 16.736030072], [96.09331493700012, 16.735783526000034], [96.09241421700006, 16.735620896000114], [96.09170321800008, 16.73528069700012], [96.09149117600015, 16.73491754800017], [96.09146813800004, 16.73440679800018], [96.09172841800006, 16.733689858000048], [96.09173702300012, 16.733151676999967], [96.09174569600009, 16.732609228000115], [96.09117041700017, 16.731550468000137], [96.09045977700015, 16.73121026800004], [96.08930849800004, 16.731134218000136], [96.08924421800003, 16.731074933000116], [96.08844917800013, 16.73034167600008], [96.08806433700005, 16.729075286000125], [96.08800373300016, 16.728054729000178], [96.08794121600005, 16.727001957000084], [96.08767553700017, 16.726097637000066], [96.08737251100018, 16.725849706000076], [96.08715281600018, 16.725669956000104], [96.086765517, 16.725595249000037], [96.08631437700018, 16.725508227000148], [96.08522957700012, 16.725493080000035], [96.08466413800016, 16.72548518600007], [96.08373785600008, 16.724991986000134], [96.08371297800016, 16.724657919000094], [96.08368637600006, 16.724300697000047], [96.08358192100007, 16.723547093000036], [96.08340701700013, 16.722285236000175], [96.0838399910001, 16.721799247000035], [96.08388257700005, 16.72175144600004], [96.08388264100006, 16.72175142300017], [96.08453540300007, 16.721583752000072], [96.08510225700007, 16.72143814800006], [96.08510231999998, 16.72143813000008], [96.08510357000011, 16.721438243000023], [96.08510696700012, 16.721438468000088], [96.08580390200012, 16.721484547000102], [96.08740289400009, 16.72159026900016], [96.08740409800004, 16.721590348000063], [96.08740794800013, 16.721590210000045], [96.08921129800018, 16.721525368000187], [96.08921558700007, 16.72152542700013], [96.08980087600008, 16.721533573000045], [96.0903946160002, 16.721541837000018], [96.0903946470001, 16.721541810000133], [96.09039470900012, 16.721541755000032], [96.09093137600019, 16.72106888600007], [96.09136837000011, 16.71934403800003], [96.09162869700009, 16.7183165080001], [96.09188789400008, 16.71740822600009], [96.09235409600012, 16.71577454600009], [96.09204485700002, 16.713668637000183], [96.09209209700003, 16.712004036000053], [96.09211469700011, 16.711207676000015], [96.09213936700002, 16.71026933600001], [96.09219281700018, 16.708236417000137], [96.0921925090002, 16.70823636600005], [96.09219288000014, 16.708236390000025], [96.09219453100019, 16.708235722000154], [96.09244380000007, 16.708134779999966], [96.09269436000005, 16.70803317000008], [96.09350616000006, 16.707894300000135], [96.09412824000003, 16.707933], [96.09511752000014, 16.708397040000023], [96.0952175160001, 16.708421789], [96.09601715999997, 16.708619700000156], [96.09631272000013, 16.708638780000115], [96.09660792, 16.708657950000088], [96.0964660800002, 16.709766840000043], [96.09586668000014, 16.714201950000188], [96.09519672000016, 16.719176610000034], [96.09490296000018, 16.721994780000102], [96.09494616000018, 16.72319628000008], [96.09501924, 16.723512540000115], [96.09509196000016, 16.72382879999998], [96.0959271600002, 16.724200680000024], [96.09812676000013, 16.72492176000003], [96.09955416000008, 16.725241710000034], [96.09978636000011, 16.725335040000118], [96.09987776600019, 16.725371744000142], [96.10001856000014, 16.725428280000187], [96.10007184000011, 16.72599951000018], [96.09955524000014, 16.72716330000003], [96.09901056000007, 16.728116490000048], [96.09897348000015, 16.728506280000147], [96.09952775800019, 16.728943014000038], [96.09986556000007, 16.72920918], [96.10191798000011, 16.729795997000167], [96.10262460000013, 16.729998030000104], [96.10402499500009, 16.730322729000022], [96.10482780000012, 16.730508870000108], [96.10513662700004, 16.7306934020001], [96.10559928000004, 16.73096985], [96.10583328000001, 16.731933930000025], [96.1057954800001, 16.73433531000012], [96.10616988000015, 16.73626194000002], [96.10621848000011, 16.73660547000003], [96.10623942100017, 16.736753071000066], [96.10636608000004, 16.73764578000015], [96.10643376200017, 16.738986600000032], [96.10643736000009, 16.739057880000075], [96.10652412000019, 16.74059967000011], [96.10646508000008, 16.740637920000097], [96.10640568000014, 16.740676260000043], [96.10627536000004, 16.740935100000172], [96.10623092100013, 16.74109636800017], [96.10621812000005, 16.741142820000107], [96.10621488000015, 16.741351350000116], [96.10635204000016, 16.741787760000022], [96.10634807999998, 16.742048310000087], [96.10627356000003, 16.742195010000103], [96.10619940000015, 16.742341710000176], [96.10592328000018, 16.742702880000024], [96.10584768000018, 16.742910329999972], [96.10584408000005, 16.74313623], [96.10593012000004, 16.74339813], [96.10597524200006, 16.74352580800013], [96.10610292000013, 16.743887100000165], [96.10615188000008, 16.744200570000146], [96.10611192000016, 16.744460760000038], [96.1059610800001, 16.744875750000062], [96.10575732000012, 16.745220449999977], [96.10556220000018, 16.745591430000104], [96.10532892000003, 16.74610082999999], [96.10521732000007, 16.746316560000082], [96.10481412000007, 16.74672804000005], [96.10465716000004, 16.746960510000065], [96.10458156000004, 16.747194060000027], [96.1045502400001, 16.747454340000104], [96.104560048, 16.747598041000174], [96.10463594500015, 16.74763354800018]]]}}, {"type": "Feature", "properties": {"adm4_name": "Ye Chaung Wa", "adm4_name1": "ရဲချောင်းဝ", "adm4_name2": null, "adm4_name3": null, "adm4_pcode": "MMR013030016", "adm3_name": "Dala", "adm3_name1": "ဒလ", "adm3_name2": null, "adm3_name3": null, "adm3_pcode": "MMR013030", "adm2_name": "Yangon (South)", "adm2_name1": "ရန်ကုန်(တောင်ပိုင်း)", "adm2_name2": null, "adm2_name3": null, "adm2_pcode": "MMR013D003", "adm1_name": "Yangon", "adm1_name1": "ရန်ကုန်တိုင်းဒေသကြီး", "adm1_name2": null, "adm1_name3": null, "adm1_pcode": "MMR013", "adm0_name": "Myanmar", "adm0_name1": "မြန်မာနိုင်ငံ", "adm0_name2": null, "adm0_name3": null, "adm0_pcode": "MMR", "valid_on": "2024-02-15T00:00:00", "valid_to": null, "area_sqkm": 7.01725888, "version": "v01", "lang": "en", "lang1": "my", "lang2": null, "lang3": null, "adm4_ref_name": "Ye Chaung Wa", "center_lat": 16.70734175, "center_lon": 96.14136593}, "geometry": {"type": "Polygon", "coordinates": [[[96.15574728000007, 16.70515596000007], [96.1556662800001, 16.705364850000137], [96.15550428000006, 16.70578254000003], [96.15512088000014, 16.706437110000024], [96.15257082700009, 16.708025804000044], [96.15248244000014, 16.708080870000117], [96.1512886800001, 16.708844430000056], [96.15098905400004, 16.70933327800003], [96.15077820000016, 16.70967729000006], [96.15075101600007, 16.70990452600006], [96.15063492000002, 16.710875010000052], [96.15091824000001, 16.712678340000025], [96.1510759200001, 16.71453999000005], [96.15108594300011, 16.71524435200007], [96.1511058000001, 16.716639870000108], [96.15023568000004, 16.72058691000018], [96.1496470800002, 16.722438390000036], [96.14928315000009, 16.722327677000067], [96.14902788000012, 16.722250020000104], [96.14666412000014, 16.722217890000138], [96.14317428000004, 16.722590130000185], [96.14081124000006, 16.72249788], [96.13988460000013, 16.722065340000086], [96.13964628000014, 16.721402310000144], [96.13966572000015, 16.720142940000017], [96.139755, 16.71840459000009], [96.13971504000017, 16.71696450000013], [96.1395472800001, 16.71576246000012], [96.13911636000017, 16.715456730000085], [96.13787436000007, 16.715319750000106], [96.13700064000011, 16.71548778000016], [96.13574532000013, 16.716190410000024], [96.13463148000017, 16.71581529000008], [96.13364364000017, 16.715321910000114], [96.13291320000013, 16.71429213000016], [96.13261512000014, 16.713448290000144], [96.13274976000008, 16.712790390000066], [96.13325196000005, 16.71249734999998], [96.13357164000007, 16.71196185000008], [96.13364508000012, 16.711243020000097], [96.13346760000013, 16.710640830000045], [96.13298592000007, 16.70961447000019], [96.1322432400001, 16.70936436000011], [96.13124352000017, 16.709650650000185], [96.13056024000014, 16.709581260000107], [96.12998676000012, 16.708765950000156], [96.12994608000008, 16.7085223200001], [96.1299054000001, 16.70827878000017], [96.12844812000014, 16.706657700000164], [96.12639252000008, 16.70537160000015], [96.12610776000014, 16.704624330000115], [96.12596015999998, 16.702678080000055], [96.12586368000018, 16.701247260000116], [96.12547092, 16.69981239000009], [96.12489780000004, 16.698546540000166], [96.12468468000014, 16.696999710000057], [96.12493632000019, 16.69558644], [96.12500976000007, 16.69517442], [96.12521352000005, 16.693518960000176], [96.12557424000005, 16.693181010000103], [96.12581508000005, 16.692955380000114], [96.12700272000012, 16.69285728000017], [96.1299673200001, 16.692897870000138], [96.13293516000016, 16.69270977000002], [96.13544148000005, 16.691714730000115], [96.14108016000012, 16.691391450000026], [96.14152872000011, 16.69305582000004], [96.1418667600002, 16.694204040000045], [96.14251548000004, 16.69444164000015], [96.14346768000013, 16.694225820000042], [96.14375676000009, 16.694687250000015], [96.1439241600001, 16.695375659999968], [96.14372760000015, 16.696573829999977], [96.14365488000016, 16.697430540000028], [96.14376576000012, 16.697946690000094], [96.14399040000006, 16.698750300000142], [96.14461247999998, 16.69873041000011], [96.1527718800001, 16.698469500000158], [96.15306168000012, 16.698791160000155], [96.15333780000003, 16.699034880000056], [96.15361392000011, 16.699278600000127], [96.1541618400002, 16.700065830000085], [96.15439368000017, 16.70114862000014], [96.154884, 16.70163516000008], [96.15568788000013, 16.701946020000037], [96.15586248, 16.70272821000009], [96.15584592000005, 16.70380767000006], [96.15582828000004, 16.704947160000017], [96.15574728000007, 16.70515596000007]]]}}, {"type": "Feature", "properties": {"adm4_name": "Pyawbwe Gyi", "adm4_name1": "ပျော်ဘွယ်ကြီး", "adm4_name2": null, "adm4_name3": null, "adm4_pcode": "MMR013030017", "adm3_name": "Dala", "adm3_name1": "ဒလ", "adm3_name2": null, "adm3_name3": null, "adm3_pcode": "MMR013030", "adm2_name": "Yangon (South)", "adm2_name1": "ရန်ကုန်(တောင်ပိုင်း)", "adm2_name2": null, "adm2_name3": null, "adm2_pcode": "MMR013D003", "adm1_name": "Yangon", "adm1_name1": "ရန်ကုန်တိုင်းဒေသကြီး", "adm1_name2": null, "adm1_name3": null, "adm1_pcode": "MMR013", "adm0_name": "Myanmar", "adm0_name1": "မြန်မာနိုင်ငံ", "adm0_name2": null, "adm0_name3": null, "adm0_pcode": "MMR", "valid_on": "2024-02-15T00:00:00", "valid_to": null, "area_sqkm": 8.16536566, "version": "v01", "lang": "en", "lang1": "my", "lang2": null, "lang3": null, "adm4_ref_name": "Pyawbwe Gyi", "center_lat": 16.68521511, "center_lon": 96.13418763}, "geometry": {"type": "Polygon", "coordinates": [[[96.1527718800001, 16.698469500000158], [96.14461247999998, 16.69873041000011], [96.14399040000006, 16.698750300000142], [96.14376576000012, 16.697946690000094], [96.14365488000016, 16.697430540000028], [96.14372760000015, 16.696573829999977], [96.1439241600001, 16.695375659999968], [96.14375676000009, 16.694687250000015], [96.14346768000013, 16.694225820000042], [96.14251548000004, 16.69444164000015], [96.1418667600002, 16.694204040000045], [96.14152872000011, 16.69305582000004], [96.14108016000012, 16.691391450000026], [96.13544148000005, 16.691714730000115], [96.13293516000016, 16.69270977000002], [96.1299673200001, 16.692897870000138], [96.12700272000012, 16.69285728000017], [96.12581508000005, 16.692955380000114], [96.12557424000005, 16.693181010000103], [96.12452952000012, 16.692198930000018], [96.12324396000014, 16.69144248000015], [96.12050868000011, 16.690703850000148], [96.1188271200001, 16.68974598000011], [96.11820036000012, 16.688491020000185], [96.11822483999998, 16.686933390000092], [96.1182414000001, 16.685881920000156], [96.11825760000005, 16.68483054], [96.11876304000015, 16.683513210000115], [96.1187018400002, 16.682265990000076], [96.11750844000005, 16.681081050000103], [96.11590392000016, 16.68035790000016], [96.11396820000004, 16.680175470000165], [96.11094564000007, 16.680003120000094], [96.11177832000004, 16.67851344000013], [96.11319132000006, 16.67577060000019], [96.11593776000012, 16.671364830000186], [96.11662824000007, 16.67101401000008], [96.11911548000018, 16.671228300000053], [96.12278568000005, 16.671458790000145], [96.1261419600001, 16.67186505000018], [96.12869076000015, 16.672140180000042], [96.13186560000014, 16.672183560000065], [96.13278360000004, 16.67321694000009], [96.1336504800002, 16.673528970000177], [96.13502316000006, 16.67336760000012], [96.13571616000002, 16.672836600000096], [96.13628784000008, 16.672123800000065], [96.13698732000006, 16.671172590000083], [96.14161282900005, 16.673362793000024], [96.14611014400009, 16.676605043000052], [96.14694685400008, 16.67890599499998], [96.1473652090001, 16.680684004000113], [96.1483065070002, 16.682671190000065], [96.1503982820002, 16.68559967400006], [96.15169548000006, 16.687533060000135], [96.15142368000011, 16.68975948000019], [96.15156912000003, 16.691877180000063], [96.15143196000008, 16.693076160000146], [96.15105828000009, 16.694214750000015], [96.15164004000007, 16.694965980000177], [96.15180816000014, 16.69559733], [96.15162132000012, 16.696166580000067], [96.15208752000012, 16.69668759000018], [96.15237624000002, 16.697206170000072], [96.15253896000019, 16.69818042000003], [96.15265524000006, 16.698324960000093], [96.1527718800001, 16.698469500000158]]]}}, {"type": "Feature", "properties": {"adm4_name": "Shwe Hlay Chaung", "adm4_name1": "ရွှေလှေချောင်", "adm4_name2": null, "adm4_name3": null, "adm4_pcode": "MMR013030018", "adm3_name": "Dala", "adm3_name1": "ဒလ", "adm3_name2": null, "adm3_name3": null, "adm3_pcode": "MMR013030", "adm2_name": "Yangon (South)", "adm2_name1": "ရန်ကုန်(တောင်ပိုင်း)", "adm2_name2": null, "adm2_name3": null, "adm2_pcode": "MMR013D003", "adm1_name": "Yangon", "adm1_name1": "ရန်ကုန်တိုင်းဒေသကြီး", "adm1_name2": null, "adm1_name3": null, "adm1_pcode": "MMR013", "adm0_name": "Myanmar", "adm0_name1": "မြန်မာနိုင်ငံ", "adm0_name2": null, "adm0_name3": null, "adm0_pcode": "MMR", "valid_on": "2024-02-15T00:00:00", "valid_to": null, "area_sqkm": 11.54128995, "version": "v01", "lang": "en", "lang1": "my", "lang2": null, "lang3": null, "adm4_ref_name": "Shwe Hlay Chaung", "center_lat": 16.66704433, "center_lon": 96.15260603}, "geometry": {"type": "Polygon", "coordinates": [[[96.16861656000015, 16.679528190000042], [96.16778964000014, 16.680657960000076], [96.16682808000013, 16.682446530000107], [96.16636944000004, 16.68394152000019], [96.16486284000007, 16.68470184], [96.16243752000014, 16.68448890000019], [96.16075380000007, 16.684646310000062], [96.15943980000009, 16.685048880000124], [96.15899088000003, 16.685422470000162], [96.15854196000004, 16.685796150000158], [96.15508920000019, 16.686664200000052], [96.15169548000006, 16.687533060000135], [96.1503982820002, 16.68559967400006], [96.1483065070002, 16.682671190000065], [96.1473652090001, 16.680684004000113], [96.14694685400008, 16.67890599499998], [96.14611014400009, 16.676605043000052], [96.14161282900005, 16.673362793000024], [96.13698732000006, 16.671172590000083], [96.13790928000014, 16.667942490000144], [96.13925748000014, 16.66531872000013], [96.13901592000002, 16.664834970000072], [96.13778040000011, 16.664217660000133], [96.1364746800001, 16.664079780000122], [96.13546848000016, 16.664726610000173], [96.13439424000006, 16.665732810000122], [96.13401984000018, 16.665787710000018], [96.13378404000002, 16.664943780000044], [96.13286496, 16.663970520000134], [96.13145268000005, 16.662690180000084], [96.12972288000009, 16.66182582000016], [96.12855036000008, 16.66114929000014], [96.1278775200002, 16.660359450000158], [96.1277022000001, 16.659636480000188], [96.12802188000006, 16.65910044000009], [96.12865368000013, 16.65850860000012], [96.13054080000012, 16.657273350000082], [96.13175328000005, 16.65536831999998], [96.13189836000015, 16.65404919000008], [96.1313605200001, 16.65260073000013], [96.13119888, 16.650977130000115], [96.13122228000003, 16.64947629000011], [96.1313605200001, 16.648577460000183], [96.13304136000005, 16.64860032000007], [96.13522296000008, 16.648449930000083], [96.13708740000015, 16.648655490000067], [96.13870956000011, 16.648437420000107], [96.14089872000005, 16.647806610000146], [96.14220876000007, 16.647644340000056], [96.14475049000004, 16.649621151000076], [96.14862027400017, 16.650633248000076], [96.15154875800016, 16.651399159000107], [96.15677819500019, 16.654327644000034], [96.16200763100017, 16.656837773000177], [96.16483152700005, 16.660393790000114], [96.1658139600001, 16.66333674000009], [96.16640035800009, 16.666146170000047], [96.16922425400014, 16.671898550000094], [96.170679, 16.67499210000011], [96.17073408000005, 16.675473240000088], [96.17084748000019, 16.676195399999983], [96.17046840000006, 16.676550630000065], [96.16977431999999, 16.677141750000146], [96.16982436000006, 16.677923130000124], [96.17000400000018, 16.67840589000008], [96.16943880000014, 16.678698570000165], [96.16887504000005, 16.678931130000024], [96.16861656000015, 16.679528190000042]]]}}, {"type": "Feature", "properties": {"adm4_name": "Nyaung Pin", "adm4_name1": "ညောင်ပင်", "adm4_name2": null, "adm4_name3": null, "adm4_pcode": "MMR013030019", "adm3_name": "Dala", "adm3_name1": "ဒလ", "adm3_name2": null, "adm3_name3": null, "adm3_pcode": "MMR013030", "adm2_name": "Yangon (South)", "adm2_name1": "ရန်ကုန်(တောင်ပိုင်း)", "adm2_name2": null, "adm2_name3": null, "adm2_pcode": "MMR013D003", "adm1_name": "Yangon", "adm1_name1": "ရန်ကုန်တိုင်းဒေသကြီး", "adm1_name2": null, "adm1_name3": null, "adm1_pcode": "MMR013", "adm0_name": "Myanmar", "adm0_name1": "မြန်မာနိုင်ငံ", "adm0_name2": null, "adm0_name3": null, "adm0_pcode": "MMR", "valid_on": "2024-02-15T00:00:00", "valid_to": null, "area_sqkm": 11.62901431, "version": "v01", "lang": "en", "lang1": "my", "lang2": null, "lang3": null, "adm4_ref_name": "Nyaung Pin", "center_lat": 16.6291164, "center_lon": 96.14536142}, "geometry": {"type": "Polygon", "coordinates": [[[96.14699921100004, 16.61071612699999], [96.147752599, 16.61239365199998], [96.14821933400003, 16.616220582000096], [96.14840910200007, 16.61777656300012], [96.15473458900004, 16.616684117000148], [96.16125287400018, 16.617713321000053], [96.16499724500011, 16.616089045000138], [96.16827545600017, 16.614666984000166], [96.16680630900004, 16.618226937000088], [96.16773800200008, 16.621072573000163], [96.16637944900003, 16.62098146900007], [96.16349951000007, 16.621252218000052], [96.1617674430002, 16.62301404800013], [96.15989791300007, 16.62608846000012], [96.158952, 16.62847443000004], [96.15890844000018, 16.628494140000043], [96.15611916000012, 16.629757830000187], [96.15345228000007, 16.63314462000011], [96.15286152000004, 16.635118320000117], [96.15171528000008, 16.636784220000152], [96.14982204000012, 16.63843995000019], [96.14924780600018, 16.64135864100018], [96.14862027400017, 16.645019246000118], [96.14862027400017, 16.650633248000076], [96.14475049000004, 16.649621151000076], [96.14220876000007, 16.647644340000056], [96.14089872000005, 16.647806610000146], [96.13870956000011, 16.648437420000107], [96.13708740000015, 16.648655490000067], [96.13522296000008, 16.648449930000083], [96.13304136000005, 16.64860032000007], [96.1313605200001, 16.648577460000183], [96.13084356000013, 16.648500960000035], [96.12912420000015, 16.648246620000123], [96.12713808000012, 16.64785917000006], [96.12546480000003, 16.647355980000157], [96.12454500000013, 16.646442660000105], [96.12393588000003, 16.645593599999984], [96.12249947999999, 16.64587422000011], [96.12043488000006, 16.64650647000002], [96.1187497200001, 16.646783580000033], [96.11819496000004, 16.646415750000187], [96.1179220800002, 16.64395002000009], [96.11857368000011, 16.642097460000116], [96.12019476000012, 16.641939509999986], [96.12188208000009, 16.641542249999986], [96.12239868, 16.64034831000015], [96.12260964000006, 16.638789960000167], [96.12231984000005, 16.637404860000174], [96.12259416, 16.635787290000053], [96.12347868, 16.634958750000067], [96.12517212000017, 16.634141190000094], [96.12623016000015, 16.63415568000005], [96.1271611200001, 16.634348550000027], [96.12871632000014, 16.634429820000037], [96.12977076000016, 16.634684430000107], [96.13114308000019, 16.63452297000009], [96.13196496000018, 16.633693530000016], [96.1326072, 16.63244127000013], [96.13319328, 16.630767810000066], [96.13327248000019, 16.629687990000093], [96.13310328000006, 16.628544810000164], [96.13263240000015, 16.626796920000118], [96.13204704000003, 16.624386990000062], [96.13138680000014, 16.62281676000015], [96.13112940000013, 16.619330339999976], [96.13134792000011, 16.61729166000009], [96.1323753600002, 16.615264050000178], [96.13451808000019, 16.613551800000096], [96.13573056000018, 16.61164667999998], [96.13631844000014, 16.609853160000114], [96.13684001700005, 16.607842013000038], [96.14135494900006, 16.610851967000087], [96.14478562700003, 16.61188117000006], [96.14699921100004, 16.61071612699999]]]}}, {"type": "Feature", "properties": {"adm4_name": "Kywe Lu Aing", "adm4_name1": "ကျွဲလူးအိုင်", "adm4_name2": null, "adm4_name3": null, "adm4_pcode": "MMR013030020", "adm3_name": "Dala", "adm3_name1": "ဒလ", "adm3_name2": null, "adm3_name3": null, "adm3_pcode": "MMR013030", "adm2_name": "Yangon (South)", "adm2_name1": "ရန်ကုန်(တောင်ပိုင်း)", "adm2_name2": null, "adm2_name3": null, "adm2_pcode": "MMR013D003", "adm1_name": "Yangon", "adm1_name1": "ရန်ကုန်တိုင်းဒေသကြီး", "adm1_name2": null, "adm1_name3": null, "adm1_pcode": "MMR013", "adm0_name": "Myanmar", "adm0_name1": "မြန်မာနိုင်ငံ", "adm0_name2": null, "adm0_name3": null, "adm0_pcode": "MMR", "valid_on": "2024-02-15T00:00:00", "valid_to": null, "area_sqkm": 10.16372024, "version": "v01", "lang": "en", "lang1": "my", "lang2": null, "lang3": null, "adm4_ref_name": "Kywe Lu Aing", "center_lat": 16.62360188, "center_lon": 96.1178349}, "geometry": {"type": "Polygon", "coordinates": [[[96.11017373600015, 16.642811691000134], [96.10498977500015, 16.642071127000122], [96.1026021350001, 16.63764400200006], [96.10263429500009, 16.636759314000017], [96.10265088000017, 16.636301010000125], [96.10269275200005, 16.635621208000032], [96.10273080000019, 16.63500348000008], [96.10148052000011, 16.633248660000163], [96.10276896000016, 16.632008820000067], [96.10279783600004, 16.63111327200005], [96.10284239999999, 16.629731190000086], [96.10244694800014, 16.62886005100006], [96.10182792000012, 16.627496400000098], [96.1007942560002, 16.626401397], [96.10396057100007, 16.62457467500002], [96.10392502100012, 16.620073429000115], [96.10392504200007, 16.620073400000024], [96.1070806030001, 16.615789486000097], [96.1070806890001, 16.615789496000104], [96.1070806800002, 16.615789470000095], [96.10786944000012, 16.61464530000012], [96.11031093200012, 16.614312751000057], [96.11031096000016, 16.614312750000124], [96.11079061300012, 16.61375773500015], [96.11131002100012, 16.613156759000162], [96.11596794200011, 16.610508901000117], [96.11665407600009, 16.608107425000185], [96.12093415800018, 16.608107425000185], [96.1248877000001, 16.608107425000185], [96.12625997200013, 16.605019818000073], [96.13071985000016, 16.608107425000185], [96.13517973200004, 16.60673515600007], [96.13684001700005, 16.607842013000038], [96.13631844000014, 16.609853160000114], [96.13573056000018, 16.61164667999998], [96.13451808000019, 16.613551800000096], [96.1323753600002, 16.615264050000178], [96.13134792000011, 16.61729166000009], [96.13112940000013, 16.619330339999976], [96.13138680000014, 16.62281676000015], [96.13204704000003, 16.624386990000062], [96.13263240000015, 16.626796920000118], [96.13310328000006, 16.628544810000164], [96.13327248000019, 16.629687990000093], [96.13319328, 16.630767810000066], [96.1326072, 16.63244127000013], [96.13196496000018, 16.633693530000016], [96.13114308000019, 16.63452297000009], [96.12977076000016, 16.634684430000107], [96.12871632000014, 16.634429820000037], [96.1271611200001, 16.634348550000027], [96.12623016000015, 16.63415568000005], [96.12517212000017, 16.634141190000094], [96.12347868, 16.634958750000067], [96.12259416, 16.635787290000053], [96.12231984000005, 16.637404860000174], [96.12260964000006, 16.638789960000167], [96.12239868, 16.64034831000015], [96.12188208000009, 16.641542249999986], [96.12019476000012, 16.641939509999986], [96.11857368000011, 16.642097460000116], [96.11764272000016, 16.641904500000123], [96.11603172000008, 16.64140203000011], [96.11454816000008, 16.64072118000007], [96.11396172000008, 16.64041284000018], [96.11242452000005, 16.641172350000147], [96.1117135200002, 16.64216235000015], [96.11078724000009, 16.64201691], [96.11016480000012, 16.642008360000034], [96.11017373600015, 16.642811691000134]]]}}, {"type": "Feature", "properties": {"adm4_name": "Than Ban Chaung", "adm4_name1": "သမ္ဘာန်ချောင်း", "adm4_name2": null, "adm4_name3": null, "adm4_pcode": "MMR013030021", "adm3_name": "Dala", "adm3_name1": "ဒလ", "adm3_name2": null, "adm3_name3": null, "adm3_pcode": "MMR013030", "adm2_name": "Yangon (South)", "adm2_name1": "ရန်ကုန်(တောင်ပိုင်း)", "adm2_name2": null, "adm2_name3": null, "adm2_pcode": "MMR013D003", "adm1_name": "Yangon", "adm1_name1": "ရန်ကုန်တိုင်းဒေသကြီး", "adm1_name2": null, "adm1_name3": null, "adm1_pcode": "MMR013", "adm0_name": "Myanmar", "adm0_name1": "မြန်မာနိုင်ငံ", "adm0_name2": null, "adm0_name3": null, "adm0_pcode": "MMR", "valid_on": "2024-02-15T00:00:00", "valid_to": null, "area_sqkm": 10.89212185, "version": "v01", "lang": "en", "lang1": "my", "lang2": null, "lang3": null, "adm4_ref_name": "Than Ban Chaung", "center_lat": 16.66062288, "center_lon": 96.11364426}, "geometry": {"type": "Polygon", "coordinates": [[[96.11094564000007, 16.680003120000094], [96.11006940000004, 16.680291300000135], [96.10838928000015, 16.68020814], [96.10583580000008, 16.680232980000085], [96.10284168000015, 16.680551940000043], [96.09991560000014, 16.680511440000032], [96.09836976000014, 16.67982960000012], [96.09732648000016, 16.67885436000006], [96.09708096000008, 16.67884185000014], [96.09730596000003, 16.678270350000105], [96.09728544000012, 16.677686340000093], [96.09755220000017, 16.676132040000084], [96.0972033600001, 16.67262177000009], [96.09762708000017, 16.668810630000053], [96.09775416000019, 16.668422910000118], [96.09795252000009, 16.666088760000093], [96.09838812000004, 16.664069430000154], [96.09877656000003, 16.66247787000009], [96.0991650000002, 16.660886310000024], [96.09946488000014, 16.657229250000114], [96.0992356430001, 16.65542199300006], [96.10155909900016, 16.656136902000185], [96.10807738400007, 16.657166105000158], [96.11116499400009, 16.653735429000164], [96.10959378600012, 16.649407994000114], [96.10959384000012, 16.64940780000012], [96.10993158100013, 16.64766260700003], [96.11021160000007, 16.646215680000125], [96.11017373600015, 16.642811691000134], [96.11016480000012, 16.642008360000034], [96.11078724000009, 16.64201691], [96.1117135200002, 16.64216235000015], [96.11242452000005, 16.641172350000147], [96.11396172000008, 16.64041284000018], [96.11454816000008, 16.64072118000007], [96.11603172000008, 16.64140203000011], [96.11764272000016, 16.641904500000123], [96.11857368000011, 16.642097460000116], [96.1179220800002, 16.64395002000009], [96.11819496000004, 16.646415750000187], [96.1187497200001, 16.646783580000033], [96.12043488000006, 16.64650647000002], [96.12249947999999, 16.64587422000011], [96.12393588000003, 16.645593599999984], [96.12454500000013, 16.646442660000105], [96.12546480000003, 16.647355980000157], [96.12713808000012, 16.64785917000006], [96.12912420000015, 16.648246620000123], [96.13084356000013, 16.648500960000035], [96.1313605200001, 16.648577460000183], [96.13122228000003, 16.64947629000011], [96.13119888, 16.650977130000115], [96.1313605200001, 16.65260073000013], [96.13189836000015, 16.65404919000008], [96.13175328000005, 16.65536831999998], [96.13054080000012, 16.657273350000082], [96.12865368000013, 16.65850860000012], [96.12802188000006, 16.65910044000009], [96.1277022000001, 16.659636480000188], [96.1278775200002, 16.660359450000158], [96.12855036000008, 16.66114929000014], [96.12972288000009, 16.66182582000016], [96.13145268000005, 16.662690180000084], [96.13286496, 16.663970520000134], [96.13378404000002, 16.664943780000044], [96.13401984000018, 16.665787710000018], [96.13439424000006, 16.665732810000122], [96.13546848000016, 16.664726610000173], [96.1364746800001, 16.664079780000122], [96.13778040000011, 16.664217660000133], [96.13901592000002, 16.664834970000072], [96.13925748000014, 16.66531872000013], [96.13790928000014, 16.667942490000144], [96.13698732000006, 16.671172590000083], [96.13628784000008, 16.672123800000065], [96.13571616000002, 16.672836600000096], [96.13502316000006, 16.67336760000012], [96.1336504800002, 16.673528970000177], [96.13278360000004, 16.67321694000009], [96.13186560000014, 16.672183560000065], [96.12869076000015, 16.672140180000042], [96.1261419600001, 16.67186505000018], [96.12278568000005, 16.671458790000145], [96.11911548000018, 16.671228300000053], [96.11662824000007, 16.67101401000008], [96.11593776000012, 16.671364830000186], [96.11319132000006, 16.67577060000019], [96.11177832000004, 16.67851344000013], [96.11094564000007, 16.680003120000094]]]}}, {"type": "Feature", "properties": {"adm4_name": "Htu Gyi", "adm4_name1": "ထူးကြီး", "adm4_name2": null, "adm4_name3": null, "adm4_pcode": "MMR013030022", "adm3_name": "Dala", "adm3_name1": "ဒလ", "adm3_name2": null, "adm3_name3": null, "adm3_pcode": "MMR013030", "adm2_name": "Yangon (South)", "adm2_name1": "ရန်ကုန်(တောင်ပိုင်း)", "adm2_name2": null, "adm2_name3": null, "adm2_pcode": "MMR013D003", "adm1_name": "Yangon", "adm1_name1": "ရန်ကုန်တိုင်းဒေသကြီး", "adm1_name2": null, "adm1_name3": null, "adm1_pcode": "MMR013", "adm0_name": "Myanmar", "adm0_name1": "မြန်မာနိုင်ငံ", "adm0_name2": null, "adm0_name3": null, "adm0_pcode": "MMR", "valid_on": "2024-02-15T00:00:00", "valid_to": null, "area_sqkm": 27.61200027, "version": "v01", "lang": "en", "lang1": "my", "lang2": null, "lang3": null, "adm4_ref_name": "Htu Gyi", "center_lat": 16.7062626, "center_lon": 96.10758375}, "geometry": {"type": "Polygon", "coordinates": [[[96.11882316000015, 16.72671033], [96.1178054400001, 16.727325300000132], [96.11748756000009, 16.728942150000137], [96.11695368000017, 16.72907382], [96.1156720800002, 16.729195140000115], [96.11563644000006, 16.72978554000008], [96.11480448000015, 16.730279820000135], [96.11434476000011, 16.730923680000103], [96.1140290400001, 16.731930870000156], [96.11357148000008, 16.732430280000074], [96.1126668, 16.732779119999975], [96.11161092000003, 16.73319798000017], [96.1106508000002, 16.733279700000026], [96.10998588000007, 16.73345826000002], [96.1088551200001, 16.733555280000076], [96.10819092000008, 16.733696220000184], [96.10724196000007, 16.734621600000025], [96.10679772000009, 16.735629060000065], [96.10647912000019, 16.73607510000005], [96.10621848000011, 16.73660547000003], [96.10616988000015, 16.73626194000002], [96.1057954800001, 16.73433531000012], [96.10583328000001, 16.731933930000025], [96.10559928000004, 16.73096985], [96.10513662700004, 16.7306934020001], [96.10482780000012, 16.730508870000108], [96.10402499500009, 16.730322729000022], [96.10262460000013, 16.729998030000104], [96.10191798000011, 16.729795997000167], [96.09986556000007, 16.72920918], [96.09952775800019, 16.728943014000038], [96.09897348000015, 16.728506280000147], [96.09901056000007, 16.728116490000048], [96.09955524000014, 16.72716330000003], [96.10007184000011, 16.72599951000018], [96.10001856000014, 16.725428280000187], [96.09987776600019, 16.725371744000142], [96.09978636000011, 16.725335040000118], [96.09955416000008, 16.725241710000034], [96.09812676000013, 16.72492176000003], [96.0959271600002, 16.724200680000024], [96.09509196000016, 16.72382879999998], [96.09501924, 16.723512540000115], [96.09494616000018, 16.72319628000008], [96.09490296000018, 16.721994780000102], [96.09519672000016, 16.719176610000034], [96.09586668000014, 16.714201950000188], [96.0964660800002, 16.709766840000043], [96.09660792, 16.708657950000088], [96.09631272000013, 16.708638780000115], [96.09601715999997, 16.708619700000156], [96.0952175160001, 16.708421789], [96.09511752000014, 16.708397040000023], [96.09412824000003, 16.707933], [96.09350616000006, 16.707894300000135], [96.09269436000005, 16.70803317000008], [96.09244380000007, 16.708134779999966], [96.09219453100019, 16.708235722000154], [96.09219288000014, 16.708236390000025], [96.0921925090002, 16.70823636600005], [96.09133116800007, 16.708094862000053], [96.09079529700006, 16.708006828000066], [96.09079329600013, 16.708005430000128], [96.09041387800016, 16.707740469000157], [96.08934931300013, 16.706997048000176], [96.0893478000001, 16.706995920000054], [96.08879052000015, 16.70677803000018], [96.08823108000007, 16.706710170000065], [96.0878968020001, 16.706620316999988], [96.08764212000017, 16.706551860000104], [96.08705964000012, 16.705973340000014], [96.08659884000019, 16.705576620000045], [96.08607108000001, 16.70547923999999], [96.08535504000014, 16.70546925000008], [96.08535410500014, 16.705468569000118], [96.08418796199999, 16.70451851500019], [96.08381994500019, 16.704218692000154], [96.08381777800014, 16.704216927000118], [96.0831748170001, 16.703517448000014], [96.08253121900015, 16.70304811000011], [96.08225141800017, 16.702844068000104], [96.0815396960001, 16.70256398600003], [96.08026457700004, 16.70245616600016], [96.07936673700016, 16.702143416000013], [96.07851780599998, 16.701739840000016], [96.07813049600009, 16.701555716000087], [96.07800648000017, 16.70155399200013], [96.07748248400014, 16.701546706000045], [96.077476736, 16.701546626000038], [96.07681872000012, 16.701807600000166], [96.07681865600011, 16.70180762400014], [96.07534632000011, 16.70235750100005], [96.07534625900001, 16.702357531000075], [96.07368059900006, 16.703324998000085], [96.07368053600015, 16.70332502800011], [96.07227934500014, 16.703545064000025], [96.07227581600011, 16.703545618000078], [96.07115909800007, 16.7032897470001], [96.06976373600008, 16.70291003700015], [96.06821789700018, 16.70222783700018], [96.06774694199999, 16.701837842000145], [96.0672959380002, 16.701464368000188], [96.06646757600004, 16.70067218800017], [96.06632201400004, 16.70048394600002], [96.0658573770001, 16.699883068000076], [96.06524249699999, 16.699394096000105], [96.06499162800014, 16.699307378000015], [96.06406565600008, 16.69898729600004], [96.06353933800006, 16.698799827000073], [96.06279020000005, 16.69826329200015], [96.06276965600011, 16.698248578000175], [96.06245850800013, 16.698154892000048], [96.06193301800016, 16.697996668000144], [96.06180888600005, 16.69799492600015], [96.06131626300004, 16.697988011], [96.0613105750001, 16.697987931], [96.06093516100015, 16.698102753000114], [96.06093509800002, 16.69810277800019], [96.06064961700014, 16.69842902800019], [96.06039546200014, 16.698755720000065], [96.06005380500005, 16.69886996499997], [96.06005100100015, 16.698870903000056], [96.0599377800001, 16.698835564000092], [96.05964816000011, 16.698745170000052], [96.05899548000014, 16.69867596], [96.05899541700006, 16.698675986000012], [96.05850731200007, 16.698873201000083], [96.05850120000008, 16.69887567], [96.05850113800011, 16.698875696000016], [96.05977445600013, 16.684745426000063], [96.06073601700018, 16.683178437000038], [96.06073606000007, 16.68317844300003], [96.06073608000008, 16.683178410000096], [96.06074097500004, 16.683179184000153], [96.06074100900003, 16.6831791890001], [96.06661098800015, 16.684063171000048], [96.06661555, 16.684063823000088], [96.06801341700015, 16.68074753800005], [96.07103993600015, 16.675724366999987], [96.07103993900006, 16.67572413099998], [96.07104000000015, 16.6757243400001], [96.0733944000001, 16.676240130000167], [96.080229, 16.67717604000012], [96.08343012000017, 16.67749851000019], [96.08576220000003, 16.677733320000073], [96.08986728000008, 16.678030500000148], [96.09316200000018, 16.678376370000137], [96.09570864000005, 16.67877192000003], [96.09708096000008, 16.67884185000014], [96.09732648000016, 16.67885436000006], [96.09836976000014, 16.67982960000012], [96.09991560000014, 16.680511440000032], [96.10284168000015, 16.680551940000043], [96.10583580000008, 16.680232980000085], [96.10838928000015, 16.68020814], [96.11006940000004, 16.680291300000135], [96.11094564000007, 16.680003120000094], [96.11396820000004, 16.680175470000165], [96.11590392000016, 16.68035790000016], [96.11750844000005, 16.681081050000103], [96.1187018400002, 16.682265990000076], [96.11876304000015, 16.683513210000115], [96.11825760000005, 16.68483054], [96.1182414000001, 16.685881920000156], [96.11822483999998, 16.686933390000092], [96.11820036000012, 16.688491020000185], [96.1188271200001, 16.68974598000011], [96.12050868000011, 16.690703850000148], [96.12324396000014, 16.69144248000015], [96.12452952000012, 16.692198930000018], [96.12557424000005, 16.693181010000103], [96.12521352000005, 16.693518960000176], [96.12500976000007, 16.69517442], [96.12493632000019, 16.69558644], [96.12468468000014, 16.696999710000057], [96.12489780000004, 16.698546540000166], [96.12547092, 16.69981239000009], [96.12586368000018, 16.701247260000116], [96.12596015999998, 16.702678080000055], [96.12610776000014, 16.704624330000115], [96.12639252000008, 16.70537160000015], [96.12844812000014, 16.706657700000164], [96.1299054000001, 16.70827878000017], [96.12994608000008, 16.7085223200001], [96.12998676000012, 16.708765950000156], [96.13006812000009, 16.709253030000127], [96.12937980000015, 16.715362050000067], [96.1284668400001, 16.720667370000058], [96.1272388800001, 16.723338030000093], [96.12501084000013, 16.725480300000015], [96.12214380000006, 16.726756050000063], [96.12048636000009, 16.726561739999966], [96.11882316000015, 16.72671033]]]}}, {"type": "Feature", "properties": {"adm4_name": "Tha Yaw Tan", "adm4_name1": "သရောတန်း", "adm4_name2": null, "adm4_name3": null, "adm4_pcode": "MMR013030023", "adm3_name": "Dala", "adm3_name1": "ဒလ", "adm3_name2": null, "adm3_name3": null, "adm3_pcode": "MMR013030", "adm2_name": "Yangon (South)", "adm2_name1": "ရန်ကုန်(တောင်ပိုင်း)", "adm2_name2": null, "adm2_name3": null, "adm2_pcode": "MMR013D003", "adm1_name": "Yangon", "adm1_name1": "ရန်ကုန်တိုင်းဒေသကြီး", "adm1_name2": null, "adm1_name3": null, "adm1_pcode": "MMR013", "adm0_name": "Myanmar", "adm0_name1": "မြန်မာနိုင်ငံ", "adm0_name2": null, "adm0_name3": null, "adm0_pcode": "MMR", "valid_on": "2024-02-15T00:00:00", "valid_to": null, "area_sqkm": 10.26031436, "version": "v01", "lang": "en", "lang1": "my", "lang2": null, "lang3": null, "adm4_ref_name": "Tha Yaw Tan", "center_lat": 16.6610959, "center_lon": 96.08419836}, "geometry": {"type": "Polygon", "coordinates": [[[96.07103993900006, 16.67572413099998], [96.07108716000016, 16.671584520000067], [96.07131504000017, 16.670833110000046], [96.07145328000007, 16.669781190000037], [96.07177404000015, 16.668263520000096], [96.07168800000011, 16.667621550000092], [96.07177836000017, 16.667144730000075], [96.07178268000013, 16.666858530000184], [96.07161564000018, 16.66634877000007], [96.07145940000004, 16.665995340000165], [96.07134060000016, 16.665824520000058], [96.0710994000001, 16.665717060000077], [96.07093992000006, 16.665558750000116], [96.07086396000017, 16.665245460000108], [96.07057416000015, 16.664140530000168], [96.06937608000015, 16.663263120000067], [96.06938760000003, 16.661233350000145], [96.06831840500013, 16.659830158000034], [96.06831838300013, 16.65983012600003], [96.06698764700013, 16.660763931000133], [96.06637479300008, 16.660958456000117], [96.06561470700007, 16.66088910400009], [96.06557462600006, 16.660651677999965], [96.06548412000018, 16.660115550000057], [96.06551497500016, 16.659605258000113], [96.06554244000006, 16.659151019999968], [96.0650685220001, 16.658850541000106], [96.06441636000011, 16.65843705000009], [96.06490128000013, 16.65722862000007], [96.06467789600009, 16.657070254000132], [96.06467774700019, 16.65707014900005], [96.06467521600007, 16.657068355000035], [96.06406176000007, 16.656633450000072], [96.06406254000018, 16.65663260600013], [96.07205527900004, 16.649275548], [96.07685822600018, 16.645158736999974], [96.08577798400012, 16.64344339700017], [96.09023786600017, 16.648246344000142], [96.09401161000017, 16.64996168500005], [96.0970992170001, 16.654764632000138], [96.0992356430001, 16.65542199300006], [96.09946488000014, 16.657229250000114], [96.0991650000002, 16.660886310000024], [96.09877656000003, 16.66247787000009], [96.09838812000004, 16.664069430000154], [96.09795252000009, 16.666088760000093], [96.09775416000019, 16.668422910000118], [96.09762708000017, 16.668810630000053], [96.0972033600001, 16.67262177000009], [96.09755220000017, 16.676132040000084], [96.09728544000012, 16.677686340000093], [96.09730596000003, 16.678270350000105], [96.09708096000008, 16.67884185000014], [96.09570864000005, 16.67877192000003], [96.09316200000018, 16.678376370000137], [96.08986728000008, 16.678030500000148], [96.08576220000003, 16.677733320000073], [96.08343012000017, 16.67749851000019], [96.080229, 16.67717604000012], [96.0733944000001, 16.676240130000167], [96.07104000000015, 16.6757243400001], [96.07103993900006, 16.67572413099998]]]}}, {"type": "Feature", "properties": {"adm4_name": "Urban", "adm4_name1": null, "adm4_name2": null, "adm4_name3": null, "adm4_pcode": "MMR013030701", "adm3_name": "Dala", "adm3_name1": "ဒလ", "adm3_name2": null, "adm3_name3": null, "adm3_pcode": "MMR013030", "adm2_name": "Yangon (South)", "adm2_name1": "ရန်ကုန်(တောင်ပိုင်း)", "adm2_name2": null, "adm2_name3": null, "adm2_pcode": "MMR013D003", "adm1_name": "Yangon", "adm1_name1": "ရန်ကုန်တိုင်းဒေသကြီး", "adm1_name2": null, "adm1_name3": null, "adm1_pcode": "MMR013", "adm0_name": "Myanmar", "adm0_name1": "မြန်မာနိုင်ငံ", "adm0_name2": null, "adm0_name3": null, "adm0_pcode": "MMR", "valid_on": "2024-02-15T00:00:00", "valid_to": null, "area_sqkm": 10.05857211, "version": "v01", "lang": "en", "lang1": "my", "lang2": null, "lang3": null, "adm4_ref_name": "Urban", "center_lat": 16.75130616, "center_lon": 96.15496245}, "geometry": {"type": "Polygon", "coordinates": [[[96.17041637300014, 16.75786201700015], [96.17017650600008, 16.757986069000083], [96.16963005000014, 16.7582073210001], [96.16931724500012, 16.758356095000124], [96.16904640200016, 16.75848770200014], [96.16864967300012, 16.758694331000072], [96.16810989400017, 16.758928299000047], [96.16765213000008, 16.759102822000045], [96.16716003500017, 16.75923538300009], [96.1667194370001, 16.759325027000045], [96.16644287100013, 16.759403228], [96.16604995700015, 16.759525299000074], [96.16555404700017, 16.75967597900012], [96.16500854500015, 16.759813944000086], [96.16437993800008, 16.75971085700013], [96.16403770400018, 16.759931564000055], [96.16369915000007, 16.760116577000133], [96.16340065000003, 16.760402679000038], [96.16299343100019, 16.76061248800005], [96.16284418300012, 16.760648528000047], [96.16265773800006, 16.760693550000042], [96.16241111800008, 16.76082649199998], [96.162184077, 16.761092642000165], [96.16216087300006, 16.761119843000017], [96.16184883100016, 16.7612674720001], [96.16175715900005, 16.761243261000118], [96.16157150300012, 16.761194229000125], [96.16127967800008, 16.76113624500016], [96.16098690000018, 16.761313439000048], [96.16079998000015, 16.761528015000067], [96.16057243300008, 16.761656571], [96.160171466, 16.761742209000033], [96.1597452170002, 16.76179027600017], [96.15929603600006, 16.761901855000076], [96.15895525000013, 16.761978084000077], [96.15886116100006, 16.761999131000152], [96.15869251000004, 16.76202556800007], [96.15839068100001, 16.762072881], [96.15817898500012, 16.76204212400006], [96.15807342600016, 16.76202678700008], [96.15768877700003, 16.761929194000118], [96.15725135800017, 16.762090683000054], [96.15668896300008, 16.762294497000028], [96.15612888400005, 16.762455940000166], [96.15574836700006, 16.762506485000188], [96.15536689700014, 16.762582779000127], [96.15494728100003, 16.76266479500015], [96.15466117800008, 16.762685776000183], [96.15432834699999, 16.76272773800008], [96.15398216200003, 16.76283454900016], [96.15366868400002, 16.76293707000019], [96.15357780500005, 16.762966792000157], [96.15330886900006, 16.76306724500006], [96.15299797000017, 16.76315975200015], [96.15262603800011, 16.763235092000173], [96.1520442960001, 16.76335334800018], [96.15197397500009, 16.763368357000104], [96.15182285100019, 16.7634006130001], [96.15156173700007, 16.76345634400019], [96.15106773400015, 16.763589859000092], [96.15060997000012, 16.763704300000086], [96.15018081700003, 16.763814927000112], [96.14985084500006, 16.763921738000136], [96.14945602500012, 16.76402664200009], [96.1493131680001, 16.764060531000155], [96.14919471800005, 16.764088631000163], [96.14874839800007, 16.764240265000126], [96.14872312200015, 16.764249971000027], [96.14822837700012, 16.764332983000145], [96.1481077090001, 16.764353230000154], [96.14792055000015, 16.76442116600009], [96.1426013030001, 16.76635195400013], [96.13990529600011, 16.768055033999985], [96.13980687700018, 16.768117205000067], [96.13967575900017, 16.768071561000056], [96.1396060670001, 16.76807657900008], [96.13960520600011, 16.768076213000086], [96.13923009000018, 16.767916418000084], [96.13830671700009, 16.767594979000023], [96.138277318, 16.76758474500008], [96.13539303400012, 16.767715081], [96.13358008600005, 16.767172058000142], [96.13143372899998, 16.76548719600015], [96.13109102500005, 16.76521817800011], [96.13103675900004, 16.765153885000018], [96.13079643200012, 16.764900208000086], [96.13041687000015, 16.764519119000113], [96.13018035900006, 16.764265061], [96.1299750010001, 16.764005661000056], [96.12978553800014, 16.76372909600019], [96.1295808700001, 16.763446579000174], [96.12947464000018, 16.763299942], [96.12925338700006, 16.763010025000085], [96.12906456000019, 16.762747765000086], [96.1287813190001, 16.762473107000062], [96.12849521600015, 16.76223659600015], [96.1282844540001, 16.762020111000083], [96.12803077700016, 16.761724472000026], [96.12763404800012, 16.761274338000135], [96.12758740700008, 16.76121947700011], [96.12704473400004, 16.760899937000147], [96.12646338900015, 16.760557625000047], [96.12566341900003, 16.760086581000166], [96.12464846600017, 16.75910153400008], [96.12255144200003, 16.757977209000046], [96.12247854300017, 16.75793812300003], [96.12061705400004, 16.7562893920001], [96.1204703250001, 16.756393228000036], [96.12045491000015, 16.756403414000147], [96.12019542600018, 16.756574877000048], [96.12019266300018, 16.75657277200014], [96.12018947700011, 16.756574877000048], [96.120167886, 16.756558433000066], [96.11893651800011, 16.75562058600002], [96.11702884100009, 16.75443770300012], [96.116463715, 16.75416226300007], [96.11504166700013, 16.753469166], [96.1129896990002, 16.752645166000036], [96.11117388000014, 16.75196964200012], [96.10948367200007, 16.751294698000038], [96.10764438700005, 16.75059321499998], [96.10603858700006, 16.750066045999972], [96.10474699200006, 16.749717323000027], [96.10433716800003, 16.749606674000177], [96.10433744200009, 16.749605142000064], [96.1044644550002, 16.748894359000133], [96.10449308000017, 16.74890045000018], [96.10449466200009, 16.748891108000123], [96.10455703700006, 16.748522758000036], [96.1046492260001, 16.74817975300016], [96.10465543800012, 16.748062768000125], [96.10466270400019, 16.74792594900009], [96.10460818900003, 16.747629513000106], [96.10463594500015, 16.74763354800018], [96.10661316000005, 16.747920990000125], [96.10855867400011, 16.748228055000084], [96.10928789800005, 16.748343150000096], [96.11185501199998, 16.749296486000105], [96.11402778600018, 16.750103378000063], [96.11495170600006, 16.747978210999975], [96.1181844510001, 16.749129239000183], [96.1188022610001, 16.749349213000073], [96.12102755600006, 16.751250848000154], [96.12276621600006, 16.752736627000047], [96.12343406700018, 16.75330734200014], [96.12666878300013, 16.754814221], [96.1276007570001, 16.754951997000035], [96.12813663500003, 16.75538468300016], [96.12904866600013, 16.755224864000127], [96.12890434200006, 16.754828262000046], [96.1297411490001, 16.754694331000053], [96.12966897700016, 16.754201465000108], [96.13016145900008, 16.754094038], [96.13014541600006, 16.753970234000064], [96.13003765500014, 16.75313862900009], [96.13044741100009, 16.753044858000067], [96.13273429900016, 16.752521515000012], [96.13298988300016, 16.752471924000076], [96.13347816500004, 16.752342224000017], [96.13385486700014, 16.752202987000146], [96.13422094100002, 16.75199045500017], [96.13450241200013, 16.751796052000145], [96.13455391000014, 16.751760483000112], [96.13461303800005, 16.751720350000085], [96.13492202800006, 16.751510620000147], [96.1351337430001, 16.75134976700008], [96.13535118100015, 16.75116157500014], [96.13571128800015, 16.750894547000087], [96.13641166700012, 16.750581742], [96.13679923500001, 16.750410671000168], [96.13758332400016, 16.750064578000035], [96.13817825300009, 16.749853134000148], [96.13857231200012, 16.74979209900016], [96.13948958200012, 16.74973324399997], [96.14045270300016, 16.74979972799997], [96.14090347300015, 16.74979972799997], [96.14156219400002, 16.749827309000068], [96.14194361400018, 16.74984328000005], [96.143720627, 16.74986076300013], [96.14624010400019, 16.74989693400005], [96.14791882800017, 16.751028570000074], [96.14858055100012, 16.750620604000062], [96.14812469400016, 16.750083159999974], [96.14843177799997, 16.74985122700008], [96.1491680150001, 16.749393463000047], [96.15044600900012, 16.748693322000122], [96.15199852000006, 16.747842789000174], [96.15311749800009, 16.747237841000185], [96.15420341500015, 16.74662208500007], [96.15479660000011, 16.746308009000188], [96.15671475700009, 16.745793024000136], [96.15683278400019, 16.745080177000034], [96.15700950600007, 16.74401283300017], [96.1553955510002, 16.743723699000043], [96.15481237900008, 16.74361922500009], [96.15307553600019, 16.74290657], [96.15243582300008, 16.741828398000166], [96.15244412100009, 16.740994848000128], [96.15244865400018, 16.74053955100004], [96.15245246900002, 16.738901138000074], [96.15249443000005, 16.73749542200011], [96.15250760900017, 16.736438578000104], [96.15228496900005, 16.735613562000026], [96.15252723700019, 16.7345150000001], [96.15290886900016, 16.73466127300003], [96.1534309380001, 16.73486137400016], [96.15448188800019, 16.735443116000113], [96.15517697400014, 16.735869775000026], [96.15560363300017, 16.736131668000098], [96.15592448000018, 16.735978127000067], [96.15614986500009, 16.73618412000019], [96.15630912800003, 16.736445427000035], [96.15648019500009, 16.736459532000026], [96.15663823200009, 16.73647256300012], [96.15681375800006, 16.736177444000134], [96.1569103240002, 16.735875321000094], [96.15733528200019, 16.735542679000105], [96.15732547200008, 16.73585210600004], [96.15721841300001, 16.736382744000082], [96.15722662000007, 16.736461475000112], [96.1573053510001, 16.73721680300008], [96.15722743000015, 16.738115311000172], [96.15725047600012, 16.738242236000076], [96.15735435500011, 16.738814354], [96.157589595, 16.73938179000004], [96.15799942100017, 16.7397560120001], [96.15857887300018, 16.740061846], [96.15935192100017, 16.74026832500016], [96.16019075500014, 16.740294543000175], [96.16098880700008, 16.7406625750001], [96.16180922799998, 16.740976680000017], [96.16228866600005, 16.74141216300012], [96.16306591000006, 16.74201130300014], [96.1632969600002, 16.742189408], [96.1672096260001, 16.74202505800008], [96.16711235100013, 16.745328902999972], [96.16701051800015, 16.75031953700011], [96.17221429000011, 16.749512020000168], [96.17282954100011, 16.74937005400011], [96.17365074100019, 16.748992284000167], [96.17404619800016, 16.74882380200006], [96.1743502380001, 16.749447051], [96.1744985580001, 16.74975109100012], [96.17452890400011, 16.74984153700018], [96.17464949900005, 16.750200965000033], [96.1746692660002, 16.75046730000014], [96.17471122700005, 16.750951767000174], [96.17474174200015, 16.751317631000063], [96.17474451900011, 16.75135092300019], [96.17524070700011, 16.75232582100017], [96.17579078700015, 16.752299990000097], [96.17616081200015, 16.75221061700006], [96.17654119200017, 16.752120154000124], [96.17690340600012, 16.751974106000148], [96.17817115800005, 16.75198173500013], [96.17818676300016, 16.75325064200007], [96.17841996100009, 16.753684786000065], [96.17875148000007, 16.753962180000144], [96.17875375800008, 16.75396408600011], [96.17875386900005, 16.753964176000125], [96.17881633900004, 16.753929176000042], [96.1791874220001, 16.754193660000112], [96.17653389000009, 16.75543390200005], [96.17541424600017, 16.755792186], [96.17539561700016, 16.755798147000064], [96.17518425000014, 16.755897522000055], [96.1748723980001, 16.756059646000097], [96.17453384400017, 16.756198883000025], [96.17416763300014, 16.756343842000035], [96.17390251200015, 16.75643157999997], [96.17362185900015, 16.756505966000077], [96.1733003760001, 16.75669752700003], [96.17329216000013, 16.756702423000092], [96.17300148000004, 16.75688972500012], [96.17259025600015, 16.757086754], [96.17216587100012, 16.757238388000133], [96.17173290300013, 16.757331848000035], [96.17132568400012, 16.757476807000046], [96.17062091800005, 16.757756233000066], [96.17056720500017, 16.757784012000172], [96.17041637300014, 16.75786201700015]]]}}, {"type": "Feature", "properties": {"adm4_name": "Urban", "adm4_name1": null, "adm4_name2": null, "adm4_name3": null, "adm4_pcode": "MMR013031701", "adm3_name": "Seikgyikanaungto", "adm3_name1": "ဆိပ်ကြီး/ခနောင်တို", "adm3_name2": null, "adm3_name3": null, "adm3_pcode": "MMR013031", "adm2_name": "Yangon (South)", "adm2_name1": "ရန်ကုန်(တောင်ပိုင်း)", "adm2_name2": null, "adm2_name3": null, "adm2_pcode": "MMR013D003", "adm1_name": "Yangon", "adm1_name1": "ရန်ကုန်တိုင်းဒေသကြီး", "adm1_name2": null, "adm1_name3": null, "adm1_pcode": "MMR013", "adm0_name": "Myanmar", "adm0_name1": "မြန်မာနိုင်ငံ", "adm0_name2": null, "adm0_name3": null, "adm0_pcode": "MMR", "valid_on": "2024-02-15T00:00:00", "valid_to": null, "area_sqkm": 12.28878668, "version": "v01", "lang": "en", "lang1": "my", "lang2": null, "lang3": null, "adm4_ref_name": "Urban", "center_lat": 16.76649676, "center_lon": 96.11040694}, "geometry": {"type": "Polygon", "coordinates": [[[96.1069353900001, 16.782974730999968], [96.1066411380001, 16.783047518000046], [96.10655215700007, 16.783069528000112], [96.10653600500018, 16.783077212000023], [96.10652497500013, 16.783082460000116], [96.10649773700004, 16.783095415], [96.10594747600004, 16.78335716900017], [96.10536423100001, 16.78366877400009], [96.10529839200018, 16.78370394799998], [96.10518957800008, 16.78376737900004], [96.104505271, 16.784166277000168], [96.10372304400005, 16.78460790400004], [96.10272387500004, 16.784879783000065], [96.10230911000014, 16.78494713900011], [96.10213653400007, 16.784975164], [96.10150790500018, 16.78493827600016], [96.10096198100013, 16.784906242000034], [96.10050188100007, 16.784869973000127], [96.10004177900004, 16.78483370400005], [96.10004019100006, 16.784831477000125], [96.10003468600007, 16.78482376000011], [96.09982090200015, 16.784524106], [96.09957717100013, 16.783945106999965], [96.0995083730001, 16.78342162000007], [96.09949267000013, 16.78295629000013], [96.09948397000011, 16.782915070000115], [96.09939780300004, 16.782506807000175], [96.09640219400006, 16.782350467000185], [96.09640342000017, 16.782162794000044], [96.09637453700014, 16.78178285200005], [96.09633474300006, 16.78125937500016], [96.0962803160001, 16.779848080000022], [96.09637276000012, 16.778123352000136], [96.09636043200015, 16.776452196000037], [96.0963716620002, 16.77469827900012], [96.0962344290001, 16.772996078000062], [96.09612750500014, 16.771432647000154], [96.09627309100011, 16.769398939000098], [96.09631087700006, 16.768212718000086], [96.09620575000014, 16.767480906000117], [96.09613547100008, 16.76745235500016], [96.09603959900016, 16.767413407000106], [96.09589268700006, 16.76735372400003], [96.09560062100007, 16.76727486800013], [96.09538851800005, 16.767217601000084], [96.09508809100015, 16.76713648700013], [96.09467887800008, 16.76698722800012], [96.09412674900017, 16.76673200700003], [96.0935465390001, 16.76646380600016], [96.0930254380001, 16.766228178000176], [96.09295167500011, 16.766194822999978], [96.09245198700017, 16.765968878000024], [96.0917072100001, 16.765680981000116], [96.09131936300003, 16.765531057000146], [96.0911265950001, 16.765447595000182], [96.09083208900006, 16.7653200850001], [96.09028816200009, 16.76508458500018], [96.08866836599998, 16.764250513000093], [96.08770142700018, 16.763752613000065], [96.08756933300009, 16.763684595000143], [96.08670479700015, 16.76320626500018], [96.08524697900015, 16.76239968600015], [96.08517489400015, 16.76228493800005], [96.08507816700006, 16.762130963], [96.08493249500009, 16.7627997190001], [96.08508065200016, 16.76375130200006], [96.08508459500001, 16.763776622000023], [96.08507999000011, 16.76379463500018], [96.08507399000013, 16.763818104999984], [96.08500847800002, 16.764074377000043], [96.08485803100012, 16.764105346000065], [96.0847333110001, 16.764131019000104], [96.08421862500018, 16.763952129000074], [96.08396946200003, 16.76384676300006], [96.08374118200015, 16.76375022700006], [96.0833379230001, 16.76339549100004], [96.08272366400018, 16.76310493400007], [96.0823419580002, 16.763215735000074], [96.08193023400008, 16.763142607000077], [96.08159062900012, 16.76299119300012], [96.08158766900004, 16.762982729000157], [96.08149972100006, 16.762731536000047], [96.08149542000018, 16.76271925100002], [96.08142231500005, 16.76222770400011], [96.08141495600006, 16.761262946000045], [96.08132011500015, 16.759977296000102], [96.08112812100006, 16.758955014000037], [96.08089207800015, 16.757744844000115], [96.08075495700007, 16.756627221000088], [96.08005289500011, 16.752089552000086], [96.07975063200001, 16.7501359420001], [96.07974743100004, 16.750115253000047], [96.07974652200005, 16.750109375000136], [96.07974038600008, 16.750069721000045], [96.07973868800013, 16.750058745], [96.07969391500006, 16.749769364000144], [96.07969087900017, 16.749749735000023], [96.07953363200005, 16.748158946000103], [96.08288997500017, 16.748107199000174], [96.08350194700017, 16.748097764000022], [96.08377941200013, 16.748092641000028], [96.08533604400014, 16.748063900999966], [96.08844200300018, 16.748521005000157], [96.091133292, 16.748599046000095], [96.09279446800014, 16.748647217000098], [96.09286063900004, 16.748647177000123], [96.09319270100013, 16.7486469750001], [96.09321092600015, 16.74864696400016], [96.09521629400018, 16.74871263400007], [96.09521851600016, 16.748712619000173], [96.09522125100011, 16.74871260200007], [96.0970511760001, 16.748700605000067], [96.09705168600016, 16.748700641000084], [96.09705712500016, 16.748700605000067], [96.09896015700002, 16.74883384200018], [96.10130644900005, 16.74913157900005], [96.10424991800011, 16.74958151000004], [96.10433744200009, 16.749605142000064], [96.10433716800003, 16.749606674000177], [96.10474699200006, 16.749717323000027], [96.10603858700006, 16.750066045999972], [96.10764438700005, 16.75059321499998], [96.10948367200007, 16.751294698000038], [96.11117388000014, 16.75196964200012], [96.1129896990002, 16.752645166000036], [96.11504166700013, 16.753469166], [96.116463715, 16.75416226300007], [96.11702884100009, 16.75443770300012], [96.11893651800011, 16.75562058600002], [96.120167886, 16.756558433000066], [96.12018947700011, 16.756574877000048], [96.11995595200005, 16.756749125000056], [96.1196366160001, 16.75698740100006], [96.1195398000001, 16.75708710400005], [96.11990961400011, 16.75734182700006], [96.12098033400008, 16.75837872900007], [96.12150974700012, 16.758891421000044], [96.12167711300009, 16.759287423000103], [96.12178230400019, 16.759423256000048], [96.12199592600007, 16.75966453500007], [96.1219518910001, 16.759821802000033], [96.122189285, 16.760116182000047], [96.12239714500015, 16.760597147000112], [96.12275722800018, 16.761430336000046], [96.12338369500009, 16.761583963000078], [96.12469780999999, 16.762464107000028], [96.12698867300008, 16.76616204200002], [96.12721645000005, 16.766529720999984], [96.12743473100005, 16.766712188999975], [96.12760448500006, 16.76692771900008], [96.12768006700009, 16.76705080000005], [96.12781238600013, 16.76726627400012], [96.12812614500007, 16.767616273000044], [96.12841987700006, 16.767951965000066], [96.12862014799998, 16.768161774000134], [96.12887001100017, 16.7683715820001], [96.12911701200005, 16.768552780000164], [96.12930870100001, 16.76873207100016], [96.12957217400009, 16.768967850000024], [96.12964920300016, 16.769164456000112], [96.129344915, 16.76937618500017], [96.12912492000004, 16.769529262000106], [96.12893397000005, 16.769662128999983], [96.12836812600011, 16.769721980999975], [96.12682586300014, 16.76988511700017], [96.12309474800009, 16.77134460000002], [96.12265872700016, 16.771594721000042], [96.12219891000018, 16.771858493000025], [96.12188410500016, 16.772039080000127], [96.1216807400001, 16.772155739000084], [96.12007618500013, 16.773076185000036], [96.1194046060001, 16.773743214999968], [96.11704904800007, 16.776082814000063], [96.1162507040001, 16.7768757500001], [96.11597869100007, 16.777525402000038], [96.11422429500004, 16.781715461000033], [96.11395426400014, 16.781691708000153], [96.11320206699997, 16.781708431000027], [96.11293602000012, 16.781641008], [96.112661361, 16.781587600000023], [96.11216787800015, 16.78155396200009], [96.11150550900015, 16.781644821999976], [96.11108398500005, 16.78170394900019], [96.1107044220002, 16.781751633000056], [96.11025683100019, 16.781805887000075], [96.10996389400003, 16.78190565100016], [96.109413147, 16.782011033000174], [96.10908317600018, 16.78207206700006], [96.10871505700015, 16.782136917000116], [96.1082668300001, 16.782192867000106], [96.10794258100003, 16.782228471000053], [96.10760879600019, 16.782275200000072], [96.10720634400013, 16.782371521000186], [96.10681438500012, 16.782485485000166], [96.1069353900001, 16.782974730999968]]]}}, {"type": "Feature", "properties": {"adm4_name": "Urban", "adm4_name1": null, "adm4_name2": null, "adm4_name3": null, "adm4_pcode": "MMR013033701", "adm3_name": "Kyauktada", "adm3_name1": "ကျောက်တံတား", "adm3_name2": null, "adm3_name3": null, "adm3_pcode": "MMR013033", "adm2_name": "Yangon (West)", "adm2_name1": "ရန်ကုန်(အနောက်ပိုင်း)", "adm2_name2": null, "adm2_name3": null, "adm2_pcode": "MMR013D004", "adm1_name": "Yangon", "adm1_name1": "ရန်ကုန်တိုင်းဒေသကြီး", "adm1_name2": null, "adm1_name3": null, "adm1_pcode": "MMR013", "adm0_name": "Myanmar", "adm0_name1": "မြန်မာနိုင်ငံ", "adm0_name2": null, "adm0_name3": null, "adm0_pcode": "MMR", "valid_on": "2024-02-15T00:00:00", "valid_to": null, "area_sqkm": 0.72344106, "version": "v01", "lang": "en", "lang1": "my", "lang2": null, "lang3": null, "adm4_ref_name": "Urban", "center_lat": 16.7743332, "center_lon": 96.16131697}, "geometry": {"type": "Polygon", "coordinates": [[[96.15898454100017, 16.779367251999986], [96.15868295800016, 16.779370584000105], [96.15825804700006, 16.779375277000042], [96.15825769000014, 16.779351811000083], [96.15820884700008, 16.779353142000105], [96.15815162600006, 16.777940751000187], [96.15814944600004, 16.77689443300011], [96.15815925600015, 16.776372909000145], [96.1581274670001, 16.77447835200013], [96.15815925600015, 16.77401161299997], [96.1581207500002, 16.773020079000048], [96.15809059100008, 16.772243500000172], [96.15808561900019, 16.771872863000112], [96.1580438690001, 16.77064905000003], [96.15804311600016, 16.770626994000168], [96.1586380010001, 16.77041244500009], [96.15869071499998, 16.770391094], [96.15892100600013, 16.770297817000028], [96.15985218200007, 16.769888233000074], [96.16078720700011, 16.769471333000013], [96.16134787800019, 16.76928862000011], [96.16218933500011, 16.7692393640001], [96.16238187400012, 16.769228094000084], [96.16347534700009, 16.76919912799997], [96.16368308900007, 16.769193625000128], [96.16415226700013, 16.76916242800013], [96.16420888700003, 16.7691586630001], [96.16420891400014, 16.769159346000038], [96.16421014700018, 16.769190224000113], [96.16425424900007, 16.76918840500008], [96.16425448200016, 16.76918839500007], [96.1642547830001, 16.769197619000124], [96.1643009190002, 16.77061271700012], [96.16435931300003, 16.771686407000175], [96.1644191740001, 16.772939682000015], [96.16449133600008, 16.774188042000105], [96.16452980100013, 16.775253297000063], [96.16458771200001, 16.776691160000098], [96.16468646400006, 16.779093856000145], [96.164692608, 16.779101783000158], [96.16466035600018, 16.779102476000105], [96.16466008000015, 16.77910249300004], [96.16427974000015, 16.779126544000178], [96.16409847600005, 16.779138007000142], [96.16380392500014, 16.77915277900013], [96.16357705000007, 16.779164156000093], [96.16333546900006, 16.779176271000097], [96.16318044300004, 16.77918011800017], [96.16288864400013, 16.77918735800006], [96.16285461000018, 16.779188203000047], [96.16261057800006, 16.779200134000064], [96.16207293500008, 16.77922642200008], [96.16159731500017, 16.77924205300002], [96.1613746380001, 16.779249371000105], [96.16117121900004, 16.779257852], [96.16073783200017, 16.77927592000009], [96.16064870200006, 16.779278950000162], [96.15961647000012, 16.779314044000046], [96.15961628200012, 16.779314051000142], [96.15912447699998, 16.77935696800006], [96.1590098060002, 16.77936697399997], [96.15899073500015, 16.779367184000023], [96.15898454100017, 16.779367251999986]]]}}, {"type": "Feature", "properties": {"adm4_name": "Urban", "adm4_name1": null, "adm4_name2": null, "adm4_name3": null, "adm4_pcode": "MMR013034701", "adm3_name": "Pabedan", "adm3_name1": "ပန်းဘဲတန်း", "adm3_name2": null, "adm3_name3": null, "adm3_pcode": "MMR013034", "adm2_name": "Yangon (West)", "adm2_name1": "ရန်ကုန်(အနောက်ပိုင်း)", "adm2_name2": null, "adm2_name3": null, "adm2_pcode": "MMR013D004", "adm1_name": "Yangon", "adm1_name1": "ရန်ကုန်တိုင်းဒေသကြီး", "adm1_name2": null, "adm1_name3": null, "adm1_pcode": "MMR013", "adm0_name": "Myanmar", "adm0_name1": "မြန်မာနိုင်ငံ", "adm0_name2": null, "adm0_name3": null, "adm0_pcode": "MMR", "valid_on": "2024-02-15T00:00:00", "valid_to": null, "area_sqkm": 0.59059294, "version": "v01", "lang": "en", "lang1": "my", "lang2": null, "lang3": null, "adm4_ref_name": "Urban", "center_lat": 16.77548142, "center_lon": 96.15572775}, "geometry": {"type": "Polygon", "coordinates": [[[96.1590977890001, 16.781062004999967], [96.15843374500002, 16.78111163000011], [96.15569877600018, 16.781316018000155], [96.1549758650001, 16.781328933000054], [96.1534264880001, 16.7815259300001], [96.15326425800015, 16.7814885250001], [96.15320815000013, 16.781475588000035], [96.15293979600011, 16.781413714000053], [96.15293438600003, 16.78136586400018], [96.15288851800017, 16.780960230000176], [96.15333162300016, 16.780970029], [96.15338211000017, 16.780971146000013], [96.15336046600015, 16.77952452800008], [96.15336751000018, 16.779447562000087], [96.15334109200012, 16.777081640000063], [96.15329455400018, 16.774589926000147], [96.1532882030001, 16.772069197000064], [96.15325742900006, 16.771802496000078], [96.15508461000013, 16.77139854400008], [96.15512334400017, 16.771389408], [96.15550046200008, 16.771321630999978], [96.15678999300013, 16.771081620000132], [96.15717113100004, 16.77100133400006], [96.15762861600012, 16.77079586100001], [96.15763303500006, 16.770794325000054], [96.1579919450001, 16.770669527000052], [96.1579923110001, 16.77066938300004], [96.1580438690001, 16.77064905000003], [96.15808561900019, 16.771872863000112], [96.15809059100008, 16.772243500000172], [96.1581207500002, 16.773020079000048], [96.15815925600015, 16.77401161299997], [96.1581274670001, 16.77447835200013], [96.15815925600015, 16.776372909000145], [96.15814944600004, 16.77689443300011], [96.15815162600006, 16.777940751000187], [96.15820884700008, 16.779353142000105], [96.15825769000014, 16.779351811000083], [96.15825804700006, 16.779375277000042], [96.15868295800016, 16.779370584000105], [96.15898454100017, 16.779367251999986], [96.15899775100019, 16.779564945000118], [96.15909778100013, 16.781061885000156], [96.1590977890001, 16.781062004999967]]]}}, {"type": "Feature", "properties": {"adm4_name": "Urban", "adm4_name1": null, "adm4_name2": null, "adm4_name3": null, "adm4_pcode": "MMR013035701", "adm3_name": "Lanmadaw", "adm3_name1": "လမ်းမတော်", "adm3_name2": null, "adm3_name3": null, "adm3_pcode": "MMR013035", "adm2_name": "Yangon (West)", "adm2_name1": "ရန်ကုန်(အနောက်ပိုင်း)", "adm2_name2": null, "adm2_name3": null, "adm2_pcode": "MMR013D004", "adm1_name": "Yangon", "adm1_name1": "ရန်ကုန်တိုင်းဒေသကြီး", "adm1_name2": null, "adm1_name3": null, "adm1_pcode": "MMR013", "adm0_name": "Myanmar", "adm0_name1": "မြန်မာနိုင်ငံ", "adm0_name2": null, "adm0_name3": null, "adm0_pcode": "MMR", "valid_on": "2024-02-15T00:00:00", "valid_to": null, "area_sqkm": 1.88965542, "version": "v01", "lang": "en", "lang1": "my", "lang2": null, "lang3": null, "adm4_ref_name": "Urban", "center_lat": 16.7761608, "center_lon": 96.14191474}, "geometry": {"type": "Polygon", "coordinates": [[[96.14797231900008, 16.78156365300009], [96.14751134600004, 16.781607764000114], [96.14702687900018, 16.781716756000094], [96.14668152500002, 16.781839024000078], [96.14636898000003, 16.78203868900016], [96.14507865900009, 16.783109665000154], [96.1445751190002, 16.78351783800008], [96.14411899000004, 16.783875874000046], [96.14384174300011, 16.784055710000132], [96.1434059140002, 16.784288407000133], [96.14296379100011, 16.784471512000096], [96.1422271730001, 16.784633637000127], [96.14115524400012, 16.784902572000078], [96.14068951200011, 16.785008972000185], [96.14067984500014, 16.785011630000042], [96.14067626200011, 16.785012614000095], [96.14065255500003, 16.785017415000084], [96.14020347600007, 16.785120011], [96.13925170900012, 16.78534507800009], [96.13821029700006, 16.78558206600013], [96.13739395100004, 16.785797119000108], [96.13671684300016, 16.785957337000013], [96.13639068700019, 16.78602600100004], [96.1360635750001, 16.786106110000162], [96.13551521300019, 16.786256791000085], [96.13495826700012, 16.78642845100012], [96.13455886800006, 16.78659515400011], [96.13422107700006, 16.786841392999975], [96.13415587900016, 16.786610165000013], [96.1341152190002, 16.786465963000182], [96.13426907900015, 16.786124546999986], [96.13457298200012, 16.785787583], [96.13477516200015, 16.78556633000011], [96.13487065900017, 16.78546207900007], [96.13494113600007, 16.785381048000033], [96.1349430630001, 16.785378919000152], [96.13540860100011, 16.78486456500019], [96.1354186960001, 16.784853290000058], [96.13541978600006, 16.78485207200015], [96.13543526700016, 16.78483478100003], [96.13548631000003, 16.784777768000026], [96.13551852500012, 16.784741786999973], [96.13568620200004, 16.784549888000186], [96.13569538700017, 16.784539376000055], [96.13586161100011, 16.784349139000028], [96.13636113500019, 16.7837621650001], [96.13649017100005, 16.783586013000104], [96.1365635860002, 16.783444828000086], [96.13662851000004, 16.783280499000057], [96.13667092200018, 16.78315866300011], [96.13667093300006, 16.783158630000173], [96.1366747240001, 16.783147741000107], [96.13667586400004, 16.783144466000067], [96.13668660600007, 16.783113607000075], [96.13671268800005, 16.78304066700008], [96.13676601100013, 16.782891549], [96.13690119300014, 16.782632560000025], [96.13692806600011, 16.782581075999985], [96.1369278040001, 16.782576139000014], [96.13692499100011, 16.782523098000183], [96.136919181, 16.782413538000185], [96.13691905000007, 16.782411065000076], [96.1369156610001, 16.78237931000018], [96.1369008590001, 16.782240609000155], [96.13690047200015, 16.782236991000048], [96.13689952400006, 16.782228108000083], [96.13689198400016, 16.78204741700017], [96.13688423100012, 16.781861623000054], [96.13688310200013, 16.7818311260001], [96.13686913800007, 16.781453767000073], [96.13685969700009, 16.781335338000133], [96.136853862, 16.78126213500002], [96.13685374300013, 16.781260649000103], [96.13685062300004, 16.781221506000122], [96.13684393900019, 16.780972678000126], [96.13683484200004, 16.78063405200004], [96.13683472200006, 16.780629594000175], [96.13681120300015, 16.78018145500016], [96.13679432000009, 16.78004393500015], [96.13679298800014, 16.78003308000001], [96.13678098700012, 16.779935331000047], [96.1367465960002, 16.77931038899999], [96.13672768700013, 16.778897084], [96.13672767900016, 16.778896920000022], [96.13672460300006, 16.778829683000026], [96.13669027300006, 16.77856173300006], [96.13668841300012, 16.778547003000085], [96.13665709900016, 16.778299017000165], [96.13660995900017, 16.77809365300004], [96.13653709200008, 16.77788733500006], [96.13644194000005, 16.777706835], [96.13643130800006, 16.777686667000125], [96.13642508700019, 16.777656527000147], [96.13630446800005, 16.77707212700011], [96.13561424900007, 16.773728019000146], [96.1356128590001, 16.773728099000152], [96.13561159500017, 16.773718337000048], [96.13574704400008, 16.773601369000176], [96.13573673900004, 16.773601369000176], [96.13547045600012, 16.77317844900017], [96.13841684300013, 16.77321830799997], [96.1389826780001, 16.772924319000083], [96.14933071000013, 16.771321612000065], [96.14968707100002, 16.771228322000184], [96.15251474000013, 16.770488085000125], [96.15715520400005, 16.769273289000182], [96.15919034900014, 16.768740521000154], [96.15967782100012, 16.76861290900007], [96.16215445700004, 16.76783650900012], [96.16261347200009, 16.767523864999987], [96.1631415280001, 16.76716419400003], [96.16394477300003, 16.76696805900002], [96.16395938800008, 16.767024619000097], [96.16405355000006, 16.767451121000022], [96.16418910900018, 16.76806512000013], [96.16425424900007, 16.76918840500008], [96.16421014700018, 16.769190224000113], [96.16420891400014, 16.769159346000038], [96.16420888700003, 16.7691586630001], [96.16415226700013, 16.76916242800013], [96.16368308900007, 16.769193625000128], [96.16347534700009, 16.76919912799997], [96.16238187400012, 16.769228094000084], [96.16218933500011, 16.7692393640001], [96.16134787800019, 16.76928862000011], [96.16078720700011, 16.769471333000013], [96.15985218200007, 16.769888233000074], [96.15892100600013, 16.770297817000028], [96.15869071499998, 16.770391094], [96.1586380010001, 16.77041244500009], [96.15804311600016, 16.770626994000168], [96.1580438690001, 16.77064905000003], [96.1579923110001, 16.77066938300004], [96.1579919450001, 16.770669527000052], [96.15763303500006, 16.770794325000054], [96.15762861600012, 16.77079586100001], [96.15717113100004, 16.77100133400006], [96.15678999300013, 16.771081620000132], [96.15550046200008, 16.771321630999978], [96.15512334400017, 16.771389408], [96.15508461000013, 16.77139854400008], [96.15325742900006, 16.771802496000078], [96.15317298300016, 16.771818972], [96.15317288300014, 16.77181899200002], [96.15317279600004, 16.771819009000126], [96.15190951000017, 16.772065481000084], [96.150579919, 16.772226369000066], [96.15057417500009, 16.772225824000145], [96.15050813000005, 16.772219562000146], [96.1505080780002, 16.77221955800013], [96.15050680500019, 16.772219533000055], [96.15049457400016, 16.77221928900019], [96.14905018100012, 16.77219056300015], [96.1489082010001, 16.772195647000046], [96.14885662300009, 16.772196371000064], [96.14762042100011, 16.77223953800018], [96.14766120900009, 16.774403255000095], [96.14766965600018, 16.774660383000025], [96.14767646800004, 16.775249482], [96.14775549900008, 16.777215519000038], [96.14780235300003, 16.778310776000183], [96.1478375690001, 16.779277448000016], [96.14784050000009, 16.7793579100001], [96.14785035500012, 16.779723486000023], [96.14784050000009, 16.78020095800008], [96.14784050000009, 16.780534743999965], [96.14784847600004, 16.781190179000134], [96.14793482300018, 16.781450578999966], [96.14793580300011, 16.781472457], [96.14793606800004, 16.78147838400008], [96.14793661000004, 16.78149048500012], [96.14793778700005, 16.781490416000167], [96.14793989500009, 16.78149029200017], [96.14794783700017, 16.78148982400012], [96.14797231900008, 16.78156365300009]]]}}, {"type": "Feature", "properties": {"adm4_name": "Urban", "adm4_name1": null, "adm4_name2": null, "adm4_name3": null, "adm4_pcode": "MMR013036701", "adm3_name": "Latha", "adm3_name1": "လသာ", "adm3_name2": null, "adm3_name3": null, "adm3_pcode": "MMR013036", "adm2_name": "Yangon (West)", "adm2_name1": "ရန်ကုန်(အနောက်ပိုင်း)", "adm2_name2": null, "adm2_name3": null, "adm2_pcode": "MMR013D004", "adm1_name": "Yangon", "adm1_name1": "ရန်ကုန်တိုင်းဒေသကြီး", "adm1_name2": null, "adm1_name3": null, "adm1_pcode": "MMR013", "adm0_name": "Myanmar", "adm0_name1": "မြန်မာနိုင်ငံ", "adm0_name2": null, "adm0_name3": null, "adm0_pcode": "MMR", "valid_on": "2024-02-15T00:00:00", "valid_to": null, "area_sqkm": 0.61457223, "version": "v01", "lang": "en", "lang1": "my", "lang2": null, "lang3": null, "adm4_ref_name": "Urban", "center_lat": 16.77616556, "center_lon": 96.15051864}, "geometry": {"type": "Polygon", "coordinates": [[[96.1503276850001, 16.781496138000136], [96.14797231900008, 16.78156365300009], [96.14794783700017, 16.78148982400012], [96.14793989500009, 16.78149029200017], [96.14793778700005, 16.781490416000167], [96.14793661000004, 16.78149048500012], [96.14793606800004, 16.78147838400008], [96.14793580300011, 16.781472457], [96.14793482300018, 16.781450578999966], [96.14784847600004, 16.781190179000134], [96.14784050000009, 16.780534743999965], [96.14784050000009, 16.78020095800008], [96.14785035500012, 16.779723486000023], [96.14784050000009, 16.7793579100001], [96.1478375690001, 16.779277448000016], [96.14780235300003, 16.778310776000183], [96.14775549900008, 16.777215519000038], [96.14767646800004, 16.775249482], [96.14766965600018, 16.774660383000025], [96.14766120900009, 16.774403255000095], [96.14762042100011, 16.77223953800018], [96.14885662300009, 16.772196371000064], [96.1489082010001, 16.772195647000046], [96.14905018100012, 16.77219056300015], [96.15049457400016, 16.77221928900019], [96.15050680500019, 16.772219533000055], [96.1505080780002, 16.77221955800013], [96.15050813000005, 16.772219562000146], [96.15057417500009, 16.772225824000145], [96.150579919, 16.772226369000066], [96.15190951000017, 16.772065481000084], [96.15317279600004, 16.771819009000126], [96.15317288300014, 16.77181899200002], [96.15317298300016, 16.771818972], [96.15325742900006, 16.771802496000078], [96.1532882030001, 16.772069197000064], [96.15329455400018, 16.774589926000147], [96.15334109200012, 16.777081640000063], [96.15336751000018, 16.779447562000087], [96.15336046600015, 16.77952452800008], [96.15338211000017, 16.780971146000013], [96.15333162300016, 16.780970029], [96.15288851800017, 16.780960230000176], [96.15293438600003, 16.78136586400018], [96.15293979600011, 16.781413714000053], [96.152029143, 16.78144571500013], [96.15157381699998, 16.781461716000138], [96.1503276850001, 16.781496138000136]]]}}, {"type": "Feature", "properties": {"adm4_name": "Urban", "adm4_name1": null, "adm4_name2": null, "adm4_name3": null, "adm4_pcode": "MMR013037701", "adm3_name": "Ahlone", "adm3_name1": "အလုံ", "adm3_name2": null, "adm3_name3": null, "adm3_pcode": "MMR013037", "adm2_name": "Yangon (West)", "adm2_name1": "ရန်ကုန်(အနောက်ပိုင်း)", "adm2_name2": null, "adm2_name3": null, "adm2_pcode": "MMR013D004", "adm1_name": "Yangon", "adm1_name1": "ရန်ကုန်တိုင်းဒေသကြီး", "adm1_name2": null, "adm1_name3": null, "adm1_pcode": "MMR013", "adm0_name": "Myanmar", "adm0_name1": "မြန်မာနိုင်ငံ", "adm0_name2": null, "adm0_name3": null, "adm0_pcode": "MMR", "valid_on": "2024-02-15T00:00:00", "valid_to": null, "area_sqkm": 3.54443238, "version": "v01", "lang": "en", "lang1": "my", "lang2": null, "lang3": null, "adm4_ref_name": "Urban", "center_lat": 16.7855142, "center_lon": 96.12699724}, "geometry": {"type": "Polygon", "coordinates": [[[96.13141346900011, 16.79671369000016], [96.13128858300007, 16.79709083299997], [96.13127135700006, 16.797148650000054], [96.13127132200015, 16.79714876900016], [96.13127125700004, 16.797148988000117], [96.13127124700009, 16.79714902000012], [96.13120188900018, 16.797381814000175], [96.13118891699997, 16.797425353000165], [96.13104774600015, 16.79790679600012], [96.13084575900001, 16.79789486200019], [96.130288522, 16.797887180999965], [96.13004332800017, 16.797885582000106], [96.12996097400008, 16.797885045000157], [96.12996076500019, 16.79788504300018], [96.12986523500007, 16.79788442], [96.12983500700005, 16.797884223000096], [96.12968052400015, 16.79789449400016], [96.12955198200018, 16.79790304100004], [96.12944222600015, 16.797910338], [96.12917164500004, 16.797915897000053], [96.12889458900008, 16.79792158900017], [96.12887893499999, 16.797922134000146], [96.1288091580002, 16.797924563000038], [96.12874646500006, 16.797926746000144], [96.12874096800005, 16.797926937000057], [96.12867709500017, 16.79792916100007], [96.12857903700007, 16.797933071000045], [96.12852389900013, 16.797935270000153], [96.12844814800013, 16.79793829100015], [96.12843705900002, 16.797938732999967], [96.12842584499998, 16.797939377000034], [96.1284248450001, 16.797939434000114], [96.128140653, 16.797955766000086], [96.12760413600012, 16.797939213], [96.12745406400018, 16.797934584000075], [96.12738036700017, 16.79793231000008], [96.12737877100005, 16.79793226099997], [96.12738215900015, 16.797925687000145], [96.1275144230001, 16.79766894900007], [96.12877096700015, 16.795229885000026], [96.12881468700004, 16.79514502], [96.12881593700013, 16.795142592], [96.12869369300012, 16.795141610000087], [96.12855644200005, 16.79498481700017], [96.12857419900018, 16.794679988000098], [96.1282951350002, 16.794367981000107], [96.1277680710001, 16.794348512], [96.12774785400012, 16.794347763000076], [96.12746493000014, 16.79454316000016], [96.12693214400014, 16.794274013000177], [96.12680710500018, 16.794201669000017], [96.12663544500003, 16.794102351000163], [96.1265420630001, 16.79407749600017], [96.12646380300004, 16.79405666700012], [96.12628459900009, 16.794008970000164], [96.12589264000007, 16.79400825500005], [96.12560463000005, 16.794000626000184], [96.1250276560001, 16.79398918100003], [96.12481151100008, 16.79398742799998], [96.12462452500006, 16.79398591200004], [96.12440284000013, 16.79396274800007], [96.12425422700016, 16.79394722100011], [96.1239795690002, 16.79392051700006], [96.12365913400004, 16.79389], [96.12337684600016, 16.793870927000057], [96.12287881600014, 16.793841892000046], [96.12207126600009, 16.793848991000175], [96.1203461610001, 16.79406120400006], [96.12024245800012, 16.794060506000164], [96.12011537000012, 16.79176977500009], [96.12011171000017, 16.791703812000037], [96.12010712200015, 16.791689878000113], [96.11984222700016, 16.790885401000082], [96.11986420300019, 16.79079033400012], [96.11990396300013, 16.790618335000033], [96.11986579900014, 16.79029579200005], [96.11972694300005, 16.78984642], [96.11967754400013, 16.789384842], [96.11967113600014, 16.78890337900009], [96.11958133800016, 16.788585330000103], [96.11947991300019, 16.78822610600008], [96.1193035880001, 16.787601599000027], [96.11912637500006, 16.78479943800005], [96.1190410820002, 16.783450738], [96.11910528800018, 16.783330332], [96.12137039700013, 16.779082559000187], [96.12140071300013, 16.77902570599997], [96.12334906000012, 16.77659438699999], [96.12764106800017, 16.7747213290001], [96.12856090700018, 16.774319906000187], [96.12889810600007, 16.774172749000172], [96.1328761640001, 16.77314335300008], [96.13361253800008, 16.77315331500006], [96.13547045600012, 16.77317844900017], [96.13573673900004, 16.773601369000176], [96.13574704400008, 16.773601369000176], [96.13561159500017, 16.773718337000048], [96.1356128590001, 16.773728099000152], [96.13561424900007, 16.773728019000146], [96.13630446800005, 16.77707212700011], [96.13642508700019, 16.777656527000147], [96.13643130800006, 16.777686667000125], [96.13644194000005, 16.777706835], [96.13653709200008, 16.77788733500006], [96.13660995900017, 16.77809365300004], [96.13665709900016, 16.778299017000165], [96.13668841300012, 16.778547003000085], [96.13669027300006, 16.77856173300006], [96.13672460300006, 16.778829683000026], [96.13672767900016, 16.778896920000022], [96.13672768700013, 16.778897084], [96.1367465960002, 16.77931038899999], [96.13678098700012, 16.779935331000047], [96.13679298800014, 16.78003308000001], [96.13679432000009, 16.78004393500015], [96.13681120300015, 16.78018145500016], [96.13683472200006, 16.780629594000175], [96.13683484200004, 16.78063405200004], [96.13684393900019, 16.780972678000126], [96.13685062300004, 16.781221506000122], [96.13685374300013, 16.781260649000103], [96.136853862, 16.78126213500002], [96.13685969700009, 16.781335338000133], [96.13686913800007, 16.781453767000073], [96.13688310200013, 16.7818311260001], [96.13688423100012, 16.781861623000054], [96.13689198400016, 16.78204741700017], [96.13689952400006, 16.782228108000083], [96.13690047200015, 16.782236991000048], [96.1369008590001, 16.782240609000155], [96.1369156610001, 16.78237931000018], [96.13691905000007, 16.782411065000076], [96.136919181, 16.782413538000185], [96.13692499100011, 16.782523098000183], [96.1369278040001, 16.782576139000014], [96.13692806600011, 16.782581075999985], [96.13690119300014, 16.782632560000025], [96.13676601100013, 16.782891549], [96.13671268800005, 16.78304066700008], [96.13668660600007, 16.783113607000075], [96.13667586400004, 16.783144466000067], [96.1366747240001, 16.783147741000107], [96.13667093300006, 16.783158630000173], [96.13667092200018, 16.78315866300011], [96.13662851000004, 16.783280499000057], [96.1365635860002, 16.783444828000086], [96.13649017100005, 16.783586013000104], [96.13636113500019, 16.7837621650001], [96.13586161100011, 16.784349139000028], [96.13569538700017, 16.784539376000055], [96.13568620200004, 16.784549888000186], [96.13551852500012, 16.784741786999973], [96.13548631000003, 16.784777768000026], [96.13543526700016, 16.78483478100003], [96.13541978600006, 16.78485207200015], [96.1354186960001, 16.784853290000058], [96.13540860100011, 16.78486456500019], [96.1349430630001, 16.785378919000152], [96.13494113600007, 16.785381048000033], [96.13487065900017, 16.78546207900007], [96.13477516200015, 16.78556633000011], [96.13457298200012, 16.785787583], [96.13426907900015, 16.786124546999986], [96.1341152190002, 16.786465963000182], [96.13415587900016, 16.786610165000013], [96.13415604800008, 16.786641133000103], [96.13415686200017, 16.78679076700007], [96.13415687000014, 16.786792159000186], [96.13417154300004, 16.78699214100004], [96.13416830500012, 16.78702317], [96.13416759000017, 16.787030026000025], [96.13414963899999, 16.78720205600007], [96.13414488300015, 16.78722998700016], [96.13412546200004, 16.787344027000188], [96.13411903400004, 16.787378311000168], [96.13411351600013, 16.78741417900011], [96.13411254700014, 16.787419872000157], [96.13411124200013, 16.787427531000162], [96.13407897600013, 16.787571556000103], [96.1340785380001, 16.78757351200005], [96.13405736300018, 16.787668028999974], [96.13401544300012, 16.78782844600005], [96.13393562100009, 16.78809556800013], [96.13391005900007, 16.788182534000043], [96.13390754700004, 16.788191079000114], [96.13384395600019, 16.78840742500006], [96.13371509000001, 16.788807029999987], [96.133710668, 16.788820741000166], [96.13367295800009, 16.788937680000174], [96.13367274100017, 16.788938433000112], [96.13367271600009, 16.788938522000024], [96.13364782200017, 16.78902512100018], [96.1336463900002, 16.789030103000073], [96.13353117300016, 16.789430902000106], [96.13339336500013, 16.789892372999986], [96.13334433500017, 16.790052262000188], [96.13310786200003, 16.790860886000132], [96.13302052100005, 16.79115983300005], [96.1330193170001, 16.79116395300008], [96.13298176400008, 16.79129248700002], [96.13279064200009, 16.791913822000026], [96.13274627000015, 16.792064546000063], [96.13274393100005, 16.792072489000077], [96.13251443100006, 16.79285204400003], [96.13242552200006, 16.79315404700003], [96.13226532500005, 16.79374513600004], [96.13214813100012, 16.79412071100012], [96.13214704800015, 16.794124183], [96.13210117400007, 16.79427119600001], [96.13150611500015, 16.79637318400006], [96.13147843700017, 16.79647491200012], [96.1314779180002, 16.796476820000066], [96.13141798300012, 16.796697099000085], [96.1314145820001, 16.796709598000177], [96.13141346900011, 16.79671369000016]]]}}, {"type": "Feature", "properties": {"adm4_name": "Urban", "adm4_name1": null, "adm4_name2": null, "adm4_name3": null, "adm4_pcode": "MMR013038701", "adm3_name": "Kyeemyindaing", "adm3_name1": "ကြည့်မြင်တိုင်", "adm3_name2": null, "adm3_name3": null, "adm3_pcode": "MMR013038", "adm2_name": "Yangon (West)", "adm2_name1": "ရန်ကုန်(အနောက်ပိုင်း)", "adm2_name2": null, "adm2_name3": null, "adm2_pcode": "MMR013D004", "adm1_name": "Yangon", "adm1_name1": "ရန်ကုန်တိုင်းဒေသကြီး", "adm1_name2": null, "adm1_name3": null, "adm1_pcode": "MMR013", "adm0_name": "Myanmar", "adm0_name1": "မြန်မာနိုင်ငံ", "adm0_name2": null, "adm0_name3": null, "adm0_pcode": "MMR", "valid_on": "2024-02-15T00:00:00", "valid_to": null, "area_sqkm": 11.1629683, "version": "v01", "lang": "en", "lang1": "my", "lang2": null, "lang3": null, "adm4_ref_name": "Urban", "center_lat": 16.80646533, "center_lon": 96.0925976}, "geometry": {"type": "MultiPolygon", "coordinates": [[[[96.11514869500013, 16.81414869500003], [96.11421000700005, 16.81741000900007], [96.11390472700003, 16.817881788000136], [96.11372552100016, 16.818158732000086], [96.11364289800014, 16.81828641700008], [96.11364078500003, 16.81829166400007], [96.11355209400011, 16.81859016499999], [96.11347961400014, 16.818871498000135], [96.11333084100016, 16.81921196000002], [96.11313391500005, 16.819598238000026], [96.1129916540001, 16.82009410200004], [96.11290302400005, 16.82040302600018], [96.11173013400014, 16.822855167000114], [96.11038938500013, 16.82389011900011], [96.10840436300003, 16.824661194000043], [96.10772933500016, 16.82473728100007], [96.10774740100004, 16.824806516000024], [96.10775807400012, 16.824847423000108], [96.10778664700007, 16.824956939000117], [96.10789603600017, 16.82537619300018], [96.10780560100005, 16.825399677000178], [96.10575096700006, 16.825933201000055], [96.10517922000008, 16.826186911000093], [96.10453424600018, 16.826473112000087], [96.10415241100014, 16.826642549000155], [96.1034073900002, 16.826973146000057], [96.10175469000006, 16.82760780500007], [96.09871430800007, 16.828893043], [96.09778774700004, 16.829189081000152], [96.09585816600014, 16.829805586000077], [96.09271196200007, 16.83034747700009], [96.09261146100005, 16.83036478700012], [96.09124804300018, 16.830599618000065], [96.08930444300012, 16.83088404500006], [96.08787067100019, 16.83094323800009], [96.0879087740002, 16.830768080000155], [96.08775179500009, 16.83048304300013], [96.08685107800011, 16.82884754900016], [96.08676918200007, 16.828832259000137], [96.08557945100011, 16.82466820200011], [96.08450869400008, 16.820623119000174], [96.08480612600016, 16.817410847000133], [96.08510355900017, 16.81485292700006], [96.08528201900003, 16.811045788000115], [96.08593637000007, 16.808547354000154], [96.08603263200007, 16.80779650900007], [96.08623380300008, 16.806227380000053], [96.08587688300003, 16.804323812000064], [96.08563893700006, 16.80212280900014], [96.08557945100011, 16.800159754000163], [96.08557945100011, 16.798434644000054], [96.08623380300008, 16.797780293000187], [96.08873223700004, 16.79807772600003], [96.09015991400014, 16.798791565000045], [96.09139597400008, 16.799461096000073], [96.09158759000013, 16.799564889000067], [96.0924204010002, 16.801408971000058], [96.09337218600018, 16.802241782000124], [96.09355064600004, 16.803074594000122], [96.09319372600015, 16.804680730000143], [96.09343167200012, 16.8058109750001], [96.0936696190002, 16.805692001000068], [96.09563267400017, 16.805394569000157], [96.09706035100004, 16.805632514000024], [96.0975362420001, 16.805692001000068], [96.09943981100014, 16.806703272000163], [96.10080800200006, 16.807238650000045], [96.10205721900013, 16.808071462000044], [96.10330643500015, 16.809023246000095], [96.10425822000008, 16.81003451700019], [96.10503154500003, 16.811045788000115], [96.10634024800004, 16.811938086], [96.10705408700005, 16.811700140000028], [96.10770843900019, 16.81146219500016], [96.10856918500019, 16.81142477000003], [96.10888099600015, 16.81036313300018], [96.10888136000017, 16.810361387000057], [96.1089826340002, 16.80987327400004], [96.10942662400015, 16.807733391], [96.10962486200003, 16.806777954000097], [96.1099262240001, 16.80502912700007], [96.11021359700015, 16.80330085800017], [96.11046981900006, 16.800519307000172], [96.11110458400009, 16.800048065000055], [96.11070765000011, 16.79887179000019], [96.11068763700013, 16.798812486000088], [96.11065292300009, 16.798180898000055], [96.11038589500004, 16.7971038820001], [96.11006355300003, 16.796060563000026], [96.1097164150001, 16.79491233800013], [96.1093444830002, 16.793720244999975], [96.10903358400014, 16.79269218400009], [96.10859616600004, 16.79124260000009], [96.10836410600018, 16.790088654000158], [96.10810407000014, 16.788714728000173], [96.10773658700003, 16.78757158899998], [96.107524872, 16.78647232100019], [96.1074047090001, 16.78566169700008], [96.10717391900005, 16.784139633999985], [96.10704612800004, 16.783422470000176], [96.1069353900001, 16.782974730999968], [96.10681438500012, 16.782485485000166], [96.10720634400013, 16.782371521000186], [96.10760879600019, 16.782275200000072], [96.10794258100003, 16.782228471000053], [96.1082668300001, 16.782192867000106], [96.10871505700015, 16.782136917000116], [96.10908317600018, 16.78207206700006], [96.109413147, 16.782011033000174], [96.10996389400003, 16.78190565100016], [96.11025683100019, 16.781805887000075], [96.1107044220002, 16.781751633000056], [96.11108398500005, 16.78170394900019], [96.11150550900015, 16.781644821999976], [96.11216787800015, 16.78155396200009], [96.112661361, 16.781587600000023], [96.11293602000012, 16.781641008], [96.11320206699997, 16.781708431000027], [96.11395426400014, 16.781691708000153], [96.11422429500004, 16.781715461000033], [96.11385339600014, 16.782601286999977], [96.11377592300005, 16.78704435200018], [96.11375181699998, 16.788426805000086], [96.11403908900013, 16.792853709000042], [96.11430953400003, 16.793693723000104], [96.11557908700019, 16.797637028000167], [96.1159344030001, 16.798740666000185], [96.11643859800017, 16.80439249400007], [96.11581130000013, 16.80601037700012], [96.11579444600017, 16.806053846000054], [96.11563782200017, 16.808017194000172], [96.11514869500013, 16.81414869500003]]], [[[96.12857419900018, 16.794679988000098], [96.12855644200005, 16.79498481700017], [96.12869369300012, 16.795141610000087], [96.12881593700013, 16.795142592], [96.12881468700004, 16.79514502], [96.12877096700015, 16.795229885000026], [96.1275144230001, 16.79766894900007], [96.12738215900015, 16.797925687000145], [96.12737877100005, 16.79793226099997], [96.12738036700017, 16.79793231000008], [96.12745406400018, 16.797934584000075], [96.12760413600012, 16.797939213], [96.12749163300015, 16.79814338700004], [96.12718009900016, 16.798672676000024], [96.12700462300018, 16.799077989000125], [96.12659718700002, 16.800017488000094], [96.12631368600012, 16.800286770000184], [96.12624203100012, 16.80081055400018], [96.12627220100018, 16.80128288399999], [96.12626075700007, 16.801740648000077], [96.12624931300002, 16.802209854000125], [96.12624168400004, 16.802654267000037], [96.12624168400004, 16.803201675000082], [96.12629985800004, 16.803872108], [96.12632656100004, 16.80423593500018], [96.12641525300006, 16.804671288000065], [96.12644004800012, 16.805112839000117], [96.12645149300005, 16.80575370800011], [96.12645981500003, 16.80666750200004], [96.12647056600014, 16.80741119400011], [96.12648916300014, 16.80857181600004], [96.12642335900006, 16.809192182], [96.12641438800011, 16.809481406000145], [96.12636756900002, 16.810613632000013], [96.126304963, 16.8114281820001], [96.12613369800016, 16.811843139000075], [96.12624931300002, 16.812681200000043], [96.12633682700016, 16.81348004000006], [96.12627029500015, 16.81400203800007], [96.12614338200007, 16.814508733000025], [96.12626804000007, 16.815258201], [96.12615130400019, 16.815804555000113], [96.12625980400009, 16.816650867000135], [96.1262587240002, 16.817174115000114], [96.1262586380002, 16.81721581300019], [96.12625502200007, 16.81724349100017], [96.1261441260001, 16.81727698900005], [96.12596296100014, 16.81737377600018], [96.12589963300007, 16.817407607000064], [96.12538909900007, 16.817764282000155], [96.12491035400018, 16.81810951200015], [96.12390327500009, 16.818799974000058], [96.1233119960001, 16.819219589000056], [96.12283804600014, 16.819559457000082], [96.12277049900013, 16.81960346200009], [96.12274411200019, 16.81962065400012], [96.12269764200005, 16.8196509280001], [96.122661677, 16.819674803000055], [96.12265968800011, 16.81967612200009], [96.1226442840001, 16.81968634700013], [96.12264339500013, 16.81968693699997], [96.12262785300004, 16.819697255000108], [96.12201711800009, 16.819954344000166], [96.12120137900018, 16.820460457000024], [96.12064933800008, 16.820743562000132], [96.11986160300017, 16.821111679000126], [96.11911158300012, 16.82149494200013], [96.119110617, 16.821495436000134], [96.11908149700008, 16.82151031500007], [96.11907029000014, 16.821514360000094], [96.11905858300014, 16.82151985400003], [96.11810863500006, 16.822010841000065], [96.11801469, 16.822059396999975], [96.11795089800006, 16.821246], [96.11782817900013, 16.81968120000016], [96.11804879100009, 16.818234716000177], [96.12020239700013, 16.813008904000185], [96.1206255740002, 16.811982047000186], [96.12085810299999, 16.811417808000158], [96.1214775470001, 16.80744177100007], [96.12138039900003, 16.802532031000055], [96.1213763450001, 16.802327166999987], [96.12134961900017, 16.80218640200019], [96.12119197900012, 16.801914215000124], [96.12109184300016, 16.801668168000106], [96.12100315100008, 16.801391602000137], [96.12096087200007, 16.801039696000146], [96.12091255200016, 16.800722121999968], [96.12086105300006, 16.800380707000045], [96.12081718400009, 16.80011940000003], [96.1207828520001, 16.79984092700016], [96.12077140800005, 16.799470902], [96.12075996400017, 16.79920387300001], [96.12074535700009, 16.79900375400007], [96.120422309, 16.797302265999974], [96.120391316, 16.79674361900004], [96.12024245800012, 16.794060506000164], [96.1203461610001, 16.79406120400006], [96.12207126600009, 16.793848991000175], [96.12287881600014, 16.793841892000046], [96.12337684600016, 16.793870927000057], [96.12365913400004, 16.79389], [96.1239795690002, 16.79392051700006], [96.12425422700016, 16.79394722100011], [96.12440284000013, 16.79396274800007], [96.12462452500006, 16.79398591200004], [96.12481151100008, 16.79398742799998], [96.1250276560001, 16.79398918100003], [96.12560463000005, 16.794000626000184], [96.12589264000007, 16.79400825500005], [96.12628459900009, 16.794008970000164], [96.12646380300004, 16.79405666700012], [96.1265420630001, 16.79407749600017], [96.12663544500003, 16.794102351000163], [96.12680710500018, 16.794201669000017], [96.12693214400014, 16.794274013000177], [96.12746493000014, 16.79454316000016], [96.12774785400012, 16.794347763000076], [96.1277680710001, 16.794348512], [96.1282951350002, 16.794367981000107], [96.12857419900018, 16.794679988000098]]]]}}, {"type": "Feature", "properties": {"adm4_name": "Urban", "adm4_name1": null, "adm4_name2": null, "adm4_name3": null, "adm4_pcode": "MMR013039701", "adm3_name": "Sanchaung", "adm3_name1": "စမ်းချောင်း", "adm3_name2": null, "adm3_name3": null, "adm3_pcode": "MMR013039", "adm2_name": "Yangon (West)", "adm2_name1": "ရန်ကုန်(အနောက်ပိုင်း)", "adm2_name2": null, "adm2_name3": null, "adm2_pcode": "MMR013D004", "adm1_name": "Yangon", "adm1_name1": "ရန်ကုန်တိုင်းဒေသကြီး", "adm1_name2": null, "adm1_name3": null, "adm1_pcode": "MMR013", "adm0_name": "Myanmar", "adm0_name1": "မြန်မာနိုင်ငံ", "adm0_name2": null, "adm0_name3": null, "adm0_pcode": "MMR", "valid_on": "2024-02-15T00:00:00", "valid_to": null, "area_sqkm": 2.32724243, "version": "v01", "lang": "en", "lang1": "my", "lang2": null, "lang3": null, "adm4_ref_name": "Urban", "center_lat": 16.80699137, "center_lon": 96.13353216}, "geometry": {"type": "Polygon", "coordinates": [[[96.14263916000016, 16.804663658000152], [96.14262052400005, 16.804687052000133], [96.14228439400011, 16.805109024000046], [96.14215907800002, 16.805287402000033], [96.14215118400011, 16.805300962000103], [96.14212563700005, 16.805344848], [96.14198808800012, 16.80556237100018], [96.141854949, 16.805733080000152], [96.1416603900002, 16.805940732000124], [96.14146170100014, 16.80610406800014], [96.1414466820001, 16.806118294000044], [96.14141608900013, 16.806147270000167], [96.14135303400013, 16.806206995000025], [96.14122996700019, 16.806323561000056], [96.14122741900013, 16.806325974], [96.14122067200003, 16.806333174000088], [96.14121444700015, 16.806339818000083], [96.14121440400004, 16.806339863000176], [96.14121435800001, 16.80633991400009], [96.14116119900018, 16.806396645000063], [96.14113278200006, 16.806426972], [96.14109912499998, 16.80646289100008], [96.1409809760001, 16.806586845000027], [96.1408513350001, 16.80672285500009], [96.14072191300005, 16.80686054800003], [96.14066231800018, 16.80692395200009], [96.14065804400019, 16.80692856200011], [96.14065519100006, 16.806931640000016], [96.14054444700014, 16.807051095000077], [96.1402374330001, 16.807382257000086], [96.14023616000009, 16.807383695000055], [96.14023197900019, 16.80738841300007], [96.14015238600012, 16.807478251000077], [96.14005792699999, 16.80758486899998], [96.13997747000019, 16.80767568300007], [96.13967718900011, 16.808013133000088], [96.13956755600003, 16.80813633700012], [96.13954838400002, 16.80815788300015], [96.13952793300001, 16.80818086500011], [96.13945484800013, 16.808262613000124], [96.13935241900009, 16.808377182000072], [96.13934125200012, 16.808389673000136], [96.13933762, 16.808393735000152], [96.13926959200006, 16.808468924000067], [96.13911146300006, 16.808643699000015], [96.13891518800006, 16.808860636000134], [96.13875979600016, 16.809034473000054], [96.13866521300008, 16.809140283999966], [96.13864490900016, 16.80916195100008], [96.13822071200013, 16.809614634000184], [96.13813394900018, 16.80970722400002], [96.13811507900004, 16.80972736100017], [96.13810712800017, 16.80973584600008], [96.13792458400013, 16.80993191800013], [96.13773337300006, 16.810137301000168], [96.13761239700017, 16.810267243000055], [96.13753719400006, 16.810348020000106], [96.13752280900002, 16.81036347000014], [96.13752117100006, 16.810365230000116], [96.13612493200009, 16.81189897800016], [96.13572889300013, 16.812333353000156], [96.13570572800006, 16.8123600400001], [96.1356845900001, 16.81238439100008], [96.13551377800019, 16.8125811700001], [96.13540276900011, 16.812709053000106], [96.13540062300012, 16.812711525000168], [96.13511791299999, 16.81307343400016], [96.13495964000015, 16.81325632700009], [96.13475051100016, 16.81332235700006], [96.13474754200018, 16.813323295000146], [96.13466846000006, 16.813279737000073], [96.13460101200013, 16.81324258800015], [96.13459816200009, 16.813241017999985], [96.13440328700005, 16.813284536000026], [96.13439218200011, 16.813284670000087], [96.134375223, 16.813284874999965], [96.1337803780001, 16.813292056000137], [96.13377924399998, 16.81329207000016], [96.13369320400017, 16.813293109000142], [96.13369125600019, 16.81329313200007], [96.13360452100005, 16.813311916000032], [96.13347749899998, 16.813339424000162], [96.13325533600016, 16.813417992000097], [96.13321760700018, 16.813431334000143], [96.13320465900017, 16.813435913000035], [96.13318070900016, 16.813444383000046], [96.13298626500006, 16.813513110000144], [96.13264678600012, 16.813640632000045], [96.13244403100009, 16.813716795], [96.13244358800017, 16.813716962000115], [96.13244354200015, 16.81371697900005], [96.13244342500008, 16.813717023000038], [96.13227673900013, 16.813779637000096], [96.13167716900006, 16.813993005000157], [96.13113917500016, 16.814248181000096], [96.13070355400009, 16.81442086600009], [96.1303840770002, 16.81459944000011], [96.13026916600018, 16.81465628900014], [96.12995650400006, 16.814810970000053], [96.12971122600004, 16.81493401400013], [96.12951822100013, 16.815030835000016], [96.1290828000001, 16.81525557000009], [96.12891940300017, 16.81534683700005], [96.12852177600001, 16.815613063000058], [96.12822442500004, 16.815812151000046], [96.1276833760001, 16.816174604000082], [96.12748992000007, 16.81630863000015], [96.12728654800014, 16.816449526999975], [96.12704075800008, 16.81663745999998], [96.12689780100004, 16.816746767000097], [96.1268563320001, 16.81678291200012], [96.12675231200018, 16.81687357700008], [96.12661885000017, 16.816989855000145], [96.12655067399999, 16.81704902600012], [96.12654636600018, 16.81705222200003], [96.12639649500011, 16.817156271000044], [96.12628306800008, 16.81723501900018], [96.12625502200007, 16.81724349100017], [96.1262586380002, 16.81721581300019], [96.1262587240002, 16.817174115000114], [96.12625980400009, 16.816650867000135], [96.12615130400019, 16.815804555000113], [96.12626804000007, 16.815258201], [96.12614338200007, 16.814508733000025], [96.12627029500015, 16.81400203800007], [96.12633682700016, 16.81348004000006], [96.12624931300002, 16.812681200000043], [96.12613369800016, 16.811843139000075], [96.126304963, 16.8114281820001], [96.12636756900002, 16.810613632000013], [96.12641438800011, 16.809481406000145], [96.12642335900006, 16.809192182], [96.12648916300014, 16.80857181600004], [96.12647056600014, 16.80741119400011], [96.12645981500003, 16.80666750200004], [96.12645149300005, 16.80575370800011], [96.12644004800012, 16.805112839000117], [96.12641525300006, 16.804671288000065], [96.12632656100004, 16.80423593500018], [96.12629985800004, 16.803872108], [96.12624168400004, 16.803201675000082], [96.12624168400004, 16.802654267000037], [96.12624931300002, 16.802209854000125], [96.12626075700007, 16.801740648000077], [96.12627220100018, 16.80128288399999], [96.12624203100012, 16.80081055400018], [96.12631368600012, 16.800286770000184], [96.12659718700002, 16.800017488000094], [96.12700462300018, 16.799077989000125], [96.12718009900016, 16.798672676000024], [96.12749163300015, 16.79814338700004], [96.12760413600012, 16.797939213], [96.128140653, 16.797955766000086], [96.1284248450001, 16.797939434000114], [96.12842584499998, 16.797939377000034], [96.12843705900002, 16.797938732999967], [96.12844814800013, 16.79793829100015], [96.12852389900013, 16.797935270000153], [96.12857903700007, 16.797933071000045], [96.12867709500017, 16.79792916100007], [96.12874096800005, 16.797926937000057], [96.12874646500006, 16.797926746000144], [96.1288091580002, 16.797924563000038], [96.12887893499999, 16.797922134000146], [96.12889458900008, 16.79792158900017], [96.12917164500004, 16.797915897000053], [96.12944222600015, 16.797910338], [96.12955198200018, 16.79790304100004], [96.12968052400015, 16.79789449400016], [96.12983500700005, 16.797884223000096], [96.12986523500007, 16.79788442], [96.12996076500019, 16.79788504300018], [96.12996097400008, 16.797885045000157], [96.13004332800017, 16.797885582000106], [96.130288522, 16.797887180999965], [96.13084575900001, 16.79789486200019], [96.13104774600015, 16.79790679600012], [96.13118891699997, 16.797425353000165], [96.13120188900018, 16.797381814000175], [96.13127124700009, 16.79714902000012], [96.13127125700004, 16.797148988000117], [96.13127132200015, 16.79714876900016], [96.13127135700006, 16.797148650000054], [96.13128858300007, 16.79709083299997], [96.13141346900011, 16.79671369000016], [96.13143448600016, 16.796729943000173], [96.131990067, 16.797159586000078], [96.13214691200011, 16.79728087799998], [96.13237869400012, 16.797460120000096], [96.132378721, 16.79746014200009], [96.13238575600019, 16.79746558200003], [96.13243845099998, 16.797506332000182], [96.13246733900007, 16.797528672000055], [96.13255827500012, 16.797592636000047], [96.13258037500003, 16.797608181000157], [96.13266892500008, 16.797670466000056], [96.13274855200018, 16.797733769000104], [96.13286706600019, 16.797827988000165], [96.13286729400005, 16.797828170000173], [96.13295486200019, 16.797897786000078], [96.13298974000003, 16.797925514000042], [96.13307924300011, 16.79798629400011], [96.13327228000014, 16.7981173820001], [96.13378287100005, 16.798464114000012], [96.13403142800007, 16.79864708500014], [96.13404293500008, 16.798655534000034], [96.13407517900009, 16.79867920900017], [96.1340753610001, 16.798679343000174], [96.13425090600015, 16.798808237000173], [96.13436325700008, 16.798890730000153], [96.13475509800008, 16.799158274999968], [96.13513347300005, 16.79941662500005], [96.13569086600006, 16.799840589000155], [96.13581395100005, 16.79992095700004], [96.13623964300012, 16.800198915000124], [96.13649206100018, 16.800370631000135], [96.13671794400017, 16.80052429500006], [96.1368363630001, 16.800604853000152], [96.13694687000009, 16.800680030000024], [96.1369532830002, 16.800683928000183], [96.13758654500015, 16.80106884100013], [96.13763995600004, 16.80110038800018], [96.1377170230001, 16.801145906000045], [96.1377230870001, 16.801149487999965], [96.13773436800005, 16.80115558500006], [96.13778927200013, 16.80118525800009], [96.13780737300016, 16.801195041000142], [96.137931546, 16.801262151000174], [96.137931584, 16.801262172000065], [96.13803196200018, 16.801316422000127], [96.13803291600004, 16.801317210000036], [96.138396419, 16.80161685300004], [96.13884544400014, 16.80188369700005], [96.1395778660002, 16.802400589000058], [96.14059257600013, 16.803115845000036], [96.14091491700003, 16.803358078000144], [96.14120292700005, 16.803577423000036], [96.1415615090001, 16.803874970000095], [96.14193153400004, 16.804147721000163], [96.14224161400011, 16.80435207900001], [96.14255550100006, 16.80459809000007], [96.14263916000016, 16.804663658000152]]]}}, {"type": "Feature", "properties": {"adm4_name": "Urban", "adm4_name1": null, "adm4_name2": null, "adm4_name3": null, "adm4_pcode": "MMR013040701", "adm3_name": "Hlaing", "adm3_name1": "လှိုင်", "adm3_name2": null, "adm3_name3": null, "adm3_pcode": "MMR013040", "adm2_name": "Yangon (West)", "adm2_name1": "ရန်ကုန်(အနောက်ပိုင်း)", "adm2_name2": null, "adm2_name3": null, "adm2_pcode": "MMR013D004", "adm1_name": "Yangon", "adm1_name1": "ရန်ကုန်တိုင်းဒေသကြီး", "adm1_name2": null, "adm1_name3": null, "adm1_pcode": "MMR013", "adm0_name": "Myanmar", "adm0_name1": "မြန်မာနိုင်ငံ", "adm0_name2": null, "adm0_name3": null, "adm0_pcode": "MMR", "valid_on": "2024-02-15T00:00:00", "valid_to": null, "area_sqkm": 9.95688874, "version": "v01", "lang": "en", "lang1": "my", "lang2": null, "lang3": null, "adm4_ref_name": "Urban", "center_lat": 16.84693303, "center_lon": 96.12088316}, "geometry": {"type": "Polygon", "coordinates": [[[96.12375293300005, 16.86277063100016], [96.12369194000007, 16.86278648400014], [96.12326526700002, 16.86284256000016], [96.12293103700011, 16.86276219000007], [96.12277348900005, 16.862724304000096], [96.12273089000013, 16.862398148000125], [96.12251218199998, 16.86195214500009], [96.12243843100003, 16.861520767000115], [96.12241943900005, 16.861417970000048], [96.12238375300012, 16.861224810000067], [96.12240387000008, 16.86084413599997], [96.12251516600008, 16.860596017000148], [96.12283865600017, 16.860280672999977], [96.12268892900016, 16.86017808500003], [96.12260418400012, 16.860120021], [96.12236309000008, 16.85995483400012], [96.12230944700019, 16.859909556000105], [96.12223284000015, 16.859844897000187], [96.1220998770001, 16.859732672000064], [96.12205123900014, 16.859691620000035], [96.12162742600015, 16.859653091000098], [96.12144129, 16.859599626000033], [96.12127018000007, 16.859550476000038], [96.12113666600004, 16.859495337000055], [96.12103513199997, 16.859453406], [96.12094688500008, 16.85941696200001], [96.12079000500006, 16.85936403300019], [96.12063312600014, 16.85931110400014], [96.12035942000006, 16.85926246600002], [96.12001943600018, 16.85920088800009], [96.1199975240001, 16.859197112000118], [96.11998346800004, 16.85919468900005], [96.1198900660001, 16.859191729000145], [96.1197147370001, 16.859186172000136], [96.1194295000002, 16.859173407000014], [96.11926683400009, 16.859166126000048], [96.11918186300005, 16.85916232300019], [96.11903286000006, 16.859155655000166], [96.11890550200019, 16.859141175000047], [96.1186637880001, 16.859113693000097], [96.11854147900016, 16.859099045000107], [96.11845536200008, 16.859088732000032], [96.11834526100012, 16.859075546000042], [96.11804305300012, 16.859061578000137], [96.11747868900017, 16.85903549200009], [96.1171903610001, 16.85912323000008], [96.11688613900014, 16.859245300000055], [96.11649738300014, 16.85936113400004], [96.11641883900006, 16.859384537000096], [96.11636543300006, 16.859399873000143], [96.11636339200015, 16.85940045899997], [96.11636180100015, 16.85940091600014], [96.11611439600017, 16.859471962000157], [96.11611295100016, 16.859472375999985], [96.11604362800017, 16.859492284000055], [96.11604245500018, 16.859492620000083], [96.11566925100004, 16.859457016000135], [96.11539500000015, 16.859420695000097], [96.11535610300007, 16.859415544000115], [96.11509407500006, 16.85933470100008], [96.11509011700008, 16.859333480000032], [96.1149959560002, 16.859304428000144], [96.11478110500008, 16.859235638000143], [96.11456108099998, 16.859165192000148], [96.11417102800016, 16.859060288000023], [96.1138820650001, 16.85914993200015], [96.1136131290001, 16.859181404000083], [96.11334800700018, 16.859254837000037], [96.11308097900007, 16.859327952000115], [96.1127796180001, 16.859272385000054], [96.112576676, 16.858968734000086], [96.11227417000003, 16.8589007060001], [96.11199902600003, 16.858943088000103], [96.11199697200004, 16.858943405], [96.11191673300004, 16.858955764000086], [96.11172885600007, 16.85876449100016], [96.11172849500008, 16.858764123000128], [96.11160723400013, 16.85864067099999], [96.11110401200006, 16.858549118000155], [96.11093963300004, 16.858534376000023], [96.11093924500017, 16.85853434100011], [96.1107212070001, 16.85851478600017], [96.1105604170001, 16.85830974600009], [96.11037063600008, 16.85809803000012], [96.11023108600011, 16.857988891000105], [96.10998408000012, 16.857795715000066], [96.10968081200008, 16.857776642000033], [96.10938724100004, 16.85770208000008], [96.10937650099999, 16.857699352], [96.10930156700005, 16.857680321000146], [96.10894661000003, 16.857541276000063], [96.10883381800016, 16.85746991800005], [96.10883129300004, 16.85746832100017], [96.10842323300017, 16.857210160000022], [96.10830515900017, 16.85707392000012], [96.10817527800003, 16.85692405700007], [96.10798243700015, 16.856689454000104], [96.10787582400008, 16.856559754000045], [96.10783663800004, 16.856510746000083], [96.10781288200002, 16.856481037000037], [96.10762468900003, 16.856245677000118], [96.10728263800007, 16.855991362999987], [96.10716613000017, 16.855903244000103], [96.10692100500006, 16.85571785000002], [96.10673332200008, 16.855497360000072], [96.1064655310002, 16.855191040000136], [96.10621488400017, 16.85508500800006], [96.10608800200015, 16.855031332000067], [96.1055742900001, 16.855088551999984], [96.10528984100011, 16.855276108000055], [96.1050395960001, 16.8556308740001], [96.10480308500013, 16.855947495000123], [96.10454654600017, 16.85625267000006], [96.1041431430001, 16.85658391300018], [96.10402594800007, 16.856597816000033], [96.10368220000004, 16.85663859100009], [96.10319423700008, 16.856504440000094], [96.10271167800005, 16.856310845000166], [96.102705002, 16.856307434000144], [96.10240173400013, 16.856152534000103], [96.10208014000017, 16.85604801700009], [96.10193125400014, 16.855999629000166], [96.10188322700014, 16.85597054100009], [96.10182921100011, 16.855937827000048], [96.10141372700019, 16.85568618800005], [96.10118866100004, 16.85557120600015], [96.10111579900007, 16.85553398200011], [96.10100973200008, 16.855533224000055], [96.10100941700011, 16.85553322200002], [96.10048035900007, 16.855529436999973], [96.10047695500015, 16.85552941300017], [96.10047569200015, 16.855529404000094], [96.1003713930001, 16.855494595000096], [96.10018553900017, 16.855432568000026], [96.10016250600012, 16.855424881000033], [96.10016292799997, 16.855423931000132], [96.10031059200014, 16.855090980000057], [96.10031067300008, 16.855090798], [96.10030095800005, 16.855084644000044], [96.1001236210002, 16.854982875000076], [96.09994272400007, 16.85487906300017], [96.09990575600006, 16.854857794999987], [96.09988057800007, 16.85484330800017], [96.0998776350001, 16.854841615999987], [96.0998585280002, 16.854830623000055], [96.09959188500011, 16.85467721499998], [96.09942655400016, 16.85460073300004], [96.09912281900017, 16.854460224000093], [96.09912198100011, 16.854459836000046], [96.09926366400003, 16.854112308000083], [96.099573, 16.853368744000022], [96.09982070600012, 16.85291862100013], [96.10016047500005, 16.852308060000155], [96.10028075500009, 16.85208779800007], [96.10061057400009, 16.851483824000184], [96.10073150300008, 16.851246710999987], [96.10101103300008, 16.850698618000024], [96.10118191700019, 16.85033404899997], [96.10119806, 16.85029960900016], [96.10138861800016, 16.849893069000075], [96.1017203780001, 16.849290587000155], [96.10210979500005, 16.84863104900012], [96.10247606000007, 16.847780144000183], [96.10276529100014, 16.84698419600005], [96.10281568700003, 16.846845508000115], [96.10281795000014, 16.846838839000156], [96.10281797500005, 16.84683876700018], [96.10286478100016, 16.84670084200002], [96.10299454900007, 16.846372635000137], [96.10315106300004, 16.84609789100017], [96.10333420100011, 16.84579222700006], [96.1036467400001, 16.845368783000026], [96.1039104370002, 16.84497641900009], [96.10391061500019, 16.84497615000015], [96.10391644600008, 16.844966758000055], [96.10432255500018, 16.84431266100006], [96.10456049100014, 16.84392668999999], [96.1047154110002, 16.843675385000097], [96.10517308500005, 16.84306862500017], [96.10552732600013, 16.842273625000075], [96.10565724400004, 16.841982056000063], [96.10592458300005, 16.84148585400004], [96.10621418700003, 16.841050984000105], [96.10646248200004, 16.840688419], [96.1067637760001, 16.84020041500014], [96.10708417100005, 16.83968529500015], [96.10746961000007, 16.83914354300009], [96.10764112700014, 16.838868873000138], [96.1080338270001, 16.838269883000123], [96.1083006180001, 16.83791147200003], [96.10880568400012, 16.837267145000112], [96.10882393100013, 16.83724386600005], [96.10883680100011, 16.837227557], [96.10913988900018, 16.836843471000066], [96.10959414700005, 16.83645007000007], [96.10999850900015, 16.836042380000094], [96.11017598800015, 16.83574323600004], [96.11017628700012, 16.83574273200003], [96.11017656500013, 16.835742262000167], [96.11042613700016, 16.83532160400017], [96.11071019300005, 16.834864719999985], [96.110765647, 16.8347755260001], [96.11096359700008, 16.834394477000103], [96.111333618, 16.833837498000094], [96.11176447900004, 16.833070638000095], [96.11219562100001, 16.832349873000055], [96.11238775700014, 16.832033015000093], [96.1126795290001, 16.831551845000092], [96.11269891100011, 16.83155932699998], [96.11336827300005, 16.831849638000108], [96.11387103900012, 16.832067694000045], [96.11388011500014, 16.832071631000076], [96.11403898900016, 16.832160793000185], [96.11410209000013, 16.832187015000045], [96.11444681200004, 16.83172794300009], [96.11488907800003, 16.831138973], [96.11494279700014, 16.83099779300005], [96.11514870600001, 16.83099249600008], [96.11518254700007, 16.830991626000184], [96.1153236340001, 16.830987996000033], [96.11561044100011, 16.83098061900006], [96.1156398550001, 16.830986168000095], [96.11572625100013, 16.831002465000097], [96.11592826800006, 16.831040573000053], [96.11609872200012, 16.831335067999987], [96.11610380600018, 16.83135428600019], [96.11619695100018, 16.831706366000162], [96.11650276200015, 16.83172798200019], [96.11679712900008, 16.831762314000173], [96.11686005600006, 16.83187232000006], [96.11695395100008, 16.832036465000044], [96.11694100600016, 16.832089921000033], [96.11694154400004, 16.83208999800013], [96.11699638200014, 16.832097767000107], [96.11699673900006, 16.832098216000077], [96.11719169600013, 16.83234367400013], [96.11752052300005, 16.832261276000054], [96.11784108500012, 16.832253138000112], [96.11802078900007, 16.83231293299997], [96.1182003020001, 16.83237266500015], [96.11833075700014, 16.832418083000164], [96.11845779400011, 16.832462311000086], [96.1185708370001, 16.83255166800012], [96.11873817500009, 16.832683944000053], [96.11887664800008, 16.832664867000176], [96.11905937200015, 16.832639694000136], [96.11935157800013, 16.83251152100007], [96.11962604600012, 16.832492828000056], [96.11992263800016, 16.832519532000106], [96.12002526600008, 16.832513409000057], [96.12025833100012, 16.832499505000158], [96.12056694100005, 16.83243141200012], [96.12115478500004, 16.832540512000094], [96.1213292010001, 16.83255935700015], [96.12143135000008, 16.832570394000072], [96.12149959100014, 16.83254641000002], [96.12174701700019, 16.8324594500001], [96.12200800500011, 16.83240254700013], [96.12203393400006, 16.83240491100014], [96.12231826800013, 16.832430840000086], [96.12250688699999, 16.832481302000133], [96.12251834600016, 16.832484368000053], [96.12259162100008, 16.832503972000097], [96.1228818890001, 16.832633019000184], [96.12296647000011, 16.832681437000133], [96.1232833860002, 16.832862854000098], [96.12424278300011, 16.833330155000112], [96.12443826700013, 16.833417930000053], [96.12530899000012, 16.833808899000132], [96.1272207900002, 16.834751764999965], [96.12779235900018, 16.835070611000106], [96.12803268400006, 16.83518028200018], [96.1283387630001, 16.83529753400012], [96.1285953520001, 16.835442543000113], [96.12870678600007, 16.835504009000033], [96.12891578700004, 16.83561929100017], [96.12940025400007, 16.835695266000187], [96.12970619200013, 16.835731125], [96.12995338399998, 16.835821152000108], [96.13023376400008, 16.835924148000117], [96.13058090300012, 16.835997582000118], [96.13108825700004, 16.836042404000125], [96.13135337900013, 16.83607673600011], [96.13173103399998, 16.836153030000048], [96.13225746200004, 16.836240767999982], [96.132772446, 16.83629703600002], [96.13314867000008, 16.836299897000174], [96.13353029800004, 16.836267472000088], [96.13396263099997, 16.836238543000093], [96.13406704900012, 16.836425548000022], [96.13410378800006, 16.836420058999977], [96.13410530700008, 16.836419832000047], [96.13410538900007, 16.836420058999977], [96.1341799610002, 16.83662776600005], [96.13421999800005, 16.836739285000135], [96.13426035000003, 16.836851674000116], [96.1342860790001, 16.836923337000087], [96.1343246350001, 16.83709827200005], [96.13436262300007, 16.837262778000024], [96.13437945400011, 16.837358002000087], [96.134393392, 16.837436858000046], [96.13439369000002, 16.83743854400018], [96.13439369600002, 16.83743858300005], [96.13441436400018, 16.83756059200016], [96.134441735, 16.83772218400003], [96.13446605900009, 16.837865780000186], [96.13447828700004, 16.83792840000018], [96.13448200800008, 16.837947450000172], [96.1345155960002, 16.838119446000178], [96.1345460870001, 16.83828953400007], [96.13460742200016, 16.838631675000045], [96.13466465400006, 16.838948495000125], [96.13467501100013, 16.838999468000168], [96.1347414110001, 16.83932624300013], [96.1347485180001, 16.839361219000182], [96.13479072900014, 16.83954481100011], [96.13484001200004, 16.839778901000102], [96.13495063800013, 16.840269089000174], [96.1350803380002, 16.84084892300018], [96.13515090900006, 16.84115791300013], [96.13524055500005, 16.841590882], [96.1353359220002, 16.841996453000093], [96.13581504800004, 16.841917801000136], [96.13595566400016, 16.841579290000084], [96.13596451000018, 16.84157601000004], [96.13606771100007, 16.841585834000114], [96.13624755500007, 16.841449152000166], [96.13626773100009, 16.84140252800006], [96.13643370800008, 16.84122488200012], [96.13668415900008, 16.841033111000115], [96.1366885880002, 16.841032028000143], [96.13669064300012, 16.841031525000176], [96.13674526800008, 16.84101815700012], [96.1367977050001, 16.841005326000072], [96.13681435500007, 16.841001250999966], [96.13709068300017, 16.841054371000098], [96.13711308000018, 16.841063151000128], [96.13724165000013, 16.841139731000055], [96.13728352600003, 16.841129967000143], [96.13745212600014, 16.841196060000186], [96.13750278200007, 16.841211914999974], [96.13792298000004, 16.84134344600011], [96.13816272900004, 16.841559039000117], [96.13817999100007, 16.841574563000165], [96.13824667300008, 16.841709878000074], [96.13837719000014, 16.841974735000065], [96.13847570100017, 16.842245478000166], [96.13854824400005, 16.84244485400012], [96.13854357100013, 16.842453568000167], [96.13840710100004, 16.84270806700016], [96.13817265800009, 16.84279821000007], [96.13804973700013, 16.842815507000182], [96.13803303500015, 16.84285189400009], [96.13795433000013, 16.842882156000087], [96.13794579800015, 16.84288955600016], [96.13770580300007, 16.843097687000068], [96.13745468000019, 16.843059311000104], [96.13742196100003, 16.843054312000106], [96.13737297000017, 16.8430468250001], [96.13707288100011, 16.843227175000095], [96.13687324600005, 16.843553543000098], [96.13688342300009, 16.84360465399999], [96.13694219300015, 16.843899813000178], [96.13694477100017, 16.84391276000008], [96.13710153000011, 16.843948569000133], [96.13723043900018, 16.84397801500006], [96.1375276780002, 16.843918906000056], [96.13766942600017, 16.84398219200017], [96.13782691900013, 16.844052506000082], [96.13811234900015, 16.84396754200003], [96.13839107000001, 16.84388457400007], [96.13863145600004, 16.84411000100016], [96.13866429300015, 16.84424400300003], [96.1386648460001, 16.844246255000087], [96.13866522800015, 16.844247815000188], [96.13871234100003, 16.844301621], [96.1387727450001, 16.844370603000073], [96.13879394500003, 16.844411214000104], [96.13873135600011, 16.844662452000136], [96.13870975000009, 16.84474917800003], [96.13886800500012, 16.844907434000163], [96.13902626100008, 16.845065689000023], [96.13911563200014, 16.845228434000035], [96.13913665100017, 16.845247953000182], [96.13913736700005, 16.845268013000066], [96.13916926900004, 16.84532610600013], [96.13914096900015, 16.84536898700003], [96.13901233700017, 16.845563889], [96.1389929950002, 16.84561158500003], [96.13889360400003, 16.845856667000078], [96.13892928500007, 16.845887662000052], [96.13912963900015, 16.84606170700016], [96.13916932600011, 16.846158671000012], [96.13927363300013, 16.846413520000056], [96.13927477000016, 16.8464163000001], [96.13902664200003, 16.84688186699998], [96.13882467500014, 16.84711562300015], [96.13856697, 16.84728813200013], [96.1385570280001, 16.84731241300011], [96.13844795200009, 16.847578812], [96.13876806000013, 16.84761401600008], [96.1388265810001, 16.84761022500004], [96.13913672700016, 16.847590136000065], [96.13920414700004, 16.847585769000148], [96.13920555100003, 16.84758567800003], [96.13929990600008, 16.84776802100015], [96.13932991000007, 16.84782600400007], [96.13939613200006, 16.84795637700006], [96.13939842800005, 16.84796089600019], [96.13945198100015, 16.84806633000005], [96.13959185300018, 16.848318100000085], [96.13977857000009, 16.848679588000152], [96.13978494900016, 16.848691940000094], [96.13978551000014, 16.848693501000128], [96.13981478700015, 16.848774968000043], [96.13988227800013, 16.84896278400015], [96.13989109000016, 16.849202182000056], [96.13989321400015, 16.849259906000043], [96.1399001750001, 16.84929056800007], [96.13996475700014, 16.849575065000067], [96.13999121600011, 16.849691625000105], [96.13999939000007, 16.849727631000064], [96.1400182650001, 16.849821661000078], [96.14010320400013, 16.85024479400016], [96.14026903200016, 16.85073276600002], [96.14029056900006, 16.85079614200015], [96.14029686700007, 16.85081467700013], [96.14030846300011, 16.85084879900012], [96.14031522100015, 16.850868685000023], [96.14033126900006, 16.85091590899998], [96.14034152100004, 16.850955964000036], [96.14041328400003, 16.851236344000142], [96.1404485990002, 16.851372228000173], [96.1405010220002, 16.851573945000098], [96.14059829700011, 16.851987362000102], [96.14063072200008, 16.852125168000157], [96.14068260099998, 16.852366257000085], [96.14076042100004, 16.852727890000097], [96.14079502600015, 16.852917807999972], [96.14082703600013, 16.853093487000024], [96.14082963100009, 16.853107724999973], [96.14084326600005, 16.853252278000127], [96.14085462800011, 16.853372740000168], [96.14056444500017, 16.853471779000074], [96.14056078600015, 16.85347302800011], [96.14055804200007, 16.853474194], [96.14053747400015, 16.853482935000102], [96.14009475700004, 16.853671074000147], [96.13983535800014, 16.853733826], [96.13952827500009, 16.85375404299998], [96.13921690000012, 16.853754326000114], [96.13903161400009, 16.85376277800009], [96.13902595100006, 16.85376303700002], [96.13895130200018, 16.85376644100012], [96.13892188900019, 16.853769959999966], [96.13888280500015, 16.853774633000114], [96.1387956260001, 16.853785059000074], [96.13877515600018, 16.853787507000106], [96.13866507400013, 16.853800672000034], [96.13864780500006, 16.853802737000137], [96.13857825500014, 16.853811055000108], [96.13857650800009, 16.853811264], [96.13806279500011, 16.853865941000038], [96.13762664800004, 16.853769302000103], [96.13744600000018, 16.853731658000186], [96.13735444900016, 16.85371258100014], [96.13730812100005, 16.85370292700003], [96.13724895500013, 16.853700098000047], [96.13713674600018, 16.853694733000054], [96.13698101100016, 16.853687287000128], [96.13679748700008, 16.853707518000135], [96.13670814600005, 16.85371736600007], [96.13666862900004, 16.85372172300015], [96.13660502800002, 16.85372873400013], [96.13653691600007, 16.853736242000025], [96.13629781300011, 16.853841646000035], [96.13626289400014, 16.853857040000094], [96.13624542400015, 16.853889330000072], [96.13612461100018, 16.85411262499997], [96.13605893500005, 16.854334704000166], [96.1360321040001, 16.85442543000005], [96.13600848800007, 16.854494083000134], [96.13583107000011, 16.855009842000072], [96.135787731, 16.85507788800004], [96.13565540400015, 16.855285645000038], [96.13543748900014, 16.855433941000058], [96.13511214800013, 16.855749190000154], [96.13510958400013, 16.8557516730001], [96.13511399400011, 16.855861367000102], [96.13512229900005, 16.85606803900015], [96.13519493000007, 16.85631009700012], [96.13522434200019, 16.856408119000037], [96.1352990470001, 16.856903076000037], [96.1352626540002, 16.857130369000117], [96.13523165400011, 16.857323964000045], [96.13514208400017, 16.85748185000017], [96.13504409800004, 16.857654571000126], [96.13491058300008, 16.857929230000025], [96.13476298200004, 16.858282089], [96.13472747800012, 16.858366966], [96.13471895900005, 16.85838225900011], [96.13455518100017, 16.858676275000107], [96.13434666100017, 16.859054041000093], [96.13430738700009, 16.859125192000022], [96.13427162100015, 16.85918998699998], [96.13425092700004, 16.859226005000153], [96.13409773600006, 16.859492620000083], [96.13370831800017, 16.859560012000145], [96.13344711700017, 16.859598953000102], [96.13334369600005, 16.85961437200001], [96.13328381900016, 16.859637553000084], [96.1330127720002, 16.859742482000115], [96.1327533720002, 16.859689713000137], [96.13273124500006, 16.859684843000082], [96.13271393700006, 16.85968103300013], [96.13243446400014, 16.859619522000116], [96.13242714700016, 16.859625789000177], [96.13220024200012, 16.85982011300007], [96.13217544600019, 16.859841347000042], [96.1320846640001, 16.85989816100016], [96.13188743600017, 16.860021591000077], [96.13156032500018, 16.860215187000108], [96.1313266750002, 16.86044947300013], [96.13125801100006, 16.860796928000184], [96.13115310700005, 16.861131668000155], [96.1310173440001, 16.861273334000145], [96.13096885700008, 16.86132392900015], [96.13093185800011, 16.86133935200013], [96.13069073200006, 16.861439858000097], [96.13031578100004, 16.861520767000115], [96.13003667200013, 16.861542712000073], [96.12999461100014, 16.861546020000162], [96.12992763500012, 16.861551285000132], [96.12985251100008, 16.861546741000097], [96.12981923299998, 16.86154472800007], [96.12963752700006, 16.861533737000116], [96.12921867300003, 16.861608505000106], [96.12908224800003, 16.861439899000175], [96.12907963200018, 16.861436665999975], [96.12907515200015, 16.86143112800005], [96.12889766700016, 16.861211777000108], [96.1288196970001, 16.86116452900012], [96.12863578800005, 16.86105308500015], [96.12856626600018, 16.86108813300018], [96.12835884100014, 16.861192704000075], [96.12803154000017, 16.86135597200007], [96.12770080600012, 16.861449242000162], [96.127642621, 16.861608252000167], [96.12757301300013, 16.86179847699998], [96.12752906700007, 16.86184864100005], [96.12745571200008, 16.86193237300006], [96.12733841000016, 16.862066269000138], [96.12694844300017, 16.862211921000096], [96.1266147770001, 16.86242868400018], [96.12657065700017, 16.862457347000145], [96.12640635200017, 16.862564087000123], [96.12627085000014, 16.862593172000118], [96.12602424600016, 16.862646103000145], [96.12565409600006, 16.862724171000025], [96.1253002910002, 16.862798792000092], [96.12518501300008, 16.862823105000018], [96.12505197800016, 16.862826068], [96.12477378900019, 16.862832261000108], [96.12472393100012, 16.86281703900005], [96.12453569299998, 16.862759572000186], [96.12451076500008, 16.862751961000185], [96.1240730290001, 16.862687429000175], [96.12375293300005, 16.86277063100016]]]}}, {"type": "Feature", "properties": {"adm4_name": "Urban", "adm4_name1": null, "adm4_name2": null, "adm4_name3": null, "adm4_pcode": "MMR013041701", "adm3_name": "Kamaryut", "adm3_name1": "ကမာရွတ်", "adm3_name2": null, "adm3_name3": null, "adm3_pcode": "MMR013041", "adm2_name": "Yangon (West)", "adm2_name1": "ရန်ကုန်(အနောက်ပိုင်း)", "adm2_name2": null, "adm2_name3": null, "adm2_pcode": "MMR013D004", "adm1_name": "Yangon", "adm1_name1": "ရန်ကုန်တိုင်းဒေသကြီး", "adm1_name2": null, "adm1_name3": null, "adm1_pcode": "MMR013", "adm0_name": "Myanmar", "adm0_name1": "မြန်မာနိုင်ငံ", "adm0_name2": null, "adm0_name3": null, "adm0_pcode": "MMR", "valid_on": "2024-02-15T00:00:00", "valid_to": null, "area_sqkm": 6.45535435, "version": "v01", "lang": "en", "lang1": "my", "lang2": null, "lang3": null, "adm4_ref_name": "Urban", "center_lat": 16.82329337, "center_lon": 96.13152672}, "geometry": {"type": "Polygon", "coordinates": [[[96.13595566400016, 16.841579290000084], [96.13581504800004, 16.841917801000136], [96.1353359220002, 16.841996453000093], [96.13524055500005, 16.841590882], [96.13515090900006, 16.84115791300013], [96.1350803380002, 16.84084892300018], [96.13495063800013, 16.840269089000174], [96.13484001200004, 16.839778901000102], [96.13479072900014, 16.83954481100011], [96.1347485180001, 16.839361219000182], [96.1347414110001, 16.83932624300013], [96.13467501100013, 16.838999468000168], [96.13466465400006, 16.838948495000125], [96.13460742200016, 16.838631675000045], [96.1345460870001, 16.83828953400007], [96.1345155960002, 16.838119446000178], [96.13448200800008, 16.837947450000172], [96.13447828700004, 16.83792840000018], [96.13446605900009, 16.837865780000186], [96.134441735, 16.83772218400003], [96.13441436400018, 16.83756059200016], [96.13439369600002, 16.83743858300005], [96.13439369000002, 16.83743854400018], [96.134393392, 16.837436858000046], [96.13437945400011, 16.837358002000087], [96.13436262300007, 16.837262778000024], [96.1343246350001, 16.83709827200005], [96.1342860790001, 16.836923337000087], [96.13426035000003, 16.836851674000116], [96.13421999800005, 16.836739285000135], [96.1341799610002, 16.83662776600005], [96.13410538900007, 16.836420058999977], [96.13410530700008, 16.836419832000047], [96.13410378800006, 16.836420058999977], [96.13406704900012, 16.836425548000022], [96.13396263099997, 16.836238543000093], [96.13353029800004, 16.836267472000088], [96.13314867000008, 16.836299897000174], [96.132772446, 16.83629703600002], [96.13225746200004, 16.836240767999982], [96.13173103399998, 16.836153030000048], [96.13135337900013, 16.83607673600011], [96.13108825700004, 16.836042404000125], [96.13058090300012, 16.835997582000118], [96.13023376400008, 16.835924148000117], [96.12995338399998, 16.835821152000108], [96.12970619200013, 16.835731125], [96.12940025400007, 16.835695266000187], [96.12891578700004, 16.83561929100017], [96.12870678600007, 16.835504009000033], [96.1285953520001, 16.835442543000113], [96.1283387630001, 16.83529753400012], [96.12803268400006, 16.83518028200018], [96.12779235900018, 16.835070611000106], [96.1272207900002, 16.834751764999965], [96.12530899000012, 16.833808899000132], [96.12443826700013, 16.833417930000053], [96.12424278300011, 16.833330155000112], [96.1232833860002, 16.832862854000098], [96.12296647000011, 16.832681437000133], [96.1228818890001, 16.832633019000184], [96.12259162100008, 16.832503972000097], [96.12251834600016, 16.832484368000053], [96.12250688699999, 16.832481302000133], [96.12231826800013, 16.832430840000086], [96.12203393400006, 16.83240491100014], [96.12200800500011, 16.83240254700013], [96.12174701700019, 16.8324594500001], [96.12149959100014, 16.83254641000002], [96.12143135000008, 16.832570394000072], [96.1213292010001, 16.83255935700015], [96.12115478500004, 16.832540512000094], [96.12056694100005, 16.83243141200012], [96.12025833100012, 16.832499505000158], [96.12002526600008, 16.832513409000057], [96.11992263800016, 16.832519532000106], [96.11962604600012, 16.832492828000056], [96.11935157800013, 16.83251152100007], [96.11905937200015, 16.832639694000136], [96.11887664800008, 16.832664867000176], [96.11873817500009, 16.832683944000053], [96.1185708370001, 16.83255166800012], [96.11845779400011, 16.832462311000086], [96.11833075700014, 16.832418083000164], [96.1182003020001, 16.83237266500015], [96.11802078900007, 16.83231293299997], [96.11784108500012, 16.832253138000112], [96.11752052300005, 16.832261276000054], [96.11719169600013, 16.83234367400013], [96.11699673900006, 16.832098216000077], [96.11699638200014, 16.832097767000107], [96.11694154400004, 16.83208999800013], [96.11694100600016, 16.832089921000033], [96.11695395100008, 16.832036465000044], [96.11686005600006, 16.83187232000006], [96.11679712900008, 16.831762314000173], [96.11650276200015, 16.83172798200019], [96.11619695100018, 16.831706366000162], [96.11610380600018, 16.83135428600019], [96.11609872200012, 16.831335067999987], [96.11592826800006, 16.831040573000053], [96.11572625100013, 16.831002465000097], [96.1156398550001, 16.830986168000095], [96.11561044100011, 16.83098061900006], [96.1153236340001, 16.830987996000033], [96.11518254700007, 16.830991626000184], [96.11514870600001, 16.83099249600008], [96.11494279700014, 16.83099779300005], [96.11511291300019, 16.83055070800009], [96.11795366000013, 16.82308489000002], [96.11807094200003, 16.822776660000102], [96.11801469, 16.822059396999975], [96.11810863500006, 16.822010841000065], [96.11905858300014, 16.82151985400003], [96.11907029000014, 16.821514360000094], [96.11908149700008, 16.82151031500007], [96.119110617, 16.821495436000134], [96.11911158300012, 16.82149494200013], [96.11986160300017, 16.821111679000126], [96.12064933800008, 16.820743562000132], [96.12120137900018, 16.820460457000024], [96.12201711800009, 16.819954344000166], [96.12262785300004, 16.819697255000108], [96.12264339500013, 16.81968693699997], [96.1226442840001, 16.81968634700013], [96.12265968800011, 16.81967612200009], [96.122661677, 16.819674803000055], [96.12269764200005, 16.8196509280001], [96.12274411200019, 16.81962065400012], [96.12277049900013, 16.81960346200009], [96.12283804600014, 16.819559457000082], [96.1233119960001, 16.819219589000056], [96.12390327500009, 16.818799974000058], [96.12491035400018, 16.81810951200015], [96.12538909900007, 16.817764282000155], [96.12589963300007, 16.817407607000064], [96.12596296100014, 16.81737377600018], [96.1261441260001, 16.81727698900005], [96.12625502200007, 16.81724349100017], [96.12628306800008, 16.81723501900018], [96.12639649500011, 16.817156271000044], [96.12654636600018, 16.81705222200003], [96.12655067399999, 16.81704902600012], [96.12661885000017, 16.816989855000145], [96.12675231200018, 16.81687357700008], [96.1268563320001, 16.81678291200012], [96.12689780100004, 16.816746767000097], [96.12704075800008, 16.81663745999998], [96.12728654800014, 16.816449526999975], [96.12748992000007, 16.81630863000015], [96.1276833760001, 16.816174604000082], [96.12822442500004, 16.815812151000046], [96.12852177600001, 16.815613063000058], [96.12891940300017, 16.81534683700005], [96.1290828000001, 16.81525557000009], [96.12951822100013, 16.815030835000016], [96.12971122600004, 16.81493401400013], [96.12995650400006, 16.814810970000053], [96.13026916600018, 16.81465628900014], [96.1303840770002, 16.81459944000011], [96.13070355400009, 16.81442086600009], [96.13113917500016, 16.814248181000096], [96.13167716900006, 16.813993005000157], [96.13227673900013, 16.813779637000096], [96.13244342500008, 16.813717023000038], [96.13244354200015, 16.81371697900005], [96.13244358800017, 16.813716962000115], [96.13244403100009, 16.813716795], [96.13264678600012, 16.813640632000045], [96.13298626500006, 16.813513110000144], [96.13318070900016, 16.813444383000046], [96.13320465900017, 16.813435913000035], [96.13321760700018, 16.813431334000143], [96.13325533600016, 16.813417992000097], [96.13347749899998, 16.813339424000162], [96.13360452100005, 16.813311916000032], [96.13369125600019, 16.81329313200007], [96.13369320400017, 16.813293109000142], [96.13377924399998, 16.81329207000016], [96.1337803780001, 16.813292056000137], [96.134375223, 16.813284874999965], [96.13439218200011, 16.813284670000087], [96.13440328700005, 16.813284536000026], [96.13459816200009, 16.813241017999985], [96.13460101200013, 16.81324258800015], [96.13466846000006, 16.813279737000073], [96.13474754200018, 16.813323295000146], [96.13475051100016, 16.81332235700006], [96.13495964000015, 16.81325632700009], [96.13511791299999, 16.81307343400016], [96.13540062300012, 16.812711525000168], [96.13540276900011, 16.812709053000106], [96.13551377800019, 16.8125811700001], [96.1356845900001, 16.81238439100008], [96.13570572800006, 16.8123600400001], [96.13572889300013, 16.812333353000156], [96.13612493200009, 16.81189897800016], [96.13752117100006, 16.810365230000116], [96.13752280900002, 16.81036347000014], [96.13753719400006, 16.810348020000106], [96.13761239700017, 16.810267243000055], [96.13773337300006, 16.810137301000168], [96.13792458400013, 16.80993191800013], [96.13810712800017, 16.80973584600008], [96.13811507900004, 16.80972736100017], [96.13813394900018, 16.80970722400002], [96.13822071200013, 16.809614634000184], [96.13864490900016, 16.80916195100008], [96.13866521300008, 16.809140283999966], [96.13875979600016, 16.809034473000054], [96.13891518800006, 16.808860636000134], [96.13911146300006, 16.808643699000015], [96.13926959200006, 16.808468924000067], [96.13933762, 16.808393735000152], [96.13934125200012, 16.808389673000136], [96.13935241900009, 16.808377182000072], [96.13945484800013, 16.808262613000124], [96.13952793300001, 16.80818086500011], [96.13954838400002, 16.80815788300015], [96.13956755600003, 16.80813633700012], [96.13967718900011, 16.808013133000088], [96.13997747000019, 16.80767568300007], [96.14005792699999, 16.80758486899998], [96.14015238600012, 16.807478251000077], [96.14023197900019, 16.80738841300007], [96.14023616000009, 16.807383695000055], [96.1402374330001, 16.807382257000086], [96.14054444700014, 16.807051095000077], [96.14065519100006, 16.806931640000016], [96.14065804400019, 16.80692856200011], [96.14066231800018, 16.80692395200009], [96.14072191300005, 16.80686054800003], [96.1408513350001, 16.80672285500009], [96.1409809760001, 16.806586845000027], [96.14109912499998, 16.80646289100008], [96.14113278200006, 16.806426972], [96.14116119900018, 16.806396645000063], [96.14121435800001, 16.80633991400009], [96.14121440400004, 16.806339863000176], [96.14121444700015, 16.806339818000083], [96.14122067200003, 16.806333174000088], [96.14122741900013, 16.806325974], [96.14122996700019, 16.806323561000056], [96.14135303400013, 16.806206995000025], [96.14141608900013, 16.806147270000167], [96.1414466820001, 16.806118294000044], [96.14146170100014, 16.80610406800014], [96.1416603900002, 16.805940732000124], [96.141854949, 16.805733080000152], [96.14198808800012, 16.80556237100018], [96.14212563700005, 16.805344848], [96.14215118400011, 16.805300962000103], [96.14215907800002, 16.805287402000033], [96.14228439400011, 16.805109024000046], [96.14262052400005, 16.804687052000133], [96.14263916000016, 16.804663658000152], [96.14276530700005, 16.804767346], [96.14291877700009, 16.804893493000066], [96.14330584200007, 16.805075327], [96.1434993740001, 16.805166244000134], [96.14403343200007, 16.8054180150001], [96.14415687100006, 16.805478635000156], [96.1447830210002, 16.805786133000026], [96.14546570400006, 16.806098791000124], [96.14545431000005, 16.80612014000002], [96.14528304500016, 16.806441014000143], [96.14526176500016, 16.806480885000155], [96.14507974900005, 16.806679589000055], [96.14478365600013, 16.80705451900019], [96.14452934300016, 16.807428360000074], [96.14426104200004, 16.80787467900018], [96.14425237400008, 16.807887186000073], [96.14419021300017, 16.807990352000047], [96.14418902000011, 16.80799233100015], [96.1440851540001, 16.808133851000093], [96.14401814200005, 16.80822515800014], [96.14400232600013, 16.808246707000023], [96.1439803090002, 16.80827670600013], [96.14398015600011, 16.808276914000146], [96.14383709100008, 16.808480834000136], [96.14351665600009, 16.808926490999966], [96.14351590500013, 16.80892753600017], [96.14331953900006, 16.809307916000023], [96.14321231900004, 16.809625626000184], [96.14320320600012, 16.80966232000003], [96.14314144000014, 16.80991103399998], [96.14314079299999, 16.809913636000033], [96.14304161000007, 16.810283661000028], [96.14293861400006, 16.810617447000084], [96.14288139300004, 16.810863495000035], [96.14280594700017, 16.81128289999998], [96.14281862400009, 16.811771220000082], [96.14292780600005, 16.812079112000163], [96.14336543600001, 16.81231414000007], [96.143377181, 16.812324161000106], [96.14356211100005, 16.81248195800009], [96.143606949, 16.812520217000156], [96.14369011000008, 16.812865938000073], [96.14371790200005, 16.813153131000092], [96.14378572000015, 16.813412502000176], [96.143812943, 16.813516617000175], [96.14389263400011, 16.813619902000084], [96.14399592000012, 16.813753764000126], [96.14450917900007, 16.81386484400008], [96.14472412300012, 16.813953886000036], [96.14489832800001, 16.814026052000145], [96.14493526900014, 16.814078452], [96.14514427200015, 16.814374923000116], [96.14514113100012, 16.814779345000034], [96.14514078400003, 16.81482396800004], [96.14510154700008, 16.815162659000123], [96.14508247400016, 16.815511703000027], [96.14511680600015, 16.81595567500017], [96.14516258200007, 16.816400528000145], [96.14520073000017, 16.81673240600003], [96.14525032, 16.817043940000076], [96.14530881300016, 16.81733894300004], [96.14539839100013, 16.81772183200019], [96.14542884800005, 16.817852020000146], [96.14543571400009, 16.81819839500008], [96.14535141000005, 16.818677902000104], [96.14520878200011, 16.819261127000118], [96.14526710500007, 16.81953506400015], [96.1452892310001, 16.819555547000107], [96.1455650330002, 16.819810867000115], [96.14593533100015, 16.820075171000155], [96.14594917300019, 16.82039604200014], [96.14594878900016, 16.82039774300017], [96.14585909500005, 16.820795640000142], [96.14585469600013, 16.820844226000077], [96.1458545860001, 16.820844689000012], [96.1457507140002, 16.82128288400014], [96.14574974500005, 16.821286974000145], [96.14570291200016, 16.82148869800011], [96.14568384600017, 16.821570819999977], [96.14566559800011, 16.821649417000174], [96.14566491400006, 16.8216506870001], [96.14556108400018, 16.821843283000078], [96.1455260520001, 16.821908267000083], [96.1454871970002, 16.821980340000096], [96.14541145000004, 16.82207677600013], [96.14532737800016, 16.822200393000116], [96.14521293600012, 16.822546005000106], [96.14518928500001, 16.822881699], [96.14517784100013, 16.82315826500013], [96.14518038400007, 16.823428472000046], [96.14514923100012, 16.82375049600006], [96.14508209300004, 16.824154282000052], [96.14540195500007, 16.82420826000009], [96.14568962800013, 16.824279168999965], [96.14583144600016, 16.824314125000058], [96.14587783800005, 16.82432556100008], [96.14594548700006, 16.82434353300016], [96.1461324710001, 16.824393210000096], [96.14635706000013, 16.82445287700017], [96.14642328700018, 16.824543402000074], [96.14653756900003, 16.824699614000053], [96.14647892500017, 16.825052261], [96.14641632500013, 16.825021181000125], [96.1463932170002, 16.825009709000028], [96.14626444900017, 16.82494577799997], [96.14623689700005, 16.824932099000023], [96.14620062200015, 16.824972124000055], [96.14600341700009, 16.825189719000036], [96.14602449000012, 16.82523935300003], [96.1460434990002, 16.82527068400003], [96.1462141680002, 16.825551987000154], [96.14609565800015, 16.82592735300011], [96.14574718500018, 16.82616138500009], [96.14540443400017, 16.82642936700006], [96.14525448199998, 16.826822974000038], [96.14488792400005, 16.826868057000127], [96.14478329200011, 16.826804341000013], [96.14462035000014, 16.826705115000152], [96.14448669300015, 16.826599678000036], [96.14440708400008, 16.826536876000034], [96.14433097800014, 16.826476839000122], [96.14426675900006, 16.82645323100013], [96.14418388800004, 16.826422766000178], [96.14405562600012, 16.82637561399997], [96.143920305, 16.826393538000048], [96.14366548700008, 16.826427287000115], [96.14365881700007, 16.82646973600015], [96.14364996400013, 16.826526079000075], [96.14363087700008, 16.826647550000132], [96.14362653100005, 16.82667520299998], [96.14372844400003, 16.826757915000087], [96.14383125300009, 16.82684135400018], [96.14412880000015, 16.827041150000184], [96.14412995900011, 16.827042316000075], [96.14440282100014, 16.827316920000044], [96.14446505100017, 16.827450018000093], [96.14454629700015, 16.82762379100012], [96.14438858100004, 16.82801666200004], [96.14438920100008, 16.828100705000168], [96.14439092300006, 16.828333991000136], [96.14434734700018, 16.82838332], [96.14419533200015, 16.828555405000145], [96.14419441300015, 16.828556443000025], [96.14407123200016, 16.828821182000183], [96.14407648400004, 16.828854210000088], [96.14407404200006, 16.828869131000147], [96.14407209200004, 16.828881037000087], [96.14405496000006, 16.828985670000122], [96.14405499600008, 16.828986722000025], [96.14405523900018, 16.82899392500019], [96.14405848700011, 16.82909025200007], [96.14406117800002, 16.82917002099998], [96.14406300000019, 16.829224055000054], [96.14406120500013, 16.829233153000075], [96.14405819100006, 16.829248428000028], [96.14403930399999, 16.829344138000124], [96.14403836800011, 16.829348878000133], [96.14402342200009, 16.829424626000048], [96.14375908099998, 16.829660225000055], [96.1437580110001, 16.82966117900014], [96.14349174500006, 16.829710007000074], [96.14320911100015, 16.82973879000008], [96.14318198700005, 16.829811942000106], [96.1431589230001, 16.82981579400007], [96.14312616500001, 16.829821264000145], [96.14306458700008, 16.829831547000026], [96.14302117000017, 16.829838798000026], [96.14305033800008, 16.830035353000028], [96.14305123400015, 16.830041390000076], [96.14305229500013, 16.830048546000114], [96.14305305500005, 16.83005147800003], [96.14305338800017, 16.830052760000115], [96.14305522700005, 16.830059859000073], [96.14305961900004, 16.83007680800017], [96.14306955700016, 16.83011515900006], [96.14303125600009, 16.830218451000064], [96.14289207500019, 16.830446243000097], [96.14260503999998, 16.83071751100016], [96.14230918900012, 16.830759395000086], [96.14227605900004, 16.830703907999975], [96.14213856800012, 16.83047364000015], [96.14182395900013, 16.83046836900013], [96.14178453100004, 16.830496602000096], [96.14161582400004, 16.830529101000025], [96.14158902300005, 16.830636598000126], [96.14142319400008, 16.830755341999975], [96.14142140500019, 16.830756621000035], [96.14110861600017, 16.830795217000173], [96.1409865780002, 16.830810275000033], [96.1409852920001, 16.83081026600007], [96.14098416200017, 16.830810257], [96.1406612400001, 16.83080787600005], [96.14066816900004, 16.830990727000028], [96.14067459100005, 16.831160227], [96.14074794200019, 16.831271992000097], [96.14100074700002, 16.831657198000187], [96.14110502600005, 16.831744974000173], [96.14135856600006, 16.831958389000135], [96.14147491900019, 16.832157000000166], [96.14147758500008, 16.832182059], [96.14147864600005, 16.832192027000133], [96.14148203500008, 16.83222387300009], [96.14149414299999, 16.832296625000083], [96.14149435200011, 16.83229787900018], [96.14151191700006, 16.832403412000133], [96.14151892500013, 16.832445516000064], [96.14152701100005, 16.832462428000042], [96.14155893500003, 16.83252920000001], [96.14157092000005, 16.832554270000173], [96.14158821100017, 16.832590436000146], [96.14159020700015, 16.832594610000115], [96.14159090800013, 16.83259607500014], [96.14160577400008, 16.832627172000173], [96.14161515800015, 16.832646797999985], [96.14163175200014, 16.832698845000152], [96.14164751200019, 16.832877246000066], [96.14145828000017, 16.832957592000128], [96.14141337100006, 16.832976659], [96.14123630500018, 16.832727433000173], [96.14098625200018, 16.832624435000184], [96.14082603400004, 16.83235969500015], [96.14074408700014, 16.832125881000138], [96.14071499200008, 16.832042868000144], [96.14048659000002, 16.832065298000032], [96.1403865810002, 16.832075119000024], [96.1400524140002, 16.832132339000168], [96.13992171200005, 16.832242418000135], [96.13991896100003, 16.832244735000017], [96.13990751000011, 16.83225437900012], [96.13984934500019, 16.832303365000087], [96.13986080700005, 16.832345224000107], [96.13992009900016, 16.832561766000083], [96.13992098100005, 16.832567794000056], [96.13992863700014, 16.83262015500003], [96.13995319800011, 16.83278813900006], [96.13996384300003, 16.83286094700003], [96.13993700700013, 16.83289607200004], [96.13975885200006, 16.833129247000045], [96.13975562400014, 16.833130317000098], [96.13955052500012, 16.833198331000062], [96.13953590400007, 16.833203179000122], [96.1393742480002, 16.833230221000065], [96.13931274400011, 16.833240509000177], [96.13932785100019, 16.833266759000026], [96.13950538600005, 16.833575248999978], [96.13954505700019, 16.833725520000087], [96.13959659300019, 16.833920739000177], [96.13947639500003, 16.83427162200013], [96.13921165500017, 16.834294320000083], [96.13862696600017, 16.834396883000124], [96.13834918600014, 16.83425331100011], [96.13833465600015, 16.834167399000137], [96.13828563700008, 16.833877564000034], [96.13800430300012, 16.834037781000063], [96.137971215, 16.834058354999968], [96.13771077100012, 16.834220289000086], [96.13768492800006, 16.83423635700018], [96.1376738800002, 16.83424129600013], [96.1373722080001, 16.83437614400009], [96.13728141800004, 16.83470344500006], [96.13724578400013, 16.834820162000028], [96.13719404800008, 16.83498961100014], [96.13717283700004, 16.83505908400008], [96.13717183200004, 16.835062374000188], [96.13716480900007, 16.83506673500011], [96.13683967600008, 16.835268593000137], [96.13648319300017, 16.83521413800014], [96.13623619000009, 16.834940720000077], [96.13620884900001, 16.834922309000092], [96.13617144500012, 16.83489712200003], [96.13613605800015, 16.834873292], [96.1359710690001, 16.834762192000028], [96.1356323780002, 16.834842410000135], [96.13531997000013, 16.834757197999977], [96.13510981500008, 16.83481889800015], [96.1351019110001, 16.834821219000048], [96.13509956700011, 16.834821907000105], [96.13493017700011, 16.83487163800004], [96.134785335, 16.83515273200004], [96.13479734100014, 16.835435959000108], [96.13480186400005, 16.83554267900007], [96.13480197200005, 16.835543711000128], [96.13498838800007, 16.83732991500017], [96.13501167300012, 16.837553025000147], [96.13502342900017, 16.837643010000022], [96.1350307740002, 16.837720386000058], [96.13503980500013, 16.837768342000118], [96.13511085500016, 16.838312149000046], [96.1352005010001, 16.838998795], [96.13530159000004, 16.839553834000014], [96.13541984500011, 16.840082168000038], [96.1356105810001, 16.840822219000074], [96.13568030900018, 16.841083750000166], [96.13572467500012, 16.84125015900014], [96.13572916400005, 16.841256555000143], [96.13573232400012, 16.841261057000168], [96.13595256300016, 16.84157487200008], [96.13595566400016, 16.841579290000084]]]}}, {"type": "Feature", "properties": {"adm4_name": "Urban", "adm4_name1": null, "adm4_name2": null, "adm4_name3": null, "adm4_pcode": "MMR013042701", "adm3_name": "Mingaladon", "adm3_name1": "မင်္ဂလာဒုံ", "adm3_name2": null, "adm3_name3": null, "adm3_pcode": "MMR013002", "adm2_name": "Yangon (North)", "adm2_name1": "ရန်ကုန်(မြောက်ပိုင်း)", "adm2_name2": null, "adm2_name3": null, "adm2_pcode": "MMR013D001", "adm1_name": "Yangon", "adm1_name1": "ရန်ကုန်တိုင်းဒေသကြီး", "adm1_name2": null, "adm1_name3": null, "adm1_pcode": "MMR013", "adm0_name": "Myanmar", "adm0_name1": "မြန်မာနိုင်ငံ", "adm0_name2": null, "adm0_name3": null, "adm0_pcode": "MMR", "valid_on": "2024-02-15T00:00:00", "valid_to": null, "area_sqkm": 36.3629666, "version": "v01", "lang": "en", "lang1": "my", "lang2": null, "lang3": null, "adm4_ref_name": "Urban", "center_lat": 16.93492511, "center_lon": 96.13985731}, "geometry": {"type": "Polygon", "coordinates": [[[96.15038299600013, 16.893709183000112], [96.15038231000011, 16.89371183900016], [96.1503815430001, 16.8937148120001], [96.15023231500004, 16.894292832000133], [96.15002250700007, 16.895011902000135], [96.14981770600008, 16.895687852000094], [96.14977073700004, 16.895842869999967], [96.14967889200017, 16.896136871000067], [96.14953041000012, 16.896612167000114], [96.14932251000016, 16.897298813000077], [96.14921786000019, 16.897743097999978], [96.14909172000006, 16.89807319700003], [96.14875030500014, 16.899112701000092], [96.14855194100011, 16.899780273999966], [96.148361206, 16.90038108800013], [96.14811134300004, 16.90125846899997], [96.14775276200015, 16.902452469000025], [96.14749209200005, 16.903293292000058], [96.14743995700007, 16.903461456000116], [96.1472707060002, 16.90412834300014], [96.14710697100008, 16.904589322000163], [96.14706993100003, 16.9046936040001], [96.14686012300007, 16.905340195], [96.1467018130001, 16.905838013000164], [96.14651107800006, 16.906499862000146], [96.14644887900016, 16.906708121000065], [96.14638005800003, 16.906938552000042], [96.14634103100013, 16.907051810000155], [96.14627933500014, 16.907230854000034], [96.14613738400004, 16.907552719000137], [96.14608575700015, 16.907658292000065], [96.14598268500015, 16.90785263000015], [96.14598238100012, 16.907853203000116], [96.14595107800011, 16.90791407500018], [96.14591026300019, 16.907991408999976], [96.14589804200017, 16.908017210000082], [96.14589265400008, 16.908027687000185], [96.14518497700004, 16.90944844200004], [96.14378989800014, 16.912331545000086], [96.14366817900014, 16.91258309400007], [96.14364383400016, 16.912633404000132], [96.1435856130002, 16.912753106000082], [96.14322325200015, 16.91349810700018], [96.14287175800001, 16.914220765000096], [96.14275880700018, 16.914452987000118], [96.142746924, 16.914479529], [96.14269978300013, 16.914584821], [96.14248085100013, 16.915021549000073], [96.14248242900004, 16.91502435100017], [96.14264342900009, 16.91531010900019], [96.14280128400009, 16.915590286000167], [96.14331245500017, 16.916372300000035], [96.14356979200005, 16.916726887000152], [96.14364051800004, 16.91682434100005], [96.14386177000006, 16.917152405000024], [96.1441402440002, 16.917608261000055], [96.14451027000007, 16.918159485000047], [96.14468321300006, 16.918423188000077], [96.14497184800007, 16.918863296999973], [96.14554023700009, 16.919740677000107], [96.1460533140002, 16.920522690000098], [96.14643287600018, 16.921041489000118], [96.146883011, 16.921632767000176], [96.14718246500013, 16.922063828000034], [96.147368, 16.922369416000095], [96.14740943900006, 16.922437668000043], [96.14763736700007, 16.92281150800011], [96.14913495400009, 16.92462348900017], [96.14914307700013, 16.924621991000038], [96.14914923100014, 16.924629438000068], [96.14925451800002, 16.924610019000113], [96.14948098000013, 16.92456825100004], [96.14959046400014, 16.924548058000084], [96.14987656600016, 16.924506277999967], [96.1501588540001, 16.924429802000077], [96.150421305, 16.92433952100015], [96.15077683500016, 16.924294835000183], [96.15100876900016, 16.92429701499998], [96.15106675200008, 16.924297560000127], [96.15137192800006, 16.92432044800006], [96.15151826200014, 16.924341442000014], [96.15166459500006, 16.92436243700007], [96.15208019000005, 16.924492532999977], [96.15238409400018, 16.924398012999973], [96.15276797400014, 16.924461212000153], [96.15277955000005, 16.92446311800012], [96.15283682200015, 16.92454885500007], [96.15283710400018, 16.924549277999972], [96.15296092400013, 16.92473463900012], [96.15297219200016, 16.92475150900009], [96.15297586000008, 16.92475665000012], [96.15315921500007, 16.925013715000148], [96.15316197400006, 16.92501758399999], [96.15343663300013, 16.925067175000095], [96.1536808800002, 16.925083297000015], [96.15377857800007, 16.92508974600014], [96.1539214390001, 16.925133291000066], [96.15409562100012, 16.925186384000142], [96.15418591400004, 16.9252185040001], [96.15420910900008, 16.925226756000086], [96.15442893300013, 16.925304957000094], [96.15460662900011, 16.925389862000088], [96.15461042700008, 16.925391677000164], [96.15462515200016, 16.925398712000117], [96.15471349500007, 16.925440925000146], [96.15471937500001, 16.92544286200001], [96.15472777100018, 16.925446873999988], [96.15509221100012, 16.92556690100008], [96.15522246000018, 16.925587908000125], [96.15542260000007, 16.925620188000153], [96.15544856700012, 16.92563297000015], [96.15571880400006, 16.925765992000095], [96.1557239820001, 16.925767462000067], [96.15573207500017, 16.925771445000123], [96.15573308000018, 16.925771941000164], [96.15605498900004, 16.92586332000019], [96.15608722900004, 16.925861636000036], [96.15615170900008, 16.925858269], [96.15656962700018, 16.925836444000083], [96.15657517500011, 16.92583615400008], [96.1566244550001, 16.92587137400011], [96.15665083300013, 16.92589022800007], [96.1567868910002, 16.925987470000166], [96.15684398100012, 16.926019521000057], [96.15690107100005, 16.92605157200012], [96.15703778400012, 16.92612832300017], [96.15706955900015, 16.926146162000123], [96.15711438300013, 16.926191653000103], [96.15732590700003, 16.92640632399997], [96.15740351800014, 16.926439149000146], [96.15746990600013, 16.926467226000057], [96.15757336600018, 16.926510984000117], [96.15758702300013, 16.926516760000084], [96.15783535300011, 16.926585892000105], [96.15799405200016, 16.926769177999972], [96.15801567300008, 16.92679415000009], [96.15805306900018, 16.926837340000134], [96.15813359300006, 16.926930340000183], [96.15813303200014, 16.92693564100017], [96.15812347500014, 16.927025882000066], [96.15810161100012, 16.927232318000108], [96.15809181800012, 16.927240893000032], [96.15780194700017, 16.927494685000056], [96.15756797800009, 16.927959443000134], [96.15736293800018, 16.928328515000146], [96.15719795200005, 16.928556987000036], [96.15707267500005, 16.92868835300004], [96.15701294000019, 16.928750992000175], [96.15673446700015, 16.92905044500003], [96.15660424600009, 16.9293412290001], [96.15660610900017, 16.929343018000168], [96.15679443300013, 16.929523791000065], [96.15679569000014, 16.92952499600011], [96.15679740900003, 16.92952664700016], [96.15680327800004, 16.929526076], [96.1568047450001, 16.929525933000093], [96.15680631500004, 16.92952744000013], [96.15681168600003, 16.929532596], [96.15724136000006, 16.929490750000127], [96.15741630900004, 16.92953101800009], [96.15756333900015, 16.929564860000028], [96.15760009600007, 16.929573321000078], [96.1576207390001, 16.929578072000027], [96.15764138200012, 16.929582822999976], [96.15767910500011, 16.929588787000114], [96.15802604300006, 16.929643634000172], [96.15808089000006, 16.929652305000047], [96.1584062290001, 16.929645765000032], [96.15882393900017, 16.92963813600005], [96.159207316, 16.92963813600005], [96.15961970200004, 16.929618644000016], [96.15988633100017, 16.92962669200017], [96.16017134400005, 16.929635956000027], [96.16049668300019, 16.92959617500003], [96.16062263100014, 16.92957249800014], [96.16077982400009, 16.92954294900005], [96.16101679700006, 16.92955393300008], [96.16110512800003, 16.9295580270001], [96.16152071800013, 16.929572014000087], [96.1619207780002, 16.92965363600007], [96.1620023980002, 16.929670289000114], [96.16231001000006, 16.929688494000118], [96.16246515900019, 16.92966811500014], [96.16286037100019, 16.929719883000132], [96.16336858400007, 16.929786452000087], [96.16349093600007, 16.929812901000048], [96.16369519400007, 16.929857055000127], [96.1639547640001, 16.929887343000132], [96.16406147800018, 16.929899795000097], [96.1641751320002, 16.929913056000032], [96.16468195100009, 16.92997219500006], [96.16491054300019, 16.930030247000047], [96.16495210400018, 16.93004080200012], [96.1650857640002, 16.930074745000013], [96.165387125, 16.930065382000066], [96.16577206300008, 16.93004769600003], [96.1663831210002, 16.930158393], [96.16640961200017, 16.93018182100019], [96.16661753000011, 16.930365698], [96.16665692900011, 16.93043566700004], [96.166657064, 16.93043590700006], [96.16680301400004, 16.930695100000094], [96.16694932300015, 16.930801543000143], [96.16696181700007, 16.930810632999965], [96.16703097000004, 16.930860943000084], [96.16703211100003, 16.9308612210001], [96.16704014400011, 16.930863179000085], [96.16704441500019, 16.93086628700013], [96.16704524700009, 16.930866892000097], [96.16715944800018, 16.930894726000076], [96.16731528100001, 16.93093270600002], [96.16767906500013, 16.93087617900005], [96.16805550600009, 16.93060452600008], [96.16832178300018, 16.930655037000065], [96.16843700400005, 16.93089676000011], [96.16845982900003, 16.930927657999973], [96.16848314000009, 16.930959213], [96.16863060000009, 16.931158829000026], [96.1686421670002, 16.931191904000173], [96.16864450400016, 16.931198587000097], [96.16865829300014, 16.93123801700017], [96.1687717440002, 16.931562424000106], [96.16877333900004, 16.931563203000053], [96.168775047, 16.931564038000033], [96.16907768200008, 16.93171196000003], [96.1690800250002, 16.93171207500012], [96.16909195900013, 16.9317179090001], [96.16939359800011, 16.931732752000187], [96.16982237300016, 16.931568874000106], [96.16999402400006, 16.931503267000096], [96.17000152200018, 16.931500402000097], [96.17015547900019, 16.931700594000176], [96.17032105400011, 16.931915892000063], [96.17024323500016, 16.932293928000036], [96.1702478360001, 16.93231512900013], [96.17027610400015, 16.932445403000088], [96.17029983200013, 16.93255474500006], [96.17039712200005, 16.932528454000078], [96.17059170100003, 16.93247587000019], [96.17070961000013, 16.93222141299998], [96.17079238900016, 16.931916426999976], [96.17099113500007, 16.93172721900015], [96.17117985700003, 16.931749201], [96.17133665100005, 16.93176746400019], [96.17134574800019, 16.931772809], [96.17135092700016, 16.931773413000087], [96.17170960500016, 16.931984175000082], [96.17202279100013, 16.932300795000174], [96.17207333700009, 16.93262409], [96.17205925500014, 16.93291534400015], [96.17205924200005, 16.932915597999965], [96.1720552160001, 16.932998885000018], [96.17200562500017, 16.933435667000083], [96.17199508200008, 16.933514213000024], [96.17196747800011, 16.93371986200009], [96.17195921300004, 16.934060641000144], [96.17179200200013, 16.934394110000085], [96.17164786600011, 16.934617722000098], [96.1713756370001, 16.934898316000044], [96.1713708200001, 16.934951903000126], [96.1710767470002, 16.93529437800015], [96.17090699200014, 16.935555494000084], [96.17085358600013, 16.93597625600006], [96.17083312600005, 16.93634992200009], [96.1710429220002, 16.93651443100009], [96.17121442600018, 16.936526777000097], [96.17139135100012, 16.936539514000174], [96.1717593460001, 16.936491359000172], [96.17209282000016, 16.936628342000063], [96.17209295000004, 16.936628480000024], [96.17209486000019, 16.93662926400009], [96.17210709700004, 16.936634291000075], [96.17226755200005, 16.936804470000027], [96.17241761200006, 16.93696362600008], [96.1723884000001, 16.93720440800007], [96.17236335900009, 16.937410793000026], [96.1723020120001, 16.937599708000107], [96.17216584300007, 16.938019026000177], [96.17192517000018, 16.938606489], [96.17146775300006, 16.938752974000124], [96.17121903500009, 16.938936079000086], [96.1710397440001, 16.93914131000014], [96.17098527000019, 16.939240503000065], [96.1706463210001, 16.93985771000007], [96.17025335300013, 16.94047751500011], [96.1701771130002, 16.940597761000106], [96.17012636600003, 16.940692115000104], [96.16981078700007, 16.94127885800009], [96.16982706400012, 16.94140517400001], [96.16983081300015, 16.94143427600011], [96.16985460600006, 16.941618916000152], [96.16996580200004, 16.942481875000055], [96.16956922800011, 16.94266481300008], [96.16928508, 16.942795890000184], [96.16928055900013, 16.94279797600018], [96.16814537300013, 16.941951632000155], [96.16678554200018, 16.94093872200017], [96.16488197300015, 16.940272473], [96.16118666200003, 16.938961233000043], [96.15898091000014, 16.93817854700012], [96.15757194900016, 16.937657659000024], [96.15505479900008, 16.93672707600001], [96.15306071300012, 16.93592944100004], [96.15303225800017, 16.93591805900013], [96.15191391100007, 16.940058321000038], [96.15178304000017, 16.940593700000022], [96.15112868900013, 16.94434135100005], [96.1507003860001, 16.946792196000047], [96.15030777500004, 16.94914786200013], [96.14961773100015, 16.953133459000128], [96.1489514820002, 16.957166646000132], [96.1485915880001, 16.957294542000056], [96.14797292900016, 16.957699050000144], [96.14742565300014, 16.958246326000108], [96.14692596600008, 16.95879360200007], [96.14640248400013, 16.9592457], [96.14587900300006, 16.95986436000004], [96.14537931600006, 16.960268868000128], [96.14504619200017, 16.960483020000083], [96.1443561480001, 16.960625787000083], [96.144070613, 16.96129203600003], [96.1440468180001, 16.961910696000075], [96.14385646100004, 16.962814891], [96.14359472000018, 16.96438533600019], [96.14340436300012, 16.964956406], [96.14297606000014, 16.965456093000057], [96.14242878400017, 16.966050958000153], [96.14233360600008, 16.966622029000064], [96.14223842800004, 16.967288278000012], [96.14223755000012, 16.967292997000186], [96.14212675300013, 16.967888526000138], [96.14204807100003, 16.968311446000143], [96.14173874100015, 16.969191847000047], [96.1412830340002, 16.970777548000058], [96.1401028210002, 16.975498399000173], [96.13882743000005, 16.977211611000143], [96.13762818200013, 16.978791573000137], [96.13736168200012, 16.979267465000078], [96.13713325400005, 16.980009857000027], [96.13715228900014, 16.980447678000132], [96.13587521300013, 16.980268425000133], [96.13385267100011, 16.97949510000018], [96.13236550800008, 16.979614073000164], [96.13153269700018, 16.979792533000023], [96.13028348000012, 16.979911506000178], [96.12629788200007, 16.97997099200012], [96.1253460980002, 16.977591531000144], [96.12469174600005, 16.976758720000078], [96.1244243770002, 16.976394125000184], [96.1242135660001, 16.976106656000127], [96.12409318300018, 16.975942496000016], [96.12403739400008, 16.975866422000138], [96.124008796, 16.975494631], [96.12397790800014, 16.975093097000183], [96.12342630600011, 16.974736178000057], [96.12296663700005, 16.974438745000043], [96.12268692500015, 16.974238285000183], [96.12141999100015, 16.9733303160001], [96.11939744500012, 16.97188082500014], [96.11855279000014, 16.971544552000125], [96.11716270500011, 16.970991135000077], [96.11707019900012, 16.97062301699998], [96.11692237900013, 16.97032356300008], [96.11677169800004, 16.970033645000058], [96.11664009100008, 16.969790595000063], [96.11647987400005, 16.969584783000073], [96.11627260900019, 16.969355054000175], [96.11611053800004, 16.96921706300003], [96.1159630210002, 16.969091463000098], [96.11583453000009, 16.96867743700011], [96.11560610200002, 16.968149197000116], [96.11542526300008, 16.967920769000045], [96.11520635300008, 16.967463912000028], [96.11505406700013, 16.967083198000125], [96.11500647800017, 16.966921395000156], [96.11497792400013, 16.966683449000186], [96.1149874420002, 16.96650261000002], [96.1149112990002, 16.966188521000106], [96.11471142500017, 16.96575070000017], [96.11463528200017, 16.965303361000053], [96.11449251400012, 16.964684702000113], [96.11436878200016, 16.964180256000077], [96.11429264000009, 16.963866167000106], [96.11419746100012, 16.963057150000054], [96.11400710400005, 16.962181509000175], [96.11396179000008, 16.962021575000108], [96.11395577600007, 16.96200035000004], [96.11380638200018, 16.961473074000082], [96.11368682900013, 16.961051123000118], [96.11368612000018, 16.961048619000053], [96.11368349800011, 16.961039367000183], [96.1134888380002, 16.960302817000183], [96.112979177, 16.958374371000104], [96.11227485699999, 16.955861660000153], [96.1116411540001, 16.953577941000106], [96.1112659650002, 16.952225844000054], [96.11059019800018, 16.94962747200003], [96.11041887700009, 16.949056402], [96.1097716640001, 16.946496102000083], [96.10924818200016, 16.94440217600004], [96.10896264700006, 16.943317142000126], [96.10881987900012, 16.942708], [96.10874373600012, 16.94237487500004], [96.10870566500012, 16.942003679000095], [96.10868319800011, 16.94180548000014], [96.1086949880002, 16.941795576000175], [96.10865442400006, 16.94153703000012], [96.10865026300013, 16.941510506000043], [96.10864844200006, 16.94149890000017], [96.10861885700001, 16.94131033200017], [96.10853732900006, 16.94079068000019], [96.10853481900017, 16.94077468800009], [96.10841584600018, 16.939703931000054], [96.1084155850001, 16.93968953300009], [96.10839838599998, 16.93874358300019], [96.10838493800014, 16.938003950000166], [96.10838481500019, 16.937997195000037], [96.10838454200007, 16.937982156000146], [96.10834446300004, 16.93577782], [96.10835150400004, 16.93552462700012], [96.10835859800005, 16.93526957000006], [96.10836426700013, 16.935065687000133], [96.10832472600009, 16.934822685000142], [96.10832810600004, 16.934815891000085], [96.10832423700015, 16.934809244000178], [96.10832188100017, 16.934805196000184], [96.10832147500014, 16.93480270500004], [96.1083211830001, 16.934800907000067], [96.10832015400007, 16.934794587000113], [96.10820964300012, 16.934115447000067], [96.10817821700016, 16.93392231100006], [96.1081612480001, 16.9338180310001], [96.10815446000004, 16.933776320000163], [96.10817148200005, 16.93372554800004], [96.10827302300004, 16.9334226630001], [96.10833260600003, 16.93324493300014], [96.10846177600007, 16.932792535000033], [96.10846267700009, 16.9327893790001], [96.10850637600004, 16.932636328000115], [96.10850480500017, 16.932635880000078], [96.10853820200003, 16.93251891300008], [96.10854596700005, 16.932491719000154], [96.10867506800014, 16.932039561000067], [96.10870617000006, 16.931930629000078], [96.10873633600005, 16.931824979000055], [96.108511261, 16.931287356999974], [96.10846698200015, 16.931208454000114], [96.10831200600012, 16.930932294], [96.1080807260002, 16.930520166], [96.1077998200002, 16.930019605999973], [96.10704980800017, 16.929366312000127], [96.10701954500001, 16.92933995300018], [96.10640480700016, 16.92880448799997], [96.10637894800004, 16.92878196400011], [96.10632569400008, 16.928735578000158], [96.10627791500013, 16.928664987000104], [96.1054656610001, 16.927464938000185], [96.10536245300005, 16.92731245599998], [96.10535454100011, 16.92730076700019], [96.10573519700017, 16.92697718600016], [96.10598893800011, 16.926761490000047], [96.10616231600005, 16.92664981000007], [96.1062633050002, 16.926584760000026], [96.10722961100004, 16.925962326000047], [96.10760463400004, 16.925720759], [96.10773931199998, 16.925688274000095], [96.10814334400004, 16.925590819000092], [96.10906884300016, 16.925367582000035], [96.11129166600011, 16.92468131800007], [96.1113099760002, 16.92403688900015], [96.111007228, 16.92354224999997], [96.11088464900007, 16.923487788000102], [96.11069678000007, 16.92340431800011], [96.11039762800004, 16.92327140600014], [96.10985122200015, 16.92208007100004], [96.10981889400011, 16.922009586000172], [96.10981357500009, 16.921997991000183], [96.10980287300009, 16.921999834000076], [96.1097992990002, 16.92199204200017], [96.10714462900006, 16.922449350000136], [96.10707779200015, 16.922360399000183], [96.10706151900013, 16.922338744000058], [96.10703695400014, 16.92230605200018], [96.10702753800007, 16.92229352000004], [96.10701827600019, 16.922281193000174], [96.10701682600006, 16.92227926400011], [96.10692845300014, 16.922161653000046], [96.10640601000017, 16.921466361000057], [96.10640161900005, 16.921424698000123], [96.10639722700006, 16.921383035000133], [96.10639011400008, 16.92131554600013], [96.10632084700012, 16.920658387], [96.10627707100008, 16.9202430790001], [96.106277482, 16.92024102500011], [96.10627707200018, 16.92023713000009], [96.10625515600015, 16.920029206000095], [96.10636488300003, 16.919726692000097], [96.10638982800009, 16.919658935000086], [96.10639704200014, 16.919639343000085], [96.10639972100012, 16.919632066000077], [96.10643422600003, 16.91953834400016], [96.10653774100012, 16.919257179000056], [96.10654223500018, 16.91924497300016], [96.10660513200014, 16.919074132000105], [96.10680198000006, 16.918707064000102], [96.10720115300012, 16.917962713000065], [96.10725473400004, 16.917862798999977], [96.10726019100008, 16.917852623000044], [96.10727053100004, 16.91783334300004], [96.10747857700017, 16.91744087300009], [96.10749880100008, 16.917423612000164], [96.10862439900012, 16.916462944000102], [96.1091520110001, 16.916012641], [96.10980879500005, 16.915244345000076], [96.11110759100006, 16.91474251], [96.11134715800006, 16.914649946000168], [96.11220874800011, 16.914313715000162], [96.11304457, 16.91398720600006], [96.11314758100008, 16.91394696499998], [96.11316109400008, 16.913941685999987], [96.11316148800012, 16.913941532000024], [96.1131617640001, 16.913941423999972], [96.11319267100009, 16.91392935100015], [96.11342443199999, 16.913776627000118], [96.11357792000007, 16.91367548200003], [96.11360904100007, 16.91366092500016], [96.11474200000015, 16.912914334000106], [96.11540135800016, 16.912044617000163], [96.11573760200008, 16.910708329999977], [96.1163712980001, 16.909886247000088], [96.11644026000016, 16.909796784000093], [96.11650544600019, 16.90976680900019], [96.11722249500014, 16.909437078000167], [96.1177450020001, 16.909187889000066], [96.11839848700009, 16.908876235000037], [96.11875012000013, 16.90854122000013], [96.11900539800013, 16.907585515000164], [96.1192551530001, 16.90720455799999], [96.12079390200012, 16.905386141000065], [96.12164320400007, 16.90432525700004], [96.12195549100005, 16.904003157000034], [96.12206628600006, 16.903733847000183], [96.12340247200012, 16.900485922000087], [96.1235019670001, 16.900183953000067], [96.12354176600007, 16.90006316600011], [96.12358544400018, 16.8999406100001], [96.12365096100018, 16.89975677700005], [96.123704907, 16.89941291100007], [96.12371761900016, 16.899106979000123], [96.123717877, 16.899100752000038], [96.12371459200017, 16.89896130200009], [96.12370802200019, 16.898682398000062], [96.12367274200011, 16.898590388000116], [96.1235630920001, 16.898304410000094], [96.12351134700015, 16.89818393700017], [96.12345045600017, 16.89804216400006], [96.12332143100008, 16.89783395700016], [96.1232844070002, 16.89777421200006], [96.12302295100005, 16.8974156860001], [96.12264916800012, 16.896902546999968], [96.12261454300005, 16.896855013000163], [96.12207063300013, 16.896101725000165], [96.12187422800014, 16.895826393000107], [96.12173252500008, 16.895627749000028], [96.12158744700014, 16.895424371000104], [96.12297994600016, 16.89442341400013], [96.12369193700016, 16.893976805000023], [96.12418103400006, 16.894013619000077], [96.12481868400005, 16.894061617000148], [96.12504988400019, 16.89407985000014], [96.12520401700004, 16.894092004000072], [96.12541673200013, 16.894104191999986], [96.12571143100013, 16.894121076000147], [96.1263274060002, 16.894161671000063], [96.12680997500007, 16.89355733600007], [96.12706929700005, 16.893259670000134], [96.12727015100012, 16.893048499000145], [96.12823410900012, 16.892765735000182], [96.12868331400006, 16.8928664820001], [96.12868349899998, 16.89286652300018], [96.1286957690001, 16.892869275000066], [96.12873939100018, 16.892944556000145], [96.12891387900004, 16.893245677000095], [96.12891863400017, 16.89340344300001], [96.12892695800014, 16.893679530000043], [96.12904297600016, 16.893974831000037], [96.12908432300014, 16.894008298000074], [96.1292923310001, 16.894176667000067], [96.12929500100017, 16.894178827000076], [96.1292953270002, 16.894179093000048], [96.12950675399998, 16.894265152000173], [96.129565028, 16.894288872000175], [96.12986336900008, 16.894269694], [96.13027430699998, 16.894270642000095], [96.1304095540001, 16.89429148000005], [96.1305254790002, 16.8943093420001], [96.13056354500014, 16.894315207000147], [96.1305708480001, 16.89431633200013], [96.13063076200007, 16.89432556300011], [96.13068289800015, 16.89432511700005], [96.13072604700005, 16.89432474700004], [96.1308271150001, 16.89432388000006], [96.13092888200009, 16.894323008000185], [96.13100291400013, 16.89406557300009], [96.13113117500018, 16.893810137000116], [96.13115255200012, 16.893767565000132], [96.13116411100009, 16.893750018], [96.1313498780001, 16.893468013000017], [96.13153958000015, 16.893186586000127], [96.13161392000006, 16.893049321000035], [96.13171781900007, 16.89285747400004], [96.1317730090002, 16.892646843000136], [96.13180354500003, 16.89253030100008], [96.13184011400017, 16.89209584800011], [96.13184142100016, 16.89173961600011], [96.13184129600006, 16.89137813800005], [96.13187398800011, 16.890974288000052], [96.13187631100004, 16.89094738400013], [96.13189457100015, 16.89073598600004], [96.13189590100006, 16.890732496000112], [96.131944927, 16.890639754000063], [96.13207443700009, 16.890394755000102], [96.13223193700014, 16.89009680900017], [96.13254693700009, 16.889500917000078], [96.13255533400019, 16.88948503299997], [96.13261008700016, 16.889381457000127], [96.13259773300001, 16.88937187200014], [96.13290086100005, 16.889601934000154], [96.13357680300004, 16.890126387000123], [96.13369033600009, 16.890277762000153], [96.13389803100017, 16.8905546900001], [96.13395088700008, 16.890625164000085], [96.13400510600002, 16.8906974570001], [96.13413977600015, 16.890855892], [96.13451799100011, 16.891300851000153], [96.13461186900008, 16.891411296000115], [96.13481074300017, 16.891543878000107], [96.13484176700007, 16.89156456100011], [96.13497767100012, 16.891655164000042], [96.13525432400019, 16.89183959900015], [96.13588913000012, 16.892333336000036], [96.13602745700013, 16.892333336000036], [96.13638218800008, 16.892333336000036], [96.13702464200014, 16.892190569000036], [96.13777417300008, 16.891940725000154], [96.13895200600007, 16.891548114000102], [96.13984033800006, 16.891237733000082], [96.13993948200005, 16.891203092000126], [96.14139095300015, 16.891060325000126], [96.14196878300004, 16.891094995000174], [96.14258068400011, 16.89113170899998], [96.14336590600004, 16.891274475999978], [96.14391318200006, 16.891274475999978], [96.1442529680001, 16.891339197000093], [96.14441286900012, 16.89136965500012], [96.14441286900012, 16.891372884000134], [96.144427145, 16.891375603000085], [96.144427145, 16.89185149600013], [96.14440289500016, 16.89191616400018], [96.14431880800004, 16.89214039600006], [96.14421299300005, 16.89242256700004], [96.14431124300006, 16.89258222], [96.14433244700018, 16.892616677000092], [96.144403351, 16.892731896000157], [96.1446888870002, 16.89304122600015], [96.14474023899999, 16.893074454000043], [96.14508541900017, 16.893297804999975], [96.14510449900013, 16.89330019099998], [96.14545983200014, 16.89334460700013], [96.14612608100009, 16.893273223000108], [96.14710166000009, 16.893249429000093], [96.14767273000007, 16.893178045000013], [96.14812482800016, 16.893154250000123], [96.14926696900011, 16.893463580000116], [96.15038299600013, 16.893709183000112]]]}}, {"type": "Feature", "properties": {"adm4_name": "Urban", "adm4_name1": null, "adm4_name2": null, "adm4_name3": null, "adm4_pcode": "MMR013042701", "adm3_name": "Mayangone", "adm3_name1": "မရမ်းကုန်း", "adm3_name2": null, "adm3_name3": null, "adm3_pcode": "MMR013042", "adm2_name": "Yangon (West)", "adm2_name1": "ရန်ကုန်(အနောက်ပိုင်း)", "adm2_name2": null, "adm2_name3": null, "adm2_pcode": "MMR013D004", "adm1_name": "Yangon", "adm1_name1": "ရန်ကုန်တိုင်းဒေသကြီး", "adm1_name2": null, "adm1_name3": null, "adm1_pcode": "MMR013", "adm0_name": "Myanmar", "adm0_name1": "မြန်မာနိုင်ငံ", "adm0_name2": null, "adm0_name3": null, "adm0_pcode": "MMR", "valid_on": "2024-02-15T00:00:00", "valid_to": null, "area_sqkm": 24.50238877, "version": "v01", "lang": "en", "lang1": "my", "lang2": null, "lang3": null, "adm4_ref_name": "Urban", "center_lat": 16.85931953, "center_lon": 96.15344248}, "geometry": {"type": "Polygon", "coordinates": [[[96.13259773300001, 16.88937187200014], [96.13295491500008, 16.889020920000064], [96.13332481400005, 16.888836289000153], [96.13355816199999, 16.888578131000088], [96.13359031700008, 16.888542557000164], [96.13364474200006, 16.88843659100013], [96.13377761800007, 16.888177872000085], [96.13388249800005, 16.887951826000062], [96.13388576800014, 16.8879447810001], [96.13393116000015, 16.88784694600008], [96.1340189280001, 16.887718450000136], [96.13416544600017, 16.887503942000137], [96.13446617199997, 16.88726488700013], [96.13449104600011, 16.887247952999985], [96.13505702500015, 16.886862638000025], [96.1350736620002, 16.886851311000044], [96.13518533700011, 16.88674211500006], [96.1352970120002, 16.88663291900008], [96.13531176300006, 16.886602733000075], [96.13532082400019, 16.886584189000132], [96.13532149300016, 16.886582820000115], [96.13535816000007, 16.886507784000116], [96.1354410830001, 16.88633808900005], [96.13544209800011, 16.886336009000047], [96.13544924900009, 16.886277950000135], [96.13547493100009, 16.88606942600012], [96.13548469500017, 16.885990143000186], [96.13548754300007, 16.885969423000063], [96.13552570299998, 16.88569164300003], [96.13561534900015, 16.885332107000124], [96.1357590390001, 16.884899140000073], [96.13583183300011, 16.88467979400002], [96.1358457280001, 16.884561601000144], [96.13586273200008, 16.884416959000077], [96.13588206000009, 16.88425254900011], [96.13586712800009, 16.8841811690001], [96.13581863100006, 16.88394933300009], [96.13581199600014, 16.883917618000055], [96.13568306000013, 16.883616447000065], [96.1354560850001, 16.883241654000074], [96.13533531900003, 16.88306981800008], [96.13526439700007, 16.882968903000176], [96.13519119900002, 16.882844490000082], [96.13513258600005, 16.882744867999975], [96.1350749340001, 16.88264687800006], [96.13466072100005, 16.882757186000106], [96.13447558100017, 16.882778549000022], [96.13421440100007, 16.882808685000043], [96.1337718960001, 16.88254356400006], [96.13345319100011, 16.882466431000125], [96.13342296600018, 16.882459116000177], [96.13341331500004, 16.882456780000155], [96.13320560500006, 16.882428098000105], [96.13313468600012, 16.88241830400017], [96.13304176300016, 16.882405472000187], [96.13280657200016, 16.882292308000046], [96.13269767700012, 16.882239914000138], [96.13257957300016, 16.88206016600003], [96.13251495400004, 16.88196182200005], [96.13247453000008, 16.88188509500003], [96.13233909600007, 16.881628036000166], [96.13203366600015, 16.881296158000055], [96.1316731390001, 16.88110195500002], [96.13128956100013, 16.880895334000115], [96.13117724000017, 16.88083483100013], [96.13107585900008, 16.880780220000133], [96.13101694100015, 16.880734878000112], [96.131005684, 16.88072621500004], [96.13085899400016, 16.880613327000106], [96.13048133900008, 16.88020515400018], [96.12964534800011, 16.87994194099997], [96.12873649600004, 16.8797626490001], [96.12807464600019, 16.87964248700007], [96.12736523500018, 16.879662722999967], [96.12671954000012, 16.879681140000173], [96.12653668700017, 16.87968635500016], [96.12644019200013, 16.879625313000076], [96.12633330000017, 16.879557694000084], [96.12617056700009, 16.879454749], [96.12598605599999, 16.879447340000183], [96.12589516600013, 16.879443691000176], [96.12589009600009, 16.879443487000117], [96.12557683200009, 16.878720704000102], [96.12543487600004, 16.87839317300012], [96.12494977300014, 16.877168020000056], [96.12487171900011, 16.87713905700008], [96.12482566800008, 16.877121968000154], [96.1247085780002, 16.87707852000011], [96.12448530900008, 16.87699567100009], [96.12398719700008, 16.876810837000107], [96.1233990990001, 16.876419703000067], [96.1230405170001, 16.875631969000096], [96.12247212800008, 16.875151952000067], [96.12209506900001, 16.874971459000108], [96.12190258800018, 16.87487932100015], [96.12162124100007, 16.87474464400009], [96.12107009900012, 16.874480820000144], [96.11935424800004, 16.874189377000107], [96.11752065000019, 16.87343618600005], [96.11715998000017, 16.87320845500011], [96.11638459700004, 16.872788345000174], [96.11546770700005, 16.87229156500007], [96.11432177199998, 16.871346807000066], [96.11407775800006, 16.871145630000058], [96.11400628500007, 16.87110509000007], [96.11375427300004, 16.870962143000042], [96.11348533600005, 16.870800654000107], [96.11342112200009, 16.87075177200012], [96.1132164, 16.870595932000015], [96.11301326800009, 16.870384771000033], [96.11295585600016, 16.87032508900012], [96.11279583000004, 16.87005519900015], [96.11270904500003, 16.869745636], [96.11257479700015, 16.869485562000023], [96.11234408200016, 16.869402740000055], [96.11217180900019, 16.86934089700003], [96.11212730500006, 16.869337501000075], [96.11173439100008, 16.869307519000074], [96.11140632700011, 16.869346618000066], [96.1109619140002, 16.86942482000012], [96.11065324200007, 16.869459152000104], [96.1101636890001, 16.86940479300017], [96.10983544100014, 16.869325238000044], [96.1096954350001, 16.869291306000093], [96.10957972300014, 16.869264648000183], [96.109318733, 16.869204521000086], [96.10883522100016, 16.869036675000075], [96.10839271600008, 16.868860244000132], [96.10796383400009, 16.868687494000028], [96.10759162900013, 16.86850357100019], [96.1074581150001, 16.868428197000185], [96.10728502300014, 16.86833047800019], [96.10715832100016, 16.868245194000053], [96.10709241100005, 16.86820082899999], [96.10701370300006, 16.868147850000184], [96.1065082560001, 16.86789703400018], [96.10617038200002, 16.867699487000095], [96.10587959300005, 16.867471695000063], [96.10541852300008, 16.867274348000024], [96.10505758000016, 16.866921834000152], [96.10490962000017, 16.86681640100005], [96.10485553400014, 16.866777862000163], [96.10484226700004, 16.86676840800004], [96.10476749400016, 16.866715126000088], [96.1047166190001, 16.866678874000115], [96.10455894500018, 16.86641184500013], [96.10425758400004, 16.865972520000128], [96.10403548300008, 16.86576101500009], [96.10371017400007, 16.865561485000114], [96.10357785300005, 16.86546646900007], [96.10346447300003, 16.865385055000104], [96.10331862300006, 16.865161623000063], [96.10319900500014, 16.86488113400003], [96.10301431000005, 16.864582697000117], [96.102841389, 16.86445295600015], [96.10274060600011, 16.86437734000009], [96.1023573880002, 16.86422300400011], [96.10203886100004, 16.864148765000095], [96.10194206200015, 16.864126205000048], [96.10187530600012, 16.864113213], [96.1015990570001, 16.86405944800009], [96.10123697900013, 16.86388969400008], [96.10092290300008, 16.86388015800003], [96.1006473540001, 16.86419334400017], [96.10035324100005, 16.864318212], [96.09994411500008, 16.864162445000034], [96.09953403500009, 16.864055633000078], [96.09916496300013, 16.863910294], [96.09889259300013, 16.863679505], [96.09865665400008, 16.86355304700004], [96.09835338600004, 16.86344718900017], [96.09805584000009, 16.86336898800016], [96.09774589600005, 16.863216401000045], [96.09748077400013, 16.863077164000174], [96.09715766900013, 16.863078690000123], [96.09640268400011, 16.862896241000044], [96.09527322300016, 16.862195371000155], [96.09527390600016, 16.862193647000026], [96.09527558700017, 16.862191236000058], [96.09538810000015, 16.862029938000035], [96.0956193340001, 16.861698439000065], [96.0957735560001, 16.861356522000108], [96.09583625500005, 16.861260267000034], [96.09605164700008, 16.860929608000106], [96.09626561800013, 16.860601402000157], [96.09626582400011, 16.86060108700002], [96.09646762600016, 16.860139529000037], [96.09685301800005, 16.85937322500007], [96.09697728100014, 16.859139137000057], [96.09702119100018, 16.859056419000126], [96.09707954300006, 16.85893714900004], [96.09715011500003, 16.85879290200006], [96.09737595500008, 16.858331286000066], [96.09774580900012, 16.857701903000134], [96.09813042600007, 16.856886300999975], [96.0981908920001, 16.856758078000098], [96.09821509300002, 16.856706760000122], [96.09825747800011, 16.856614643000057], [96.09842045100015, 16.85626045300006], [96.09870671600015, 16.85563831100012], [96.09890556200008, 16.855031832000122], [96.09893435300006, 16.854949654000052], [96.09896743700011, 16.85485522600004], [96.09897385700009, 16.854836901000056], [96.0990726070001, 16.85458552400013], [96.09912198100011, 16.854459836000046], [96.09912281900017, 16.854460224000093], [96.09942655400016, 16.85460073300004], [96.09959188500011, 16.85467721499998], [96.0998585280002, 16.854830623000055], [96.0998776350001, 16.854841615999987], [96.09988057800007, 16.85484330800017], [96.09990575600006, 16.854857794999987], [96.09994272400007, 16.85487906300017], [96.1001236210002, 16.854982875000076], [96.10030095800005, 16.855084644000044], [96.10031067300008, 16.855090798], [96.10031059200014, 16.855090980000057], [96.10016292799997, 16.855423931000132], [96.10016250600012, 16.855424881000033], [96.10018553900017, 16.855432568000026], [96.1003713930001, 16.855494595000096], [96.10047569200015, 16.855529404000094], [96.10047695500015, 16.85552941300017], [96.10048035900007, 16.855529436999973], [96.10100941700011, 16.85553322200002], [96.10100973200008, 16.855533224000055], [96.10111579900007, 16.85553398200011], [96.10118866100004, 16.85557120600015], [96.10141372700019, 16.85568618800005], [96.10182921100011, 16.855937827000048], [96.10188322700014, 16.85597054100009], [96.10193125400014, 16.855999629000166], [96.10208014000017, 16.85604801700009], [96.10240173400013, 16.856152534000103], [96.102705002, 16.856307434000144], [96.10271167800005, 16.856310845000166], [96.10319423700008, 16.856504440000094], [96.10368220000004, 16.85663859100009], [96.10402594800007, 16.856597816000033], [96.1041431430001, 16.85658391300018], [96.10454654600017, 16.85625267000006], [96.10480308500013, 16.855947495000123], [96.1050395960001, 16.8556308740001], [96.10528984100011, 16.855276108000055], [96.1055742900001, 16.855088551999984], [96.10608800200015, 16.855031332000067], [96.10621488400017, 16.85508500800006], [96.1064655310002, 16.855191040000136], [96.10673332200008, 16.855497360000072], [96.10692100500006, 16.85571785000002], [96.10716613000017, 16.855903244000103], [96.10728263800007, 16.855991362999987], [96.10762468900003, 16.856245677000118], [96.10781288200002, 16.856481037000037], [96.10783663800004, 16.856510746000083], [96.10787582400008, 16.856559754000045], [96.10798243700015, 16.856689454000104], [96.10817527800003, 16.85692405700007], [96.10830515900017, 16.85707392000012], [96.10842323300017, 16.857210160000022], [96.10883129300004, 16.85746832100017], [96.10883381800016, 16.85746991800005], [96.10894661000003, 16.857541276000063], [96.10930156700005, 16.857680321000146], [96.10937650099999, 16.857699352], [96.10938724100004, 16.85770208000008], [96.10968081200008, 16.857776642000033], [96.10998408000012, 16.857795715000066], [96.11023108600011, 16.857988891000105], [96.11037063600008, 16.85809803000012], [96.1105604170001, 16.85830974600009], [96.1107212070001, 16.85851478600017], [96.11093924500017, 16.85853434100011], [96.11093963300004, 16.858534376000023], [96.11110401200006, 16.858549118000155], [96.11160723400013, 16.85864067099999], [96.11172849500008, 16.858764123000128], [96.11172885600007, 16.85876449100016], [96.11191673300004, 16.858955764000086], [96.11199697200004, 16.858943405], [96.11199902600003, 16.858943088000103], [96.11227417000003, 16.8589007060001], [96.112576676, 16.858968734000086], [96.1127796180001, 16.859272385000054], [96.11308097900007, 16.859327952000115], [96.11334800700018, 16.859254837000037], [96.1136131290001, 16.859181404000083], [96.1138820650001, 16.85914993200015], [96.11417102800016, 16.859060288000023], [96.11456108099998, 16.859165192000148], [96.11478110500008, 16.859235638000143], [96.1149959560002, 16.859304428000144], [96.11509011700008, 16.859333480000032], [96.11509407500006, 16.85933470100008], [96.11535610300007, 16.859415544000115], [96.11539500000015, 16.859420695000097], [96.11566925100004, 16.859457016000135], [96.11604245500018, 16.859492620000083], [96.11604362800017, 16.859492284000055], [96.11611295100016, 16.859472375999985], [96.11611439600017, 16.859471962000157], [96.11636180100015, 16.85940091600014], [96.11636339200015, 16.85940045899997], [96.11636543300006, 16.859399873000143], [96.11641883900006, 16.859384537000096], [96.11649738300014, 16.85936113400004], [96.11688613900014, 16.859245300000055], [96.1171903610001, 16.85912323000008], [96.11747868900017, 16.85903549200009], [96.11804305300012, 16.859061578000137], [96.11834526100012, 16.859075546000042], [96.11845536200008, 16.859088732000032], [96.11854147900016, 16.859099045000107], [96.1186637880001, 16.859113693000097], [96.11890550200019, 16.859141175000047], [96.11903286000006, 16.859155655000166], [96.11918186300005, 16.85916232300019], [96.11926683400009, 16.859166126000048], [96.1194295000002, 16.859173407000014], [96.1197147370001, 16.859186172000136], [96.1198900660001, 16.859191729000145], [96.11998346800004, 16.85919468900005], [96.1199975240001, 16.859197112000118], [96.12001943600018, 16.85920088800009], [96.12035942000006, 16.85926246600002], [96.12063312600014, 16.85931110400014], [96.12079000500006, 16.85936403300019], [96.12094688500008, 16.85941696200001], [96.12103513199997, 16.859453406], [96.12113666600004, 16.859495337000055], [96.12127018000007, 16.859550476000038], [96.12144129, 16.859599626000033], [96.12162742600015, 16.859653091000098], [96.12205123900014, 16.859691620000035], [96.1220998770001, 16.859732672000064], [96.12223284000015, 16.859844897000187], [96.12230944700019, 16.859909556000105], [96.12236309000008, 16.85995483400012], [96.12260418400012, 16.860120021], [96.12268892900016, 16.86017808500003], [96.12283865600017, 16.860280672999977], [96.12251516600008, 16.860596017000148], [96.12240387000008, 16.86084413599997], [96.12238375300012, 16.861224810000067], [96.12241943900005, 16.861417970000048], [96.12243843100003, 16.861520767000115], [96.12251218199998, 16.86195214500009], [96.12273089000013, 16.862398148000125], [96.12277348900005, 16.862724304000096], [96.12293103700011, 16.86276219000007], [96.12326526700002, 16.86284256000016], [96.12369194000007, 16.86278648400014], [96.12375293300005, 16.86277063100016], [96.1240730290001, 16.862687429000175], [96.12451076500008, 16.862751961000185], [96.12453569299998, 16.862759572000186], [96.12472393100012, 16.86281703900005], [96.12477378900019, 16.862832261000108], [96.12505197800016, 16.862826068], [96.12518501300008, 16.862823105000018], [96.1253002910002, 16.862798792000092], [96.12565409600006, 16.862724171000025], [96.12602424600016, 16.862646103000145], [96.12627085000014, 16.862593172000118], [96.12640635200017, 16.862564087000123], [96.12657065700017, 16.862457347000145], [96.1266147770001, 16.86242868400018], [96.12694844300017, 16.862211921000096], [96.12733841000016, 16.862066269000138], [96.12745571200008, 16.86193237300006], [96.12752906700007, 16.86184864100005], [96.12757301300013, 16.86179847699998], [96.127642621, 16.861608252000167], [96.12770080600012, 16.861449242000162], [96.12803154000017, 16.86135597200007], [96.12835884100014, 16.861192704000075], [96.12856626600018, 16.86108813300018], [96.12863578800005, 16.86105308500015], [96.1288196970001, 16.86116452900012], [96.12889766700016, 16.861211777000108], [96.12907515200015, 16.86143112800005], [96.12907963200018, 16.861436665999975], [96.12908224800003, 16.861439899000175], [96.12921867300003, 16.861608505000106], [96.12963752700006, 16.861533737000116], [96.12981923299998, 16.86154472800007], [96.12985251100008, 16.861546741000097], [96.12992763500012, 16.861551285000132], [96.12999461100014, 16.861546020000162], [96.13003667200013, 16.861542712000073], [96.13031578100004, 16.861520767000115], [96.13069073200006, 16.861439858000097], [96.13093185800011, 16.86133935200013], [96.13096885700008, 16.86132392900015], [96.1310173440001, 16.861273334000145], [96.13115310700005, 16.861131668000155], [96.13125801100006, 16.860796928000184], [96.1313266750002, 16.86044947300013], [96.13156032500018, 16.860215187000108], [96.13188743600017, 16.860021591000077], [96.1320846640001, 16.85989816100016], [96.13217544600019, 16.859841347000042], [96.13220024200012, 16.85982011300007], [96.13242714700016, 16.859625789000177], [96.13243446400014, 16.859619522000116], [96.13271393700006, 16.85968103300013], [96.13273124500006, 16.859684843000082], [96.1327533720002, 16.859689713000137], [96.1330127720002, 16.859742482000115], [96.13328381900016, 16.859637553000084], [96.13334369600005, 16.85961437200001], [96.13344711700017, 16.859598953000102], [96.13370831800017, 16.859560012000145], [96.13409773600006, 16.859492620000083], [96.13425092700004, 16.859226005000153], [96.13427162100015, 16.85918998699998], [96.13430738700009, 16.859125192000022], [96.13434666100017, 16.859054041000093], [96.13455518100017, 16.858676275000107], [96.13471895900005, 16.85838225900011], [96.13472747800012, 16.858366966], [96.13476298200004, 16.858282089], [96.13491058300008, 16.857929230000025], [96.13504409800004, 16.857654571000126], [96.13514208400017, 16.85748185000017], [96.13523165400011, 16.857323964000045], [96.1352626540002, 16.857130369000117], [96.1352990470001, 16.856903076000037], [96.13522434200019, 16.856408119000037], [96.13519493000007, 16.85631009700012], [96.13512229900005, 16.85606803900015], [96.13511399400011, 16.855861367000102], [96.13510958400013, 16.8557516730001], [96.13511214800013, 16.855749190000154], [96.13543748900014, 16.855433941000058], [96.13565540400015, 16.855285645000038], [96.135787731, 16.85507788800004], [96.13583107000011, 16.855009842000072], [96.13600848800007, 16.854494083000134], [96.1360321040001, 16.85442543000005], [96.13605893500005, 16.854334704000166], [96.13612461100018, 16.85411262499997], [96.13624542400015, 16.853889330000072], [96.13626289400014, 16.853857040000094], [96.13629781300011, 16.853841646000035], [96.13653691600007, 16.853736242000025], [96.13660502800002, 16.85372873400013], [96.13666862900004, 16.85372172300015], [96.13670814600005, 16.85371736600007], [96.13679748700008, 16.853707518000135], [96.13698101100016, 16.853687287000128], [96.13713674600018, 16.853694733000054], [96.13724895500013, 16.853700098000047], [96.13730812100005, 16.85370292700003], [96.13735444900016, 16.85371258100014], [96.13744600000018, 16.853731658000186], [96.13762664800004, 16.853769302000103], [96.13806279500011, 16.853865941000038], [96.13857650800009, 16.853811264], [96.13857825500014, 16.853811055000108], [96.13864780500006, 16.853802737000137], [96.13866507400013, 16.853800672000034], [96.13877515600018, 16.853787507000106], [96.1387956260001, 16.853785059000074], [96.13888280500015, 16.853774633000114], [96.13892188900019, 16.853769959999966], [96.13895130200018, 16.85376644100012], [96.13902595100006, 16.85376303700002], [96.13903161400009, 16.85376277800009], [96.13921690000012, 16.853754326000114], [96.13952827500009, 16.85375404299998], [96.13983535800014, 16.853733826], [96.14009475700004, 16.853671074000147], [96.14053747400015, 16.853482935000102], [96.14055804200007, 16.853474194], [96.14056078600015, 16.85347302800011], [96.14056444500017, 16.853471779000074], [96.14085462800011, 16.853372740000168], [96.14084326600005, 16.853252278000127], [96.14082963100009, 16.853107724999973], [96.14082703600013, 16.853093487000024], [96.14079502600015, 16.852917807999972], [96.14076042100004, 16.852727890000097], [96.14068260099998, 16.852366257000085], [96.14063072200008, 16.852125168000157], [96.14059829700011, 16.851987362000102], [96.1405010220002, 16.851573945000098], [96.1404485990002, 16.851372228000173], [96.14041328400003, 16.851236344000142], [96.14034152100004, 16.850955964000036], [96.14033126900006, 16.85091590899998], [96.14031522100015, 16.850868685000023], [96.14030846300011, 16.85084879900012], [96.14029686700007, 16.85081467700013], [96.14029056900006, 16.85079614200015], [96.14026903200016, 16.85073276600002], [96.14010320400013, 16.85024479400016], [96.1400182650001, 16.849821661000078], [96.13999939000007, 16.849727631000064], [96.13999121600011, 16.849691625000105], [96.13996475700014, 16.849575065000067], [96.1399001750001, 16.84929056800007], [96.13989321400015, 16.849259906000043], [96.13989109000016, 16.849202182000056], [96.13988227800013, 16.84896278400015], [96.13981478700015, 16.848774968000043], [96.13978551000014, 16.848693501000128], [96.13978494900016, 16.848691940000094], [96.13977857000009, 16.848679588000152], [96.13959185300018, 16.848318100000085], [96.13945198100015, 16.84806633000005], [96.13939842800005, 16.84796089600019], [96.13939613200006, 16.84795637700006], [96.13932991000007, 16.84782600400007], [96.13929990600008, 16.84776802100015], [96.13920555100003, 16.84758567800003], [96.13920414700004, 16.847585769000148], [96.13913672700016, 16.847590136000065], [96.1388265810001, 16.84761022500004], [96.13876806000013, 16.84761401600008], [96.13844795200009, 16.847578812], [96.1385570280001, 16.84731241300011], [96.13856697, 16.84728813200013], [96.13882467500014, 16.84711562300015], [96.13902664200003, 16.84688186699998], [96.13927477000016, 16.8464163000001], [96.13927363300013, 16.846413520000056], [96.13916932600011, 16.846158671000012], [96.13912963900015, 16.84606170700016], [96.13892928500007, 16.845887662000052], [96.13889360400003, 16.845856667000078], [96.1389929950002, 16.84561158500003], [96.13901233700017, 16.845563889], [96.13914096900015, 16.84536898700003], [96.13916926900004, 16.84532610600013], [96.13913736700005, 16.845268013000066], [96.13913665100017, 16.845247953000182], [96.13911563200014, 16.845228434000035], [96.13902626100008, 16.845065689000023], [96.13886800500012, 16.844907434000163], [96.13870975000009, 16.84474917800003], [96.13873135600011, 16.844662452000136], [96.13879394500003, 16.844411214000104], [96.1387727450001, 16.844370603000073], [96.13871234100003, 16.844301621], [96.13866522800015, 16.844247815000188], [96.1386648460001, 16.844246255000087], [96.13866429300015, 16.84424400300003], [96.13863145600004, 16.84411000100016], [96.13839107000001, 16.84388457400007], [96.13811234900015, 16.84396754200003], [96.13782691900013, 16.844052506000082], [96.13766942600017, 16.84398219200017], [96.1375276780002, 16.843918906000056], [96.13723043900018, 16.84397801500006], [96.13710153000011, 16.843948569000133], [96.13694477100017, 16.84391276000008], [96.13694219300015, 16.843899813000178], [96.13688342300009, 16.84360465399999], [96.13687324600005, 16.843553543000098], [96.13707288100011, 16.843227175000095], [96.13737297000017, 16.8430468250001], [96.13742196100003, 16.843054312000106], [96.13745468000019, 16.843059311000104], [96.13770580300007, 16.843097687000068], [96.13794579800015, 16.84288955600016], [96.13795433000013, 16.842882156000087], [96.13803303500015, 16.84285189400009], [96.13804973700013, 16.842815507000182], [96.13817265800009, 16.84279821000007], [96.13840710100004, 16.84270806700016], [96.13854357100013, 16.842453568000167], [96.13854824400005, 16.84244485400012], [96.13847570100017, 16.842245478000166], [96.13837719000014, 16.841974735000065], [96.13824667300008, 16.841709878000074], [96.13817999100007, 16.841574563000165], [96.13816272900004, 16.841559039000117], [96.13792298000004, 16.84134344600011], [96.13750278200007, 16.841211914999974], [96.13745212600014, 16.841196060000186], [96.13728352600003, 16.841129967000143], [96.13724165000013, 16.841139731000055], [96.13711308000018, 16.841063151000128], [96.13709068300017, 16.841054371000098], [96.13681435500007, 16.841001250999966], [96.1367977050001, 16.841005326000072], [96.13674526800008, 16.84101815700012], [96.13669064300012, 16.841031525000176], [96.1366885880002, 16.841032028000143], [96.13668415900008, 16.841033111000115], [96.13643370800008, 16.84122488200012], [96.13626773100009, 16.84140252800006], [96.13624755500007, 16.841449152000166], [96.13606771100007, 16.841585834000114], [96.13596451000018, 16.84157601000004], [96.13595566400016, 16.841579290000084], [96.13595256300016, 16.84157487200008], [96.13573232400012, 16.841261057000168], [96.13572916400005, 16.841256555000143], [96.13572467500012, 16.84125015900014], [96.13568030900018, 16.841083750000166], [96.1356105810001, 16.840822219000074], [96.13541984500011, 16.840082168000038], [96.13530159000004, 16.839553834000014], [96.1352005010001, 16.838998795], [96.13511085500016, 16.838312149000046], [96.13503980500013, 16.837768342000118], [96.1350307740002, 16.837720386000058], [96.13502342900017, 16.837643010000022], [96.13501167300012, 16.837553025000147], [96.13498838800007, 16.83732991500017], [96.13480197200005, 16.835543711000128], [96.13480186400005, 16.83554267900007], [96.13479734100014, 16.835435959000108], [96.134785335, 16.83515273200004], [96.13493017700011, 16.83487163800004], [96.13509956700011, 16.834821907000105], [96.1351019110001, 16.834821219000048], [96.13510981500008, 16.83481889800015], [96.13531997000013, 16.834757197999977], [96.1356323780002, 16.834842410000135], [96.1359710690001, 16.834762192000028], [96.13613605800015, 16.834873292], [96.13617144500012, 16.83489712200003], [96.13620884900001, 16.834922309000092], [96.13623619000009, 16.834940720000077], [96.13648319300017, 16.83521413800014], [96.13683967600008, 16.835268593000137], [96.13716480900007, 16.83506673500011], [96.13717183200004, 16.835062374000188], [96.13717283700004, 16.83505908400008], [96.13719404800008, 16.83498961100014], [96.13724578400013, 16.834820162000028], [96.13728141800004, 16.83470344500006], [96.1373722080001, 16.83437614400009], [96.1376738800002, 16.83424129600013], [96.13768492800006, 16.83423635700018], [96.13771077100012, 16.834220289000086], [96.137971215, 16.834058354999968], [96.13800430300012, 16.834037781000063], [96.13828563700008, 16.833877564000034], [96.13833465600015, 16.834167399000137], [96.13834918600014, 16.83425331100011], [96.13862696600017, 16.834396883000124], [96.13921165500017, 16.834294320000083], [96.13947639500003, 16.83427162200013], [96.13959659300019, 16.833920739000177], [96.13954505700019, 16.833725520000087], [96.13950538600005, 16.833575248999978], [96.13932785100019, 16.833266759000026], [96.13931274400011, 16.833240509000177], [96.1393742480002, 16.833230221000065], [96.13953590400007, 16.833203179000122], [96.13955052500012, 16.833198331000062], [96.13975562400014, 16.833130317000098], [96.13975885200006, 16.833129247000045], [96.13993700700013, 16.83289607200004], [96.13996384300003, 16.83286094700003], [96.13995319800011, 16.83278813900006], [96.13992863700014, 16.83262015500003], [96.13992098100005, 16.832567794000056], [96.13992009900016, 16.832561766000083], [96.13986080700005, 16.832345224000107], [96.13984934500019, 16.832303365000087], [96.13990751000011, 16.83225437900012], [96.13991896100003, 16.832244735000017], [96.13992171200005, 16.832242418000135], [96.1400524140002, 16.832132339000168], [96.1403865810002, 16.832075119000024], [96.14048659000002, 16.832065298000032], [96.14071499200008, 16.832042868000144], [96.14074408700014, 16.832125881000138], [96.14082603400004, 16.83235969500015], [96.14098625200018, 16.832624435000184], [96.14123630500018, 16.832727433000173], [96.14141337100006, 16.832976659], [96.14145828000017, 16.832957592000128], [96.14164751200019, 16.832877246000066], [96.14163175200014, 16.832698845000152], [96.14161515800015, 16.832646797999985], [96.14160577400008, 16.832627172000173], [96.14159090800013, 16.83259607500014], [96.14159020700015, 16.832594610000115], [96.14158821100017, 16.832590436000146], [96.14157092000005, 16.832554270000173], [96.14155893500003, 16.83252920000001], [96.14152701100005, 16.832462428000042], [96.14151892500013, 16.832445516000064], [96.14151191700006, 16.832403412000133], [96.14149435200011, 16.83229787900018], [96.14149414299999, 16.832296625000083], [96.14148203500008, 16.83222387300009], [96.14147864600005, 16.832192027000133], [96.14147758500008, 16.832182059], [96.14147491900019, 16.832157000000166], [96.14135856600006, 16.831958389000135], [96.14110502600005, 16.831744974000173], [96.14100074700002, 16.831657198000187], [96.14074794200019, 16.831271992000097], [96.14067459100005, 16.831160227], [96.14066816900004, 16.830990727000028], [96.1406612400001, 16.83080787600005], [96.14098416200017, 16.830810257], [96.1409852920001, 16.83081026600007], [96.1409865780002, 16.830810275000033], [96.14110861600017, 16.830795217000173], [96.14142140500019, 16.830756621000035], [96.14142319400008, 16.830755341999975], [96.14158902300005, 16.830636598000126], [96.14161582400004, 16.830529101000025], [96.14178453100004, 16.830496602000096], [96.14182395900013, 16.83046836900013], [96.14213856800012, 16.83047364000015], [96.14227605900004, 16.830703907999975], [96.14230918900012, 16.830759395000086], [96.14260503999998, 16.83071751100016], [96.14289207500019, 16.830446243000097], [96.14303125600009, 16.830218451000064], [96.14306955700016, 16.83011515900006], [96.14305961900004, 16.83007680800017], [96.14305522700005, 16.830059859000073], [96.14305338800017, 16.830052760000115], [96.14305305500005, 16.83005147800003], [96.14305229500013, 16.830048546000114], [96.14305123400015, 16.830041390000076], [96.14305033800008, 16.830035353000028], [96.14302117000017, 16.829838798000026], [96.14306458700008, 16.829831547000026], [96.14312616500001, 16.829821264000145], [96.1431589230001, 16.82981579400007], [96.14318198700005, 16.829811942000106], [96.14320911100015, 16.82973879000008], [96.14349174500006, 16.829710007000074], [96.1437580110001, 16.82966117900014], [96.14375908099998, 16.829660225000055], [96.14402342200009, 16.829424626000048], [96.14403836800011, 16.829348878000133], [96.14403930399999, 16.829344138000124], [96.14405819100006, 16.829248428000028], [96.14406120500013, 16.829233153000075], [96.14406300000019, 16.829224055000054], [96.14406117800002, 16.82917002099998], [96.14405848700011, 16.82909025200007], [96.14405523900018, 16.82899392500019], [96.14405499600008, 16.828986722000025], [96.14405496000006, 16.828985670000122], [96.14407209200004, 16.828881037000087], [96.14407404200006, 16.828869131000147], [96.14407648400004, 16.828854210000088], [96.14407123200016, 16.828821182000183], [96.14419441300015, 16.828556443000025], [96.14419533200015, 16.828555405000145], [96.14434734700018, 16.82838332], [96.14439092300006, 16.828333991000136], [96.14438920100008, 16.828100705000168], [96.14438858100004, 16.82801666200004], [96.14454629700015, 16.82762379100012], [96.14446505100017, 16.827450018000093], [96.14440282100014, 16.827316920000044], [96.14412995900011, 16.827042316000075], [96.14412880000015, 16.827041150000184], [96.14383125300009, 16.82684135400018], [96.14372844400003, 16.826757915000087], [96.14362653100005, 16.82667520299998], [96.14363087700008, 16.826647550000132], [96.14364996400013, 16.826526079000075], [96.14365881700007, 16.82646973600015], [96.14366548700008, 16.826427287000115], [96.143920305, 16.826393538000048], [96.14405562600012, 16.82637561399997], [96.14418388800004, 16.826422766000178], [96.14426675900006, 16.82645323100013], [96.14433097800014, 16.826476839000122], [96.14440708400008, 16.826536876000034], [96.14448669300015, 16.826599678000036], [96.14462035000014, 16.826705115000152], [96.14478329200011, 16.826804341000013], [96.14488792400005, 16.826868057000127], [96.14525448199998, 16.826822974000038], [96.14540443400017, 16.82642936700006], [96.14574718500018, 16.82616138500009], [96.14609565800015, 16.82592735300011], [96.1462141680002, 16.825551987000154], [96.1460434990002, 16.82527068400003], [96.14602449000012, 16.82523935300003], [96.14600341700009, 16.825189719000036], [96.14620062200015, 16.824972124000055], [96.14623689700005, 16.824932099000023], [96.14626444900017, 16.82494577799997], [96.1463932170002, 16.825009709000028], [96.14641632500013, 16.825021181000125], [96.14647892500017, 16.825052261], [96.14664615300012, 16.825385874000176], [96.14666730700009, 16.825768731000153], [96.14652778700014, 16.82617706100018], [96.14647579200016, 16.82632923100016], [96.14642225600016, 16.826444019000064], [96.14631878300003, 16.82666587900013], [96.14643096900011, 16.826905250000095], [96.14666938800019, 16.827241898000068], [96.14678972500013, 16.827372407000155], [96.14703039700015, 16.82763342400017], [96.1472037920002, 16.82761793600008], [96.1473487500001, 16.827604988000076], [96.14751581000007, 16.827436293000062], [96.14751625100018, 16.827435616000116], [96.14752929300005, 16.827415615000177], [96.14754223800014, 16.827405124999984], [96.14754595100015, 16.827402115000098], [96.14756471700014, 16.82738690700006], [96.14764976500004, 16.827301025999986], [96.14789729600017, 16.826979955000184], [96.14807930000012, 16.82717247], [96.14811801800016, 16.82719455600005], [96.1483109790002, 16.827304629000025], [96.14862887100003, 16.827135086000112], [96.14893150300003, 16.826882553000075], [96.14902574400014, 16.82682942000008], [96.14904372300009, 16.826806322000095], [96.14913721900018, 16.82676657000019], [96.14923558900017, 16.826711109000144], [96.14949716800004, 16.826609203000032], [96.1497847230001, 16.82655016600006], [96.15002191300005, 16.82635553700004], [96.15003700200015, 16.826343155000075], [96.150455475, 16.826249123000082], [96.15056578399998, 16.826241160000052], [96.15081214900005, 16.826223374], [96.15127130000013, 16.82621366400008], [96.15166748900009, 16.82609960800005], [96.15187178700012, 16.825898700000153], [96.15213203400009, 16.82578686300002], [96.1524444150001, 16.82570330300007], [96.15267714200007, 16.82588118700005], [96.15277671800015, 16.825957298], [96.15308050700014, 16.82610789200004], [96.15338683800019, 16.826020920000133], [96.15343839500008, 16.826006283000083], [96.15387916600008, 16.827536323], [96.15390586800015, 16.82823753400004], [96.15392725200013, 16.828486916000088], [96.15393977600007, 16.828632990000074], [96.15394730800017, 16.828637403000187], [96.1539495740002, 16.828638730000023], [96.15396051400006, 16.828645138000184], [96.15399688500014, 16.82866644400019], [96.1540286710001, 16.828685064000126], [96.15404623, 16.82869535000009], [96.15415584900012, 16.828759564000052], [96.15419814700005, 16.828784342000176], [96.15423367000005, 16.82880515100004], [96.15424957900007, 16.8288144710001], [96.15426815000006, 16.828825349000113], [96.15427584200017, 16.828829855000095], [96.1542824330001, 16.828833716000133], [96.15452731700015, 16.82893458200016], [96.15456016400009, 16.828982754000037], [96.15458449700009, 16.829018439000095], [96.15461718400019, 16.829066377000117], [96.15462488700001, 16.82907767500018], [96.15465280500001, 16.82911861900004], [96.15469052800006, 16.829171556000063], [96.1547032540002, 16.829189416000077], [96.15476086500007, 16.829697109999984], [96.15481413700007, 16.830176102000053], [96.15482545900011, 16.83027789900018], [96.1549510960001, 16.831407547000026], [96.15497106600014, 16.83151456200011], [96.15498213000018, 16.83157385000004], [96.15502474800019, 16.83180222200008], [96.15506392300011, 16.832147085000145], [96.15507698100015, 16.832262039000057], [96.15519281600001, 16.83304565400016], [96.15520561900013, 16.833135002000063], [96.15522603100004, 16.833277444000146], [96.15570068400012, 16.83658981299999], [96.15588681100019, 16.837846553000077], [96.15593147300012, 16.83814811800005], [96.15593164100017, 16.838149425000097], [96.1560523600001, 16.839087742], [96.15607230600017, 16.839178115000095], [96.15613055500006, 16.839687321000156], [96.15613901600017, 16.839761297000052], [96.15614182900015, 16.839785879000146], [96.15614306800012, 16.83979671000003], [96.15614511100006, 16.839814579], [96.15621380400012, 16.84050909800004], [96.15623742000014, 16.840647433000186], [96.15632783700005, 16.841177060000064], [96.15636643800013, 16.841352914000026], [96.15636843100003, 16.841361991000156], [96.15637020100019, 16.841370056000017], [96.15651863500005, 16.842046277000122], [96.15664096800015, 16.843237369000065], [96.1566600760001, 16.843423406000113], [96.15698251700007, 16.845675141000186], [96.15698286600019, 16.845677578000107], [96.15708088200012, 16.846362071000158], [96.15711473000005, 16.846598446000087], [96.15726252000002, 16.84676674500008], [96.15732331700019, 16.846835979000105], [96.15737533600014, 16.8468952180001], [96.15738259000005, 16.846902277000083], [96.15748152700013, 16.846998558000166], [96.1574940590001, 16.847010754999985], [96.15751163400006, 16.84702785700017], [96.15763967800018, 16.847152465000022], [96.1576412980001, 16.847154042000057], [96.15765953100009, 16.847171784000068], [96.15798855600008, 16.847413056000164], [96.15803431400013, 16.847446610000077], [96.15809451300004, 16.847490754000034], [96.15810759600015, 16.847500348000096], [96.15811469000005, 16.84750554900006], [96.15816996000018, 16.847546078000164], [96.15827598500016, 16.847623825000085], [96.15861426300006, 16.848043186000098], [96.15872909800004, 16.84818554600014], [96.15875029700015, 16.848202042000082], [96.15878062900015, 16.848225645000184], [96.1588110780001, 16.848249338000073], [96.15888297700008, 16.848305287000187], [96.15896864400014, 16.84837194900018], [96.15908328100016, 16.848461154], [96.15908826000009, 16.848465029000067], [96.15909084900005, 16.848467043000085], [96.15916765600014, 16.848526811000056], [96.159372716, 16.84869008900006], [96.15947211600007, 16.848862415999974], [96.15951535400012, 16.848937377000084], [96.15951956600009, 16.84894467900017], [96.15952220400015, 16.848949252000068], [96.15954896300013, 16.84899564300008], [96.15955774800005, 16.849010874000044], [96.1595586140001, 16.849012375000086], [96.15959915300004, 16.84924754300016], [96.15960924600006, 16.849306096000134], [96.15965574600017, 16.849575851000168], [96.15966732300018, 16.8496430080001], [96.15966624600014, 16.84997368300003], [96.15966491500012, 16.850133374000166], [96.15966458300011, 16.850173297000026], [96.15966424700008, 16.850213555000153], [96.15966496700014, 16.850259113], [96.15967176400005, 16.850689588000023], [96.15967178400007, 16.85069084200012], [96.15984408100002, 16.851790110000138], [96.16018740400011, 16.852313085000162], [96.16026122400018, 16.852425532000098], [96.160294851, 16.8524767560001], [96.16079139700008, 16.85261917100007], [96.16121374800014, 16.852596668000047], [96.16172599800007, 16.852629661000037], [96.16217613200018, 16.85270881600013], [96.16250292500013, 16.85276222200008], [96.16270103500017, 16.85246009800011], [96.16309293100011, 16.852432887000077], [96.16335042400016, 16.852073670000152], [96.1633992150002, 16.852085218000013], [96.16342563600017, 16.852091471999984], [96.16352728400005, 16.852115531000152], [96.16368484500003, 16.85215282500019], [96.16377602900013, 16.85219280800004], [96.16381221199998, 16.85220867400011], [96.16386706100019, 16.85223272500008], [96.1640052790001, 16.852293331999988], [96.16415682200011, 16.852413716], [96.16428427200015, 16.852514961000168], [96.16434475500012, 16.852517225000156], [96.1644551890002, 16.852521357000114], [96.16478469200018, 16.852533688], [96.1649262630001, 16.85262604000019], [96.1650503300001, 16.852706973000068], [96.16509079800011, 16.85273337199999], [96.16513697300007, 16.852763493999987], [96.16527054400007, 16.85292301800007], [96.16538238500016, 16.853056589], [96.16551589900018, 16.853367805000175], [96.16573143000016, 16.853713036000045], [96.16573722500004, 16.853727769000102], [96.16589780500016, 16.854135997000128], [96.16589851400016, 16.854137802000025], [96.1662534990001, 16.85447502200003], [96.16655116700002, 16.85468228700006], [96.16678047200008, 16.854987281000092], [96.16692490100007, 16.85506925100009], [96.16700790400012, 16.855116357999975], [96.16706085200019, 16.855146408000167], [96.1671570310001, 16.855198505000146], [96.16720302800007, 16.85522342000013], [96.16733551000004, 16.855295181000145], [96.16737826700012, 16.855333392000034], [96.167403245, 16.855355714999973], [96.16762256700008, 16.855551720000165], [96.1678681260002, 16.85573689500012], [96.16790770400013, 16.85576674100008], [96.16791343700015, 16.85577106400018], [96.16832637800013, 16.855952262000073], [96.16846528200006, 16.856054220000146], [96.16869926500016, 16.85622596800016], [96.16901137600013, 16.856475656000043], [96.16908073500008, 16.856531143000097], [96.16920612600006, 16.856637958000135], [96.1694927210001, 16.856882095000174], [96.16973083100004, 16.857071232000123], [96.17003059400008, 16.85730934100019], [96.17032534200013, 16.85750719700019], [96.17048597299998, 16.857615024000154], [96.17063927300006, 16.857717929000046], [96.17072105400018, 16.857772827000133], [96.17084200600004, 16.857876053000155], [96.17092864700004, 16.85794999700005], [96.17094230700013, 16.857961655000167], [96.17094870200003, 16.857967694000024], [96.17102862800004, 16.85804318000004], [96.17110370400007, 16.85811408400008], [96.17113113400018, 16.858139991000144], [96.17126976600014, 16.858238665000158], [96.1714229590001, 16.858347702], [96.17149927100019, 16.85838405700008], [96.17169761700006, 16.858478546000185], [96.17203394500018, 16.858627319000163], [96.1721756880001, 16.858743494000066], [96.1721949590002, 16.858759289000034], [96.17224039400014, 16.85879652900013], [96.17227858100017, 16.858846154000048], [96.17231123800013, 16.858888593000074], [96.17247690500005, 16.859103884000035], [96.17261870900006, 16.85924890700005], [96.17277039400011, 16.859404034000022], [96.17303276000013, 16.859581629000047], [96.17315368600003, 16.85967788900001], [96.17328834600016, 16.85978508000011], [96.1733715810002, 16.859858192000104], [96.17343862800016, 16.85991708500012], [96.17345826100006, 16.859934330000044], [96.1735111550002, 16.859980791000055], [96.17357063200006, 16.86003303500013], [96.1737739190001, 16.860215647000132], [96.1737957000002, 16.860235214000056], [96.17402916000015, 16.86039619400003], [96.17432212800009, 16.860722542000076], [96.17432401900015, 16.86072508899997], [96.17441351600019, 16.86084566000011], [96.17455558800003, 16.86103706400013], [96.17485872900016, 16.861249924000163], [96.17489535400006, 16.861279060000072], [96.17494433100012, 16.86131802200009], [96.17512702900012, 16.861463362000052], [96.17525071200015, 16.861561754000036], [96.1753107890001, 16.861609546000068], [96.17531267800013, 16.86161104900009], [96.1754849730001, 16.86176669500003], [96.17578703000015, 16.862039566000135], [96.17601290200014, 16.862243612000157], [96.17614173900006, 16.86236], [96.1763017720001, 16.862506141000097], [96.17669105500005, 16.862861633000023], [96.17722129800012, 16.86335945100018], [96.17753914700006, 16.863657041000124], [96.17779986100015, 16.86390113800013], [96.17795169300007, 16.864083014000073], [96.17807388800014, 16.86426514500016], [96.17848967500004, 16.864884867000114], [96.1784898200001, 16.864885083000104], [96.17837715800005, 16.864999747000184], [96.174623081, 16.871747503], [96.17455336400019, 16.871825501000046], [96.1739341130002, 16.872856987000148], [96.17257306100004, 16.87317598400017], [96.17210668700017, 16.873285290000126], [96.17109891500007, 16.873003114000085], [96.16996517200016, 16.87268566600011], [96.1669670510002, 16.871914721000167], [96.16448289400006, 16.871971828000028], [96.16256331400007, 16.872744992000037], [96.16238256600019, 16.872933317000047], [96.16238207400016, 16.872933878000026], [96.1622044290001, 16.87313663000009], [96.16194706200002, 16.87343037000005], [96.16179264600004, 16.873759549000056], [96.16163040100002, 16.874105412000176], [96.16158790300005, 16.874069268000028], [96.16124512500016, 16.873777735000147], [96.16121678400003, 16.873753631000113], [96.16012382500008, 16.87288284400006], [96.15919303900017, 16.872203827000135], [96.15831947300018, 16.871591568000156], [96.15758883100011, 16.87107938100013], [96.15616226200012, 16.870323181000117], [96.15577049500013, 16.870127541999977], [96.15545005700011, 16.86996752400006], [96.1550703050001, 16.87053299000013], [96.1547393800002, 16.871072769000136], [96.154319763, 16.871723175000113], [96.15419987600012, 16.871924401000058], [96.15402317100018, 16.8722209930001], [96.1539795810001, 16.8723097620001], [96.15380363400004, 16.872668076000082], [96.15370178300003, 16.873020173000157], [96.15358416200019, 16.873458226000082], [96.15342674300018, 16.873688126000104], [96.1533527380002, 16.87400150300016], [96.1533107750002, 16.87448310900004], [96.15324974000004, 16.874929428000144], [96.15319061200012, 16.875400543000126], [96.15310096700006, 16.875890732000073], [96.15303993200007, 16.876363754000124], [96.15299034200007, 16.876819611000087], [96.15295219400008, 16.87725257900007], [96.1529407500002, 16.87769126900008], [96.15295219400008, 16.878173829000048], [96.15295219400008, 16.87869071900019], [96.15295219400008, 16.879093170000033], [96.15292930600015, 16.87956142400003], [96.15283966100009, 16.88004303000008], [96.15273094200006, 16.880567550000137], [96.15252113400015, 16.881673813000134], [96.15241486700012, 16.88230896000016], [96.15228271500001, 16.882778168000073], [96.1521816250002, 16.88324165299997], [96.15212059000004, 16.88361167900007], [96.15206064500012, 16.883990968999967], [96.15203291700016, 16.88409887100005], [96.1519527430001, 16.884410858000024], [96.15192506900013, 16.88452161500004], [96.15183285300014, 16.884890692000113], [96.15178382900012, 16.88519222200017], [96.15178108300012, 16.88558006300019], [96.15181160000003, 16.885993958000086], [96.15182113700001, 16.8864841460001], [96.1518421180001, 16.886962891000053], [96.15184974700009, 16.887372970000115], [96.15187072800012, 16.88778877300018], [96.15187263500002, 16.888154983999982], [96.15183544200005, 16.88869094800009], [96.15177059200005, 16.889089585000136], [96.1516799920002, 16.88944435100018], [96.15148162899999, 16.890172958000164], [96.15116119400005, 16.891143799000133], [96.15104670300008, 16.89152566700011], [96.15084266700006, 16.892206192000174], [96.15060997000012, 16.892961502000162], [96.15038299600013, 16.893709183000112], [96.14926696900011, 16.893463580000116], [96.14812482800016, 16.893154250000123], [96.14767273000007, 16.893178045000013], [96.14710166000009, 16.893249429000093], [96.14612608100009, 16.893273223000108], [96.14545983200014, 16.89334460700013], [96.14510449900013, 16.89330019099998], [96.14508541900017, 16.893297804999975], [96.14474023899999, 16.893074454000043], [96.1446888870002, 16.89304122600015], [96.144403351, 16.892731896000157], [96.14433244700018, 16.892616677000092], [96.14431124300006, 16.89258222], [96.14421299300005, 16.89242256700004], [96.14431880800004, 16.89214039600006], [96.14440289500016, 16.89191616400018], [96.144427145, 16.89185149600013], [96.144427145, 16.891375603000085], [96.14441286900012, 16.891372884000134], [96.14441286900012, 16.89136965500012], [96.1442529680001, 16.891339197000093], [96.14391318200006, 16.891274475999978], [96.14336590600004, 16.891274475999978], [96.14258068400011, 16.89113170899998], [96.14196878300004, 16.891094995000174], [96.14139095300015, 16.891060325000126], [96.13993948200005, 16.891203092000126], [96.13984033800006, 16.891237733000082], [96.13895200600007, 16.891548114000102], [96.13777417300008, 16.891940725000154], [96.13702464200014, 16.892190569000036], [96.13638218800008, 16.892333336000036], [96.13602745700013, 16.892333336000036], [96.13588913000012, 16.892333336000036], [96.13525432400019, 16.89183959900015], [96.13497767100012, 16.891655164000042], [96.13484176700007, 16.89156456100011], [96.13481074300017, 16.891543878000107], [96.13461186900008, 16.891411296000115], [96.13451799100011, 16.891300851000153], [96.13413977600015, 16.890855892], [96.13400510600002, 16.8906974570001], [96.13395088700008, 16.890625164000085], [96.13389803100017, 16.8905546900001], [96.13369033600009, 16.890277762000153], [96.13357680300004, 16.890126387000123], [96.13290086100005, 16.889601934000154], [96.13259773300001, 16.88937187200014]]]}}, {"type": "Feature", "properties": {"adm4_name": "Urban", "adm4_name1": null, "adm4_name2": null, "adm4_name3": null, "adm4_pcode": "MMR013043701", "adm3_name": "Dagon", "adm3_name1": "ဒဂုံ", "adm3_name2": null, "adm3_name3": null, "adm3_pcode": "MMR013043", "adm2_name": "Yangon (West)", "adm2_name1": "ရန်ကုန်(အနောက်ပိုင်း)", "adm2_name2": null, "adm2_name3": null, "adm2_pcode": "MMR013D004", "adm1_name": "Yangon", "adm1_name1": "ရန်ကုန်တိုင်းဒေသကြီး", "adm1_name2": null, "adm1_name3": null, "adm1_pcode": "MMR013", "adm0_name": "Myanmar", "adm0_name1": "မြန်မာနိုင်ငံ", "adm0_name2": null, "adm0_name3": null, "adm0_pcode": "MMR", "valid_on": "2024-02-15T00:00:00", "valid_to": null, "area_sqkm": 4.86998083, "version": "v01", "lang": "en", "lang1": "my", "lang2": null, "lang3": null, "adm4_ref_name": "Urban", "center_lat": 16.79300305, "center_lon": 96.14449028}, "geometry": {"type": "Polygon", "coordinates": [[[96.14435958800004, 16.802213669000025], [96.1442066190001, 16.802530288000185], [96.14407404600001, 16.802751719000128], [96.14402961700017, 16.802825928000118], [96.14398782100011, 16.802879914000187], [96.14361763000011, 16.803358078000144], [96.14327812200008, 16.803800583000054], [96.14286899600017, 16.804330826000125], [96.14263916000016, 16.804663658000152], [96.14255550100006, 16.80459809000007], [96.14224161400011, 16.80435207900001], [96.14193153400004, 16.804147721000163], [96.1415615090001, 16.803874970000095], [96.14120292700005, 16.803577423000036], [96.14091491700003, 16.803358078000144], [96.14059257600013, 16.803115845000036], [96.1395778660002, 16.802400589000058], [96.13884544400014, 16.80188369700005], [96.138396419, 16.80161685300004], [96.13803291600004, 16.801317210000036], [96.13803196200018, 16.801316422000127], [96.137931584, 16.801262172000065], [96.137931546, 16.801262151000174], [96.13780737300016, 16.801195041000142], [96.13778927200013, 16.80118525800009], [96.13773436800005, 16.80115558500006], [96.1377230870001, 16.801149487999965], [96.1377170230001, 16.801145906000045], [96.13763995600004, 16.80110038800018], [96.13758654500015, 16.80106884100013], [96.1369532830002, 16.800683928000183], [96.13694687000009, 16.800680030000024], [96.1368363630001, 16.800604853000152], [96.13671794400017, 16.80052429500006], [96.13649206100018, 16.800370631000135], [96.13623964300012, 16.800198915000124], [96.13581395100005, 16.79992095700004], [96.13569086600006, 16.799840589000155], [96.13513347300005, 16.79941662500005], [96.13475509800008, 16.799158274999968], [96.13436325700008, 16.798890730000153], [96.13425090600015, 16.798808237000173], [96.1340753610001, 16.798679343000174], [96.13407517900009, 16.79867920900017], [96.13404293500008, 16.798655534000034], [96.13403142800007, 16.79864708500014], [96.13378287100005, 16.798464114000012], [96.13327228000014, 16.7981173820001], [96.13307924300011, 16.79798629400011], [96.13298974000003, 16.797925514000042], [96.13295486200019, 16.797897786000078], [96.13286729400005, 16.797828170000173], [96.13286706600019, 16.797827988000165], [96.13274855200018, 16.797733769000104], [96.13266892500008, 16.797670466000056], [96.13258037500003, 16.797608181000157], [96.13255827500012, 16.797592636000047], [96.13246733900007, 16.797528672000055], [96.13243845099998, 16.797506332000182], [96.13238575600019, 16.79746558200003], [96.132378721, 16.79746014200009], [96.13237869400012, 16.797460120000096], [96.13214691200011, 16.79728087799998], [96.131990067, 16.797159586000078], [96.13143448600016, 16.796729943000173], [96.13141346900011, 16.79671369000016], [96.1314145820001, 16.796709598000177], [96.13141798300012, 16.796697099000085], [96.1314779180002, 16.796476820000066], [96.13147843700017, 16.79647491200012], [96.13150611500015, 16.79637318400006], [96.13210117400007, 16.79427119600001], [96.13214704800015, 16.794124183], [96.13214813100012, 16.79412071100012], [96.13226532500005, 16.79374513600004], [96.13242552200006, 16.79315404700003], [96.13251443100006, 16.79285204400003], [96.13274393100005, 16.792072489000077], [96.13274627000015, 16.792064546000063], [96.13279064200009, 16.791913822000026], [96.13298176400008, 16.79129248700002], [96.1330193170001, 16.79116395300008], [96.13302052100005, 16.79115983300005], [96.13310786200003, 16.790860886000132], [96.13334433500017, 16.790052262000188], [96.13339336500013, 16.789892372999986], [96.13353117300016, 16.789430902000106], [96.1336463900002, 16.789030103000073], [96.13364782200017, 16.78902512100018], [96.13367271600009, 16.788938522000024], [96.13367274100017, 16.788938433000112], [96.13367295800009, 16.788937680000174], [96.133710668, 16.788820741000166], [96.13371509000001, 16.788807029999987], [96.13384395600019, 16.78840742500006], [96.13390754700004, 16.788191079000114], [96.13391005900007, 16.788182534000043], [96.13393562100009, 16.78809556800013], [96.13401544300012, 16.78782844600005], [96.13405736300018, 16.787668028999974], [96.1340785380001, 16.78757351200005], [96.13407897600013, 16.787571556000103], [96.13411124200013, 16.787427531000162], [96.13411254700014, 16.787419872000157], [96.13411351600013, 16.78741417900011], [96.13411903400004, 16.787378311000168], [96.13412546200004, 16.787344027000188], [96.13414488300015, 16.78722998700016], [96.13414963899999, 16.78720205600007], [96.13416759000017, 16.787030026000025], [96.13416830500012, 16.78702317], [96.13417154300004, 16.78699214100004], [96.13415687000014, 16.786792159000186], [96.13415686200017, 16.78679076700007], [96.13415604800008, 16.786641133000103], [96.13415587900016, 16.786610165000013], [96.13422107700006, 16.786841392999975], [96.13455886800006, 16.78659515400011], [96.13495826700012, 16.78642845100012], [96.13551521300019, 16.786256791000085], [96.1360635750001, 16.786106110000162], [96.13639068700019, 16.78602600100004], [96.13671684300016, 16.785957337000013], [96.13739395100004, 16.785797119000108], [96.13821029700006, 16.78558206600013], [96.13925170900012, 16.78534507800009], [96.14020347600007, 16.785120011], [96.14065255500003, 16.785017415000084], [96.14067626200011, 16.785012614000095], [96.14067984500014, 16.785011630000042], [96.14068951200011, 16.785008972000185], [96.14115524400012, 16.784902572000078], [96.1422271730001, 16.784633637000127], [96.14296379100011, 16.784471512000096], [96.1434059140002, 16.784288407000133], [96.14384174300011, 16.784055710000132], [96.14411899000004, 16.783875874000046], [96.1445751190002, 16.78351783800008], [96.14507865900009, 16.783109665000154], [96.14636898000003, 16.78203868900016], [96.14668152500002, 16.781839024000078], [96.14702687900018, 16.781716756000094], [96.14751134600004, 16.781607764000114], [96.14797231900008, 16.78156365300009], [96.1503276850001, 16.781496138000136], [96.15157381699998, 16.781461716000138], [96.152029143, 16.78144571500013], [96.15293979600011, 16.781413714000053], [96.15320815000013, 16.781475588000035], [96.15326425800015, 16.7814885250001], [96.1534264880001, 16.7815259300001], [96.1549758650001, 16.781328933000054], [96.15569877600018, 16.781316018000155], [96.15843374500002, 16.78111163000011], [96.1590977890001, 16.781062004999967], [96.15911292600003, 16.78106087400016], [96.15911293000005, 16.781061172000022], [96.15911660300009, 16.7812457550001], [96.15911790000007, 16.781314092000173], [96.15912108600014, 16.781481966], [96.15912539000016, 16.781708658000127], [96.15912752700007, 16.781821273000105], [96.1591276470001, 16.781827604], [96.15911924700009, 16.782038016], [96.15911376300016, 16.78217540500009], [96.15910911600008, 16.782361983999976], [96.15910802600013, 16.782681329000013], [96.15910173900005, 16.782727006000187], [96.15904977700006, 16.783104579000053], [96.15897107400019, 16.783241465], [96.15891361200005, 16.783341408000013], [96.15851129800018, 16.783643177000044], [96.15792083800017, 16.78427314800001], [96.15736103, 16.784891605000155], [96.15657043500005, 16.786001841000143], [96.156723542, 16.786319560000038], [96.156810265, 16.786416190000068], [96.1570301050001, 16.786661148000064], [96.1573589320002, 16.78703193700011], [96.157588632, 16.787508655000124], [96.15750535200004, 16.78797868300012], [96.157362207, 16.788786587000175], [96.1573619850002, 16.788787842000033], [96.15718214800012, 16.789653506000036], [96.15697097800006, 16.790672303000065], [96.15679168700007, 16.791380883000045], [96.15675163300011, 16.79164314200017], [96.1567005440001, 16.79197358500005], [96.15663344000006, 16.79229513300004], [96.15663338400003, 16.792295456000147], [96.15645404900005, 16.79332874500011], [96.15646096800015, 16.79379608100004], [96.15646123000016, 16.793813783000076], [96.15648652000016, 16.79410892100003], [96.15646934500006, 16.79446888000001], [96.15646934500006, 16.794906617000095], [96.15646596800002, 16.795048456000018], [96.15646267000011, 16.795186996000098], [96.15648341200006, 16.795326807000038], [96.1565010760001, 16.79544587600003], [96.15620231600008, 16.795511246000103], [96.15592384400014, 16.79559135400018], [96.15517234800012, 16.795841853000013], [96.1548717500001, 16.79595603900009], [96.15410232500011, 16.796220780000056], [96.15356763200003, 16.796422641000106], [96.15319252000006, 16.796392440000034], [96.15284767100007, 16.79635810800005], [96.152549744, 16.796268464000093], [96.15213966400017, 16.79607073500017], [96.15171051100015, 16.795900345000064], [96.15128593500015, 16.795742417000156], [96.1509825390001, 16.795717239000055], [96.15100288600013, 16.795740629000022], [96.15127372700005, 16.79605198000013], [96.15157127300017, 16.796319961000165], [96.15182113700001, 16.796552658000167], [96.15205955500005, 16.796835708000117], [96.15216636600007, 16.79714298200014], [96.15223480700018, 16.797600801999977], [96.15179061900017, 16.798692704000132], [96.15166282600018, 16.799070358000108], [96.15150165500006, 16.79953002900004], [96.15143203800011, 16.799928666000028], [96.15133953100013, 16.80035019000013], [96.15127598800012, 16.80052324900015], [96.151201566, 16.80072593700004], [96.15067386200008, 16.800937316000045], [96.14991188000005, 16.800872803000118], [96.14961115500017, 16.80089442000019], [96.14923954000005, 16.80104923300013], [96.14885749800004, 16.801311112000064], [96.14829826400012, 16.80157280000003], [96.14805030800005, 16.801691055000106], [96.14778137200017, 16.801833153000132], [96.14753913900012, 16.80202293400015], [96.14725494400017, 16.802252769000063], [96.14684772600003, 16.802424431000077], [96.14657211300005, 16.802501679000045], [96.14639577300005, 16.80256481600003], [96.1462239660001, 16.802626330000123], [96.14600546500009, 16.802509911000186], [96.14586830200017, 16.802436828999987], [96.145523072, 16.802241325000182], [96.14521598800019, 16.802011490000098], [96.14497299200019, 16.801853562000133], [96.14488261300005, 16.80184057600013], [96.14454333000015, 16.801791827000102], [96.14435958800004, 16.802213669000025]]]}}, {"type": "Feature", "properties": {"adm4_name": "Urban", "adm4_name1": null, "adm4_name2": null, "adm4_name3": null, "adm4_pcode": "MMR013044701", "adm3_name": "Bahan", "adm3_name1": "ဗဟန်း", "adm3_name2": null, "adm3_name3": null, "adm3_pcode": "MMR013044", "adm2_name": "Yangon (West)", "adm2_name1": "ရန်ကုန်(အနောက်ပိုင်း)", "adm2_name2": null, "adm2_name3": null, "adm2_pcode": "MMR013D004", "adm1_name": "Yangon", "adm1_name1": "ရန်ကုန်တိုင်းဒေသကြီး", "adm1_name2": null, "adm1_name3": null, "adm1_pcode": "MMR013", "adm0_name": "Myanmar", "adm0_name1": "မြန်မာနိုင်ငံ", "adm0_name2": null, "adm0_name3": null, "adm0_pcode": "MMR", "valid_on": "2024-02-15T00:00:00", "valid_to": null, "area_sqkm": 8.42655946, "version": "v01", "lang": "en", "lang1": "my", "lang2": null, "lang3": null, "adm4_ref_name": "Urban", "center_lat": 16.81105267, "center_lon": 96.15700645}, "geometry": {"type": "Polygon", "coordinates": [[[96.15732383700004, 16.827100754000128], [96.15706443800019, 16.827310562000093], [96.15583038300014, 16.828290939000112], [96.1547032540002, 16.829189416000077], [96.15469052800006, 16.829171556000063], [96.15465280500001, 16.82911861900004], [96.15462488700001, 16.82907767500018], [96.15461718400019, 16.829066377000117], [96.15458449700009, 16.829018439000095], [96.15456016400009, 16.828982754000037], [96.15452731700015, 16.82893458200016], [96.1542824330001, 16.828833716000133], [96.15427584200017, 16.828829855000095], [96.15426815000006, 16.828825349000113], [96.15424957900007, 16.8288144710001], [96.15423367000005, 16.82880515100004], [96.15419814700005, 16.828784342000176], [96.15415584900012, 16.828759564000052], [96.15404623, 16.82869535000009], [96.1540286710001, 16.828685064000126], [96.15399688500014, 16.82866644400019], [96.15396051400006, 16.828645138000184], [96.1539495740002, 16.828638730000023], [96.15394730800017, 16.828637403000187], [96.15393977600007, 16.828632990000074], [96.15392725200013, 16.828486916000088], [96.15390586800015, 16.82823753400004], [96.15387916600008, 16.827536323], [96.15343839500008, 16.826006283000083], [96.15338683800019, 16.826020920000133], [96.15308050700014, 16.82610789200004], [96.15277671800015, 16.825957298], [96.15267714200007, 16.82588118700005], [96.1524444150001, 16.82570330300007], [96.15213203400009, 16.82578686300002], [96.15187178700012, 16.825898700000153], [96.15166748900009, 16.82609960800005], [96.15127130000013, 16.82621366400008], [96.15081214900005, 16.826223374], [96.15056578399998, 16.826241160000052], [96.150455475, 16.826249123000082], [96.15003700200015, 16.826343155000075], [96.15002191300005, 16.82635553700004], [96.1497847230001, 16.82655016600006], [96.14949716800004, 16.826609203000032], [96.14923558900017, 16.826711109000144], [96.14913721900018, 16.82676657000019], [96.14904372300009, 16.826806322000095], [96.14902574400014, 16.82682942000008], [96.14893150300003, 16.826882553000075], [96.14862887100003, 16.827135086000112], [96.1483109790002, 16.827304629000025], [96.14811801800016, 16.82719455600005], [96.14807930000012, 16.82717247], [96.14789729600017, 16.826979955000184], [96.14764976500004, 16.827301025999986], [96.14756471700014, 16.82738690700006], [96.14754595100015, 16.827402115000098], [96.14754223800014, 16.827405124999984], [96.14752929300005, 16.827415615000177], [96.14751625100018, 16.827435616000116], [96.14751581000007, 16.827436293000062], [96.1473487500001, 16.827604988000076], [96.1472037920002, 16.82761793600008], [96.14703039700015, 16.82763342400017], [96.14678972500013, 16.827372407000155], [96.14666938800019, 16.827241898000068], [96.14643096900011, 16.826905250000095], [96.14631878300003, 16.82666587900013], [96.14642225600016, 16.826444019000064], [96.14647579200016, 16.82632923100016], [96.14652778700014, 16.82617706100018], [96.14666730700009, 16.825768731000153], [96.14664615300012, 16.825385874000176], [96.14647892500017, 16.825052261], [96.14653756900003, 16.824699614000053], [96.14642328700018, 16.824543402000074], [96.14635706000013, 16.82445287700017], [96.1461324710001, 16.824393210000096], [96.14594548700006, 16.82434353300016], [96.14587783800005, 16.82432556100008], [96.14583144600016, 16.824314125000058], [96.14568962800013, 16.824279168999965], [96.14540195500007, 16.82420826000009], [96.14508209300004, 16.824154282000052], [96.14514923100012, 16.82375049600006], [96.14518038400007, 16.823428472000046], [96.14517784100013, 16.82315826500013], [96.14518928500001, 16.822881699], [96.14521293600012, 16.822546005000106], [96.14532737800016, 16.822200393000116], [96.14541145000004, 16.82207677600013], [96.1454871970002, 16.821980340000096], [96.1455260520001, 16.821908267000083], [96.14556108400018, 16.821843283000078], [96.14566491400006, 16.8216506870001], [96.14566559800011, 16.821649417000174], [96.14568384600017, 16.821570819999977], [96.14570291200016, 16.82148869800011], [96.14574974500005, 16.821286974000145], [96.1457507140002, 16.82128288400014], [96.1458545860001, 16.820844689000012], [96.14585469600013, 16.820844226000077], [96.14585909500005, 16.820795640000142], [96.14594878900016, 16.82039774300017], [96.14594917300019, 16.82039604200014], [96.14593533100015, 16.820075171000155], [96.1455650330002, 16.819810867000115], [96.1452892310001, 16.819555547000107], [96.14526710500007, 16.81953506400015], [96.14520878200011, 16.819261127000118], [96.14535141000005, 16.818677902000104], [96.14543571400009, 16.81819839500008], [96.14542884800005, 16.817852020000146], [96.14539839100013, 16.81772183200019], [96.14530881300016, 16.81733894300004], [96.14525032, 16.817043940000076], [96.14520073000017, 16.81673240600003], [96.14516258200007, 16.816400528000145], [96.14511680600015, 16.81595567500017], [96.14508247400016, 16.815511703000027], [96.14510154700008, 16.815162659000123], [96.14514078400003, 16.81482396800004], [96.14514113100012, 16.814779345000034], [96.14514427200015, 16.814374923000116], [96.14493526900014, 16.814078452], [96.14489832800001, 16.814026052000145], [96.14472412300012, 16.813953886000036], [96.14450917900007, 16.81386484400008], [96.14399592000012, 16.813753764000126], [96.14389263400011, 16.813619902000084], [96.143812943, 16.813516617000175], [96.14378572000015, 16.813412502000176], [96.14371790200005, 16.813153131000092], [96.14369011000008, 16.812865938000073], [96.143606949, 16.812520217000156], [96.14356211100005, 16.81248195800009], [96.143377181, 16.812324161000106], [96.14336543600001, 16.81231414000007], [96.14292780600005, 16.812079112000163], [96.14281862400009, 16.811771220000082], [96.14280594700017, 16.81128289999998], [96.14288139300004, 16.810863495000035], [96.14293861400006, 16.810617447000084], [96.14304161000007, 16.810283661000028], [96.14314079299999, 16.809913636000033], [96.14314144000014, 16.80991103399998], [96.14320320600012, 16.80966232000003], [96.14321231900004, 16.809625626000184], [96.14331953900006, 16.809307916000023], [96.14351590500013, 16.80892753600017], [96.14351665600009, 16.808926490999966], [96.14383709100008, 16.808480834000136], [96.14398015600011, 16.808276914000146], [96.1439803090002, 16.80827670600013], [96.14400232600013, 16.808246707000023], [96.14401814200005, 16.80822515800014], [96.1440851540001, 16.808133851000093], [96.14418902000011, 16.80799233100015], [96.14419021300017, 16.807990352000047], [96.14425237400008, 16.807887186000073], [96.14426104200004, 16.80787467900018], [96.14452934300016, 16.807428360000074], [96.14478365600013, 16.80705451900019], [96.14507974900005, 16.806679589000055], [96.14526176500016, 16.806480885000155], [96.14528304500016, 16.806441014000143], [96.14545431000005, 16.80612014000002], [96.14546570400006, 16.806098791000124], [96.1447830210002, 16.805786133000026], [96.14415687100006, 16.805478635000156], [96.14403343200007, 16.8054180150001], [96.1434993740001, 16.805166244000134], [96.14330584200007, 16.805075327], [96.14291877700009, 16.804893493000066], [96.14276530700005, 16.804767346], [96.14263916000016, 16.804663658000152], [96.14286899600017, 16.804330826000125], [96.14327812200008, 16.803800583000054], [96.14361763000011, 16.803358078000144], [96.14398782100011, 16.802879914000187], [96.14402961700017, 16.802825928000118], [96.14407404600001, 16.802751719000128], [96.1442066190001, 16.802530288000185], [96.14435958800004, 16.802213669000025], [96.14454333000015, 16.801791827000102], [96.14488261300005, 16.80184057600013], [96.14497299200019, 16.801853562000133], [96.14521598800019, 16.802011490000098], [96.145523072, 16.802241325000182], [96.14586830200017, 16.802436828999987], [96.14600546500009, 16.802509911000186], [96.1462239660001, 16.802626330000123], [96.14639577300005, 16.80256481600003], [96.14657211300005, 16.802501679000045], [96.14684772600003, 16.802424431000077], [96.14725494400017, 16.802252769000063], [96.14753913900012, 16.80202293400015], [96.14778137200017, 16.801833153000132], [96.14805030800005, 16.801691055000106], [96.14829826400012, 16.80157280000003], [96.14885749800004, 16.801311112000064], [96.14923954000005, 16.80104923300013], [96.14961115500017, 16.80089442000019], [96.14991188000005, 16.800872803000118], [96.15067386200008, 16.800937316000045], [96.151201566, 16.80072593700004], [96.15127598800012, 16.80052324900015], [96.15133953100013, 16.80035019000013], [96.15143203800011, 16.799928666000028], [96.15150165500006, 16.79953002900004], [96.15166282600018, 16.799070358000108], [96.15179061900017, 16.798692704000132], [96.15223480700018, 16.797600801999977], [96.15216636600007, 16.79714298200014], [96.15205955500005, 16.796835708000117], [96.15182113700001, 16.796552658000167], [96.15157127300017, 16.796319961000165], [96.15127372700005, 16.79605198000013], [96.15100288600013, 16.795740629000022], [96.1509825390001, 16.795717239000055], [96.15128593500015, 16.795742417000156], [96.15171051100015, 16.795900345000064], [96.15213966400017, 16.79607073500017], [96.152549744, 16.796268464000093], [96.15284767100007, 16.79635810800005], [96.15319252000006, 16.796392440000034], [96.15356763200003, 16.796422641000106], [96.15410232500011, 16.796220780000056], [96.1548717500001, 16.79595603900009], [96.15517234800012, 16.795841853000013], [96.15592384400014, 16.79559135400018], [96.15620231600008, 16.795511246000103], [96.1565010760001, 16.79544587600003], [96.15652852400007, 16.7954401180001], [96.15658341700009, 16.795428602000015], [96.15686225900004, 16.795370102000163], [96.15713453300003, 16.79531192800016], [96.15723082400007, 16.79530663900016], [96.15748968700012, 16.79529241700004], [96.15772587300012, 16.795279440000115], [96.15780625700017, 16.795275025000024], [96.15781981800012, 16.795274279000125], [96.15788178100001, 16.79527087500003], [96.15836906400011, 16.795240403000037], [96.15848311800016, 16.795240066000076], [96.15869236000003, 16.79523944900012], [96.15888794100016, 16.79522470100011], [96.1589475360002, 16.795220207000114], [96.15902380100005, 16.79521445600011], [96.15914344800007, 16.795205434000025], [96.15915737000017, 16.795251116000088], [96.15924873400007, 16.795550919000107], [96.159267382, 16.795574513000133], [96.15928710900016, 16.795599472000163], [96.15941656300004, 16.79576327], [96.159434954, 16.795786540000165], [96.15981310000006, 16.79584936700013], [96.1600831350001, 16.79567782100014], [96.16017780000004, 16.795471380000038], [96.160233688, 16.79534950200008], [96.16039536400007, 16.795407427000157], [96.16046664200013, 16.795432965000145], [96.1607370380001, 16.795529842000064], [96.16098453700005, 16.79557929000009], [96.16114289700005, 16.795610929000134], [96.16118812600013, 16.795619965000128], [96.16126229100013, 16.79564834300004], [96.161328524, 16.795673686000043], [96.1615835830001, 16.795771281000043], [96.16176038800006, 16.79568426600008], [96.16176150000013, 16.79568371800019], [96.16182670600006, 16.795651627000098], [96.16208457900012, 16.79533704100004], [96.16211550200012, 16.79531565100001], [96.1624393460001, 16.795091629000126], [96.1627635960001, 16.79486694400009], [96.16290243400005, 16.79453421300019], [96.16291046200018, 16.794514974000094], [96.1626174930002, 16.794358941000098], [96.16261074300013, 16.794352417000084], [96.16254823200006, 16.794292005000045], [96.16241645900004, 16.79416465700018], [96.16242885600013, 16.793842316000053], [96.16247606000013, 16.793765757000017], [96.16254109700009, 16.793660278000118], [96.1626344820001, 16.79350882300008], [96.16300964300012, 16.793581009000036], [96.16303920700005, 16.793586071999982], [96.16314442800018, 16.79360409300017], [96.16335487300006, 16.793640136000022], [96.1633907550002, 16.793642224000052], [96.16369915000007, 16.793660164000073], [96.16408252700006, 16.79364109100004], [96.16441154400019, 16.79358940100019], [96.16480064400008, 16.793481827000164], [96.16517448400009, 16.793361664000088], [96.16572380100018, 16.793197631999988], [96.16621112800004, 16.79307174700017], [96.16664924700018, 16.79301567100015], [96.16674371800008, 16.79307997700016], [96.16682719200008, 16.793136797000045], [96.16694831900003, 16.793219248000014], [96.16744009700005, 16.793338458000107], [96.1675589350001, 16.793216229000052], [96.16767777299998, 16.793094000000167], [96.16781654300013, 16.792847824000035], [96.16819597900007, 16.792824042000177], [96.16835212700005, 16.792814255000167], [96.16856702100006, 16.792816859000027], [96.16898155200016, 16.792821884000034], [96.1690259410002, 16.792825166000114], [96.16904800100002, 16.792826799000125], [96.16905345300012, 16.792827201000023], [96.16909031100016, 16.79282992700007], [96.16933244600006, 16.79284783500009], [96.16953953800015, 16.792863152000052], [96.16987235700003, 16.793047245000082], [96.16975678300008, 16.793395361000137], [96.16974626900009, 16.79347430100006], [96.16972435000014, 16.793638872000088], [96.1697226930001, 16.793651309000154], [96.16972368400008, 16.793939591000026], [96.16973589700012, 16.79397745800003], [96.16980094899998, 16.79417915300013], [96.16999117500012, 16.79439947400016], [96.16995220200016, 16.794441020000022], [96.16972084100013, 16.794687652], [96.16950657100017, 16.794675729000176], [96.16939081500016, 16.794669287000033], [96.16907213600018, 16.794613936000133], [96.16904008200004, 16.79461610100003], [96.16900754400018, 16.794618299000035], [96.16855875600015, 16.794836681], [96.16853280500004, 16.795224797000117], [96.16881794400012, 16.79535865800011], [96.1692540300001, 16.79534612400016], [96.16940960000005, 16.79545059600008], [96.16952351500015, 16.795527095000125], [96.16958512200017, 16.795568466000077], [96.1695313730001, 16.795649623000145], [96.16953429100016, 16.79569510600004], [96.16940585700019, 16.795839146000105], [96.16932903700001, 16.795955138000068], [96.16925427400014, 16.79598094800008], [96.16924358100005, 16.795990815000096], [96.16922840300003, 16.795989880000093], [96.1689122520001, 16.796099027000025], [96.16887050200017, 16.79643525], [96.16905657400014, 16.79672877000013], [96.16932487400015, 16.796735417000093], [96.16950207200006, 16.7966103440001], [96.16960407400012, 16.796487262000085], [96.1696410130001, 16.796442690000106], [96.16966300100012, 16.79641832900012], [96.16971588200016, 16.796340943000132], [96.16989835100009, 16.796106339000062], [96.17015753900017, 16.79590691400017], [96.17063574300016, 16.79579942800018], [96.17101249700005, 16.795530319000022], [96.17103522000008, 16.795575876000157], [96.17121106900015, 16.79592843500012], [96.17118108600005, 16.79621944300004], [96.17117222900015, 16.796305396000093], [96.17101192500019, 16.796597480000116], [96.1707553870001, 16.796879369000067], [96.17068915000004, 16.796952161000092], [96.17045801000012, 16.797054998000135], [96.1704090120001, 16.797076797999978], [96.17009782800011, 16.796889782000164], [96.16979916900004, 16.797200732000135], [96.1698528980001, 16.797326489000113], [96.17000389100008, 16.797679901000038], [96.16973075800013, 16.79772377000006], [96.16933111700018, 16.797702963], [96.16900762000017, 16.797783533000086], [96.16899783600007, 16.79785647300008], [96.16896837400014, 16.798076108999965], [96.16937862700007, 16.798079230000155], [96.1693719230002, 16.7984167730001], [96.16955439200012, 16.798649470999976], [96.1699268340002, 16.798693467000078], [96.16993488000014, 16.798979846000066], [96.16956411100011, 16.799056734000033], [96.16955799000004, 16.79905709900015], [96.1692152980001, 16.799077542000134], [96.16913108900019, 16.799082565000106], [96.16910579400013, 16.799059263000174], [96.168925285, 16.798892975000058], [96.16885791800001, 16.798844813000187], [96.16862331800019, 16.79867709800004], [96.16825992200012, 16.798601841000163], [96.1681929500001, 16.79858797200012], [96.16816128400012, 16.798679700000093], [96.16810950500019, 16.798829689000172], [96.16810702400011, 16.79890487900019], [96.16824150100013, 16.799184799000045], [96.16844576000005, 16.79947159500017], [96.16838133200002, 16.79955033600004], [96.16823158300019, 16.799733353000136], [96.16800356100015, 16.799822110000093], [96.16781356100006, 16.799896067000134], [96.16790253800002, 16.80013084400008], [96.16816711400008, 16.800586700000167], [96.16837120100018, 16.800931930000104], [96.16851997400016, 16.80120277400016], [96.16874261400011, 16.801584244000082], [96.16908455000015, 16.801782608000167], [96.16961791300014, 16.80205171800003], [96.16998291000004, 16.80239296000019], [96.17013906600016, 16.802557483000044], [96.1702218740001, 16.802644730000054], [96.17058181700014, 16.802828789000102], [96.17080232500007, 16.80298149900011], [96.17089881900006, 16.803048325000134], [96.17099843700015, 16.803386415999967], [96.17102241500015, 16.80369949300001], [96.17112414100006, 16.80407524100002], [96.17138061500015, 16.804400634000046], [96.17178042700016, 16.804604047999987], [96.17182128400009, 16.80462048100003], [96.17182159200013, 16.804620605000025], [96.171952583, 16.804723270000125], [96.17195303300008, 16.80472362300003], [96.1719836630001, 16.804802202000076], [96.17198994800003, 16.804818325000042], [96.17206732500011, 16.804912250000086], [96.17215538000005, 16.805306298], [96.17218780500014, 16.80568275500019], [96.17218462700004, 16.805975384000135], [96.17226041200018, 16.806270218], [96.1721420290001, 16.806570054000133], [96.17206351000004, 16.806829452000102], [96.17189216600008, 16.807222366000133], [96.17160034200009, 16.807918549000078], [96.17132568300019, 16.808553695000057], [96.17116165200002, 16.80900955200019], [96.1710772510001, 16.80932903300004], [96.17103745600008, 16.80958134499997], [96.17103952200006, 16.809662488000015], [96.17104599100014, 16.80973255500004], [96.17105785400014, 16.809861058000138], [96.17106073100013, 16.809892224], [96.17106570400011, 16.809928600000035], [96.17109885600019, 16.810171094], [96.17110685100005, 16.81024323500003], [96.1711250100002, 16.810407111000075], [96.17114424500011, 16.810609695000153], [96.1711524970001, 16.810698017], [96.17116313200017, 16.810811837000188], [96.17116365200002, 16.81083697100013], [96.17116644600009, 16.810971946], [96.17116464200012, 16.811133390000066], [96.17116363200006, 16.811223774999974], [96.17116355900009, 16.81122450400011], [96.17115619500004, 16.81129801999998], [96.17114454400007, 16.81141434900013], [96.1711411760001, 16.811447968000152], [96.17114060700015, 16.811449614000082], [96.17097749900017, 16.81192210600011], [96.17097282500015, 16.81196594200003], [96.17087936400014, 16.81221103700011], [96.17073059100017, 16.81249427800003], [96.17049217200008, 16.81286811800004], [96.17016029300004, 16.813280106000036], [96.1699924470002, 16.813489914000172], [96.16956520100001, 16.814031601000124], [96.16916618400012, 16.814550399999973], [96.16875267000006, 16.81506156900008], [96.16798019400005, 16.81606102000012], [96.16737365800014, 16.81680870100007], [96.16693511400013, 16.817378264000183], [96.16683197000009, 16.818078994000075], [96.16663169900016, 16.819131851000066], [96.16650199900005, 16.819749832000127], [96.16637039200009, 16.820392609000123], [96.16620159200016, 16.821143150000125], [96.16612625100004, 16.821702957000184], [96.16610145600004, 16.82201099399998], [96.1661224360002, 16.82244110100015], [96.16622543300008, 16.82299900100014], [96.16630190100005, 16.82328917800004], [96.16646118200015, 16.82359542900008], [96.16647321400006, 16.823649455000123], [96.16654629099997, 16.823977577000107], [96.16616508400017, 16.823945578000178], [96.16610193300016, 16.82394027700019], [96.16585565600013, 16.82388289700009], [96.1655902870001, 16.82382106800003], [96.16490019100007, 16.82368320600017], [96.16397285400012, 16.823461532000124], [96.16270001800018, 16.823180517000026], [96.16228027400007, 16.823072243000126], [96.16207313500007, 16.823312759000146], [96.16166067100005, 16.823747635000075], [96.16136888300008, 16.824156688000073], [96.16073105500004, 16.82442318300002], [96.15947532700005, 16.825418472000024], [96.15732383700004, 16.827100754000128]]]}}, {"type": "Feature", "properties": {"adm4_name": "Shwe Lin Ban", "adm4_name1": "ရွှေလင်ဘန်း", "adm4_name2": null, "adm4_name3": null, "adm4_pcode": "MMR013046001", "adm3_name": "Hlaingtharya (East)", "adm3_name1": "လှိုင်သာယာ (အရှေ့ပိုင်း)", "adm3_name2": null, "adm3_name3": null, "adm3_pcode": "MMR013046", "adm2_name": "Yangon (North)", "adm2_name1": "ရန်ကုန်(မြောက်ပိုင်း)", "adm2_name2": null, "adm2_name3": null, "adm2_pcode": "MMR013D001", "adm1_name": "Yangon", "adm1_name1": "ရန်ကုန်တိုင်းဒေသကြီး", "adm1_name2": null, "adm1_name3": null, "adm1_pcode": "MMR013", "adm0_name": "Myanmar", "adm0_name1": "မြန်မာနိုင်ငံ", "adm0_name2": null, "adm0_name3": null, "adm0_pcode": "MMR", "valid_on": "2024-02-15T00:00:00", "valid_to": null, "area_sqkm": 3.46388925, "version": "v01", "lang": "en", "lang1": "my", "lang2": null, "lang3": null, "adm4_ref_name": "Shwe Lin Ban", "center_lat": 16.90133487, "center_lon": 96.0646035}, "geometry": {"type": "Polygon", "coordinates": [[[96.07671992600012, 16.91142953000019], [96.07424528600018, 16.9117816910001], [96.07360759100004, 16.91187686900014], [96.07306507400006, 16.91182928], [96.07253207400015, 16.91163892300017], [96.07155173700016, 16.91129628100009], [96.07100921900019, 16.911086888000057], [96.07067609500018, 16.91074424600015], [96.07043814900004, 16.910515817000146], [96.07005743500014, 16.910249318000012], [96.06973680300007, 16.910114283000155], [96.06902296400006, 16.91139205400009], [96.06363348500008, 16.908658053000067], [96.06330314500013, 16.906296355999984], [96.0625173860002, 16.906445076000068], [96.0599280260002, 16.906860240000128], [96.0582932710002, 16.907163142000115], [96.05787710900006, 16.905890357999965], [96.05457681100017, 16.89658853000003], [96.05478286800007, 16.896549224000182], [96.05485565600009, 16.896561375000033], [96.05511006400019, 16.89660384500013], [96.05548639500012, 16.896800957000096], [96.05548854800003, 16.896802086000093], [96.05549091700016, 16.896803326000054], [96.05570888400018, 16.89694149500002], [96.05583477099998, 16.897021294000126], [96.05601285900019, 16.8971022180001], [96.05616117900018, 16.897169614000177], [96.05629228400011, 16.897211409000136], [96.05657243700011, 16.897300719999976], [96.05690002400013, 16.89736508900006], [96.05698013400018, 16.897380829000156], [96.05705070500005, 16.897393263000083], [96.0573806760001, 16.897451401000126], [96.05771173800014, 16.89749990100006], [96.05798704000017, 16.897488161000126], [96.05841000900011, 16.8973407740001], [96.05875969000016, 16.89713192000005], [96.05914306699998, 16.896821022000097], [96.05938193000014, 16.896676765000166], [96.059482575, 16.896615982000185], [96.05986256100005, 16.89642228100007], [96.06028366100003, 16.89628267300003], [96.06080627400002, 16.896177292000118], [96.06139946000008, 16.896070480000162], [96.06179182900013, 16.896002906000092], [96.06244017900013, 16.89599453300019], [96.06271742400008, 16.896107081000082], [96.06282997200015, 16.89615276900014], [96.06297647500008, 16.896240150000153], [96.06319300400014, 16.896369298000025], [96.06324387500018, 16.89638271000007], [96.06338595900007, 16.896420169000066], [96.0635386570001, 16.896460427000022], [96.0638160700002, 16.896469116000105], [96.06396977800011, 16.896442159000117], [96.06409883500004, 16.89641952500017], [96.06435394300019, 16.896307945], [96.06463432300012, 16.89620018000005], [96.06517219600016, 16.895962397000176], [96.06571006800004, 16.895750046000103], [96.06662941000008, 16.89535141000016], [96.06720978900006, 16.89507974900016], [96.06755066000011, 16.894863128999987], [96.06788826000013, 16.89463138600013], [96.06811027500015, 16.89441566500011], [96.06822994700008, 16.894129889000112], [96.06832389900006, 16.89377098000017], [96.06838226399998, 16.893439293000142], [96.06847635900004, 16.893096924000133], [96.0686744350001, 16.892591823000032], [96.06891337300016, 16.892321673000026], [96.06921357800002, 16.89210854099997], [96.06922245100014, 16.892102242000078], [96.06957855200005, 16.891923904000066], [96.06998872800006, 16.89180088100011], [96.07035064800016, 16.891712188000156], [96.0707708990002, 16.891592026000183], [96.0712604520001, 16.891441345000032], [96.07164410200005, 16.8913527900001], [96.07201194700019, 16.891332626000178], [96.07241249100014, 16.891350833], [96.0724315650001, 16.891351699999973], [96.0724335810001, 16.891351939000117], [96.07244854700008, 16.89135371599997], [96.07278825500015, 16.891394047], [96.07284927400013, 16.89140129100008], [96.07291087800007, 16.891409757000076], [96.07320086200008, 16.891449610999985], [96.07356707200017, 16.891469955000105], [96.0739803310002, 16.891450882000015], [96.0741771430001, 16.891451572999983], [96.07434272700016, 16.89145215400015], [96.07439104600013, 16.891457982000077], [96.07474327100005, 16.89150047300012], [96.07491380500016, 16.8915321450001], [96.07526503400015, 16.891597377000153], [96.07537184900019, 16.8916172160001], [96.07549149600004, 16.891639437000094], [96.07607078600006, 16.89167976300007], [96.07623359200016, 16.891684124000165], [96.07633378300005, 16.89326732900014], [96.07634568000003, 16.89352907], [96.07439452200009, 16.896301142000084], [96.07428744600008, 16.896515293000107], [96.0741684730001, 16.89691980200007], [96.07316482200014, 16.900545103000127], [96.07237576200004, 16.903395275000037], [96.07294876100008, 16.9031953920001], [96.0736863940001, 16.902767089000122], [96.07437643800017, 16.90245775900007], [96.07708902400009, 16.902124635000064], [96.07908777100016, 16.909905472], [96.07901638700014, 16.91021480200004], [96.07843730200011, 16.91128854700014], [96.07820173500005, 16.91163119000015], [96.07804290600012, 16.91153422700006], [96.07757653200008, 16.91138194100006], [96.07717678200004, 16.911353388000066], [96.07671992600012, 16.91142953000019]]]}}, {"type": "Feature", "properties": {"adm4_name": "Ka Sin", "adm4_name1": "ကစင်", "adm4_name2": null, "adm4_name3": null, "adm4_pcode": "MMR013046002", "adm3_name": "Hlaingtharya (East)", "adm3_name1": "လှိုင်သာယာ (အရှေ့ပိုင်း)", "adm3_name2": null, "adm3_name3": null, "adm3_pcode": "MMR013046", "adm2_name": "Yangon (North)", "adm2_name1": "ရန်ကုန်(မြောက်ပိုင်း)", "adm2_name2": null, "adm2_name3": null, "adm2_pcode": "MMR013D001", "adm1_name": "Yangon", "adm1_name1": "ရန်ကုန်တိုင်းဒေသကြီး", "adm1_name2": null, "adm1_name3": null, "adm1_pcode": "MMR013", "adm0_name": "Myanmar", "adm0_name1": "မြန်မာနိုင်ငံ", "adm0_name2": null, "adm0_name3": null, "adm0_pcode": "MMR", "valid_on": "2024-02-15T00:00:00", "valid_to": null, "area_sqkm": 2.23073503, "version": "v01", "lang": "en", "lang1": "my", "lang2": null, "lang3": null, "adm4_ref_name": "Ka Sin", "center_lat": 16.9011134, "center_lon": 96.07938109}, "geometry": {"type": "Polygon", "coordinates": [[[96.07237576200004, 16.903395275000037], [96.07316482200014, 16.900545103000127], [96.0741684730001, 16.89691980200007], [96.07428744600008, 16.896515293000107], [96.07439452200009, 16.896301142000084], [96.07634568000003, 16.89352907], [96.07633378300005, 16.89326732900014], [96.07623359200016, 16.891684124000165], [96.07649803200002, 16.891691208], [96.0768108370001, 16.89167976300007], [96.07710075400018, 16.891669591000095], [96.07753086100013, 16.891599655000164], [96.07792949700007, 16.89147090900019], [96.07830047600015, 16.891310374000113], [96.0786113740001, 16.891092300000025], [96.07894325300009, 16.890840530000162], [96.07938067100008, 16.890549342000043], [96.07984924300013, 16.890142441000023], [96.0801817570001, 16.889870326000164], [96.0806102750002, 16.889429092000057], [96.08086204500006, 16.88915824900016], [96.08121223400019, 16.88877830500013], [96.0815321610001, 16.88856315700008], [96.0817941030001, 16.888491947999967], [96.08209165000011, 16.888461431000053], [96.08243064800007, 16.88847465500004], [96.08253843100005, 16.888515162000147], [96.08269023900016, 16.888572216000057], [96.0829084680002, 16.888692735000177], [96.0829639430001, 16.88872337300006], [96.0831928250002, 16.888862610000103], [96.08331400100008, 16.888924823000025], [96.08344173400008, 16.888990402], [96.08385124200004, 16.889117813000155], [96.08385615200007, 16.889050532], [96.08545222000015, 16.88913626100009], [96.08544850400006, 16.889207471000134], [96.08544107100005, 16.889349892000098], [96.08531270700007, 16.89180959100014], [96.08530224700013, 16.89201002800013], [96.08527192700006, 16.892591025000115], [96.0855761110002, 16.895627749000028], [96.08583992000007, 16.898261410999964], [96.08597000400005, 16.899560062000035], [96.0859699070001, 16.899560756000085], [96.08595865700005, 16.89964192800005], [96.085675922, 16.901681688999986], [96.0856102240001, 16.901913702000115], [96.08487265100007, 16.904518464000148], [96.08419163800016, 16.906923482000025], [96.08284568300007, 16.909139632000063], [96.08284561500005, 16.909139745000175], [96.08255985100004, 16.909645856], [96.0823284330001, 16.910055715999988], [96.08223955699998, 16.910213123000176], [96.0813764150002, 16.911741817000177], [96.08087155400005, 16.912635966000153], [96.07843730200011, 16.91128854700014], [96.07901638700014, 16.91021480200004], [96.07908777100016, 16.909905472], [96.07708902400009, 16.902124635000064], [96.07437643800017, 16.90245775900007], [96.0736863940001, 16.902767089000122], [96.07294876100008, 16.9031953920001], [96.07237576200004, 16.903395275000037]]]}}, {"type": "Feature", "properties": {"adm4_name": "Shan Chaung", "adm4_name1": "ရှမ်းချောင်း", "adm4_name2": null, "adm4_name3": null, "adm4_pcode": "MMR013046003", "adm3_name": "Hlaingtharya (East)", "adm3_name1": "လှိုင်သာယာ (အရှေ့ပိုင်း)", "adm3_name2": null, "adm3_name3": null, "adm3_pcode": "MMR013046", "adm2_name": "Yangon (North)", "adm2_name1": "ရန်ကုန်(မြောက်ပိုင်း)", "adm2_name2": null, "adm2_name3": null, "adm2_pcode": "MMR013D001", "adm1_name": "Yangon", "adm1_name1": "ရန်ကုန်တိုင်းဒေသကြီး", "adm1_name2": null, "adm1_name3": null, "adm1_pcode": "MMR013", "adm0_name": "Myanmar", "adm0_name1": "မြန်မာနိုင်ငံ", "adm0_name2": null, "adm0_name3": null, "adm0_pcode": "MMR", "valid_on": "2024-02-15T00:00:00", "valid_to": null, "area_sqkm": 0.56218947, "version": "v01", "lang": "en", "lang1": "my", "lang2": null, "lang3": null, "adm4_ref_name": "Shan Chaung", "center_lat": 16.85309548, "center_lon": 96.09495351}, "geometry": {"type": "Polygon", "coordinates": [[[96.09912198100011, 16.854459836000046], [96.0990726070001, 16.85458552400013], [96.09897385700009, 16.854836901000056], [96.09896743700011, 16.85485522600004], [96.09893435300006, 16.854949654000052], [96.09890556200008, 16.855031832000122], [96.09870671600015, 16.85563831100012], [96.09842045100015, 16.85626045300006], [96.09643754300004, 16.855603018000124], [96.09636032400016, 16.855566813000053], [96.09621763700017, 16.855502692000186], [96.09593010000009, 16.855371475000084], [96.09528923000016, 16.85508155900004], [96.09478950500011, 16.85485267700011], [96.09416008000017, 16.85455894500018], [96.09411067500008, 16.854537964000087], [96.09374237100013, 16.854381561000025], [96.09333229100014, 16.85419082700008], [96.0930118550001, 16.854064143000073], [96.09300422600012, 16.854061127000023], [96.09268188500016, 16.853942871000186], [96.09247835000014, 16.853897106000034], [96.09235954300016, 16.85387039200009], [96.0920305250001, 16.853811264], [96.09167099100017, 16.85379219100014], [96.09130712600017, 16.853800463000084], [96.09100914000004, 16.85383288100013], [96.0907039650001, 16.853891372000078], [96.0904064180001, 16.853967666000187], [96.09003893500017, 16.85407193499998], [96.08975077400004, 16.854160540000123], [96.09006425900014, 16.853272331000085], [96.0908735970001, 16.85207331200013], [96.091682934, 16.850514588000124], [96.09222249300018, 16.84961532500006], [96.09492565800008, 16.849637851000125], [96.09581954800018, 16.849645300000134], [96.09821758500004, 16.849645300000134], [96.09822112400008, 16.84965768400008], [96.09830988000016, 16.84961403300008], [96.09916215700008, 16.849743167000156], [96.09916301400006, 16.84974118000008], [96.09933583400016, 16.84978860300015], [96.10119806, 16.85029960900016], [96.10118191700019, 16.85033404899997], [96.10101103300008, 16.850698618000024], [96.10073150300008, 16.851246710999987], [96.10061057400009, 16.851483824000184], [96.10028075500009, 16.85208779800007], [96.10016047500005, 16.852308060000155], [96.09982070600012, 16.85291862100013], [96.099573, 16.853368744000022], [96.09926366400003, 16.854112308000083], [96.09912198100011, 16.854459836000046]]]}}, {"type": "Feature", "properties": {"adm4_name": "Yae Oke Kan", "adm4_name1": "ဥက္ကံသောင်ကြား (ရေဥက္ကံ)", "adm4_name2": null, "adm4_name3": null, "adm4_pcode": "MMR013046004", "adm3_name": "Hlaingtharya (East)", "adm3_name1": "လှိုင်သာယာ (အရှေ့ပိုင်း)", "adm3_name2": null, "adm3_name3": null, "adm3_pcode": "MMR013046", "adm2_name": "Yangon (North)", "adm2_name1": "ရန်ကုန်(မြောက်ပိုင်း)", "adm2_name2": null, "adm2_name3": null, "adm2_pcode": "MMR013D001", "adm1_name": "Yangon", "adm1_name1": "ရန်ကုန်တိုင်းဒေသကြီး", "adm1_name2": null, "adm1_name3": null, "adm1_pcode": "MMR013", "adm0_name": "Myanmar", "adm0_name1": "မြန်မာနိုင်ငံ", "adm0_name2": null, "adm0_name3": null, "adm0_pcode": "MMR", "valid_on": "2024-02-15T00:00:00", "valid_to": null, "area_sqkm": 5.55598872, "version": "v01", "lang": "en", "lang1": "my", "lang2": null, "lang3": null, "adm4_ref_name": "Yae Oke Kan", "center_lat": 16.85632028, "center_lon": 96.06057978}, "geometry": {"type": "Polygon", "coordinates": [[[96.07414272900013, 16.859495084000116], [96.07310951700009, 16.859846440000013], [96.07245445200016, 16.86007118300006], [96.07041358900011, 16.86076164299999], [96.06913375900007, 16.861249924000163], [96.06877899200015, 16.861362457000155], [96.06847953800008, 16.861461640000073], [96.0680713650001, 16.86157035800005], [96.06672859200012, 16.861881256000174], [96.06458282500012, 16.86229133600017], [96.06398963900006, 16.862409592], [96.06181526200004, 16.862859726000124], [96.05996894900011, 16.86322212200008], [96.05937767000012, 16.863330841000106], [96.05830001800012, 16.863552094000056], [96.05729293900004, 16.8637409210001], [96.05651283200007, 16.86390113800013], [96.05459022500008, 16.86428260800011], [96.05277442900012, 16.864641189], [96.05246633600012, 16.864699532000145], [96.05091285700007, 16.865011215000095], [96.0497989650001, 16.865232467000055], [96.04897308400007, 16.86539077800012], [96.04855156000019, 16.86550331100011], [96.048140525, 16.8656225200001], [96.04771232600001, 16.86579322800003], [96.04736593100006, 16.865957202000118], [96.04703712500003, 16.86615371700009], [96.04603385900015, 16.866861344000142], [96.04516792300012, 16.867452621000098], [96.04476928700018, 16.867721558000085], [96.04403114400009, 16.868242264000173], [96.04323005700019, 16.868791580000106], [96.04276466300018, 16.8691120150001], [96.04163932800009, 16.869882584000152], [96.04066276500004, 16.87056922900007], [96.03985023500013, 16.871129989000053], [96.03958734800011, 16.87130807500006], [96.03949546900009, 16.871370315000092], [96.0392511710001, 16.87153592100009], [96.03909874000004, 16.871639252000023], [96.03908221600005, 16.871651286000144], [96.0390522690002, 16.871673094000187], [96.0389969970002, 16.871713347000025], [96.03886996800009, 16.871579568000072], [96.03874293700017, 16.871445788000187], [96.03871336800012, 16.87140449400016], [96.03865460600002, 16.87132243299999], [96.03807919600001, 16.870518879000144], [96.03805930200019, 16.870491097000127], [96.03798473200004, 16.870386960000133], [96.03756579500009, 16.869801918000064], [96.03707449300015, 16.869115819000058], [96.03704201700009, 16.86907046700003], [96.03701432400004, 16.869031795000012], [96.03642055100005, 16.867740746000038], [96.03569208800008, 16.866156840000087], [96.03568147300018, 16.862890671000116], [96.03569015500017, 16.861809923000067], [96.03569360400019, 16.86138041000015], [96.03570573400015, 16.860893669000063], [96.03571786500015, 16.86040692800003], [96.03644985800003, 16.860297833000175], [96.03652895000005, 16.860286045000066], [96.03928639200007, 16.859875079000176], [96.04177816900011, 16.85946142400013], [96.04217195300004, 16.859396053000182], [96.04228475000019, 16.859377328000107], [96.04246020400012, 16.859326389000103], [96.04294870700016, 16.85918456600018], [96.04300006400007, 16.859169656000176], [96.043803717, 16.858936338000035], [96.04412168800013, 16.858844024000064], [96.04541347100019, 16.858239612000148], [96.04729781400005, 16.85712559700005], [96.04879699200006, 16.855835863000095], [96.04890957900005, 16.85573900500009], [96.04893264100019, 16.855718472000092], [96.0495404090002, 16.855177363000166], [96.05074651700016, 16.85410353800006], [96.05190793600008, 16.853202845000055], [96.05205175700019, 16.85311570800019], [96.05332119300004, 16.852346595000085], [96.05565884500004, 16.85125628300011], [96.05716395000013, 16.850402996000128], [96.05902223900011, 16.849234072], [96.05936827500017, 16.84901640400011], [96.06090893400017, 16.8477127700001], [96.06183332800009, 16.846480244000077], [96.06286438300003, 16.844512942], [96.06368211800014, 16.842818219000037], [96.06446635300011, 16.841658342000073], [96.06509241200013, 16.840732405000097], [96.06536490000008, 16.841039773000148], [96.06548346500006, 16.841173515000037], [96.06550320700006, 16.841192590000105], [96.06604648000018, 16.841717457000072], [96.06604429400016, 16.841762838000022], [96.06713683500004, 16.842991946000097], [96.06730484000019, 16.843177951000143], [96.06756369900006, 16.843464545000018], [96.06873738200005, 16.844763979999982], [96.06929748900012, 16.845384099000057], [96.07060931400008, 16.84962824100006], [96.07215263900014, 16.85387238300018], [96.0730786330002, 16.85680469900018], [96.0731527530001, 16.856992097000045], [96.07414272900013, 16.859495084000116]]]}}, {"type": "Feature", "properties": {"adm4_name": "Nyaung", "adm4_name1": "ညောင်", "adm4_name2": null, "adm4_name3": null, "adm4_pcode": "MMR013046005", "adm3_name": "Hlaingtharya (East)", "adm3_name1": "လှိုင်သာယာ (အရှေ့ပိုင်း)", "adm3_name2": null, "adm3_name3": null, "adm3_pcode": "MMR013046", "adm2_name": "Yangon (North)", "adm2_name1": "ရန်ကုန်(မြောက်ပိုင်း)", "adm2_name2": null, "adm2_name3": null, "adm2_pcode": "MMR013D001", "adm1_name": "Yangon", "adm1_name1": "ရန်ကုန်တိုင်းဒေသကြီး", "adm1_name2": null, "adm1_name3": null, "adm1_pcode": "MMR013", "adm0_name": "Myanmar", "adm0_name1": "မြန်မာနိုင်ငံ", "adm0_name2": null, "adm0_name3": null, "adm0_pcode": "MMR", "valid_on": "2024-02-15T00:00:00", "valid_to": null, "area_sqkm": 10.31096387, "version": "v01", "lang": "en", "lang1": "my", "lang2": null, "lang3": null, "adm4_ref_name": "Nyaung", "center_lat": 16.84263279, "center_lon": 96.08609244}, "geometry": {"type": "Polygon", "coordinates": [[[96.08975077400004, 16.854160540000123], [96.0894981400001, 16.85423821900008], [96.08934211800016, 16.854286194000053], [96.08890851300004, 16.854435380000155], [96.08857154800017, 16.85455131600014], [96.08828163200013, 16.85465049700008], [96.08812809800008, 16.854702454000062], [96.08727836600008, 16.854990006000037], [96.08605742200012, 16.855407045000163], [96.08583768200009, 16.855482101000177], [96.08538775900007, 16.855636301000118], [96.08481089300011, 16.855834007000112], [96.08462948200014, 16.85590273400004], [96.08450126700006, 16.85595130900009], [96.08416048700013, 16.85607083600013], [96.08368873600011, 16.856229782000128], [96.08267852500006, 16.85658327700014], [96.08217342000012, 16.85676002500003], [96.08006291400011, 16.85747957200016], [96.07745170600009, 16.85836982700016], [96.07414272900013, 16.859495084000116], [96.0731527530001, 16.856992097000045], [96.0730786330002, 16.85680469900018], [96.07215263900014, 16.85387238300018], [96.07060931400008, 16.84962824100006], [96.06929748900012, 16.845384099000057], [96.06873738200005, 16.844763979999982], [96.06756369900006, 16.843464545000018], [96.06730484000019, 16.843177951000143], [96.06713683500004, 16.842991946000097], [96.06604429400016, 16.841762838000022], [96.06604648000018, 16.841717457000072], [96.06550320700006, 16.841192590000105], [96.06548346500006, 16.841173515000037], [96.06536490000008, 16.841039773000148], [96.06509241200013, 16.840732405000097], [96.06607606300003, 16.839440622000097], [96.06746265500004, 16.838160691000155], [96.06854837100013, 16.83735186900003], [96.06968406900017, 16.836505812000098], [96.07099431700004, 16.83552972200016], [96.07161864400007, 16.835273009000105], [96.07459708600015, 16.834048320000136], [96.0784708870001, 16.833125030000133], [96.07917165499998, 16.832958008000162], [96.07919367400012, 16.832953957000086], [96.08120732100002, 16.832583522000107], [96.08141526800011, 16.832545268000104], [96.08168411300005, 16.832495810000125], [96.0832484730002, 16.831784738000067], [96.08392635600006, 16.831520003000094], [96.08525132800008, 16.831002558000023], [96.08661839200005, 16.830991533000088], [96.08672087800016, 16.830990707000183], [96.08787067100019, 16.83094323800009], [96.08930444300012, 16.83088404500006], [96.09124804300018, 16.830599618000065], [96.09261146100005, 16.83036478700012], [96.09271196200007, 16.83034747700009], [96.09585816600014, 16.829805586000077], [96.09778774700004, 16.829189081000152], [96.09871430800007, 16.828893043], [96.10175469000006, 16.82760780500007], [96.1034073900002, 16.826973146000057], [96.10415241100014, 16.826642549000155], [96.10453424600018, 16.826473112000087], [96.10517922000008, 16.826186911000093], [96.10575096700006, 16.825933201000055], [96.10780560100005, 16.825399677000178], [96.10789603600017, 16.82537619300018], [96.10797368100009, 16.826046963000067], [96.1079764160001, 16.826059131000022], [96.10917610500013, 16.825991320000185], [96.1097900690001, 16.825956616000155], [96.1101910180002, 16.825828767000132], [96.11072569700008, 16.82565827700006], [96.11089493200012, 16.825833563000174], [96.11107742000013, 16.826022578000106], [96.11139918900005, 16.82635585500003], [96.11140090800006, 16.827619112000036], [96.11074579200005, 16.82906191400002], [96.10999760300007, 16.8307096960001], [96.1100722770002, 16.83072938000015], [96.11267997200002, 16.831551113000046], [96.1126795290001, 16.831551845000092], [96.11238775700014, 16.832033015000093], [96.11219562100001, 16.832349873000055], [96.11176447900004, 16.833070638000095], [96.111333618, 16.833837498000094], [96.11096359700008, 16.834394477000103], [96.110765647, 16.8347755260001], [96.11071019300005, 16.834864719999985], [96.11042613700016, 16.83532160400017], [96.11017656500013, 16.835742262000167], [96.11017628700012, 16.83574273200003], [96.11017598800015, 16.83574323600004], [96.10999850900015, 16.836042380000094], [96.10959414700005, 16.83645007000007], [96.10913988900018, 16.836843471000066], [96.10883680100011, 16.837227557], [96.10882393100013, 16.83724386600005], [96.10880568400012, 16.837267145000112], [96.1083006180001, 16.83791147200003], [96.1080338270001, 16.838269883000123], [96.10764112700014, 16.838868873000138], [96.10746961000007, 16.83914354300009], [96.10708417100005, 16.83968529500015], [96.1067637760001, 16.84020041500014], [96.10646248200004, 16.840688419], [96.10621418700003, 16.841050984000105], [96.10592458300005, 16.84148585400004], [96.10565724400004, 16.841982056000063], [96.10552732600013, 16.842273625000075], [96.10517308500005, 16.84306862500017], [96.1047154110002, 16.843675385000097], [96.10456049100014, 16.84392668999999], [96.10432255500018, 16.84431266100006], [96.10391644600008, 16.844966758000055], [96.10391061500019, 16.84497615000015], [96.1039104370002, 16.84497641900009], [96.1036467400001, 16.845368783000026], [96.10333420100011, 16.84579222700006], [96.10315106300004, 16.84609789100017], [96.10299454900007, 16.846372635000137], [96.10286478100016, 16.84670084200002], [96.10281797500005, 16.84683876700018], [96.10281795000014, 16.846838839000156], [96.10281568700003, 16.846845508000115], [96.10276529100014, 16.84698419600005], [96.10247606000007, 16.847780144000183], [96.10210979500005, 16.84863104900012], [96.1017203780001, 16.849290587000155], [96.10138861800016, 16.849893069000075], [96.10119806, 16.85029960900016], [96.09933583400016, 16.84978860300015], [96.09916301400006, 16.84974118000008], [96.09916215700008, 16.849743167000156], [96.09830988000016, 16.84961403300008], [96.09822112400008, 16.84965768400008], [96.09821758500004, 16.849645300000134], [96.09581954800018, 16.849645300000134], [96.09492565800008, 16.849637851000125], [96.09222249300018, 16.84961532500006], [96.091682934, 16.850514588000124], [96.0908735970001, 16.85207331200013], [96.09006425900014, 16.853272331000085], [96.08975077400004, 16.854160540000123]]]}}, {"type": "Feature", "properties": {"adm4_name": "Urban", "adm4_name1": null, "adm4_name2": null, "adm4_name3": null, "adm4_pcode": "MMR013046701", "adm3_name": "Hlaingtharya (East)", "adm3_name1": "လှိုင်သာယာ (အရှေ့ပိုင်း)", "adm3_name2": null, "adm3_name3": null, "adm3_pcode": "MMR013046", "adm2_name": "Yangon (North)", "adm2_name1": "ရန်ကုန်(မြောက်ပိုင်း)", "adm2_name2": null, "adm2_name3": null, "adm2_pcode": "MMR013D001", "adm1_name": "Yangon", "adm1_name1": "ရန်ကုန်တိုင်းဒေသကြီး", "adm1_name2": null, "adm1_name3": null, "adm1_pcode": "MMR013", "adm0_name": "Myanmar", "adm0_name1": "မြန်မာနိုင်ငံ", "adm0_name2": null, "adm0_name3": null, "adm0_pcode": "MMR", "valid_on": "2024-02-15T00:00:00", "valid_to": null, "area_sqkm": 13.99339597, "version": "v01", "lang": "en", "lang1": "my", "lang2": null, "lang3": null, "adm4_ref_name": "Urban", "center_lat": 16.87528089, "center_lon": 96.07050431}, "geometry": {"type": "Polygon", "coordinates": [[[96.07164410200005, 16.8913527900001], [96.0712604520001, 16.891441345000032], [96.0707708990002, 16.891592026000183], [96.07035064800016, 16.891712188000156], [96.06998872800006, 16.89180088100011], [96.06957855200005, 16.891923904000066], [96.06922245100014, 16.892102242000078], [96.06921357800002, 16.89210854099997], [96.06891337300016, 16.892321673000026], [96.0686744350001, 16.892591823000032], [96.06847635900004, 16.893096924000133], [96.06838226399998, 16.893439293000142], [96.06832389900006, 16.89377098000017], [96.06822994700008, 16.894129889000112], [96.06811027500015, 16.89441566500011], [96.06788826000013, 16.89463138600013], [96.06755066000011, 16.894863128999987], [96.06720978900006, 16.89507974900016], [96.06662941000008, 16.89535141000016], [96.06571006800004, 16.895750046000103], [96.06517219600016, 16.895962397000176], [96.06463432300012, 16.89620018000005], [96.06435394300019, 16.896307945], [96.06409883500004, 16.89641952500017], [96.06396977800011, 16.896442159000117], [96.06429084300015, 16.89608718100004], [96.06413011900014, 16.89552486600013], [96.06412727200018, 16.895514903000105], [96.0636520380001, 16.89385223400012], [96.06352782300007, 16.893419741000116], [96.06297111499998, 16.89148140000009], [96.06251432700003, 16.889906521000057], [96.06241162600014, 16.889552434000166], [96.06186648800019, 16.887600762000147], [96.06170768800018, 16.8869778400001], [96.061422348, 16.885858535000125], [96.06113243100009, 16.884710312000095], [96.06088066100006, 16.883741379000128], [96.06079737400017, 16.883292199000095], [96.06122995499999, 16.88259218999997], [96.0606438320001, 16.882335027000124], [96.06046295200002, 16.881912231000115], [96.06033961000014, 16.881433487000095], [96.06042512300019, 16.88095283500013], [96.06024360700013, 16.88066736900015], [96.05963897700019, 16.88073539700008], [96.05936050400015, 16.880757650000078], [96.0590877530002, 16.88067054700008], [96.05877571100018, 16.880428696000024], [96.05843925500005, 16.87989769000012], [96.0580539710001, 16.87994957000018], [96.05765342700005, 16.879981995000094], [96.05749328200017, 16.879962054000146], [96.05716323900015, 16.879920959], [96.056777319, 16.879851660000043], [96.05646400500018, 16.879585648000102], [96.05629158000005, 16.879279137000026], [96.05620842000008, 16.879021072000114], [96.05608940100012, 16.878779411000096], [96.05594062800014, 16.878561020000063], [96.05576992000005, 16.878341675000115], [96.0555505760002, 16.878131866000047], [96.05518150400002, 16.87785148600011], [96.05475807300007, 16.877592087000096], [96.05451870000007, 16.877410888999975], [96.05429363300004, 16.877181053000186], [96.05387560600019, 16.876991272], [96.05348205600012, 16.876920700000028], [96.05304050500007, 16.876839638000092], [96.05262947099999, 16.876724243000012], [96.05232111600014, 16.87662315400013], [96.05193392400008, 16.876609802000075], [96.05149841300005, 16.876729965000152], [96.050992672, 16.876861247000022], [96.05160859900008, 16.873951985000133], [96.05150668400012, 16.873935442000118], [96.05025100700004, 16.873731613000018], [96.04833030700007, 16.87343025200005], [96.04802322400019, 16.873380661000112], [96.04649925200005, 16.87313270600015], [96.04557418900015, 16.87299156199998], [96.04504697100003, 16.872905402000185], [96.04459381200013, 16.87283134500018], [96.044205127, 16.872771801000056], [96.04414558400015, 16.87276268000005], [96.0439034220002, 16.87272269700003], [96.04292106600008, 16.872560501000123], [96.04160118200014, 16.872350692999987], [96.04075050400007, 16.872231483000064], [96.04026076900016, 16.872184526000012], [96.04001590200005, 16.872161048], [96.03970277200006, 16.87212661800004], [96.03950413400014, 16.87208719400013], [96.03922816200009, 16.871918882000045], [96.03905112100006, 16.871765502000187], [96.0389969970002, 16.871713347000025], [96.0390522690002, 16.871673094000187], [96.03908221600005, 16.871651286000144], [96.03909874000004, 16.871639252000023], [96.0392511710001, 16.87153592100009], [96.03949546900009, 16.871370315000092], [96.03958734800011, 16.87130807500006], [96.03985023500013, 16.871129989000053], [96.04066276500004, 16.87056922900007], [96.04163932800009, 16.869882584000152], [96.04276466300018, 16.8691120150001], [96.04323005700019, 16.868791580000106], [96.04403114400009, 16.868242264000173], [96.04476928700018, 16.867721558000085], [96.04516792300012, 16.867452621000098], [96.04603385900015, 16.866861344000142], [96.04703712500003, 16.86615371700009], [96.04736593100006, 16.865957202000118], [96.04771232600001, 16.86579322800003], [96.048140525, 16.8656225200001], [96.04855156000019, 16.86550331100011], [96.04897308400007, 16.86539077800012], [96.0497989650001, 16.865232467000055], [96.05091285700007, 16.865011215000095], [96.05246633600012, 16.864699532000145], [96.05277442900012, 16.864641189], [96.05459022500008, 16.86428260800011], [96.05651283200007, 16.86390113800013], [96.05729293900004, 16.8637409210001], [96.05830001800012, 16.863552094000056], [96.05937767000012, 16.863330841000106], [96.05996894900011, 16.86322212200008], [96.06181526200004, 16.862859726000124], [96.06398963900006, 16.862409592], [96.06458282500012, 16.86229133600017], [96.06672859200012, 16.861881256000174], [96.0680713650001, 16.86157035800005], [96.06847953800008, 16.861461640000073], [96.06877899200015, 16.861362457000155], [96.06913375900007, 16.861249924000163], [96.07041358900011, 16.86076164299999], [96.07245445200016, 16.86007118300006], [96.07310951700009, 16.859846440000013], [96.07414272900013, 16.859495084000116], [96.07745170600009, 16.85836982700016], [96.08006291400011, 16.85747957200016], [96.08217342000012, 16.85676002500003], [96.08267852500006, 16.85658327700014], [96.08368873600011, 16.856229782000128], [96.08416048700013, 16.85607083600013], [96.08450126700006, 16.85595130900009], [96.08462948200014, 16.85590273400004], [96.08481089300011, 16.855834007000112], [96.08538775900007, 16.855636301000118], [96.08583768200009, 16.855482101000177], [96.08605742200012, 16.855407045000163], [96.08727836600008, 16.854990006000037], [96.08812809800008, 16.854702454000062], [96.08828163200013, 16.85465049700008], [96.08857154800017, 16.85455131600014], [96.08890851300004, 16.854435380000155], [96.08934211800016, 16.854286194000053], [96.0894981400001, 16.85423821900008], [96.08975077400004, 16.854160540000123], [96.09003893500017, 16.85407193499998], [96.0904064180001, 16.853967666000187], [96.0907039650001, 16.853891372000078], [96.09100914000004, 16.85383288100013], [96.09130712600017, 16.853800463000084], [96.09167099100017, 16.85379219100014], [96.0920305250001, 16.853811264], [96.09235954300016, 16.85387039200009], [96.09247835000014, 16.853897106000034], [96.09268188500016, 16.853942871000186], [96.09300422600012, 16.854061127000023], [96.0930118550001, 16.854064143000073], [96.09333229100014, 16.85419082700008], [96.09374237100013, 16.854381561000025], [96.09411067500008, 16.854537964000087], [96.09416008000017, 16.85455894500018], [96.09478950500011, 16.85485267700011], [96.09528923000016, 16.85508155900004], [96.09593010000009, 16.855371475000084], [96.09621763700017, 16.855502692000186], [96.09636032400016, 16.855566813000053], [96.09643754300004, 16.855603018000124], [96.09842045100015, 16.85626045300006], [96.09825747800011, 16.856614643000057], [96.09821509300002, 16.856706760000122], [96.0981908920001, 16.856758078000098], [96.09813042600007, 16.856886300999975], [96.09774580900012, 16.857701903000134], [96.09737595500008, 16.858331286000066], [96.09715011500003, 16.85879290200006], [96.09707954300006, 16.85893714900004], [96.09702119100018, 16.859056419000126], [96.09697728100014, 16.859139137000057], [96.09685301800005, 16.85937322500007], [96.09646762600016, 16.860139529000037], [96.09626582400011, 16.86060108700002], [96.09626561800013, 16.860601402000157], [96.09605164700008, 16.860929608000106], [96.09583625500005, 16.861260267000034], [96.0957735560001, 16.861356522000108], [96.0956193340001, 16.861698439000065], [96.09538810000015, 16.862029938000035], [96.09527558700017, 16.862191236000058], [96.09527390600016, 16.862193647000026], [96.09527322300016, 16.862195371000155], [96.09482596300012, 16.86332688600004], [96.09461342200018, 16.863864590000162], [96.0940720970001, 16.865234078000128], [96.0938889430002, 16.86569743600012], [96.09316008100012, 16.867541370000083], [96.09315985500012, 16.867541941000013], [96.09273673000018, 16.86861239600006], [96.09129933900016, 16.871911050000108], [96.0877238240002, 16.879357994000088], [96.08625919100007, 16.883267694000097], [96.08573127500006, 16.886085193000042], [96.08556518600011, 16.88697161300007], [96.08545222000015, 16.88913626100009], [96.08385615200007, 16.889050532], [96.08385124200004, 16.889117813000155], [96.08344173400008, 16.888990402], [96.08331400100008, 16.888924823000025], [96.0831928250002, 16.888862610000103], [96.0829639430001, 16.88872337300006], [96.0829084680002, 16.888692735000177], [96.08269023900016, 16.888572216000057], [96.08253843100005, 16.888515162000147], [96.08243064800007, 16.88847465500004], [96.08209165000011, 16.888461431000053], [96.0817941030001, 16.888491947999967], [96.0815321610001, 16.88856315700008], [96.08121223400019, 16.88877830500013], [96.08086204500006, 16.88915824900016], [96.0806102750002, 16.889429092000057], [96.0801817570001, 16.889870326000164], [96.07984924300013, 16.890142441000023], [96.07938067100008, 16.890549342000043], [96.07894325300009, 16.890840530000162], [96.0786113740001, 16.891092300000025], [96.07830047600015, 16.891310374000113], [96.07792949700007, 16.89147090900019], [96.07753086100013, 16.891599655000164], [96.07710075400018, 16.891669591000095], [96.0768108370001, 16.89167976300007], [96.07649803200002, 16.891691208], [96.07623359200016, 16.891684124000165], [96.07607078600006, 16.89167976300007], [96.07549149600004, 16.891639437000094], [96.07537184900019, 16.8916172160001], [96.07526503400015, 16.891597377000153], [96.07491380500016, 16.8915321450001], [96.07474327100005, 16.89150047300012], [96.07439104600013, 16.891457982000077], [96.07434272700016, 16.89145215400015], [96.0741771430001, 16.891451572999983], [96.0739803310002, 16.891450882000015], [96.07356707200017, 16.891469955000105], [96.07320086200008, 16.891449610999985], [96.07291087800007, 16.891409757000076], [96.07284927400013, 16.89140129100008], [96.07278825500015, 16.891394047], [96.07244854700008, 16.89135371599997], [96.0724335810001, 16.891351939000117], [96.0724315650001, 16.891351699999973], [96.07241249100014, 16.891350833], [96.07201194700019, 16.891332626000178], [96.07164410200005, 16.8913527900001]]]}}, {"type": "Feature", "properties": {"adm4_name": "Ah Lel", "adm4_name1": "အလယ်", "adm4_name2": null, "adm4_name3": null, "adm4_pcode": "MMR013047001", "adm3_name": "Hlaingtharya (West)", "adm3_name1": "လှိုင်သာယာ (အနောက်ပိုင်း)", "adm3_name2": null, "adm3_name3": null, "adm3_pcode": "MMR013047", "adm2_name": "Yangon (North)", "adm2_name1": "ရန်ကုန်(မြောက်ပိုင်း)", "adm2_name2": null, "adm2_name3": null, "adm2_pcode": "MMR013D001", "adm1_name": "Yangon", "adm1_name1": "ရန်ကုန်တိုင်းဒေသကြီး", "adm1_name2": null, "adm1_name3": null, "adm1_pcode": "MMR013", "adm0_name": "Myanmar", "adm0_name1": "မြန်မာနိုင်ငံ", "adm0_name2": null, "adm0_name3": null, "adm0_pcode": "MMR", "valid_on": "2024-02-15T00:00:00", "valid_to": null, "area_sqkm": 7.4655217, "version": "v01", "lang": "en", "lang1": "my", "lang2": null, "lang3": null, "adm4_ref_name": "Ah Lel", "center_lat": 16.91741551, "center_lon": 96.06587088}, "geometry": {"type": "Polygon", "coordinates": [[[96.08087155400005, 16.912635966000153], [96.08065280800008, 16.913023383000166], [96.08009582500011, 16.914009847000045], [96.07913010600004, 16.915720212999986], [96.0786240060001, 16.916969640000104], [96.07854658200006, 16.917160778000095], [96.07834021600007, 16.91767024000012], [96.07811912900013, 16.91821604600017], [96.0781173740001, 16.918220379000104], [96.07805631500008, 16.91837111800004], [96.07778729000012, 16.919035269], [96.07725890600011, 16.92033970800003], [96.07650182200018, 16.92220874700007], [96.0764460150001, 16.922310947000142], [96.07625328900014, 16.922663889000034], [96.07545937500015, 16.924117798000168], [96.07460061000006, 16.925690469000187], [96.07436253700018, 16.92612645700018], [96.07402167700002, 16.926750682000034], [96.073629648, 16.92746861000012], [96.0727642650001, 16.9284722110001], [96.072678596, 16.928571564000094], [96.07226145300007, 16.928969440000117], [96.07191745100005, 16.92929755400013], [96.07177442900007, 16.929433970000048], [96.0710786790001, 16.93009951300013], [96.06890906200005, 16.93217493200018], [96.06790262600009, 16.933137672000043], [96.0678342610002, 16.93321186800017], [96.06662792800017, 16.934521106000147], [96.06649299400016, 16.934667551000075], [96.06632690500004, 16.934847808000143], [96.06632560999998, 16.93484921400011], [96.0663254050001, 16.934849445], [96.06519785500006, 16.936128279000116], [96.06483608900015, 16.93653858400006], [96.0646307630002, 16.93677145800018], [96.06454523100007, 16.93686830600018], [96.06370336600008, 16.937821550000024], [96.06350773700018, 16.938067350999972], [96.06344014799998, 16.938152274000174], [96.06333754100012, 16.938281197000094], [96.06287146600005, 16.937937943000122], [96.06065353200017, 16.936304488000076], [96.06035294700007, 16.936083115000145], [96.06016990800015, 16.935948311000175], [96.05968914300007, 16.935600255000168], [96.05950583700019, 16.93546754700003], [96.05950484400017, 16.935466793000103], [96.05950067300012, 16.935463627000047], [96.05937163400017, 16.93536567199999], [96.05934092300004, 16.935342359000117], [96.05930614500016, 16.93531595800016], [96.05916001600008, 16.93520503000002], [96.05839249700006, 16.934615253000175], [96.05838502800009, 16.934609732000183], [96.05800410200015, 16.934328178000158], [96.057649217, 16.93406587100003], [96.0575160460001, 16.93394219700008], [96.05738873700017, 16.93378424000008], [96.05709983500003, 16.933435699000086], [96.05661545300012, 16.932869502000074], [96.0561442090002, 16.932292303], [96.05057371400017, 16.925605913000084], [96.05461879800004, 16.922810046000166], [96.05506494700006, 16.92227466700018], [96.05519972400015, 16.921933066000065], [96.04899865000004, 16.907199644000116], [96.04900135800011, 16.907198741000116], [96.04899977200017, 16.907195186000138], [96.04923075200008, 16.90709164200007], [96.04942465200014, 16.906946218000144], [96.04943202600003, 16.906942044000118], [96.04985284600002, 16.906703844000162], [96.0506042070001, 16.906328164000115], [96.05078106200011, 16.9062651860001], [96.05143231800014, 16.90603327499997], [96.05231698400019, 16.905734347000134], [96.05249876400012, 16.905637397000078], [96.05254320000006, 16.905564685000115], [96.05255127900011, 16.905399062000185], [96.05253213700013, 16.90518924100013], [96.05251634300004, 16.905139603000123], [96.05244962300003, 16.9049299080001], [96.05236949800008, 16.904696177], [96.0522775190002, 16.904463108000186], [96.05214732200017, 16.90422354800006], [96.05197775700009, 16.90399746100013], [96.05190494800019, 16.903900382000188], [96.05184844100006, 16.903817133000132], [96.05174706600008, 16.90375583600013], [96.0516386180002, 16.903652103000127], [96.05158975100011, 16.90358795600008], [96.05146463500006, 16.903423713000052], [96.05129901200013, 16.903177299000106], [96.05121326800014, 16.903021689000013], [96.05118994399999, 16.902979360000188], [96.05116710300018, 16.902782159000083], [96.05120206200013, 16.90249865200019], [96.05133920500003, 16.902070172000094], [96.0514570840001, 16.901770759999977], [96.05162217800006, 16.90124638400016], [96.05170820500018, 16.901088454000046], [96.05171025800007, 16.901084686000104], [96.05189282900017, 16.900749517000122], [96.05232102300005, 16.900034514000026], [96.0523816170001, 16.89969115000008], [96.05240954300012, 16.899118491000024], [96.05253749600013, 16.899135656000112], [96.05256463300015, 16.898962657000084], [96.05258178700012, 16.89885330200019], [96.05263335200004, 16.898665496000092], [96.0526723860001, 16.89852333100015], [96.05283037800018, 16.89816475000009], [96.0530534740002, 16.89772701300018], [96.0533863070001, 16.897308732000113], [96.05367472000006, 16.89706346900016], [96.05378151000019, 16.896972657000106], [96.05387104200014, 16.896914699000092], [96.05398216200012, 16.896842766000134], [96.05406933300014, 16.896786336000048], [96.0541828150001, 16.896712875000105], [96.05445289600016, 16.896612167000114], [96.05453332700017, 16.896596825000074], [96.05457681100017, 16.89658853000003], [96.05787710900006, 16.905890357999965], [96.0582932710002, 16.907163142000115], [96.0599280260002, 16.906860240000128], [96.0625173860002, 16.906445076000068], [96.06330314500013, 16.906296355999984], [96.06363348500008, 16.908658053000067], [96.06902296400006, 16.91139205400009], [96.06973680300007, 16.910114283000155], [96.07005743500014, 16.910249318000012], [96.07043814900004, 16.910515817000146], [96.07067609500018, 16.91074424600015], [96.07100921900019, 16.911086888000057], [96.07155173700016, 16.91129628100009], [96.07253207400015, 16.91163892300017], [96.07306507400006, 16.91182928], [96.07360759100004, 16.91187686900014], [96.07424528600018, 16.9117816910001], [96.07671992600012, 16.91142953000019], [96.07717678200004, 16.911353388000066], [96.07757653200008, 16.91138194100006], [96.07804290600012, 16.91153422700006], [96.07820173500005, 16.91163119000015], [96.07843730200011, 16.91128854700014], [96.08087155400005, 16.912635966000153]]]}}, {"type": "Feature", "properties": {"adm4_name": "Ku Lar Gyi Su", "adm4_name1": "ကုလားကြီးစု", "adm4_name2": null, "adm4_name3": null, "adm4_pcode": "MMR013047002", "adm3_name": "Hlaingtharya (West)", "adm3_name1": "လှိုင်သာယာ (အနောက်ပိုင်း)", "adm3_name2": null, "adm3_name3": null, "adm3_pcode": "MMR013047", "adm2_name": "Yangon (North)", "adm2_name1": "ရန်ကုန်(မြောက်ပိုင်း)", "adm2_name2": null, "adm2_name3": null, "adm2_pcode": "MMR013D001", "adm1_name": "Yangon", "adm1_name1": "ရန်ကုန်တိုင်းဒေသကြီး", "adm1_name2": null, "adm1_name3": null, "adm1_pcode": "MMR013", "adm0_name": "Myanmar", "adm0_name1": "မြန်မာနိုင်ငံ", "adm0_name2": null, "adm0_name3": null, "adm0_pcode": "MMR", "valid_on": "2024-02-15T00:00:00", "valid_to": null, "area_sqkm": 6.11493934, "version": "v01", "lang": "en", "lang1": "my", "lang2": null, "lang3": null, "adm4_ref_name": "Ku Lar Gyi Su", "center_lat": 16.89064471, "center_lon": 96.02314735}, "geometry": {"type": "Polygon", "coordinates": [[[96.02987955700007, 16.875687365000033], [96.02978477500005, 16.87572670000003], [96.0299633030001, 16.876149178000162], [96.03014183, 16.876571656000124], [96.03084754900004, 16.878180186000122], [96.03096407100008, 16.879299684000046], [96.03141212500003, 16.8803310400001], [96.0319473670001, 16.881427539000185], [96.0322025850001, 16.881950379000102], [96.03224073900003, 16.882163176000176], [96.03245353700004, 16.883349991000046], [96.03258630900001, 16.883628422000072], [96.03271293600011, 16.883893966000016], [96.03301716900017, 16.88462064700002], [96.03338050900004, 16.885488510000187], [96.03390121500013, 16.88670158399998], [96.03468589800013, 16.88850708000018], [96.03567284700017, 16.88815600700019], [96.03590736400008, 16.888072586000078], [96.03623271000004, 16.888559174000022], [96.0364276890001, 16.888850784], [96.03652660800003, 16.888820854000187], [96.03737831200016, 16.88856315700008], [96.0384532830002, 16.8882454890001], [96.03874556300019, 16.888159116000168], [96.03884633400008, 16.888394992000144], [96.0388764990002, 16.88846559900003], [96.03894710600008, 16.888630867000188], [96.0390193830001, 16.888785112000107], [96.03911781400018, 16.888995171000147], [96.03925156400004, 16.889185215000055], [96.03929862900014, 16.889252090000184], [96.03957939100007, 16.88952064500012], [96.0402164460001, 16.890160752000043], [96.03914833100015, 16.891063690000124], [96.03809970400016, 16.891901288000156], [96.03517828800017, 16.89403565100008], [96.0295548360001, 16.895555503000082], [96.02719906500016, 16.89684737700003], [96.02643913900016, 16.897227340000143], [96.02339943499999, 16.897987266000143], [96.02248752400016, 16.898595207000085], [96.01792796799998, 16.90003906600009], [96.01732002700004, 16.901330940000037], [96.01577949500012, 16.9034709930001], [96.01585729800007, 16.905586816000095], [96.0134881030001, 16.905951307000123], [96.0133069580001, 16.90597917700012], [96.0132373450001, 16.905816460999972], [96.01304869000006, 16.905375489000107], [96.01297545200003, 16.90519110400004], [96.01284829600019, 16.904870969000115], [96.01283977500009, 16.90485323100006], [96.01277188600005, 16.904711911000106], [96.01250173300019, 16.90414955199998], [96.0122599290001, 16.903602654000053], [96.01179917600007, 16.902560548000167], [96.01115084300017, 16.901037556000063], [96.01100160800013, 16.900673273000052], [96.01077127400009, 16.900111030000176], [96.01040702900008, 16.899304740000048], [96.01016419900003, 16.898703559000126], [96.00991429600009, 16.898166032000177], [96.00962628500014, 16.897531144000027], [96.00959130900009, 16.89745404500013], [96.0088347460001, 16.895698978000155], [96.00779248100008, 16.893281141000045], [96.00769110500005, 16.893094893000068], [96.00741762700017, 16.89245127600003], [96.00711821599998, 16.89175814900011], [96.00684002200006, 16.89107209600013], [96.00646516800015, 16.890225726999972], [96.00604787800006, 16.889285056000062], [96.00574139300005, 16.888556565999977], [96.00544784100009, 16.887894326000094], [96.0053453210001, 16.88766304600017], [96.00495742200007, 16.88677087800005], [96.0065975190002, 16.885972977], [96.02685149299998, 16.876491744000077], [96.02796990400009, 16.87596819700019], [96.02987955700007, 16.875687365000033]]]}}, {"type": "Feature", "properties": {"adm4_name": "Ah Twin Pa Dan", "adm4_name1": "အတွင်းပဒံ", "adm4_name2": null, "adm4_name3": null, "adm4_pcode": "MMR013047003", "adm3_name": "Hlaingtharya (West)", "adm3_name1": "လှိုင်သာယာ (အနောက်ပိုင်း)", "adm3_name2": null, "adm3_name3": null, "adm3_pcode": "MMR013047", "adm2_name": "Yangon (North)", "adm2_name1": "ရန်ကုန်(မြောက်ပိုင်း)", "adm2_name2": null, "adm2_name3": null, "adm2_pcode": "MMR013D001", "adm1_name": "Yangon", "adm1_name1": "ရန်ကုန်တိုင်းဒေသကြီး", "adm1_name2": null, "adm1_name3": null, "adm1_pcode": "MMR013", "adm0_name": "Myanmar", "adm0_name1": "မြန်မာနိုင်ငံ", "adm0_name2": null, "adm0_name3": null, "adm0_pcode": "MMR", "valid_on": "2024-02-15T00:00:00", "valid_to": null, "area_sqkm": 5.65059734, "version": "v01", "lang": "en", "lang1": "my", "lang2": null, "lang3": null, "adm4_ref_name": "Ah Twin Pa Dan", "center_lat": 16.87420464, "center_lon": 96.01734258}, "geometry": {"type": "Polygon", "coordinates": [[[96.02987955700007, 16.875687365000033], [96.02796990400009, 16.87596819700019], [96.02685149299998, 16.876491744000077], [96.0065975190002, 16.885972977], [96.00495742200007, 16.88677087800005], [96.00494453400012, 16.88674123500016], [96.00476771500013, 16.886323944000026], [96.0047274160001, 16.886232922000147], [96.0046309760001, 16.886015103000148], [96.00452960100012, 16.885784061000038], [96.00428205500009, 16.885187594000115], [96.00417832200009, 16.88498248600007], [96.00312920300007, 16.883664602000067], [96.00281093000012, 16.88330389400005], [96.0024549370001, 16.882853597], [96.00226868800019, 16.88262255500007], [96.00217202800019, 16.882459883000138], [96.00167340400014, 16.881278286000168], [96.00150247700014, 16.880873236000014], [96.00107200900004, 16.87986292100004], [96.00104275000018, 16.879564784000138], [96.00088243500016, 16.878683051999985], [96.00058538100012, 16.876561236000157], [96.00031661800017, 16.87488736], [96.00052408400012, 16.874811917000102], [96.00048580300006, 16.874591293000094], [96.0054416660002, 16.871656418000043], [96.00776028100012, 16.87030188900013], [96.012317177, 16.868961625000054], [96.01687407400004, 16.866549150000026], [96.02446890200014, 16.86333251700006], [96.02635222000015, 16.862753035000082], [96.02795358800017, 16.86226030600011], [96.03009801000013, 16.863511219000145], [96.03206373000006, 16.863421868000103], [96.03492296000019, 16.862170955000067], [96.03508795200014, 16.862093312000127], [96.03569015500017, 16.861809923000067], [96.03568147300018, 16.862890671000116], [96.03569208800008, 16.866156840000087], [96.03642055100005, 16.867740746000038], [96.03701432400004, 16.869031795000012], [96.03704201700009, 16.86907046700003], [96.03707449300015, 16.869115819000058], [96.03756579500009, 16.869801918000064], [96.03798473200004, 16.870386960000133], [96.03805930200019, 16.870491097000127], [96.03807919600001, 16.870518879000144], [96.03865460600002, 16.87132243299999], [96.03871336800012, 16.87140449400016], [96.03874293700017, 16.871445788000187], [96.03886996800009, 16.871579568000072], [96.0389969970002, 16.871713347000025], [96.03898330600003, 16.87172331800008], [96.03895362300017, 16.871744936000084], [96.03894789400016, 16.871749108000074], [96.03887926000016, 16.87179909000008], [96.03857231200016, 16.872022629000014], [96.03795592000012, 16.87243652400008], [96.0375744820002, 16.872590033000108], [96.03749603400013, 16.87262160400013], [96.03740428500004, 16.87265852800016], [96.03700476500006, 16.87281931400014], [96.03681518100018, 16.872891759000026], [96.03629112200008, 16.873092016000157], [96.03437995900009, 16.873872757000186], [96.03402137800003, 16.874010086000055], [96.0330715180001, 16.874399185000016], [96.0326824190002, 16.874561944999982], [96.03214454700009, 16.87477111900006], [96.0321286910002, 16.87477743100004], [96.03074073700009, 16.87532997200003], [96.02994905200006, 16.87565852500012], [96.02987955700007, 16.875687365000033]]]}}, {"type": "Feature", "properties": {"adm4_name": "Ah Pyin Pa Dan", "adm4_name1": "အပြင်ပဒံ", "adm4_name2": null, "adm4_name3": null, "adm4_pcode": "MMR013047004", "adm3_name": "Hlaingtharya (West)", "adm3_name1": "လှိုင်သာယာ (အနောက်ပိုင်း)", "adm3_name2": null, "adm3_name3": null, "adm3_pcode": "MMR013047", "adm2_name": "Yangon (North)", "adm2_name1": "ရန်ကုန်(မြောက်ပိုင်း)", "adm2_name2": null, "adm2_name3": null, "adm2_pcode": "MMR013D001", "adm1_name": "Yangon", "adm1_name1": "ရန်ကုန်တိုင်းဒေသကြီး", "adm1_name2": null, "adm1_name3": null, "adm1_pcode": "MMR013", "adm0_name": "Myanmar", "adm0_name1": "မြန်မာနိုင်ငံ", "adm0_name2": null, "adm0_name3": null, "adm0_pcode": "MMR", "valid_on": "2024-02-15T00:00:00", "valid_to": null, "area_sqkm": 5.67944886, "version": "v01", "lang": "en", "lang1": "my", "lang2": null, "lang3": null, "adm4_ref_name": "Ah Pyin Pa Dan", "center_lat": 16.85950145, "center_lon": 96.01914295}, "geometry": {"type": "Polygon", "coordinates": [[[96.02635222000015, 16.862753035000082], [96.02446890200014, 16.86333251700006], [96.01687407400004, 16.866549150000026], [96.012317177, 16.868961625000054], [96.00776028100012, 16.87030188900013], [96.0054416660002, 16.871656418000043], [96.00048580300006, 16.874591293000094], [96.00016573300019, 16.872746684000163], [95.999901685, 16.8718130850001], [96.00000781900007, 16.871777707000035], [96.00121013800003, 16.871376934000182], [96.00087772000006, 16.870452766000085], [96.00167365700008, 16.870177220000016], [96.00207382200006, 16.8700386860001], [96.00211780300009, 16.87000836300018], [96.00205672100014, 16.869955317000063], [96.00198342200002, 16.86989166300009], [96.00183144800008, 16.86972764000012], [96.00169697700005, 16.869526239000095], [96.00162714900017, 16.869362357], [96.00158145600017, 16.869255119], [96.0015567010002, 16.86916906700003], [96.00156613100006, 16.86897103100017], [96.00158288100005, 16.868812308000088], [96.00159088600009, 16.86873645300011], [96.00159715300015, 16.868572323000024], [96.0016215350002, 16.86851130500014], [96.0016739040002, 16.868459214000154], [96.00184904000014, 16.868282620000116], [96.00200817700005, 16.868163562000063], [96.00214249400005, 16.868014862000166], [96.0021944250002, 16.867912481000133], [96.00224275500011, 16.867822894000085], [96.0022663310001, 16.867702657], [96.00224275500011, 16.86755884500019], [96.00222474200012, 16.867429941000182], [96.00220712800007, 16.867303897000056], [96.00216613400005, 16.867026034000048], [96.0021362990002, 16.866926242000147], [96.00213194900016, 16.866911691000098], [96.00207382200006, 16.866823188000183], [96.0019398070001, 16.866645285000118], [96.00178297300005, 16.866479825000056], [96.00147632900013, 16.866201570000044], [96.00134472900004, 16.866082153000036], [96.00374311800016, 16.86383042200015], [96.00446011700006, 16.863107498000034], [96.00503444400005, 16.86255169700013], [96.00519489200019, 16.8623964250001], [96.00570260500018, 16.861866637000105], [96.00655778200019, 16.860974279000175], [96.00699035200006, 16.86052985800012], [96.00738627000015, 16.85981441800004], [96.0073867270001, 16.85981359300007], [96.00750753600005, 16.859377127000187], [96.00749402800017, 16.859024755000178], [96.00736366500013, 16.85872847400009], [96.00711478900018, 16.85823072300019], [96.00664074000008, 16.857531501999972], [96.00608373400019, 16.85677894900016], [96.005817562, 16.85642222500013], [96.00579634200005, 16.85639378500008], [96.00576627200007, 16.85635504200019], [96.00548821000012, 16.855996769000114], [96.00510008300006, 16.855362729000035], [96.00485120700012, 16.854947936000087], [96.00481776900017, 16.85484565600018], [96.0048064230001, 16.854810948000136], [96.00480041500015, 16.854792574000044], [96.00464973700014, 16.854331673], [96.0048038020002, 16.853774667000096], [96.00496797200009, 16.853582354000082], [96.00521859500014, 16.853288766000105], [96.00607188200013, 16.85279101599997], [96.00717997100003, 16.852311042000053], [96.00807177500013, 16.85210068200007], [96.00883321600014, 16.85213623600015], [96.00915470500019, 16.852174877000095], [96.0100111070002, 16.852277810000146], [96.01006574200017, 16.852284377000046], [96.011027065, 16.852328974000102], [96.01121530900014, 16.852337706000128], [96.01181972100005, 16.852231045999986], [96.01234117500007, 16.85201772400012], [96.01326556900017, 16.851413312000034], [96.01394108900007, 16.850856304000104], [96.01434077800019, 16.85014916300014], [96.01455735200017, 16.849765993000062], [96.01473440000007, 16.849448276000146], [96.01532933200014, 16.84838066000009], [96.0154224910001, 16.848213484000155], [96.01567243100016, 16.84783024100011], [96.01595579500014, 16.847395750000146], [96.01651280300007, 16.846874297000056], [96.01717646999998, 16.8464891320001], [96.017664024, 16.846241206], [96.01856898800008, 16.845781022000153], [96.01940828700003, 16.845427048000147], [96.01968596500006, 16.845309936000035], [96.01994784300007, 16.845218543000044], [96.02009251400005, 16.845168053000123], [96.02012742300019, 16.84515587100003], [96.02024988500017, 16.84510274800016], [96.02077627700004, 16.844874405000155], [96.0220295430002, 16.84452775600016], [96.02303689600012, 16.844486277000044], [96.02352575800006, 16.844492203000186], [96.02481754100012, 16.844616640000083], [96.025343438, 16.844844776000116], [96.02605451200003, 16.845271420000074], [96.02625657500016, 16.84553214700003], [96.02642189900018, 16.84574546900012], [96.02680113800017, 16.84675282200004], [96.02783219300017, 16.848862338000174], [96.02883954700019, 16.850675574000093], [96.0292099290001, 16.85148368000017], [96.02923063700001, 16.85152886200018], [96.0293111250001, 16.851975571000082], [96.02946766100013, 16.852844346000154], [96.02946766100013, 16.854408707000175], [96.02946687100001, 16.854510236000124], [96.02946643600006, 16.8545661280001], [96.02946104400019, 16.855259053000168], [96.0294439590001, 16.857454468000185], [96.02968098300016, 16.858201095000084], [96.03020243700013, 16.85887661400011], [96.03048389800006, 16.85918456600018], [96.03070611400017, 16.85942769600001], [96.03091943500016, 16.85957520600016], [96.03126312000006, 16.85981286000009], [96.03182012700006, 16.86013284300003], [96.03233726700006, 16.86027614700015], [96.03280377800019, 16.860405421], [96.03298895600005, 16.860419587000138], [96.03329788000019, 16.86044322100014], [96.03388816400019, 16.860488379000117], [96.03571786500015, 16.86040692800003], [96.03570573400015, 16.860893669000063], [96.03569360400019, 16.86138041000015], [96.03569015500017, 16.861809923000067], [96.03508795200014, 16.862093312000127], [96.03492296000019, 16.862170955000067], [96.03206373000006, 16.863421868000103], [96.03009801000013, 16.863511219000145], [96.02795358800017, 16.86226030600011], [96.02635222000015, 16.862753035000082]]]}}, {"type": "Feature", "properties": {"adm4_name": "Urban", "adm4_name1": null, "adm4_name2": null, "adm4_name3": null, "adm4_pcode": "MMR013047701", "adm3_name": "Hlaingtharya (West)", "adm3_name1": "လှိုင်သာယာ (အနောက်ပိုင်း)", "adm3_name2": null, "adm3_name3": null, "adm3_pcode": "MMR013047", "adm2_name": "Yangon (North)", "adm2_name1": "ရန်ကုန်(မြောက်ပိုင်း)", "adm2_name2": null, "adm2_name3": null, "adm2_pcode": "MMR013D001", "adm1_name": "Yangon", "adm1_name1": "ရန်ကုန်တိုင်းဒေသကြီး", "adm1_name2": null, "adm1_name3": null, "adm1_pcode": "MMR013", "adm0_name": "Myanmar", "adm0_name1": "မြန်မာနိုင်ငံ", "adm0_name2": null, "adm0_name3": null, "adm0_pcode": "MMR", "valid_on": "2024-02-15T00:00:00", "valid_to": null, "area_sqkm": 12.31269873, "version": "v01", "lang": "en", "lang1": "my", "lang2": null, "lang3": null, "adm4_ref_name": "Urban", "center_lat": 16.89266051, "center_lon": 96.05018514}, "geometry": {"type": "Polygon", "coordinates": [[[96.0192986150002, 16.911658420000094], [96.01905814200006, 16.911715002000165], [96.01834144000009, 16.91185174100019], [96.01796430200017, 16.911955826], [96.01768367700015, 16.912033275000113], [96.01723338099998, 16.91210635900012], [96.01676422300011, 16.91217944400006], [96.01622434000006, 16.91223602600013], [96.01598386700016, 16.912309110000137], [96.01562551600011, 16.912351547000185], [96.01557836500018, 16.912212450000084], [96.01548877700009, 16.91173150600008], [96.01528366800005, 16.911021876000177], [96.01506912900015, 16.910189652999975], [96.01481215400014, 16.90926076900007], [96.01470495800015, 16.90890422900003], [96.01470370600003, 16.90890006000012], [96.01452453000013, 16.90852992200007], [96.01422747600009, 16.90802775800006], [96.01390920300014, 16.907351135000113], [96.01362157900013, 16.906714591000025], [96.01362086400013, 16.906712917999982], [96.01348580200016, 16.906397218000166], [96.01346093900014, 16.90633909999997], [96.0133069580001, 16.90597917700012], [96.0134881030001, 16.905951307000123], [96.01585729800007, 16.905586816000095], [96.01577949500012, 16.9034709930001], [96.01732002700004, 16.901330940000037], [96.01792796799998, 16.90003906600009], [96.02248752400016, 16.898595207000085], [96.02339943499999, 16.897987266000143], [96.02643913900016, 16.897227340000143], [96.02719906500016, 16.89684737700003], [96.0295548360001, 16.895555503000082], [96.03517828800017, 16.89403565100008], [96.03809970400016, 16.891901288000156], [96.03914833100015, 16.891063690000124], [96.0402164460001, 16.890160752000043], [96.03957939100007, 16.88952064500012], [96.03929862900014, 16.889252090000184], [96.03925156400004, 16.889185215000055], [96.03911781400018, 16.888995171000147], [96.0390193830001, 16.888785112000107], [96.03894710600008, 16.888630867000188], [96.0388764990002, 16.88846559900003], [96.03884633400008, 16.888394992000144], [96.03874556300019, 16.888159116000168], [96.0384532830002, 16.8882454890001], [96.03737831200016, 16.88856315700008], [96.03652660800003, 16.888820854000187], [96.0364276890001, 16.888850784], [96.03623271000004, 16.888559174000022], [96.03590736400008, 16.888072586000078], [96.03567284700017, 16.88815600700019], [96.03468589800013, 16.88850708000018], [96.03390121500013, 16.88670158399998], [96.03338050900004, 16.885488510000187], [96.03301716900017, 16.88462064700002], [96.03271293600011, 16.883893966000016], [96.03258630900001, 16.883628422000072], [96.03245353700004, 16.883349991000046], [96.03224073900003, 16.882163176000176], [96.0322025850001, 16.881950379000102], [96.0319473670001, 16.881427539000185], [96.03141212500003, 16.8803310400001], [96.03096407100008, 16.879299684000046], [96.03084754900004, 16.878180186000122], [96.03014183, 16.876571656000124], [96.0299633030001, 16.876149178000162], [96.02978477500005, 16.87572670000003], [96.02987955700007, 16.875687365000033], [96.02994905200006, 16.87565852500012], [96.03074073700009, 16.87532997200003], [96.0321286910002, 16.87477743100004], [96.03214454700009, 16.87477111900006], [96.0326824190002, 16.874561944999982], [96.0330715180001, 16.874399185000016], [96.03402137800003, 16.874010086000055], [96.03437995900009, 16.873872757000186], [96.03629112200008, 16.873092016000157], [96.03681518100018, 16.872891759000026], [96.03700476500006, 16.87281931400014], [96.03740428500004, 16.87265852800016], [96.03749603400013, 16.87262160400013], [96.0375744820002, 16.872590033000108], [96.03795592000012, 16.87243652400008], [96.03857231200016, 16.872022629000014], [96.03887926000016, 16.87179909000008], [96.03894789400016, 16.871749108000074], [96.03895362300017, 16.871744936000084], [96.03898330600003, 16.87172331800008], [96.0389969970002, 16.871713347000025], [96.03905112100006, 16.871765502000187], [96.03922816200009, 16.871918882000045], [96.03950413400014, 16.87208719400013], [96.03970277200006, 16.87212661800004], [96.04001590200005, 16.872161048], [96.04026076900016, 16.872184526000012], [96.04075050400007, 16.872231483000064], [96.04160118200014, 16.872350692999987], [96.04292106600008, 16.872560501000123], [96.0439034220002, 16.87272269700003], [96.04414558400015, 16.87276268000005], [96.044205127, 16.872771801000056], [96.04459381200013, 16.87283134500018], [96.04504697100003, 16.872905402000185], [96.04557418900015, 16.87299156199998], [96.04649925200005, 16.87313270600015], [96.04802322400019, 16.873380661000112], [96.04833030700007, 16.87343025200005], [96.05025100700004, 16.873731613000018], [96.05150668400012, 16.873935442000118], [96.05160859900008, 16.873951985000133], [96.050992672, 16.876861247000022], [96.05149841300005, 16.876729965000152], [96.05193392400008, 16.876609802000075], [96.05232111600014, 16.87662315400013], [96.05262947099999, 16.876724243000012], [96.05304050500007, 16.876839638000092], [96.05348205600012, 16.876920700000028], [96.05387560600019, 16.876991272], [96.05429363300004, 16.877181053000186], [96.05451870000007, 16.877410888999975], [96.05475807300007, 16.877592087000096], [96.05518150400002, 16.87785148600011], [96.0555505760002, 16.878131866000047], [96.05576992000005, 16.878341675000115], [96.05594062800014, 16.878561020000063], [96.05608940100012, 16.878779411000096], [96.05620842000008, 16.879021072000114], [96.05629158000005, 16.879279137000026], [96.05646400500018, 16.879585648000102], [96.056777319, 16.879851660000043], [96.05716323900015, 16.879920959], [96.05749328200017, 16.879962054000146], [96.05765342700005, 16.879981995000094], [96.0580539710001, 16.87994957000018], [96.05843925500005, 16.87989769000012], [96.05877571100018, 16.880428696000024], [96.0590877530002, 16.88067054700008], [96.05936050400015, 16.880757650000078], [96.05963897700019, 16.88073539700008], [96.06024360700013, 16.88066736900015], [96.06042512300019, 16.88095283500013], [96.06033961000014, 16.881433487000095], [96.06046295200002, 16.881912231000115], [96.0606438320001, 16.882335027000124], [96.06122995499999, 16.88259218999997], [96.06079737400017, 16.883292199000095], [96.06088066100006, 16.883741379000128], [96.06113243100009, 16.884710312000095], [96.061422348, 16.885858535000125], [96.06170768800018, 16.8869778400001], [96.06186648800019, 16.887600762000147], [96.06241162600014, 16.889552434000166], [96.06251432700003, 16.889906521000057], [96.06297111499998, 16.89148140000009], [96.06352782300007, 16.893419741000116], [96.0636520380001, 16.89385223400012], [96.06412727200018, 16.895514903000105], [96.06413011900014, 16.89552486600013], [96.06429084300015, 16.89608718100004], [96.06396977800011, 16.896442159000117], [96.0638160700002, 16.896469116000105], [96.0635386570001, 16.896460427000022], [96.06338595900007, 16.896420169000066], [96.06324387500018, 16.89638271000007], [96.06319300400014, 16.896369298000025], [96.06297647500008, 16.896240150000153], [96.06282997200015, 16.89615276900014], [96.06271742400008, 16.896107081000082], [96.06244017900013, 16.89599453300019], [96.06179182900013, 16.896002906000092], [96.06139946000008, 16.896070480000162], [96.06080627400002, 16.896177292000118], [96.06028366100003, 16.89628267300003], [96.05986256100005, 16.89642228100007], [96.059482575, 16.896615982000185], [96.05938193000014, 16.896676765000166], [96.05914306699998, 16.896821022000097], [96.05875969000016, 16.89713192000005], [96.05841000900011, 16.8973407740001], [96.05798704000017, 16.897488161000126], [96.05771173800014, 16.89749990100006], [96.0573806760001, 16.897451401000126], [96.05705070500005, 16.897393263000083], [96.05698013400018, 16.897380829000156], [96.05690002400013, 16.89736508900006], [96.05657243700011, 16.897300719999976], [96.05629228400011, 16.897211409000136], [96.05616117900018, 16.897169614000177], [96.05601285900019, 16.8971022180001], [96.05583477099998, 16.897021294000126], [96.05570888400018, 16.89694149500002], [96.05549091700016, 16.896803326000054], [96.05548854800003, 16.896802086000093], [96.05548639500012, 16.896800957000096], [96.05511006400019, 16.89660384500013], [96.05485565600009, 16.896561375000033], [96.05478286800007, 16.896549224000182], [96.05457681100017, 16.89658853000003], [96.05453332700017, 16.896596825000074], [96.05445289600016, 16.896612167000114], [96.0541828150001, 16.896712875000105], [96.05406933300014, 16.896786336000048], [96.05398216200012, 16.896842766000134], [96.05387104200014, 16.896914699000092], [96.05378151000019, 16.896972657000106], [96.05367472000006, 16.89706346900016], [96.0533863070001, 16.897308732000113], [96.0530534740002, 16.89772701300018], [96.05283037800018, 16.89816475000009], [96.0526723860001, 16.89852333100015], [96.05263335200004, 16.898665496000092], [96.05258178700012, 16.89885330200019], [96.05256463300015, 16.898962657000084], [96.05253749600013, 16.899135656000112], [96.05240954300012, 16.899118491000024], [96.0523816170001, 16.89969115000008], [96.05232102300005, 16.900034514000026], [96.05189282900017, 16.900749517000122], [96.05171025800007, 16.901084686000104], [96.05170820500018, 16.901088454000046], [96.05162217800006, 16.90124638400016], [96.0514570840001, 16.901770759999977], [96.05133920500003, 16.902070172000094], [96.05120206200013, 16.90249865200019], [96.05116710300018, 16.902782159000083], [96.05118994399999, 16.902979360000188], [96.05121326800014, 16.903021689000013], [96.05129901200013, 16.903177299000106], [96.05146463500006, 16.903423713000052], [96.05158975100011, 16.90358795600008], [96.0516386180002, 16.903652103000127], [96.05174706600008, 16.90375583600013], [96.05184844100006, 16.903817133000132], [96.05190494800019, 16.903900382000188], [96.05197775700009, 16.90399746100013], [96.05214732200017, 16.90422354800006], [96.0522775190002, 16.904463108000186], [96.05236949800008, 16.904696177], [96.05244962300003, 16.9049299080001], [96.05251634300004, 16.905139603000123], [96.05253213700013, 16.90518924100013], [96.05255127900011, 16.905399062000185], [96.05254320000006, 16.905564685000115], [96.05249876400012, 16.905637397000078], [96.05231698400019, 16.905734347000134], [96.05143231800014, 16.90603327499997], [96.05078106200011, 16.9062651860001], [96.0506042070001, 16.906328164000115], [96.04985284600002, 16.906703844000162], [96.04943202600003, 16.906942044000118], [96.04942465200014, 16.906946218000144], [96.04923075200008, 16.90709164200007], [96.04899977200017, 16.907195186000138], [96.04900135800011, 16.907198741000116], [96.04899865000004, 16.907199644000116], [96.04892879500005, 16.907222929], [96.04881164700015, 16.90726736300013], [96.04839961100015, 16.907271403000095], [96.0480481690002, 16.907241808000038], [96.0480158520001, 16.907239087000107], [96.04782195200005, 16.907160213000168], [96.0475391820001, 16.907045188000154], [96.0469090090001, 16.906875525000032], [96.04690146000007, 16.90687468700014], [96.04650909200012, 16.906831090000026], [96.0462222820002, 16.90690380300009], [96.0461523780001, 16.906909509], [96.04582640400014, 16.90693611900008], [96.0457261890001, 16.90691531900012], [96.04539821000003, 16.90684724900018], [96.04471148300019, 16.906386737000105], [96.04454990000005, 16.906253754000033], [96.04425501200012, 16.906011057000114], [96.04410630600012, 16.905938309000135], [96.04410605800007, 16.90593818800005], [96.04374563100004, 16.90576186400017], [96.04369351200006, 16.905736367000088], [96.04342084100011, 16.905688248000104], [96.04335014800006, 16.905675773000098], [96.04292943300015, 16.905780952000157], [96.04281692500007, 16.905809079000107], [96.0426109070001, 16.905938345000152], [96.04249830800012, 16.906085118000078], [96.04243316600002, 16.906229194000105], [96.04244172700015, 16.906575493000105], [96.04246530200004, 16.906867832000046], [96.04244644200008, 16.907146026000134], [96.04240400600014, 16.907280408000076], [96.04229986000018, 16.907546094], [96.04224722700019, 16.907630506999965], [96.04218271299999, 16.90768747900006], [96.04207983900005, 16.907696519000126], [96.04207630200017, 16.907696410000028], [96.04196549700015, 16.907692983000175], [96.04162364900014, 16.907625750000022], [96.04153995500013, 16.907609289], [96.04130184000007, 16.90758335600009], [96.041087989, 16.907606688000044], [96.04052648900011, 16.90776019100008], [96.03985592000015, 16.907917734000023], [96.03864404900014, 16.908087397000145], [96.03832776200016, 16.90812795500011], [96.03804721100016, 16.908218722000072], [96.03786214100012, 16.90837314300012], [96.03772304500012, 16.908443870000042], [96.03752029400016, 16.90848394799997], [96.037117148, 16.90854642400018], [96.03685074300012, 16.908558213], [96.03673286500009, 16.908525753000163], [96.03668807000003, 16.908513418000098], [96.036636204, 16.908501532], [96.03646174300007, 16.908461552000063], [96.03613875600007, 16.90849691600016], [96.03580398100019, 16.908503988000064], [96.03564264900012, 16.908547907000013], [96.03519021700004, 16.908822598000143], [96.03498590300018, 16.90887648400013], [96.03474307300013, 16.908904775000053], [96.03445073400019, 16.908881200000167], [96.03419654500004, 16.908926823000115], [96.03389906200005, 16.90898021800018], [96.03305505100008, 16.90907687900011], [96.03238785800005, 16.909215975000052], [96.0320280050002, 16.909255054000027], [96.03186683400008, 16.909272557000122], [96.03137174400018, 16.909388078000177], [96.0309845380001, 16.90945068000002], [96.03058431500011, 16.90951538700017], [96.02959884900014, 16.909800653000104], [96.02913086200004, 16.90990520300005], [96.02861102600019, 16.909935035000046], [96.02817959100008, 16.910031695000043], [96.02774579700008, 16.91005291400012], [96.02711396800015, 16.910189652999975], [96.0270062530002, 16.91020969300007], [96.02660709000014, 16.910283956000058], [96.02633832700019, 16.910349968], [96.02605070300018, 16.910397119000095], [96.02588803000015, 16.91047963400007], [96.02578438500018, 16.91054544000019], [96.02567299000009, 16.910616167000114], [96.02537407900013, 16.910616373000096], [96.02507513400019, 16.91058385100007], [96.02464323100008, 16.910635233999983], [96.02423301400017, 16.91072718000015], [96.02383930000008, 16.91081205200004], [96.0235540920001, 16.91085618600016], [96.02333004000002, 16.910890858000187], [96.02313202800019, 16.910974724000027], [96.02292456100014, 16.91109731800003], [96.02279961000005, 16.91112560900018], [96.02229744700014, 16.91109967600005], [96.02206969400004, 16.91111707400006], [96.02163732700006, 16.91126706300014], [96.0214556790001, 16.911294815000133], [96.02056934600006, 16.91138022700011], [96.02043024900019, 16.911406160000183], [96.02016855800014, 16.911561760000097], [96.02006011000003, 16.91164427500007], [96.01994458900015, 16.91167020900008], [96.01978191699999, 16.911681996000084], [96.01971571000013, 16.91167357000012], [96.01953284400008, 16.911650298000154], [96.0192986150002, 16.911658420000094]]]}}]}