{"type": "FeatureCollection", "features": [{"type": "Feature", "id": "2026-01-01:1322012221201233", "geometry": {"type": "Polygon", "coordinates": [[[96.04248046875, 17.098792237678683], [96.04248046875, 17.104042525557904], [96.0369873046875, 17.104042525557904], [96.0369873046875, 17.098792237678683], [96.04248046875, 17.098792237678683]]]}, "properties": {"quadkey": "1322012221201233", "tile_x": 96.0397, "tile_y": 17.1014, "avg_d_kbps": 9524, "avg_u_kbps": 5145, "avg_lat_ms": 229, "avg_lat_down_ms": 3764, "avg_lat_up_ms": 770, "tests": 2, "devices": 1, "period_start": "2026-01-01", "period_end_exclusive": "2026-04-01", "service_type": "mobile", "source": "Ookla Open Data", "download_mbps": 9.524, "upload_mbps": 5.145, "centroid_in_project": true, "operator": null, "radio_generation": null, "serving_cell_id": null, "single_test_tile": false, "source_url": "https://ookla-open-data.s3.amazonaws.com/parquet/performance/type=mobile/year=2026/quarter=1/2026-01-01_performance_mobile_tiles.parquet"}}, {"type": "Feature", "id": "2026-01-01:1322012221201322", "geometry": {"type": "Polygon", "coordinates": [[[96.0479736328125, 17.098792237678683], [96.0479736328125, 17.104042525557904], [96.04248046875, 17.104042525557904], [96.04248046875, 17.098792237678683], [96.0479736328125, 17.098792237678683]]]}, "properties": {"quadkey": "1322012221201322", "tile_x": 96.0452, "tile_y": 17.1014, "avg_d_kbps": 8254, "avg_u_kbps": 4927, "avg_lat_ms": 341, "avg_lat_down_ms": 2487, "avg_lat_up_ms": 694, "tests": 3, "devices": 1, "period_start": "2026-01-01", "period_end_exclusive": "2026-04-01", "service_type": "mobile", "source": "Ookla Open Data", "download_mbps": 8.254, "upload_mbps": 4.927, "centroid_in_project": true, "operator": null, "radio_generation": null, "serving_cell_id": null, "single_test_tile": false, "source_url": "https://ookla-open-data.s3.amazonaws.com/parquet/performance/type=mobile/year=2026/quarter=1/2026-01-01_performance_mobile_tiles.parquet"}}, {"type": "Feature", "id": "2026-01-01:1322012221212100", "geometry": {"type": "Polygon", "coordinates": [[[96.0919189453125, 17.0935418017979], [96.0919189453125, 17.098792237678683], [96.08642578125, 17.098792237678683], [96.08642578125, 17.0935418017979], [96.0919189453125, 17.0935418017979]]]}, "properties": {"quadkey": "1322012221212100", "tile_x": 96.0892, "tile_y": 17.096200000000003, "avg_d_kbps": 4574, "avg_u_kbps": 8782, "avg_lat_ms": 221, "avg_lat_down_ms": 2101, "avg_lat_up_ms": 278, "tests": 1, "devices": 1, "period_start": "2026-01-01", "period_end_exclusive": "2026-04-01", "service_type": "mobile", "source": "Ookla Open Data", "download_mbps": 4.574, "upload_mbps": 8.782, "centroid_in_project": true, "operator": null, "radio_generation": null, "serving_cell_id": null, "single_test_tile": true, "source_url": "https://ookla-open-data.s3.amazonaws.com/parquet/performance/type=mobile/year=2026/quarter=1/2026-01-01_performance_mobile_tiles.parquet"}}, {"type": "Feature", "id": "2026-01-01:1322012221213322", "geometry": {"type": "Polygon", "coordinates": [[[96.1358642578125, 17.05678460994255], [96.1358642578125, 17.06203608071622], [96.13037109375, 17.06203608071622], [96.13037109375, 17.05678460994255], [96.1358642578125, 17.05678460994255]]]}, "properties": {"quadkey": "1322012221213322", "tile_x": 96.13310000000001, "tile_y": 17.0594, "avg_d_kbps": 24202, "avg_u_kbps": 4332, "avg_lat_ms": 60, "avg_lat_down_ms": 1775, "avg_lat_up_ms": 7554, "tests": 1, "devices": 1, "period_start": "2026-01-01", "period_end_exclusive": "2026-04-01", "service_type": "mobile", "source": "Ookla Open Data", "download_mbps": 24.202, "upload_mbps": 4.332, "centroid_in_project": true, "operator": null, "radio_generation": null, "serving_cell_id": null, "single_test_tile": true, "source_url": "https://ookla-open-data.s3.amazonaws.com/parquet/performance/type=mobile/year=2026/quarter=1/2026-01-01_performance_mobile_tiles.parquet"}}, {"type": "Feature", "id": "2026-01-01:1322012221223311", "geometry": {"type": "Polygon", "coordinates": [[[96.064453125, 16.9885020653736], [96.064453125, 16.993755452894558], [96.0589599609375, 16.993755452894558], [96.0589599609375, 16.9885020653736], [96.064453125, 16.9885020653736]]]}, "properties": {"quadkey": "1322012221223311", "tile_x": 96.0617, "tile_y": 16.9911, "avg_d_kbps": 32183, "avg_u_kbps": 2909, "avg_lat_ms": 58, "avg_lat_down_ms": 388, "avg_lat_up_ms": 3500, "tests": 1, "devices": 1, "period_start": "2026-01-01", "period_end_exclusive": "2026-04-01", "service_type": "mobile", "source": "Ookla Open Data", "download_mbps": 32.183, "upload_mbps": 2.909, "centroid_in_project": true, "operator": null, "radio_generation": null, "serving_cell_id": null, "single_test_tile": true, "source_url": "https://ookla-open-data.s3.amazonaws.com/parquet/performance/type=mobile/year=2026/quarter=1/2026-01-01_performance_mobile_tiles.parquet"}}, {"type": "Feature", "id": "2026-01-01:1322012221231030", "geometry": {"type": "Polygon", "coordinates": [[[96.1248779296875, 17.04102931168919], [96.1248779296875, 17.046281225389066], [96.119384765625, 17.046281225389066], [96.119384765625, 17.04102931168919], [96.1248779296875, 17.04102931168919]]]}, "properties": {"quadkey": "1322012221231030", "tile_x": 96.12210000000002, "tile_y": 17.0437, "avg_d_kbps": 1304, "avg_u_kbps": 15070, "avg_lat_ms": 93, "avg_lat_down_ms": 104, "avg_lat_up_ms": 134, "tests": 3, "devices": 1, "period_start": "2026-01-01", "period_end_exclusive": "2026-04-01", "service_type": "mobile", "source": "Ookla Open Data", "download_mbps": 1.304, "upload_mbps": 15.07, "centroid_in_project": true, "operator": null, "radio_generation": null, "serving_cell_id": null, "single_test_tile": false, "source_url": "https://ookla-open-data.s3.amazonaws.com/parquet/performance/type=mobile/year=2026/quarter=1/2026-01-01_performance_mobile_tiles.parquet"}}, {"type": "Feature", "id": "2026-01-01:1322012221231031", "geometry": {"type": "Polygon", "coordinates": [[[96.13037109375, 17.04102931168919], [96.13037109375, 17.046281225389066], [96.1248779296875, 17.046281225389066], [96.1248779296875, 17.04102931168919], [96.13037109375, 17.04102931168919]]]}, "properties": {"quadkey": "1322012221231031", "tile_x": 96.1276, "tile_y": 17.0437, "avg_d_kbps": 14126, "avg_u_kbps": 40773, "avg_lat_ms": 204, "avg_lat_down_ms": 1336, "avg_lat_up_ms": 555, "tests": 1, "devices": 1, "period_start": "2026-01-01", "period_end_exclusive": "2026-04-01", "service_type": "mobile", "source": "Ookla Open Data", "download_mbps": 14.126, "upload_mbps": 40.773, "centroid_in_project": true, "operator": null, "radio_generation": null, "serving_cell_id": null, "single_test_tile": true, "source_url": "https://ookla-open-data.s3.amazonaws.com/parquet/performance/type=mobile/year=2026/quarter=1/2026-01-01_performance_mobile_tiles.parquet"}}, {"type": "Feature", "id": "2026-01-01:1322012221231101", "geometry": {"type": "Polygon", "coordinates": [[[96.141357421875, 17.051532991486848], [96.141357421875, 17.05678460994255], [96.1358642578125, 17.05678460994255], [96.1358642578125, 17.051532991486848], [96.141357421875, 17.051532991486848]]]}, "properties": {"quadkey": "1322012221231101", "tile_x": 96.13860000000001, "tile_y": 17.0542, "avg_d_kbps": 3949, "avg_u_kbps": 13744, "avg_lat_ms": 56, "avg_lat_down_ms": 9378, "avg_lat_up_ms": 642, "tests": 1, "devices": 1, "period_start": "2026-01-01", "period_end_exclusive": "2026-04-01", "service_type": "mobile", "source": "Ookla Open Data", "download_mbps": 3.949, "upload_mbps": 13.744, "centroid_in_project": true, "operator": null, "radio_generation": null, "serving_cell_id": null, "single_test_tile": true, "source_url": "https://ookla-open-data.s3.amazonaws.com/parquet/performance/type=mobile/year=2026/quarter=1/2026-01-01_performance_mobile_tiles.parquet"}}, {"type": "Feature", "id": "2026-01-01:1322012221231122", "geometry": {"type": "Polygon", "coordinates": [[[96.1358642578125, 17.03577725042719], [96.1358642578125, 17.04102931168919], [96.13037109375, 17.04102931168919], [96.13037109375, 17.03577725042719], [96.1358642578125, 17.03577725042719]]]}, "properties": {"quadkey": "1322012221231122", "tile_x": 96.13310000000001, "tile_y": 17.038400000000003, "avg_d_kbps": 23895, "avg_u_kbps": 25344, "avg_lat_ms": 95, "avg_lat_down_ms": 516, "avg_lat_up_ms": 277, "tests": 1, "devices": 1, "period_start": "2026-01-01", "period_end_exclusive": "2026-04-01", "service_type": "mobile", "source": "Ookla Open Data", "download_mbps": 23.895, "upload_mbps": 25.344, "centroid_in_project": true, "operator": null, "radio_generation": null, "serving_cell_id": null, "single_test_tile": true, "source_url": "https://ookla-open-data.s3.amazonaws.com/parquet/performance/type=mobile/year=2026/quarter=1/2026-01-01_performance_mobile_tiles.parquet"}}, {"type": "Feature", "id": "2026-01-01:1322012221231301", "geometry": {"type": "Polygon", "coordinates": [[[96.141357421875, 17.030525041643063], [96.141357421875, 17.03577725042719], [96.1358642578125, 17.03577725042719], [96.1358642578125, 17.030525041643063], [96.141357421875, 17.030525041643063]]]}, "properties": {"quadkey": "1322012221231301", "tile_x": 96.13860000000001, "tile_y": 17.0332, "avg_d_kbps": 9892, "avg_u_kbps": 18111, "avg_lat_ms": 83, "avg_lat_down_ms": 361, "avg_lat_up_ms": 283, "tests": 4, "devices": 1, "period_start": "2026-01-01", "period_end_exclusive": "2026-04-01", "service_type": "mobile", "source": "Ookla Open Data", "download_mbps": 9.892, "upload_mbps": 18.111, "centroid_in_project": true, "operator": null, "radio_generation": null, "serving_cell_id": null, "single_test_tile": false, "source_url": "https://ookla-open-data.s3.amazonaws.com/parquet/performance/type=mobile/year=2026/quarter=1/2026-01-01_performance_mobile_tiles.parquet"}}, {"type": "Feature", "id": "2026-01-01:1322012221231330", "geometry": {"type": "Polygon", "coordinates": [[[96.1468505859375, 17.02002018166838], [96.1468505859375, 17.025272685376795], [96.141357421875, 17.025272685376795], [96.141357421875, 17.02002018166838], [96.1468505859375, 17.02002018166838]]]}, "properties": {"quadkey": "1322012221231330", "tile_x": 96.14410000000001, "tile_y": 17.022599999999997, "avg_d_kbps": 32937, "avg_u_kbps": 6899, "avg_lat_ms": 117, "avg_lat_down_ms": 332, "avg_lat_up_ms": 331, "tests": 2, "devices": 1, "period_start": "2026-01-01", "period_end_exclusive": "2026-04-01", "service_type": "mobile", "source": "Ookla Open Data", "download_mbps": 32.937, "upload_mbps": 6.899, "centroid_in_project": true, "operator": null, "radio_generation": null, "serving_cell_id": null, "single_test_tile": false, "source_url": "https://ookla-open-data.s3.amazonaws.com/parquet/performance/type=mobile/year=2026/quarter=1/2026-01-01_performance_mobile_tiles.parquet"}}, {"type": "Feature", "id": "2026-01-01:1322012221232122", "geometry": {"type": "Polygon", "coordinates": [[[96.0919189453125, 16.993755452894558], [96.0919189453125, 16.99900869321349], [96.08642578125, 16.99900869321349], [96.08642578125, 16.993755452894558], [96.0919189453125, 16.993755452894558]]]}, "properties": {"quadkey": "1322012221232122", "tile_x": 96.0892, "tile_y": 16.9964, "avg_d_kbps": 20585, "avg_u_kbps": 10202, "avg_lat_ms": 63, "avg_lat_down_ms": 422, "avg_lat_up_ms": 431, "tests": 1, "devices": 1, "period_start": "2026-01-01", "period_end_exclusive": "2026-04-01", "service_type": "mobile", "source": "Ookla Open Data", "download_mbps": 20.585, "upload_mbps": 10.202, "centroid_in_project": true, "operator": null, "radio_generation": null, "serving_cell_id": null, "single_test_tile": true, "source_url": "https://ookla-open-data.s3.amazonaws.com/parquet/performance/type=mobile/year=2026/quarter=1/2026-01-01_performance_mobile_tiles.parquet"}}, {"type": "Feature", "id": "2026-01-01:1322012221232212", "geometry": {"type": "Polygon", "coordinates": [[[96.0809326171875, 16.98324853069066], [96.0809326171875, 16.9885020653736], [96.075439453125, 16.9885020653736], [96.075439453125, 16.98324853069066], [96.0809326171875, 16.98324853069066]]]}, "properties": {"quadkey": "1322012221232212", "tile_x": 96.0782, "tile_y": 16.9859, "avg_d_kbps": 24399, "avg_u_kbps": 17423, "avg_lat_ms": 59, "avg_lat_down_ms": 1374, "avg_lat_up_ms": 259, "tests": 7, "devices": 1, "period_start": "2026-01-01", "period_end_exclusive": "2026-04-01", "service_type": "mobile", "source": "Ookla Open Data", "download_mbps": 24.399, "upload_mbps": 17.423, "centroid_in_project": true, "operator": null, "radio_generation": null, "serving_cell_id": null, "single_test_tile": false, "source_url": "https://ookla-open-data.s3.amazonaws.com/parquet/performance/type=mobile/year=2026/quarter=1/2026-01-01_performance_mobile_tiles.parquet"}}, {"type": "Feature", "id": "2026-01-01:1322012221232221", "geometry": {"type": "Polygon", "coordinates": [[[96.075439453125, 16.97799484888578], [96.075439453125, 16.98324853069066], [96.0699462890625, 16.98324853069066], [96.0699462890625, 16.97799484888578], [96.075439453125, 16.97799484888578]]]}, "properties": {"quadkey": "1322012221232221", "tile_x": 96.07270000000001, "tile_y": 16.9806, "avg_d_kbps": 13359, "avg_u_kbps": 11741, "avg_lat_ms": 257, "avg_lat_down_ms": 940, "avg_lat_up_ms": 4896, "tests": 1, "devices": 1, "period_start": "2026-01-01", "period_end_exclusive": "2026-04-01", "service_type": "mobile", "source": "Ookla Open Data", "download_mbps": 13.359, "upload_mbps": 11.741, "centroid_in_project": true, "operator": null, "radio_generation": null, "serving_cell_id": null, "single_test_tile": true, "source_url": "https://ookla-open-data.s3.amazonaws.com/parquet/performance/type=mobile/year=2026/quarter=1/2026-01-01_performance_mobile_tiles.parquet"}}, {"type": "Feature", "id": "2026-01-01:1322012221233132", "geometry": {"type": "Polygon", "coordinates": [[[96.1468505859375, 16.993755452894558], [96.1468505859375, 16.99900869321349], [96.141357421875, 16.99900869321349], [96.141357421875, 16.993755452894558], [96.1468505859375, 16.993755452894558]]]}, "properties": {"quadkey": "1322012221233132", "tile_x": 96.14410000000001, "tile_y": 16.9964, "avg_d_kbps": 1551, "avg_u_kbps": 391, "avg_lat_ms": 74, "avg_lat_down_ms": 93, "avg_lat_up_ms": 83, "tests": 2, "devices": 1, "period_start": "2026-01-01", "period_end_exclusive": "2026-04-01", "service_type": "mobile", "source": "Ookla Open Data", "download_mbps": 1.551, "upload_mbps": 0.391, "centroid_in_project": true, "operator": null, "radio_generation": null, "serving_cell_id": null, "single_test_tile": false, "source_url": "https://ookla-open-data.s3.amazonaws.com/parquet/performance/type=mobile/year=2026/quarter=1/2026-01-01_performance_mobile_tiles.parquet"}}, {"type": "Feature", "id": "2026-01-01:1322012221320022", "geometry": {"type": "Polygon", "coordinates": [[[96.1578369140625, 17.03577725042719], [96.1578369140625, 17.04102931168919], [96.15234375, 17.04102931168919], [96.15234375, 17.03577725042719], [96.1578369140625, 17.03577725042719]]]}, "properties": {"quadkey": "1322012221320022", "tile_x": 96.1551, "tile_y": 17.038400000000003, "avg_d_kbps": 15792, "avg_u_kbps": 956, "avg_lat_ms": 100, "avg_lat_down_ms": 4923, "avg_lat_up_ms": 369, "tests": 2, "devices": 1, "period_start": "2026-01-01", "period_end_exclusive": "2026-04-01", "service_type": "mobile", "source": "Ookla Open Data", "download_mbps": 15.792, "upload_mbps": 0.956, "centroid_in_project": true, "operator": null, "radio_generation": null, "serving_cell_id": null, "single_test_tile": false, "source_url": "https://ookla-open-data.s3.amazonaws.com/parquet/performance/type=mobile/year=2026/quarter=1/2026-01-01_performance_mobile_tiles.parquet"}}, {"type": "Feature", "id": "2026-01-01:1322012223003303", "geometry": {"type": "Polygon", "coordinates": [[[96.053466796875, 16.899171994430837], [96.053466796875, 16.90442787825499], [96.0479736328125, 16.90442787825499], [96.0479736328125, 16.899171994430837], [96.053466796875, 16.899171994430837]]]}, "properties": {"quadkey": "1322012223003303", "tile_x": 96.05069999999999, "tile_y": 16.901799999999998, "avg_d_kbps": 39054, "avg_u_kbps": 42911, "avg_lat_ms": 36, "avg_lat_down_ms": 359, "avg_lat_up_ms": 164, "tests": 4, "devices": 1, "period_start": "2026-01-01", "period_end_exclusive": "2026-04-01", "service_type": "mobile", "source": "Ookla Open Data", "download_mbps": 39.054, "upload_mbps": 42.911, "centroid_in_project": true, "operator": null, "radio_generation": null, "serving_cell_id": null, "single_test_tile": false, "source_url": "https://ookla-open-data.s3.amazonaws.com/parquet/performance/type=mobile/year=2026/quarter=1/2026-01-01_performance_mobile_tiles.parquet"}}, {"type": "Feature", "id": "2026-01-01:1322012223010003", "geometry": {"type": "Polygon", "coordinates": [[[96.075439453125, 16.962232921140096], [96.075439453125, 16.96748704407044], [96.0699462890625, 16.96748704407044], [96.0699462890625, 16.962232921140096], [96.075439453125, 16.962232921140096]]]}, "properties": {"quadkey": "1322012223010003", "tile_x": 96.07270000000001, "tile_y": 16.964900000000004, "avg_d_kbps": 68592, "avg_u_kbps": 46411, "avg_lat_ms": 91, "avg_lat_down_ms": 977, "avg_lat_up_ms": 704, "tests": 2, "devices": 1, "period_start": "2026-01-01", "period_end_exclusive": "2026-04-01", "service_type": "mobile", "source": "Ookla Open Data", "download_mbps": 68.592, "upload_mbps": 46.411, "centroid_in_project": true, "operator": null, "radio_generation": null, "serving_cell_id": null, "single_test_tile": false, "source_url": "https://ookla-open-data.s3.amazonaws.com/parquet/performance/type=mobile/year=2026/quarter=1/2026-01-01_performance_mobile_tiles.parquet"}}, {"type": "Feature", "id": "2026-01-01:1322012223010012", "geometry": {"type": "Polygon", "coordinates": [[[96.0809326171875, 16.962232921140096], [96.0809326171875, 16.96748704407044], [96.075439453125, 16.96748704407044], [96.075439453125, 16.962232921140096], [96.0809326171875, 16.962232921140096]]]}, "properties": {"quadkey": "1322012223010012", "tile_x": 96.0782, "tile_y": 16.964900000000004, "avg_d_kbps": 98661, "avg_u_kbps": 42142, "avg_lat_ms": 112, "avg_lat_down_ms": 917, "avg_lat_up_ms": 889, "tests": 2, "devices": 1, "period_start": "2026-01-01", "period_end_exclusive": "2026-04-01", "service_type": "mobile", "source": "Ookla Open Data", "download_mbps": 98.661, "upload_mbps": 42.142, "centroid_in_project": true, "operator": null, "radio_generation": null, "serving_cell_id": null, "single_test_tile": false, "source_url": "https://ookla-open-data.s3.amazonaws.com/parquet/performance/type=mobile/year=2026/quarter=1/2026-01-01_performance_mobile_tiles.parquet"}}, {"type": "Feature", "id": "2026-01-01:1322012223010013", "geometry": {"type": "Polygon", "coordinates": [[[96.08642578125, 16.962232921140096], [96.08642578125, 16.96748704407044], [96.0809326171875, 16.96748704407044], [96.0809326171875, 16.962232921140096], [96.08642578125, 16.962232921140096]]]}, "properties": {"quadkey": "1322012223010013", "tile_x": 96.0837, "tile_y": 16.964900000000004, "avg_d_kbps": 17652, "avg_u_kbps": 9820, "avg_lat_ms": 98, "avg_lat_down_ms": 715, "avg_lat_up_ms": 1067, "tests": 2, "devices": 2, "period_start": "2026-01-01", "period_end_exclusive": "2026-04-01", "service_type": "mobile", "source": "Ookla Open Data", "download_mbps": 17.652, "upload_mbps": 9.82, "centroid_in_project": true, "operator": null, "radio_generation": null, "serving_cell_id": null, "single_test_tile": false, "source_url": "https://ookla-open-data.s3.amazonaws.com/parquet/performance/type=mobile/year=2026/quarter=1/2026-01-01_performance_mobile_tiles.parquet"}}, {"type": "Feature", "id": "2026-01-01:1322012223010120", "geometry": {"type": "Polygon", "coordinates": [[[96.0919189453125, 16.95697865124807], [96.0919189453125, 16.962232921140096], [96.08642578125, 16.962232921140096], [96.08642578125, 16.95697865124807], [96.0919189453125, 16.95697865124807]]]}, "properties": {"quadkey": "1322012223010120", "tile_x": 96.0892, "tile_y": 16.9596, "avg_d_kbps": 9350, "avg_u_kbps": 149, "avg_lat_ms": 204, "avg_lat_down_ms": 1128, "avg_lat_up_ms": 1755, "tests": 1, "devices": 1, "period_start": "2026-01-01", "period_end_exclusive": "2026-04-01", "service_type": "mobile", "source": "Ookla Open Data", "download_mbps": 9.35, "upload_mbps": 0.149, "centroid_in_project": true, "operator": null, "radio_generation": null, "serving_cell_id": null, "single_test_tile": true, "source_url": "https://ookla-open-data.s3.amazonaws.com/parquet/performance/type=mobile/year=2026/quarter=1/2026-01-01_performance_mobile_tiles.parquet"}}, {"type": "Feature", "id": "2026-01-01:1322012223010201", "geometry": {"type": "Polygon", "coordinates": [[[96.075439453125, 16.94646967073926], [96.075439453125, 16.95172423443443], [96.0699462890625, 16.95172423443443], [96.0699462890625, 16.94646967073926], [96.075439453125, 16.94646967073926]]]}, "properties": {"quadkey": "1322012223010201", "tile_x": 96.07270000000001, "tile_y": 16.949099999999998, "avg_d_kbps": 71490, "avg_u_kbps": 28040, "avg_lat_ms": 47, "avg_lat_down_ms": 177, "avg_lat_up_ms": 148, "tests": 1, "devices": 1, "period_start": "2026-01-01", "period_end_exclusive": "2026-04-01", "service_type": "mobile", "source": "Ookla Open Data", "download_mbps": 71.49, "upload_mbps": 28.04, "centroid_in_project": true, "operator": null, "radio_generation": null, "serving_cell_id": null, "single_test_tile": true, "source_url": "https://ookla-open-data.s3.amazonaws.com/parquet/performance/type=mobile/year=2026/quarter=1/2026-01-01_performance_mobile_tiles.parquet"}}, {"type": "Feature", "id": "2026-01-01:1322012223010211", "geometry": {"type": "Polygon", "coordinates": [[[96.08642578125, 16.94646967073926], [96.08642578125, 16.95172423443443], [96.0809326171875, 16.95172423443443], [96.0809326171875, 16.94646967073926], [96.08642578125, 16.94646967073926]]]}, "properties": {"quadkey": "1322012223010211", "tile_x": 96.0837, "tile_y": 16.949099999999998, "avg_d_kbps": 365, "avg_u_kbps": 175, "avg_lat_ms": 227, "avg_lat_down_ms": 575, "avg_lat_up_ms": 571, "tests": 1, "devices": 1, "period_start": "2026-01-01", "period_end_exclusive": "2026-04-01", "service_type": "mobile", "source": "Ookla Open Data", "download_mbps": 0.365, "upload_mbps": 0.175, "centroid_in_project": true, "operator": null, "radio_generation": null, "serving_cell_id": null, "single_test_tile": true, "source_url": "https://ookla-open-data.s3.amazonaws.com/parquet/performance/type=mobile/year=2026/quarter=1/2026-01-01_performance_mobile_tiles.parquet"}}, {"type": "Feature", "id": "2026-01-01:1322012223010302", "geometry": {"type": "Polygon", "coordinates": [[[96.0919189453125, 16.941214960202657], [96.0919189453125, 16.94646967073926], [96.08642578125, 16.94646967073926], [96.08642578125, 16.941214960202657], [96.0919189453125, 16.941214960202657]]]}, "properties": {"quadkey": "1322012223010302", "tile_x": 96.0892, "tile_y": 16.9438, "avg_d_kbps": 34915, "avg_u_kbps": 15129, "avg_lat_ms": 46, "avg_lat_down_ms": 635, "avg_lat_up_ms": 577, "tests": 1, "devices": 1, "period_start": "2026-01-01", "period_end_exclusive": "2026-04-01", "service_type": "mobile", "source": "Ookla Open Data", "download_mbps": 34.915, "upload_mbps": 15.129, "centroid_in_project": true, "operator": null, "radio_generation": null, "serving_cell_id": null, "single_test_tile": true, "source_url": "https://ookla-open-data.s3.amazonaws.com/parquet/performance/type=mobile/year=2026/quarter=1/2026-01-01_performance_mobile_tiles.parquet"}}, {"type": "Feature", "id": "2026-01-01:1322012223011031", "geometry": {"type": "Polygon", "coordinates": [[[96.13037109375, 16.95697865124807], [96.13037109375, 16.962232921140096], [96.1248779296875, 16.962232921140096], [96.1248779296875, 16.95697865124807], [96.13037109375, 16.95697865124807]]]}, "properties": {"quadkey": "1322012223011031", "tile_x": 96.1276, "tile_y": 16.9596, "avg_d_kbps": 56149, "avg_u_kbps": 30591, "avg_lat_ms": 205, "avg_lat_down_ms": 917, "avg_lat_up_ms": 550, "tests": 1, "devices": 1, "period_start": "2026-01-01", "period_end_exclusive": "2026-04-01", "service_type": "mobile", "source": "Ookla Open Data", "download_mbps": 56.149, "upload_mbps": 30.591, "centroid_in_project": true, "operator": null, "radio_generation": null, "serving_cell_id": null, "single_test_tile": true, "source_url": "https://ookla-open-data.s3.amazonaws.com/parquet/performance/type=mobile/year=2026/quarter=1/2026-01-01_performance_mobile_tiles.parquet"}}, {"type": "Feature", "id": "2026-01-01:1322012223011131", "geometry": {"type": "Polygon", "coordinates": [[[96.15234375, 16.95697865124807], [96.15234375, 16.962232921140096], [96.1468505859375, 16.962232921140096], [96.1468505859375, 16.95697865124807], [96.15234375, 16.95697865124807]]]}, "properties": {"quadkey": "1322012223011131", "tile_x": 96.1496, "tile_y": 16.9596, "avg_d_kbps": 10044, "avg_u_kbps": 10836, "avg_lat_ms": 164, "avg_lat_down_ms": 1610, "avg_lat_up_ms": 741, "tests": 22, "devices": 2, "period_start": "2026-01-01", "period_end_exclusive": "2026-04-01", "service_type": "mobile", "source": "Ookla Open Data", "download_mbps": 10.044, "upload_mbps": 10.836, "centroid_in_project": true, "operator": null, "radio_generation": null, "serving_cell_id": null, "single_test_tile": false, "source_url": "https://ookla-open-data.s3.amazonaws.com/parquet/performance/type=mobile/year=2026/quarter=1/2026-01-01_performance_mobile_tiles.parquet"}}, {"type": "Feature", "id": "2026-01-01:1322012223012022", "geometry": {"type": "Polygon", "coordinates": [[[96.0699462890625, 16.909683615558638], [96.0699462890625, 16.914939206301643], [96.064453125, 16.914939206301643], [96.064453125, 16.909683615558638], [96.0699462890625, 16.909683615558638]]]}, "properties": {"quadkey": "1322012223012022", "tile_x": 96.06719999999999, "tile_y": 16.9123, "avg_d_kbps": 87036, "avg_u_kbps": 11735, "avg_lat_ms": 16, "avg_lat_down_ms": 783, "avg_lat_up_ms": 573, "tests": 1, "devices": 1, "period_start": "2026-01-01", "period_end_exclusive": "2026-04-01", "service_type": "mobile", "source": "Ookla Open Data", "download_mbps": 87.036, "upload_mbps": 11.735, "centroid_in_project": true, "operator": null, "radio_generation": null, "serving_cell_id": null, "single_test_tile": true, "source_url": "https://ookla-open-data.s3.amazonaws.com/parquet/performance/type=mobile/year=2026/quarter=1/2026-01-01_performance_mobile_tiles.parquet"}}, {"type": "Feature", "id": "2026-01-01:1322012223012103", "geometry": {"type": "Polygon", "coordinates": [[[96.097412109375, 16.92019465044388], [96.097412109375, 16.925449947945214], [96.0919189453125, 16.925449947945214], [96.0919189453125, 16.92019465044388], [96.097412109375, 16.92019465044388]]]}, "properties": {"quadkey": "1322012223012103", "tile_x": 96.09469999999999, "tile_y": 16.922800000000002, "avg_d_kbps": 34267, "avg_u_kbps": 23891, "avg_lat_ms": 208, "avg_lat_down_ms": 2469, "avg_lat_up_ms": 453, "tests": 3, "devices": 2, "period_start": "2026-01-01", "period_end_exclusive": "2026-04-01", "service_type": "mobile", "source": "Ookla Open Data", "download_mbps": 34.267, "upload_mbps": 23.891, "centroid_in_project": true, "operator": null, "radio_generation": null, "serving_cell_id": null, "single_test_tile": false, "source_url": "https://ookla-open-data.s3.amazonaws.com/parquet/performance/type=mobile/year=2026/quarter=1/2026-01-01_performance_mobile_tiles.parquet"}}, {"type": "Feature", "id": "2026-01-01:1322012223012223", "geometry": {"type": "Polygon", "coordinates": [[[96.075439453125, 16.888659787381606], [96.075439453125, 16.89391596412632], [96.0699462890625, 16.89391596412632], [96.0699462890625, 16.888659787381606], [96.075439453125, 16.888659787381606]]]}, "properties": {"quadkey": "1322012223012223", "tile_x": 96.07270000000001, "tile_y": 16.891299999999998, "avg_d_kbps": 91204, "avg_u_kbps": 57891, "avg_lat_ms": 119, "avg_lat_down_ms": 1142, "avg_lat_up_ms": 465, "tests": 1, "devices": 1, "period_start": "2026-01-01", "period_end_exclusive": "2026-04-01", "service_type": "mobile", "source": "Ookla Open Data", "download_mbps": 91.204, "upload_mbps": 57.891, "centroid_in_project": true, "operator": null, "radio_generation": null, "serving_cell_id": null, "single_test_tile": true, "source_url": "https://ookla-open-data.s3.amazonaws.com/parquet/performance/type=mobile/year=2026/quarter=1/2026-01-01_performance_mobile_tiles.parquet"}}, {"type": "Feature", "id": "2026-01-01:1322012223012301", "geometry": {"type": "Polygon", "coordinates": [[[96.097412109375, 16.90442787825499], [96.097412109375, 16.909683615558638], [96.0919189453125, 16.909683615558638], [96.0919189453125, 16.90442787825499], [96.097412109375, 16.90442787825499]]]}, "properties": {"quadkey": "1322012223012301", "tile_x": 96.09469999999999, "tile_y": 16.907099999999996, "avg_d_kbps": 35558, "avg_u_kbps": 22346, "avg_lat_ms": 89, "avg_lat_down_ms": 596, "avg_lat_up_ms": 310, "tests": 1, "devices": 1, "period_start": "2026-01-01", "period_end_exclusive": "2026-04-01", "service_type": "mobile", "source": "Ookla Open Data", "download_mbps": 35.558, "upload_mbps": 22.346, "centroid_in_project": true, "operator": null, "radio_generation": null, "serving_cell_id": null, "single_test_tile": true, "source_url": "https://ookla-open-data.s3.amazonaws.com/parquet/performance/type=mobile/year=2026/quarter=1/2026-01-01_performance_mobile_tiles.parquet"}}, {"type": "Feature", "id": "2026-01-01:1322012223012310", "geometry": {"type": "Polygon", "coordinates": [[[96.1029052734375, 16.90442787825499], [96.1029052734375, 16.909683615558638], [96.097412109375, 16.909683615558638], [96.097412109375, 16.90442787825499], [96.1029052734375, 16.90442787825499]]]}, "properties": {"quadkey": "1322012223012310", "tile_x": 96.1002, "tile_y": 16.907099999999996, "avg_d_kbps": 35152, "avg_u_kbps": 21956, "avg_lat_ms": 66, "avg_lat_down_ms": 514, "avg_lat_up_ms": 359, "tests": 40, "devices": 2, "period_start": "2026-01-01", "period_end_exclusive": "2026-04-01", "service_type": "mobile", "source": "Ookla Open Data", "download_mbps": 35.152, "upload_mbps": 21.956, "centroid_in_project": true, "operator": null, "radio_generation": null, "serving_cell_id": null, "single_test_tile": false, "source_url": "https://ookla-open-data.s3.amazonaws.com/parquet/performance/type=mobile/year=2026/quarter=1/2026-01-01_performance_mobile_tiles.parquet"}}, {"type": "Feature", "id": "2026-01-01:1322012223012320", "geometry": {"type": "Polygon", "coordinates": [[[96.0919189453125, 16.89391596412632], [96.0919189453125, 16.899171994430837], [96.08642578125, 16.899171994430837], [96.08642578125, 16.89391596412632], [96.0919189453125, 16.89391596412632]]]}, "properties": {"quadkey": "1322012223012320", "tile_x": 96.0892, "tile_y": 16.8965, "avg_d_kbps": 10351, "avg_u_kbps": 8141, "avg_lat_ms": 67, "avg_lat_down_ms": 874, "avg_lat_up_ms": 123, "tests": 2, "devices": 1, "period_start": "2026-01-01", "period_end_exclusive": "2026-04-01", "service_type": "mobile", "source": "Ookla Open Data", "download_mbps": 10.351, "upload_mbps": 8.141, "centroid_in_project": true, "operator": null, "radio_generation": null, "serving_cell_id": null, "single_test_tile": false, "source_url": "https://ookla-open-data.s3.amazonaws.com/parquet/performance/type=mobile/year=2026/quarter=1/2026-01-01_performance_mobile_tiles.parquet"}}, {"type": "Feature", "id": "2026-01-01:1322012223013110", "geometry": {"type": "Polygon", "coordinates": [[[96.1468505859375, 16.925449947945214], [96.1468505859375, 16.93070509876553], [96.141357421875, 16.93070509876553], [96.141357421875, 16.925449947945214], [96.1468505859375, 16.925449947945214]]]}, "properties": {"quadkey": "1322012223013110", "tile_x": 96.14410000000001, "tile_y": 16.9281, "avg_d_kbps": 1460, "avg_u_kbps": 843, "avg_lat_ms": 49, "avg_lat_down_ms": 63, "avg_lat_up_ms": 153, "tests": 1, "devices": 1, "period_start": "2026-01-01", "period_end_exclusive": "2026-04-01", "service_type": "mobile", "source": "Ookla Open Data", "download_mbps": 1.46, "upload_mbps": 0.843, "centroid_in_project": true, "operator": null, "radio_generation": null, "serving_cell_id": null, "single_test_tile": true, "source_url": "https://ookla-open-data.s3.amazonaws.com/parquet/performance/type=mobile/year=2026/quarter=1/2026-01-01_performance_mobile_tiles.parquet"}}, {"type": "Feature", "id": "2026-01-01:1322012223013131", "geometry": {"type": "Polygon", "coordinates": [[[96.15234375, 16.914939206301643], [96.15234375, 16.92019465044388], [96.1468505859375, 16.92019465044388], [96.1468505859375, 16.914939206301643], [96.15234375, 16.914939206301643]]]}, "properties": {"quadkey": "1322012223013131", "tile_x": 96.1496, "tile_y": 16.9176, "avg_d_kbps": 1384, "avg_u_kbps": 315, "avg_lat_ms": 42, "avg_lat_down_ms": 57, "avg_lat_up_ms": 490, "tests": 1, "devices": 1, "period_start": "2026-01-01", "period_end_exclusive": "2026-04-01", "service_type": "mobile", "source": "Ookla Open Data", "download_mbps": 1.384, "upload_mbps": 0.315, "centroid_in_project": true, "operator": null, "radio_generation": null, "serving_cell_id": null, "single_test_tile": true, "source_url": "https://ookla-open-data.s3.amazonaws.com/parquet/performance/type=mobile/year=2026/quarter=1/2026-01-01_performance_mobile_tiles.parquet"}}, {"type": "Feature", "id": "2026-01-01:1322012223013200", "geometry": {"type": "Polygon", "coordinates": [[[96.1138916015625, 16.90442787825499], [96.1138916015625, 16.909683615558638], [96.1083984375, 16.909683615558638], [96.1083984375, 16.90442787825499], [96.1138916015625, 16.90442787825499]]]}, "properties": {"quadkey": "1322012223013200", "tile_x": 96.11110000000001, "tile_y": 16.907099999999996, "avg_d_kbps": 28283, "avg_u_kbps": 25693, "avg_lat_ms": 229, "avg_lat_down_ms": 901, "avg_lat_up_ms": 348, "tests": 2, "devices": 2, "period_start": "2026-01-01", "period_end_exclusive": "2026-04-01", "service_type": "mobile", "source": "Ookla Open Data", "download_mbps": 28.283, "upload_mbps": 25.693, "centroid_in_project": true, "operator": null, "radio_generation": null, "serving_cell_id": null, "single_test_tile": false, "source_url": "https://ookla-open-data.s3.amazonaws.com/parquet/performance/type=mobile/year=2026/quarter=1/2026-01-01_performance_mobile_tiles.parquet"}}, {"type": "Feature", "id": "2026-01-01:1322012223013222", "geometry": {"type": "Polygon", "coordinates": [[[96.1138916015625, 16.888659787381606], [96.1138916015625, 16.89391596412632], [96.1083984375, 16.89391596412632], [96.1083984375, 16.888659787381606], [96.1138916015625, 16.888659787381606]]]}, "properties": {"quadkey": "1322012223013222", "tile_x": 96.11110000000001, "tile_y": 16.891299999999998, "avg_d_kbps": 88483, "avg_u_kbps": 38176, "avg_lat_ms": 233, "avg_lat_down_ms": 2176, "avg_lat_up_ms": 1065, "tests": 2, "devices": 2, "period_start": "2026-01-01", "period_end_exclusive": "2026-04-01", "service_type": "mobile", "source": "Ookla Open Data", "download_mbps": 88.483, "upload_mbps": 38.176, "centroid_in_project": true, "operator": null, "radio_generation": null, "serving_cell_id": null, "single_test_tile": false, "source_url": "https://ookla-open-data.s3.amazonaws.com/parquet/performance/type=mobile/year=2026/quarter=1/2026-01-01_performance_mobile_tiles.parquet"}}, {"type": "Feature", "id": "2026-01-01:1322012223013223", "geometry": {"type": "Polygon", "coordinates": [[[96.119384765625, 16.888659787381606], [96.119384765625, 16.89391596412632], [96.1138916015625, 16.89391596412632], [96.1138916015625, 16.888659787381606], [96.119384765625, 16.888659787381606]]]}, "properties": {"quadkey": "1322012223013223", "tile_x": 96.11659999999999, "tile_y": 16.891299999999998, "avg_d_kbps": 76393, "avg_u_kbps": 47521, "avg_lat_ms": 102, "avg_lat_down_ms": 898, "avg_lat_up_ms": 659, "tests": 1, "devices": 1, "period_start": "2026-01-01", "period_end_exclusive": "2026-04-01", "service_type": "mobile", "source": "Ookla Open Data", "download_mbps": 76.393, "upload_mbps": 47.521, "centroid_in_project": true, "operator": null, "radio_generation": null, "serving_cell_id": null, "single_test_tile": true, "source_url": "https://ookla-open-data.s3.amazonaws.com/parquet/performance/type=mobile/year=2026/quarter=1/2026-01-01_performance_mobile_tiles.parquet"}}, {"type": "Feature", "id": "2026-01-01:1322012223013233", "geometry": {"type": "Polygon", "coordinates": [[[96.13037109375, 16.888659787381606], [96.13037109375, 16.89391596412632], [96.1248779296875, 16.89391596412632], [96.1248779296875, 16.888659787381606], [96.13037109375, 16.888659787381606]]]}, "properties": {"quadkey": "1322012223013233", "tile_x": 96.1276, "tile_y": 16.891299999999998, "avg_d_kbps": 23729, "avg_u_kbps": 12907, "avg_lat_ms": 45, "avg_lat_down_ms": 923, "avg_lat_up_ms": 1365, "tests": 3, "devices": 2, "period_start": "2026-01-01", "period_end_exclusive": "2026-04-01", "service_type": "mobile", "source": "Ookla Open Data", "download_mbps": 23.729, "upload_mbps": 12.907, "centroid_in_project": true, "operator": null, "radio_generation": null, "serving_cell_id": null, "single_test_tile": false, "source_url": "https://ookla-open-data.s3.amazonaws.com/parquet/performance/type=mobile/year=2026/quarter=1/2026-01-01_performance_mobile_tiles.parquet"}}, {"type": "Feature", "id": "2026-01-01:1322012223013302", "geometry": {"type": "Polygon", "coordinates": [[[96.1358642578125, 16.899171994430837], [96.1358642578125, 16.90442787825499], [96.13037109375, 16.90442787825499], [96.13037109375, 16.899171994430837], [96.1358642578125, 16.899171994430837]]]}, "properties": {"quadkey": "1322012223013302", "tile_x": 96.13310000000001, "tile_y": 16.901799999999998, "avg_d_kbps": 11832, "avg_u_kbps": 1155, "avg_lat_ms": 224, "avg_lat_down_ms": 1488, "avg_lat_up_ms": 1993, "tests": 4, "devices": 4, "period_start": "2026-01-01", "period_end_exclusive": "2026-04-01", "service_type": "mobile", "source": "Ookla Open Data", "download_mbps": 11.832, "upload_mbps": 1.155, "centroid_in_project": true, "operator": null, "radio_generation": null, "serving_cell_id": null, "single_test_tile": false, "source_url": "https://ookla-open-data.s3.amazonaws.com/parquet/performance/type=mobile/year=2026/quarter=1/2026-01-01_performance_mobile_tiles.parquet"}}, {"type": "Feature", "id": "2026-01-01:1322012223013303", "geometry": {"type": "Polygon", "coordinates": [[[96.141357421875, 16.899171994430837], [96.141357421875, 16.90442787825499], [96.1358642578125, 16.90442787825499], [96.1358642578125, 16.899171994430837], [96.141357421875, 16.899171994430837]]]}, "properties": {"quadkey": "1322012223013303", "tile_x": 96.13860000000001, "tile_y": 16.901799999999998, "avg_d_kbps": 3867, "avg_u_kbps": 172, "avg_lat_ms": 234, "avg_lat_down_ms": 4853, "avg_lat_up_ms": 3969, "tests": 1, "devices": 1, "period_start": "2026-01-01", "period_end_exclusive": "2026-04-01", "service_type": "mobile", "source": "Ookla Open Data", "download_mbps": 3.867, "upload_mbps": 0.172, "centroid_in_project": true, "operator": null, "radio_generation": null, "serving_cell_id": null, "single_test_tile": true, "source_url": "https://ookla-open-data.s3.amazonaws.com/parquet/performance/type=mobile/year=2026/quarter=1/2026-01-01_performance_mobile_tiles.parquet"}}, {"type": "Feature", "id": "2026-01-01:1322012223013310", "geometry": {"type": "Polygon", "coordinates": [[[96.1468505859375, 16.90442787825499], [96.1468505859375, 16.909683615558638], [96.141357421875, 16.909683615558638], [96.141357421875, 16.90442787825499], [96.1468505859375, 16.90442787825499]]]}, "properties": {"quadkey": "1322012223013310", "tile_x": 96.14410000000001, "tile_y": 16.907099999999996, "avg_d_kbps": 3448, "avg_u_kbps": 23539, "avg_lat_ms": 16, "avg_lat_down_ms": null, "avg_lat_up_ms": 551, "tests": 1, "devices": 1, "period_start": "2026-01-01", "period_end_exclusive": "2026-04-01", "service_type": "mobile", "source": "Ookla Open Data", "download_mbps": 3.448, "upload_mbps": 23.539, "centroid_in_project": true, "operator": null, "radio_generation": null, "serving_cell_id": null, "single_test_tile": true, "source_url": "https://ookla-open-data.s3.amazonaws.com/parquet/performance/type=mobile/year=2026/quarter=1/2026-01-01_performance_mobile_tiles.parquet"}}, {"type": "Feature", "id": "2026-01-01:1322012223013312", "geometry": {"type": "Polygon", "coordinates": [[[96.1468505859375, 16.899171994430837], [96.1468505859375, 16.90442787825499], [96.141357421875, 16.90442787825499], [96.141357421875, 16.899171994430837], [96.1468505859375, 16.899171994430837]]]}, "properties": {"quadkey": "1322012223013312", "tile_x": 96.14410000000001, "tile_y": 16.901799999999998, "avg_d_kbps": 47428, "avg_u_kbps": 21590, "avg_lat_ms": 42, "avg_lat_down_ms": 208, "avg_lat_up_ms": 113, "tests": 2, "devices": 1, "period_start": "2026-01-01", "period_end_exclusive": "2026-04-01", "service_type": "mobile", "source": "Ookla Open Data", "download_mbps": 47.428, "upload_mbps": 21.59, "centroid_in_project": true, "operator": null, "radio_generation": null, "serving_cell_id": null, "single_test_tile": false, "source_url": "https://ookla-open-data.s3.amazonaws.com/parquet/performance/type=mobile/year=2026/quarter=1/2026-01-01_performance_mobile_tiles.parquet"}}, {"type": "Feature", "id": "2026-01-01:1322012223013322", "geometry": {"type": "Polygon", "coordinates": [[[96.1358642578125, 16.888659787381606], [96.1358642578125, 16.89391596412632], [96.13037109375, 16.89391596412632], [96.13037109375, 16.888659787381606], [96.1358642578125, 16.888659787381606]]]}, "properties": {"quadkey": "1322012223013322", "tile_x": 96.13310000000001, "tile_y": 16.891299999999998, "avg_d_kbps": 8252, "avg_u_kbps": 27396, "avg_lat_ms": 202, "avg_lat_down_ms": 910, "avg_lat_up_ms": 824, "tests": 1, "devices": 1, "period_start": "2026-01-01", "period_end_exclusive": "2026-04-01", "service_type": "mobile", "source": "Ookla Open Data", "download_mbps": 8.252, "upload_mbps": 27.396, "centroid_in_project": true, "operator": null, "radio_generation": null, "serving_cell_id": null, "single_test_tile": true, "source_url": "https://ookla-open-data.s3.amazonaws.com/parquet/performance/type=mobile/year=2026/quarter=1/2026-01-01_performance_mobile_tiles.parquet"}}, {"type": "Feature", "id": "2026-01-01:1322012223021013", "geometry": {"type": "Polygon", "coordinates": [[[96.04248046875, 16.878146994732166], [96.04248046875, 16.88340346423683], [96.0369873046875, 16.88340346423683], [96.0369873046875, 16.878146994732166], [96.04248046875, 16.878146994732166]]]}, "properties": {"quadkey": "1322012223021013", "tile_x": 96.0397, "tile_y": 16.8808, "avg_d_kbps": 24190, "avg_u_kbps": 16075, "avg_lat_ms": 50, "avg_lat_down_ms": 816, "avg_lat_up_ms": 830, "tests": 4, "devices": 1, "period_start": "2026-01-01", "period_end_exclusive": "2026-04-01", "service_type": "mobile", "source": "Ookla Open Data", "download_mbps": 24.19, "upload_mbps": 16.075, "centroid_in_project": true, "operator": null, "radio_generation": null, "serving_cell_id": null, "single_test_tile": false, "source_url": "https://ookla-open-data.s3.amazonaws.com/parquet/performance/type=mobile/year=2026/quarter=1/2026-01-01_performance_mobile_tiles.parquet"}}, {"type": "Feature", "id": "2026-01-01:1322012223021101", "geometry": {"type": "Polygon", "coordinates": [[[96.053466796875, 16.88340346423683], [96.053466796875, 16.888659787381606], [96.0479736328125, 16.888659787381606], [96.0479736328125, 16.88340346423683], [96.053466796875, 16.88340346423683]]]}, "properties": {"quadkey": "1322012223021101", "tile_x": 96.05069999999999, "tile_y": 16.886, "avg_d_kbps": 23028, "avg_u_kbps": 24119, "avg_lat_ms": 120, "avg_lat_down_ms": 547, "avg_lat_up_ms": 417, "tests": 6, "devices": 2, "period_start": "2026-01-01", "period_end_exclusive": "2026-04-01", "service_type": "mobile", "source": "Ookla Open Data", "download_mbps": 23.028, "upload_mbps": 24.119, "centroid_in_project": true, "operator": null, "radio_generation": null, "serving_cell_id": null, "single_test_tile": false, "source_url": "https://ookla-open-data.s3.amazonaws.com/parquet/performance/type=mobile/year=2026/quarter=1/2026-01-01_performance_mobile_tiles.parquet"}}, {"type": "Feature", "id": "2026-01-01:1322012223021121", "geometry": {"type": "Polygon", "coordinates": [[[96.053466796875, 16.87289037890778], [96.053466796875, 16.878146994732166], [96.0479736328125, 16.878146994732166], [96.0479736328125, 16.87289037890778], [96.053466796875, 16.87289037890778]]]}, "properties": {"quadkey": "1322012223021121", "tile_x": 96.05069999999999, "tile_y": 16.8755, "avg_d_kbps": 22283, "avg_u_kbps": 24785, "avg_lat_ms": 214, "avg_lat_down_ms": null, "avg_lat_up_ms": null, "tests": 1, "devices": 1, "period_start": "2026-01-01", "period_end_exclusive": "2026-04-01", "service_type": "mobile", "source": "Ookla Open Data", "download_mbps": 22.283, "upload_mbps": 24.785, "centroid_in_project": true, "operator": null, "radio_generation": null, "serving_cell_id": null, "single_test_tile": true, "source_url": "https://ookla-open-data.s3.amazonaws.com/parquet/performance/type=mobile/year=2026/quarter=1/2026-01-01_performance_mobile_tiles.parquet"}}, {"type": "Feature", "id": "2026-01-01:1322012223021130", "geometry": {"type": "Polygon", "coordinates": [[[96.0589599609375, 16.87289037890778], [96.0589599609375, 16.878146994732166], [96.053466796875, 16.878146994732166], [96.053466796875, 16.87289037890778], [96.0589599609375, 16.87289037890778]]]}, "properties": {"quadkey": "1322012223021130", "tile_x": 96.05619999999999, "tile_y": 16.8755, "avg_d_kbps": 27436, "avg_u_kbps": 46046, "avg_lat_ms": 31, "avg_lat_down_ms": 472, "avg_lat_up_ms": 213, "tests": 1, "devices": 1, "period_start": "2026-01-01", "period_end_exclusive": "2026-04-01", "service_type": "mobile", "source": "Ookla Open Data", "download_mbps": 27.436, "upload_mbps": 46.046, "centroid_in_project": true, "operator": null, "radio_generation": null, "serving_cell_id": null, "single_test_tile": true, "source_url": "https://ookla-open-data.s3.amazonaws.com/parquet/performance/type=mobile/year=2026/quarter=1/2026-01-01_performance_mobile_tiles.parquet"}}, {"type": "Feature", "id": "2026-01-01:1322012223021331", "geometry": {"type": "Polygon", "coordinates": [[[96.064453125, 16.851862453216572], [96.064453125, 16.857119653918048], [96.0589599609375, 16.857119653918048], [96.0589599609375, 16.851862453216572], [96.064453125, 16.851862453216572]]]}, "properties": {"quadkey": "1322012223021331", "tile_x": 96.0617, "tile_y": 16.8545, "avg_d_kbps": 54890, "avg_u_kbps": 24555, "avg_lat_ms": 67, "avg_lat_down_ms": 488, "avg_lat_up_ms": 363, "tests": 1, "devices": 1, "period_start": "2026-01-01", "period_end_exclusive": "2026-04-01", "service_type": "mobile", "source": "Ookla Open Data", "download_mbps": 54.89, "upload_mbps": 24.555, "centroid_in_project": true, "operator": null, "radio_generation": null, "serving_cell_id": null, "single_test_tile": true, "source_url": "https://ookla-open-data.s3.amazonaws.com/parquet/performance/type=mobile/year=2026/quarter=1/2026-01-01_performance_mobile_tiles.parquet"}}, {"type": "Feature", "id": "2026-01-01:1322012223030030", "geometry": {"type": "Polygon", "coordinates": [[[96.0809326171875, 16.87289037890778], [96.0809326171875, 16.878146994732166], [96.075439453125, 16.878146994732166], [96.075439453125, 16.87289037890778], [96.0809326171875, 16.87289037890778]]]}, "properties": {"quadkey": "1322012223030030", "tile_x": 96.0782, "tile_y": 16.8755, "avg_d_kbps": 1021, "avg_u_kbps": 3805, "avg_lat_ms": 59, "avg_lat_down_ms": 1877, "avg_lat_up_ms": 618, "tests": 1, "devices": 1, "period_start": "2026-01-01", "period_end_exclusive": "2026-04-01", "service_type": "mobile", "source": "Ookla Open Data", "download_mbps": 1.021, "upload_mbps": 3.805, "centroid_in_project": true, "operator": null, "radio_generation": null, "serving_cell_id": null, "single_test_tile": true, "source_url": "https://ookla-open-data.s3.amazonaws.com/parquet/performance/type=mobile/year=2026/quarter=1/2026-01-01_performance_mobile_tiles.parquet"}}, {"type": "Feature", "id": "2026-01-01:1322012223030103", "geometry": {"type": "Polygon", "coordinates": [[[96.097412109375, 16.878146994732166], [96.097412109375, 16.88340346423683], [96.0919189453125, 16.88340346423683], [96.0919189453125, 16.878146994732166], [96.097412109375, 16.878146994732166]]]}, "properties": {"quadkey": "1322012223030103", "tile_x": 96.09469999999999, "tile_y": 16.8808, "avg_d_kbps": 15014, "avg_u_kbps": 13609, "avg_lat_ms": 40, "avg_lat_down_ms": 83, "avg_lat_up_ms": 214, "tests": 1, "devices": 1, "period_start": "2026-01-01", "period_end_exclusive": "2026-04-01", "service_type": "mobile", "source": "Ookla Open Data", "download_mbps": 15.014, "upload_mbps": 13.609, "centroid_in_project": true, "operator": null, "radio_generation": null, "serving_cell_id": null, "single_test_tile": true, "source_url": "https://ookla-open-data.s3.amazonaws.com/parquet/performance/type=mobile/year=2026/quarter=1/2026-01-01_performance_mobile_tiles.parquet"}}, {"type": "Feature", "id": "2026-01-01:1322012223030112", "geometry": {"type": "Polygon", "coordinates": [[[96.1029052734375, 16.878146994732166], [96.1029052734375, 16.88340346423683], [96.097412109375, 16.88340346423683], [96.097412109375, 16.878146994732166], [96.1029052734375, 16.878146994732166]]]}, "properties": {"quadkey": "1322012223030112", "tile_x": 96.1002, "tile_y": 16.8808, "avg_d_kbps": 57270, "avg_u_kbps": 26977, "avg_lat_ms": 60, "avg_lat_down_ms": 375, "avg_lat_up_ms": 300, "tests": 1, "devices": 1, "period_start": "2026-01-01", "period_end_exclusive": "2026-04-01", "service_type": "mobile", "source": "Ookla Open Data", "download_mbps": 57.27, "upload_mbps": 26.977, "centroid_in_project": true, "operator": null, "radio_generation": null, "serving_cell_id": null, "single_test_tile": true, "source_url": "https://ookla-open-data.s3.amazonaws.com/parquet/performance/type=mobile/year=2026/quarter=1/2026-01-01_performance_mobile_tiles.parquet"}}, {"type": "Feature", "id": "2026-01-01:1322012223030113", "geometry": {"type": "Polygon", "coordinates": [[[96.1083984375, 16.878146994732166], [96.1083984375, 16.88340346423683], [96.1029052734375, 16.88340346423683], [96.1029052734375, 16.878146994732166], [96.1083984375, 16.878146994732166]]]}, "properties": {"quadkey": "1322012223030113", "tile_x": 96.1057, "tile_y": 16.8808, "avg_d_kbps": 88818, "avg_u_kbps": 47998, "avg_lat_ms": 83, "avg_lat_down_ms": 582, "avg_lat_up_ms": 602, "tests": 1, "devices": 1, "period_start": "2026-01-01", "period_end_exclusive": "2026-04-01", "service_type": "mobile", "source": "Ookla Open Data", "download_mbps": 88.818, "upload_mbps": 47.998, "centroid_in_project": true, "operator": null, "radio_generation": null, "serving_cell_id": null, "single_test_tile": true, "source_url": "https://ookla-open-data.s3.amazonaws.com/parquet/performance/type=mobile/year=2026/quarter=1/2026-01-01_performance_mobile_tiles.parquet"}}, {"type": "Feature", "id": "2026-01-01:1322012223030130", "geometry": {"type": "Polygon", "coordinates": [[[96.1029052734375, 16.87289037890778], [96.1029052734375, 16.878146994732166], [96.097412109375, 16.878146994732166], [96.097412109375, 16.87289037890778], [96.1029052734375, 16.87289037890778]]]}, "properties": {"quadkey": "1322012223030130", "tile_x": 96.1002, "tile_y": 16.8755, "avg_d_kbps": 14042, "avg_u_kbps": 4554, "avg_lat_ms": 149, "avg_lat_down_ms": 1552, "avg_lat_up_ms": 1608, "tests": 2, "devices": 1, "period_start": "2026-01-01", "period_end_exclusive": "2026-04-01", "service_type": "mobile", "source": "Ookla Open Data", "download_mbps": 14.042, "upload_mbps": 4.554, "centroid_in_project": true, "operator": null, "radio_generation": null, "serving_cell_id": null, "single_test_tile": false, "source_url": "https://ookla-open-data.s3.amazonaws.com/parquet/performance/type=mobile/year=2026/quarter=1/2026-01-01_performance_mobile_tiles.parquet"}}, {"type": "Feature", "id": "2026-01-01:1322012223030232", "geometry": {"type": "Polygon", "coordinates": [[[96.0809326171875, 16.846605106396304], [96.0809326171875, 16.851862453216572], [96.075439453125, 16.851862453216572], [96.075439453125, 16.846605106396304], [96.0809326171875, 16.846605106396304]]]}, "properties": {"quadkey": "1322012223030232", "tile_x": 96.0782, "tile_y": 16.849200000000003, "avg_d_kbps": 1937, "avg_u_kbps": 3089, "avg_lat_ms": 202, "avg_lat_down_ms": 1131, "avg_lat_up_ms": 722, "tests": 1, "devices": 1, "period_start": "2026-01-01", "period_end_exclusive": "2026-04-01", "service_type": "mobile", "source": "Ookla Open Data", "download_mbps": 1.937, "upload_mbps": 3.089, "centroid_in_project": true, "operator": null, "radio_generation": null, "serving_cell_id": null, "single_test_tile": true, "source_url": "https://ookla-open-data.s3.amazonaws.com/parquet/performance/type=mobile/year=2026/quarter=1/2026-01-01_performance_mobile_tiles.parquet"}}, {"type": "Feature", "id": "2026-01-01:1322012223030302", "geometry": {"type": "Polygon", "coordinates": [[[96.0919189453125, 16.857119653918048], [96.0919189453125, 16.862376708460538], [96.08642578125, 16.862376708460538], [96.08642578125, 16.857119653918048], [96.0919189453125, 16.857119653918048]]]}, "properties": {"quadkey": "1322012223030302", "tile_x": 96.0892, "tile_y": 16.8597, "avg_d_kbps": 31837, "avg_u_kbps": 16661, "avg_lat_ms": 140, "avg_lat_down_ms": 998, "avg_lat_up_ms": 1204, "tests": 46, "devices": 4, "period_start": "2026-01-01", "period_end_exclusive": "2026-04-01", "service_type": "mobile", "source": "Ookla Open Data", "download_mbps": 31.837, "upload_mbps": 16.661, "centroid_in_project": true, "operator": null, "radio_generation": null, "serving_cell_id": null, "single_test_tile": false, "source_url": "https://ookla-open-data.s3.amazonaws.com/parquet/performance/type=mobile/year=2026/quarter=1/2026-01-01_performance_mobile_tiles.parquet"}}, {"type": "Feature", "id": "2026-01-01:1322012223030331", "geometry": {"type": "Polygon", "coordinates": [[[96.1083984375, 16.851862453216572], [96.1083984375, 16.857119653918048], [96.1029052734375, 16.857119653918048], [96.1029052734375, 16.851862453216572], [96.1083984375, 16.851862453216572]]]}, "properties": {"quadkey": "1322012223030331", "tile_x": 96.1057, "tile_y": 16.8545, "avg_d_kbps": 21773, "avg_u_kbps": 33905, "avg_lat_ms": 55, "avg_lat_down_ms": 296, "avg_lat_up_ms": 125, "tests": 1, "devices": 1, "period_start": "2026-01-01", "period_end_exclusive": "2026-04-01", "service_type": "mobile", "source": "Ookla Open Data", "download_mbps": 21.773, "upload_mbps": 33.905, "centroid_in_project": true, "operator": null, "radio_generation": null, "serving_cell_id": null, "single_test_tile": true, "source_url": "https://ookla-open-data.s3.amazonaws.com/parquet/performance/type=mobile/year=2026/quarter=1/2026-01-01_performance_mobile_tiles.parquet"}}, {"type": "Feature", "id": "2026-01-01:1322012223031003", "geometry": {"type": "Polygon", "coordinates": [[[96.119384765625, 16.878146994732166], [96.119384765625, 16.88340346423683], [96.1138916015625, 16.88340346423683], [96.1138916015625, 16.878146994732166], [96.119384765625, 16.878146994732166]]]}, "properties": {"quadkey": "1322012223031003", "tile_x": 96.11659999999999, "tile_y": 16.8808, "avg_d_kbps": 1295, "avg_u_kbps": 2305, "avg_lat_ms": 58, "avg_lat_down_ms": 3753, "avg_lat_up_ms": 8113, "tests": 1, "devices": 1, "period_start": "2026-01-01", "period_end_exclusive": "2026-04-01", "service_type": "mobile", "source": "Ookla Open Data", "download_mbps": 1.295, "upload_mbps": 2.305, "centroid_in_project": true, "operator": null, "radio_generation": null, "serving_cell_id": null, "single_test_tile": true, "source_url": "https://ookla-open-data.s3.amazonaws.com/parquet/performance/type=mobile/year=2026/quarter=1/2026-01-01_performance_mobile_tiles.parquet"}}, {"type": "Feature", "id": "2026-01-01:1322012223031021", "geometry": {"type": "Polygon", "coordinates": [[[96.119384765625, 16.87289037890778], [96.119384765625, 16.878146994732166], [96.1138916015625, 16.878146994732166], [96.1138916015625, 16.87289037890778], [96.119384765625, 16.87289037890778]]]}, "properties": {"quadkey": "1322012223031021", "tile_x": 96.11659999999999, "tile_y": 16.8755, "avg_d_kbps": 79658, "avg_u_kbps": 55099, "avg_lat_ms": 143, "avg_lat_down_ms": 457, "avg_lat_up_ms": 209, "tests": 1, "devices": 1, "period_start": "2026-01-01", "period_end_exclusive": "2026-04-01", "service_type": "mobile", "source": "Ookla Open Data", "download_mbps": 79.658, "upload_mbps": 55.099, "centroid_in_project": true, "operator": null, "radio_generation": null, "serving_cell_id": null, "single_test_tile": true, "source_url": "https://ookla-open-data.s3.amazonaws.com/parquet/performance/type=mobile/year=2026/quarter=1/2026-01-01_performance_mobile_tiles.parquet"}}, {"type": "Feature", "id": "2026-01-01:1322012223031023", "geometry": {"type": "Polygon", "coordinates": [[[96.119384765625, 16.867633616803843], [96.119384765625, 16.87289037890778], [96.1138916015625, 16.87289037890778], [96.1138916015625, 16.867633616803843], [96.119384765625, 16.867633616803843]]]}, "properties": {"quadkey": "1322012223031023", "tile_x": 96.11659999999999, "tile_y": 16.8703, "avg_d_kbps": 1169, "avg_u_kbps": 366, "avg_lat_ms": 172, "avg_lat_down_ms": 544, "avg_lat_up_ms": 466, "tests": 1, "devices": 1, "period_start": "2026-01-01", "period_end_exclusive": "2026-04-01", "service_type": "mobile", "source": "Ookla Open Data", "download_mbps": 1.169, "upload_mbps": 0.366, "centroid_in_project": true, "operator": null, "radio_generation": null, "serving_cell_id": null, "single_test_tile": true, "source_url": "https://ookla-open-data.s3.amazonaws.com/parquet/performance/type=mobile/year=2026/quarter=1/2026-01-01_performance_mobile_tiles.parquet"}}, {"type": "Feature", "id": "2026-01-01:1322012223031103", "geometry": {"type": "Polygon", "coordinates": [[[96.141357421875, 16.878146994732166], [96.141357421875, 16.88340346423683], [96.1358642578125, 16.88340346423683], [96.1358642578125, 16.878146994732166], [96.141357421875, 16.878146994732166]]]}, "properties": {"quadkey": "1322012223031103", "tile_x": 96.13860000000001, "tile_y": 16.8808, "avg_d_kbps": 60976, "avg_u_kbps": 42630, "avg_lat_ms": 79, "avg_lat_down_ms": 2783, "avg_lat_up_ms": 3683, "tests": 1, "devices": 1, "period_start": "2026-01-01", "period_end_exclusive": "2026-04-01", "service_type": "mobile", "source": "Ookla Open Data", "download_mbps": 60.976, "upload_mbps": 42.63, "centroid_in_project": true, "operator": null, "radio_generation": null, "serving_cell_id": null, "single_test_tile": true, "source_url": "https://ookla-open-data.s3.amazonaws.com/parquet/performance/type=mobile/year=2026/quarter=1/2026-01-01_performance_mobile_tiles.parquet"}}, {"type": "Feature", "id": "2026-01-01:1322012223031121", "geometry": {"type": "Polygon", "coordinates": [[[96.141357421875, 16.87289037890778], [96.141357421875, 16.878146994732166], [96.1358642578125, 16.878146994732166], [96.1358642578125, 16.87289037890778], [96.141357421875, 16.87289037890778]]]}, "properties": {"quadkey": "1322012223031121", "tile_x": 96.13860000000001, "tile_y": 16.8755, "avg_d_kbps": 12406, "avg_u_kbps": 14270, "avg_lat_ms": 143, "avg_lat_down_ms": 918, "avg_lat_up_ms": 162, "tests": 1, "devices": 1, "period_start": "2026-01-01", "period_end_exclusive": "2026-04-01", "service_type": "mobile", "source": "Ookla Open Data", "download_mbps": 12.406, "upload_mbps": 14.27, "centroid_in_project": true, "operator": null, "radio_generation": null, "serving_cell_id": null, "single_test_tile": true, "source_url": "https://ookla-open-data.s3.amazonaws.com/parquet/performance/type=mobile/year=2026/quarter=1/2026-01-01_performance_mobile_tiles.parquet"}}, {"type": "Feature", "id": "2026-01-01:1322012223031122", "geometry": {"type": "Polygon", "coordinates": [[[96.1358642578125, 16.867633616803843], [96.1358642578125, 16.87289037890778], [96.13037109375, 16.87289037890778], [96.13037109375, 16.867633616803843], [96.1358642578125, 16.867633616803843]]]}, "properties": {"quadkey": "1322012223031122", "tile_x": 96.13310000000001, "tile_y": 16.8703, "avg_d_kbps": 80856, "avg_u_kbps": 41186, "avg_lat_ms": 62, "avg_lat_down_ms": 5891, "avg_lat_up_ms": 2140, "tests": 1, "devices": 1, "period_start": "2026-01-01", "period_end_exclusive": "2026-04-01", "service_type": "mobile", "source": "Ookla Open Data", "download_mbps": 80.856, "upload_mbps": 41.186, "centroid_in_project": true, "operator": null, "radio_generation": null, "serving_cell_id": null, "single_test_tile": true, "source_url": "https://ookla-open-data.s3.amazonaws.com/parquet/performance/type=mobile/year=2026/quarter=1/2026-01-01_performance_mobile_tiles.parquet"}}, {"type": "Feature", "id": "2026-01-01:1322012223031130", "geometry": {"type": "Polygon", "coordinates": [[[96.1468505859375, 16.87289037890778], [96.1468505859375, 16.878146994732166], [96.141357421875, 16.878146994732166], [96.141357421875, 16.87289037890778], [96.1468505859375, 16.87289037890778]]]}, "properties": {"quadkey": "1322012223031130", "tile_x": 96.14410000000001, "tile_y": 16.8755, "avg_d_kbps": 1628, "avg_u_kbps": 1244, "avg_lat_ms": 49, "avg_lat_down_ms": 2300, "avg_lat_up_ms": 5012, "tests": 1, "devices": 1, "period_start": "2026-01-01", "period_end_exclusive": "2026-04-01", "service_type": "mobile", "source": "Ookla Open Data", "download_mbps": 1.628, "upload_mbps": 1.244, "centroid_in_project": true, "operator": null, "radio_generation": null, "serving_cell_id": null, "single_test_tile": true, "source_url": "https://ookla-open-data.s3.amazonaws.com/parquet/performance/type=mobile/year=2026/quarter=1/2026-01-01_performance_mobile_tiles.parquet"}}, {"type": "Feature", "id": "2026-01-01:1322012223031200", "geometry": {"type": "Polygon", "coordinates": [[[96.1138916015625, 16.862376708460538], [96.1138916015625, 16.867633616803843], [96.1083984375, 16.867633616803843], [96.1083984375, 16.862376708460538], [96.1138916015625, 16.862376708460538]]]}, "properties": {"quadkey": "1322012223031200", "tile_x": 96.11110000000001, "tile_y": 16.865000000000002, "avg_d_kbps": 25719, "avg_u_kbps": 12010, "avg_lat_ms": 100, "avg_lat_down_ms": 484, "avg_lat_up_ms": 1186, "tests": 1, "devices": 1, "period_start": "2026-01-01", "period_end_exclusive": "2026-04-01", "service_type": "mobile", "source": "Ookla Open Data", "download_mbps": 25.719, "upload_mbps": 12.01, "centroid_in_project": true, "operator": null, "radio_generation": null, "serving_cell_id": null, "single_test_tile": true, "source_url": "https://ookla-open-data.s3.amazonaws.com/parquet/performance/type=mobile/year=2026/quarter=1/2026-01-01_performance_mobile_tiles.parquet"}}, {"type": "Feature", "id": "2026-01-01:1322012223031201", "geometry": {"type": "Polygon", "coordinates": [[[96.119384765625, 16.862376708460538], [96.119384765625, 16.867633616803843], [96.1138916015625, 16.867633616803843], [96.1138916015625, 16.862376708460538], [96.119384765625, 16.862376708460538]]]}, "properties": {"quadkey": "1322012223031201", "tile_x": 96.11659999999999, "tile_y": 16.865000000000002, "avg_d_kbps": 35521, "avg_u_kbps": 16553, "avg_lat_ms": 139, "avg_lat_down_ms": 932, "avg_lat_up_ms": 1139, "tests": 21, "devices": 7, "period_start": "2026-01-01", "period_end_exclusive": "2026-04-01", "service_type": "mobile", "source": "Ookla Open Data", "download_mbps": 35.521, "upload_mbps": 16.553, "centroid_in_project": true, "operator": null, "radio_generation": null, "serving_cell_id": null, "single_test_tile": false, "source_url": "https://ookla-open-data.s3.amazonaws.com/parquet/performance/type=mobile/year=2026/quarter=1/2026-01-01_performance_mobile_tiles.parquet"}}, {"type": "Feature", "id": "2026-01-01:1322012223031202", "geometry": {"type": "Polygon", "coordinates": [[[96.1138916015625, 16.857119653918048], [96.1138916015625, 16.862376708460538], [96.1083984375, 16.862376708460538], [96.1083984375, 16.857119653918048], [96.1138916015625, 16.857119653918048]]]}, "properties": {"quadkey": "1322012223031202", "tile_x": 96.11110000000001, "tile_y": 16.8597, "avg_d_kbps": 41891, "avg_u_kbps": 23618, "avg_lat_ms": 63, "avg_lat_down_ms": 383, "avg_lat_up_ms": 415, "tests": 3, "devices": 2, "period_start": "2026-01-01", "period_end_exclusive": "2026-04-01", "service_type": "mobile", "source": "Ookla Open Data", "download_mbps": 41.891, "upload_mbps": 23.618, "centroid_in_project": true, "operator": null, "radio_generation": null, "serving_cell_id": null, "single_test_tile": false, "source_url": "https://ookla-open-data.s3.amazonaws.com/parquet/performance/type=mobile/year=2026/quarter=1/2026-01-01_performance_mobile_tiles.parquet"}}, {"type": "Feature", "id": "2026-01-01:1322012223031203", "geometry": {"type": "Polygon", "coordinates": [[[96.119384765625, 16.857119653918048], [96.119384765625, 16.862376708460538], [96.1138916015625, 16.862376708460538], [96.1138916015625, 16.857119653918048], [96.119384765625, 16.857119653918048]]]}, "properties": {"quadkey": "1322012223031203", "tile_x": 96.11659999999999, "tile_y": 16.8597, "avg_d_kbps": 56623, "avg_u_kbps": 36815, "avg_lat_ms": 149, "avg_lat_down_ms": 795, "avg_lat_up_ms": 901, "tests": 3, "devices": 1, "period_start": "2026-01-01", "period_end_exclusive": "2026-04-01", "service_type": "mobile", "source": "Ookla Open Data", "download_mbps": 56.623, "upload_mbps": 36.815, "centroid_in_project": true, "operator": null, "radio_generation": null, "serving_cell_id": null, "single_test_tile": false, "source_url": "https://ookla-open-data.s3.amazonaws.com/parquet/performance/type=mobile/year=2026/quarter=1/2026-01-01_performance_mobile_tiles.parquet"}}, {"type": "Feature", "id": "2026-01-01:1322012223031211", "geometry": {"type": "Polygon", "coordinates": [[[96.13037109375, 16.862376708460538], [96.13037109375, 16.867633616803843], [96.1248779296875, 16.867633616803843], [96.1248779296875, 16.862376708460538], [96.13037109375, 16.862376708460538]]]}, "properties": {"quadkey": "1322012223031211", "tile_x": 96.1276, "tile_y": 16.865000000000002, "avg_d_kbps": 1580, "avg_u_kbps": 1754, "avg_lat_ms": 494, "avg_lat_down_ms": 9788, "avg_lat_up_ms": 1630, "tests": 1, "devices": 1, "period_start": "2026-01-01", "period_end_exclusive": "2026-04-01", "service_type": "mobile", "source": "Ookla Open Data", "download_mbps": 1.58, "upload_mbps": 1.754, "centroid_in_project": true, "operator": null, "radio_generation": null, "serving_cell_id": null, "single_test_tile": true, "source_url": "https://ookla-open-data.s3.amazonaws.com/parquet/performance/type=mobile/year=2026/quarter=1/2026-01-01_performance_mobile_tiles.parquet"}}, {"type": "Feature", "id": "2026-01-01:1322012223031212", "geometry": {"type": "Polygon", "coordinates": [[[96.1248779296875, 16.857119653918048], [96.1248779296875, 16.862376708460538], [96.119384765625, 16.862376708460538], [96.119384765625, 16.857119653918048], [96.1248779296875, 16.857119653918048]]]}, "properties": {"quadkey": "1322012223031212", "tile_x": 96.12210000000002, "tile_y": 16.8597, "avg_d_kbps": 46617, "avg_u_kbps": 46028, "avg_lat_ms": 142, "avg_lat_down_ms": 756, "avg_lat_up_ms": 344, "tests": 3, "devices": 3, "period_start": "2026-01-01", "period_end_exclusive": "2026-04-01", "service_type": "mobile", "source": "Ookla Open Data", "download_mbps": 46.617, "upload_mbps": 46.028, "centroid_in_project": true, "operator": null, "radio_generation": null, "serving_cell_id": null, "single_test_tile": false, "source_url": "https://ookla-open-data.s3.amazonaws.com/parquet/performance/type=mobile/year=2026/quarter=1/2026-01-01_performance_mobile_tiles.parquet"}}, {"type": "Feature", "id": "2026-01-01:1322012223031213", "geometry": {"type": "Polygon", "coordinates": [[[96.13037109375, 16.857119653918048], [96.13037109375, 16.862376708460538], [96.1248779296875, 16.862376708460538], [96.1248779296875, 16.857119653918048], [96.13037109375, 16.857119653918048]]]}, "properties": {"quadkey": "1322012223031213", "tile_x": 96.1276, "tile_y": 16.8597, "avg_d_kbps": 7937, "avg_u_kbps": 6920, "avg_lat_ms": 156, "avg_lat_down_ms": 1221, "avg_lat_up_ms": 954, "tests": 2, "devices": 1, "period_start": "2026-01-01", "period_end_exclusive": "2026-04-01", "service_type": "mobile", "source": "Ookla Open Data", "download_mbps": 7.937, "upload_mbps": 6.92, "centroid_in_project": true, "operator": null, "radio_generation": null, "serving_cell_id": null, "single_test_tile": false, "source_url": "https://ookla-open-data.s3.amazonaws.com/parquet/performance/type=mobile/year=2026/quarter=1/2026-01-01_performance_mobile_tiles.parquet"}}, {"type": "Feature", "id": "2026-01-01:1322012223031223", "geometry": {"type": "Polygon", "coordinates": [[[96.119384765625, 16.846605106396304], [96.119384765625, 16.851862453216572], [96.1138916015625, 16.851862453216572], [96.1138916015625, 16.846605106396304], [96.119384765625, 16.846605106396304]]]}, "properties": {"quadkey": "1322012223031223", "tile_x": 96.11659999999999, "tile_y": 16.849200000000003, "avg_d_kbps": 80021, "avg_u_kbps": 27119, "avg_lat_ms": 145, "avg_lat_down_ms": 390, "avg_lat_up_ms": 1591, "tests": 5, "devices": 3, "period_start": "2026-01-01", "period_end_exclusive": "2026-04-01", "service_type": "mobile", "source": "Ookla Open Data", "download_mbps": 80.021, "upload_mbps": 27.119, "centroid_in_project": true, "operator": null, "radio_generation": null, "serving_cell_id": null, "single_test_tile": false, "source_url": "https://ookla-open-data.s3.amazonaws.com/parquet/performance/type=mobile/year=2026/quarter=1/2026-01-01_performance_mobile_tiles.parquet"}}, {"type": "Feature", "id": "2026-01-01:1322012223031230", "geometry": {"type": "Polygon", "coordinates": [[[96.1248779296875, 16.851862453216572], [96.1248779296875, 16.857119653918048], [96.119384765625, 16.857119653918048], [96.119384765625, 16.851862453216572], [96.1248779296875, 16.851862453216572]]]}, "properties": {"quadkey": "1322012223031230", "tile_x": 96.12210000000002, "tile_y": 16.8545, "avg_d_kbps": 44122, "avg_u_kbps": 21521, "avg_lat_ms": 147, "avg_lat_down_ms": 531, "avg_lat_up_ms": 628, "tests": 115, "devices": 5, "period_start": "2026-01-01", "period_end_exclusive": "2026-04-01", "service_type": "mobile", "source": "Ookla Open Data", "download_mbps": 44.122, "upload_mbps": 21.521, "centroid_in_project": true, "operator": null, "radio_generation": null, "serving_cell_id": null, "single_test_tile": false, "source_url": "https://ookla-open-data.s3.amazonaws.com/parquet/performance/type=mobile/year=2026/quarter=1/2026-01-01_performance_mobile_tiles.parquet"}}, {"type": "Feature", "id": "2026-01-01:1322012223031232", "geometry": {"type": "Polygon", "coordinates": [[[96.1248779296875, 16.846605106396304], [96.1248779296875, 16.851862453216572], [96.119384765625, 16.851862453216572], [96.119384765625, 16.846605106396304], [96.1248779296875, 16.846605106396304]]]}, "properties": {"quadkey": "1322012223031232", "tile_x": 96.12210000000002, "tile_y": 16.849200000000003, "avg_d_kbps": 56456, "avg_u_kbps": 41203, "avg_lat_ms": 14, "avg_lat_down_ms": 637, "avg_lat_up_ms": 381, "tests": 1, "devices": 1, "period_start": "2026-01-01", "period_end_exclusive": "2026-04-01", "service_type": "mobile", "source": "Ookla Open Data", "download_mbps": 56.456, "upload_mbps": 41.203, "centroid_in_project": true, "operator": null, "radio_generation": null, "serving_cell_id": null, "single_test_tile": true, "source_url": "https://ookla-open-data.s3.amazonaws.com/parquet/performance/type=mobile/year=2026/quarter=1/2026-01-01_performance_mobile_tiles.parquet"}}, {"type": "Feature", "id": "2026-01-01:1322012223031233", "geometry": {"type": "Polygon", "coordinates": [[[96.13037109375, 16.846605106396304], [96.13037109375, 16.851862453216572], [96.1248779296875, 16.851862453216572], [96.1248779296875, 16.846605106396304], [96.13037109375, 16.846605106396304]]]}, "properties": {"quadkey": "1322012223031233", "tile_x": 96.1276, "tile_y": 16.849200000000003, "avg_d_kbps": 4823, "avg_u_kbps": 6777, "avg_lat_ms": 81, "avg_lat_down_ms": 946, "avg_lat_up_ms": 1022, "tests": 2, "devices": 2, "period_start": "2026-01-01", "period_end_exclusive": "2026-04-01", "service_type": "mobile", "source": "Ookla Open Data", "download_mbps": 4.823, "upload_mbps": 6.777, "centroid_in_project": true, "operator": null, "radio_generation": null, "serving_cell_id": null, "single_test_tile": false, "source_url": "https://ookla-open-data.s3.amazonaws.com/parquet/performance/type=mobile/year=2026/quarter=1/2026-01-01_performance_mobile_tiles.parquet"}}, {"type": "Feature", "id": "2026-01-01:1322012223031301", "geometry": {"type": "Polygon", "coordinates": [[[96.141357421875, 16.862376708460538], [96.141357421875, 16.867633616803843], [96.1358642578125, 16.867633616803843], [96.1358642578125, 16.862376708460538], [96.141357421875, 16.862376708460538]]]}, "properties": {"quadkey": "1322012223031301", "tile_x": 96.13860000000001, "tile_y": 16.865000000000002, "avg_d_kbps": 25758, "avg_u_kbps": 20454, "avg_lat_ms": 120, "avg_lat_down_ms": 628, "avg_lat_up_ms": 441, "tests": 5, "devices": 3, "period_start": "2026-01-01", "period_end_exclusive": "2026-04-01", "service_type": "mobile", "source": "Ookla Open Data", "download_mbps": 25.758, "upload_mbps": 20.454, "centroid_in_project": true, "operator": null, "radio_generation": null, "serving_cell_id": null, "single_test_tile": false, "source_url": "https://ookla-open-data.s3.amazonaws.com/parquet/performance/type=mobile/year=2026/quarter=1/2026-01-01_performance_mobile_tiles.parquet"}}, {"type": "Feature", "id": "2026-01-01:1322012223031310", "geometry": {"type": "Polygon", "coordinates": [[[96.1468505859375, 16.862376708460538], [96.1468505859375, 16.867633616803843], [96.141357421875, 16.867633616803843], [96.141357421875, 16.862376708460538], [96.1468505859375, 16.862376708460538]]]}, "properties": {"quadkey": "1322012223031310", "tile_x": 96.14410000000001, "tile_y": 16.865000000000002, "avg_d_kbps": 27527, "avg_u_kbps": 20716, "avg_lat_ms": 121, "avg_lat_down_ms": 1286, "avg_lat_up_ms": 898, "tests": 4, "devices": 3, "period_start": "2026-01-01", "period_end_exclusive": "2026-04-01", "service_type": "mobile", "source": "Ookla Open Data", "download_mbps": 27.527, "upload_mbps": 20.716, "centroid_in_project": true, "operator": null, "radio_generation": null, "serving_cell_id": null, "single_test_tile": false, "source_url": "https://ookla-open-data.s3.amazonaws.com/parquet/performance/type=mobile/year=2026/quarter=1/2026-01-01_performance_mobile_tiles.parquet"}}, {"type": "Feature", "id": "2026-01-01:1322012223031320", "geometry": {"type": "Polygon", "coordinates": [[[96.1358642578125, 16.851862453216572], [96.1358642578125, 16.857119653918048], [96.13037109375, 16.857119653918048], [96.13037109375, 16.851862453216572], [96.1358642578125, 16.851862453216572]]]}, "properties": {"quadkey": "1322012223031320", "tile_x": 96.13310000000001, "tile_y": 16.8545, "avg_d_kbps": 51414, "avg_u_kbps": 35922, "avg_lat_ms": 57, "avg_lat_down_ms": 149, "avg_lat_up_ms": 541, "tests": 1, "devices": 1, "period_start": "2026-01-01", "period_end_exclusive": "2026-04-01", "service_type": "mobile", "source": "Ookla Open Data", "download_mbps": 51.414, "upload_mbps": 35.922, "centroid_in_project": true, "operator": null, "radio_generation": null, "serving_cell_id": null, "single_test_tile": true, "source_url": "https://ookla-open-data.s3.amazonaws.com/parquet/performance/type=mobile/year=2026/quarter=1/2026-01-01_performance_mobile_tiles.parquet"}}, {"type": "Feature", "id": "2026-01-01:1322012223031322", "geometry": {"type": "Polygon", "coordinates": [[[96.1358642578125, 16.846605106396304], [96.1358642578125, 16.851862453216572], [96.13037109375, 16.851862453216572], [96.13037109375, 16.846605106396304], [96.1358642578125, 16.846605106396304]]]}, "properties": {"quadkey": "1322012223031322", "tile_x": 96.13310000000001, "tile_y": 16.849200000000003, "avg_d_kbps": 56024, "avg_u_kbps": 12177, "avg_lat_ms": 99, "avg_lat_down_ms": 741, "avg_lat_up_ms": 464, "tests": 1, "devices": 1, "period_start": "2026-01-01", "period_end_exclusive": "2026-04-01", "service_type": "mobile", "source": "Ookla Open Data", "download_mbps": 56.024, "upload_mbps": 12.177, "centroid_in_project": true, "operator": null, "radio_generation": null, "serving_cell_id": null, "single_test_tile": true, "source_url": "https://ookla-open-data.s3.amazonaws.com/parquet/performance/type=mobile/year=2026/quarter=1/2026-01-01_performance_mobile_tiles.parquet"}}, {"type": "Feature", "id": "2026-01-01:1322012223031323", "geometry": {"type": "Polygon", "coordinates": [[[96.141357421875, 16.846605106396304], [96.141357421875, 16.851862453216572], [96.1358642578125, 16.851862453216572], [96.1358642578125, 16.846605106396304], [96.141357421875, 16.846605106396304]]]}, "properties": {"quadkey": "1322012223031323", "tile_x": 96.13860000000001, "tile_y": 16.849200000000003, "avg_d_kbps": 57892, "avg_u_kbps": 21862, "avg_lat_ms": 110, "avg_lat_down_ms": 674, "avg_lat_up_ms": 1982, "tests": 3, "devices": 1, "period_start": "2026-01-01", "period_end_exclusive": "2026-04-01", "service_type": "mobile", "source": "Ookla Open Data", "download_mbps": 57.892, "upload_mbps": 21.862, "centroid_in_project": true, "operator": null, "radio_generation": null, "serving_cell_id": null, "single_test_tile": false, "source_url": "https://ookla-open-data.s3.amazonaws.com/parquet/performance/type=mobile/year=2026/quarter=1/2026-01-01_performance_mobile_tiles.parquet"}}, {"type": "Feature", "id": "2026-01-01:1322012223031330", "geometry": {"type": "Polygon", "coordinates": [[[96.1468505859375, 16.851862453216572], [96.1468505859375, 16.857119653918048], [96.141357421875, 16.857119653918048], [96.141357421875, 16.851862453216572], [96.1468505859375, 16.851862453216572]]]}, "properties": {"quadkey": "1322012223031330", "tile_x": 96.14410000000001, "tile_y": 16.8545, "avg_d_kbps": 37079, "avg_u_kbps": 11317, "avg_lat_ms": 175, "avg_lat_down_ms": 267, "avg_lat_up_ms": 248, "tests": 3, "devices": 1, "period_start": "2026-01-01", "period_end_exclusive": "2026-04-01", "service_type": "mobile", "source": "Ookla Open Data", "download_mbps": 37.079, "upload_mbps": 11.317, "centroid_in_project": true, "operator": null, "radio_generation": null, "serving_cell_id": null, "single_test_tile": false, "source_url": "https://ookla-open-data.s3.amazonaws.com/parquet/performance/type=mobile/year=2026/quarter=1/2026-01-01_performance_mobile_tiles.parquet"}}, {"type": "Feature", "id": "2026-01-01:1322012223031333", "geometry": {"type": "Polygon", "coordinates": [[[96.15234375, 16.846605106396304], [96.15234375, 16.851862453216572], [96.1468505859375, 16.851862453216572], [96.1468505859375, 16.846605106396304], [96.15234375, 16.846605106396304]]]}, "properties": {"quadkey": "1322012223031333", "tile_x": 96.1496, "tile_y": 16.849200000000003, "avg_d_kbps": 16498, "avg_u_kbps": 4303, "avg_lat_ms": 76, "avg_lat_down_ms": 336, "avg_lat_up_ms": 1998, "tests": 2, "devices": 1, "period_start": "2026-01-01", "period_end_exclusive": "2026-04-01", "service_type": "mobile", "source": "Ookla Open Data", "download_mbps": 16.498, "upload_mbps": 4.303, "centroid_in_project": true, "operator": null, "radio_generation": null, "serving_cell_id": null, "single_test_tile": false, "source_url": "https://ookla-open-data.s3.amazonaws.com/parquet/performance/type=mobile/year=2026/quarter=1/2026-01-01_performance_mobile_tiles.parquet"}}, {"type": "Feature", "id": "2026-01-01:1322012223032102", "geometry": {"type": "Polygon", "coordinates": [[[96.0919189453125, 16.836089974560213], [96.0919189453125, 16.841347613497447], [96.08642578125, 16.841347613497447], [96.08642578125, 16.836089974560213], [96.0919189453125, 16.836089974560213]]]}, "properties": {"quadkey": "1322012223032102", "tile_x": 96.0892, "tile_y": 16.8387, "avg_d_kbps": 63185, "avg_u_kbps": 9870, "avg_lat_ms": 71, "avg_lat_down_ms": 339, "avg_lat_up_ms": 1494, "tests": 3, "devices": 2, "period_start": "2026-01-01", "period_end_exclusive": "2026-04-01", "service_type": "mobile", "source": "Ookla Open Data", "download_mbps": 63.185, "upload_mbps": 9.87, "centroid_in_project": true, "operator": null, "radio_generation": null, "serving_cell_id": null, "single_test_tile": false, "source_url": "https://ookla-open-data.s3.amazonaws.com/parquet/performance/type=mobile/year=2026/quarter=1/2026-01-01_performance_mobile_tiles.parquet"}}, {"type": "Feature", "id": "2026-01-01:1322012223033000", "geometry": {"type": "Polygon", "coordinates": [[[96.1138916015625, 16.841347613497447], [96.1138916015625, 16.846605106396304], [96.1083984375, 16.846605106396304], [96.1083984375, 16.841347613497447], [96.1138916015625, 16.841347613497447]]]}, "properties": {"quadkey": "1322012223033000", "tile_x": 96.11110000000001, "tile_y": 16.844, "avg_d_kbps": 2855, "avg_u_kbps": 7124, "avg_lat_ms": 206, "avg_lat_down_ms": 2765, "avg_lat_up_ms": 5428, "tests": 3, "devices": 1, "period_start": "2026-01-01", "period_end_exclusive": "2026-04-01", "service_type": "mobile", "source": "Ookla Open Data", "download_mbps": 2.855, "upload_mbps": 7.124, "centroid_in_project": true, "operator": null, "radio_generation": null, "serving_cell_id": null, "single_test_tile": false, "source_url": "https://ookla-open-data.s3.amazonaws.com/parquet/performance/type=mobile/year=2026/quarter=1/2026-01-01_performance_mobile_tiles.parquet"}}, {"type": "Feature", "id": "2026-01-01:1322012223033001", "geometry": {"type": "Polygon", "coordinates": [[[96.119384765625, 16.841347613497447], [96.119384765625, 16.846605106396304], [96.1138916015625, 16.846605106396304], [96.1138916015625, 16.841347613497447], [96.119384765625, 16.841347613497447]]]}, "properties": {"quadkey": "1322012223033001", "tile_x": 96.11659999999999, "tile_y": 16.844, "avg_d_kbps": 103528, "avg_u_kbps": 23771, "avg_lat_ms": 225, "avg_lat_down_ms": 5214, "avg_lat_up_ms": 352, "tests": 2, "devices": 1, "period_start": "2026-01-01", "period_end_exclusive": "2026-04-01", "service_type": "mobile", "source": "Ookla Open Data", "download_mbps": 103.528, "upload_mbps": 23.771, "centroid_in_project": true, "operator": null, "radio_generation": null, "serving_cell_id": null, "single_test_tile": false, "source_url": "https://ookla-open-data.s3.amazonaws.com/parquet/performance/type=mobile/year=2026/quarter=1/2026-01-01_performance_mobile_tiles.parquet"}}, {"type": "Feature", "id": "2026-01-01:1322012223033003", "geometry": {"type": "Polygon", "coordinates": [[[96.119384765625, 16.836089974560213], [96.119384765625, 16.841347613497447], [96.1138916015625, 16.841347613497447], [96.1138916015625, 16.836089974560213], [96.119384765625, 16.836089974560213]]]}, "properties": {"quadkey": "1322012223033003", "tile_x": 96.11659999999999, "tile_y": 16.8387, "avg_d_kbps": 88319, "avg_u_kbps": 13749, "avg_lat_ms": 60, "avg_lat_down_ms": 383, "avg_lat_up_ms": 1722, "tests": 2, "devices": 2, "period_start": "2026-01-01", "period_end_exclusive": "2026-04-01", "service_type": "mobile", "source": "Ookla Open Data", "download_mbps": 88.319, "upload_mbps": 13.749, "centroid_in_project": true, "operator": null, "radio_generation": null, "serving_cell_id": null, "single_test_tile": false, "source_url": "https://ookla-open-data.s3.amazonaws.com/parquet/performance/type=mobile/year=2026/quarter=1/2026-01-01_performance_mobile_tiles.parquet"}}, {"type": "Feature", "id": "2026-01-01:1322012223033010", "geometry": {"type": "Polygon", "coordinates": [[[96.1248779296875, 16.841347613497447], [96.1248779296875, 16.846605106396304], [96.119384765625, 16.846605106396304], [96.119384765625, 16.841347613497447], [96.1248779296875, 16.841347613497447]]]}, "properties": {"quadkey": "1322012223033010", "tile_x": 96.12210000000002, "tile_y": 16.844, "avg_d_kbps": 21324, "avg_u_kbps": 11860, "avg_lat_ms": 73, "avg_lat_down_ms": 523, "avg_lat_up_ms": 662, "tests": 1, "devices": 1, "period_start": "2026-01-01", "period_end_exclusive": "2026-04-01", "service_type": "mobile", "source": "Ookla Open Data", "download_mbps": 21.324, "upload_mbps": 11.86, "centroid_in_project": true, "operator": null, "radio_generation": null, "serving_cell_id": null, "single_test_tile": true, "source_url": "https://ookla-open-data.s3.amazonaws.com/parquet/performance/type=mobile/year=2026/quarter=1/2026-01-01_performance_mobile_tiles.parquet"}}, {"type": "Feature", "id": "2026-01-01:1322012223033011", "geometry": {"type": "Polygon", "coordinates": [[[96.13037109375, 16.841347613497447], [96.13037109375, 16.846605106396304], [96.1248779296875, 16.846605106396304], [96.1248779296875, 16.841347613497447], [96.13037109375, 16.841347613497447]]]}, "properties": {"quadkey": "1322012223033011", "tile_x": 96.1276, "tile_y": 16.844, "avg_d_kbps": 48001, "avg_u_kbps": 37277, "avg_lat_ms": 31, "avg_lat_down_ms": 875, "avg_lat_up_ms": 321, "tests": 2, "devices": 2, "period_start": "2026-01-01", "period_end_exclusive": "2026-04-01", "service_type": "mobile", "source": "Ookla Open Data", "download_mbps": 48.001, "upload_mbps": 37.277, "centroid_in_project": true, "operator": null, "radio_generation": null, "serving_cell_id": null, "single_test_tile": false, "source_url": "https://ookla-open-data.s3.amazonaws.com/parquet/performance/type=mobile/year=2026/quarter=1/2026-01-01_performance_mobile_tiles.parquet"}}, {"type": "Feature", "id": "2026-01-01:1322012223033012", "geometry": {"type": "Polygon", "coordinates": [[[96.1248779296875, 16.836089974560213], [96.1248779296875, 16.841347613497447], [96.119384765625, 16.841347613497447], [96.119384765625, 16.836089974560213], [96.1248779296875, 16.836089974560213]]]}, "properties": {"quadkey": "1322012223033012", "tile_x": 96.12210000000002, "tile_y": 16.8387, "avg_d_kbps": 72741, "avg_u_kbps": 28890, "avg_lat_ms": 55, "avg_lat_down_ms": 591, "avg_lat_up_ms": 405, "tests": 4, "devices": 2, "period_start": "2026-01-01", "period_end_exclusive": "2026-04-01", "service_type": "mobile", "source": "Ookla Open Data", "download_mbps": 72.741, "upload_mbps": 28.89, "centroid_in_project": true, "operator": null, "radio_generation": null, "serving_cell_id": null, "single_test_tile": false, "source_url": "https://ookla-open-data.s3.amazonaws.com/parquet/performance/type=mobile/year=2026/quarter=1/2026-01-01_performance_mobile_tiles.parquet"}}, {"type": "Feature", "id": "2026-01-01:1322012223033013", "geometry": {"type": "Polygon", "coordinates": [[[96.13037109375, 16.836089974560213], [96.13037109375, 16.841347613497447], [96.1248779296875, 16.841347613497447], [96.1248779296875, 16.836089974560213], [96.13037109375, 16.836089974560213]]]}, "properties": {"quadkey": "1322012223033013", "tile_x": 96.1276, "tile_y": 16.8387, "avg_d_kbps": 39084, "avg_u_kbps": 27959, "avg_lat_ms": 85, "avg_lat_down_ms": 598, "avg_lat_up_ms": 423, "tests": 13, "devices": 7, "period_start": "2026-01-01", "period_end_exclusive": "2026-04-01", "service_type": "mobile", "source": "Ookla Open Data", "download_mbps": 39.084, "upload_mbps": 27.959, "centroid_in_project": true, "operator": null, "radio_generation": null, "serving_cell_id": null, "single_test_tile": false, "source_url": "https://ookla-open-data.s3.amazonaws.com/parquet/performance/type=mobile/year=2026/quarter=1/2026-01-01_performance_mobile_tiles.parquet"}}, {"type": "Feature", "id": "2026-01-01:1322012223033030", "geometry": {"type": "Polygon", "coordinates": [[[96.1248779296875, 16.83083218962482], [96.1248779296875, 16.836089974560213], [96.119384765625, 16.836089974560213], [96.119384765625, 16.83083218962482], [96.1248779296875, 16.83083218962482]]]}, "properties": {"quadkey": "1322012223033030", "tile_x": 96.12210000000002, "tile_y": 16.833499999999997, "avg_d_kbps": 13843, "avg_u_kbps": 3281, "avg_lat_ms": 155, "avg_lat_down_ms": 1067, "avg_lat_up_ms": 986, "tests": 5, "devices": 4, "period_start": "2026-01-01", "period_end_exclusive": "2026-04-01", "service_type": "mobile", "source": "Ookla Open Data", "download_mbps": 13.843, "upload_mbps": 3.281, "centroid_in_project": true, "operator": null, "radio_generation": null, "serving_cell_id": null, "single_test_tile": false, "source_url": "https://ookla-open-data.s3.amazonaws.com/parquet/performance/type=mobile/year=2026/quarter=1/2026-01-01_performance_mobile_tiles.parquet"}}, {"type": "Feature", "id": "2026-01-01:1322012223033031", "geometry": {"type": "Polygon", "coordinates": [[[96.13037109375, 16.83083218962482], [96.13037109375, 16.836089974560213], [96.1248779296875, 16.836089974560213], [96.1248779296875, 16.83083218962482], [96.13037109375, 16.83083218962482]]]}, "properties": {"quadkey": "1322012223033031", "tile_x": 96.1276, "tile_y": 16.833499999999997, "avg_d_kbps": 28490, "avg_u_kbps": 17218, "avg_lat_ms": 158, "avg_lat_down_ms": 1490, "avg_lat_up_ms": 1454, "tests": 22, "devices": 8, "period_start": "2026-01-01", "period_end_exclusive": "2026-04-01", "service_type": "mobile", "source": "Ookla Open Data", "download_mbps": 28.49, "upload_mbps": 17.218, "centroid_in_project": true, "operator": null, "radio_generation": null, "serving_cell_id": null, "single_test_tile": false, "source_url": "https://ookla-open-data.s3.amazonaws.com/parquet/performance/type=mobile/year=2026/quarter=1/2026-01-01_performance_mobile_tiles.parquet"}}, {"type": "Feature", "id": "2026-01-01:1322012223033032", "geometry": {"type": "Polygon", "coordinates": [[[96.1248779296875, 16.825574258731486], [96.1248779296875, 16.83083218962482], [96.119384765625, 16.83083218962482], [96.119384765625, 16.825574258731486], [96.1248779296875, 16.825574258731486]]]}, "properties": {"quadkey": "1322012223033032", "tile_x": 96.12210000000002, "tile_y": 16.828200000000002, "avg_d_kbps": 48607, "avg_u_kbps": 15682, "avg_lat_ms": 149, "avg_lat_down_ms": 550, "avg_lat_up_ms": 791, "tests": 5, "devices": 3, "period_start": "2026-01-01", "period_end_exclusive": "2026-04-01", "service_type": "mobile", "source": "Ookla Open Data", "download_mbps": 48.607, "upload_mbps": 15.682, "centroid_in_project": true, "operator": null, "radio_generation": null, "serving_cell_id": null, "single_test_tile": false, "source_url": "https://ookla-open-data.s3.amazonaws.com/parquet/performance/type=mobile/year=2026/quarter=1/2026-01-01_performance_mobile_tiles.parquet"}}, {"type": "Feature", "id": "2026-01-01:1322012223033033", "geometry": {"type": "Polygon", "coordinates": [[[96.13037109375, 16.825574258731486], [96.13037109375, 16.83083218962482], [96.1248779296875, 16.83083218962482], [96.1248779296875, 16.825574258731486], [96.13037109375, 16.825574258731486]]]}, "properties": {"quadkey": "1322012223033033", "tile_x": 96.1276, "tile_y": 16.828200000000002, "avg_d_kbps": 25704, "avg_u_kbps": 32521, "avg_lat_ms": 164, "avg_lat_down_ms": 700, "avg_lat_up_ms": 1287, "tests": 11, "devices": 6, "period_start": "2026-01-01", "period_end_exclusive": "2026-04-01", "service_type": "mobile", "source": "Ookla Open Data", "download_mbps": 25.704, "upload_mbps": 32.521, "centroid_in_project": true, "operator": null, "radio_generation": null, "serving_cell_id": null, "single_test_tile": false, "source_url": "https://ookla-open-data.s3.amazonaws.com/parquet/performance/type=mobile/year=2026/quarter=1/2026-01-01_performance_mobile_tiles.parquet"}}, {"type": "Feature", "id": "2026-01-01:1322012223033100", "geometry": {"type": "Polygon", "coordinates": [[[96.1358642578125, 16.841347613497447], [96.1358642578125, 16.846605106396304], [96.13037109375, 16.846605106396304], [96.13037109375, 16.841347613497447], [96.1358642578125, 16.841347613497447]]]}, "properties": {"quadkey": "1322012223033100", "tile_x": 96.13310000000001, "tile_y": 16.844, "avg_d_kbps": 21076, "avg_u_kbps": 53515, "avg_lat_ms": 53, "avg_lat_down_ms": 919, "avg_lat_up_ms": 219, "tests": 1, "devices": 1, "period_start": "2026-01-01", "period_end_exclusive": "2026-04-01", "service_type": "mobile", "source": "Ookla Open Data", "download_mbps": 21.076, "upload_mbps": 53.515, "centroid_in_project": true, "operator": null, "radio_generation": null, "serving_cell_id": null, "single_test_tile": true, "source_url": "https://ookla-open-data.s3.amazonaws.com/parquet/performance/type=mobile/year=2026/quarter=1/2026-01-01_performance_mobile_tiles.parquet"}}, {"type": "Feature", "id": "2026-01-01:1322012223033102", "geometry": {"type": "Polygon", "coordinates": [[[96.1358642578125, 16.836089974560213], [96.1358642578125, 16.841347613497447], [96.13037109375, 16.841347613497447], [96.13037109375, 16.836089974560213], [96.1358642578125, 16.836089974560213]]]}, "properties": {"quadkey": "1322012223033102", "tile_x": 96.13310000000001, "tile_y": 16.8387, "avg_d_kbps": 3551, "avg_u_kbps": 16698, "avg_lat_ms": 194, "avg_lat_down_ms": 970, "avg_lat_up_ms": 2944, "tests": 1, "devices": 1, "period_start": "2026-01-01", "period_end_exclusive": "2026-04-01", "service_type": "mobile", "source": "Ookla Open Data", "download_mbps": 3.551, "upload_mbps": 16.698, "centroid_in_project": true, "operator": null, "radio_generation": null, "serving_cell_id": null, "single_test_tile": true, "source_url": "https://ookla-open-data.s3.amazonaws.com/parquet/performance/type=mobile/year=2026/quarter=1/2026-01-01_performance_mobile_tiles.parquet"}}, {"type": "Feature", "id": "2026-01-01:1322012223033120", "geometry": {"type": "Polygon", "coordinates": [[[96.1358642578125, 16.83083218962482], [96.1358642578125, 16.836089974560213], [96.13037109375, 16.836089974560213], [96.13037109375, 16.83083218962482], [96.1358642578125, 16.83083218962482]]]}, "properties": {"quadkey": "1322012223033120", "tile_x": 96.13310000000001, "tile_y": 16.833499999999997, "avg_d_kbps": 18152, "avg_u_kbps": 8633, "avg_lat_ms": 150, "avg_lat_down_ms": 808, "avg_lat_up_ms": 436, "tests": 6, "devices": 5, "period_start": "2026-01-01", "period_end_exclusive": "2026-04-01", "service_type": "mobile", "source": "Ookla Open Data", "download_mbps": 18.152, "upload_mbps": 8.633, "centroid_in_project": true, "operator": null, "radio_generation": null, "serving_cell_id": null, "single_test_tile": false, "source_url": "https://ookla-open-data.s3.amazonaws.com/parquet/performance/type=mobile/year=2026/quarter=1/2026-01-01_performance_mobile_tiles.parquet"}}, {"type": "Feature", "id": "2026-01-01:1322012223033122", "geometry": {"type": "Polygon", "coordinates": [[[96.1358642578125, 16.825574258731486], [96.1358642578125, 16.83083218962482], [96.13037109375, 16.83083218962482], [96.13037109375, 16.825574258731486], [96.1358642578125, 16.825574258731486]]]}, "properties": {"quadkey": "1322012223033122", "tile_x": 96.13310000000001, "tile_y": 16.828200000000002, "avg_d_kbps": 42896, "avg_u_kbps": 20757, "avg_lat_ms": 60, "avg_lat_down_ms": 350, "avg_lat_up_ms": 610, "tests": 4, "devices": 3, "period_start": "2026-01-01", "period_end_exclusive": "2026-04-01", "service_type": "mobile", "source": "Ookla Open Data", "download_mbps": 42.896, "upload_mbps": 20.757, "centroid_in_project": true, "operator": null, "radio_generation": null, "serving_cell_id": null, "single_test_tile": false, "source_url": "https://ookla-open-data.s3.amazonaws.com/parquet/performance/type=mobile/year=2026/quarter=1/2026-01-01_performance_mobile_tiles.parquet"}}, {"type": "Feature", "id": "2026-01-01:1322012223033123", "geometry": {"type": "Polygon", "coordinates": [[[96.141357421875, 16.825574258731486], [96.141357421875, 16.83083218962482], [96.1358642578125, 16.83083218962482], [96.1358642578125, 16.825574258731486], [96.141357421875, 16.825574258731486]]]}, "properties": {"quadkey": "1322012223033123", "tile_x": 96.13860000000001, "tile_y": 16.828200000000002, "avg_d_kbps": 57325, "avg_u_kbps": 6939, "avg_lat_ms": 205, "avg_lat_down_ms": 558, "avg_lat_up_ms": 428, "tests": 1, "devices": 1, "period_start": "2026-01-01", "period_end_exclusive": "2026-04-01", "service_type": "mobile", "source": "Ookla Open Data", "download_mbps": 57.325, "upload_mbps": 6.939, "centroid_in_project": true, "operator": null, "radio_generation": null, "serving_cell_id": null, "single_test_tile": true, "source_url": "https://ookla-open-data.s3.amazonaws.com/parquet/performance/type=mobile/year=2026/quarter=1/2026-01-01_performance_mobile_tiles.parquet"}}, {"type": "Feature", "id": "2026-01-01:1322012223033133", "geometry": {"type": "Polygon", "coordinates": [[[96.15234375, 16.825574258731486], [96.15234375, 16.83083218962482], [96.1468505859375, 16.83083218962482], [96.1468505859375, 16.825574258731486], [96.15234375, 16.825574258731486]]]}, "properties": {"quadkey": "1322012223033133", "tile_x": 96.1496, "tile_y": 16.828200000000002, "avg_d_kbps": 52743, "avg_u_kbps": 2468, "avg_lat_ms": 100, "avg_lat_down_ms": 962, "avg_lat_up_ms": 3226, "tests": 1, "devices": 1, "period_start": "2026-01-01", "period_end_exclusive": "2026-04-01", "service_type": "mobile", "source": "Ookla Open Data", "download_mbps": 52.743, "upload_mbps": 2.468, "centroid_in_project": true, "operator": null, "radio_generation": null, "serving_cell_id": null, "single_test_tile": true, "source_url": "https://ookla-open-data.s3.amazonaws.com/parquet/performance/type=mobile/year=2026/quarter=1/2026-01-01_performance_mobile_tiles.parquet"}}, {"type": "Feature", "id": "2026-01-01:1322012223033210", "geometry": {"type": "Polygon", "coordinates": [[[96.1248779296875, 16.82031618192045], [96.1248779296875, 16.825574258731486], [96.119384765625, 16.825574258731486], [96.119384765625, 16.82031618192045], [96.1248779296875, 16.82031618192045]]]}, "properties": {"quadkey": "1322012223033210", "tile_x": 96.12210000000002, "tile_y": 16.8229, "avg_d_kbps": 23273, "avg_u_kbps": 17108, "avg_lat_ms": 97, "avg_lat_down_ms": 420, "avg_lat_up_ms": 345, "tests": 7, "devices": 4, "period_start": "2026-01-01", "period_end_exclusive": "2026-04-01", "service_type": "mobile", "source": "Ookla Open Data", "download_mbps": 23.273, "upload_mbps": 17.108, "centroid_in_project": true, "operator": null, "radio_generation": null, "serving_cell_id": null, "single_test_tile": false, "source_url": "https://ookla-open-data.s3.amazonaws.com/parquet/performance/type=mobile/year=2026/quarter=1/2026-01-01_performance_mobile_tiles.parquet"}}, {"type": "Feature", "id": "2026-01-01:1322012223033211", "geometry": {"type": "Polygon", "coordinates": [[[96.13037109375, 16.82031618192045], [96.13037109375, 16.825574258731486], [96.1248779296875, 16.825574258731486], [96.1248779296875, 16.82031618192045], [96.13037109375, 16.82031618192045]]]}, "properties": {"quadkey": "1322012223033211", "tile_x": 96.1276, "tile_y": 16.8229, "avg_d_kbps": 60301, "avg_u_kbps": 16672, "avg_lat_ms": 73, "avg_lat_down_ms": 1457, "avg_lat_up_ms": 1313, "tests": 2, "devices": 2, "period_start": "2026-01-01", "period_end_exclusive": "2026-04-01", "service_type": "mobile", "source": "Ookla Open Data", "download_mbps": 60.301, "upload_mbps": 16.672, "centroid_in_project": true, "operator": null, "radio_generation": null, "serving_cell_id": null, "single_test_tile": false, "source_url": "https://ookla-open-data.s3.amazonaws.com/parquet/performance/type=mobile/year=2026/quarter=1/2026-01-01_performance_mobile_tiles.parquet"}}, {"type": "Feature", "id": "2026-01-01:1322012223033213", "geometry": {"type": "Polygon", "coordinates": [[[96.13037109375, 16.815057959231932], [96.13037109375, 16.82031618192045], [96.1248779296875, 16.82031618192045], [96.1248779296875, 16.815057959231932], [96.13037109375, 16.815057959231932]]]}, "properties": {"quadkey": "1322012223033213", "tile_x": 96.1276, "tile_y": 16.8177, "avg_d_kbps": 11844, "avg_u_kbps": 4174, "avg_lat_ms": 178, "avg_lat_down_ms": 658, "avg_lat_up_ms": 1275, "tests": 2, "devices": 2, "period_start": "2026-01-01", "period_end_exclusive": "2026-04-01", "service_type": "mobile", "source": "Ookla Open Data", "download_mbps": 11.844, "upload_mbps": 4.174, "centroid_in_project": true, "operator": null, "radio_generation": null, "serving_cell_id": null, "single_test_tile": false, "source_url": "https://ookla-open-data.s3.amazonaws.com/parquet/performance/type=mobile/year=2026/quarter=1/2026-01-01_performance_mobile_tiles.parquet"}}, {"type": "Feature", "id": "2026-01-01:1322012223033231", "geometry": {"type": "Polygon", "coordinates": [[[96.13037109375, 16.809799590706184], [96.13037109375, 16.815057959231932], [96.1248779296875, 16.815057959231932], [96.1248779296875, 16.809799590706184], [96.13037109375, 16.809799590706184]]]}, "properties": {"quadkey": "1322012223033231", "tile_x": 96.1276, "tile_y": 16.812400000000004, "avg_d_kbps": 1398, "avg_u_kbps": 1668, "avg_lat_ms": 44, "avg_lat_down_ms": 53, "avg_lat_up_ms": null, "tests": 1, "devices": 1, "period_start": "2026-01-01", "period_end_exclusive": "2026-04-01", "service_type": "mobile", "source": "Ookla Open Data", "download_mbps": 1.398, "upload_mbps": 1.668, "centroid_in_project": true, "operator": null, "radio_generation": null, "serving_cell_id": null, "single_test_tile": true, "source_url": "https://ookla-open-data.s3.amazonaws.com/parquet/performance/type=mobile/year=2026/quarter=1/2026-01-01_performance_mobile_tiles.parquet"}}, {"type": "Feature", "id": "2026-01-01:1322012223033232", "geometry": {"type": "Polygon", "coordinates": [[[96.1248779296875, 16.80454107638345], [96.1248779296875, 16.809799590706184], [96.119384765625, 16.809799590706184], [96.119384765625, 16.80454107638345], [96.1248779296875, 16.80454107638345]]]}, "properties": {"quadkey": "1322012223033232", "tile_x": 96.12210000000002, "tile_y": 16.8072, "avg_d_kbps": 79435, "avg_u_kbps": 21420, "avg_lat_ms": 144, "avg_lat_down_ms": 577, "avg_lat_up_ms": 539, "tests": 10, "devices": 1, "period_start": "2026-01-01", "period_end_exclusive": "2026-04-01", "service_type": "mobile", "source": "Ookla Open Data", "download_mbps": 79.435, "upload_mbps": 21.42, "centroid_in_project": true, "operator": null, "radio_generation": null, "serving_cell_id": null, "single_test_tile": false, "source_url": "https://ookla-open-data.s3.amazonaws.com/parquet/performance/type=mobile/year=2026/quarter=1/2026-01-01_performance_mobile_tiles.parquet"}}, {"type": "Feature", "id": "2026-01-01:1322012223033233", "geometry": {"type": "Polygon", "coordinates": [[[96.13037109375, 16.80454107638345], [96.13037109375, 16.809799590706184], [96.1248779296875, 16.809799590706184], [96.1248779296875, 16.80454107638345], [96.13037109375, 16.80454107638345]]]}, "properties": {"quadkey": "1322012223033233", "tile_x": 96.1276, "tile_y": 16.8072, "avg_d_kbps": 71338, "avg_u_kbps": 29212, "avg_lat_ms": 127, "avg_lat_down_ms": 2808, "avg_lat_up_ms": 497, "tests": 2, "devices": 1, "period_start": "2026-01-01", "period_end_exclusive": "2026-04-01", "service_type": "mobile", "source": "Ookla Open Data", "download_mbps": 71.338, "upload_mbps": 29.212, "centroid_in_project": true, "operator": null, "radio_generation": null, "serving_cell_id": null, "single_test_tile": false, "source_url": "https://ookla-open-data.s3.amazonaws.com/parquet/performance/type=mobile/year=2026/quarter=1/2026-01-01_performance_mobile_tiles.parquet"}}, {"type": "Feature", "id": "2026-01-01:1322012223033300", "geometry": {"type": "Polygon", "coordinates": [[[96.1358642578125, 16.82031618192045], [96.1358642578125, 16.825574258731486], [96.13037109375, 16.825574258731486], [96.13037109375, 16.82031618192045], [96.1358642578125, 16.82031618192045]]]}, "properties": {"quadkey": "1322012223033300", "tile_x": 96.13310000000001, "tile_y": 16.8229, "avg_d_kbps": 30391, "avg_u_kbps": 7015, "avg_lat_ms": 70, "avg_lat_down_ms": 583, "avg_lat_up_ms": 1632, "tests": 1, "devices": 1, "period_start": "2026-01-01", "period_end_exclusive": "2026-04-01", "service_type": "mobile", "source": "Ookla Open Data", "download_mbps": 30.391, "upload_mbps": 7.015, "centroid_in_project": true, "operator": null, "radio_generation": null, "serving_cell_id": null, "single_test_tile": true, "source_url": "https://ookla-open-data.s3.amazonaws.com/parquet/performance/type=mobile/year=2026/quarter=1/2026-01-01_performance_mobile_tiles.parquet"}}, {"type": "Feature", "id": "2026-01-01:1322012223033301", "geometry": {"type": "Polygon", "coordinates": [[[96.141357421875, 16.82031618192045], [96.141357421875, 16.825574258731486], [96.1358642578125, 16.825574258731486], [96.1358642578125, 16.82031618192045], [96.141357421875, 16.82031618192045]]]}, "properties": {"quadkey": "1322012223033301", "tile_x": 96.13860000000001, "tile_y": 16.8229, "avg_d_kbps": 2136, "avg_u_kbps": 362, "avg_lat_ms": 56, "avg_lat_down_ms": 1700, "avg_lat_up_ms": 2935, "tests": 1, "devices": 1, "period_start": "2026-01-01", "period_end_exclusive": "2026-04-01", "service_type": "mobile", "source": "Ookla Open Data", "download_mbps": 2.136, "upload_mbps": 0.362, "centroid_in_project": true, "operator": null, "radio_generation": null, "serving_cell_id": null, "single_test_tile": true, "source_url": "https://ookla-open-data.s3.amazonaws.com/parquet/performance/type=mobile/year=2026/quarter=1/2026-01-01_performance_mobile_tiles.parquet"}}, {"type": "Feature", "id": "2026-01-01:1322012223033302", "geometry": {"type": "Polygon", "coordinates": [[[96.1358642578125, 16.815057959231932], [96.1358642578125, 16.82031618192045], [96.13037109375, 16.82031618192045], [96.13037109375, 16.815057959231932], [96.1358642578125, 16.815057959231932]]]}, "properties": {"quadkey": "1322012223033302", "tile_x": 96.13310000000001, "tile_y": 16.8177, "avg_d_kbps": 4554, "avg_u_kbps": 1310, "avg_lat_ms": 236, "avg_lat_down_ms": 691, "avg_lat_up_ms": 1861, "tests": 2, "devices": 1, "period_start": "2026-01-01", "period_end_exclusive": "2026-04-01", "service_type": "mobile", "source": "Ookla Open Data", "download_mbps": 4.554, "upload_mbps": 1.31, "centroid_in_project": true, "operator": null, "radio_generation": null, "serving_cell_id": null, "single_test_tile": false, "source_url": "https://ookla-open-data.s3.amazonaws.com/parquet/performance/type=mobile/year=2026/quarter=1/2026-01-01_performance_mobile_tiles.parquet"}}, {"type": "Feature", "id": "2026-01-01:1322012223033311", "geometry": {"type": "Polygon", "coordinates": [[[96.15234375, 16.82031618192045], [96.15234375, 16.825574258731486], [96.1468505859375, 16.825574258731486], [96.1468505859375, 16.82031618192045], [96.15234375, 16.82031618192045]]]}, "properties": {"quadkey": "1322012223033311", "tile_x": 96.1496, "tile_y": 16.8229, "avg_d_kbps": 15700, "avg_u_kbps": 36828, "avg_lat_ms": 67, "avg_lat_down_ms": 109, "avg_lat_up_ms": 141, "tests": 2, "devices": 1, "period_start": "2026-01-01", "period_end_exclusive": "2026-04-01", "service_type": "mobile", "source": "Ookla Open Data", "download_mbps": 15.7, "upload_mbps": 36.828, "centroid_in_project": true, "operator": null, "radio_generation": null, "serving_cell_id": null, "single_test_tile": false, "source_url": "https://ookla-open-data.s3.amazonaws.com/parquet/performance/type=mobile/year=2026/quarter=1/2026-01-01_performance_mobile_tiles.parquet"}}, {"type": "Feature", "id": "2026-01-01:1322012223033312", "geometry": {"type": "Polygon", "coordinates": [[[96.1468505859375, 16.815057959231932], [96.1468505859375, 16.82031618192045], [96.141357421875, 16.82031618192045], [96.141357421875, 16.815057959231932], [96.1468505859375, 16.815057959231932]]]}, "properties": {"quadkey": "1322012223033312", "tile_x": 96.14410000000001, "tile_y": 16.8177, "avg_d_kbps": 7964, "avg_u_kbps": 19676, "avg_lat_ms": 51, "avg_lat_down_ms": 96, "avg_lat_up_ms": 675, "tests": 1, "devices": 1, "period_start": "2026-01-01", "period_end_exclusive": "2026-04-01", "service_type": "mobile", "source": "Ookla Open Data", "download_mbps": 7.964, "upload_mbps": 19.676, "centroid_in_project": true, "operator": null, "radio_generation": null, "serving_cell_id": null, "single_test_tile": true, "source_url": "https://ookla-open-data.s3.amazonaws.com/parquet/performance/type=mobile/year=2026/quarter=1/2026-01-01_performance_mobile_tiles.parquet"}}, {"type": "Feature", "id": "2026-01-01:1322012223033320", "geometry": {"type": "Polygon", "coordinates": [[[96.1358642578125, 16.809799590706184], [96.1358642578125, 16.815057959231932], [96.13037109375, 16.815057959231932], [96.13037109375, 16.809799590706184], [96.1358642578125, 16.809799590706184]]]}, "properties": {"quadkey": "1322012223033320", "tile_x": 96.13310000000001, "tile_y": 16.812400000000004, "avg_d_kbps": 35835, "avg_u_kbps": 23913, "avg_lat_ms": 145, "avg_lat_down_ms": 879, "avg_lat_up_ms": 424, "tests": 3, "devices": 3, "period_start": "2026-01-01", "period_end_exclusive": "2026-04-01", "service_type": "mobile", "source": "Ookla Open Data", "download_mbps": 35.835, "upload_mbps": 23.913, "centroid_in_project": true, "operator": null, "radio_generation": null, "serving_cell_id": null, "single_test_tile": false, "source_url": "https://ookla-open-data.s3.amazonaws.com/parquet/performance/type=mobile/year=2026/quarter=1/2026-01-01_performance_mobile_tiles.parquet"}}, {"type": "Feature", "id": "2026-01-01:1322012223033322", "geometry": {"type": "Polygon", "coordinates": [[[96.1358642578125, 16.80454107638345], [96.1358642578125, 16.809799590706184], [96.13037109375, 16.809799590706184], [96.13037109375, 16.80454107638345], [96.1358642578125, 16.80454107638345]]]}, "properties": {"quadkey": "1322012223033322", "tile_x": 96.13310000000001, "tile_y": 16.8072, "avg_d_kbps": 36060, "avg_u_kbps": 23802, "avg_lat_ms": 140, "avg_lat_down_ms": 860, "avg_lat_up_ms": 1270, "tests": 16, "devices": 5, "period_start": "2026-01-01", "period_end_exclusive": "2026-04-01", "service_type": "mobile", "source": "Ookla Open Data", "download_mbps": 36.06, "upload_mbps": 23.802, "centroid_in_project": true, "operator": null, "radio_generation": null, "serving_cell_id": null, "single_test_tile": false, "source_url": "https://ookla-open-data.s3.amazonaws.com/parquet/performance/type=mobile/year=2026/quarter=1/2026-01-01_performance_mobile_tiles.parquet"}}, {"type": "Feature", "id": "2026-01-01:1322012223033323", "geometry": {"type": "Polygon", "coordinates": [[[96.141357421875, 16.80454107638345], [96.141357421875, 16.809799590706184], [96.1358642578125, 16.809799590706184], [96.1358642578125, 16.80454107638345], [96.141357421875, 16.80454107638345]]]}, "properties": {"quadkey": "1322012223033323", "tile_x": 96.13860000000001, "tile_y": 16.8072, "avg_d_kbps": 38971, "avg_u_kbps": 20743, "avg_lat_ms": 100, "avg_lat_down_ms": 1015, "avg_lat_up_ms": 573, "tests": 11, "devices": 4, "period_start": "2026-01-01", "period_end_exclusive": "2026-04-01", "service_type": "mobile", "source": "Ookla Open Data", "download_mbps": 38.971, "upload_mbps": 20.743, "centroid_in_project": true, "operator": null, "radio_generation": null, "serving_cell_id": null, "single_test_tile": false, "source_url": "https://ookla-open-data.s3.amazonaws.com/parquet/performance/type=mobile/year=2026/quarter=1/2026-01-01_performance_mobile_tiles.parquet"}}, {"type": "Feature", "id": "2026-01-01:1322012223033331", "geometry": {"type": "Polygon", "coordinates": [[[96.15234375, 16.809799590706184], [96.15234375, 16.815057959231932], [96.1468505859375, 16.815057959231932], [96.1468505859375, 16.809799590706184], [96.15234375, 16.809799590706184]]]}, "properties": {"quadkey": "1322012223033331", "tile_x": 96.1496, "tile_y": 16.812400000000004, "avg_d_kbps": 59621, "avg_u_kbps": 7581, "avg_lat_ms": 87, "avg_lat_down_ms": 593, "avg_lat_up_ms": 938, "tests": 1, "devices": 1, "period_start": "2026-01-01", "period_end_exclusive": "2026-04-01", "service_type": "mobile", "source": "Ookla Open Data", "download_mbps": 59.621, "upload_mbps": 7.581, "centroid_in_project": true, "operator": null, "radio_generation": null, "serving_cell_id": null, "single_test_tile": true, "source_url": "https://ookla-open-data.s3.amazonaws.com/parquet/performance/type=mobile/year=2026/quarter=1/2026-01-01_performance_mobile_tiles.parquet"}}, {"type": "Feature", "id": "2026-01-01:1322012223100223", "geometry": {"type": "Polygon", "coordinates": [[[96.163330078125, 16.93070509876553], [96.163330078125, 16.93596010286472], [96.1578369140625, 16.93596010286472], [96.1578369140625, 16.93070509876553], [96.163330078125, 16.93070509876553]]]}, "properties": {"quadkey": "1322012223100223", "tile_x": 96.16060000000002, "tile_y": 16.9333, "avg_d_kbps": 11270, "avg_u_kbps": 18147, "avg_lat_ms": 49, "avg_lat_down_ms": 3709, "avg_lat_up_ms": 522, "tests": 3, "devices": 2, "period_start": "2026-01-01", "period_end_exclusive": "2026-04-01", "service_type": "mobile", "source": "Ookla Open Data", "download_mbps": 11.27, "upload_mbps": 18.147, "centroid_in_project": true, "operator": null, "radio_generation": null, "serving_cell_id": null, "single_test_tile": false, "source_url": "https://ookla-open-data.s3.amazonaws.com/parquet/performance/type=mobile/year=2026/quarter=1/2026-01-01_performance_mobile_tiles.parquet"}}, {"type": "Feature", "id": "2026-01-01:1322012223100320", "geometry": {"type": "Polygon", "coordinates": [[[96.1798095703125, 16.93596010286472], [96.1798095703125, 16.941214960202657], [96.17431640625, 16.941214960202657], [96.17431640625, 16.93596010286472], [96.1798095703125, 16.93596010286472]]]}, "properties": {"quadkey": "1322012223100320", "tile_x": 96.17710000000001, "tile_y": 16.9386, "avg_d_kbps": 21983, "avg_u_kbps": 3688, "avg_lat_ms": 211, "avg_lat_down_ms": 2004, "avg_lat_up_ms": 1804, "tests": 4, "devices": 1, "period_start": "2026-01-01", "period_end_exclusive": "2026-04-01", "service_type": "mobile", "source": "Ookla Open Data", "download_mbps": 21.983, "upload_mbps": 3.688, "centroid_in_project": true, "operator": null, "radio_generation": null, "serving_cell_id": null, "single_test_tile": false, "source_url": "https://ookla-open-data.s3.amazonaws.com/parquet/performance/type=mobile/year=2026/quarter=1/2026-01-01_performance_mobile_tiles.parquet"}}, {"type": "Feature", "id": "2026-01-01:1322012223100321", "geometry": {"type": "Polygon", "coordinates": [[[96.185302734375, 16.93596010286472], [96.185302734375, 16.941214960202657], [96.1798095703125, 16.941214960202657], [96.1798095703125, 16.93596010286472], [96.185302734375, 16.93596010286472]]]}, "properties": {"quadkey": "1322012223100321", "tile_x": 96.18260000000001, "tile_y": 16.9386, "avg_d_kbps": 20132, "avg_u_kbps": 50451, "avg_lat_ms": 114, "avg_lat_down_ms": 1846, "avg_lat_up_ms": 235, "tests": 1, "devices": 1, "period_start": "2026-01-01", "period_end_exclusive": "2026-04-01", "service_type": "mobile", "source": "Ookla Open Data", "download_mbps": 20.132, "upload_mbps": 50.451, "centroid_in_project": true, "operator": null, "radio_generation": null, "serving_cell_id": null, "single_test_tile": true, "source_url": "https://ookla-open-data.s3.amazonaws.com/parquet/performance/type=mobile/year=2026/quarter=1/2026-01-01_performance_mobile_tiles.parquet"}}, {"type": "Feature", "id": "2026-01-01:1322012223100330", "geometry": {"type": "Polygon", "coordinates": [[[96.1907958984375, 16.93596010286472], [96.1907958984375, 16.941214960202657], [96.185302734375, 16.941214960202657], [96.185302734375, 16.93596010286472], [96.1907958984375, 16.93596010286472]]]}, "properties": {"quadkey": "1322012223100330", "tile_x": 96.18799999999999, "tile_y": 16.9386, "avg_d_kbps": 72025, "avg_u_kbps": 42674, "avg_lat_ms": 70, "avg_lat_down_ms": 687, "avg_lat_up_ms": 269, "tests": 6, "devices": 1, "period_start": "2026-01-01", "period_end_exclusive": "2026-04-01", "service_type": "mobile", "source": "Ookla Open Data", "download_mbps": 72.025, "upload_mbps": 42.674, "centroid_in_project": true, "operator": null, "radio_generation": null, "serving_cell_id": null, "single_test_tile": false, "source_url": "https://ookla-open-data.s3.amazonaws.com/parquet/performance/type=mobile/year=2026/quarter=1/2026-01-01_performance_mobile_tiles.parquet"}}, {"type": "Feature", "id": "2026-01-01:1322012223101203", "geometry": {"type": "Polygon", "coordinates": [[[96.207275390625, 16.941214960202657], [96.207275390625, 16.94646967073926], [96.2017822265625, 16.94646967073926], [96.2017822265625, 16.941214960202657], [96.207275390625, 16.941214960202657]]]}, "properties": {"quadkey": "1322012223101203", "tile_x": 96.20450000000001, "tile_y": 16.9438, "avg_d_kbps": 29936, "avg_u_kbps": 17034, "avg_lat_ms": 219, "avg_lat_down_ms": 418, "avg_lat_up_ms": 587, "tests": 2, "devices": 1, "period_start": "2026-01-01", "period_end_exclusive": "2026-04-01", "service_type": "mobile", "source": "Ookla Open Data", "download_mbps": 29.936, "upload_mbps": 17.034, "centroid_in_project": true, "operator": null, "radio_generation": null, "serving_cell_id": null, "single_test_tile": false, "source_url": "https://ookla-open-data.s3.amazonaws.com/parquet/performance/type=mobile/year=2026/quarter=1/2026-01-01_performance_mobile_tiles.parquet"}}, {"type": "Feature", "id": "2026-01-01:1322012223101212", "geometry": {"type": "Polygon", "coordinates": [[[96.2127685546875, 16.941214960202657], [96.2127685546875, 16.94646967073926], [96.207275390625, 16.94646967073926], [96.207275390625, 16.941214960202657], [96.2127685546875, 16.941214960202657]]]}, "properties": {"quadkey": "1322012223101212", "tile_x": 96.21000000000001, "tile_y": 16.9438, "avg_d_kbps": 9170, "avg_u_kbps": 15423, "avg_lat_ms": 147, "avg_lat_down_ms": 1639, "avg_lat_up_ms": 1121, "tests": 17, "devices": 2, "period_start": "2026-01-01", "period_end_exclusive": "2026-04-01", "service_type": "mobile", "source": "Ookla Open Data", "download_mbps": 9.17, "upload_mbps": 15.423, "centroid_in_project": true, "operator": null, "radio_generation": null, "serving_cell_id": null, "single_test_tile": false, "source_url": "https://ookla-open-data.s3.amazonaws.com/parquet/performance/type=mobile/year=2026/quarter=1/2026-01-01_performance_mobile_tiles.parquet"}}, {"type": "Feature", "id": "2026-01-01:1322012223101321", "geometry": {"type": "Polygon", "coordinates": [[[96.229248046875, 16.93596010286472], [96.229248046875, 16.941214960202657], [96.2237548828125, 16.941214960202657], [96.2237548828125, 16.93596010286472], [96.229248046875, 16.93596010286472]]]}, "properties": {"quadkey": "1322012223101321", "tile_x": 96.2265, "tile_y": 16.9386, "avg_d_kbps": 3977, "avg_u_kbps": 2816, "avg_lat_ms": 216, "avg_lat_down_ms": 2885, "avg_lat_up_ms": 1042, "tests": 2, "devices": 1, "period_start": "2026-01-01", "period_end_exclusive": "2026-04-01", "service_type": "mobile", "source": "Ookla Open Data", "download_mbps": 3.977, "upload_mbps": 2.816, "centroid_in_project": true, "operator": null, "radio_generation": null, "serving_cell_id": null, "single_test_tile": false, "source_url": "https://ookla-open-data.s3.amazonaws.com/parquet/performance/type=mobile/year=2026/quarter=1/2026-01-01_performance_mobile_tiles.parquet"}}, {"type": "Feature", "id": "2026-01-01:1322012223102002", "geometry": {"type": "Polygon", "coordinates": [[[96.1578369140625, 16.92019465044388], [96.1578369140625, 16.925449947945214], [96.15234375, 16.925449947945214], [96.15234375, 16.92019465044388], [96.1578369140625, 16.92019465044388]]]}, "properties": {"quadkey": "1322012223102002", "tile_x": 96.1551, "tile_y": 16.922800000000002, "avg_d_kbps": 48195, "avg_u_kbps": 21435, "avg_lat_ms": 71, "avg_lat_down_ms": 596, "avg_lat_up_ms": 602, "tests": 1, "devices": 1, "period_start": "2026-01-01", "period_end_exclusive": "2026-04-01", "service_type": "mobile", "source": "Ookla Open Data", "download_mbps": 48.195, "upload_mbps": 21.435, "centroid_in_project": true, "operator": null, "radio_generation": null, "serving_cell_id": null, "single_test_tile": true, "source_url": "https://ookla-open-data.s3.amazonaws.com/parquet/performance/type=mobile/year=2026/quarter=1/2026-01-01_performance_mobile_tiles.parquet"}}, {"type": "Feature", "id": "2026-01-01:1322012223102023", "geometry": {"type": "Polygon", "coordinates": [[[96.163330078125, 16.909683615558638], [96.163330078125, 16.914939206301643], [96.1578369140625, 16.914939206301643], [96.1578369140625, 16.909683615558638], [96.163330078125, 16.909683615558638]]]}, "properties": {"quadkey": "1322012223102023", "tile_x": 96.16060000000002, "tile_y": 16.9123, "avg_d_kbps": 28947, "avg_u_kbps": 13262, "avg_lat_ms": 137, "avg_lat_down_ms": 851, "avg_lat_up_ms": 283, "tests": 2, "devices": 1, "period_start": "2026-01-01", "period_end_exclusive": "2026-04-01", "service_type": "mobile", "source": "Ookla Open Data", "download_mbps": 28.947, "upload_mbps": 13.262, "centroid_in_project": true, "operator": null, "radio_generation": null, "serving_cell_id": null, "single_test_tile": false, "source_url": "https://ookla-open-data.s3.amazonaws.com/parquet/performance/type=mobile/year=2026/quarter=1/2026-01-01_performance_mobile_tiles.parquet"}}, {"type": "Feature", "id": "2026-01-01:1322012223102133", "geometry": {"type": "Polygon", "coordinates": [[[96.1962890625, 16.909683615558638], [96.1962890625, 16.914939206301643], [96.1907958984375, 16.914939206301643], [96.1907958984375, 16.909683615558638], [96.1962890625, 16.909683615558638]]]}, "properties": {"quadkey": "1322012223102133", "tile_x": 96.1935, "tile_y": 16.9123, "avg_d_kbps": 18790, "avg_u_kbps": 12402, "avg_lat_ms": 122, "avg_lat_down_ms": 558, "avg_lat_up_ms": 326, "tests": 2, "devices": 1, "period_start": "2026-01-01", "period_end_exclusive": "2026-04-01", "service_type": "mobile", "source": "Ookla Open Data", "download_mbps": 18.79, "upload_mbps": 12.402, "centroid_in_project": true, "operator": null, "radio_generation": null, "serving_cell_id": null, "single_test_tile": false, "source_url": "https://ookla-open-data.s3.amazonaws.com/parquet/performance/type=mobile/year=2026/quarter=1/2026-01-01_performance_mobile_tiles.parquet"}}, {"type": "Feature", "id": "2026-01-01:1322012223102230", "geometry": {"type": "Polygon", "coordinates": [[[96.1688232421875, 16.89391596412632], [96.1688232421875, 16.899171994430837], [96.163330078125, 16.899171994430837], [96.163330078125, 16.89391596412632], [96.1688232421875, 16.89391596412632]]]}, "properties": {"quadkey": "1322012223102230", "tile_x": 96.1661, "tile_y": 16.8965, "avg_d_kbps": 21904, "avg_u_kbps": 21497, "avg_lat_ms": 54, "avg_lat_down_ms": 367, "avg_lat_up_ms": 893, "tests": 1, "devices": 1, "period_start": "2026-01-01", "period_end_exclusive": "2026-04-01", "service_type": "mobile", "source": "Ookla Open Data", "download_mbps": 21.904, "upload_mbps": 21.497, "centroid_in_project": true, "operator": null, "radio_generation": null, "serving_cell_id": null, "single_test_tile": true, "source_url": "https://ookla-open-data.s3.amazonaws.com/parquet/performance/type=mobile/year=2026/quarter=1/2026-01-01_performance_mobile_tiles.parquet"}}, {"type": "Feature", "id": "2026-01-01:1322012223102313", "geometry": {"type": "Polygon", "coordinates": [[[96.1962890625, 16.899171994430837], [96.1962890625, 16.90442787825499], [96.1907958984375, 16.90442787825499], [96.1907958984375, 16.899171994430837], [96.1962890625, 16.899171994430837]]]}, "properties": {"quadkey": "1322012223102313", "tile_x": 96.1935, "tile_y": 16.901799999999998, "avg_d_kbps": 34037, "avg_u_kbps": 3814, "avg_lat_ms": 97, "avg_lat_down_ms": 457, "avg_lat_up_ms": 2019, "tests": 1, "devices": 1, "period_start": "2026-01-01", "period_end_exclusive": "2026-04-01", "service_type": "mobile", "source": "Ookla Open Data", "download_mbps": 34.037, "upload_mbps": 3.814, "centroid_in_project": true, "operator": null, "radio_generation": null, "serving_cell_id": null, "single_test_tile": true, "source_url": "https://ookla-open-data.s3.amazonaws.com/parquet/performance/type=mobile/year=2026/quarter=1/2026-01-01_performance_mobile_tiles.parquet"}}, {"type": "Feature", "id": "2026-01-01:1322012223102332", "geometry": {"type": "Polygon", "coordinates": [[[96.1907958984375, 16.888659787381606], [96.1907958984375, 16.89391596412632], [96.185302734375, 16.89391596412632], [96.185302734375, 16.888659787381606], [96.1907958984375, 16.888659787381606]]]}, "properties": {"quadkey": "1322012223102332", "tile_x": 96.18799999999999, "tile_y": 16.891299999999998, "avg_d_kbps": 17843, "avg_u_kbps": 10901, "avg_lat_ms": 96, "avg_lat_down_ms": 993, "avg_lat_up_ms": 3678, "tests": 1, "devices": 1, "period_start": "2026-01-01", "period_end_exclusive": "2026-04-01", "service_type": "mobile", "source": "Ookla Open Data", "download_mbps": 17.843, "upload_mbps": 10.901, "centroid_in_project": true, "operator": null, "radio_generation": null, "serving_cell_id": null, "single_test_tile": true, "source_url": "https://ookla-open-data.s3.amazonaws.com/parquet/performance/type=mobile/year=2026/quarter=1/2026-01-01_performance_mobile_tiles.parquet"}}, {"type": "Feature", "id": "2026-01-01:1322012223103232", "geometry": {"type": "Polygon", "coordinates": [[[96.2127685546875, 16.888659787381606], [96.2127685546875, 16.89391596412632], [96.207275390625, 16.89391596412632], [96.207275390625, 16.888659787381606], [96.2127685546875, 16.888659787381606]]]}, "properties": {"quadkey": "1322012223103232", "tile_x": 96.21000000000001, "tile_y": 16.891299999999998, "avg_d_kbps": 21154, "avg_u_kbps": 349, "avg_lat_ms": 225, "avg_lat_down_ms": 1437, "avg_lat_up_ms": 585, "tests": 2, "devices": 1, "period_start": "2026-01-01", "period_end_exclusive": "2026-04-01", "service_type": "mobile", "source": "Ookla Open Data", "download_mbps": 21.154, "upload_mbps": 0.349, "centroid_in_project": true, "operator": null, "radio_generation": null, "serving_cell_id": null, "single_test_tile": false, "source_url": "https://ookla-open-data.s3.amazonaws.com/parquet/performance/type=mobile/year=2026/quarter=1/2026-01-01_performance_mobile_tiles.parquet"}}, {"type": "Feature", "id": "2026-01-01:1322012223103233", "geometry": {"type": "Polygon", "coordinates": [[[96.21826171875, 16.888659787381606], [96.21826171875, 16.89391596412632], [96.2127685546875, 16.89391596412632], [96.2127685546875, 16.888659787381606], [96.21826171875, 16.888659787381606]]]}, "properties": {"quadkey": "1322012223103233", "tile_x": 96.21549999999999, "tile_y": 16.891299999999998, "avg_d_kbps": 1018, "avg_u_kbps": 217, "avg_lat_ms": 56, "avg_lat_down_ms": 72, "avg_lat_up_ms": 289, "tests": 1, "devices": 1, "period_start": "2026-01-01", "period_end_exclusive": "2026-04-01", "service_type": "mobile", "source": "Ookla Open Data", "download_mbps": 1.018, "upload_mbps": 0.217, "centroid_in_project": true, "operator": null, "radio_generation": null, "serving_cell_id": null, "single_test_tile": true, "source_url": "https://ookla-open-data.s3.amazonaws.com/parquet/performance/type=mobile/year=2026/quarter=1/2026-01-01_performance_mobile_tiles.parquet"}}, {"type": "Feature", "id": "2026-01-01:1322012223110331", "geometry": {"type": "Polygon", "coordinates": [[[96.2841796875, 16.93596010286472], [96.2841796875, 16.941214960202657], [96.2786865234375, 16.941214960202657], [96.2786865234375, 16.93596010286472], [96.2841796875, 16.93596010286472]]]}, "properties": {"quadkey": "1322012223110331", "tile_x": 96.28139999999999, "tile_y": 16.9386, "avg_d_kbps": 3009, "avg_u_kbps": 24116, "avg_lat_ms": 240, "avg_lat_down_ms": 1128, "avg_lat_up_ms": 770, "tests": 1, "devices": 1, "period_start": "2026-01-01", "period_end_exclusive": "2026-04-01", "service_type": "mobile", "source": "Ookla Open Data", "download_mbps": 3.009, "upload_mbps": 24.116, "centroid_in_project": true, "operator": null, "radio_generation": null, "serving_cell_id": null, "single_test_tile": true, "source_url": "https://ookla-open-data.s3.amazonaws.com/parquet/performance/type=mobile/year=2026/quarter=1/2026-01-01_performance_mobile_tiles.parquet"}}, {"type": "Feature", "id": "2026-01-01:1322012223111312", "geometry": {"type": "Polygon", "coordinates": [[[96.3226318359375, 16.941214960202657], [96.3226318359375, 16.94646967073926], [96.317138671875, 16.94646967073926], [96.317138671875, 16.941214960202657], [96.3226318359375, 16.941214960202657]]]}, "properties": {"quadkey": "1322012223111312", "tile_x": 96.31989999999999, "tile_y": 16.9438, "avg_d_kbps": 11148, "avg_u_kbps": 4032, "avg_lat_ms": 25, "avg_lat_down_ms": 2341, "avg_lat_up_ms": 1963, "tests": 2, "devices": 1, "period_start": "2026-01-01", "period_end_exclusive": "2026-04-01", "service_type": "mobile", "source": "Ookla Open Data", "download_mbps": 11.148, "upload_mbps": 4.032, "centroid_in_project": true, "operator": null, "radio_generation": null, "serving_cell_id": null, "single_test_tile": false, "source_url": "https://ookla-open-data.s3.amazonaws.com/parquet/performance/type=mobile/year=2026/quarter=1/2026-01-01_performance_mobile_tiles.parquet"}}, {"type": "Feature", "id": "2026-01-01:1322012223112222", "geometry": {"type": "Polygon", "coordinates": [[[96.2457275390625, 16.888659787381606], [96.2457275390625, 16.89391596412632], [96.240234375, 16.89391596412632], [96.240234375, 16.888659787381606], [96.2457275390625, 16.888659787381606]]]}, "properties": {"quadkey": "1322012223112222", "tile_x": 96.243, "tile_y": 16.891299999999998, "avg_d_kbps": 45512, "avg_u_kbps": 29092, "avg_lat_ms": 63, "avg_lat_down_ms": 370, "avg_lat_up_ms": 261, "tests": 1, "devices": 1, "period_start": "2026-01-01", "period_end_exclusive": "2026-04-01", "service_type": "mobile", "source": "Ookla Open Data", "download_mbps": 45.512, "upload_mbps": 29.092, "centroid_in_project": true, "operator": null, "radio_generation": null, "serving_cell_id": null, "single_test_tile": true, "source_url": "https://ookla-open-data.s3.amazonaws.com/parquet/performance/type=mobile/year=2026/quarter=1/2026-01-01_performance_mobile_tiles.parquet"}}, {"type": "Feature", "id": "2026-01-01:1322012223120000", "geometry": {"type": "Polygon", "coordinates": [[[96.1578369140625, 16.88340346423683], [96.1578369140625, 16.888659787381606], [96.15234375, 16.888659787381606], [96.15234375, 16.88340346423683], [96.1578369140625, 16.88340346423683]]]}, "properties": {"quadkey": "1322012223120000", "tile_x": 96.1551, "tile_y": 16.886, "avg_d_kbps": 4891, "avg_u_kbps": 1069, "avg_lat_ms": 252, "avg_lat_down_ms": 1567, "avg_lat_up_ms": 5479, "tests": 1, "devices": 1, "period_start": "2026-01-01", "period_end_exclusive": "2026-04-01", "service_type": "mobile", "source": "Ookla Open Data", "download_mbps": 4.891, "upload_mbps": 1.069, "centroid_in_project": true, "operator": null, "radio_generation": null, "serving_cell_id": null, "single_test_tile": true, "source_url": "https://ookla-open-data.s3.amazonaws.com/parquet/performance/type=mobile/year=2026/quarter=1/2026-01-01_performance_mobile_tiles.parquet"}}, {"type": "Feature", "id": "2026-01-01:1322012223120020", "geometry": {"type": "Polygon", "coordinates": [[[96.1578369140625, 16.87289037890778], [96.1578369140625, 16.878146994732166], [96.15234375, 16.878146994732166], [96.15234375, 16.87289037890778], [96.1578369140625, 16.87289037890778]]]}, "properties": {"quadkey": "1322012223120020", "tile_x": 96.1551, "tile_y": 16.8755, "avg_d_kbps": 64885, "avg_u_kbps": 43702, "avg_lat_ms": 236, "avg_lat_down_ms": 473, "avg_lat_up_ms": null, "tests": 1, "devices": 1, "period_start": "2026-01-01", "period_end_exclusive": "2026-04-01", "service_type": "mobile", "source": "Ookla Open Data", "download_mbps": 64.885, "upload_mbps": 43.702, "centroid_in_project": true, "operator": null, "radio_generation": null, "serving_cell_id": null, "single_test_tile": true, "source_url": "https://ookla-open-data.s3.amazonaws.com/parquet/performance/type=mobile/year=2026/quarter=1/2026-01-01_performance_mobile_tiles.parquet"}}, {"type": "Feature", "id": "2026-01-01:1322012223120021", "geometry": {"type": "Polygon", "coordinates": [[[96.163330078125, 16.87289037890778], [96.163330078125, 16.878146994732166], [96.1578369140625, 16.878146994732166], [96.1578369140625, 16.87289037890778], [96.163330078125, 16.87289037890778]]]}, "properties": {"quadkey": "1322012223120021", "tile_x": 96.16060000000002, "tile_y": 16.8755, "avg_d_kbps": 48325, "avg_u_kbps": 27632, "avg_lat_ms": 104, "avg_lat_down_ms": 1057, "avg_lat_up_ms": 443, "tests": 6, "devices": 2, "period_start": "2026-01-01", "period_end_exclusive": "2026-04-01", "service_type": "mobile", "source": "Ookla Open Data", "download_mbps": 48.325, "upload_mbps": 27.632, "centroid_in_project": true, "operator": null, "radio_generation": null, "serving_cell_id": null, "single_test_tile": false, "source_url": "https://ookla-open-data.s3.amazonaws.com/parquet/performance/type=mobile/year=2026/quarter=1/2026-01-01_performance_mobile_tiles.parquet"}}, {"type": "Feature", "id": "2026-01-01:1322012223120022", "geometry": {"type": "Polygon", "coordinates": [[[96.1578369140625, 16.867633616803843], [96.1578369140625, 16.87289037890778], [96.15234375, 16.87289037890778], [96.15234375, 16.867633616803843], [96.1578369140625, 16.867633616803843]]]}, "properties": {"quadkey": "1322012223120022", "tile_x": 96.1551, "tile_y": 16.8703, "avg_d_kbps": 606, "avg_u_kbps": 1748, "avg_lat_ms": 117, "avg_lat_down_ms": 1733, "avg_lat_up_ms": 943, "tests": 2, "devices": 2, "period_start": "2026-01-01", "period_end_exclusive": "2026-04-01", "service_type": "mobile", "source": "Ookla Open Data", "download_mbps": 0.606, "upload_mbps": 1.748, "centroid_in_project": true, "operator": null, "radio_generation": null, "serving_cell_id": null, "single_test_tile": false, "source_url": "https://ookla-open-data.s3.amazonaws.com/parquet/performance/type=mobile/year=2026/quarter=1/2026-01-01_performance_mobile_tiles.parquet"}}, {"type": "Feature", "id": "2026-01-01:1322012223120023", "geometry": {"type": "Polygon", "coordinates": [[[96.163330078125, 16.867633616803843], [96.163330078125, 16.87289037890778], [96.1578369140625, 16.87289037890778], [96.1578369140625, 16.867633616803843], [96.163330078125, 16.867633616803843]]]}, "properties": {"quadkey": "1322012223120023", "tile_x": 96.16060000000002, "tile_y": 16.8703, "avg_d_kbps": 19215, "avg_u_kbps": 22298, "avg_lat_ms": 127, "avg_lat_down_ms": 2306, "avg_lat_up_ms": 1315, "tests": 1, "devices": 1, "period_start": "2026-01-01", "period_end_exclusive": "2026-04-01", "service_type": "mobile", "source": "Ookla Open Data", "download_mbps": 19.215, "upload_mbps": 22.298, "centroid_in_project": true, "operator": null, "radio_generation": null, "serving_cell_id": null, "single_test_tile": true, "source_url": "https://ookla-open-data.s3.amazonaws.com/parquet/performance/type=mobile/year=2026/quarter=1/2026-01-01_performance_mobile_tiles.parquet"}}, {"type": "Feature", "id": "2026-01-01:1322012223120031", "geometry": {"type": "Polygon", "coordinates": [[[96.17431640625, 16.87289037890778], [96.17431640625, 16.878146994732166], [96.1688232421875, 16.878146994732166], [96.1688232421875, 16.87289037890778], [96.17431640625, 16.87289037890778]]]}, "properties": {"quadkey": "1322012223120031", "tile_x": 96.1716, "tile_y": 16.8755, "avg_d_kbps": 41868, "avg_u_kbps": 12082, "avg_lat_ms": 314, "avg_lat_down_ms": 1195, "avg_lat_up_ms": 1809, "tests": 1, "devices": 1, "period_start": "2026-01-01", "period_end_exclusive": "2026-04-01", "service_type": "mobile", "source": "Ookla Open Data", "download_mbps": 41.868, "upload_mbps": 12.082, "centroid_in_project": true, "operator": null, "radio_generation": null, "serving_cell_id": null, "single_test_tile": true, "source_url": "https://ookla-open-data.s3.amazonaws.com/parquet/performance/type=mobile/year=2026/quarter=1/2026-01-01_performance_mobile_tiles.parquet"}}, {"type": "Feature", "id": "2026-01-01:1322012223120101", "geometry": {"type": "Polygon", "coordinates": [[[96.185302734375, 16.88340346423683], [96.185302734375, 16.888659787381606], [96.1798095703125, 16.888659787381606], [96.1798095703125, 16.88340346423683], [96.185302734375, 16.88340346423683]]]}, "properties": {"quadkey": "1322012223120101", "tile_x": 96.18260000000001, "tile_y": 16.886, "avg_d_kbps": 26255, "avg_u_kbps": 12216, "avg_lat_ms": 261, "avg_lat_down_ms": 1701, "avg_lat_up_ms": 468, "tests": 1, "devices": 1, "period_start": "2026-01-01", "period_end_exclusive": "2026-04-01", "service_type": "mobile", "source": "Ookla Open Data", "download_mbps": 26.255, "upload_mbps": 12.216, "centroid_in_project": true, "operator": null, "radio_generation": null, "serving_cell_id": null, "single_test_tile": true, "source_url": "https://ookla-open-data.s3.amazonaws.com/parquet/performance/type=mobile/year=2026/quarter=1/2026-01-01_performance_mobile_tiles.parquet"}}, {"type": "Feature", "id": "2026-01-01:1322012223120111", "geometry": {"type": "Polygon", "coordinates": [[[96.1962890625, 16.88340346423683], [96.1962890625, 16.888659787381606], [96.1907958984375, 16.888659787381606], [96.1907958984375, 16.88340346423683], [96.1962890625, 16.88340346423683]]]}, "properties": {"quadkey": "1322012223120111", "tile_x": 96.1935, "tile_y": 16.886, "avg_d_kbps": 83382, "avg_u_kbps": 26636, "avg_lat_ms": 30, "avg_lat_down_ms": 411, "avg_lat_up_ms": 87, "tests": 1, "devices": 1, "period_start": "2026-01-01", "period_end_exclusive": "2026-04-01", "service_type": "mobile", "source": "Ookla Open Data", "download_mbps": 83.382, "upload_mbps": 26.636, "centroid_in_project": true, "operator": null, "radio_generation": null, "serving_cell_id": null, "single_test_tile": true, "source_url": "https://ookla-open-data.s3.amazonaws.com/parquet/performance/type=mobile/year=2026/quarter=1/2026-01-01_performance_mobile_tiles.parquet"}}, {"type": "Feature", "id": "2026-01-01:1322012223120113", "geometry": {"type": "Polygon", "coordinates": [[[96.1962890625, 16.878146994732166], [96.1962890625, 16.88340346423683], [96.1907958984375, 16.88340346423683], [96.1907958984375, 16.878146994732166], [96.1962890625, 16.878146994732166]]]}, "properties": {"quadkey": "1322012223120113", "tile_x": 96.1935, "tile_y": 16.8808, "avg_d_kbps": 64850, "avg_u_kbps": 46259, "avg_lat_ms": 104, "avg_lat_down_ms": 1042, "avg_lat_up_ms": 1475, "tests": 1, "devices": 1, "period_start": "2026-01-01", "period_end_exclusive": "2026-04-01", "service_type": "mobile", "source": "Ookla Open Data", "download_mbps": 64.85, "upload_mbps": 46.259, "centroid_in_project": true, "operator": null, "radio_generation": null, "serving_cell_id": null, "single_test_tile": true, "source_url": "https://ookla-open-data.s3.amazonaws.com/parquet/performance/type=mobile/year=2026/quarter=1/2026-01-01_performance_mobile_tiles.parquet"}}, {"type": "Feature", "id": "2026-01-01:1322012223120132", "geometry": {"type": "Polygon", "coordinates": [[[96.1907958984375, 16.867633616803843], [96.1907958984375, 16.87289037890778], [96.185302734375, 16.87289037890778], [96.185302734375, 16.867633616803843], [96.1907958984375, 16.867633616803843]]]}, "properties": {"quadkey": "1322012223120132", "tile_x": 96.18799999999999, "tile_y": 16.8703, "avg_d_kbps": 41459, "avg_u_kbps": 17162, "avg_lat_ms": 66, "avg_lat_down_ms": 1478, "avg_lat_up_ms": 1879, "tests": 3, "devices": 3, "period_start": "2026-01-01", "period_end_exclusive": "2026-04-01", "service_type": "mobile", "source": "Ookla Open Data", "download_mbps": 41.459, "upload_mbps": 17.162, "centroid_in_project": true, "operator": null, "radio_generation": null, "serving_cell_id": null, "single_test_tile": false, "source_url": "https://ookla-open-data.s3.amazonaws.com/parquet/performance/type=mobile/year=2026/quarter=1/2026-01-01_performance_mobile_tiles.parquet"}}, {"type": "Feature", "id": "2026-01-01:1322012223120133", "geometry": {"type": "Polygon", "coordinates": [[[96.1962890625, 16.867633616803843], [96.1962890625, 16.87289037890778], [96.1907958984375, 16.87289037890778], [96.1907958984375, 16.867633616803843], [96.1962890625, 16.867633616803843]]]}, "properties": {"quadkey": "1322012223120133", "tile_x": 96.1935, "tile_y": 16.8703, "avg_d_kbps": 80075, "avg_u_kbps": 12429, "avg_lat_ms": 76, "avg_lat_down_ms": 469, "avg_lat_up_ms": 878, "tests": 1, "devices": 1, "period_start": "2026-01-01", "period_end_exclusive": "2026-04-01", "service_type": "mobile", "source": "Ookla Open Data", "download_mbps": 80.075, "upload_mbps": 12.429, "centroid_in_project": true, "operator": null, "radio_generation": null, "serving_cell_id": null, "single_test_tile": true, "source_url": "https://ookla-open-data.s3.amazonaws.com/parquet/performance/type=mobile/year=2026/quarter=1/2026-01-01_performance_mobile_tiles.parquet"}}, {"type": "Feature", "id": "2026-01-01:1322012223120200", "geometry": {"type": "Polygon", "coordinates": [[[96.1578369140625, 16.862376708460538], [96.1578369140625, 16.867633616803843], [96.15234375, 16.867633616803843], [96.15234375, 16.862376708460538], [96.1578369140625, 16.862376708460538]]]}, "properties": {"quadkey": "1322012223120200", "tile_x": 96.1551, "tile_y": 16.865000000000002, "avg_d_kbps": 45245, "avg_u_kbps": 38094, "avg_lat_ms": 102, "avg_lat_down_ms": 732, "avg_lat_up_ms": 268, "tests": 4, "devices": 2, "period_start": "2026-01-01", "period_end_exclusive": "2026-04-01", "service_type": "mobile", "source": "Ookla Open Data", "download_mbps": 45.245, "upload_mbps": 38.094, "centroid_in_project": true, "operator": null, "radio_generation": null, "serving_cell_id": null, "single_test_tile": false, "source_url": "https://ookla-open-data.s3.amazonaws.com/parquet/performance/type=mobile/year=2026/quarter=1/2026-01-01_performance_mobile_tiles.parquet"}}, {"type": "Feature", "id": "2026-01-01:1322012223120202", "geometry": {"type": "Polygon", "coordinates": [[[96.1578369140625, 16.857119653918048], [96.1578369140625, 16.862376708460538], [96.15234375, 16.862376708460538], [96.15234375, 16.857119653918048], [96.1578369140625, 16.857119653918048]]]}, "properties": {"quadkey": "1322012223120202", "tile_x": 96.1551, "tile_y": 16.8597, "avg_d_kbps": 6252, "avg_u_kbps": 9407, "avg_lat_ms": 70, "avg_lat_down_ms": null, "avg_lat_up_ms": 921, "tests": 1, "devices": 1, "period_start": "2026-01-01", "period_end_exclusive": "2026-04-01", "service_type": "mobile", "source": "Ookla Open Data", "download_mbps": 6.252, "upload_mbps": 9.407, "centroid_in_project": true, "operator": null, "radio_generation": null, "serving_cell_id": null, "single_test_tile": true, "source_url": "https://ookla-open-data.s3.amazonaws.com/parquet/performance/type=mobile/year=2026/quarter=1/2026-01-01_performance_mobile_tiles.parquet"}}, {"type": "Feature", "id": "2026-01-01:1322012223120220", "geometry": {"type": "Polygon", "coordinates": [[[96.1578369140625, 16.851862453216572], [96.1578369140625, 16.857119653918048], [96.15234375, 16.857119653918048], [96.15234375, 16.851862453216572], [96.1578369140625, 16.851862453216572]]]}, "properties": {"quadkey": "1322012223120220", "tile_x": 96.1551, "tile_y": 16.8545, "avg_d_kbps": 23985, "avg_u_kbps": 11777, "avg_lat_ms": 179, "avg_lat_down_ms": 760, "avg_lat_up_ms": 3380, "tests": 3, "devices": 2, "period_start": "2026-01-01", "period_end_exclusive": "2026-04-01", "service_type": "mobile", "source": "Ookla Open Data", "download_mbps": 23.985, "upload_mbps": 11.777, "centroid_in_project": true, "operator": null, "radio_generation": null, "serving_cell_id": null, "single_test_tile": false, "source_url": "https://ookla-open-data.s3.amazonaws.com/parquet/performance/type=mobile/year=2026/quarter=1/2026-01-01_performance_mobile_tiles.parquet"}}, {"type": "Feature", "id": "2026-01-01:1322012223120222", "geometry": {"type": "Polygon", "coordinates": [[[96.1578369140625, 16.846605106396304], [96.1578369140625, 16.851862453216572], [96.15234375, 16.851862453216572], [96.15234375, 16.846605106396304], [96.1578369140625, 16.846605106396304]]]}, "properties": {"quadkey": "1322012223120222", "tile_x": 96.1551, "tile_y": 16.849200000000003, "avg_d_kbps": 922, "avg_u_kbps": 3635, "avg_lat_ms": 75, "avg_lat_down_ms": 98, "avg_lat_up_ms": 1317, "tests": 3, "devices": 2, "period_start": "2026-01-01", "period_end_exclusive": "2026-04-01", "service_type": "mobile", "source": "Ookla Open Data", "download_mbps": 0.922, "upload_mbps": 3.635, "centroid_in_project": true, "operator": null, "radio_generation": null, "serving_cell_id": null, "single_test_tile": false, "source_url": "https://ookla-open-data.s3.amazonaws.com/parquet/performance/type=mobile/year=2026/quarter=1/2026-01-01_performance_mobile_tiles.parquet"}}, {"type": "Feature", "id": "2026-01-01:1322012223120231", "geometry": {"type": "Polygon", "coordinates": [[[96.17431640625, 16.851862453216572], [96.17431640625, 16.857119653918048], [96.1688232421875, 16.857119653918048], [96.1688232421875, 16.851862453216572], [96.17431640625, 16.851862453216572]]]}, "properties": {"quadkey": "1322012223120231", "tile_x": 96.1716, "tile_y": 16.8545, "avg_d_kbps": 64004, "avg_u_kbps": 31412, "avg_lat_ms": 77, "avg_lat_down_ms": 567, "avg_lat_up_ms": 306, "tests": 3, "devices": 2, "period_start": "2026-01-01", "period_end_exclusive": "2026-04-01", "service_type": "mobile", "source": "Ookla Open Data", "download_mbps": 64.004, "upload_mbps": 31.412, "centroid_in_project": true, "operator": null, "radio_generation": null, "serving_cell_id": null, "single_test_tile": false, "source_url": "https://ookla-open-data.s3.amazonaws.com/parquet/performance/type=mobile/year=2026/quarter=1/2026-01-01_performance_mobile_tiles.parquet"}}, {"type": "Feature", "id": "2026-01-01:1322012223120233", "geometry": {"type": "Polygon", "coordinates": [[[96.17431640625, 16.846605106396304], [96.17431640625, 16.851862453216572], [96.1688232421875, 16.851862453216572], [96.1688232421875, 16.846605106396304], [96.17431640625, 16.846605106396304]]]}, "properties": {"quadkey": "1322012223120233", "tile_x": 96.1716, "tile_y": 16.849200000000003, "avg_d_kbps": 64379, "avg_u_kbps": 17483, "avg_lat_ms": 66, "avg_lat_down_ms": 362, "avg_lat_up_ms": 707, "tests": 3, "devices": 3, "period_start": "2026-01-01", "period_end_exclusive": "2026-04-01", "service_type": "mobile", "source": "Ookla Open Data", "download_mbps": 64.379, "upload_mbps": 17.483, "centroid_in_project": true, "operator": null, "radio_generation": null, "serving_cell_id": null, "single_test_tile": false, "source_url": "https://ookla-open-data.s3.amazonaws.com/parquet/performance/type=mobile/year=2026/quarter=1/2026-01-01_performance_mobile_tiles.parquet"}}, {"type": "Feature", "id": "2026-01-01:1322012223120302", "geometry": {"type": "Polygon", "coordinates": [[[96.1798095703125, 16.857119653918048], [96.1798095703125, 16.862376708460538], [96.17431640625, 16.862376708460538], [96.17431640625, 16.857119653918048], [96.1798095703125, 16.857119653918048]]]}, "properties": {"quadkey": "1322012223120302", "tile_x": 96.17710000000001, "tile_y": 16.8597, "avg_d_kbps": 13257, "avg_u_kbps": 9815, "avg_lat_ms": 123, "avg_lat_down_ms": 1077, "avg_lat_up_ms": 1430, "tests": 12, "devices": 4, "period_start": "2026-01-01", "period_end_exclusive": "2026-04-01", "service_type": "mobile", "source": "Ookla Open Data", "download_mbps": 13.257, "upload_mbps": 9.815, "centroid_in_project": true, "operator": null, "radio_generation": null, "serving_cell_id": null, "single_test_tile": false, "source_url": "https://ookla-open-data.s3.amazonaws.com/parquet/performance/type=mobile/year=2026/quarter=1/2026-01-01_performance_mobile_tiles.parquet"}}, {"type": "Feature", "id": "2026-01-01:1322012223120312", "geometry": {"type": "Polygon", "coordinates": [[[96.1907958984375, 16.857119653918048], [96.1907958984375, 16.862376708460538], [96.185302734375, 16.862376708460538], [96.185302734375, 16.857119653918048], [96.1907958984375, 16.857119653918048]]]}, "properties": {"quadkey": "1322012223120312", "tile_x": 96.18799999999999, "tile_y": 16.8597, "avg_d_kbps": 21902, "avg_u_kbps": 6625, "avg_lat_ms": 59, "avg_lat_down_ms": 151, "avg_lat_up_ms": 434, "tests": 2, "devices": 1, "period_start": "2026-01-01", "period_end_exclusive": "2026-04-01", "service_type": "mobile", "source": "Ookla Open Data", "download_mbps": 21.902, "upload_mbps": 6.625, "centroid_in_project": true, "operator": null, "radio_generation": null, "serving_cell_id": null, "single_test_tile": false, "source_url": "https://ookla-open-data.s3.amazonaws.com/parquet/performance/type=mobile/year=2026/quarter=1/2026-01-01_performance_mobile_tiles.parquet"}}, {"type": "Feature", "id": "2026-01-01:1322012223120320", "geometry": {"type": "Polygon", "coordinates": [[[96.1798095703125, 16.851862453216572], [96.1798095703125, 16.857119653918048], [96.17431640625, 16.857119653918048], [96.17431640625, 16.851862453216572], [96.1798095703125, 16.851862453216572]]]}, "properties": {"quadkey": "1322012223120320", "tile_x": 96.17710000000001, "tile_y": 16.8545, "avg_d_kbps": 36298, "avg_u_kbps": 2663, "avg_lat_ms": 48, "avg_lat_down_ms": 290, "avg_lat_up_ms": 1216, "tests": 1, "devices": 1, "period_start": "2026-01-01", "period_end_exclusive": "2026-04-01", "service_type": "mobile", "source": "Ookla Open Data", "download_mbps": 36.298, "upload_mbps": 2.663, "centroid_in_project": true, "operator": null, "radio_generation": null, "serving_cell_id": null, "single_test_tile": true, "source_url": "https://ookla-open-data.s3.amazonaws.com/parquet/performance/type=mobile/year=2026/quarter=1/2026-01-01_performance_mobile_tiles.parquet"}}, {"type": "Feature", "id": "2026-01-01:1322012223120321", "geometry": {"type": "Polygon", "coordinates": [[[96.185302734375, 16.851862453216572], [96.185302734375, 16.857119653918048], [96.1798095703125, 16.857119653918048], [96.1798095703125, 16.851862453216572], [96.185302734375, 16.851862453216572]]]}, "properties": {"quadkey": "1322012223120321", "tile_x": 96.18260000000001, "tile_y": 16.8545, "avg_d_kbps": 10807, "avg_u_kbps": 4675, "avg_lat_ms": 106, "avg_lat_down_ms": 1272, "avg_lat_up_ms": 688, "tests": 14, "devices": 6, "period_start": "2026-01-01", "period_end_exclusive": "2026-04-01", "service_type": "mobile", "source": "Ookla Open Data", "download_mbps": 10.807, "upload_mbps": 4.675, "centroid_in_project": true, "operator": null, "radio_generation": null, "serving_cell_id": null, "single_test_tile": false, "source_url": "https://ookla-open-data.s3.amazonaws.com/parquet/performance/type=mobile/year=2026/quarter=1/2026-01-01_performance_mobile_tiles.parquet"}}, {"type": "Feature", "id": "2026-01-01:1322012223120322", "geometry": {"type": "Polygon", "coordinates": [[[96.1798095703125, 16.846605106396304], [96.1798095703125, 16.851862453216572], [96.17431640625, 16.851862453216572], [96.17431640625, 16.846605106396304], [96.1798095703125, 16.846605106396304]]]}, "properties": {"quadkey": "1322012223120322", "tile_x": 96.17710000000001, "tile_y": 16.849200000000003, "avg_d_kbps": 31406, "avg_u_kbps": 19252, "avg_lat_ms": 181, "avg_lat_down_ms": 816, "avg_lat_up_ms": 1286, "tests": 4, "devices": 4, "period_start": "2026-01-01", "period_end_exclusive": "2026-04-01", "service_type": "mobile", "source": "Ookla Open Data", "download_mbps": 31.406, "upload_mbps": 19.252, "centroid_in_project": true, "operator": null, "radio_generation": null, "serving_cell_id": null, "single_test_tile": false, "source_url": "https://ookla-open-data.s3.amazonaws.com/parquet/performance/type=mobile/year=2026/quarter=1/2026-01-01_performance_mobile_tiles.parquet"}}, {"type": "Feature", "id": "2026-01-01:1322012223120332", "geometry": {"type": "Polygon", "coordinates": [[[96.1907958984375, 16.846605106396304], [96.1907958984375, 16.851862453216572], [96.185302734375, 16.851862453216572], [96.185302734375, 16.846605106396304], [96.1907958984375, 16.846605106396304]]]}, "properties": {"quadkey": "1322012223120332", "tile_x": 96.18799999999999, "tile_y": 16.849200000000003, "avg_d_kbps": 39824, "avg_u_kbps": 9993, "avg_lat_ms": 165, "avg_lat_down_ms": 903, "avg_lat_up_ms": 1196, "tests": 13, "devices": 3, "period_start": "2026-01-01", "period_end_exclusive": "2026-04-01", "service_type": "mobile", "source": "Ookla Open Data", "download_mbps": 39.824, "upload_mbps": 9.993, "centroid_in_project": true, "operator": null, "radio_generation": null, "serving_cell_id": null, "single_test_tile": false, "source_url": "https://ookla-open-data.s3.amazonaws.com/parquet/performance/type=mobile/year=2026/quarter=1/2026-01-01_performance_mobile_tiles.parquet"}}, {"type": "Feature", "id": "2026-01-01:1322012223121000", "geometry": {"type": "Polygon", "coordinates": [[[96.2017822265625, 16.88340346423683], [96.2017822265625, 16.888659787381606], [96.1962890625, 16.888659787381606], [96.1962890625, 16.88340346423683], [96.2017822265625, 16.88340346423683]]]}, "properties": {"quadkey": "1322012223121000", "tile_x": 96.199, "tile_y": 16.886, "avg_d_kbps": 21486, "avg_u_kbps": 4697, "avg_lat_ms": 113, "avg_lat_down_ms": 569, "avg_lat_up_ms": 1584, "tests": 1, "devices": 1, "period_start": "2026-01-01", "period_end_exclusive": "2026-04-01", "service_type": "mobile", "source": "Ookla Open Data", "download_mbps": 21.486, "upload_mbps": 4.697, "centroid_in_project": true, "operator": null, "radio_generation": null, "serving_cell_id": null, "single_test_tile": true, "source_url": "https://ookla-open-data.s3.amazonaws.com/parquet/performance/type=mobile/year=2026/quarter=1/2026-01-01_performance_mobile_tiles.parquet"}}, {"type": "Feature", "id": "2026-01-01:1322012223121001", "geometry": {"type": "Polygon", "coordinates": [[[96.207275390625, 16.88340346423683], [96.207275390625, 16.888659787381606], [96.2017822265625, 16.888659787381606], [96.2017822265625, 16.88340346423683], [96.207275390625, 16.88340346423683]]]}, "properties": {"quadkey": "1322012223121001", "tile_x": 96.20450000000001, "tile_y": 16.886, "avg_d_kbps": 7797, "avg_u_kbps": 4764, "avg_lat_ms": 142, "avg_lat_down_ms": 1665, "avg_lat_up_ms": 3767, "tests": 6, "devices": 3, "period_start": "2026-01-01", "period_end_exclusive": "2026-04-01", "service_type": "mobile", "source": "Ookla Open Data", "download_mbps": 7.797, "upload_mbps": 4.764, "centroid_in_project": true, "operator": null, "radio_generation": null, "serving_cell_id": null, "single_test_tile": false, "source_url": "https://ookla-open-data.s3.amazonaws.com/parquet/performance/type=mobile/year=2026/quarter=1/2026-01-01_performance_mobile_tiles.parquet"}}, {"type": "Feature", "id": "2026-01-01:1322012223121002", "geometry": {"type": "Polygon", "coordinates": [[[96.2017822265625, 16.878146994732166], [96.2017822265625, 16.88340346423683], [96.1962890625, 16.88340346423683], [96.1962890625, 16.878146994732166], [96.2017822265625, 16.878146994732166]]]}, "properties": {"quadkey": "1322012223121002", "tile_x": 96.199, "tile_y": 16.8808, "avg_d_kbps": 47133, "avg_u_kbps": 4744, "avg_lat_ms": 290, "avg_lat_down_ms": 831, "avg_lat_up_ms": 816, "tests": 2, "devices": 2, "period_start": "2026-01-01", "period_end_exclusive": "2026-04-01", "service_type": "mobile", "source": "Ookla Open Data", "download_mbps": 47.133, "upload_mbps": 4.744, "centroid_in_project": true, "operator": null, "radio_generation": null, "serving_cell_id": null, "single_test_tile": false, "source_url": "https://ookla-open-data.s3.amazonaws.com/parquet/performance/type=mobile/year=2026/quarter=1/2026-01-01_performance_mobile_tiles.parquet"}}, {"type": "Feature", "id": "2026-01-01:1322012223121003", "geometry": {"type": "Polygon", "coordinates": [[[96.207275390625, 16.878146994732166], [96.207275390625, 16.88340346423683], [96.2017822265625, 16.88340346423683], [96.2017822265625, 16.878146994732166], [96.207275390625, 16.878146994732166]]]}, "properties": {"quadkey": "1322012223121003", "tile_x": 96.20450000000001, "tile_y": 16.8808, "avg_d_kbps": 69356, "avg_u_kbps": 35818, "avg_lat_ms": 75, "avg_lat_down_ms": 430, "avg_lat_up_ms": 908, "tests": 1, "devices": 1, "period_start": "2026-01-01", "period_end_exclusive": "2026-04-01", "service_type": "mobile", "source": "Ookla Open Data", "download_mbps": 69.356, "upload_mbps": 35.818, "centroid_in_project": true, "operator": null, "radio_generation": null, "serving_cell_id": null, "single_test_tile": true, "source_url": "https://ookla-open-data.s3.amazonaws.com/parquet/performance/type=mobile/year=2026/quarter=1/2026-01-01_performance_mobile_tiles.parquet"}}, {"type": "Feature", "id": "2026-01-01:1322012223121012", "geometry": {"type": "Polygon", "coordinates": [[[96.2127685546875, 16.878146994732166], [96.2127685546875, 16.88340346423683], [96.207275390625, 16.88340346423683], [96.207275390625, 16.878146994732166], [96.2127685546875, 16.878146994732166]]]}, "properties": {"quadkey": "1322012223121012", "tile_x": 96.21000000000001, "tile_y": 16.8808, "avg_d_kbps": 24602, "avg_u_kbps": 5848, "avg_lat_ms": 124, "avg_lat_down_ms": 580, "avg_lat_up_ms": 584, "tests": 3, "devices": 1, "period_start": "2026-01-01", "period_end_exclusive": "2026-04-01", "service_type": "mobile", "source": "Ookla Open Data", "download_mbps": 24.602, "upload_mbps": 5.848, "centroid_in_project": true, "operator": null, "radio_generation": null, "serving_cell_id": null, "single_test_tile": false, "source_url": "https://ookla-open-data.s3.amazonaws.com/parquet/performance/type=mobile/year=2026/quarter=1/2026-01-01_performance_mobile_tiles.parquet"}}, {"type": "Feature", "id": "2026-01-01:1322012223121013", "geometry": {"type": "Polygon", "coordinates": [[[96.21826171875, 16.878146994732166], [96.21826171875, 16.88340346423683], [96.2127685546875, 16.88340346423683], [96.2127685546875, 16.878146994732166], [96.21826171875, 16.878146994732166]]]}, "properties": {"quadkey": "1322012223121013", "tile_x": 96.21549999999999, "tile_y": 16.8808, "avg_d_kbps": 16440, "avg_u_kbps": 22405, "avg_lat_ms": 45, "avg_lat_down_ms": 566, "avg_lat_up_ms": 584, "tests": 2, "devices": 1, "period_start": "2026-01-01", "period_end_exclusive": "2026-04-01", "service_type": "mobile", "source": "Ookla Open Data", "download_mbps": 16.44, "upload_mbps": 22.405, "centroid_in_project": true, "operator": null, "radio_generation": null, "serving_cell_id": null, "single_test_tile": false, "source_url": "https://ookla-open-data.s3.amazonaws.com/parquet/performance/type=mobile/year=2026/quarter=1/2026-01-01_performance_mobile_tiles.parquet"}}, {"type": "Feature", "id": "2026-01-01:1322012223121020", "geometry": {"type": "Polygon", "coordinates": [[[96.2017822265625, 16.87289037890778], [96.2017822265625, 16.878146994732166], [96.1962890625, 16.878146994732166], [96.1962890625, 16.87289037890778], [96.2017822265625, 16.87289037890778]]]}, "properties": {"quadkey": "1322012223121020", "tile_x": 96.199, "tile_y": 16.8755, "avg_d_kbps": 52539, "avg_u_kbps": 30423, "avg_lat_ms": 132, "avg_lat_down_ms": 672, "avg_lat_up_ms": 1290, "tests": 3, "devices": 3, "period_start": "2026-01-01", "period_end_exclusive": "2026-04-01", "service_type": "mobile", "source": "Ookla Open Data", "download_mbps": 52.539, "upload_mbps": 30.423, "centroid_in_project": true, "operator": null, "radio_generation": null, "serving_cell_id": null, "single_test_tile": false, "source_url": "https://ookla-open-data.s3.amazonaws.com/parquet/performance/type=mobile/year=2026/quarter=1/2026-01-01_performance_mobile_tiles.parquet"}}, {"type": "Feature", "id": "2026-01-01:1322012223121022", "geometry": {"type": "Polygon", "coordinates": [[[96.2017822265625, 16.867633616803843], [96.2017822265625, 16.87289037890778], [96.1962890625, 16.87289037890778], [96.1962890625, 16.867633616803843], [96.2017822265625, 16.867633616803843]]]}, "properties": {"quadkey": "1322012223121022", "tile_x": 96.199, "tile_y": 16.8703, "avg_d_kbps": 63415, "avg_u_kbps": 2852, "avg_lat_ms": 184, "avg_lat_down_ms": 1429, "avg_lat_up_ms": 4890, "tests": 1, "devices": 1, "period_start": "2026-01-01", "period_end_exclusive": "2026-04-01", "service_type": "mobile", "source": "Ookla Open Data", "download_mbps": 63.415, "upload_mbps": 2.852, "centroid_in_project": true, "operator": null, "radio_generation": null, "serving_cell_id": null, "single_test_tile": true, "source_url": "https://ookla-open-data.s3.amazonaws.com/parquet/performance/type=mobile/year=2026/quarter=1/2026-01-01_performance_mobile_tiles.parquet"}}, {"type": "Feature", "id": "2026-01-01:1322012223121030", "geometry": {"type": "Polygon", "coordinates": [[[96.2127685546875, 16.87289037890778], [96.2127685546875, 16.878146994732166], [96.207275390625, 16.878146994732166], [96.207275390625, 16.87289037890778], [96.2127685546875, 16.87289037890778]]]}, "properties": {"quadkey": "1322012223121030", "tile_x": 96.21000000000001, "tile_y": 16.8755, "avg_d_kbps": 57297, "avg_u_kbps": 40933, "avg_lat_ms": 37, "avg_lat_down_ms": 202, "avg_lat_up_ms": 252, "tests": 1, "devices": 1, "period_start": "2026-01-01", "period_end_exclusive": "2026-04-01", "service_type": "mobile", "source": "Ookla Open Data", "download_mbps": 57.297, "upload_mbps": 40.933, "centroid_in_project": true, "operator": null, "radio_generation": null, "serving_cell_id": null, "single_test_tile": true, "source_url": "https://ookla-open-data.s3.amazonaws.com/parquet/performance/type=mobile/year=2026/quarter=1/2026-01-01_performance_mobile_tiles.parquet"}}, {"type": "Feature", "id": "2026-01-01:1322012223121103", "geometry": {"type": "Polygon", "coordinates": [[[96.229248046875, 16.878146994732166], [96.229248046875, 16.88340346423683], [96.2237548828125, 16.88340346423683], [96.2237548828125, 16.878146994732166], [96.229248046875, 16.878146994732166]]]}, "properties": {"quadkey": "1322012223121103", "tile_x": 96.2265, "tile_y": 16.8808, "avg_d_kbps": 12498, "avg_u_kbps": 4989, "avg_lat_ms": 223, "avg_lat_down_ms": 1154, "avg_lat_up_ms": 600, "tests": 1, "devices": 1, "period_start": "2026-01-01", "period_end_exclusive": "2026-04-01", "service_type": "mobile", "source": "Ookla Open Data", "download_mbps": 12.498, "upload_mbps": 4.989, "centroid_in_project": true, "operator": null, "radio_generation": null, "serving_cell_id": null, "single_test_tile": true, "source_url": "https://ookla-open-data.s3.amazonaws.com/parquet/performance/type=mobile/year=2026/quarter=1/2026-01-01_performance_mobile_tiles.parquet"}}, {"type": "Feature", "id": "2026-01-01:1322012223121120", "geometry": {"type": "Polygon", "coordinates": [[[96.2237548828125, 16.87289037890778], [96.2237548828125, 16.878146994732166], [96.21826171875, 16.878146994732166], [96.21826171875, 16.87289037890778], [96.2237548828125, 16.87289037890778]]]}, "properties": {"quadkey": "1322012223121120", "tile_x": 96.221, "tile_y": 16.8755, "avg_d_kbps": 108227, "avg_u_kbps": 31469, "avg_lat_ms": 67, "avg_lat_down_ms": 696, "avg_lat_up_ms": 652, "tests": 1, "devices": 1, "period_start": "2026-01-01", "period_end_exclusive": "2026-04-01", "service_type": "mobile", "source": "Ookla Open Data", "download_mbps": 108.227, "upload_mbps": 31.469, "centroid_in_project": true, "operator": null, "radio_generation": null, "serving_cell_id": null, "single_test_tile": true, "source_url": "https://ookla-open-data.s3.amazonaws.com/parquet/performance/type=mobile/year=2026/quarter=1/2026-01-01_performance_mobile_tiles.parquet"}}, {"type": "Feature", "id": "2026-01-01:1322012223121201", "geometry": {"type": "Polygon", "coordinates": [[[96.207275390625, 16.862376708460538], [96.207275390625, 16.867633616803843], [96.2017822265625, 16.867633616803843], [96.2017822265625, 16.862376708460538], [96.207275390625, 16.862376708460538]]]}, "properties": {"quadkey": "1322012223121201", "tile_x": 96.20450000000001, "tile_y": 16.865000000000002, "avg_d_kbps": 29892, "avg_u_kbps": 9812, "avg_lat_ms": 22, "avg_lat_down_ms": 2050, "avg_lat_up_ms": 331, "tests": 2, "devices": 1, "period_start": "2026-01-01", "period_end_exclusive": "2026-04-01", "service_type": "mobile", "source": "Ookla Open Data", "download_mbps": 29.892, "upload_mbps": 9.812, "centroid_in_project": true, "operator": null, "radio_generation": null, "serving_cell_id": null, "single_test_tile": false, "source_url": "https://ookla-open-data.s3.amazonaws.com/parquet/performance/type=mobile/year=2026/quarter=1/2026-01-01_performance_mobile_tiles.parquet"}}, {"type": "Feature", "id": "2026-01-01:1322012223121212", "geometry": {"type": "Polygon", "coordinates": [[[96.2127685546875, 16.857119653918048], [96.2127685546875, 16.862376708460538], [96.207275390625, 16.862376708460538], [96.207275390625, 16.857119653918048], [96.2127685546875, 16.857119653918048]]]}, "properties": {"quadkey": "1322012223121212", "tile_x": 96.21000000000001, "tile_y": 16.8597, "avg_d_kbps": 27975, "avg_u_kbps": 18505, "avg_lat_ms": 236, "avg_lat_down_ms": 1584, "avg_lat_up_ms": 2807, "tests": 2, "devices": 1, "period_start": "2026-01-01", "period_end_exclusive": "2026-04-01", "service_type": "mobile", "source": "Ookla Open Data", "download_mbps": 27.975, "upload_mbps": 18.505, "centroid_in_project": true, "operator": null, "radio_generation": null, "serving_cell_id": null, "single_test_tile": false, "source_url": "https://ookla-open-data.s3.amazonaws.com/parquet/performance/type=mobile/year=2026/quarter=1/2026-01-01_performance_mobile_tiles.parquet"}}, {"type": "Feature", "id": "2026-01-01:1322012223121222", "geometry": {"type": "Polygon", "coordinates": [[[96.2017822265625, 16.846605106396304], [96.2017822265625, 16.851862453216572], [96.1962890625, 16.851862453216572], [96.1962890625, 16.846605106396304], [96.2017822265625, 16.846605106396304]]]}, "properties": {"quadkey": "1322012223121222", "tile_x": 96.199, "tile_y": 16.849200000000003, "avg_d_kbps": 40358, "avg_u_kbps": 28381, "avg_lat_ms": 322, "avg_lat_down_ms": 763, "avg_lat_up_ms": 742, "tests": 7, "devices": 2, "period_start": "2026-01-01", "period_end_exclusive": "2026-04-01", "service_type": "mobile", "source": "Ookla Open Data", "download_mbps": 40.358, "upload_mbps": 28.381, "centroid_in_project": true, "operator": null, "radio_generation": null, "serving_cell_id": null, "single_test_tile": false, "source_url": "https://ookla-open-data.s3.amazonaws.com/parquet/performance/type=mobile/year=2026/quarter=1/2026-01-01_performance_mobile_tiles.parquet"}}, {"type": "Feature", "id": "2026-01-01:1322012223121231", "geometry": {"type": "Polygon", "coordinates": [[[96.21826171875, 16.851862453216572], [96.21826171875, 16.857119653918048], [96.2127685546875, 16.857119653918048], [96.2127685546875, 16.851862453216572], [96.21826171875, 16.851862453216572]]]}, "properties": {"quadkey": "1322012223121231", "tile_x": 96.21549999999999, "tile_y": 16.8545, "avg_d_kbps": 3314, "avg_u_kbps": 35455, "avg_lat_ms": 58, "avg_lat_down_ms": 6306, "avg_lat_up_ms": 172, "tests": 1, "devices": 1, "period_start": "2026-01-01", "period_end_exclusive": "2026-04-01", "service_type": "mobile", "source": "Ookla Open Data", "download_mbps": 3.314, "upload_mbps": 35.455, "centroid_in_project": true, "operator": null, "radio_generation": null, "serving_cell_id": null, "single_test_tile": true, "source_url": "https://ookla-open-data.s3.amazonaws.com/parquet/performance/type=mobile/year=2026/quarter=1/2026-01-01_performance_mobile_tiles.parquet"}}, {"type": "Feature", "id": "2026-01-01:1322012223121330", "geometry": {"type": "Polygon", "coordinates": [[[96.2347412109375, 16.851862453216572], [96.2347412109375, 16.857119653918048], [96.229248046875, 16.857119653918048], [96.229248046875, 16.851862453216572], [96.2347412109375, 16.851862453216572]]]}, "properties": {"quadkey": "1322012223121330", "tile_x": 96.232, "tile_y": 16.8545, "avg_d_kbps": 55125, "avg_u_kbps": 6050, "avg_lat_ms": 240, "avg_lat_down_ms": 1443, "avg_lat_up_ms": 3347, "tests": 7, "devices": 1, "period_start": "2026-01-01", "period_end_exclusive": "2026-04-01", "service_type": "mobile", "source": "Ookla Open Data", "download_mbps": 55.125, "upload_mbps": 6.05, "centroid_in_project": true, "operator": null, "radio_generation": null, "serving_cell_id": null, "single_test_tile": false, "source_url": "https://ookla-open-data.s3.amazonaws.com/parquet/performance/type=mobile/year=2026/quarter=1/2026-01-01_performance_mobile_tiles.parquet"}}, {"type": "Feature", "id": "2026-01-01:1322012223121332", "geometry": {"type": "Polygon", "coordinates": [[[96.2347412109375, 16.846605106396304], [96.2347412109375, 16.851862453216572], [96.229248046875, 16.851862453216572], [96.229248046875, 16.846605106396304], [96.2347412109375, 16.846605106396304]]]}, "properties": {"quadkey": "1322012223121332", "tile_x": 96.232, "tile_y": 16.849200000000003, "avg_d_kbps": 135720, "avg_u_kbps": 47535, "avg_lat_ms": 228, "avg_lat_down_ms": 6486, "avg_lat_up_ms": null, "tests": 1, "devices": 1, "period_start": "2026-01-01", "period_end_exclusive": "2026-04-01", "service_type": "mobile", "source": "Ookla Open Data", "download_mbps": 135.72, "upload_mbps": 47.535, "centroid_in_project": true, "operator": null, "radio_generation": null, "serving_cell_id": null, "single_test_tile": true, "source_url": "https://ookla-open-data.s3.amazonaws.com/parquet/performance/type=mobile/year=2026/quarter=1/2026-01-01_performance_mobile_tiles.parquet"}}, {"type": "Feature", "id": "2026-01-01:1322012223122000", "geometry": {"type": "Polygon", "coordinates": [[[96.1578369140625, 16.841347613497447], [96.1578369140625, 16.846605106396304], [96.15234375, 16.846605106396304], [96.15234375, 16.841347613497447], [96.1578369140625, 16.841347613497447]]]}, "properties": {"quadkey": "1322012223122000", "tile_x": 96.1551, "tile_y": 16.844, "avg_d_kbps": 29950, "avg_u_kbps": 14885, "avg_lat_ms": 109, "avg_lat_down_ms": 655, "avg_lat_up_ms": 1918, "tests": 10, "devices": 3, "period_start": "2026-01-01", "period_end_exclusive": "2026-04-01", "service_type": "mobile", "source": "Ookla Open Data", "download_mbps": 29.95, "upload_mbps": 14.885, "centroid_in_project": true, "operator": null, "radio_generation": null, "serving_cell_id": null, "single_test_tile": false, "source_url": "https://ookla-open-data.s3.amazonaws.com/parquet/performance/type=mobile/year=2026/quarter=1/2026-01-01_performance_mobile_tiles.parquet"}}, {"type": "Feature", "id": "2026-01-01:1322012223122002", "geometry": {"type": "Polygon", "coordinates": [[[96.1578369140625, 16.836089974560213], [96.1578369140625, 16.841347613497447], [96.15234375, 16.841347613497447], [96.15234375, 16.836089974560213], [96.1578369140625, 16.836089974560213]]]}, "properties": {"quadkey": "1322012223122002", "tile_x": 96.1551, "tile_y": 16.8387, "avg_d_kbps": 638, "avg_u_kbps": 455, "avg_lat_ms": 75, "avg_lat_down_ms": 95, "avg_lat_up_ms": 210, "tests": 1, "devices": 1, "period_start": "2026-01-01", "period_end_exclusive": "2026-04-01", "service_type": "mobile", "source": "Ookla Open Data", "download_mbps": 0.638, "upload_mbps": 0.455, "centroid_in_project": true, "operator": null, "radio_generation": null, "serving_cell_id": null, "single_test_tile": true, "source_url": "https://ookla-open-data.s3.amazonaws.com/parquet/performance/type=mobile/year=2026/quarter=1/2026-01-01_performance_mobile_tiles.parquet"}}, {"type": "Feature", "id": "2026-01-01:1322012223122010", "geometry": {"type": "Polygon", "coordinates": [[[96.1688232421875, 16.841347613497447], [96.1688232421875, 16.846605106396304], [96.163330078125, 16.846605106396304], [96.163330078125, 16.841347613497447], [96.1688232421875, 16.841347613497447]]]}, "properties": {"quadkey": "1322012223122010", "tile_x": 96.1661, "tile_y": 16.844, "avg_d_kbps": 4725, "avg_u_kbps": 8411, "avg_lat_ms": 53, "avg_lat_down_ms": 73, "avg_lat_up_ms": 360, "tests": 2, "devices": 2, "period_start": "2026-01-01", "period_end_exclusive": "2026-04-01", "service_type": "mobile", "source": "Ookla Open Data", "download_mbps": 4.725, "upload_mbps": 8.411, "centroid_in_project": true, "operator": null, "radio_generation": null, "serving_cell_id": null, "single_test_tile": false, "source_url": "https://ookla-open-data.s3.amazonaws.com/parquet/performance/type=mobile/year=2026/quarter=1/2026-01-01_performance_mobile_tiles.parquet"}}, {"type": "Feature", "id": "2026-01-01:1322012223122012", "geometry": {"type": "Polygon", "coordinates": [[[96.1688232421875, 16.836089974560213], [96.1688232421875, 16.841347613497447], [96.163330078125, 16.841347613497447], [96.163330078125, 16.836089974560213], [96.1688232421875, 16.836089974560213]]]}, "properties": {"quadkey": "1322012223122012", "tile_x": 96.1661, "tile_y": 16.8387, "avg_d_kbps": 2265, "avg_u_kbps": 17198, "avg_lat_ms": 70, "avg_lat_down_ms": 8940, "avg_lat_up_ms": null, "tests": 1, "devices": 1, "period_start": "2026-01-01", "period_end_exclusive": "2026-04-01", "service_type": "mobile", "source": "Ookla Open Data", "download_mbps": 2.265, "upload_mbps": 17.198, "centroid_in_project": true, "operator": null, "radio_generation": null, "serving_cell_id": null, "single_test_tile": true, "source_url": "https://ookla-open-data.s3.amazonaws.com/parquet/performance/type=mobile/year=2026/quarter=1/2026-01-01_performance_mobile_tiles.parquet"}}, {"type": "Feature", "id": "2026-01-01:1322012223122013", "geometry": {"type": "Polygon", "coordinates": [[[96.17431640625, 16.836089974560213], [96.17431640625, 16.841347613497447], [96.1688232421875, 16.841347613497447], [96.1688232421875, 16.836089974560213], [96.17431640625, 16.836089974560213]]]}, "properties": {"quadkey": "1322012223122013", "tile_x": 96.1716, "tile_y": 16.8387, "avg_d_kbps": 52539, "avg_u_kbps": 3007, "avg_lat_ms": 88, "avg_lat_down_ms": null, "avg_lat_up_ms": null, "tests": 1, "devices": 1, "period_start": "2026-01-01", "period_end_exclusive": "2026-04-01", "service_type": "mobile", "source": "Ookla Open Data", "download_mbps": 52.539, "upload_mbps": 3.007, "centroid_in_project": true, "operator": null, "radio_generation": null, "serving_cell_id": null, "single_test_tile": true, "source_url": "https://ookla-open-data.s3.amazonaws.com/parquet/performance/type=mobile/year=2026/quarter=1/2026-01-01_performance_mobile_tiles.parquet"}}, {"type": "Feature", "id": "2026-01-01:1322012223122020", "geometry": {"type": "Polygon", "coordinates": [[[96.1578369140625, 16.83083218962482], [96.1578369140625, 16.836089974560213], [96.15234375, 16.836089974560213], [96.15234375, 16.83083218962482], [96.1578369140625, 16.83083218962482]]]}, "properties": {"quadkey": "1322012223122020", "tile_x": 96.1551, "tile_y": 16.833499999999997, "avg_d_kbps": 12947, "avg_u_kbps": 1772, "avg_lat_ms": 106, "avg_lat_down_ms": 785, "avg_lat_up_ms": 4984, "tests": 2, "devices": 2, "period_start": "2026-01-01", "period_end_exclusive": "2026-04-01", "service_type": "mobile", "source": "Ookla Open Data", "download_mbps": 12.947, "upload_mbps": 1.772, "centroid_in_project": true, "operator": null, "radio_generation": null, "serving_cell_id": null, "single_test_tile": false, "source_url": "https://ookla-open-data.s3.amazonaws.com/parquet/performance/type=mobile/year=2026/quarter=1/2026-01-01_performance_mobile_tiles.parquet"}}, {"type": "Feature", "id": "2026-01-01:1322012223122022", "geometry": {"type": "Polygon", "coordinates": [[[96.1578369140625, 16.825574258731486], [96.1578369140625, 16.83083218962482], [96.15234375, 16.83083218962482], [96.15234375, 16.825574258731486], [96.1578369140625, 16.825574258731486]]]}, "properties": {"quadkey": "1322012223122022", "tile_x": 96.1551, "tile_y": 16.828200000000002, "avg_d_kbps": 17369, "avg_u_kbps": 13968, "avg_lat_ms": 155, "avg_lat_down_ms": 1200, "avg_lat_up_ms": 957, "tests": 14, "devices": 9, "period_start": "2026-01-01", "period_end_exclusive": "2026-04-01", "service_type": "mobile", "source": "Ookla Open Data", "download_mbps": 17.369, "upload_mbps": 13.968, "centroid_in_project": true, "operator": null, "radio_generation": null, "serving_cell_id": null, "single_test_tile": false, "source_url": "https://ookla-open-data.s3.amazonaws.com/parquet/performance/type=mobile/year=2026/quarter=1/2026-01-01_performance_mobile_tiles.parquet"}}, {"type": "Feature", "id": "2026-01-01:1322012223122030", "geometry": {"type": "Polygon", "coordinates": [[[96.1688232421875, 16.83083218962482], [96.1688232421875, 16.836089974560213], [96.163330078125, 16.836089974560213], [96.163330078125, 16.83083218962482], [96.1688232421875, 16.83083218962482]]]}, "properties": {"quadkey": "1322012223122030", "tile_x": 96.1661, "tile_y": 16.833499999999997, "avg_d_kbps": 14360, "avg_u_kbps": 17143, "avg_lat_ms": 56, "avg_lat_down_ms": 739, "avg_lat_up_ms": 544, "tests": 1, "devices": 1, "period_start": "2026-01-01", "period_end_exclusive": "2026-04-01", "service_type": "mobile", "source": "Ookla Open Data", "download_mbps": 14.36, "upload_mbps": 17.143, "centroid_in_project": true, "operator": null, "radio_generation": null, "serving_cell_id": null, "single_test_tile": true, "source_url": "https://ookla-open-data.s3.amazonaws.com/parquet/performance/type=mobile/year=2026/quarter=1/2026-01-01_performance_mobile_tiles.parquet"}}, {"type": "Feature", "id": "2026-01-01:1322012223122031", "geometry": {"type": "Polygon", "coordinates": [[[96.17431640625, 16.83083218962482], [96.17431640625, 16.836089974560213], [96.1688232421875, 16.836089974560213], [96.1688232421875, 16.83083218962482], [96.17431640625, 16.83083218962482]]]}, "properties": {"quadkey": "1322012223122031", "tile_x": 96.1716, "tile_y": 16.833499999999997, "avg_d_kbps": 11481, "avg_u_kbps": 7110, "avg_lat_ms": 52, "avg_lat_down_ms": 589, "avg_lat_up_ms": 314, "tests": 1, "devices": 1, "period_start": "2026-01-01", "period_end_exclusive": "2026-04-01", "service_type": "mobile", "source": "Ookla Open Data", "download_mbps": 11.481, "upload_mbps": 7.11, "centroid_in_project": true, "operator": null, "radio_generation": null, "serving_cell_id": null, "single_test_tile": true, "source_url": "https://ookla-open-data.s3.amazonaws.com/parquet/performance/type=mobile/year=2026/quarter=1/2026-01-01_performance_mobile_tiles.parquet"}}, {"type": "Feature", "id": "2026-01-01:1322012223122100", "geometry": {"type": "Polygon", "coordinates": [[[96.1798095703125, 16.841347613497447], [96.1798095703125, 16.846605106396304], [96.17431640625, 16.846605106396304], [96.17431640625, 16.841347613497447], [96.1798095703125, 16.841347613497447]]]}, "properties": {"quadkey": "1322012223122100", "tile_x": 96.17710000000001, "tile_y": 16.844, "avg_d_kbps": 33555, "avg_u_kbps": 10462, "avg_lat_ms": 117, "avg_lat_down_ms": 386, "avg_lat_up_ms": 539, "tests": 8, "devices": 3, "period_start": "2026-01-01", "period_end_exclusive": "2026-04-01", "service_type": "mobile", "source": "Ookla Open Data", "download_mbps": 33.555, "upload_mbps": 10.462, "centroid_in_project": true, "operator": null, "radio_generation": null, "serving_cell_id": null, "single_test_tile": false, "source_url": "https://ookla-open-data.s3.amazonaws.com/parquet/performance/type=mobile/year=2026/quarter=1/2026-01-01_performance_mobile_tiles.parquet"}}, {"type": "Feature", "id": "2026-01-01:1322012223122101", "geometry": {"type": "Polygon", "coordinates": [[[96.185302734375, 16.841347613497447], [96.185302734375, 16.846605106396304], [96.1798095703125, 16.846605106396304], [96.1798095703125, 16.841347613497447], [96.185302734375, 16.841347613497447]]]}, "properties": {"quadkey": "1322012223122101", "tile_x": 96.18260000000001, "tile_y": 16.844, "avg_d_kbps": 18768, "avg_u_kbps": 9237, "avg_lat_ms": 57, "avg_lat_down_ms": 686, "avg_lat_up_ms": 1635, "tests": 4, "devices": 2, "period_start": "2026-01-01", "period_end_exclusive": "2026-04-01", "service_type": "mobile", "source": "Ookla Open Data", "download_mbps": 18.768, "upload_mbps": 9.237, "centroid_in_project": true, "operator": null, "radio_generation": null, "serving_cell_id": null, "single_test_tile": false, "source_url": "https://ookla-open-data.s3.amazonaws.com/parquet/performance/type=mobile/year=2026/quarter=1/2026-01-01_performance_mobile_tiles.parquet"}}, {"type": "Feature", "id": "2026-01-01:1322012223122102", "geometry": {"type": "Polygon", "coordinates": [[[96.1798095703125, 16.836089974560213], [96.1798095703125, 16.841347613497447], [96.17431640625, 16.841347613497447], [96.17431640625, 16.836089974560213], [96.1798095703125, 16.836089974560213]]]}, "properties": {"quadkey": "1322012223122102", "tile_x": 96.17710000000001, "tile_y": 16.8387, "avg_d_kbps": 29511, "avg_u_kbps": 1238, "avg_lat_ms": 71, "avg_lat_down_ms": 326, "avg_lat_up_ms": 196, "tests": 1, "devices": 1, "period_start": "2026-01-01", "period_end_exclusive": "2026-04-01", "service_type": "mobile", "source": "Ookla Open Data", "download_mbps": 29.511, "upload_mbps": 1.238, "centroid_in_project": true, "operator": null, "radio_generation": null, "serving_cell_id": null, "single_test_tile": true, "source_url": "https://ookla-open-data.s3.amazonaws.com/parquet/performance/type=mobile/year=2026/quarter=1/2026-01-01_performance_mobile_tiles.parquet"}}, {"type": "Feature", "id": "2026-01-01:1322012223122103", "geometry": {"type": "Polygon", "coordinates": [[[96.185302734375, 16.836089974560213], [96.185302734375, 16.841347613497447], [96.1798095703125, 16.841347613497447], [96.1798095703125, 16.836089974560213], [96.185302734375, 16.836089974560213]]]}, "properties": {"quadkey": "1322012223122103", "tile_x": 96.18260000000001, "tile_y": 16.8387, "avg_d_kbps": 19947, "avg_u_kbps": 9682, "avg_lat_ms": 133, "avg_lat_down_ms": 756, "avg_lat_up_ms": 268, "tests": 3, "devices": 3, "period_start": "2026-01-01", "period_end_exclusive": "2026-04-01", "service_type": "mobile", "source": "Ookla Open Data", "download_mbps": 19.947, "upload_mbps": 9.682, "centroid_in_project": true, "operator": null, "radio_generation": null, "serving_cell_id": null, "single_test_tile": false, "source_url": "https://ookla-open-data.s3.amazonaws.com/parquet/performance/type=mobile/year=2026/quarter=1/2026-01-01_performance_mobile_tiles.parquet"}}, {"type": "Feature", "id": "2026-01-01:1322012223122113", "geometry": {"type": "Polygon", "coordinates": [[[96.1962890625, 16.836089974560213], [96.1962890625, 16.841347613497447], [96.1907958984375, 16.841347613497447], [96.1907958984375, 16.836089974560213], [96.1962890625, 16.836089974560213]]]}, "properties": {"quadkey": "1322012223122113", "tile_x": 96.1935, "tile_y": 16.8387, "avg_d_kbps": 50383, "avg_u_kbps": 10738, "avg_lat_ms": 149, "avg_lat_down_ms": 678, "avg_lat_up_ms": 793, "tests": 2, "devices": 2, "period_start": "2026-01-01", "period_end_exclusive": "2026-04-01", "service_type": "mobile", "source": "Ookla Open Data", "download_mbps": 50.383, "upload_mbps": 10.738, "centroid_in_project": true, "operator": null, "radio_generation": null, "serving_cell_id": null, "single_test_tile": false, "source_url": "https://ookla-open-data.s3.amazonaws.com/parquet/performance/type=mobile/year=2026/quarter=1/2026-01-01_performance_mobile_tiles.parquet"}}, {"type": "Feature", "id": "2026-01-01:1322012223122120", "geometry": {"type": "Polygon", "coordinates": [[[96.1798095703125, 16.83083218962482], [96.1798095703125, 16.836089974560213], [96.17431640625, 16.836089974560213], [96.17431640625, 16.83083218962482], [96.1798095703125, 16.83083218962482]]]}, "properties": {"quadkey": "1322012223122120", "tile_x": 96.17710000000001, "tile_y": 16.833499999999997, "avg_d_kbps": 15289, "avg_u_kbps": 8599, "avg_lat_ms": 193, "avg_lat_down_ms": 1270, "avg_lat_up_ms": 1056, "tests": 2, "devices": 2, "period_start": "2026-01-01", "period_end_exclusive": "2026-04-01", "service_type": "mobile", "source": "Ookla Open Data", "download_mbps": 15.289, "upload_mbps": 8.599, "centroid_in_project": true, "operator": null, "radio_generation": null, "serving_cell_id": null, "single_test_tile": false, "source_url": "https://ookla-open-data.s3.amazonaws.com/parquet/performance/type=mobile/year=2026/quarter=1/2026-01-01_performance_mobile_tiles.parquet"}}, {"type": "Feature", "id": "2026-01-01:1322012223122121", "geometry": {"type": "Polygon", "coordinates": [[[96.185302734375, 16.83083218962482], [96.185302734375, 16.836089974560213], [96.1798095703125, 16.836089974560213], [96.1798095703125, 16.83083218962482], [96.185302734375, 16.83083218962482]]]}, "properties": {"quadkey": "1322012223122121", "tile_x": 96.18260000000001, "tile_y": 16.833499999999997, "avg_d_kbps": 10557, "avg_u_kbps": 822, "avg_lat_ms": 225, "avg_lat_down_ms": 1580, "avg_lat_up_ms": 3562, "tests": 1, "devices": 1, "period_start": "2026-01-01", "period_end_exclusive": "2026-04-01", "service_type": "mobile", "source": "Ookla Open Data", "download_mbps": 10.557, "upload_mbps": 0.822, "centroid_in_project": true, "operator": null, "radio_generation": null, "serving_cell_id": null, "single_test_tile": true, "source_url": "https://ookla-open-data.s3.amazonaws.com/parquet/performance/type=mobile/year=2026/quarter=1/2026-01-01_performance_mobile_tiles.parquet"}}, {"type": "Feature", "id": "2026-01-01:1322012223122123", "geometry": {"type": "Polygon", "coordinates": [[[96.185302734375, 16.825574258731486], [96.185302734375, 16.83083218962482], [96.1798095703125, 16.83083218962482], [96.1798095703125, 16.825574258731486], [96.185302734375, 16.825574258731486]]]}, "properties": {"quadkey": "1322012223122123", "tile_x": 96.18260000000001, "tile_y": 16.828200000000002, "avg_d_kbps": 1385, "avg_u_kbps": 418, "avg_lat_ms": 51, "avg_lat_down_ms": 52, "avg_lat_up_ms": 56, "tests": 2, "devices": 1, "period_start": "2026-01-01", "period_end_exclusive": "2026-04-01", "service_type": "mobile", "source": "Ookla Open Data", "download_mbps": 1.385, "upload_mbps": 0.418, "centroid_in_project": true, "operator": null, "radio_generation": null, "serving_cell_id": null, "single_test_tile": false, "source_url": "https://ookla-open-data.s3.amazonaws.com/parquet/performance/type=mobile/year=2026/quarter=1/2026-01-01_performance_mobile_tiles.parquet"}}, {"type": "Feature", "id": "2026-01-01:1322012223122130", "geometry": {"type": "Polygon", "coordinates": [[[96.1907958984375, 16.83083218962482], [96.1907958984375, 16.836089974560213], [96.185302734375, 16.836089974560213], [96.185302734375, 16.83083218962482], [96.1907958984375, 16.83083218962482]]]}, "properties": {"quadkey": "1322012223122130", "tile_x": 96.18799999999999, "tile_y": 16.833499999999997, "avg_d_kbps": 57452, "avg_u_kbps": 25524, "avg_lat_ms": 59, "avg_lat_down_ms": 517, "avg_lat_up_ms": 1297, "tests": 2, "devices": 1, "period_start": "2026-01-01", "period_end_exclusive": "2026-04-01", "service_type": "mobile", "source": "Ookla Open Data", "download_mbps": 57.452, "upload_mbps": 25.524, "centroid_in_project": true, "operator": null, "radio_generation": null, "serving_cell_id": null, "single_test_tile": false, "source_url": "https://ookla-open-data.s3.amazonaws.com/parquet/performance/type=mobile/year=2026/quarter=1/2026-01-01_performance_mobile_tiles.parquet"}}, {"type": "Feature", "id": "2026-01-01:1322012223122131", "geometry": {"type": "Polygon", "coordinates": [[[96.1962890625, 16.83083218962482], [96.1962890625, 16.836089974560213], [96.1907958984375, 16.836089974560213], [96.1907958984375, 16.83083218962482], [96.1962890625, 16.83083218962482]]]}, "properties": {"quadkey": "1322012223122131", "tile_x": 96.1935, "tile_y": 16.833499999999997, "avg_d_kbps": 10476, "avg_u_kbps": 24438, "avg_lat_ms": 40, "avg_lat_down_ms": 683, "avg_lat_up_ms": 286, "tests": 1, "devices": 1, "period_start": "2026-01-01", "period_end_exclusive": "2026-04-01", "service_type": "mobile", "source": "Ookla Open Data", "download_mbps": 10.476, "upload_mbps": 24.438, "centroid_in_project": true, "operator": null, "radio_generation": null, "serving_cell_id": null, "single_test_tile": true, "source_url": "https://ookla-open-data.s3.amazonaws.com/parquet/performance/type=mobile/year=2026/quarter=1/2026-01-01_performance_mobile_tiles.parquet"}}, {"type": "Feature", "id": "2026-01-01:1322012223122132", "geometry": {"type": "Polygon", "coordinates": [[[96.1907958984375, 16.825574258731486], [96.1907958984375, 16.83083218962482], [96.185302734375, 16.83083218962482], [96.185302734375, 16.825574258731486], [96.1907958984375, 16.825574258731486]]]}, "properties": {"quadkey": "1322012223122132", "tile_x": 96.18799999999999, "tile_y": 16.828200000000002, "avg_d_kbps": 92017, "avg_u_kbps": 23436, "avg_lat_ms": 139, "avg_lat_down_ms": 722, "avg_lat_up_ms": 1302, "tests": 1, "devices": 1, "period_start": "2026-01-01", "period_end_exclusive": "2026-04-01", "service_type": "mobile", "source": "Ookla Open Data", "download_mbps": 92.017, "upload_mbps": 23.436, "centroid_in_project": true, "operator": null, "radio_generation": null, "serving_cell_id": null, "single_test_tile": true, "source_url": "https://ookla-open-data.s3.amazonaws.com/parquet/performance/type=mobile/year=2026/quarter=1/2026-01-01_performance_mobile_tiles.parquet"}}, {"type": "Feature", "id": "2026-01-01:1322012223122133", "geometry": {"type": "Polygon", "coordinates": [[[96.1962890625, 16.825574258731486], [96.1962890625, 16.83083218962482], [96.1907958984375, 16.83083218962482], [96.1907958984375, 16.825574258731486], [96.1962890625, 16.825574258731486]]]}, "properties": {"quadkey": "1322012223122133", "tile_x": 96.1935, "tile_y": 16.828200000000002, "avg_d_kbps": 88931, "avg_u_kbps": 12509, "avg_lat_ms": 50, "avg_lat_down_ms": 417, "avg_lat_up_ms": 170, "tests": 1, "devices": 1, "period_start": "2026-01-01", "period_end_exclusive": "2026-04-01", "service_type": "mobile", "source": "Ookla Open Data", "download_mbps": 88.931, "upload_mbps": 12.509, "centroid_in_project": true, "operator": null, "radio_generation": null, "serving_cell_id": null, "single_test_tile": true, "source_url": "https://ookla-open-data.s3.amazonaws.com/parquet/performance/type=mobile/year=2026/quarter=1/2026-01-01_performance_mobile_tiles.parquet"}}, {"type": "Feature", "id": "2026-01-01:1322012223122200", "geometry": {"type": "Polygon", "coordinates": [[[96.1578369140625, 16.82031618192045], [96.1578369140625, 16.825574258731486], [96.15234375, 16.825574258731486], [96.15234375, 16.82031618192045], [96.1578369140625, 16.82031618192045]]]}, "properties": {"quadkey": "1322012223122200", "tile_x": 96.1551, "tile_y": 16.8229, "avg_d_kbps": 41374, "avg_u_kbps": 10641, "avg_lat_ms": 101, "avg_lat_down_ms": 790, "avg_lat_up_ms": 3283, "tests": 8, "devices": 3, "period_start": "2026-01-01", "period_end_exclusive": "2026-04-01", "service_type": "mobile", "source": "Ookla Open Data", "download_mbps": 41.374, "upload_mbps": 10.641, "centroid_in_project": true, "operator": null, "radio_generation": null, "serving_cell_id": null, "single_test_tile": false, "source_url": "https://ookla-open-data.s3.amazonaws.com/parquet/performance/type=mobile/year=2026/quarter=1/2026-01-01_performance_mobile_tiles.parquet"}}, {"type": "Feature", "id": "2026-01-01:1322012223122201", "geometry": {"type": "Polygon", "coordinates": [[[96.163330078125, 16.82031618192045], [96.163330078125, 16.825574258731486], [96.1578369140625, 16.825574258731486], [96.1578369140625, 16.82031618192045], [96.163330078125, 16.82031618192045]]]}, "properties": {"quadkey": "1322012223122201", "tile_x": 96.16060000000002, "tile_y": 16.8229, "avg_d_kbps": 44238, "avg_u_kbps": 546, "avg_lat_ms": 57, "avg_lat_down_ms": 82, "avg_lat_up_ms": null, "tests": 1, "devices": 1, "period_start": "2026-01-01", "period_end_exclusive": "2026-04-01", "service_type": "mobile", "source": "Ookla Open Data", "download_mbps": 44.238, "upload_mbps": 0.546, "centroid_in_project": true, "operator": null, "radio_generation": null, "serving_cell_id": null, "single_test_tile": true, "source_url": "https://ookla-open-data.s3.amazonaws.com/parquet/performance/type=mobile/year=2026/quarter=1/2026-01-01_performance_mobile_tiles.parquet"}}, {"type": "Feature", "id": "2026-01-01:1322012223122202", "geometry": {"type": "Polygon", "coordinates": [[[96.1578369140625, 16.815057959231932], [96.1578369140625, 16.82031618192045], [96.15234375, 16.82031618192045], [96.15234375, 16.815057959231932], [96.1578369140625, 16.815057959231932]]]}, "properties": {"quadkey": "1322012223122202", "tile_x": 96.1551, "tile_y": 16.8177, "avg_d_kbps": 48403, "avg_u_kbps": 11763, "avg_lat_ms": 161, "avg_lat_down_ms": 1057, "avg_lat_up_ms": 2020, "tests": 4, "devices": 3, "period_start": "2026-01-01", "period_end_exclusive": "2026-04-01", "service_type": "mobile", "source": "Ookla Open Data", "download_mbps": 48.403, "upload_mbps": 11.763, "centroid_in_project": true, "operator": null, "radio_generation": null, "serving_cell_id": null, "single_test_tile": false, "source_url": "https://ookla-open-data.s3.amazonaws.com/parquet/performance/type=mobile/year=2026/quarter=1/2026-01-01_performance_mobile_tiles.parquet"}}, {"type": "Feature", "id": "2026-01-01:1322012223122203", "geometry": {"type": "Polygon", "coordinates": [[[96.163330078125, 16.815057959231932], [96.163330078125, 16.82031618192045], [96.1578369140625, 16.82031618192045], [96.1578369140625, 16.815057959231932], [96.163330078125, 16.815057959231932]]]}, "properties": {"quadkey": "1322012223122203", "tile_x": 96.16060000000002, "tile_y": 16.8177, "avg_d_kbps": 10291, "avg_u_kbps": 1464, "avg_lat_ms": 160, "avg_lat_down_ms": 1086, "avg_lat_up_ms": 544, "tests": 3, "devices": 2, "period_start": "2026-01-01", "period_end_exclusive": "2026-04-01", "service_type": "mobile", "source": "Ookla Open Data", "download_mbps": 10.291, "upload_mbps": 1.464, "centroid_in_project": true, "operator": null, "radio_generation": null, "serving_cell_id": null, "single_test_tile": false, "source_url": "https://ookla-open-data.s3.amazonaws.com/parquet/performance/type=mobile/year=2026/quarter=1/2026-01-01_performance_mobile_tiles.parquet"}}, {"type": "Feature", "id": "2026-01-01:1322012223122210", "geometry": {"type": "Polygon", "coordinates": [[[96.1688232421875, 16.82031618192045], [96.1688232421875, 16.825574258731486], [96.163330078125, 16.825574258731486], [96.163330078125, 16.82031618192045], [96.1688232421875, 16.82031618192045]]]}, "properties": {"quadkey": "1322012223122210", "tile_x": 96.1661, "tile_y": 16.8229, "avg_d_kbps": 20699, "avg_u_kbps": 563, "avg_lat_ms": 65, "avg_lat_down_ms": 78, "avg_lat_up_ms": null, "tests": 1, "devices": 1, "period_start": "2026-01-01", "period_end_exclusive": "2026-04-01", "service_type": "mobile", "source": "Ookla Open Data", "download_mbps": 20.699, "upload_mbps": 0.563, "centroid_in_project": true, "operator": null, "radio_generation": null, "serving_cell_id": null, "single_test_tile": true, "source_url": "https://ookla-open-data.s3.amazonaws.com/parquet/performance/type=mobile/year=2026/quarter=1/2026-01-01_performance_mobile_tiles.parquet"}}, {"type": "Feature", "id": "2026-01-01:1322012223122212", "geometry": {"type": "Polygon", "coordinates": [[[96.1688232421875, 16.815057959231932], [96.1688232421875, 16.82031618192045], [96.163330078125, 16.82031618192045], [96.163330078125, 16.815057959231932], [96.1688232421875, 16.815057959231932]]]}, "properties": {"quadkey": "1322012223122212", "tile_x": 96.1661, "tile_y": 16.8177, "avg_d_kbps": 43667, "avg_u_kbps": 41965, "avg_lat_ms": 13, "avg_lat_down_ms": 727, "avg_lat_up_ms": 349, "tests": 1, "devices": 1, "period_start": "2026-01-01", "period_end_exclusive": "2026-04-01", "service_type": "mobile", "source": "Ookla Open Data", "download_mbps": 43.667, "upload_mbps": 41.965, "centroid_in_project": true, "operator": null, "radio_generation": null, "serving_cell_id": null, "single_test_tile": true, "source_url": "https://ookla-open-data.s3.amazonaws.com/parquet/performance/type=mobile/year=2026/quarter=1/2026-01-01_performance_mobile_tiles.parquet"}}, {"type": "Feature", "id": "2026-01-01:1322012223122220", "geometry": {"type": "Polygon", "coordinates": [[[96.1578369140625, 16.809799590706184], [96.1578369140625, 16.815057959231932], [96.15234375, 16.815057959231932], [96.15234375, 16.809799590706184], [96.1578369140625, 16.809799590706184]]]}, "properties": {"quadkey": "1322012223122220", "tile_x": 96.1551, "tile_y": 16.812400000000004, "avg_d_kbps": 96955, "avg_u_kbps": 21558, "avg_lat_ms": 51, "avg_lat_down_ms": 510, "avg_lat_up_ms": 2126, "tests": 2, "devices": 2, "period_start": "2026-01-01", "period_end_exclusive": "2026-04-01", "service_type": "mobile", "source": "Ookla Open Data", "download_mbps": 96.955, "upload_mbps": 21.558, "centroid_in_project": true, "operator": null, "radio_generation": null, "serving_cell_id": null, "single_test_tile": false, "source_url": "https://ookla-open-data.s3.amazonaws.com/parquet/performance/type=mobile/year=2026/quarter=1/2026-01-01_performance_mobile_tiles.parquet"}}, {"type": "Feature", "id": "2026-01-01:1322012223122222", "geometry": {"type": "Polygon", "coordinates": [[[96.1578369140625, 16.80454107638345], [96.1578369140625, 16.809799590706184], [96.15234375, 16.809799590706184], [96.15234375, 16.80454107638345], [96.1578369140625, 16.80454107638345]]]}, "properties": {"quadkey": "1322012223122222", "tile_x": 96.1551, "tile_y": 16.8072, "avg_d_kbps": 37770, "avg_u_kbps": 5416, "avg_lat_ms": 109, "avg_lat_down_ms": 444, "avg_lat_up_ms": 2396, "tests": 1, "devices": 1, "period_start": "2026-01-01", "period_end_exclusive": "2026-04-01", "service_type": "mobile", "source": "Ookla Open Data", "download_mbps": 37.77, "upload_mbps": 5.416, "centroid_in_project": true, "operator": null, "radio_generation": null, "serving_cell_id": null, "single_test_tile": true, "source_url": "https://ookla-open-data.s3.amazonaws.com/parquet/performance/type=mobile/year=2026/quarter=1/2026-01-01_performance_mobile_tiles.parquet"}}, {"type": "Feature", "id": "2026-01-01:1322012223122230", "geometry": {"type": "Polygon", "coordinates": [[[96.1688232421875, 16.809799590706184], [96.1688232421875, 16.815057959231932], [96.163330078125, 16.815057959231932], [96.163330078125, 16.809799590706184], [96.1688232421875, 16.809799590706184]]]}, "properties": {"quadkey": "1322012223122230", "tile_x": 96.1661, "tile_y": 16.812400000000004, "avg_d_kbps": 9751, "avg_u_kbps": 8294, "avg_lat_ms": 93, "avg_lat_down_ms": 1152, "avg_lat_up_ms": 541, "tests": 3, "devices": 2, "period_start": "2026-01-01", "period_end_exclusive": "2026-04-01", "service_type": "mobile", "source": "Ookla Open Data", "download_mbps": 9.751, "upload_mbps": 8.294, "centroid_in_project": true, "operator": null, "radio_generation": null, "serving_cell_id": null, "single_test_tile": false, "source_url": "https://ookla-open-data.s3.amazonaws.com/parquet/performance/type=mobile/year=2026/quarter=1/2026-01-01_performance_mobile_tiles.parquet"}}, {"type": "Feature", "id": "2026-01-01:1322012223122232", "geometry": {"type": "Polygon", "coordinates": [[[96.1688232421875, 16.80454107638345], [96.1688232421875, 16.809799590706184], [96.163330078125, 16.809799590706184], [96.163330078125, 16.80454107638345], [96.1688232421875, 16.80454107638345]]]}, "properties": {"quadkey": "1322012223122232", "tile_x": 96.1661, "tile_y": 16.8072, "avg_d_kbps": 4118, "avg_u_kbps": 247, "avg_lat_ms": 96, "avg_lat_down_ms": 1083, "avg_lat_up_ms": null, "tests": 1, "devices": 1, "period_start": "2026-01-01", "period_end_exclusive": "2026-04-01", "service_type": "mobile", "source": "Ookla Open Data", "download_mbps": 4.118, "upload_mbps": 0.247, "centroid_in_project": true, "operator": null, "radio_generation": null, "serving_cell_id": null, "single_test_tile": true, "source_url": "https://ookla-open-data.s3.amazonaws.com/parquet/performance/type=mobile/year=2026/quarter=1/2026-01-01_performance_mobile_tiles.parquet"}}, {"type": "Feature", "id": "2026-01-01:1322012223122233", "geometry": {"type": "Polygon", "coordinates": [[[96.17431640625, 16.80454107638345], [96.17431640625, 16.809799590706184], [96.1688232421875, 16.809799590706184], [96.1688232421875, 16.80454107638345], [96.17431640625, 16.80454107638345]]]}, "properties": {"quadkey": "1322012223122233", "tile_x": 96.1716, "tile_y": 16.8072, "avg_d_kbps": 23898, "avg_u_kbps": 17309, "avg_lat_ms": 15, "avg_lat_down_ms": 801, "avg_lat_up_ms": 989, "tests": 1, "devices": 1, "period_start": "2026-01-01", "period_end_exclusive": "2026-04-01", "service_type": "mobile", "source": "Ookla Open Data", "download_mbps": 23.898, "upload_mbps": 17.309, "centroid_in_project": true, "operator": null, "radio_generation": null, "serving_cell_id": null, "single_test_tile": true, "source_url": "https://ookla-open-data.s3.amazonaws.com/parquet/performance/type=mobile/year=2026/quarter=1/2026-01-01_performance_mobile_tiles.parquet"}}, {"type": "Feature", "id": "2026-01-01:1322012223122301", "geometry": {"type": "Polygon", "coordinates": [[[96.185302734375, 16.82031618192045], [96.185302734375, 16.825574258731486], [96.1798095703125, 16.825574258731486], [96.1798095703125, 16.82031618192045], [96.185302734375, 16.82031618192045]]]}, "properties": {"quadkey": "1322012223122301", "tile_x": 96.18260000000001, "tile_y": 16.8229, "avg_d_kbps": 54843, "avg_u_kbps": 5018, "avg_lat_ms": 73, "avg_lat_down_ms": 726, "avg_lat_up_ms": 4799, "tests": 2, "devices": 2, "period_start": "2026-01-01", "period_end_exclusive": "2026-04-01", "service_type": "mobile", "source": "Ookla Open Data", "download_mbps": 54.843, "upload_mbps": 5.018, "centroid_in_project": true, "operator": null, "radio_generation": null, "serving_cell_id": null, "single_test_tile": false, "source_url": "https://ookla-open-data.s3.amazonaws.com/parquet/performance/type=mobile/year=2026/quarter=1/2026-01-01_performance_mobile_tiles.parquet"}}, {"type": "Feature", "id": "2026-01-01:1322012223122302", "geometry": {"type": "Polygon", "coordinates": [[[96.1798095703125, 16.815057959231932], [96.1798095703125, 16.82031618192045], [96.17431640625, 16.82031618192045], [96.17431640625, 16.815057959231932], [96.1798095703125, 16.815057959231932]]]}, "properties": {"quadkey": "1322012223122302", "tile_x": 96.17710000000001, "tile_y": 16.8177, "avg_d_kbps": 26343, "avg_u_kbps": 38539, "avg_lat_ms": 139, "avg_lat_down_ms": 1088, "avg_lat_up_ms": 1946, "tests": 2, "devices": 1, "period_start": "2026-01-01", "period_end_exclusive": "2026-04-01", "service_type": "mobile", "source": "Ookla Open Data", "download_mbps": 26.343, "upload_mbps": 38.539, "centroid_in_project": true, "operator": null, "radio_generation": null, "serving_cell_id": null, "single_test_tile": false, "source_url": "https://ookla-open-data.s3.amazonaws.com/parquet/performance/type=mobile/year=2026/quarter=1/2026-01-01_performance_mobile_tiles.parquet"}}, {"type": "Feature", "id": "2026-01-01:1322012223122303", "geometry": {"type": "Polygon", "coordinates": [[[96.185302734375, 16.815057959231932], [96.185302734375, 16.82031618192045], [96.1798095703125, 16.82031618192045], [96.1798095703125, 16.815057959231932], [96.185302734375, 16.815057959231932]]]}, "properties": {"quadkey": "1322012223122303", "tile_x": 96.18260000000001, "tile_y": 16.8177, "avg_d_kbps": 8354, "avg_u_kbps": 6247, "avg_lat_ms": 234, "avg_lat_down_ms": 1099, "avg_lat_up_ms": 483, "tests": 2, "devices": 1, "period_start": "2026-01-01", "period_end_exclusive": "2026-04-01", "service_type": "mobile", "source": "Ookla Open Data", "download_mbps": 8.354, "upload_mbps": 6.247, "centroid_in_project": true, "operator": null, "radio_generation": null, "serving_cell_id": null, "single_test_tile": false, "source_url": "https://ookla-open-data.s3.amazonaws.com/parquet/performance/type=mobile/year=2026/quarter=1/2026-01-01_performance_mobile_tiles.parquet"}}, {"type": "Feature", "id": "2026-01-01:1322012223122312", "geometry": {"type": "Polygon", "coordinates": [[[96.1907958984375, 16.815057959231932], [96.1907958984375, 16.82031618192045], [96.185302734375, 16.82031618192045], [96.185302734375, 16.815057959231932], [96.1907958984375, 16.815057959231932]]]}, "properties": {"quadkey": "1322012223122312", "tile_x": 96.18799999999999, "tile_y": 16.8177, "avg_d_kbps": 57126, "avg_u_kbps": 13574, "avg_lat_ms": 148, "avg_lat_down_ms": 468, "avg_lat_up_ms": 169, "tests": 3, "devices": 1, "period_start": "2026-01-01", "period_end_exclusive": "2026-04-01", "service_type": "mobile", "source": "Ookla Open Data", "download_mbps": 57.126, "upload_mbps": 13.574, "centroid_in_project": true, "operator": null, "radio_generation": null, "serving_cell_id": null, "single_test_tile": false, "source_url": "https://ookla-open-data.s3.amazonaws.com/parquet/performance/type=mobile/year=2026/quarter=1/2026-01-01_performance_mobile_tiles.parquet"}}, {"type": "Feature", "id": "2026-01-01:1322012223122313", "geometry": {"type": "Polygon", "coordinates": [[[96.1962890625, 16.815057959231932], [96.1962890625, 16.82031618192045], [96.1907958984375, 16.82031618192045], [96.1907958984375, 16.815057959231932], [96.1962890625, 16.815057959231932]]]}, "properties": {"quadkey": "1322012223122313", "tile_x": 96.1935, "tile_y": 16.8177, "avg_d_kbps": 43167, "avg_u_kbps": 32920, "avg_lat_ms": 88, "avg_lat_down_ms": 497, "avg_lat_up_ms": 994, "tests": 1, "devices": 1, "period_start": "2026-01-01", "period_end_exclusive": "2026-04-01", "service_type": "mobile", "source": "Ookla Open Data", "download_mbps": 43.167, "upload_mbps": 32.92, "centroid_in_project": true, "operator": null, "radio_generation": null, "serving_cell_id": null, "single_test_tile": true, "source_url": "https://ookla-open-data.s3.amazonaws.com/parquet/performance/type=mobile/year=2026/quarter=1/2026-01-01_performance_mobile_tiles.parquet"}}, {"type": "Feature", "id": "2026-01-01:1322012223122320", "geometry": {"type": "Polygon", "coordinates": [[[96.1798095703125, 16.809799590706184], [96.1798095703125, 16.815057959231932], [96.17431640625, 16.815057959231932], [96.17431640625, 16.809799590706184], [96.1798095703125, 16.809799590706184]]]}, "properties": {"quadkey": "1322012223122320", "tile_x": 96.17710000000001, "tile_y": 16.812400000000004, "avg_d_kbps": 14611, "avg_u_kbps": 12209, "avg_lat_ms": 130, "avg_lat_down_ms": 786, "avg_lat_up_ms": 977, "tests": 6, "devices": 4, "period_start": "2026-01-01", "period_end_exclusive": "2026-04-01", "service_type": "mobile", "source": "Ookla Open Data", "download_mbps": 14.611, "upload_mbps": 12.209, "centroid_in_project": true, "operator": null, "radio_generation": null, "serving_cell_id": null, "single_test_tile": false, "source_url": "https://ookla-open-data.s3.amazonaws.com/parquet/performance/type=mobile/year=2026/quarter=1/2026-01-01_performance_mobile_tiles.parquet"}}, {"type": "Feature", "id": "2026-01-01:1322012223122321", "geometry": {"type": "Polygon", "coordinates": [[[96.185302734375, 16.809799590706184], [96.185302734375, 16.815057959231932], [96.1798095703125, 16.815057959231932], [96.1798095703125, 16.809799590706184], [96.185302734375, 16.809799590706184]]]}, "properties": {"quadkey": "1322012223122321", "tile_x": 96.18260000000001, "tile_y": 16.812400000000004, "avg_d_kbps": 36703, "avg_u_kbps": 15393, "avg_lat_ms": 209, "avg_lat_down_ms": 822, "avg_lat_up_ms": 443, "tests": 3, "devices": 3, "period_start": "2026-01-01", "period_end_exclusive": "2026-04-01", "service_type": "mobile", "source": "Ookla Open Data", "download_mbps": 36.703, "upload_mbps": 15.393, "centroid_in_project": true, "operator": null, "radio_generation": null, "serving_cell_id": null, "single_test_tile": false, "source_url": "https://ookla-open-data.s3.amazonaws.com/parquet/performance/type=mobile/year=2026/quarter=1/2026-01-01_performance_mobile_tiles.parquet"}}, {"type": "Feature", "id": "2026-01-01:1322012223122322", "geometry": {"type": "Polygon", "coordinates": [[[96.1798095703125, 16.80454107638345], [96.1798095703125, 16.809799590706184], [96.17431640625, 16.809799590706184], [96.17431640625, 16.80454107638345], [96.1798095703125, 16.80454107638345]]]}, "properties": {"quadkey": "1322012223122322", "tile_x": 96.17710000000001, "tile_y": 16.8072, "avg_d_kbps": 21362, "avg_u_kbps": 24022, "avg_lat_ms": 67, "avg_lat_down_ms": 718, "avg_lat_up_ms": 739, "tests": 11, "devices": 6, "period_start": "2026-01-01", "period_end_exclusive": "2026-04-01", "service_type": "mobile", "source": "Ookla Open Data", "download_mbps": 21.362, "upload_mbps": 24.022, "centroid_in_project": true, "operator": null, "radio_generation": null, "serving_cell_id": null, "single_test_tile": false, "source_url": "https://ookla-open-data.s3.amazonaws.com/parquet/performance/type=mobile/year=2026/quarter=1/2026-01-01_performance_mobile_tiles.parquet"}}, {"type": "Feature", "id": "2026-01-01:1322012223122323", "geometry": {"type": "Polygon", "coordinates": [[[96.185302734375, 16.80454107638345], [96.185302734375, 16.809799590706184], [96.1798095703125, 16.809799590706184], [96.1798095703125, 16.80454107638345], [96.185302734375, 16.80454107638345]]]}, "properties": {"quadkey": "1322012223122323", "tile_x": 96.18260000000001, "tile_y": 16.8072, "avg_d_kbps": 28862, "avg_u_kbps": 14803, "avg_lat_ms": 65, "avg_lat_down_ms": 335, "avg_lat_up_ms": 945, "tests": 3, "devices": 3, "period_start": "2026-01-01", "period_end_exclusive": "2026-04-01", "service_type": "mobile", "source": "Ookla Open Data", "download_mbps": 28.862, "upload_mbps": 14.803, "centroid_in_project": true, "operator": null, "radio_generation": null, "serving_cell_id": null, "single_test_tile": false, "source_url": "https://ookla-open-data.s3.amazonaws.com/parquet/performance/type=mobile/year=2026/quarter=1/2026-01-01_performance_mobile_tiles.parquet"}}, {"type": "Feature", "id": "2026-01-01:1322012223122330", "geometry": {"type": "Polygon", "coordinates": [[[96.1907958984375, 16.809799590706184], [96.1907958984375, 16.815057959231932], [96.185302734375, 16.815057959231932], [96.185302734375, 16.809799590706184], [96.1907958984375, 16.809799590706184]]]}, "properties": {"quadkey": "1322012223122330", "tile_x": 96.18799999999999, "tile_y": 16.812400000000004, "avg_d_kbps": 30931, "avg_u_kbps": 20556, "avg_lat_ms": 61, "avg_lat_down_ms": 259, "avg_lat_up_ms": 58, "tests": 5, "devices": 2, "period_start": "2026-01-01", "period_end_exclusive": "2026-04-01", "service_type": "mobile", "source": "Ookla Open Data", "download_mbps": 30.931, "upload_mbps": 20.556, "centroid_in_project": true, "operator": null, "radio_generation": null, "serving_cell_id": null, "single_test_tile": false, "source_url": "https://ookla-open-data.s3.amazonaws.com/parquet/performance/type=mobile/year=2026/quarter=1/2026-01-01_performance_mobile_tiles.parquet"}}, {"type": "Feature", "id": "2026-01-01:1322012223122331", "geometry": {"type": "Polygon", "coordinates": [[[96.1962890625, 16.809799590706184], [96.1962890625, 16.815057959231932], [96.1907958984375, 16.815057959231932], [96.1907958984375, 16.809799590706184], [96.1962890625, 16.809799590706184]]]}, "properties": {"quadkey": "1322012223122331", "tile_x": 96.1935, "tile_y": 16.812400000000004, "avg_d_kbps": 29330, "avg_u_kbps": 16609, "avg_lat_ms": 46, "avg_lat_down_ms": 523, "avg_lat_up_ms": 385, "tests": 7, "devices": 1, "period_start": "2026-01-01", "period_end_exclusive": "2026-04-01", "service_type": "mobile", "source": "Ookla Open Data", "download_mbps": 29.33, "upload_mbps": 16.609, "centroid_in_project": true, "operator": null, "radio_generation": null, "serving_cell_id": null, "single_test_tile": false, "source_url": "https://ookla-open-data.s3.amazonaws.com/parquet/performance/type=mobile/year=2026/quarter=1/2026-01-01_performance_mobile_tiles.parquet"}}, {"type": "Feature", "id": "2026-01-01:1322012223122333", "geometry": {"type": "Polygon", "coordinates": [[[96.1962890625, 16.80454107638345], [96.1962890625, 16.809799590706184], [96.1907958984375, 16.809799590706184], [96.1907958984375, 16.80454107638345], [96.1962890625, 16.80454107638345]]]}, "properties": {"quadkey": "1322012223122333", "tile_x": 96.1935, "tile_y": 16.8072, "avg_d_kbps": 41687, "avg_u_kbps": 15893, "avg_lat_ms": 69, "avg_lat_down_ms": 747, "avg_lat_up_ms": 785, "tests": 3, "devices": 3, "period_start": "2026-01-01", "period_end_exclusive": "2026-04-01", "service_type": "mobile", "source": "Ookla Open Data", "download_mbps": 41.687, "upload_mbps": 15.893, "centroid_in_project": true, "operator": null, "radio_generation": null, "serving_cell_id": null, "single_test_tile": false, "source_url": "https://ookla-open-data.s3.amazonaws.com/parquet/performance/type=mobile/year=2026/quarter=1/2026-01-01_performance_mobile_tiles.parquet"}}, {"type": "Feature", "id": "2026-01-01:1322012223123000", "geometry": {"type": "Polygon", "coordinates": [[[96.2017822265625, 16.841347613497447], [96.2017822265625, 16.846605106396304], [96.1962890625, 16.846605106396304], [96.1962890625, 16.841347613497447], [96.2017822265625, 16.841347613497447]]]}, "properties": {"quadkey": "1322012223123000", "tile_x": 96.199, "tile_y": 16.844, "avg_d_kbps": 39516, "avg_u_kbps": 10116, "avg_lat_ms": 74, "avg_lat_down_ms": 620, "avg_lat_up_ms": 1578, "tests": 1, "devices": 1, "period_start": "2026-01-01", "period_end_exclusive": "2026-04-01", "service_type": "mobile", "source": "Ookla Open Data", "download_mbps": 39.516, "upload_mbps": 10.116, "centroid_in_project": true, "operator": null, "radio_generation": null, "serving_cell_id": null, "single_test_tile": true, "source_url": "https://ookla-open-data.s3.amazonaws.com/parquet/performance/type=mobile/year=2026/quarter=1/2026-01-01_performance_mobile_tiles.parquet"}}, {"type": "Feature", "id": "2026-01-01:1322012223123001", "geometry": {"type": "Polygon", "coordinates": [[[96.207275390625, 16.841347613497447], [96.207275390625, 16.846605106396304], [96.2017822265625, 16.846605106396304], [96.2017822265625, 16.841347613497447], [96.207275390625, 16.841347613497447]]]}, "properties": {"quadkey": "1322012223123001", "tile_x": 96.20450000000001, "tile_y": 16.844, "avg_d_kbps": 23683, "avg_u_kbps": 6516, "avg_lat_ms": 114, "avg_lat_down_ms": 1290, "avg_lat_up_ms": 1095, "tests": 10, "devices": 2, "period_start": "2026-01-01", "period_end_exclusive": "2026-04-01", "service_type": "mobile", "source": "Ookla Open Data", "download_mbps": 23.683, "upload_mbps": 6.516, "centroid_in_project": true, "operator": null, "radio_generation": null, "serving_cell_id": null, "single_test_tile": false, "source_url": "https://ookla-open-data.s3.amazonaws.com/parquet/performance/type=mobile/year=2026/quarter=1/2026-01-01_performance_mobile_tiles.parquet"}}, {"type": "Feature", "id": "2026-01-01:1322012223123003", "geometry": {"type": "Polygon", "coordinates": [[[96.207275390625, 16.836089974560213], [96.207275390625, 16.841347613497447], [96.2017822265625, 16.841347613497447], [96.2017822265625, 16.836089974560213], [96.207275390625, 16.836089974560213]]]}, "properties": {"quadkey": "1322012223123003", "tile_x": 96.20450000000001, "tile_y": 16.8387, "avg_d_kbps": 38314, "avg_u_kbps": 36278, "avg_lat_ms": 13, "avg_lat_down_ms": 796, "avg_lat_up_ms": 432, "tests": 1, "devices": 1, "period_start": "2026-01-01", "period_end_exclusive": "2026-04-01", "service_type": "mobile", "source": "Ookla Open Data", "download_mbps": 38.314, "upload_mbps": 36.278, "centroid_in_project": true, "operator": null, "radio_generation": null, "serving_cell_id": null, "single_test_tile": true, "source_url": "https://ookla-open-data.s3.amazonaws.com/parquet/performance/type=mobile/year=2026/quarter=1/2026-01-01_performance_mobile_tiles.parquet"}}, {"type": "Feature", "id": "2026-01-01:1322012223123012", "geometry": {"type": "Polygon", "coordinates": [[[96.2127685546875, 16.836089974560213], [96.2127685546875, 16.841347613497447], [96.207275390625, 16.841347613497447], [96.207275390625, 16.836089974560213], [96.2127685546875, 16.836089974560213]]]}, "properties": {"quadkey": "1322012223123012", "tile_x": 96.21000000000001, "tile_y": 16.8387, "avg_d_kbps": 50958, "avg_u_kbps": 787, "avg_lat_ms": 177, "avg_lat_down_ms": 356, "avg_lat_up_ms": 6431, "tests": 1, "devices": 1, "period_start": "2026-01-01", "period_end_exclusive": "2026-04-01", "service_type": "mobile", "source": "Ookla Open Data", "download_mbps": 50.958, "upload_mbps": 0.787, "centroid_in_project": true, "operator": null, "radio_generation": null, "serving_cell_id": null, "single_test_tile": true, "source_url": "https://ookla-open-data.s3.amazonaws.com/parquet/performance/type=mobile/year=2026/quarter=1/2026-01-01_performance_mobile_tiles.parquet"}}, {"type": "Feature", "id": "2026-01-01:1322012223123020", "geometry": {"type": "Polygon", "coordinates": [[[96.2017822265625, 16.83083218962482], [96.2017822265625, 16.836089974560213], [96.1962890625, 16.836089974560213], [96.1962890625, 16.83083218962482], [96.2017822265625, 16.83083218962482]]]}, "properties": {"quadkey": "1322012223123020", "tile_x": 96.199, "tile_y": 16.833499999999997, "avg_d_kbps": 1001, "avg_u_kbps": 343, "avg_lat_ms": 227, "avg_lat_down_ms": 260, "avg_lat_up_ms": 237, "tests": 1, "devices": 1, "period_start": "2026-01-01", "period_end_exclusive": "2026-04-01", "service_type": "mobile", "source": "Ookla Open Data", "download_mbps": 1.001, "upload_mbps": 0.343, "centroid_in_project": true, "operator": null, "radio_generation": null, "serving_cell_id": null, "single_test_tile": true, "source_url": "https://ookla-open-data.s3.amazonaws.com/parquet/performance/type=mobile/year=2026/quarter=1/2026-01-01_performance_mobile_tiles.parquet"}}, {"type": "Feature", "id": "2026-01-01:1322012223123023", "geometry": {"type": "Polygon", "coordinates": [[[96.207275390625, 16.825574258731486], [96.207275390625, 16.83083218962482], [96.2017822265625, 16.83083218962482], [96.2017822265625, 16.825574258731486], [96.207275390625, 16.825574258731486]]]}, "properties": {"quadkey": "1322012223123023", "tile_x": 96.20450000000001, "tile_y": 16.828200000000002, "avg_d_kbps": 50786, "avg_u_kbps": 16002, "avg_lat_ms": 107, "avg_lat_down_ms": 342, "avg_lat_up_ms": 145, "tests": 1, "devices": 1, "period_start": "2026-01-01", "period_end_exclusive": "2026-04-01", "service_type": "mobile", "source": "Ookla Open Data", "download_mbps": 50.786, "upload_mbps": 16.002, "centroid_in_project": true, "operator": null, "radio_generation": null, "serving_cell_id": null, "single_test_tile": true, "source_url": "https://ookla-open-data.s3.amazonaws.com/parquet/performance/type=mobile/year=2026/quarter=1/2026-01-01_performance_mobile_tiles.parquet"}}, {"type": "Feature", "id": "2026-01-01:1322012223123101", "geometry": {"type": "Polygon", "coordinates": [[[96.229248046875, 16.841347613497447], [96.229248046875, 16.846605106396304], [96.2237548828125, 16.846605106396304], [96.2237548828125, 16.841347613497447], [96.229248046875, 16.841347613497447]]]}, "properties": {"quadkey": "1322012223123101", "tile_x": 96.2265, "tile_y": 16.844, "avg_d_kbps": 799, "avg_u_kbps": 288, "avg_lat_ms": 57, "avg_lat_down_ms": 810, "avg_lat_up_ms": 189, "tests": 1, "devices": 1, "period_start": "2026-01-01", "period_end_exclusive": "2026-04-01", "service_type": "mobile", "source": "Ookla Open Data", "download_mbps": 0.799, "upload_mbps": 0.288, "centroid_in_project": true, "operator": null, "radio_generation": null, "serving_cell_id": null, "single_test_tile": true, "source_url": "https://ookla-open-data.s3.amazonaws.com/parquet/performance/type=mobile/year=2026/quarter=1/2026-01-01_performance_mobile_tiles.parquet"}}, {"type": "Feature", "id": "2026-01-01:1322012223123111", "geometry": {"type": "Polygon", "coordinates": [[[96.240234375, 16.841347613497447], [96.240234375, 16.846605106396304], [96.2347412109375, 16.846605106396304], [96.2347412109375, 16.841347613497447], [96.240234375, 16.841347613497447]]]}, "properties": {"quadkey": "1322012223123111", "tile_x": 96.2375, "tile_y": 16.844, "avg_d_kbps": 73885, "avg_u_kbps": 45469, "avg_lat_ms": 136, "avg_lat_down_ms": 550, "avg_lat_up_ms": 710, "tests": 1, "devices": 1, "period_start": "2026-01-01", "period_end_exclusive": "2026-04-01", "service_type": "mobile", "source": "Ookla Open Data", "download_mbps": 73.885, "upload_mbps": 45.469, "centroid_in_project": true, "operator": null, "radio_generation": null, "serving_cell_id": null, "single_test_tile": true, "source_url": "https://ookla-open-data.s3.amazonaws.com/parquet/performance/type=mobile/year=2026/quarter=1/2026-01-01_performance_mobile_tiles.parquet"}}, {"type": "Feature", "id": "2026-01-01:1322012223123201", "geometry": {"type": "Polygon", "coordinates": [[[96.207275390625, 16.82031618192045], [96.207275390625, 16.825574258731486], [96.2017822265625, 16.825574258731486], [96.2017822265625, 16.82031618192045], [96.207275390625, 16.82031618192045]]]}, "properties": {"quadkey": "1322012223123201", "tile_x": 96.20450000000001, "tile_y": 16.8229, "avg_d_kbps": 6299, "avg_u_kbps": 29048, "avg_lat_ms": 75, "avg_lat_down_ms": 832, "avg_lat_up_ms": 1184, "tests": 1, "devices": 1, "period_start": "2026-01-01", "period_end_exclusive": "2026-04-01", "service_type": "mobile", "source": "Ookla Open Data", "download_mbps": 6.299, "upload_mbps": 29.048, "centroid_in_project": true, "operator": null, "radio_generation": null, "serving_cell_id": null, "single_test_tile": true, "source_url": "https://ookla-open-data.s3.amazonaws.com/parquet/performance/type=mobile/year=2026/quarter=1/2026-01-01_performance_mobile_tiles.parquet"}}, {"type": "Feature", "id": "2026-01-01:1322012223123202", "geometry": {"type": "Polygon", "coordinates": [[[96.2017822265625, 16.815057959231932], [96.2017822265625, 16.82031618192045], [96.1962890625, 16.82031618192045], [96.1962890625, 16.815057959231932], [96.2017822265625, 16.815057959231932]]]}, "properties": {"quadkey": "1322012223123202", "tile_x": 96.199, "tile_y": 16.8177, "avg_d_kbps": 41809, "avg_u_kbps": 10262, "avg_lat_ms": 115, "avg_lat_down_ms": 798, "avg_lat_up_ms": 715, "tests": 2, "devices": 2, "period_start": "2026-01-01", "period_end_exclusive": "2026-04-01", "service_type": "mobile", "source": "Ookla Open Data", "download_mbps": 41.809, "upload_mbps": 10.262, "centroid_in_project": true, "operator": null, "radio_generation": null, "serving_cell_id": null, "single_test_tile": false, "source_url": "https://ookla-open-data.s3.amazonaws.com/parquet/performance/type=mobile/year=2026/quarter=1/2026-01-01_performance_mobile_tiles.parquet"}}, {"type": "Feature", "id": "2026-01-01:1322012223123213", "geometry": {"type": "Polygon", "coordinates": [[[96.21826171875, 16.815057959231932], [96.21826171875, 16.82031618192045], [96.2127685546875, 16.82031618192045], [96.2127685546875, 16.815057959231932], [96.21826171875, 16.815057959231932]]]}, "properties": {"quadkey": "1322012223123213", "tile_x": 96.21549999999999, "tile_y": 16.8177, "avg_d_kbps": 22914, "avg_u_kbps": 17194, "avg_lat_ms": 208, "avg_lat_down_ms": 939, "avg_lat_up_ms": 513, "tests": 3, "devices": 1, "period_start": "2026-01-01", "period_end_exclusive": "2026-04-01", "service_type": "mobile", "source": "Ookla Open Data", "download_mbps": 22.914, "upload_mbps": 17.194, "centroid_in_project": true, "operator": null, "radio_generation": null, "serving_cell_id": null, "single_test_tile": false, "source_url": "https://ookla-open-data.s3.amazonaws.com/parquet/performance/type=mobile/year=2026/quarter=1/2026-01-01_performance_mobile_tiles.parquet"}}, {"type": "Feature", "id": "2026-01-01:1322012223123223", "geometry": {"type": "Polygon", "coordinates": [[[96.207275390625, 16.80454107638345], [96.207275390625, 16.809799590706184], [96.2017822265625, 16.809799590706184], [96.2017822265625, 16.80454107638345], [96.207275390625, 16.80454107638345]]]}, "properties": {"quadkey": "1322012223123223", "tile_x": 96.20450000000001, "tile_y": 16.8072, "avg_d_kbps": 37081, "avg_u_kbps": 26456, "avg_lat_ms": 210, "avg_lat_down_ms": 1313, "avg_lat_up_ms": 1542, "tests": 1, "devices": 1, "period_start": "2026-01-01", "period_end_exclusive": "2026-04-01", "service_type": "mobile", "source": "Ookla Open Data", "download_mbps": 37.081, "upload_mbps": 26.456, "centroid_in_project": true, "operator": null, "radio_generation": null, "serving_cell_id": null, "single_test_tile": true, "source_url": "https://ookla-open-data.s3.amazonaws.com/parquet/performance/type=mobile/year=2026/quarter=1/2026-01-01_performance_mobile_tiles.parquet"}}, {"type": "Feature", "id": "2026-01-01:1322012223123231", "geometry": {"type": "Polygon", "coordinates": [[[96.21826171875, 16.809799590706184], [96.21826171875, 16.815057959231932], [96.2127685546875, 16.815057959231932], [96.2127685546875, 16.809799590706184], [96.21826171875, 16.809799590706184]]]}, "properties": {"quadkey": "1322012223123231", "tile_x": 96.21549999999999, "tile_y": 16.812400000000004, "avg_d_kbps": 33193, "avg_u_kbps": 19873, "avg_lat_ms": 189, "avg_lat_down_ms": 2461, "avg_lat_up_ms": 1389, "tests": 3, "devices": 3, "period_start": "2026-01-01", "period_end_exclusive": "2026-04-01", "service_type": "mobile", "source": "Ookla Open Data", "download_mbps": 33.193, "upload_mbps": 19.873, "centroid_in_project": true, "operator": null, "radio_generation": null, "serving_cell_id": null, "single_test_tile": false, "source_url": "https://ookla-open-data.s3.amazonaws.com/parquet/performance/type=mobile/year=2026/quarter=1/2026-01-01_performance_mobile_tiles.parquet"}}, {"type": "Feature", "id": "2026-01-01:1322012223123232", "geometry": {"type": "Polygon", "coordinates": [[[96.2127685546875, 16.80454107638345], [96.2127685546875, 16.809799590706184], [96.207275390625, 16.809799590706184], [96.207275390625, 16.80454107638345], [96.2127685546875, 16.80454107638345]]]}, "properties": {"quadkey": "1322012223123232", "tile_x": 96.21000000000001, "tile_y": 16.8072, "avg_d_kbps": 37772, "avg_u_kbps": 1038, "avg_lat_ms": 194, "avg_lat_down_ms": 5476, "avg_lat_up_ms": 4247, "tests": 1, "devices": 1, "period_start": "2026-01-01", "period_end_exclusive": "2026-04-01", "service_type": "mobile", "source": "Ookla Open Data", "download_mbps": 37.772, "upload_mbps": 1.038, "centroid_in_project": true, "operator": null, "radio_generation": null, "serving_cell_id": null, "single_test_tile": true, "source_url": "https://ookla-open-data.s3.amazonaws.com/parquet/performance/type=mobile/year=2026/quarter=1/2026-01-01_performance_mobile_tiles.parquet"}}, {"type": "Feature", "id": "2026-01-01:1322012223123233", "geometry": {"type": "Polygon", "coordinates": [[[96.21826171875, 16.80454107638345], [96.21826171875, 16.809799590706184], [96.2127685546875, 16.809799590706184], [96.2127685546875, 16.80454107638345], [96.21826171875, 16.80454107638345]]]}, "properties": {"quadkey": "1322012223123233", "tile_x": 96.21549999999999, "tile_y": 16.8072, "avg_d_kbps": 26316, "avg_u_kbps": 37091, "avg_lat_ms": 260, "avg_lat_down_ms": 1758, "avg_lat_up_ms": 1404, "tests": 1, "devices": 1, "period_start": "2026-01-01", "period_end_exclusive": "2026-04-01", "service_type": "mobile", "source": "Ookla Open Data", "download_mbps": 26.316, "upload_mbps": 37.091, "centroid_in_project": true, "operator": null, "radio_generation": null, "serving_cell_id": null, "single_test_tile": true, "source_url": "https://ookla-open-data.s3.amazonaws.com/parquet/performance/type=mobile/year=2026/quarter=1/2026-01-01_performance_mobile_tiles.parquet"}}, {"type": "Feature", "id": "2026-01-01:1322012223123322", "geometry": {"type": "Polygon", "coordinates": [[[96.2237548828125, 16.80454107638345], [96.2237548828125, 16.809799590706184], [96.21826171875, 16.809799590706184], [96.21826171875, 16.80454107638345], [96.2237548828125, 16.80454107638345]]]}, "properties": {"quadkey": "1322012223123322", "tile_x": 96.221, "tile_y": 16.8072, "avg_d_kbps": 36468, "avg_u_kbps": 17207, "avg_lat_ms": 236, "avg_lat_down_ms": 511, "avg_lat_up_ms": 323, "tests": 2, "devices": 1, "period_start": "2026-01-01", "period_end_exclusive": "2026-04-01", "service_type": "mobile", "source": "Ookla Open Data", "download_mbps": 36.468, "upload_mbps": 17.207, "centroid_in_project": true, "operator": null, "radio_generation": null, "serving_cell_id": null, "single_test_tile": false, "source_url": "https://ookla-open-data.s3.amazonaws.com/parquet/performance/type=mobile/year=2026/quarter=1/2026-01-01_performance_mobile_tiles.parquet"}}, {"type": "Feature", "id": "2026-01-01:1322012223123323", "geometry": {"type": "Polygon", "coordinates": [[[96.229248046875, 16.80454107638345], [96.229248046875, 16.809799590706184], [96.2237548828125, 16.809799590706184], [96.2237548828125, 16.80454107638345], [96.229248046875, 16.80454107638345]]]}, "properties": {"quadkey": "1322012223123323", "tile_x": 96.2265, "tile_y": 16.8072, "avg_d_kbps": 1268, "avg_u_kbps": 309, "avg_lat_ms": 323, "avg_lat_down_ms": 325, "avg_lat_up_ms": 333, "tests": 1, "devices": 1, "period_start": "2026-01-01", "period_end_exclusive": "2026-04-01", "service_type": "mobile", "source": "Ookla Open Data", "download_mbps": 1.268, "upload_mbps": 0.309, "centroid_in_project": true, "operator": null, "radio_generation": null, "serving_cell_id": null, "single_test_tile": true, "source_url": "https://ookla-open-data.s3.amazonaws.com/parquet/performance/type=mobile/year=2026/quarter=1/2026-01-01_performance_mobile_tiles.parquet"}}, {"type": "Feature", "id": "2026-01-01:1322012223123331", "geometry": {"type": "Polygon", "coordinates": [[[96.240234375, 16.809799590706184], [96.240234375, 16.815057959231932], [96.2347412109375, 16.815057959231932], [96.2347412109375, 16.809799590706184], [96.240234375, 16.809799590706184]]]}, "properties": {"quadkey": "1322012223123331", "tile_x": 96.2375, "tile_y": 16.812400000000004, "avg_d_kbps": 1431, "avg_u_kbps": 6270, "avg_lat_ms": 20, "avg_lat_down_ms": 5847, "avg_lat_up_ms": 1082, "tests": 4, "devices": 2, "period_start": "2026-01-01", "period_end_exclusive": "2026-04-01", "service_type": "mobile", "source": "Ookla Open Data", "download_mbps": 1.431, "upload_mbps": 6.27, "centroid_in_project": true, "operator": null, "radio_generation": null, "serving_cell_id": null, "single_test_tile": false, "source_url": "https://ookla-open-data.s3.amazonaws.com/parquet/performance/type=mobile/year=2026/quarter=1/2026-01-01_performance_mobile_tiles.parquet"}}, {"type": "Feature", "id": "2026-01-01:1322012223130021", "geometry": {"type": "Polygon", "coordinates": [[[96.251220703125, 16.87289037890778], [96.251220703125, 16.878146994732166], [96.2457275390625, 16.878146994732166], [96.2457275390625, 16.87289037890778], [96.251220703125, 16.87289037890778]]]}, "properties": {"quadkey": "1322012223130021", "tile_x": 96.2485, "tile_y": 16.8755, "avg_d_kbps": 7605, "avg_u_kbps": 11910, "avg_lat_ms": 186, "avg_lat_down_ms": 2605, "avg_lat_up_ms": 695, "tests": 1, "devices": 1, "period_start": "2026-01-01", "period_end_exclusive": "2026-04-01", "service_type": "mobile", "source": "Ookla Open Data", "download_mbps": 7.605, "upload_mbps": 11.91, "centroid_in_project": true, "operator": null, "radio_generation": null, "serving_cell_id": null, "single_test_tile": true, "source_url": "https://ookla-open-data.s3.amazonaws.com/parquet/performance/type=mobile/year=2026/quarter=1/2026-01-01_performance_mobile_tiles.parquet"}}, {"type": "Feature", "id": "2026-01-01:1322012223130032", "geometry": {"type": "Polygon", "coordinates": [[[96.2567138671875, 16.867633616803843], [96.2567138671875, 16.87289037890778], [96.251220703125, 16.87289037890778], [96.251220703125, 16.867633616803843], [96.2567138671875, 16.867633616803843]]]}, "properties": {"quadkey": "1322012223130032", "tile_x": 96.25399999999999, "tile_y": 16.8703, "avg_d_kbps": 47431, "avg_u_kbps": 20069, "avg_lat_ms": 74, "avg_lat_down_ms": 614, "avg_lat_up_ms": 366, "tests": 1, "devices": 1, "period_start": "2026-01-01", "period_end_exclusive": "2026-04-01", "service_type": "mobile", "source": "Ookla Open Data", "download_mbps": 47.431, "upload_mbps": 20.069, "centroid_in_project": true, "operator": null, "radio_generation": null, "serving_cell_id": null, "single_test_tile": true, "source_url": "https://ookla-open-data.s3.amazonaws.com/parquet/performance/type=mobile/year=2026/quarter=1/2026-01-01_performance_mobile_tiles.parquet"}}, {"type": "Feature", "id": "2026-01-01:1322012223130201", "geometry": {"type": "Polygon", "coordinates": [[[96.251220703125, 16.862376708460538], [96.251220703125, 16.867633616803843], [96.2457275390625, 16.867633616803843], [96.2457275390625, 16.862376708460538], [96.251220703125, 16.862376708460538]]]}, "properties": {"quadkey": "1322012223130201", "tile_x": 96.2485, "tile_y": 16.865000000000002, "avg_d_kbps": 5594, "avg_u_kbps": 14658, "avg_lat_ms": 60, "avg_lat_down_ms": 92, "avg_lat_up_ms": 1704, "tests": 1, "devices": 1, "period_start": "2026-01-01", "period_end_exclusive": "2026-04-01", "service_type": "mobile", "source": "Ookla Open Data", "download_mbps": 5.594, "upload_mbps": 14.658, "centroid_in_project": true, "operator": null, "radio_generation": null, "serving_cell_id": null, "single_test_tile": true, "source_url": "https://ookla-open-data.s3.amazonaws.com/parquet/performance/type=mobile/year=2026/quarter=1/2026-01-01_performance_mobile_tiles.parquet"}}, {"type": "Feature", "id": "2026-01-01:1322012223132120", "geometry": {"type": "Polygon", "coordinates": [[[96.2677001953125, 16.83083218962482], [96.2677001953125, 16.836089974560213], [96.26220703125, 16.836089974560213], [96.26220703125, 16.83083218962482], [96.2677001953125, 16.83083218962482]]]}, "properties": {"quadkey": "1322012223132120", "tile_x": 96.265, "tile_y": 16.833499999999997, "avg_d_kbps": 1464, "avg_u_kbps": 216, "avg_lat_ms": 41, "avg_lat_down_ms": 105, "avg_lat_up_ms": 344, "tests": 1, "devices": 1, "period_start": "2026-01-01", "period_end_exclusive": "2026-04-01", "service_type": "mobile", "source": "Ookla Open Data", "download_mbps": 1.464, "upload_mbps": 0.216, "centroid_in_project": true, "operator": null, "radio_generation": null, "serving_cell_id": null, "single_test_tile": true, "source_url": "https://ookla-open-data.s3.amazonaws.com/parquet/performance/type=mobile/year=2026/quarter=1/2026-01-01_performance_mobile_tiles.parquet"}}, {"type": "Feature", "id": "2026-01-01:1322012223132121", "geometry": {"type": "Polygon", "coordinates": [[[96.273193359375, 16.83083218962482], [96.273193359375, 16.836089974560213], [96.2677001953125, 16.836089974560213], [96.2677001953125, 16.83083218962482], [96.273193359375, 16.83083218962482]]]}, "properties": {"quadkey": "1322012223132121", "tile_x": 96.2704, "tile_y": 16.833499999999997, "avg_d_kbps": 56038, "avg_u_kbps": 21797, "avg_lat_ms": 74, "avg_lat_down_ms": 678, "avg_lat_up_ms": 1229, "tests": 2, "devices": 1, "period_start": "2026-01-01", "period_end_exclusive": "2026-04-01", "service_type": "mobile", "source": "Ookla Open Data", "download_mbps": 56.038, "upload_mbps": 21.797, "centroid_in_project": true, "operator": null, "radio_generation": null, "serving_cell_id": null, "single_test_tile": false, "source_url": "https://ookla-open-data.s3.amazonaws.com/parquet/performance/type=mobile/year=2026/quarter=1/2026-01-01_performance_mobile_tiles.parquet"}}, {"type": "Feature", "id": "2026-01-01:1322012223132122", "geometry": {"type": "Polygon", "coordinates": [[[96.2677001953125, 16.825574258731486], [96.2677001953125, 16.83083218962482], [96.26220703125, 16.83083218962482], [96.26220703125, 16.825574258731486], [96.2677001953125, 16.825574258731486]]]}, "properties": {"quadkey": "1322012223132122", "tile_x": 96.265, "tile_y": 16.828200000000002, "avg_d_kbps": 24896, "avg_u_kbps": 17811, "avg_lat_ms": 12, "avg_lat_down_ms": 636, "avg_lat_up_ms": 798, "tests": 1, "devices": 1, "period_start": "2026-01-01", "period_end_exclusive": "2026-04-01", "service_type": "mobile", "source": "Ookla Open Data", "download_mbps": 24.896, "upload_mbps": 17.811, "centroid_in_project": true, "operator": null, "radio_generation": null, "serving_cell_id": null, "single_test_tile": true, "source_url": "https://ookla-open-data.s3.amazonaws.com/parquet/performance/type=mobile/year=2026/quarter=1/2026-01-01_performance_mobile_tiles.parquet"}}, {"type": "Feature", "id": "2026-01-01:1322012223132132", "geometry": {"type": "Polygon", "coordinates": [[[96.2786865234375, 16.825574258731486], [96.2786865234375, 16.83083218962482], [96.273193359375, 16.83083218962482], [96.273193359375, 16.825574258731486], [96.2786865234375, 16.825574258731486]]]}, "properties": {"quadkey": "1322012223132132", "tile_x": 96.27590000000001, "tile_y": 16.828200000000002, "avg_d_kbps": 4017, "avg_u_kbps": 784, "avg_lat_ms": 280, "avg_lat_down_ms": 3440, "avg_lat_up_ms": 1653, "tests": 1, "devices": 1, "period_start": "2026-01-01", "period_end_exclusive": "2026-04-01", "service_type": "mobile", "source": "Ookla Open Data", "download_mbps": 4.017, "upload_mbps": 0.784, "centroid_in_project": true, "operator": null, "radio_generation": null, "serving_cell_id": null, "single_test_tile": true, "source_url": "https://ookla-open-data.s3.amazonaws.com/parquet/performance/type=mobile/year=2026/quarter=1/2026-01-01_performance_mobile_tiles.parquet"}}, {"type": "Feature", "id": "2026-01-01:1322012223132202", "geometry": {"type": "Polygon", "coordinates": [[[96.2457275390625, 16.815057959231932], [96.2457275390625, 16.82031618192045], [96.240234375, 16.82031618192045], [96.240234375, 16.815057959231932], [96.2457275390625, 16.815057959231932]]]}, "properties": {"quadkey": "1322012223132202", "tile_x": 96.243, "tile_y": 16.8177, "avg_d_kbps": 1978, "avg_u_kbps": 5283, "avg_lat_ms": 26, "avg_lat_down_ms": 3111, "avg_lat_up_ms": 846, "tests": 3, "devices": 1, "period_start": "2026-01-01", "period_end_exclusive": "2026-04-01", "service_type": "mobile", "source": "Ookla Open Data", "download_mbps": 1.978, "upload_mbps": 5.283, "centroid_in_project": true, "operator": null, "radio_generation": null, "serving_cell_id": null, "single_test_tile": false, "source_url": "https://ookla-open-data.s3.amazonaws.com/parquet/performance/type=mobile/year=2026/quarter=1/2026-01-01_performance_mobile_tiles.parquet"}}, {"type": "Feature", "id": "2026-01-01:1322012223132220", "geometry": {"type": "Polygon", "coordinates": [[[96.2457275390625, 16.809799590706184], [96.2457275390625, 16.815057959231932], [96.240234375, 16.815057959231932], [96.240234375, 16.809799590706184], [96.2457275390625, 16.809799590706184]]]}, "properties": {"quadkey": "1322012223132220", "tile_x": 96.243, "tile_y": 16.812400000000004, "avg_d_kbps": 1416, "avg_u_kbps": 1388, "avg_lat_ms": 45, "avg_lat_down_ms": 3488, "avg_lat_up_ms": 4556, "tests": 1, "devices": 1, "period_start": "2026-01-01", "period_end_exclusive": "2026-04-01", "service_type": "mobile", "source": "Ookla Open Data", "download_mbps": 1.416, "upload_mbps": 1.388, "centroid_in_project": true, "operator": null, "radio_generation": null, "serving_cell_id": null, "single_test_tile": true, "source_url": "https://ookla-open-data.s3.amazonaws.com/parquet/performance/type=mobile/year=2026/quarter=1/2026-01-01_performance_mobile_tiles.parquet"}}, {"type": "Feature", "id": "2026-01-01:1322012223211010", "geometry": {"type": "Polygon", "coordinates": [[[96.1248779296875, 16.799282416303978], [96.1248779296875, 16.80454107638345], [96.119384765625, 16.80454107638345], [96.119384765625, 16.799282416303978], [96.1248779296875, 16.799282416303978]]]}, "properties": {"quadkey": "1322012223211010", "tile_x": 96.12210000000002, "tile_y": 16.8019, "avg_d_kbps": 14949, "avg_u_kbps": 18803, "avg_lat_ms": 100, "avg_lat_down_ms": 1363, "avg_lat_up_ms": 1348, "tests": 13, "devices": 4, "period_start": "2026-01-01", "period_end_exclusive": "2026-04-01", "service_type": "mobile", "source": "Ookla Open Data", "download_mbps": 14.949, "upload_mbps": 18.803, "centroid_in_project": true, "operator": null, "radio_generation": null, "serving_cell_id": null, "single_test_tile": false, "source_url": "https://ookla-open-data.s3.amazonaws.com/parquet/performance/type=mobile/year=2026/quarter=1/2026-01-01_performance_mobile_tiles.parquet"}}, {"type": "Feature", "id": "2026-01-01:1322012223211012", "geometry": {"type": "Polygon", "coordinates": [[[96.1248779296875, 16.794023610508034], [96.1248779296875, 16.799282416303978], [96.119384765625, 16.799282416303978], [96.119384765625, 16.794023610508034], [96.1248779296875, 16.794023610508034]]]}, "properties": {"quadkey": "1322012223211012", "tile_x": 96.12210000000002, "tile_y": 16.7967, "avg_d_kbps": 15411, "avg_u_kbps": 13156, "avg_lat_ms": 128, "avg_lat_down_ms": 693, "avg_lat_up_ms": 1599, "tests": 10, "devices": 6, "period_start": "2026-01-01", "period_end_exclusive": "2026-04-01", "service_type": "mobile", "source": "Ookla Open Data", "download_mbps": 15.411, "upload_mbps": 13.156, "centroid_in_project": true, "operator": null, "radio_generation": null, "serving_cell_id": null, "single_test_tile": false, "source_url": "https://ookla-open-data.s3.amazonaws.com/parquet/performance/type=mobile/year=2026/quarter=1/2026-01-01_performance_mobile_tiles.parquet"}}, {"type": "Feature", "id": "2026-01-01:1322012223211030", "geometry": {"type": "Polygon", "coordinates": [[[96.1248779296875, 16.788764659035873], [96.1248779296875, 16.794023610508034], [96.119384765625, 16.794023610508034], [96.119384765625, 16.788764659035873], [96.1248779296875, 16.788764659035873]]]}, "properties": {"quadkey": "1322012223211030", "tile_x": 96.12210000000002, "tile_y": 16.791400000000003, "avg_d_kbps": 213552, "avg_u_kbps": 35133, "avg_lat_ms": 162, "avg_lat_down_ms": 1003, "avg_lat_up_ms": 1050, "tests": 3, "devices": 2, "period_start": "2026-01-01", "period_end_exclusive": "2026-04-01", "service_type": "mobile", "source": "Ookla Open Data", "download_mbps": 213.552, "upload_mbps": 35.133, "centroid_in_project": true, "operator": null, "radio_generation": null, "serving_cell_id": null, "single_test_tile": false, "source_url": "https://ookla-open-data.s3.amazonaws.com/parquet/performance/type=mobile/year=2026/quarter=1/2026-01-01_performance_mobile_tiles.parquet"}}, {"type": "Feature", "id": "2026-01-01:1322012223211031", "geometry": {"type": "Polygon", "coordinates": [[[96.13037109375, 16.788764659035873], [96.13037109375, 16.794023610508034], [96.1248779296875, 16.794023610508034], [96.1248779296875, 16.788764659035873], [96.13037109375, 16.788764659035873]]]}, "properties": {"quadkey": "1322012223211031", "tile_x": 96.1276, "tile_y": 16.791400000000003, "avg_d_kbps": 16180, "avg_u_kbps": 1228, "avg_lat_ms": 60, "avg_lat_down_ms": 417, "avg_lat_up_ms": 2307, "tests": 3, "devices": 2, "period_start": "2026-01-01", "period_end_exclusive": "2026-04-01", "service_type": "mobile", "source": "Ookla Open Data", "download_mbps": 16.18, "upload_mbps": 1.228, "centroid_in_project": true, "operator": null, "radio_generation": null, "serving_cell_id": null, "single_test_tile": false, "source_url": "https://ookla-open-data.s3.amazonaws.com/parquet/performance/type=mobile/year=2026/quarter=1/2026-01-01_performance_mobile_tiles.parquet"}}, {"type": "Feature", "id": "2026-01-01:1322012223211032", "geometry": {"type": "Polygon", "coordinates": [[[96.1248779296875, 16.78350556192777], [96.1248779296875, 16.788764659035873], [96.119384765625, 16.788764659035873], [96.119384765625, 16.78350556192777], [96.1248779296875, 16.78350556192777]]]}, "properties": {"quadkey": "1322012223211032", "tile_x": 96.12210000000002, "tile_y": 16.786099999999998, "avg_d_kbps": 45049, "avg_u_kbps": 22511, "avg_lat_ms": 73, "avg_lat_down_ms": 211, "avg_lat_up_ms": 269, "tests": 1, "devices": 1, "period_start": "2026-01-01", "period_end_exclusive": "2026-04-01", "service_type": "mobile", "source": "Ookla Open Data", "download_mbps": 45.049, "upload_mbps": 22.511, "centroid_in_project": true, "operator": null, "radio_generation": null, "serving_cell_id": null, "single_test_tile": true, "source_url": "https://ookla-open-data.s3.amazonaws.com/parquet/performance/type=mobile/year=2026/quarter=1/2026-01-01_performance_mobile_tiles.parquet"}}, {"type": "Feature", "id": "2026-01-01:1322012223211033", "geometry": {"type": "Polygon", "coordinates": [[[96.13037109375, 16.78350556192777], [96.13037109375, 16.788764659035873], [96.1248779296875, 16.788764659035873], [96.1248779296875, 16.78350556192777], [96.13037109375, 16.78350556192777]]]}, "properties": {"quadkey": "1322012223211033", "tile_x": 96.1276, "tile_y": 16.786099999999998, "avg_d_kbps": 16385, "avg_u_kbps": 32998, "avg_lat_ms": 68, "avg_lat_down_ms": 1569, "avg_lat_up_ms": 1152, "tests": 4, "devices": 3, "period_start": "2026-01-01", "period_end_exclusive": "2026-04-01", "service_type": "mobile", "source": "Ookla Open Data", "download_mbps": 16.385, "upload_mbps": 32.998, "centroid_in_project": true, "operator": null, "radio_generation": null, "serving_cell_id": null, "single_test_tile": false, "source_url": "https://ookla-open-data.s3.amazonaws.com/parquet/performance/type=mobile/year=2026/quarter=1/2026-01-01_performance_mobile_tiles.parquet"}}, {"type": "Feature", "id": "2026-01-01:1322012223211100", "geometry": {"type": "Polygon", "coordinates": [[[96.1358642578125, 16.799282416303978], [96.1358642578125, 16.80454107638345], [96.13037109375, 16.80454107638345], [96.13037109375, 16.799282416303978], [96.1358642578125, 16.799282416303978]]]}, "properties": {"quadkey": "1322012223211100", "tile_x": 96.13310000000001, "tile_y": 16.8019, "avg_d_kbps": 1291, "avg_u_kbps": 485, "avg_lat_ms": 62, "avg_lat_down_ms": 113, "avg_lat_up_ms": 330, "tests": 5, "devices": 3, "period_start": "2026-01-01", "period_end_exclusive": "2026-04-01", "service_type": "mobile", "source": "Ookla Open Data", "download_mbps": 1.291, "upload_mbps": 0.485, "centroid_in_project": true, "operator": null, "radio_generation": null, "serving_cell_id": null, "single_test_tile": false, "source_url": "https://ookla-open-data.s3.amazonaws.com/parquet/performance/type=mobile/year=2026/quarter=1/2026-01-01_performance_mobile_tiles.parquet"}}, {"type": "Feature", "id": "2026-01-01:1322012223211101", "geometry": {"type": "Polygon", "coordinates": [[[96.141357421875, 16.799282416303978], [96.141357421875, 16.80454107638345], [96.1358642578125, 16.80454107638345], [96.1358642578125, 16.799282416303978], [96.141357421875, 16.799282416303978]]]}, "properties": {"quadkey": "1322012223211101", "tile_x": 96.13860000000001, "tile_y": 16.8019, "avg_d_kbps": 22300, "avg_u_kbps": 33964, "avg_lat_ms": 105, "avg_lat_down_ms": 852, "avg_lat_up_ms": 377, "tests": 5, "devices": 4, "period_start": "2026-01-01", "period_end_exclusive": "2026-04-01", "service_type": "mobile", "source": "Ookla Open Data", "download_mbps": 22.3, "upload_mbps": 33.964, "centroid_in_project": true, "operator": null, "radio_generation": null, "serving_cell_id": null, "single_test_tile": false, "source_url": "https://ookla-open-data.s3.amazonaws.com/parquet/performance/type=mobile/year=2026/quarter=1/2026-01-01_performance_mobile_tiles.parquet"}}, {"type": "Feature", "id": "2026-01-01:1322012223211102", "geometry": {"type": "Polygon", "coordinates": [[[96.1358642578125, 16.794023610508034], [96.1358642578125, 16.799282416303978], [96.13037109375, 16.799282416303978], [96.13037109375, 16.794023610508034], [96.1358642578125, 16.794023610508034]]]}, "properties": {"quadkey": "1322012223211102", "tile_x": 96.13310000000001, "tile_y": 16.7967, "avg_d_kbps": 7804, "avg_u_kbps": 15256, "avg_lat_ms": 59, "avg_lat_down_ms": 705, "avg_lat_up_ms": 428, "tests": 2, "devices": 2, "period_start": "2026-01-01", "period_end_exclusive": "2026-04-01", "service_type": "mobile", "source": "Ookla Open Data", "download_mbps": 7.804, "upload_mbps": 15.256, "centroid_in_project": true, "operator": null, "radio_generation": null, "serving_cell_id": null, "single_test_tile": false, "source_url": "https://ookla-open-data.s3.amazonaws.com/parquet/performance/type=mobile/year=2026/quarter=1/2026-01-01_performance_mobile_tiles.parquet"}}, {"type": "Feature", "id": "2026-01-01:1322012223211110", "geometry": {"type": "Polygon", "coordinates": [[[96.1468505859375, 16.799282416303978], [96.1468505859375, 16.80454107638345], [96.141357421875, 16.80454107638345], [96.141357421875, 16.799282416303978], [96.1468505859375, 16.799282416303978]]]}, "properties": {"quadkey": "1322012223211110", "tile_x": 96.14410000000001, "tile_y": 16.8019, "avg_d_kbps": 1408, "avg_u_kbps": 663, "avg_lat_ms": 58, "avg_lat_down_ms": 67, "avg_lat_up_ms": null, "tests": 1, "devices": 1, "period_start": "2026-01-01", "period_end_exclusive": "2026-04-01", "service_type": "mobile", "source": "Ookla Open Data", "download_mbps": 1.408, "upload_mbps": 0.663, "centroid_in_project": true, "operator": null, "radio_generation": null, "serving_cell_id": null, "single_test_tile": true, "source_url": "https://ookla-open-data.s3.amazonaws.com/parquet/performance/type=mobile/year=2026/quarter=1/2026-01-01_performance_mobile_tiles.parquet"}}, {"type": "Feature", "id": "2026-01-01:1322012223211111", "geometry": {"type": "Polygon", "coordinates": [[[96.15234375, 16.799282416303978], [96.15234375, 16.80454107638345], [96.1468505859375, 16.80454107638345], [96.1468505859375, 16.799282416303978], [96.15234375, 16.799282416303978]]]}, "properties": {"quadkey": "1322012223211111", "tile_x": 96.1496, "tile_y": 16.8019, "avg_d_kbps": 9881, "avg_u_kbps": 4496, "avg_lat_ms": 257, "avg_lat_down_ms": 1037, "avg_lat_up_ms": 480, "tests": 4, "devices": 2, "period_start": "2026-01-01", "period_end_exclusive": "2026-04-01", "service_type": "mobile", "source": "Ookla Open Data", "download_mbps": 9.881, "upload_mbps": 4.496, "centroid_in_project": true, "operator": null, "radio_generation": null, "serving_cell_id": null, "single_test_tile": false, "source_url": "https://ookla-open-data.s3.amazonaws.com/parquet/performance/type=mobile/year=2026/quarter=1/2026-01-01_performance_mobile_tiles.parquet"}}, {"type": "Feature", "id": "2026-01-01:1322012223211112", "geometry": {"type": "Polygon", "coordinates": [[[96.1468505859375, 16.794023610508034], [96.1468505859375, 16.799282416303978], [96.141357421875, 16.799282416303978], [96.141357421875, 16.794023610508034], [96.1468505859375, 16.794023610508034]]]}, "properties": {"quadkey": "1322012223211112", "tile_x": 96.14410000000001, "tile_y": 16.7967, "avg_d_kbps": 70953, "avg_u_kbps": 7718, "avg_lat_ms": 84, "avg_lat_down_ms": 827, "avg_lat_up_ms": 3011, "tests": 2, "devices": 2, "period_start": "2026-01-01", "period_end_exclusive": "2026-04-01", "service_type": "mobile", "source": "Ookla Open Data", "download_mbps": 70.953, "upload_mbps": 7.718, "centroid_in_project": true, "operator": null, "radio_generation": null, "serving_cell_id": null, "single_test_tile": false, "source_url": "https://ookla-open-data.s3.amazonaws.com/parquet/performance/type=mobile/year=2026/quarter=1/2026-01-01_performance_mobile_tiles.parquet"}}, {"type": "Feature", "id": "2026-01-01:1322012223211120", "geometry": {"type": "Polygon", "coordinates": [[[96.1358642578125, 16.788764659035873], [96.1358642578125, 16.794023610508034], [96.13037109375, 16.794023610508034], [96.13037109375, 16.788764659035873], [96.1358642578125, 16.788764659035873]]]}, "properties": {"quadkey": "1322012223211120", "tile_x": 96.13310000000001, "tile_y": 16.791400000000003, "avg_d_kbps": 10721, "avg_u_kbps": 39514, "avg_lat_ms": 47, "avg_lat_down_ms": 854, "avg_lat_up_ms": 128, "tests": 1, "devices": 1, "period_start": "2026-01-01", "period_end_exclusive": "2026-04-01", "service_type": "mobile", "source": "Ookla Open Data", "download_mbps": 10.721, "upload_mbps": 39.514, "centroid_in_project": true, "operator": null, "radio_generation": null, "serving_cell_id": null, "single_test_tile": true, "source_url": "https://ookla-open-data.s3.amazonaws.com/parquet/performance/type=mobile/year=2026/quarter=1/2026-01-01_performance_mobile_tiles.parquet"}}, {"type": "Feature", "id": "2026-01-01:1322012223211121", "geometry": {"type": "Polygon", "coordinates": [[[96.141357421875, 16.788764659035873], [96.141357421875, 16.794023610508034], [96.1358642578125, 16.794023610508034], [96.1358642578125, 16.788764659035873], [96.141357421875, 16.788764659035873]]]}, "properties": {"quadkey": "1322012223211121", "tile_x": 96.13860000000001, "tile_y": 16.791400000000003, "avg_d_kbps": 21425, "avg_u_kbps": 16623, "avg_lat_ms": 84, "avg_lat_down_ms": 676, "avg_lat_up_ms": 727, "tests": 7, "devices": 5, "period_start": "2026-01-01", "period_end_exclusive": "2026-04-01", "service_type": "mobile", "source": "Ookla Open Data", "download_mbps": 21.425, "upload_mbps": 16.623, "centroid_in_project": true, "operator": null, "radio_generation": null, "serving_cell_id": null, "single_test_tile": false, "source_url": "https://ookla-open-data.s3.amazonaws.com/parquet/performance/type=mobile/year=2026/quarter=1/2026-01-01_performance_mobile_tiles.parquet"}}, {"type": "Feature", "id": "2026-01-01:1322012223211123", "geometry": {"type": "Polygon", "coordinates": [[[96.141357421875, 16.78350556192777], [96.141357421875, 16.788764659035873], [96.1358642578125, 16.788764659035873], [96.1358642578125, 16.78350556192777], [96.141357421875, 16.78350556192777]]]}, "properties": {"quadkey": "1322012223211123", "tile_x": 96.13860000000001, "tile_y": 16.786099999999998, "avg_d_kbps": 17174, "avg_u_kbps": 1846, "avg_lat_ms": 123, "avg_lat_down_ms": 686, "avg_lat_up_ms": 1865, "tests": 2, "devices": 2, "period_start": "2026-01-01", "period_end_exclusive": "2026-04-01", "service_type": "mobile", "source": "Ookla Open Data", "download_mbps": 17.174, "upload_mbps": 1.846, "centroid_in_project": true, "operator": null, "radio_generation": null, "serving_cell_id": null, "single_test_tile": false, "source_url": "https://ookla-open-data.s3.amazonaws.com/parquet/performance/type=mobile/year=2026/quarter=1/2026-01-01_performance_mobile_tiles.parquet"}}, {"type": "Feature", "id": "2026-01-01:1322012223211130", "geometry": {"type": "Polygon", "coordinates": [[[96.1468505859375, 16.788764659035873], [96.1468505859375, 16.794023610508034], [96.141357421875, 16.794023610508034], [96.141357421875, 16.788764659035873], [96.1468505859375, 16.788764659035873]]]}, "properties": {"quadkey": "1322012223211130", "tile_x": 96.14410000000001, "tile_y": 16.791400000000003, "avg_d_kbps": 73083, "avg_u_kbps": 30922, "avg_lat_ms": 61, "avg_lat_down_ms": 393, "avg_lat_up_ms": 428, "tests": 2, "devices": 2, "period_start": "2026-01-01", "period_end_exclusive": "2026-04-01", "service_type": "mobile", "source": "Ookla Open Data", "download_mbps": 73.083, "upload_mbps": 30.922, "centroid_in_project": true, "operator": null, "radio_generation": null, "serving_cell_id": null, "single_test_tile": false, "source_url": "https://ookla-open-data.s3.amazonaws.com/parquet/performance/type=mobile/year=2026/quarter=1/2026-01-01_performance_mobile_tiles.parquet"}}, {"type": "Feature", "id": "2026-01-01:1322012223211211", "geometry": {"type": "Polygon", "coordinates": [[[96.13037109375, 16.77824631922401], [96.13037109375, 16.78350556192777], [96.1248779296875, 16.78350556192777], [96.1248779296875, 16.77824631922401], [96.13037109375, 16.77824631922401]]]}, "properties": {"quadkey": "1322012223211211", "tile_x": 96.1276, "tile_y": 16.780900000000003, "avg_d_kbps": 52833, "avg_u_kbps": 13557, "avg_lat_ms": 65, "avg_lat_down_ms": 3303, "avg_lat_up_ms": 704, "tests": 2, "devices": 2, "period_start": "2026-01-01", "period_end_exclusive": "2026-04-01", "service_type": "mobile", "source": "Ookla Open Data", "download_mbps": 52.833, "upload_mbps": 13.557, "centroid_in_project": true, "operator": null, "radio_generation": null, "serving_cell_id": null, "single_test_tile": false, "source_url": "https://ookla-open-data.s3.amazonaws.com/parquet/performance/type=mobile/year=2026/quarter=1/2026-01-01_performance_mobile_tiles.parquet"}}, {"type": "Feature", "id": "2026-01-01:1322012223211300", "geometry": {"type": "Polygon", "coordinates": [[[96.1358642578125, 16.77824631922401], [96.1358642578125, 16.78350556192777], [96.13037109375, 16.78350556192777], [96.13037109375, 16.77824631922401], [96.1358642578125, 16.77824631922401]]]}, "properties": {"quadkey": "1322012223211300", "tile_x": 96.13310000000001, "tile_y": 16.780900000000003, "avg_d_kbps": 38333, "avg_u_kbps": 35483, "avg_lat_ms": 51, "avg_lat_down_ms": 719, "avg_lat_up_ms": 662, "tests": 3, "devices": 2, "period_start": "2026-01-01", "period_end_exclusive": "2026-04-01", "service_type": "mobile", "source": "Ookla Open Data", "download_mbps": 38.333, "upload_mbps": 35.483, "centroid_in_project": true, "operator": null, "radio_generation": null, "serving_cell_id": null, "single_test_tile": false, "source_url": "https://ookla-open-data.s3.amazonaws.com/parquet/performance/type=mobile/year=2026/quarter=1/2026-01-01_performance_mobile_tiles.parquet"}}, {"type": "Feature", "id": "2026-01-01:1322012223211301", "geometry": {"type": "Polygon", "coordinates": [[[96.141357421875, 16.77824631922401], [96.141357421875, 16.78350556192777], [96.1358642578125, 16.78350556192777], [96.1358642578125, 16.77824631922401], [96.141357421875, 16.77824631922401]]]}, "properties": {"quadkey": "1322012223211301", "tile_x": 96.13860000000001, "tile_y": 16.780900000000003, "avg_d_kbps": 41874, "avg_u_kbps": 45129, "avg_lat_ms": 247, "avg_lat_down_ms": 1607, "avg_lat_up_ms": 490, "tests": 2, "devices": 2, "period_start": "2026-01-01", "period_end_exclusive": "2026-04-01", "service_type": "mobile", "source": "Ookla Open Data", "download_mbps": 41.874, "upload_mbps": 45.129, "centroid_in_project": true, "operator": null, "radio_generation": null, "serving_cell_id": null, "single_test_tile": false, "source_url": "https://ookla-open-data.s3.amazonaws.com/parquet/performance/type=mobile/year=2026/quarter=1/2026-01-01_performance_mobile_tiles.parquet"}}, {"type": "Feature", "id": "2026-01-01:1322012223211303", "geometry": {"type": "Polygon", "coordinates": [[[96.141357421875, 16.772986930964866], [96.141357421875, 16.77824631922401], [96.1358642578125, 16.77824631922401], [96.1358642578125, 16.772986930964866], [96.141357421875, 16.772986930964866]]]}, "properties": {"quadkey": "1322012223211303", "tile_x": 96.13860000000001, "tile_y": 16.7756, "avg_d_kbps": 19775, "avg_u_kbps": 17512, "avg_lat_ms": 61, "avg_lat_down_ms": 333, "avg_lat_up_ms": 388, "tests": 3, "devices": 3, "period_start": "2026-01-01", "period_end_exclusive": "2026-04-01", "service_type": "mobile", "source": "Ookla Open Data", "download_mbps": 19.775, "upload_mbps": 17.512, "centroid_in_project": true, "operator": null, "radio_generation": null, "serving_cell_id": null, "single_test_tile": false, "source_url": "https://ookla-open-data.s3.amazonaws.com/parquet/performance/type=mobile/year=2026/quarter=1/2026-01-01_performance_mobile_tiles.parquet"}}, {"type": "Feature", "id": "2026-01-01:1322012223211310", "geometry": {"type": "Polygon", "coordinates": [[[96.1468505859375, 16.77824631922401], [96.1468505859375, 16.78350556192777], [96.141357421875, 16.78350556192777], [96.141357421875, 16.77824631922401], [96.1468505859375, 16.77824631922401]]]}, "properties": {"quadkey": "1322012223211310", "tile_x": 96.14410000000001, "tile_y": 16.780900000000003, "avg_d_kbps": 22878, "avg_u_kbps": 18307, "avg_lat_ms": 124, "avg_lat_down_ms": 1329, "avg_lat_up_ms": 1362, "tests": 10, "devices": 6, "period_start": "2026-01-01", "period_end_exclusive": "2026-04-01", "service_type": "mobile", "source": "Ookla Open Data", "download_mbps": 22.878, "upload_mbps": 18.307, "centroid_in_project": true, "operator": null, "radio_generation": null, "serving_cell_id": null, "single_test_tile": false, "source_url": "https://ookla-open-data.s3.amazonaws.com/parquet/performance/type=mobile/year=2026/quarter=1/2026-01-01_performance_mobile_tiles.parquet"}}, {"type": "Feature", "id": "2026-01-01:1322012223211312", "geometry": {"type": "Polygon", "coordinates": [[[96.1468505859375, 16.772986930964866], [96.1468505859375, 16.77824631922401], [96.141357421875, 16.77824631922401], [96.141357421875, 16.772986930964866], [96.1468505859375, 16.772986930964866]]]}, "properties": {"quadkey": "1322012223211312", "tile_x": 96.14410000000001, "tile_y": 16.7756, "avg_d_kbps": 20036, "avg_u_kbps": 22328, "avg_lat_ms": 154, "avg_lat_down_ms": 890, "avg_lat_up_ms": 3285, "tests": 6, "devices": 5, "period_start": "2026-01-01", "period_end_exclusive": "2026-04-01", "service_type": "mobile", "source": "Ookla Open Data", "download_mbps": 20.036, "upload_mbps": 22.328, "centroid_in_project": true, "operator": null, "radio_generation": null, "serving_cell_id": null, "single_test_tile": false, "source_url": "https://ookla-open-data.s3.amazonaws.com/parquet/performance/type=mobile/year=2026/quarter=1/2026-01-01_performance_mobile_tiles.parquet"}}, {"type": "Feature", "id": "2026-01-01:1322012223211313", "geometry": {"type": "Polygon", "coordinates": [[[96.15234375, 16.772986930964866], [96.15234375, 16.77824631922401], [96.1468505859375, 16.77824631922401], [96.1468505859375, 16.772986930964866], [96.15234375, 16.772986930964866]]]}, "properties": {"quadkey": "1322012223211313", "tile_x": 96.1496, "tile_y": 16.7756, "avg_d_kbps": 27880, "avg_u_kbps": 24613, "avg_lat_ms": 105, "avg_lat_down_ms": 672, "avg_lat_up_ms": 823, "tests": 6, "devices": 6, "period_start": "2026-01-01", "period_end_exclusive": "2026-04-01", "service_type": "mobile", "source": "Ookla Open Data", "download_mbps": 27.88, "upload_mbps": 24.613, "centroid_in_project": true, "operator": null, "radio_generation": null, "serving_cell_id": null, "single_test_tile": false, "source_url": "https://ookla-open-data.s3.amazonaws.com/parquet/performance/type=mobile/year=2026/quarter=1/2026-01-01_performance_mobile_tiles.parquet"}}, {"type": "Feature", "id": "2026-01-01:1322012223211332", "geometry": {"type": "Polygon", "coordinates": [[[96.1468505859375, 16.762467717941604], [96.1468505859375, 16.76772739719063], [96.141357421875, 16.76772739719063], [96.141357421875, 16.762467717941604], [96.1468505859375, 16.762467717941604]]]}, "properties": {"quadkey": "1322012223211332", "tile_x": 96.14410000000001, "tile_y": 16.765099999999997, "avg_d_kbps": 8762, "avg_u_kbps": 9684, "avg_lat_ms": 41, "avg_lat_down_ms": 103, "avg_lat_up_ms": 214, "tests": 1, "devices": 1, "period_start": "2026-01-01", "period_end_exclusive": "2026-04-01", "service_type": "mobile", "source": "Ookla Open Data", "download_mbps": 8.762, "upload_mbps": 9.684, "centroid_in_project": true, "operator": null, "radio_generation": null, "serving_cell_id": null, "single_test_tile": true, "source_url": "https://ookla-open-data.s3.amazonaws.com/parquet/performance/type=mobile/year=2026/quarter=1/2026-01-01_performance_mobile_tiles.parquet"}}, {"type": "Feature", "id": "2026-01-01:1322012223213113", "geometry": {"type": "Polygon", "coordinates": [[[96.15234375, 16.75194792318035], [96.15234375, 16.75720789325807], [96.1468505859375, 16.75720789325807], [96.1468505859375, 16.75194792318035], [96.15234375, 16.75194792318035]]]}, "properties": {"quadkey": "1322012223213113", "tile_x": 96.1496, "tile_y": 16.7546, "avg_d_kbps": 29429, "avg_u_kbps": 5509, "avg_lat_ms": 42, "avg_lat_down_ms": 237, "avg_lat_up_ms": 1718, "tests": 2, "devices": 2, "period_start": "2026-01-01", "period_end_exclusive": "2026-04-01", "service_type": "mobile", "source": "Ookla Open Data", "download_mbps": 29.429, "upload_mbps": 5.509, "centroid_in_project": true, "operator": null, "radio_generation": null, "serving_cell_id": null, "single_test_tile": false, "source_url": "https://ookla-open-data.s3.amazonaws.com/parquet/performance/type=mobile/year=2026/quarter=1/2026-01-01_performance_mobile_tiles.parquet"}}, {"type": "Feature", "id": "2026-01-01:1322012223213121", "geometry": {"type": "Polygon", "coordinates": [[[96.141357421875, 16.746687807748753], [96.141357421875, 16.75194792318035], [96.1358642578125, 16.75194792318035], [96.1358642578125, 16.746687807748753], [96.141357421875, 16.746687807748753]]]}, "properties": {"quadkey": "1322012223213121", "tile_x": 96.13860000000001, "tile_y": 16.749299999999998, "avg_d_kbps": 6557, "avg_u_kbps": 46857, "avg_lat_ms": 113, "avg_lat_down_ms": null, "avg_lat_up_ms": 2817, "tests": 1, "devices": 1, "period_start": "2026-01-01", "period_end_exclusive": "2026-04-01", "service_type": "mobile", "source": "Ookla Open Data", "download_mbps": 6.557, "upload_mbps": 46.857, "centroid_in_project": true, "operator": null, "radio_generation": null, "serving_cell_id": null, "single_test_tile": true, "source_url": "https://ookla-open-data.s3.amazonaws.com/parquet/performance/type=mobile/year=2026/quarter=1/2026-01-01_performance_mobile_tiles.parquet"}}, {"type": "Feature", "id": "2026-01-01:1322012223230031", "geometry": {"type": "Polygon", "coordinates": [[[96.08642578125, 16.70460165639595], [96.08642578125, 16.709862933206573], [96.0809326171875, 16.709862933206573], [96.0809326171875, 16.70460165639595], [96.08642578125, 16.70460165639595]]]}, "properties": {"quadkey": "1322012223230031", "tile_x": 96.0837, "tile_y": 16.7072, "avg_d_kbps": 27656, "avg_u_kbps": 23038, "avg_lat_ms": 44, "avg_lat_down_ms": 282, "avg_lat_up_ms": 719, "tests": 7, "devices": 1, "period_start": "2026-01-01", "period_end_exclusive": "2026-04-01", "service_type": "mobile", "source": "Ookla Open Data", "download_mbps": 27.656, "upload_mbps": 23.038, "centroid_in_project": false, "operator": null, "radio_generation": null, "serving_cell_id": null, "single_test_tile": false, "source_url": "https://ookla-open-data.s3.amazonaws.com/parquet/performance/type=mobile/year=2026/quarter=1/2026-01-01_performance_mobile_tiles.parquet"}}, {"type": "Feature", "id": "2026-01-01:1322012223300000", "geometry": {"type": "Polygon", "coordinates": [[[96.1578369140625, 16.799282416303978], [96.1578369140625, 16.80454107638345], [96.15234375, 16.80454107638345], [96.15234375, 16.799282416303978], [96.1578369140625, 16.799282416303978]]]}, "properties": {"quadkey": "1322012223300000", "tile_x": 96.1551, "tile_y": 16.8019, "avg_d_kbps": 82530, "avg_u_kbps": 35312, "avg_lat_ms": 52, "avg_lat_down_ms": 255, "avg_lat_up_ms": 102, "tests": 1, "devices": 1, "period_start": "2026-01-01", "period_end_exclusive": "2026-04-01", "service_type": "mobile", "source": "Ookla Open Data", "download_mbps": 82.53, "upload_mbps": 35.312, "centroid_in_project": true, "operator": null, "radio_generation": null, "serving_cell_id": null, "single_test_tile": true, "source_url": "https://ookla-open-data.s3.amazonaws.com/parquet/performance/type=mobile/year=2026/quarter=1/2026-01-01_performance_mobile_tiles.parquet"}}, {"type": "Feature", "id": "2026-01-01:1322012223300011", "geometry": {"type": "Polygon", "coordinates": [[[96.17431640625, 16.799282416303978], [96.17431640625, 16.80454107638345], [96.1688232421875, 16.80454107638345], [96.1688232421875, 16.799282416303978], [96.17431640625, 16.799282416303978]]]}, "properties": {"quadkey": "1322012223300011", "tile_x": 96.1716, "tile_y": 16.8019, "avg_d_kbps": 32705, "avg_u_kbps": 6012, "avg_lat_ms": 54, "avg_lat_down_ms": 495, "avg_lat_up_ms": 2891, "tests": 1, "devices": 1, "period_start": "2026-01-01", "period_end_exclusive": "2026-04-01", "service_type": "mobile", "source": "Ookla Open Data", "download_mbps": 32.705, "upload_mbps": 6.012, "centroid_in_project": true, "operator": null, "radio_generation": null, "serving_cell_id": null, "single_test_tile": true, "source_url": "https://ookla-open-data.s3.amazonaws.com/parquet/performance/type=mobile/year=2026/quarter=1/2026-01-01_performance_mobile_tiles.parquet"}}, {"type": "Feature", "id": "2026-01-01:1322012223300013", "geometry": {"type": "Polygon", "coordinates": [[[96.17431640625, 16.794023610508034], [96.17431640625, 16.799282416303978], [96.1688232421875, 16.799282416303978], [96.1688232421875, 16.794023610508034], [96.17431640625, 16.794023610508034]]]}, "properties": {"quadkey": "1322012223300013", "tile_x": 96.1716, "tile_y": 16.7967, "avg_d_kbps": 63471, "avg_u_kbps": 4702, "avg_lat_ms": 74, "avg_lat_down_ms": 1577, "avg_lat_up_ms": null, "tests": 1, "devices": 1, "period_start": "2026-01-01", "period_end_exclusive": "2026-04-01", "service_type": "mobile", "source": "Ookla Open Data", "download_mbps": 63.471, "upload_mbps": 4.702, "centroid_in_project": true, "operator": null, "radio_generation": null, "serving_cell_id": null, "single_test_tile": true, "source_url": "https://ookla-open-data.s3.amazonaws.com/parquet/performance/type=mobile/year=2026/quarter=1/2026-01-01_performance_mobile_tiles.parquet"}}, {"type": "Feature", "id": "2026-01-01:1322012223300021", "geometry": {"type": "Polygon", "coordinates": [[[96.163330078125, 16.788764659035873], [96.163330078125, 16.794023610508034], [96.1578369140625, 16.794023610508034], [96.1578369140625, 16.788764659035873], [96.163330078125, 16.788764659035873]]]}, "properties": {"quadkey": "1322012223300021", "tile_x": 96.16060000000002, "tile_y": 16.791400000000003, "avg_d_kbps": 11, "avg_u_kbps": 317, "avg_lat_ms": 84, "avg_lat_down_ms": null, "avg_lat_up_ms": null, "tests": 1, "devices": 1, "period_start": "2026-01-01", "period_end_exclusive": "2026-04-01", "service_type": "mobile", "source": "Ookla Open Data", "download_mbps": 0.011, "upload_mbps": 0.317, "centroid_in_project": true, "operator": null, "radio_generation": null, "serving_cell_id": null, "single_test_tile": true, "source_url": "https://ookla-open-data.s3.amazonaws.com/parquet/performance/type=mobile/year=2026/quarter=1/2026-01-01_performance_mobile_tiles.parquet"}}, {"type": "Feature", "id": "2026-01-01:1322012223300022", "geometry": {"type": "Polygon", "coordinates": [[[96.1578369140625, 16.78350556192777], [96.1578369140625, 16.788764659035873], [96.15234375, 16.788764659035873], [96.15234375, 16.78350556192777], [96.1578369140625, 16.78350556192777]]]}, "properties": {"quadkey": "1322012223300022", "tile_x": 96.1551, "tile_y": 16.786099999999998, "avg_d_kbps": 110552, "avg_u_kbps": 1617, "avg_lat_ms": 240, "avg_lat_down_ms": 845, "avg_lat_up_ms": null, "tests": 1, "devices": 1, "period_start": "2026-01-01", "period_end_exclusive": "2026-04-01", "service_type": "mobile", "source": "Ookla Open Data", "download_mbps": 110.552, "upload_mbps": 1.617, "centroid_in_project": true, "operator": null, "radio_generation": null, "serving_cell_id": null, "single_test_tile": true, "source_url": "https://ookla-open-data.s3.amazonaws.com/parquet/performance/type=mobile/year=2026/quarter=1/2026-01-01_performance_mobile_tiles.parquet"}}, {"type": "Feature", "id": "2026-01-01:1322012223300023", "geometry": {"type": "Polygon", "coordinates": [[[96.163330078125, 16.78350556192777], [96.163330078125, 16.788764659035873], [96.1578369140625, 16.788764659035873], [96.1578369140625, 16.78350556192777], [96.163330078125, 16.78350556192777]]]}, "properties": {"quadkey": "1322012223300023", "tile_x": 96.16060000000002, "tile_y": 16.786099999999998, "avg_d_kbps": 77773, "avg_u_kbps": 31681, "avg_lat_ms": 303, "avg_lat_down_ms": 660, "avg_lat_up_ms": 589, "tests": 2, "devices": 2, "period_start": "2026-01-01", "period_end_exclusive": "2026-04-01", "service_type": "mobile", "source": "Ookla Open Data", "download_mbps": 77.773, "upload_mbps": 31.681, "centroid_in_project": true, "operator": null, "radio_generation": null, "serving_cell_id": null, "single_test_tile": false, "source_url": "https://ookla-open-data.s3.amazonaws.com/parquet/performance/type=mobile/year=2026/quarter=1/2026-01-01_performance_mobile_tiles.parquet"}}, {"type": "Feature", "id": "2026-01-01:1322012223300030", "geometry": {"type": "Polygon", "coordinates": [[[96.1688232421875, 16.788764659035873], [96.1688232421875, 16.794023610508034], [96.163330078125, 16.794023610508034], [96.163330078125, 16.788764659035873], [96.1688232421875, 16.788764659035873]]]}, "properties": {"quadkey": "1322012223300030", "tile_x": 96.1661, "tile_y": 16.791400000000003, "avg_d_kbps": 91671, "avg_u_kbps": 37832, "avg_lat_ms": 40, "avg_lat_down_ms": 301, "avg_lat_up_ms": 229, "tests": 1, "devices": 1, "period_start": "2026-01-01", "period_end_exclusive": "2026-04-01", "service_type": "mobile", "source": "Ookla Open Data", "download_mbps": 91.671, "upload_mbps": 37.832, "centroid_in_project": true, "operator": null, "radio_generation": null, "serving_cell_id": null, "single_test_tile": true, "source_url": "https://ookla-open-data.s3.amazonaws.com/parquet/performance/type=mobile/year=2026/quarter=1/2026-01-01_performance_mobile_tiles.parquet"}}, {"type": "Feature", "id": "2026-01-01:1322012223300031", "geometry": {"type": "Polygon", "coordinates": [[[96.17431640625, 16.788764659035873], [96.17431640625, 16.794023610508034], [96.1688232421875, 16.794023610508034], [96.1688232421875, 16.788764659035873], [96.17431640625, 16.788764659035873]]]}, "properties": {"quadkey": "1322012223300031", "tile_x": 96.1716, "tile_y": 16.791400000000003, "avg_d_kbps": 36956, "avg_u_kbps": 21239, "avg_lat_ms": 111, "avg_lat_down_ms": 755, "avg_lat_up_ms": 464, "tests": 4, "devices": 3, "period_start": "2026-01-01", "period_end_exclusive": "2026-04-01", "service_type": "mobile", "source": "Ookla Open Data", "download_mbps": 36.956, "upload_mbps": 21.239, "centroid_in_project": true, "operator": null, "radio_generation": null, "serving_cell_id": null, "single_test_tile": false, "source_url": "https://ookla-open-data.s3.amazonaws.com/parquet/performance/type=mobile/year=2026/quarter=1/2026-01-01_performance_mobile_tiles.parquet"}}, {"type": "Feature", "id": "2026-01-01:1322012223300032", "geometry": {"type": "Polygon", "coordinates": [[[96.1688232421875, 16.78350556192777], [96.1688232421875, 16.788764659035873], [96.163330078125, 16.788764659035873], [96.163330078125, 16.78350556192777], [96.1688232421875, 16.78350556192777]]]}, "properties": {"quadkey": "1322012223300032", "tile_x": 96.1661, "tile_y": 16.786099999999998, "avg_d_kbps": 37053, "avg_u_kbps": 16608, "avg_lat_ms": 95, "avg_lat_down_ms": 1114, "avg_lat_up_ms": 611, "tests": 7, "devices": 3, "period_start": "2026-01-01", "period_end_exclusive": "2026-04-01", "service_type": "mobile", "source": "Ookla Open Data", "download_mbps": 37.053, "upload_mbps": 16.608, "centroid_in_project": true, "operator": null, "radio_generation": null, "serving_cell_id": null, "single_test_tile": false, "source_url": "https://ookla-open-data.s3.amazonaws.com/parquet/performance/type=mobile/year=2026/quarter=1/2026-01-01_performance_mobile_tiles.parquet"}}, {"type": "Feature", "id": "2026-01-01:1322012223300033", "geometry": {"type": "Polygon", "coordinates": [[[96.17431640625, 16.78350556192777], [96.17431640625, 16.788764659035873], [96.1688232421875, 16.788764659035873], [96.1688232421875, 16.78350556192777], [96.17431640625, 16.78350556192777]]]}, "properties": {"quadkey": "1322012223300033", "tile_x": 96.1716, "tile_y": 16.786099999999998, "avg_d_kbps": 30808, "avg_u_kbps": 18719, "avg_lat_ms": 59, "avg_lat_down_ms": 252, "avg_lat_up_ms": 134, "tests": 2, "devices": 2, "period_start": "2026-01-01", "period_end_exclusive": "2026-04-01", "service_type": "mobile", "source": "Ookla Open Data", "download_mbps": 30.808, "upload_mbps": 18.719, "centroid_in_project": true, "operator": null, "radio_generation": null, "serving_cell_id": null, "single_test_tile": false, "source_url": "https://ookla-open-data.s3.amazonaws.com/parquet/performance/type=mobile/year=2026/quarter=1/2026-01-01_performance_mobile_tiles.parquet"}}, {"type": "Feature", "id": "2026-01-01:1322012223300100", "geometry": {"type": "Polygon", "coordinates": [[[96.1798095703125, 16.799282416303978], [96.1798095703125, 16.80454107638345], [96.17431640625, 16.80454107638345], [96.17431640625, 16.799282416303978], [96.1798095703125, 16.799282416303978]]]}, "properties": {"quadkey": "1322012223300100", "tile_x": 96.17710000000001, "tile_y": 16.8019, "avg_d_kbps": 48592, "avg_u_kbps": 21860, "avg_lat_ms": 157, "avg_lat_down_ms": 908, "avg_lat_up_ms": 538, "tests": 21, "devices": 2, "period_start": "2026-01-01", "period_end_exclusive": "2026-04-01", "service_type": "mobile", "source": "Ookla Open Data", "download_mbps": 48.592, "upload_mbps": 21.86, "centroid_in_project": true, "operator": null, "radio_generation": null, "serving_cell_id": null, "single_test_tile": false, "source_url": "https://ookla-open-data.s3.amazonaws.com/parquet/performance/type=mobile/year=2026/quarter=1/2026-01-01_performance_mobile_tiles.parquet"}}, {"type": "Feature", "id": "2026-01-01:1322012223300102", "geometry": {"type": "Polygon", "coordinates": [[[96.1798095703125, 16.794023610508034], [96.1798095703125, 16.799282416303978], [96.17431640625, 16.799282416303978], [96.17431640625, 16.794023610508034], [96.1798095703125, 16.794023610508034]]]}, "properties": {"quadkey": "1322012223300102", "tile_x": 96.17710000000001, "tile_y": 16.7967, "avg_d_kbps": 53040, "avg_u_kbps": 27164, "avg_lat_ms": 127, "avg_lat_down_ms": 944, "avg_lat_up_ms": 780, "tests": 10, "devices": 3, "period_start": "2026-01-01", "period_end_exclusive": "2026-04-01", "service_type": "mobile", "source": "Ookla Open Data", "download_mbps": 53.04, "upload_mbps": 27.164, "centroid_in_project": true, "operator": null, "radio_generation": null, "serving_cell_id": null, "single_test_tile": false, "source_url": "https://ookla-open-data.s3.amazonaws.com/parquet/performance/type=mobile/year=2026/quarter=1/2026-01-01_performance_mobile_tiles.parquet"}}, {"type": "Feature", "id": "2026-01-01:1322012223300111", "geometry": {"type": "Polygon", "coordinates": [[[96.1962890625, 16.799282416303978], [96.1962890625, 16.80454107638345], [96.1907958984375, 16.80454107638345], [96.1907958984375, 16.799282416303978], [96.1962890625, 16.799282416303978]]]}, "properties": {"quadkey": "1322012223300111", "tile_x": 96.1935, "tile_y": 16.8019, "avg_d_kbps": 46490, "avg_u_kbps": 31968, "avg_lat_ms": 145, "avg_lat_down_ms": 826, "avg_lat_up_ms": 729, "tests": 14, "devices": 3, "period_start": "2026-01-01", "period_end_exclusive": "2026-04-01", "service_type": "mobile", "source": "Ookla Open Data", "download_mbps": 46.49, "upload_mbps": 31.968, "centroid_in_project": true, "operator": null, "radio_generation": null, "serving_cell_id": null, "single_test_tile": false, "source_url": "https://ookla-open-data.s3.amazonaws.com/parquet/performance/type=mobile/year=2026/quarter=1/2026-01-01_performance_mobile_tiles.parquet"}}, {"type": "Feature", "id": "2026-01-01:1322012223300120", "geometry": {"type": "Polygon", "coordinates": [[[96.1798095703125, 16.788764659035873], [96.1798095703125, 16.794023610508034], [96.17431640625, 16.794023610508034], [96.17431640625, 16.788764659035873], [96.1798095703125, 16.788764659035873]]]}, "properties": {"quadkey": "1322012223300120", "tile_x": 96.17710000000001, "tile_y": 16.791400000000003, "avg_d_kbps": 26080, "avg_u_kbps": 13640, "avg_lat_ms": 95, "avg_lat_down_ms": 621, "avg_lat_up_ms": 543, "tests": 2, "devices": 2, "period_start": "2026-01-01", "period_end_exclusive": "2026-04-01", "service_type": "mobile", "source": "Ookla Open Data", "download_mbps": 26.08, "upload_mbps": 13.64, "centroid_in_project": true, "operator": null, "radio_generation": null, "serving_cell_id": null, "single_test_tile": false, "source_url": "https://ookla-open-data.s3.amazonaws.com/parquet/performance/type=mobile/year=2026/quarter=1/2026-01-01_performance_mobile_tiles.parquet"}}, {"type": "Feature", "id": "2026-01-01:1322012223300121", "geometry": {"type": "Polygon", "coordinates": [[[96.185302734375, 16.788764659035873], [96.185302734375, 16.794023610508034], [96.1798095703125, 16.794023610508034], [96.1798095703125, 16.788764659035873], [96.185302734375, 16.788764659035873]]]}, "properties": {"quadkey": "1322012223300121", "tile_x": 96.18260000000001, "tile_y": 16.791400000000003, "avg_d_kbps": 13589, "avg_u_kbps": 28770, "avg_lat_ms": 598, "avg_lat_down_ms": 408, "avg_lat_up_ms": 941, "tests": 1, "devices": 1, "period_start": "2026-01-01", "period_end_exclusive": "2026-04-01", "service_type": "mobile", "source": "Ookla Open Data", "download_mbps": 13.589, "upload_mbps": 28.77, "centroid_in_project": true, "operator": null, "radio_generation": null, "serving_cell_id": null, "single_test_tile": true, "source_url": "https://ookla-open-data.s3.amazonaws.com/parquet/performance/type=mobile/year=2026/quarter=1/2026-01-01_performance_mobile_tiles.parquet"}}, {"type": "Feature", "id": "2026-01-01:1322012223300123", "geometry": {"type": "Polygon", "coordinates": [[[96.185302734375, 16.78350556192777], [96.185302734375, 16.788764659035873], [96.1798095703125, 16.788764659035873], [96.1798095703125, 16.78350556192777], [96.185302734375, 16.78350556192777]]]}, "properties": {"quadkey": "1322012223300123", "tile_x": 96.18260000000001, "tile_y": 16.786099999999998, "avg_d_kbps": 25910, "avg_u_kbps": 3387, "avg_lat_ms": 63, "avg_lat_down_ms": 393, "avg_lat_up_ms": 4051, "tests": 9, "devices": 1, "period_start": "2026-01-01", "period_end_exclusive": "2026-04-01", "service_type": "mobile", "source": "Ookla Open Data", "download_mbps": 25.91, "upload_mbps": 3.387, "centroid_in_project": false, "operator": null, "radio_generation": null, "serving_cell_id": null, "single_test_tile": false, "source_url": "https://ookla-open-data.s3.amazonaws.com/parquet/performance/type=mobile/year=2026/quarter=1/2026-01-01_performance_mobile_tiles.parquet"}}, {"type": "Feature", "id": "2026-01-01:1322012223300132", "geometry": {"type": "Polygon", "coordinates": [[[96.1907958984375, 16.78350556192777], [96.1907958984375, 16.788764659035873], [96.185302734375, 16.788764659035873], [96.185302734375, 16.78350556192777], [96.1907958984375, 16.78350556192777]]]}, "properties": {"quadkey": "1322012223300132", "tile_x": 96.18799999999999, "tile_y": 16.786099999999998, "avg_d_kbps": 49189, "avg_u_kbps": 6706, "avg_lat_ms": 243, "avg_lat_down_ms": 674, "avg_lat_up_ms": 2747, "tests": 1, "devices": 1, "period_start": "2026-01-01", "period_end_exclusive": "2026-04-01", "service_type": "mobile", "source": "Ookla Open Data", "download_mbps": 49.189, "upload_mbps": 6.706, "centroid_in_project": true, "operator": null, "radio_generation": null, "serving_cell_id": null, "single_test_tile": true, "source_url": "https://ookla-open-data.s3.amazonaws.com/parquet/performance/type=mobile/year=2026/quarter=1/2026-01-01_performance_mobile_tiles.parquet"}}, {"type": "Feature", "id": "2026-01-01:1322012223300200", "geometry": {"type": "Polygon", "coordinates": [[[96.1578369140625, 16.77824631922401], [96.1578369140625, 16.78350556192777], [96.15234375, 16.78350556192777], [96.15234375, 16.77824631922401], [96.1578369140625, 16.77824631922401]]]}, "properties": {"quadkey": "1322012223300200", "tile_x": 96.1551, "tile_y": 16.780900000000003, "avg_d_kbps": 42001, "avg_u_kbps": 23220, "avg_lat_ms": 130, "avg_lat_down_ms": 1787, "avg_lat_up_ms": 969, "tests": 4, "devices": 4, "period_start": "2026-01-01", "period_end_exclusive": "2026-04-01", "service_type": "mobile", "source": "Ookla Open Data", "download_mbps": 42.001, "upload_mbps": 23.22, "centroid_in_project": true, "operator": null, "radio_generation": null, "serving_cell_id": null, "single_test_tile": false, "source_url": "https://ookla-open-data.s3.amazonaws.com/parquet/performance/type=mobile/year=2026/quarter=1/2026-01-01_performance_mobile_tiles.parquet"}}, {"type": "Feature", "id": "2026-01-01:1322012223300201", "geometry": {"type": "Polygon", "coordinates": [[[96.163330078125, 16.77824631922401], [96.163330078125, 16.78350556192777], [96.1578369140625, 16.78350556192777], [96.1578369140625, 16.77824631922401], [96.163330078125, 16.77824631922401]]]}, "properties": {"quadkey": "1322012223300201", "tile_x": 96.16060000000002, "tile_y": 16.780900000000003, "avg_d_kbps": 84459, "avg_u_kbps": 48466, "avg_lat_ms": 59, "avg_lat_down_ms": 386, "avg_lat_up_ms": 628, "tests": 3, "devices": 2, "period_start": "2026-01-01", "period_end_exclusive": "2026-04-01", "service_type": "mobile", "source": "Ookla Open Data", "download_mbps": 84.459, "upload_mbps": 48.466, "centroid_in_project": true, "operator": null, "radio_generation": null, "serving_cell_id": null, "single_test_tile": false, "source_url": "https://ookla-open-data.s3.amazonaws.com/parquet/performance/type=mobile/year=2026/quarter=1/2026-01-01_performance_mobile_tiles.parquet"}}, {"type": "Feature", "id": "2026-01-01:1322012223300202", "geometry": {"type": "Polygon", "coordinates": [[[96.1578369140625, 16.772986930964866], [96.1578369140625, 16.77824631922401], [96.15234375, 16.77824631922401], [96.15234375, 16.772986930964866], [96.1578369140625, 16.772986930964866]]]}, "properties": {"quadkey": "1322012223300202", "tile_x": 96.1551, "tile_y": 16.7756, "avg_d_kbps": 31368, "avg_u_kbps": 16323, "avg_lat_ms": 108, "avg_lat_down_ms": 2077, "avg_lat_up_ms": 582, "tests": 6, "devices": 4, "period_start": "2026-01-01", "period_end_exclusive": "2026-04-01", "service_type": "mobile", "source": "Ookla Open Data", "download_mbps": 31.368, "upload_mbps": 16.323, "centroid_in_project": true, "operator": null, "radio_generation": null, "serving_cell_id": null, "single_test_tile": false, "source_url": "https://ookla-open-data.s3.amazonaws.com/parquet/performance/type=mobile/year=2026/quarter=1/2026-01-01_performance_mobile_tiles.parquet"}}, {"type": "Feature", "id": "2026-01-01:1322012223300203", "geometry": {"type": "Polygon", "coordinates": [[[96.163330078125, 16.772986930964866], [96.163330078125, 16.77824631922401], [96.1578369140625, 16.77824631922401], [96.1578369140625, 16.772986930964866], [96.163330078125, 16.772986930964866]]]}, "properties": {"quadkey": "1322012223300203", "tile_x": 96.16060000000002, "tile_y": 16.7756, "avg_d_kbps": 43140, "avg_u_kbps": 21181, "avg_lat_ms": 62, "avg_lat_down_ms": 773, "avg_lat_up_ms": 770, "tests": 4, "devices": 3, "period_start": "2026-01-01", "period_end_exclusive": "2026-04-01", "service_type": "mobile", "source": "Ookla Open Data", "download_mbps": 43.14, "upload_mbps": 21.181, "centroid_in_project": true, "operator": null, "radio_generation": null, "serving_cell_id": null, "single_test_tile": false, "source_url": "https://ookla-open-data.s3.amazonaws.com/parquet/performance/type=mobile/year=2026/quarter=1/2026-01-01_performance_mobile_tiles.parquet"}}, {"type": "Feature", "id": "2026-01-01:1322012223300211", "geometry": {"type": "Polygon", "coordinates": [[[96.17431640625, 16.77824631922401], [96.17431640625, 16.78350556192777], [96.1688232421875, 16.78350556192777], [96.1688232421875, 16.77824631922401], [96.17431640625, 16.77824631922401]]]}, "properties": {"quadkey": "1322012223300211", "tile_x": 96.1716, "tile_y": 16.780900000000003, "avg_d_kbps": 52369, "avg_u_kbps": 23402, "avg_lat_ms": 106, "avg_lat_down_ms": 567, "avg_lat_up_ms": 357, "tests": 5, "devices": 4, "period_start": "2026-01-01", "period_end_exclusive": "2026-04-01", "service_type": "mobile", "source": "Ookla Open Data", "download_mbps": 52.369, "upload_mbps": 23.402, "centroid_in_project": true, "operator": null, "radio_generation": null, "serving_cell_id": null, "single_test_tile": false, "source_url": "https://ookla-open-data.s3.amazonaws.com/parquet/performance/type=mobile/year=2026/quarter=1/2026-01-01_performance_mobile_tiles.parquet"}}, {"type": "Feature", "id": "2026-01-01:1322012223300212", "geometry": {"type": "Polygon", "coordinates": [[[96.1688232421875, 16.772986930964866], [96.1688232421875, 16.77824631922401], [96.163330078125, 16.77824631922401], [96.163330078125, 16.772986930964866], [96.1688232421875, 16.772986930964866]]]}, "properties": {"quadkey": "1322012223300212", "tile_x": 96.1661, "tile_y": 16.7756, "avg_d_kbps": 49504, "avg_u_kbps": 11120, "avg_lat_ms": 131, "avg_lat_down_ms": 478, "avg_lat_up_ms": 1382, "tests": 4, "devices": 3, "period_start": "2026-01-01", "period_end_exclusive": "2026-04-01", "service_type": "mobile", "source": "Ookla Open Data", "download_mbps": 49.504, "upload_mbps": 11.12, "centroid_in_project": true, "operator": null, "radio_generation": null, "serving_cell_id": null, "single_test_tile": false, "source_url": "https://ookla-open-data.s3.amazonaws.com/parquet/performance/type=mobile/year=2026/quarter=1/2026-01-01_performance_mobile_tiles.parquet"}}, {"type": "Feature", "id": "2026-01-01:1322012223300213", "geometry": {"type": "Polygon", "coordinates": [[[96.17431640625, 16.772986930964866], [96.17431640625, 16.77824631922401], [96.1688232421875, 16.77824631922401], [96.1688232421875, 16.772986930964866], [96.17431640625, 16.772986930964866]]]}, "properties": {"quadkey": "1322012223300213", "tile_x": 96.1716, "tile_y": 16.7756, "avg_d_kbps": 35782, "avg_u_kbps": 19204, "avg_lat_ms": 176, "avg_lat_down_ms": 1040, "avg_lat_up_ms": 943, "tests": 6, "devices": 5, "period_start": "2026-01-01", "period_end_exclusive": "2026-04-01", "service_type": "mobile", "source": "Ookla Open Data", "download_mbps": 35.782, "upload_mbps": 19.204, "centroid_in_project": true, "operator": null, "radio_generation": null, "serving_cell_id": null, "single_test_tile": false, "source_url": "https://ookla-open-data.s3.amazonaws.com/parquet/performance/type=mobile/year=2026/quarter=1/2026-01-01_performance_mobile_tiles.parquet"}}, {"type": "Feature", "id": "2026-01-01:1322012223300220", "geometry": {"type": "Polygon", "coordinates": [[[96.1578369140625, 16.76772739719063], [96.1578369140625, 16.772986930964866], [96.15234375, 16.772986930964866], [96.15234375, 16.76772739719063], [96.1578369140625, 16.76772739719063]]]}, "properties": {"quadkey": "1322012223300220", "tile_x": 96.1551, "tile_y": 16.770400000000002, "avg_d_kbps": 26065, "avg_u_kbps": 14519, "avg_lat_ms": 49, "avg_lat_down_ms": 1045, "avg_lat_up_ms": 582, "tests": 1, "devices": 1, "period_start": "2026-01-01", "period_end_exclusive": "2026-04-01", "service_type": "mobile", "source": "Ookla Open Data", "download_mbps": 26.065, "upload_mbps": 14.519, "centroid_in_project": true, "operator": null, "radio_generation": null, "serving_cell_id": null, "single_test_tile": true, "source_url": "https://ookla-open-data.s3.amazonaws.com/parquet/performance/type=mobile/year=2026/quarter=1/2026-01-01_performance_mobile_tiles.parquet"}}, {"type": "Feature", "id": "2026-01-01:1322012223300221", "geometry": {"type": "Polygon", "coordinates": [[[96.163330078125, 16.76772739719063], [96.163330078125, 16.772986930964866], [96.1578369140625, 16.772986930964866], [96.1578369140625, 16.76772739719063], [96.163330078125, 16.76772739719063]]]}, "properties": {"quadkey": "1322012223300221", "tile_x": 96.16060000000002, "tile_y": 16.770400000000002, "avg_d_kbps": 49931, "avg_u_kbps": 27057, "avg_lat_ms": 68, "avg_lat_down_ms": 498, "avg_lat_up_ms": 938, "tests": 15, "devices": 3, "period_start": "2026-01-01", "period_end_exclusive": "2026-04-01", "service_type": "mobile", "source": "Ookla Open Data", "download_mbps": 49.931, "upload_mbps": 27.057, "centroid_in_project": true, "operator": null, "radio_generation": null, "serving_cell_id": null, "single_test_tile": false, "source_url": "https://ookla-open-data.s3.amazonaws.com/parquet/performance/type=mobile/year=2026/quarter=1/2026-01-01_performance_mobile_tiles.parquet"}}, {"type": "Feature", "id": "2026-01-01:1322012223300222", "geometry": {"type": "Polygon", "coordinates": [[[96.1578369140625, 16.762467717941604], [96.1578369140625, 16.76772739719063], [96.15234375, 16.76772739719063], [96.15234375, 16.762467717941604], [96.1578369140625, 16.762467717941604]]]}, "properties": {"quadkey": "1322012223300222", "tile_x": 96.1551, "tile_y": 16.765099999999997, "avg_d_kbps": 98798, "avg_u_kbps": 27225, "avg_lat_ms": 55, "avg_lat_down_ms": 193, "avg_lat_up_ms": 137, "tests": 1, "devices": 1, "period_start": "2026-01-01", "period_end_exclusive": "2026-04-01", "service_type": "mobile", "source": "Ookla Open Data", "download_mbps": 98.798, "upload_mbps": 27.225, "centroid_in_project": false, "operator": null, "radio_generation": null, "serving_cell_id": null, "single_test_tile": true, "source_url": "https://ookla-open-data.s3.amazonaws.com/parquet/performance/type=mobile/year=2026/quarter=1/2026-01-01_performance_mobile_tiles.parquet"}}, {"type": "Feature", "id": "2026-01-01:1322012223300230", "geometry": {"type": "Polygon", "coordinates": [[[96.1688232421875, 16.76772739719063], [96.1688232421875, 16.772986930964866], [96.163330078125, 16.772986930964866], [96.163330078125, 16.76772739719063], [96.1688232421875, 16.76772739719063]]]}, "properties": {"quadkey": "1322012223300230", "tile_x": 96.1661, "tile_y": 16.770400000000002, "avg_d_kbps": 28477, "avg_u_kbps": 22212, "avg_lat_ms": 126, "avg_lat_down_ms": 681, "avg_lat_up_ms": 752, "tests": 5, "devices": 5, "period_start": "2026-01-01", "period_end_exclusive": "2026-04-01", "service_type": "mobile", "source": "Ookla Open Data", "download_mbps": 28.477, "upload_mbps": 22.212, "centroid_in_project": true, "operator": null, "radio_generation": null, "serving_cell_id": null, "single_test_tile": false, "source_url": "https://ookla-open-data.s3.amazonaws.com/parquet/performance/type=mobile/year=2026/quarter=1/2026-01-01_performance_mobile_tiles.parquet"}}, {"type": "Feature", "id": "2026-01-01:1322012223300231", "geometry": {"type": "Polygon", "coordinates": [[[96.17431640625, 16.76772739719063], [96.17431640625, 16.772986930964866], [96.1688232421875, 16.772986930964866], [96.1688232421875, 16.76772739719063], [96.17431640625, 16.76772739719063]]]}, "properties": {"quadkey": "1322012223300231", "tile_x": 96.1716, "tile_y": 16.770400000000002, "avg_d_kbps": 31687, "avg_u_kbps": 25306, "avg_lat_ms": 61, "avg_lat_down_ms": 682, "avg_lat_up_ms": 489, "tests": 5, "devices": 4, "period_start": "2026-01-01", "period_end_exclusive": "2026-04-01", "service_type": "mobile", "source": "Ookla Open Data", "download_mbps": 31.687, "upload_mbps": 25.306, "centroid_in_project": true, "operator": null, "radio_generation": null, "serving_cell_id": null, "single_test_tile": false, "source_url": "https://ookla-open-data.s3.amazonaws.com/parquet/performance/type=mobile/year=2026/quarter=1/2026-01-01_performance_mobile_tiles.parquet"}}, {"type": "Feature", "id": "2026-01-01:1322012223300301", "geometry": {"type": "Polygon", "coordinates": [[[96.185302734375, 16.77824631922401], [96.185302734375, 16.78350556192777], [96.1798095703125, 16.78350556192777], [96.1798095703125, 16.77824631922401], [96.185302734375, 16.77824631922401]]]}, "properties": {"quadkey": "1322012223300301", "tile_x": 96.18260000000001, "tile_y": 16.780900000000003, "avg_d_kbps": 43604, "avg_u_kbps": 10177, "avg_lat_ms": 161, "avg_lat_down_ms": 750, "avg_lat_up_ms": 562, "tests": 124, "devices": 1, "period_start": "2026-01-01", "period_end_exclusive": "2026-04-01", "service_type": "mobile", "source": "Ookla Open Data", "download_mbps": 43.604, "upload_mbps": 10.177, "centroid_in_project": true, "operator": null, "radio_generation": null, "serving_cell_id": null, "single_test_tile": false, "source_url": "https://ookla-open-data.s3.amazonaws.com/parquet/performance/type=mobile/year=2026/quarter=1/2026-01-01_performance_mobile_tiles.parquet"}}, {"type": "Feature", "id": "2026-01-01:1322012223300302", "geometry": {"type": "Polygon", "coordinates": [[[96.1798095703125, 16.772986930964866], [96.1798095703125, 16.77824631922401], [96.17431640625, 16.77824631922401], [96.17431640625, 16.772986930964866], [96.1798095703125, 16.772986930964866]]]}, "properties": {"quadkey": "1322012223300302", "tile_x": 96.17710000000001, "tile_y": 16.7756, "avg_d_kbps": 6884, "avg_u_kbps": 237, "avg_lat_ms": 195, "avg_lat_down_ms": 5831, "avg_lat_up_ms": 404, "tests": 1, "devices": 1, "period_start": "2026-01-01", "period_end_exclusive": "2026-04-01", "service_type": "mobile", "source": "Ookla Open Data", "download_mbps": 6.884, "upload_mbps": 0.237, "centroid_in_project": true, "operator": null, "radio_generation": null, "serving_cell_id": null, "single_test_tile": true, "source_url": "https://ookla-open-data.s3.amazonaws.com/parquet/performance/type=mobile/year=2026/quarter=1/2026-01-01_performance_mobile_tiles.parquet"}}, {"type": "Feature", "id": "2026-01-01:1322012223300303", "geometry": {"type": "Polygon", "coordinates": [[[96.185302734375, 16.772986930964866], [96.185302734375, 16.77824631922401], [96.1798095703125, 16.77824631922401], [96.1798095703125, 16.772986930964866], [96.185302734375, 16.772986930964866]]]}, "properties": {"quadkey": "1322012223300303", "tile_x": 96.18260000000001, "tile_y": 16.7756, "avg_d_kbps": 39181, "avg_u_kbps": 10249, "avg_lat_ms": 93, "avg_lat_down_ms": 266, "avg_lat_up_ms": 724, "tests": 3, "devices": 2, "period_start": "2026-01-01", "period_end_exclusive": "2026-04-01", "service_type": "mobile", "source": "Ookla Open Data", "download_mbps": 39.181, "upload_mbps": 10.249, "centroid_in_project": true, "operator": null, "radio_generation": null, "serving_cell_id": null, "single_test_tile": false, "source_url": "https://ookla-open-data.s3.amazonaws.com/parquet/performance/type=mobile/year=2026/quarter=1/2026-01-01_performance_mobile_tiles.parquet"}}, {"type": "Feature", "id": "2026-01-01:1322012223300310", "geometry": {"type": "Polygon", "coordinates": [[[96.1907958984375, 16.77824631922401], [96.1907958984375, 16.78350556192777], [96.185302734375, 16.78350556192777], [96.185302734375, 16.77824631922401], [96.1907958984375, 16.77824631922401]]]}, "properties": {"quadkey": "1322012223300310", "tile_x": 96.18799999999999, "tile_y": 16.780900000000003, "avg_d_kbps": 63855, "avg_u_kbps": 26660, "avg_lat_ms": 60, "avg_lat_down_ms": 410, "avg_lat_up_ms": 231, "tests": 1, "devices": 1, "period_start": "2026-01-01", "period_end_exclusive": "2026-04-01", "service_type": "mobile", "source": "Ookla Open Data", "download_mbps": 63.855, "upload_mbps": 26.66, "centroid_in_project": true, "operator": null, "radio_generation": null, "serving_cell_id": null, "single_test_tile": true, "source_url": "https://ookla-open-data.s3.amazonaws.com/parquet/performance/type=mobile/year=2026/quarter=1/2026-01-01_performance_mobile_tiles.parquet"}}, {"type": "Feature", "id": "2026-01-01:1322012223300312", "geometry": {"type": "Polygon", "coordinates": [[[96.1907958984375, 16.772986930964866], [96.1907958984375, 16.77824631922401], [96.185302734375, 16.77824631922401], [96.185302734375, 16.772986930964866], [96.1907958984375, 16.772986930964866]]]}, "properties": {"quadkey": "1322012223300312", "tile_x": 96.18799999999999, "tile_y": 16.7756, "avg_d_kbps": 33787, "avg_u_kbps": 4435, "avg_lat_ms": 218, "avg_lat_down_ms": 620, "avg_lat_up_ms": 3330, "tests": 1, "devices": 1, "period_start": "2026-01-01", "period_end_exclusive": "2026-04-01", "service_type": "mobile", "source": "Ookla Open Data", "download_mbps": 33.787, "upload_mbps": 4.435, "centroid_in_project": false, "operator": null, "radio_generation": null, "serving_cell_id": null, "single_test_tile": true, "source_url": "https://ookla-open-data.s3.amazonaws.com/parquet/performance/type=mobile/year=2026/quarter=1/2026-01-01_performance_mobile_tiles.parquet"}}, {"type": "Feature", "id": "2026-01-01:1322012223300313", "geometry": {"type": "Polygon", "coordinates": [[[96.1962890625, 16.772986930964866], [96.1962890625, 16.77824631922401], [96.1907958984375, 16.77824631922401], [96.1907958984375, 16.772986930964866], [96.1962890625, 16.772986930964866]]]}, "properties": {"quadkey": "1322012223300313", "tile_x": 96.1935, "tile_y": 16.7756, "avg_d_kbps": 29937, "avg_u_kbps": 18102, "avg_lat_ms": 71, "avg_lat_down_ms": 267, "avg_lat_up_ms": 893, "tests": 2, "devices": 2, "period_start": "2026-01-01", "period_end_exclusive": "2026-04-01", "service_type": "mobile", "source": "Ookla Open Data", "download_mbps": 29.937, "upload_mbps": 18.102, "centroid_in_project": true, "operator": null, "radio_generation": null, "serving_cell_id": null, "single_test_tile": false, "source_url": "https://ookla-open-data.s3.amazonaws.com/parquet/performance/type=mobile/year=2026/quarter=1/2026-01-01_performance_mobile_tiles.parquet"}}, {"type": "Feature", "id": "2026-01-01:1322012223300320", "geometry": {"type": "Polygon", "coordinates": [[[96.1798095703125, 16.76772739719063], [96.1798095703125, 16.772986930964866], [96.17431640625, 16.772986930964866], [96.17431640625, 16.76772739719063], [96.1798095703125, 16.76772739719063]]]}, "properties": {"quadkey": "1322012223300320", "tile_x": 96.17710000000001, "tile_y": 16.770400000000002, "avg_d_kbps": 1128, "avg_u_kbps": 5627, "avg_lat_ms": 170, "avg_lat_down_ms": 507, "avg_lat_up_ms": 746, "tests": 2, "devices": 1, "period_start": "2026-01-01", "period_end_exclusive": "2026-04-01", "service_type": "mobile", "source": "Ookla Open Data", "download_mbps": 1.128, "upload_mbps": 5.627, "centroid_in_project": true, "operator": null, "radio_generation": null, "serving_cell_id": null, "single_test_tile": false, "source_url": "https://ookla-open-data.s3.amazonaws.com/parquet/performance/type=mobile/year=2026/quarter=1/2026-01-01_performance_mobile_tiles.parquet"}}, {"type": "Feature", "id": "2026-01-01:1322012223301000", "geometry": {"type": "Polygon", "coordinates": [[[96.2017822265625, 16.799282416303978], [96.2017822265625, 16.80454107638345], [96.1962890625, 16.80454107638345], [96.1962890625, 16.799282416303978], [96.2017822265625, 16.799282416303978]]]}, "properties": {"quadkey": "1322012223301000", "tile_x": 96.199, "tile_y": 16.8019, "avg_d_kbps": 43135, "avg_u_kbps": 25985, "avg_lat_ms": 129, "avg_lat_down_ms": 1148, "avg_lat_up_ms": 514, "tests": 12, "devices": 3, "period_start": "2026-01-01", "period_end_exclusive": "2026-04-01", "service_type": "mobile", "source": "Ookla Open Data", "download_mbps": 43.135, "upload_mbps": 25.985, "centroid_in_project": true, "operator": null, "radio_generation": null, "serving_cell_id": null, "single_test_tile": false, "source_url": "https://ookla-open-data.s3.amazonaws.com/parquet/performance/type=mobile/year=2026/quarter=1/2026-01-01_performance_mobile_tiles.parquet"}}, {"type": "Feature", "id": "2026-01-01:1322012223301001", "geometry": {"type": "Polygon", "coordinates": [[[96.207275390625, 16.799282416303978], [96.207275390625, 16.80454107638345], [96.2017822265625, 16.80454107638345], [96.2017822265625, 16.799282416303978], [96.207275390625, 16.799282416303978]]]}, "properties": {"quadkey": "1322012223301001", "tile_x": 96.20450000000001, "tile_y": 16.8019, "avg_d_kbps": 21646, "avg_u_kbps": 10943, "avg_lat_ms": 156, "avg_lat_down_ms": 839, "avg_lat_up_ms": 1804, "tests": 4, "devices": 2, "period_start": "2026-01-01", "period_end_exclusive": "2026-04-01", "service_type": "mobile", "source": "Ookla Open Data", "download_mbps": 21.646, "upload_mbps": 10.943, "centroid_in_project": true, "operator": null, "radio_generation": null, "serving_cell_id": null, "single_test_tile": false, "source_url": "https://ookla-open-data.s3.amazonaws.com/parquet/performance/type=mobile/year=2026/quarter=1/2026-01-01_performance_mobile_tiles.parquet"}}, {"type": "Feature", "id": "2026-01-01:1322012223301002", "geometry": {"type": "Polygon", "coordinates": [[[96.2017822265625, 16.794023610508034], [96.2017822265625, 16.799282416303978], [96.1962890625, 16.799282416303978], [96.1962890625, 16.794023610508034], [96.2017822265625, 16.794023610508034]]]}, "properties": {"quadkey": "1322012223301002", "tile_x": 96.199, "tile_y": 16.7967, "avg_d_kbps": 16374, "avg_u_kbps": 7677, "avg_lat_ms": 142, "avg_lat_down_ms": 551, "avg_lat_up_ms": 534, "tests": 3, "devices": 1, "period_start": "2026-01-01", "period_end_exclusive": "2026-04-01", "service_type": "mobile", "source": "Ookla Open Data", "download_mbps": 16.374, "upload_mbps": 7.677, "centroid_in_project": true, "operator": null, "radio_generation": null, "serving_cell_id": null, "single_test_tile": false, "source_url": "https://ookla-open-data.s3.amazonaws.com/parquet/performance/type=mobile/year=2026/quarter=1/2026-01-01_performance_mobile_tiles.parquet"}}, {"type": "Feature", "id": "2026-01-01:1322012223301010", "geometry": {"type": "Polygon", "coordinates": [[[96.2127685546875, 16.799282416303978], [96.2127685546875, 16.80454107638345], [96.207275390625, 16.80454107638345], [96.207275390625, 16.799282416303978], [96.2127685546875, 16.799282416303978]]]}, "properties": {"quadkey": "1322012223301010", "tile_x": 96.21000000000001, "tile_y": 16.8019, "avg_d_kbps": 25058, "avg_u_kbps": 28220, "avg_lat_ms": 14, "avg_lat_down_ms": 1104, "avg_lat_up_ms": 1365, "tests": 1, "devices": 1, "period_start": "2026-01-01", "period_end_exclusive": "2026-04-01", "service_type": "mobile", "source": "Ookla Open Data", "download_mbps": 25.058, "upload_mbps": 28.22, "centroid_in_project": true, "operator": null, "radio_generation": null, "serving_cell_id": null, "single_test_tile": true, "source_url": "https://ookla-open-data.s3.amazonaws.com/parquet/performance/type=mobile/year=2026/quarter=1/2026-01-01_performance_mobile_tiles.parquet"}}, {"type": "Feature", "id": "2026-01-01:1322012223301020", "geometry": {"type": "Polygon", "coordinates": [[[96.2017822265625, 16.788764659035873], [96.2017822265625, 16.794023610508034], [96.1962890625, 16.794023610508034], [96.1962890625, 16.788764659035873], [96.2017822265625, 16.788764659035873]]]}, "properties": {"quadkey": "1322012223301020", "tile_x": 96.199, "tile_y": 16.791400000000003, "avg_d_kbps": 45688, "avg_u_kbps": 25895, "avg_lat_ms": 66, "avg_lat_down_ms": 397, "avg_lat_up_ms": 351, "tests": 18, "devices": 2, "period_start": "2026-01-01", "period_end_exclusive": "2026-04-01", "service_type": "mobile", "source": "Ookla Open Data", "download_mbps": 45.688, "upload_mbps": 25.895, "centroid_in_project": true, "operator": null, "radio_generation": null, "serving_cell_id": null, "single_test_tile": false, "source_url": "https://ookla-open-data.s3.amazonaws.com/parquet/performance/type=mobile/year=2026/quarter=1/2026-01-01_performance_mobile_tiles.parquet"}}, {"type": "Feature", "id": "2026-01-01:1322012223301022", "geometry": {"type": "Polygon", "coordinates": [[[96.2017822265625, 16.78350556192777], [96.2017822265625, 16.788764659035873], [96.1962890625, 16.788764659035873], [96.1962890625, 16.78350556192777], [96.2017822265625, 16.78350556192777]]]}, "properties": {"quadkey": "1322012223301022", "tile_x": 96.199, "tile_y": 16.786099999999998, "avg_d_kbps": 55605, "avg_u_kbps": 24614, "avg_lat_ms": 170, "avg_lat_down_ms": 713, "avg_lat_up_ms": 579, "tests": 15, "devices": 3, "period_start": "2026-01-01", "period_end_exclusive": "2026-04-01", "service_type": "mobile", "source": "Ookla Open Data", "download_mbps": 55.605, "upload_mbps": 24.614, "centroid_in_project": true, "operator": null, "radio_generation": null, "serving_cell_id": null, "single_test_tile": false, "source_url": "https://ookla-open-data.s3.amazonaws.com/parquet/performance/type=mobile/year=2026/quarter=1/2026-01-01_performance_mobile_tiles.parquet"}}, {"type": "Feature", "id": "2026-01-01:1322012223301102", "geometry": {"type": "Polygon", "coordinates": [[[96.2237548828125, 16.794023610508034], [96.2237548828125, 16.799282416303978], [96.21826171875, 16.799282416303978], [96.21826171875, 16.794023610508034], [96.2237548828125, 16.794023610508034]]]}, "properties": {"quadkey": "1322012223301102", "tile_x": 96.221, "tile_y": 16.7967, "avg_d_kbps": 37715, "avg_u_kbps": 6248, "avg_lat_ms": 55, "avg_lat_down_ms": 367, "avg_lat_up_ms": 1030, "tests": 2, "devices": 1, "period_start": "2026-01-01", "period_end_exclusive": "2026-04-01", "service_type": "mobile", "source": "Ookla Open Data", "download_mbps": 37.715, "upload_mbps": 6.248, "centroid_in_project": true, "operator": null, "radio_generation": null, "serving_cell_id": null, "single_test_tile": false, "source_url": "https://ookla-open-data.s3.amazonaws.com/parquet/performance/type=mobile/year=2026/quarter=1/2026-01-01_performance_mobile_tiles.parquet"}}, {"type": "Feature", "id": "2026-01-01:1322012223302012", "geometry": {"type": "Polygon", "coordinates": [[[96.1688232421875, 16.75194792318035], [96.1688232421875, 16.75720789325807], [96.163330078125, 16.75720789325807], [96.163330078125, 16.75194792318035], [96.1688232421875, 16.75194792318035]]]}, "properties": {"quadkey": "1322012223302012", "tile_x": 96.1661, "tile_y": 16.7546, "avg_d_kbps": 87569, "avg_u_kbps": 44024, "avg_lat_ms": 48, "avg_lat_down_ms": 484, "avg_lat_up_ms": 160, "tests": 1, "devices": 1, "period_start": "2026-01-01", "period_end_exclusive": "2026-04-01", "service_type": "mobile", "source": "Ookla Open Data", "download_mbps": 87.569, "upload_mbps": 44.024, "centroid_in_project": true, "operator": null, "radio_generation": null, "serving_cell_id": null, "single_test_tile": true, "source_url": "https://ookla-open-data.s3.amazonaws.com/parquet/performance/type=mobile/year=2026/quarter=1/2026-01-01_performance_mobile_tiles.parquet"}}, {"type": "Feature", "id": "2026-01-01:1322012223302102", "geometry": {"type": "Polygon", "coordinates": [[[96.1798095703125, 16.75194792318035], [96.1798095703125, 16.75720789325807], [96.17431640625, 16.75720789325807], [96.17431640625, 16.75194792318035], [96.1798095703125, 16.75194792318035]]]}, "properties": {"quadkey": "1322012223302102", "tile_x": 96.17710000000001, "tile_y": 16.7546, "avg_d_kbps": 4551, "avg_u_kbps": 14574, "avg_lat_ms": 14, "avg_lat_down_ms": 1942, "avg_lat_up_ms": 855, "tests": 1, "devices": 1, "period_start": "2026-01-01", "period_end_exclusive": "2026-04-01", "service_type": "mobile", "source": "Ookla Open Data", "download_mbps": 4.551, "upload_mbps": 14.574, "centroid_in_project": true, "operator": null, "radio_generation": null, "serving_cell_id": null, "single_test_tile": true, "source_url": "https://ookla-open-data.s3.amazonaws.com/parquet/performance/type=mobile/year=2026/quarter=1/2026-01-01_performance_mobile_tiles.parquet"}}, {"type": "Feature", "id": "2026-01-01:1322012223312123", "geometry": {"type": "Polygon", "coordinates": [[[96.273193359375, 16.7414275470036], [96.273193359375, 16.746687807748753], [96.2677001953125, 16.746687807748753], [96.2677001953125, 16.7414275470036], [96.273193359375, 16.7414275470036]]]}, "properties": {"quadkey": "1322012223312123", "tile_x": 96.2704, "tile_y": 16.744099999999996, "avg_d_kbps": 1390, "avg_u_kbps": 598, "avg_lat_ms": 93, "avg_lat_down_ms": 110, "avg_lat_up_ms": null, "tests": 1, "devices": 1, "period_start": "2026-01-01", "period_end_exclusive": "2026-04-01", "service_type": "mobile", "source": "Ookla Open Data", "download_mbps": 1.39, "upload_mbps": 0.598, "centroid_in_project": true, "operator": null, "radio_generation": null, "serving_cell_id": null, "single_test_tile": true, "source_url": "https://ookla-open-data.s3.amazonaws.com/parquet/performance/type=mobile/year=2026/quarter=1/2026-01-01_performance_mobile_tiles.parquet"}}, {"type": "Feature", "id": "2026-01-01:1322012223331332", "geometry": {"type": "Polygon", "coordinates": [[[96.3226318359375, 16.678293098288517], [96.3226318359375, 16.6835550996493], [96.317138671875, 16.6835550996493], [96.317138671875, 16.678293098288517], [96.3226318359375, 16.678293098288517]]]}, "properties": {"quadkey": "1322012223331332", "tile_x": 96.31989999999999, "tile_y": 16.6809, "avg_d_kbps": 22541, "avg_u_kbps": 20772, "avg_lat_ms": 211, "avg_lat_down_ms": 2220, "avg_lat_up_ms": 2446, "tests": 30, "devices": 1, "period_start": "2026-01-01", "period_end_exclusive": "2026-04-01", "service_type": "mobile", "source": "Ookla Open Data", "download_mbps": 22.541, "upload_mbps": 20.772, "centroid_in_project": true, "operator": null, "radio_generation": null, "serving_cell_id": null, "single_test_tile": false, "source_url": "https://ookla-open-data.s3.amazonaws.com/parquet/performance/type=mobile/year=2026/quarter=1/2026-01-01_performance_mobile_tiles.parquet"}}, {"type": "Feature", "id": "2026-01-01:1322012223333331", "geometry": {"type": "Polygon", "coordinates": [[[96.328125, 16.64145503693775], [96.328125, 16.646718050971927], [96.3226318359375, 16.646718050971927], [96.3226318359375, 16.64145503693775], [96.328125, 16.64145503693775]]]}, "properties": {"quadkey": "1322012223333331", "tile_x": 96.32539999999999, "tile_y": 16.644099999999998, "avg_d_kbps": 7708, "avg_u_kbps": 7089, "avg_lat_ms": 41, "avg_lat_down_ms": 2270, "avg_lat_up_ms": 3856, "tests": 1, "devices": 1, "period_start": "2026-01-01", "period_end_exclusive": "2026-04-01", "service_type": "mobile", "source": "Ookla Open Data", "download_mbps": 7.708, "upload_mbps": 7.089, "centroid_in_project": true, "operator": null, "radio_generation": null, "serving_cell_id": null, "single_test_tile": true, "source_url": "https://ookla-open-data.s3.amazonaws.com/parquet/performance/type=mobile/year=2026/quarter=1/2026-01-01_performance_mobile_tiles.parquet"}}, {"type": "Feature", "id": "2026-01-01:1322030001110033", "geometry": {"type": "Polygon", "coordinates": [[[96.26220703125, 16.615137799987078], [96.26220703125, 16.620401536146336], [96.2567138671875, 16.620401536146336], [96.2567138671875, 16.615137799987078], [96.26220703125, 16.615137799987078]]]}, "properties": {"quadkey": "1322030001110033", "tile_x": 96.2595, "tile_y": 16.6178, "avg_d_kbps": 260, "avg_u_kbps": 113, "avg_lat_ms": 118, "avg_lat_down_ms": 1396, "avg_lat_up_ms": null, "tests": 1, "devices": 1, "period_start": "2026-01-01", "period_end_exclusive": "2026-04-01", "service_type": "mobile", "source": "Ookla Open Data", "download_mbps": 0.26, "upload_mbps": 0.113, "centroid_in_project": false, "operator": null, "radio_generation": null, "serving_cell_id": null, "single_test_tile": true, "source_url": "https://ookla-open-data.s3.amazonaws.com/parquet/performance/type=mobile/year=2026/quarter=1/2026-01-01_performance_mobile_tiles.parquet"}}, {"type": "Feature", "id": "2026-04-01:1322012221020203", "geometry": {"type": "Polygon", "coordinates": [[[95.987548828125, 17.193274736612814], [95.987548828125, 17.198522353644606], [95.9820556640625, 17.198522353644606], [95.9820556640625, 17.193274736612814], [95.987548828125, 17.193274736612814]]]}, "properties": {"quadkey": "1322012221020203", "tile_x": 95.98479999999999, "tile_y": 17.1959, "avg_d_kbps": 10802, "avg_u_kbps": 2055, "avg_lat_ms": 17, "avg_lat_down_ms": 5379.0, "avg_lat_up_ms": 2149.0, "tests": 1, "devices": 1, "period_start": "2026-04-01", "period_end_exclusive": "2026-07-01", "service_type": "mobile", "source": "Ookla Open Data", "download_mbps": 10.802, "upload_mbps": 2.055, "centroid_in_project": true, "operator": null, "radio_generation": null, "serving_cell_id": null, "single_test_tile": true, "source_url": "https://ookla-open-data.s3.amazonaws.com/parquet/performance/type=mobile/year=2026/quarter=2/2026-04-01_performance_mobile_tiles.parquet"}}, {"type": "Feature", "id": "2026-04-01:1322012221020222", "geometry": {"type": "Polygon", "coordinates": [[[95.9820556640625, 17.182779056431826], [95.9820556640625, 17.188026970861948], [95.9765625, 17.188026970861948], [95.9765625, 17.182779056431826], [95.9820556640625, 17.182779056431826]]]}, "properties": {"quadkey": "1322012221020222", "tile_x": 95.9793, "tile_y": 17.1854, "avg_d_kbps": 2431, "avg_u_kbps": 23595, "avg_lat_ms": 69, "avg_lat_down_ms": 1373.0, "avg_lat_up_ms": 609.0, "tests": 1, "devices": 1, "period_start": "2026-04-01", "period_end_exclusive": "2026-07-01", "service_type": "mobile", "source": "Ookla Open Data", "download_mbps": 2.431, "upload_mbps": 23.595, "centroid_in_project": true, "operator": null, "radio_generation": null, "serving_cell_id": null, "single_test_tile": true, "source_url": "https://ookla-open-data.s3.amazonaws.com/parquet/performance/type=mobile/year=2026/quarter=2/2026-04-01_performance_mobile_tiles.parquet"}}, {"type": "Feature", "id": "2026-04-01:1322012221020223", "geometry": {"type": "Polygon", "coordinates": [[[95.987548828125, 17.182779056431826], [95.987548828125, 17.188026970861948], [95.9820556640625, 17.188026970861948], [95.9820556640625, 17.182779056431826], [95.987548828125, 17.182779056431826]]]}, "properties": {"quadkey": "1322012221020223", "tile_x": 95.98479999999999, "tile_y": 17.1854, "avg_d_kbps": 81, "avg_u_kbps": 3073, "avg_lat_ms": 368, "avg_lat_down_ms": 2268.0, "avg_lat_up_ms": 5601.0, "tests": 1, "devices": 1, "period_start": "2026-04-01", "period_end_exclusive": "2026-07-01", "service_type": "mobile", "source": "Ookla Open Data", "download_mbps": 0.081, "upload_mbps": 3.073, "centroid_in_project": true, "operator": null, "radio_generation": null, "serving_cell_id": null, "single_test_tile": true, "source_url": "https://ookla-open-data.s3.amazonaws.com/parquet/performance/type=mobile/year=2026/quarter=2/2026-04-01_performance_mobile_tiles.parquet"}}, {"type": "Feature", "id": "2026-04-01:1322012221201233", "geometry": {"type": "Polygon", "coordinates": [[[96.04248046875, 17.098792237678683], [96.04248046875, 17.104042525557904], [96.0369873046875, 17.104042525557904], [96.0369873046875, 17.098792237678683], [96.04248046875, 17.098792237678683]]]}, "properties": {"quadkey": "1322012221201233", "tile_x": 96.0397, "tile_y": 17.1014, "avg_d_kbps": 34724, "avg_u_kbps": 25688, "avg_lat_ms": 199, "avg_lat_down_ms": 732.0, "avg_lat_up_ms": 572.0, "tests": 1, "devices": 1, "period_start": "2026-04-01", "period_end_exclusive": "2026-07-01", "service_type": "mobile", "source": "Ookla Open Data", "download_mbps": 34.724, "upload_mbps": 25.688, "centroid_in_project": true, "operator": null, "radio_generation": null, "serving_cell_id": null, "single_test_tile": true, "source_url": "https://ookla-open-data.s3.amazonaws.com/parquet/performance/type=mobile/year=2026/quarter=2/2026-04-01_performance_mobile_tiles.parquet"}}, {"type": "Feature", "id": "2026-04-01:1322012221201313", "geometry": {"type": "Polygon", "coordinates": [[[96.064453125, 17.109292665395643], [96.064453125, 17.11454265715199], [96.0589599609375, 17.11454265715199], [96.0589599609375, 17.109292665395643], [96.064453125, 17.109292665395643]]]}, "properties": {"quadkey": "1322012221201313", "tile_x": 96.0617, "tile_y": 17.1119, "avg_d_kbps": 886, "avg_u_kbps": 715, "avg_lat_ms": 619, "avg_lat_down_ms": 7970.0, "avg_lat_up_ms": 5468.0, "tests": 2, "devices": 1, "period_start": "2026-04-01", "period_end_exclusive": "2026-07-01", "service_type": "mobile", "source": "Ookla Open Data", "download_mbps": 0.886, "upload_mbps": 0.715, "centroid_in_project": true, "operator": null, "radio_generation": null, "serving_cell_id": null, "single_test_tile": false, "source_url": "https://ookla-open-data.s3.amazonaws.com/parquet/performance/type=mobile/year=2026/quarter=2/2026-04-01_performance_mobile_tiles.parquet"}}, {"type": "Feature", "id": "2026-04-01:1322012221201322", "geometry": {"type": "Polygon", "coordinates": [[[96.0479736328125, 17.098792237678683], [96.0479736328125, 17.104042525557904], [96.04248046875, 17.104042525557904], [96.04248046875, 17.098792237678683], [96.0479736328125, 17.098792237678683]]]}, "properties": {"quadkey": "1322012221201322", "tile_x": 96.0452, "tile_y": 17.1014, "avg_d_kbps": 2077, "avg_u_kbps": 5678, "avg_lat_ms": 306, "avg_lat_down_ms": 7373.0, "avg_lat_up_ms": 461.0, "tests": 1, "devices": 1, "period_start": "2026-04-01", "period_end_exclusive": "2026-07-01", "service_type": "mobile", "source": "Ookla Open Data", "download_mbps": 2.077, "upload_mbps": 5.678, "centroid_in_project": true, "operator": null, "radio_generation": null, "serving_cell_id": null, "single_test_tile": true, "source_url": "https://ookla-open-data.s3.amazonaws.com/parquet/performance/type=mobile/year=2026/quarter=2/2026-04-01_performance_mobile_tiles.parquet"}}, {"type": "Feature", "id": "2026-04-01:1322012221203013", "geometry": {"type": "Polygon", "coordinates": [[[96.04248046875, 17.08829121795547], [96.04248046875, 17.0935418017979], [96.0369873046875, 17.0935418017979], [96.0369873046875, 17.08829121795547], [96.04248046875, 17.08829121795547]]]}, "properties": {"quadkey": "1322012221203013", "tile_x": 96.0397, "tile_y": 17.0909, "avg_d_kbps": 28034, "avg_u_kbps": 18543, "avg_lat_ms": 223, "avg_lat_down_ms": 822.0, "avg_lat_up_ms": 730.0, "tests": 1, "devices": 1, "period_start": "2026-04-01", "period_end_exclusive": "2026-07-01", "service_type": "mobile", "source": "Ookla Open Data", "download_mbps": 28.034, "upload_mbps": 18.543, "centroid_in_project": true, "operator": null, "radio_generation": null, "serving_cell_id": null, "single_test_tile": true, "source_url": "https://ookla-open-data.s3.amazonaws.com/parquet/performance/type=mobile/year=2026/quarter=2/2026-04-01_performance_mobile_tiles.parquet"}}, {"type": "Feature", "id": "2026-04-01:1322012221213232", "geometry": {"type": "Polygon", "coordinates": [[[96.1248779296875, 17.05678460994255], [96.1248779296875, 17.06203608071622], [96.119384765625, 17.06203608071622], [96.119384765625, 17.05678460994255], [96.1248779296875, 17.05678460994255]]]}, "properties": {"quadkey": "1322012221213232", "tile_x": 96.12210000000002, "tile_y": 17.0594, "avg_d_kbps": 28910, "avg_u_kbps": 22582, "avg_lat_ms": 16, "avg_lat_down_ms": 316.0, "avg_lat_up_ms": 269.0, "tests": 1, "devices": 1, "period_start": "2026-04-01", "period_end_exclusive": "2026-07-01", "service_type": "mobile", "source": "Ookla Open Data", "download_mbps": 28.91, "upload_mbps": 22.582, "centroid_in_project": true, "operator": null, "radio_generation": null, "serving_cell_id": null, "single_test_tile": true, "source_url": "https://ookla-open-data.s3.amazonaws.com/parquet/performance/type=mobile/year=2026/quarter=2/2026-04-01_performance_mobile_tiles.parquet"}}, {"type": "Feature", "id": "2026-04-01:1322012221223112", "geometry": {"type": "Polygon", "coordinates": [[[96.0589599609375, 17.004261786290368], [96.0589599609375, 17.009514732085155], [96.053466796875, 17.009514732085155], [96.053466796875, 17.004261786290368], [96.0589599609375, 17.004261786290368]]]}, "properties": {"quadkey": "1322012221223112", "tile_x": 96.05619999999999, "tile_y": 17.0069, "avg_d_kbps": 68273, "avg_u_kbps": 41976, "avg_lat_ms": 217, "avg_lat_down_ms": 7221.0, "avg_lat_up_ms": 6365.0, "tests": 1, "devices": 1, "period_start": "2026-04-01", "period_end_exclusive": "2026-07-01", "service_type": "mobile", "source": "Ookla Open Data", "download_mbps": 68.273, "upload_mbps": 41.976, "centroid_in_project": true, "operator": null, "radio_generation": null, "serving_cell_id": null, "single_test_tile": true, "source_url": "https://ookla-open-data.s3.amazonaws.com/parquet/performance/type=mobile/year=2026/quarter=2/2026-04-01_performance_mobile_tiles.parquet"}}, {"type": "Feature", "id": "2026-04-01:1322012221223130", "geometry": {"type": "Polygon", "coordinates": [[[96.0589599609375, 16.99900869321349], [96.0589599609375, 17.004261786290368], [96.053466796875, 17.004261786290368], [96.053466796875, 16.99900869321349], [96.0589599609375, 16.99900869321349]]]}, "properties": {"quadkey": "1322012221223130", "tile_x": 96.05619999999999, "tile_y": 17.0016, "avg_d_kbps": 29576, "avg_u_kbps": 14323, "avg_lat_ms": 219, "avg_lat_down_ms": 432.0, "avg_lat_up_ms": null, "tests": 1, "devices": 1, "period_start": "2026-04-01", "period_end_exclusive": "2026-07-01", "service_type": "mobile", "source": "Ookla Open Data", "download_mbps": 29.576, "upload_mbps": 14.323, "centroid_in_project": true, "operator": null, "radio_generation": null, "serving_cell_id": null, "single_test_tile": true, "source_url": "https://ookla-open-data.s3.amazonaws.com/parquet/performance/type=mobile/year=2026/quarter=2/2026-04-01_performance_mobile_tiles.parquet"}}, {"type": "Feature", "id": "2026-04-01:1322012221231330", "geometry": {"type": "Polygon", "coordinates": [[[96.1468505859375, 17.02002018166838], [96.1468505859375, 17.025272685376795], [96.141357421875, 17.025272685376795], [96.141357421875, 17.02002018166838], [96.1468505859375, 17.02002018166838]]]}, "properties": {"quadkey": "1322012221231330", "tile_x": 96.14410000000001, "tile_y": 17.022599999999997, "avg_d_kbps": 22036, "avg_u_kbps": 2869, "avg_lat_ms": 72, "avg_lat_down_ms": 89.0, "avg_lat_up_ms": 560.0, "tests": 3, "devices": 1, "period_start": "2026-04-01", "period_end_exclusive": "2026-07-01", "service_type": "mobile", "source": "Ookla Open Data", "download_mbps": 22.036, "upload_mbps": 2.869, "centroid_in_project": true, "operator": null, "radio_generation": null, "serving_cell_id": null, "single_test_tile": false, "source_url": "https://ookla-open-data.s3.amazonaws.com/parquet/performance/type=mobile/year=2026/quarter=2/2026-04-01_performance_mobile_tiles.parquet"}}, {"type": "Feature", "id": "2026-04-01:1322012221232122", "geometry": {"type": "Polygon", "coordinates": [[[96.0919189453125, 16.993755452894558], [96.0919189453125, 16.99900869321349], [96.08642578125, 16.99900869321349], [96.08642578125, 16.993755452894558], [96.0919189453125, 16.993755452894558]]]}, "properties": {"quadkey": "1322012221232122", "tile_x": 96.0892, "tile_y": 16.9964, "avg_d_kbps": 8530, "avg_u_kbps": 4511, "avg_lat_ms": 17, "avg_lat_down_ms": 235.0, "avg_lat_up_ms": 988.0, "tests": 4, "devices": 1, "period_start": "2026-04-01", "period_end_exclusive": "2026-07-01", "service_type": "mobile", "source": "Ookla Open Data", "download_mbps": 8.53, "upload_mbps": 4.511, "centroid_in_project": true, "operator": null, "radio_generation": null, "serving_cell_id": null, "single_test_tile": false, "source_url": "https://ookla-open-data.s3.amazonaws.com/parquet/performance/type=mobile/year=2026/quarter=2/2026-04-01_performance_mobile_tiles.parquet"}}, {"type": "Feature", "id": "2026-04-01:1322012221233111", "geometry": {"type": "Polygon", "coordinates": [[[96.15234375, 17.009514732085155], [96.15234375, 17.01476753055783], [96.1468505859375, 17.01476753055783], [96.1468505859375, 17.009514732085155], [96.15234375, 17.009514732085155]]]}, "properties": {"quadkey": "1322012221233111", "tile_x": 96.1496, "tile_y": 17.012099999999997, "avg_d_kbps": 34127, "avg_u_kbps": 18891, "avg_lat_ms": 84, "avg_lat_down_ms": 968.0, "avg_lat_up_ms": 2044.0, "tests": 4, "devices": 2, "period_start": "2026-04-01", "period_end_exclusive": "2026-07-01", "service_type": "mobile", "source": "Ookla Open Data", "download_mbps": 34.127, "upload_mbps": 18.891, "centroid_in_project": true, "operator": null, "radio_generation": null, "serving_cell_id": null, "single_test_tile": false, "source_url": "https://ookla-open-data.s3.amazonaws.com/parquet/performance/type=mobile/year=2026/quarter=2/2026-04-01_performance_mobile_tiles.parquet"}}, {"type": "Feature", "id": "2026-04-01:1322012221233131", "geometry": {"type": "Polygon", "coordinates": [[[96.15234375, 16.99900869321349], [96.15234375, 17.004261786290368], [96.1468505859375, 17.004261786290368], [96.1468505859375, 16.99900869321349], [96.15234375, 16.99900869321349]]]}, "properties": {"quadkey": "1322012221233131", "tile_x": 96.1496, "tile_y": 17.0016, "avg_d_kbps": 80121, "avg_u_kbps": 35327, "avg_lat_ms": 13, "avg_lat_down_ms": 644.0, "avg_lat_up_ms": 229.0, "tests": 2, "devices": 1, "period_start": "2026-04-01", "period_end_exclusive": "2026-07-01", "service_type": "mobile", "source": "Ookla Open Data", "download_mbps": 80.121, "upload_mbps": 35.327, "centroid_in_project": true, "operator": null, "radio_generation": null, "serving_cell_id": null, "single_test_tile": false, "source_url": "https://ookla-open-data.s3.amazonaws.com/parquet/performance/type=mobile/year=2026/quarter=2/2026-04-01_performance_mobile_tiles.parquet"}}, {"type": "Feature", "id": "2026-04-01:1322012221233133", "geometry": {"type": "Polygon", "coordinates": [[[96.15234375, 16.993755452894558], [96.15234375, 16.99900869321349], [96.1468505859375, 16.99900869321349], [96.1468505859375, 16.993755452894558], [96.15234375, 16.993755452894558]]]}, "properties": {"quadkey": "1322012221233133", "tile_x": 96.1496, "tile_y": 16.9964, "avg_d_kbps": 50780, "avg_u_kbps": 10849, "avg_lat_ms": 71, "avg_lat_down_ms": 351.0, "avg_lat_up_ms": 459.0, "tests": 1, "devices": 1, "period_start": "2026-04-01", "period_end_exclusive": "2026-07-01", "service_type": "mobile", "source": "Ookla Open Data", "download_mbps": 50.78, "upload_mbps": 10.849, "centroid_in_project": true, "operator": null, "radio_generation": null, "serving_cell_id": null, "single_test_tile": true, "source_url": "https://ookla-open-data.s3.amazonaws.com/parquet/performance/type=mobile/year=2026/quarter=2/2026-04-01_performance_mobile_tiles.parquet"}}, {"type": "Feature", "id": "2026-04-01:1322012221233231", "geometry": {"type": "Polygon", "coordinates": [[[96.13037109375, 16.97799484888578], [96.13037109375, 16.98324853069066], [96.1248779296875, 16.98324853069066], [96.1248779296875, 16.97799484888578], [96.13037109375, 16.97799484888578]]]}, "properties": {"quadkey": "1322012221233231", "tile_x": 96.1276, "tile_y": 16.9806, "avg_d_kbps": 58286, "avg_u_kbps": 57093, "avg_lat_ms": 28, "avg_lat_down_ms": 448.0, "avg_lat_up_ms": 158.0, "tests": 1, "devices": 1, "period_start": "2026-04-01", "period_end_exclusive": "2026-07-01", "service_type": "mobile", "source": "Ookla Open Data", "download_mbps": 58.286, "upload_mbps": 57.093, "centroid_in_project": true, "operator": null, "radio_generation": null, "serving_cell_id": null, "single_test_tile": true, "source_url": "https://ookla-open-data.s3.amazonaws.com/parquet/performance/type=mobile/year=2026/quarter=2/2026-04-01_performance_mobile_tiles.parquet"}}, {"type": "Feature", "id": "2026-04-01:1322012221233233", "geometry": {"type": "Polygon", "coordinates": [[[96.13037109375, 16.97274101999902], [96.13037109375, 16.97799484888578], [96.1248779296875, 16.97799484888578], [96.1248779296875, 16.97274101999902], [96.13037109375, 16.97274101999902]]]}, "properties": {"quadkey": "1322012221233233", "tile_x": 96.1276, "tile_y": 16.9754, "avg_d_kbps": 54635, "avg_u_kbps": 42169, "avg_lat_ms": 236, "avg_lat_down_ms": 6614.0, "avg_lat_up_ms": null, "tests": 1, "devices": 1, "period_start": "2026-04-01", "period_end_exclusive": "2026-07-01", "service_type": "mobile", "source": "Ookla Open Data", "download_mbps": 54.635, "upload_mbps": 42.169, "centroid_in_project": true, "operator": null, "radio_generation": null, "serving_cell_id": null, "single_test_tile": true, "source_url": "https://ookla-open-data.s3.amazonaws.com/parquet/performance/type=mobile/year=2026/quarter=2/2026-04-01_performance_mobile_tiles.parquet"}}, {"type": "Feature", "id": "2026-04-01:1322012221302211", "geometry": {"type": "Polygon", "coordinates": [[[96.17431640625, 17.072538579057582], [96.17431640625, 17.077789606545377], [96.1688232421875, 17.077789606545377], [96.1688232421875, 17.072538579057582], [96.17431640625, 17.072538579057582]]]}, "properties": {"quadkey": "1322012221302211", "tile_x": 96.1716, "tile_y": 17.075200000000002, "avg_d_kbps": 934, "avg_u_kbps": 1258, "avg_lat_ms": 48, "avg_lat_down_ms": 4128.0, "avg_lat_up_ms": 3358.0, "tests": 2, "devices": 1, "period_start": "2026-04-01", "period_end_exclusive": "2026-07-01", "service_type": "mobile", "source": "Ookla Open Data", "download_mbps": 0.934, "upload_mbps": 1.258, "centroid_in_project": false, "operator": null, "radio_generation": null, "serving_cell_id": null, "single_test_tile": false, "source_url": "https://ookla-open-data.s3.amazonaws.com/parquet/performance/type=mobile/year=2026/quarter=2/2026-04-01_performance_mobile_tiles.parquet"}}, {"type": "Feature", "id": "2026-04-01:1322012221322300", "geometry": {"type": "Polygon", "coordinates": [[[96.1798095703125, 16.9885020653736], [96.1798095703125, 16.993755452894558], [96.17431640625, 16.993755452894558], [96.17431640625, 16.9885020653736], [96.1798095703125, 16.9885020653736]]]}, "properties": {"quadkey": "1322012221322300", "tile_x": 96.17710000000001, "tile_y": 16.9911, "avg_d_kbps": 38622, "avg_u_kbps": 10184, "avg_lat_ms": 13, "avg_lat_down_ms": 545.0, "avg_lat_up_ms": 523.0, "tests": 1, "devices": 1, "period_start": "2026-04-01", "period_end_exclusive": "2026-07-01", "service_type": "mobile", "source": "Ookla Open Data", "download_mbps": 38.622, "upload_mbps": 10.184, "centroid_in_project": false, "operator": null, "radio_generation": null, "serving_cell_id": null, "single_test_tile": true, "source_url": "https://ookla-open-data.s3.amazonaws.com/parquet/performance/type=mobile/year=2026/quarter=2/2026-04-01_performance_mobile_tiles.parquet"}}, {"type": "Feature", "id": "2026-04-01:1322012223001131", "geometry": {"type": "Polygon", "coordinates": [[[96.064453125, 16.95697865124807], [96.064453125, 16.962232921140096], [96.0589599609375, 16.962232921140096], [96.0589599609375, 16.95697865124807], [96.064453125, 16.95697865124807]]]}, "properties": {"quadkey": "1322012223001131", "tile_x": 96.0617, "tile_y": 16.9596, "avg_d_kbps": 1487, "avg_u_kbps": 6280, "avg_lat_ms": 33, "avg_lat_down_ms": null, "avg_lat_up_ms": 916.0, "tests": 1, "devices": 1, "period_start": "2026-04-01", "period_end_exclusive": "2026-07-01", "service_type": "mobile", "source": "Ookla Open Data", "download_mbps": 1.487, "upload_mbps": 6.28, "centroid_in_project": true, "operator": null, "radio_generation": null, "serving_cell_id": null, "single_test_tile": true, "source_url": "https://ookla-open-data.s3.amazonaws.com/parquet/performance/type=mobile/year=2026/quarter=2/2026-04-01_performance_mobile_tiles.parquet"}}, {"type": "Feature", "id": "2026-04-01:1322012223003300", "geometry": {"type": "Polygon", "coordinates": [[[96.0479736328125, 16.90442787825499], [96.0479736328125, 16.909683615558638], [96.04248046875, 16.909683615558638], [96.04248046875, 16.90442787825499], [96.0479736328125, 16.90442787825499]]]}, "properties": {"quadkey": "1322012223003300", "tile_x": 96.0452, "tile_y": 16.907099999999996, "avg_d_kbps": 29771, "avg_u_kbps": 10691, "avg_lat_ms": 266, "avg_lat_down_ms": 2713.0, "avg_lat_up_ms": 1441.0, "tests": 3, "devices": 1, "period_start": "2026-04-01", "period_end_exclusive": "2026-07-01", "service_type": "mobile", "source": "Ookla Open Data", "download_mbps": 29.771, "upload_mbps": 10.691, "centroid_in_project": false, "operator": null, "radio_generation": null, "serving_cell_id": null, "single_test_tile": false, "source_url": "https://ookla-open-data.s3.amazonaws.com/parquet/performance/type=mobile/year=2026/quarter=2/2026-04-01_performance_mobile_tiles.parquet"}}, {"type": "Feature", "id": "2026-04-01:1322012223003322", "geometry": {"type": "Polygon", "coordinates": [[[96.0479736328125, 16.888659787381606], [96.0479736328125, 16.89391596412632], [96.04248046875, 16.89391596412632], [96.04248046875, 16.888659787381606], [96.0479736328125, 16.888659787381606]]]}, "properties": {"quadkey": "1322012223003322", "tile_x": 96.0452, "tile_y": 16.891299999999998, "avg_d_kbps": 101043, "avg_u_kbps": 46965, "avg_lat_ms": 193, "avg_lat_down_ms": 849.0, "avg_lat_up_ms": 231.0, "tests": 1, "devices": 1, "period_start": "2026-04-01", "period_end_exclusive": "2026-07-01", "service_type": "mobile", "source": "Ookla Open Data", "download_mbps": 101.043, "upload_mbps": 46.965, "centroid_in_project": true, "operator": null, "radio_generation": null, "serving_cell_id": null, "single_test_tile": true, "source_url": "https://ookla-open-data.s3.amazonaws.com/parquet/performance/type=mobile/year=2026/quarter=2/2026-04-01_performance_mobile_tiles.parquet"}}, {"type": "Feature", "id": "2026-04-01:1322012223010022", "geometry": {"type": "Polygon", "coordinates": [[[96.0699462890625, 16.95172423443443], [96.0699462890625, 16.95697865124807], [96.064453125, 16.95697865124807], [96.064453125, 16.95172423443443], [96.0699462890625, 16.95172423443443]]]}, "properties": {"quadkey": "1322012223010022", "tile_x": 96.06719999999999, "tile_y": 16.9544, "avg_d_kbps": 27521, "avg_u_kbps": 15824, "avg_lat_ms": 74, "avg_lat_down_ms": 359.0, "avg_lat_up_ms": 86.0, "tests": 1, "devices": 1, "period_start": "2026-04-01", "period_end_exclusive": "2026-07-01", "service_type": "mobile", "source": "Ookla Open Data", "download_mbps": 27.521, "upload_mbps": 15.824, "centroid_in_project": true, "operator": null, "radio_generation": null, "serving_cell_id": null, "single_test_tile": true, "source_url": "https://ookla-open-data.s3.amazonaws.com/parquet/performance/type=mobile/year=2026/quarter=2/2026-04-01_performance_mobile_tiles.parquet"}}, {"type": "Feature", "id": "2026-04-01:1322012223010023", "geometry": {"type": "Polygon", "coordinates": [[[96.075439453125, 16.95172423443443], [96.075439453125, 16.95697865124807], [96.0699462890625, 16.95697865124807], [96.0699462890625, 16.95172423443443], [96.075439453125, 16.95172423443443]]]}, "properties": {"quadkey": "1322012223010023", "tile_x": 96.07270000000001, "tile_y": 16.9544, "avg_d_kbps": 39342, "avg_u_kbps": 28109, "avg_lat_ms": 207, "avg_lat_down_ms": 1334.0, "avg_lat_up_ms": 404.0, "tests": 1, "devices": 1, "period_start": "2026-04-01", "period_end_exclusive": "2026-07-01", "service_type": "mobile", "source": "Ookla Open Data", "download_mbps": 39.342, "upload_mbps": 28.109, "centroid_in_project": true, "operator": null, "radio_generation": null, "serving_cell_id": null, "single_test_tile": true, "source_url": "https://ookla-open-data.s3.amazonaws.com/parquet/performance/type=mobile/year=2026/quarter=2/2026-04-01_performance_mobile_tiles.parquet"}}, {"type": "Feature", "id": "2026-04-01:1322012223010322", "geometry": {"type": "Polygon", "coordinates": [[[96.0919189453125, 16.93070509876553], [96.0919189453125, 16.93596010286472], [96.08642578125, 16.93596010286472], [96.08642578125, 16.93070509876553], [96.0919189453125, 16.93070509876553]]]}, "properties": {"quadkey": "1322012223010322", "tile_x": 96.0892, "tile_y": 16.9333, "avg_d_kbps": 34439, "avg_u_kbps": 40359, "avg_lat_ms": 72, "avg_lat_down_ms": 698.0, "avg_lat_up_ms": 395.0, "tests": 1, "devices": 1, "period_start": "2026-04-01", "period_end_exclusive": "2026-07-01", "service_type": "mobile", "source": "Ookla Open Data", "download_mbps": 34.439, "upload_mbps": 40.359, "centroid_in_project": true, "operator": null, "radio_generation": null, "serving_cell_id": null, "single_test_tile": true, "source_url": "https://ookla-open-data.s3.amazonaws.com/parquet/performance/type=mobile/year=2026/quarter=2/2026-04-01_performance_mobile_tiles.parquet"}}, {"type": "Feature", "id": "2026-04-01:1322012223010332", "geometry": {"type": "Polygon", "coordinates": [[[96.1029052734375, 16.93070509876553], [96.1029052734375, 16.93596010286472], [96.097412109375, 16.93596010286472], [96.097412109375, 16.93070509876553], [96.1029052734375, 16.93070509876553]]]}, "properties": {"quadkey": "1322012223010332", "tile_x": 96.1002, "tile_y": 16.9333, "avg_d_kbps": 26202, "avg_u_kbps": 3411, "avg_lat_ms": 267, "avg_lat_down_ms": 753.0, "avg_lat_up_ms": 871.0, "tests": 1, "devices": 1, "period_start": "2026-04-01", "period_end_exclusive": "2026-07-01", "service_type": "mobile", "source": "Ookla Open Data", "download_mbps": 26.202, "upload_mbps": 3.411, "centroid_in_project": true, "operator": null, "radio_generation": null, "serving_cell_id": null, "single_test_tile": true, "source_url": "https://ookla-open-data.s3.amazonaws.com/parquet/performance/type=mobile/year=2026/quarter=2/2026-04-01_performance_mobile_tiles.parquet"}}, {"type": "Feature", "id": "2026-04-01:1322012223011131", "geometry": {"type": "Polygon", "coordinates": [[[96.15234375, 16.95697865124807], [96.15234375, 16.962232921140096], [96.1468505859375, 16.962232921140096], [96.1468505859375, 16.95697865124807], [96.15234375, 16.95697865124807]]]}, "properties": {"quadkey": "1322012223011131", "tile_x": 96.1496, "tile_y": 16.9596, "avg_d_kbps": 12914, "avg_u_kbps": 18039, "avg_lat_ms": 105, "avg_lat_down_ms": 2144.0, "avg_lat_up_ms": 1101.0, "tests": 9, "devices": 2, "period_start": "2026-04-01", "period_end_exclusive": "2026-07-01", "service_type": "mobile", "source": "Ookla Open Data", "download_mbps": 12.914, "upload_mbps": 18.039, "centroid_in_project": true, "operator": null, "radio_generation": null, "serving_cell_id": null, "single_test_tile": false, "source_url": "https://ookla-open-data.s3.amazonaws.com/parquet/performance/type=mobile/year=2026/quarter=2/2026-04-01_performance_mobile_tiles.parquet"}}, {"type": "Feature", "id": "2026-04-01:1322012223011211", "geometry": {"type": "Polygon", "coordinates": [[[96.13037109375, 16.94646967073926], [96.13037109375, 16.95172423443443], [96.1248779296875, 16.95172423443443], [96.1248779296875, 16.94646967073926], [96.13037109375, 16.94646967073926]]]}, "properties": {"quadkey": "1322012223011211", "tile_x": 96.1276, "tile_y": 16.949099999999998, "avg_d_kbps": 9904, "avg_u_kbps": 24916, "avg_lat_ms": 116, "avg_lat_down_ms": 1794.0, "avg_lat_up_ms": 1867.0, "tests": 1, "devices": 1, "period_start": "2026-04-01", "period_end_exclusive": "2026-07-01", "service_type": "mobile", "source": "Ookla Open Data", "download_mbps": 9.904, "upload_mbps": 24.916, "centroid_in_project": true, "operator": null, "radio_generation": null, "serving_cell_id": null, "single_test_tile": true, "source_url": "https://ookla-open-data.s3.amazonaws.com/parquet/performance/type=mobile/year=2026/quarter=2/2026-04-01_performance_mobile_tiles.parquet"}}, {"type": "Feature", "id": "2026-04-01:1322012223011323", "geometry": {"type": "Polygon", "coordinates": [[[96.141357421875, 16.93070509876553], [96.141357421875, 16.93596010286472], [96.1358642578125, 16.93596010286472], [96.1358642578125, 16.93070509876553], [96.141357421875, 16.93070509876553]]]}, "properties": {"quadkey": "1322012223011323", "tile_x": 96.13860000000001, "tile_y": 16.9333, "avg_d_kbps": 59674, "avg_u_kbps": 43900, "avg_lat_ms": 161, "avg_lat_down_ms": 2941.0, "avg_lat_up_ms": 345.0, "tests": 2, "devices": 2, "period_start": "2026-04-01", "period_end_exclusive": "2026-07-01", "service_type": "mobile", "source": "Ookla Open Data", "download_mbps": 59.674, "upload_mbps": 43.9, "centroid_in_project": true, "operator": null, "radio_generation": null, "serving_cell_id": null, "single_test_tile": false, "source_url": "https://ookla-open-data.s3.amazonaws.com/parquet/performance/type=mobile/year=2026/quarter=2/2026-04-01_performance_mobile_tiles.parquet"}}, {"type": "Feature", "id": "2026-04-01:1322012223012022", "geometry": {"type": "Polygon", "coordinates": [[[96.0699462890625, 16.909683615558638], [96.0699462890625, 16.914939206301643], [96.064453125, 16.914939206301643], [96.064453125, 16.909683615558638], [96.0699462890625, 16.909683615558638]]]}, "properties": {"quadkey": "1322012223012022", "tile_x": 96.06719999999999, "tile_y": 16.9123, "avg_d_kbps": 16246, "avg_u_kbps": 3115, "avg_lat_ms": 56, "avg_lat_down_ms": 1311.0, "avg_lat_up_ms": 2245.0, "tests": 2, "devices": 1, "period_start": "2026-04-01", "period_end_exclusive": "2026-07-01", "service_type": "mobile", "source": "Ookla Open Data", "download_mbps": 16.246, "upload_mbps": 3.115, "centroid_in_project": true, "operator": null, "radio_generation": null, "serving_cell_id": null, "single_test_tile": false, "source_url": "https://ookla-open-data.s3.amazonaws.com/parquet/performance/type=mobile/year=2026/quarter=2/2026-04-01_performance_mobile_tiles.parquet"}}, {"type": "Feature", "id": "2026-04-01:1322012223012033", "geometry": {"type": "Polygon", "coordinates": [[[96.08642578125, 16.909683615558638], [96.08642578125, 16.914939206301643], [96.0809326171875, 16.914939206301643], [96.0809326171875, 16.909683615558638], [96.08642578125, 16.909683615558638]]]}, "properties": {"quadkey": "1322012223012033", "tile_x": 96.0837, "tile_y": 16.9123, "avg_d_kbps": 51108, "avg_u_kbps": 5123, "avg_lat_ms": 14, "avg_lat_down_ms": 717.0, "avg_lat_up_ms": 2665.0, "tests": 1, "devices": 1, "period_start": "2026-04-01", "period_end_exclusive": "2026-07-01", "service_type": "mobile", "source": "Ookla Open Data", "download_mbps": 51.108, "upload_mbps": 5.123, "centroid_in_project": true, "operator": null, "radio_generation": null, "serving_cell_id": null, "single_test_tile": true, "source_url": "https://ookla-open-data.s3.amazonaws.com/parquet/performance/type=mobile/year=2026/quarter=2/2026-04-01_performance_mobile_tiles.parquet"}}, {"type": "Feature", "id": "2026-04-01:1322012223012112", "geometry": {"type": "Polygon", "coordinates": [[[96.1029052734375, 16.92019465044388], [96.1029052734375, 16.925449947945214], [96.097412109375, 16.925449947945214], [96.097412109375, 16.92019465044388], [96.1029052734375, 16.92019465044388]]]}, "properties": {"quadkey": "1322012223012112", "tile_x": 96.1002, "tile_y": 16.922800000000002, "avg_d_kbps": 86469, "avg_u_kbps": 42573, "avg_lat_ms": 16, "avg_lat_down_ms": 900.0, "avg_lat_up_ms": 222.0, "tests": 3, "devices": 1, "period_start": "2026-04-01", "period_end_exclusive": "2026-07-01", "service_type": "mobile", "source": "Ookla Open Data", "download_mbps": 86.469, "upload_mbps": 42.573, "centroid_in_project": true, "operator": null, "radio_generation": null, "serving_cell_id": null, "single_test_tile": false, "source_url": "https://ookla-open-data.s3.amazonaws.com/parquet/performance/type=mobile/year=2026/quarter=2/2026-04-01_performance_mobile_tiles.parquet"}}, {"type": "Feature", "id": "2026-04-01:1322012223012223", "geometry": {"type": "Polygon", "coordinates": [[[96.075439453125, 16.888659787381606], [96.075439453125, 16.89391596412632], [96.0699462890625, 16.89391596412632], [96.0699462890625, 16.888659787381606], [96.075439453125, 16.888659787381606]]]}, "properties": {"quadkey": "1322012223012223", "tile_x": 96.07270000000001, "tile_y": 16.891299999999998, "avg_d_kbps": 16335, "avg_u_kbps": 42339, "avg_lat_ms": 229, "avg_lat_down_ms": 1788.0, "avg_lat_up_ms": 1501.0, "tests": 1, "devices": 1, "period_start": "2026-04-01", "period_end_exclusive": "2026-07-01", "service_type": "mobile", "source": "Ookla Open Data", "download_mbps": 16.335, "upload_mbps": 42.339, "centroid_in_project": true, "operator": null, "radio_generation": null, "serving_cell_id": null, "single_test_tile": true, "source_url": "https://ookla-open-data.s3.amazonaws.com/parquet/performance/type=mobile/year=2026/quarter=2/2026-04-01_performance_mobile_tiles.parquet"}}, {"type": "Feature", "id": "2026-04-01:1322012223012303", "geometry": {"type": "Polygon", "coordinates": [[[96.097412109375, 16.899171994430837], [96.097412109375, 16.90442787825499], [96.0919189453125, 16.90442787825499], [96.0919189453125, 16.899171994430837], [96.097412109375, 16.899171994430837]]]}, "properties": {"quadkey": "1322012223012303", "tile_x": 96.09469999999999, "tile_y": 16.901799999999998, "avg_d_kbps": 21314, "avg_u_kbps": 7689, "avg_lat_ms": 235, "avg_lat_down_ms": 632.0, "avg_lat_up_ms": 433.0, "tests": 1, "devices": 1, "period_start": "2026-04-01", "period_end_exclusive": "2026-07-01", "service_type": "mobile", "source": "Ookla Open Data", "download_mbps": 21.314, "upload_mbps": 7.689, "centroid_in_project": true, "operator": null, "radio_generation": null, "serving_cell_id": null, "single_test_tile": true, "source_url": "https://ookla-open-data.s3.amazonaws.com/parquet/performance/type=mobile/year=2026/quarter=2/2026-04-01_performance_mobile_tiles.parquet"}}, {"type": "Feature", "id": "2026-04-01:1322012223012310", "geometry": {"type": "Polygon", "coordinates": [[[96.1029052734375, 16.90442787825499], [96.1029052734375, 16.909683615558638], [96.097412109375, 16.909683615558638], [96.097412109375, 16.90442787825499], [96.1029052734375, 16.90442787825499]]]}, "properties": {"quadkey": "1322012223012310", "tile_x": 96.1002, "tile_y": 16.907099999999996, "avg_d_kbps": 28346, "avg_u_kbps": 7791, "avg_lat_ms": 52, "avg_lat_down_ms": 565.0, "avg_lat_up_ms": 980.0, "tests": 8, "devices": 2, "period_start": "2026-04-01", "period_end_exclusive": "2026-07-01", "service_type": "mobile", "source": "Ookla Open Data", "download_mbps": 28.346, "upload_mbps": 7.791, "centroid_in_project": true, "operator": null, "radio_generation": null, "serving_cell_id": null, "single_test_tile": false, "source_url": "https://ookla-open-data.s3.amazonaws.com/parquet/performance/type=mobile/year=2026/quarter=2/2026-04-01_performance_mobile_tiles.parquet"}}, {"type": "Feature", "id": "2026-04-01:1322012223012331", "geometry": {"type": "Polygon", "coordinates": [[[96.1083984375, 16.89391596412632], [96.1083984375, 16.899171994430837], [96.1029052734375, 16.899171994430837], [96.1029052734375, 16.89391596412632], [96.1083984375, 16.89391596412632]]]}, "properties": {"quadkey": "1322012223012331", "tile_x": 96.1057, "tile_y": 16.8965, "avg_d_kbps": 72409, "avg_u_kbps": 36388, "avg_lat_ms": 86, "avg_lat_down_ms": 780.0, "avg_lat_up_ms": 355.0, "tests": 6, "devices": 1, "period_start": "2026-04-01", "period_end_exclusive": "2026-07-01", "service_type": "mobile", "source": "Ookla Open Data", "download_mbps": 72.409, "upload_mbps": 36.388, "centroid_in_project": true, "operator": null, "radio_generation": null, "serving_cell_id": null, "single_test_tile": false, "source_url": "https://ookla-open-data.s3.amazonaws.com/parquet/performance/type=mobile/year=2026/quarter=2/2026-04-01_performance_mobile_tiles.parquet"}}, {"type": "Feature", "id": "2026-04-01:1322012223013302", "geometry": {"type": "Polygon", "coordinates": [[[96.1358642578125, 16.899171994430837], [96.1358642578125, 16.90442787825499], [96.13037109375, 16.90442787825499], [96.13037109375, 16.899171994430837], [96.1358642578125, 16.899171994430837]]]}, "properties": {"quadkey": "1322012223013302", "tile_x": 96.13310000000001, "tile_y": 16.901799999999998, "avg_d_kbps": 9139, "avg_u_kbps": 9843, "avg_lat_ms": 194, "avg_lat_down_ms": 1809.0, "avg_lat_up_ms": 4177.0, "tests": 1, "devices": 1, "period_start": "2026-04-01", "period_end_exclusive": "2026-07-01", "service_type": "mobile", "source": "Ookla Open Data", "download_mbps": 9.139, "upload_mbps": 9.843, "centroid_in_project": true, "operator": null, "radio_generation": null, "serving_cell_id": null, "single_test_tile": true, "source_url": "https://ookla-open-data.s3.amazonaws.com/parquet/performance/type=mobile/year=2026/quarter=2/2026-04-01_performance_mobile_tiles.parquet"}}, {"type": "Feature", "id": "2026-04-01:1322012223013303", "geometry": {"type": "Polygon", "coordinates": [[[96.141357421875, 16.899171994430837], [96.141357421875, 16.90442787825499], [96.1358642578125, 16.90442787825499], [96.1358642578125, 16.899171994430837], [96.141357421875, 16.899171994430837]]]}, "properties": {"quadkey": "1322012223013303", "tile_x": 96.13860000000001, "tile_y": 16.901799999999998, "avg_d_kbps": 55, "avg_u_kbps": 2, "avg_lat_ms": 205, "avg_lat_down_ms": null, "avg_lat_up_ms": null, "tests": 1, "devices": 1, "period_start": "2026-04-01", "period_end_exclusive": "2026-07-01", "service_type": "mobile", "source": "Ookla Open Data", "download_mbps": 0.055, "upload_mbps": 0.002, "centroid_in_project": true, "operator": null, "radio_generation": null, "serving_cell_id": null, "single_test_tile": true, "source_url": "https://ookla-open-data.s3.amazonaws.com/parquet/performance/type=mobile/year=2026/quarter=2/2026-04-01_performance_mobile_tiles.parquet"}}, {"type": "Feature", "id": "2026-04-01:1322012223021012", "geometry": {"type": "Polygon", "coordinates": [[[96.0369873046875, 16.878146994732166], [96.0369873046875, 16.88340346423683], [96.031494140625, 16.88340346423683], [96.031494140625, 16.878146994732166], [96.0369873046875, 16.878146994732166]]]}, "properties": {"quadkey": "1322012223021012", "tile_x": 96.0342, "tile_y": 16.8808, "avg_d_kbps": 6130, "avg_u_kbps": 24805, "avg_lat_ms": 15, "avg_lat_down_ms": 3188.0, "avg_lat_up_ms": 405.0, "tests": 1, "devices": 1, "period_start": "2026-04-01", "period_end_exclusive": "2026-07-01", "service_type": "mobile", "source": "Ookla Open Data", "download_mbps": 6.13, "upload_mbps": 24.805, "centroid_in_project": true, "operator": null, "radio_generation": null, "serving_cell_id": null, "single_test_tile": true, "source_url": "https://ookla-open-data.s3.amazonaws.com/parquet/performance/type=mobile/year=2026/quarter=2/2026-04-01_performance_mobile_tiles.parquet"}}, {"type": "Feature", "id": "2026-04-01:1322012223021020", "geometry": {"type": "Polygon", "coordinates": [[[96.0260009765625, 16.87289037890778], [96.0260009765625, 16.878146994732166], [96.0205078125, 16.878146994732166], [96.0205078125, 16.87289037890778], [96.0260009765625, 16.87289037890778]]]}, "properties": {"quadkey": "1322012223021020", "tile_x": 96.02329999999999, "tile_y": 16.8755, "avg_d_kbps": 6244, "avg_u_kbps": 32129, "avg_lat_ms": 24, "avg_lat_down_ms": 667.0, "avg_lat_up_ms": 34.0, "tests": 1, "devices": 1, "period_start": "2026-04-01", "period_end_exclusive": "2026-07-01", "service_type": "mobile", "source": "Ookla Open Data", "download_mbps": 6.244, "upload_mbps": 32.129, "centroid_in_project": true, "operator": null, "radio_generation": null, "serving_cell_id": null, "single_test_tile": true, "source_url": "https://ookla-open-data.s3.amazonaws.com/parquet/performance/type=mobile/year=2026/quarter=2/2026-04-01_performance_mobile_tiles.parquet"}}, {"type": "Feature", "id": "2026-04-01:1322012223021021", "geometry": {"type": "Polygon", "coordinates": [[[96.031494140625, 16.87289037890778], [96.031494140625, 16.878146994732166], [96.0260009765625, 16.878146994732166], [96.0260009765625, 16.87289037890778], [96.031494140625, 16.87289037890778]]]}, "properties": {"quadkey": "1322012223021021", "tile_x": 96.02869999999999, "tile_y": 16.8755, "avg_d_kbps": 18970, "avg_u_kbps": 16032, "avg_lat_ms": 104, "avg_lat_down_ms": 832.0, "avg_lat_up_ms": 1259.0, "tests": 1, "devices": 1, "period_start": "2026-04-01", "period_end_exclusive": "2026-07-01", "service_type": "mobile", "source": "Ookla Open Data", "download_mbps": 18.97, "upload_mbps": 16.032, "centroid_in_project": true, "operator": null, "radio_generation": null, "serving_cell_id": null, "single_test_tile": true, "source_url": "https://ookla-open-data.s3.amazonaws.com/parquet/performance/type=mobile/year=2026/quarter=2/2026-04-01_performance_mobile_tiles.parquet"}}, {"type": "Feature", "id": "2026-04-01:1322012223021101", "geometry": {"type": "Polygon", "coordinates": [[[96.053466796875, 16.88340346423683], [96.053466796875, 16.888659787381606], [96.0479736328125, 16.888659787381606], [96.0479736328125, 16.88340346423683], [96.053466796875, 16.88340346423683]]]}, "properties": {"quadkey": "1322012223021101", "tile_x": 96.05069999999999, "tile_y": 16.886, "avg_d_kbps": 16866, "avg_u_kbps": 17704, "avg_lat_ms": 104, "avg_lat_down_ms": 551.0, "avg_lat_up_ms": 2369.0, "tests": 7, "devices": 3, "period_start": "2026-04-01", "period_end_exclusive": "2026-07-01", "service_type": "mobile", "source": "Ookla Open Data", "download_mbps": 16.866, "upload_mbps": 17.704, "centroid_in_project": true, "operator": null, "radio_generation": null, "serving_cell_id": null, "single_test_tile": false, "source_url": "https://ookla-open-data.s3.amazonaws.com/parquet/performance/type=mobile/year=2026/quarter=2/2026-04-01_performance_mobile_tiles.parquet"}}, {"type": "Feature", "id": "2026-04-01:1322012223021103", "geometry": {"type": "Polygon", "coordinates": [[[96.053466796875, 16.878146994732166], [96.053466796875, 16.88340346423683], [96.0479736328125, 16.88340346423683], [96.0479736328125, 16.878146994732166], [96.053466796875, 16.878146994732166]]]}, "properties": {"quadkey": "1322012223021103", "tile_x": 96.05069999999999, "tile_y": 16.8808, "avg_d_kbps": 14452, "avg_u_kbps": 10519, "avg_lat_ms": 256, "avg_lat_down_ms": 970.0, "avg_lat_up_ms": 851.0, "tests": 1, "devices": 1, "period_start": "2026-04-01", "period_end_exclusive": "2026-07-01", "service_type": "mobile", "source": "Ookla Open Data", "download_mbps": 14.452, "upload_mbps": 10.519, "centroid_in_project": true, "operator": null, "radio_generation": null, "serving_cell_id": null, "single_test_tile": true, "source_url": "https://ookla-open-data.s3.amazonaws.com/parquet/performance/type=mobile/year=2026/quarter=2/2026-04-01_performance_mobile_tiles.parquet"}}, {"type": "Feature", "id": "2026-04-01:1322012223021112", "geometry": {"type": "Polygon", "coordinates": [[[96.0589599609375, 16.878146994732166], [96.0589599609375, 16.88340346423683], [96.053466796875, 16.88340346423683], [96.053466796875, 16.878146994732166], [96.0589599609375, 16.878146994732166]]]}, "properties": {"quadkey": "1322012223021112", "tile_x": 96.05619999999999, "tile_y": 16.8808, "avg_d_kbps": 26217, "avg_u_kbps": 20757, "avg_lat_ms": 101, "avg_lat_down_ms": 432.0, "avg_lat_up_ms": 248.0, "tests": 1, "devices": 1, "period_start": "2026-04-01", "period_end_exclusive": "2026-07-01", "service_type": "mobile", "source": "Ookla Open Data", "download_mbps": 26.217, "upload_mbps": 20.757, "centroid_in_project": true, "operator": null, "radio_generation": null, "serving_cell_id": null, "single_test_tile": true, "source_url": "https://ookla-open-data.s3.amazonaws.com/parquet/performance/type=mobile/year=2026/quarter=2/2026-04-01_performance_mobile_tiles.parquet"}}, {"type": "Feature", "id": "2026-04-01:1322012223021113", "geometry": {"type": "Polygon", "coordinates": [[[96.064453125, 16.878146994732166], [96.064453125, 16.88340346423683], [96.0589599609375, 16.88340346423683], [96.0589599609375, 16.878146994732166], [96.064453125, 16.878146994732166]]]}, "properties": {"quadkey": "1322012223021113", "tile_x": 96.0617, "tile_y": 16.8808, "avg_d_kbps": 20439, "avg_u_kbps": 13220, "avg_lat_ms": 16, "avg_lat_down_ms": 661.0, "avg_lat_up_ms": 2007.0, "tests": 1, "devices": 1, "period_start": "2026-04-01", "period_end_exclusive": "2026-07-01", "service_type": "mobile", "source": "Ookla Open Data", "download_mbps": 20.439, "upload_mbps": 13.22, "centroid_in_project": true, "operator": null, "radio_generation": null, "serving_cell_id": null, "single_test_tile": true, "source_url": "https://ookla-open-data.s3.amazonaws.com/parquet/performance/type=mobile/year=2026/quarter=2/2026-04-01_performance_mobile_tiles.parquet"}}, {"type": "Feature", "id": "2026-04-01:1322012223021331", "geometry": {"type": "Polygon", "coordinates": [[[96.064453125, 16.851862453216572], [96.064453125, 16.857119653918048], [96.0589599609375, 16.857119653918048], [96.0589599609375, 16.851862453216572], [96.064453125, 16.851862453216572]]]}, "properties": {"quadkey": "1322012223021331", "tile_x": 96.0617, "tile_y": 16.8545, "avg_d_kbps": 22911, "avg_u_kbps": 5855, "avg_lat_ms": 145, "avg_lat_down_ms": 1478.0, "avg_lat_up_ms": 2582.0, "tests": 2, "devices": 1, "period_start": "2026-04-01", "period_end_exclusive": "2026-07-01", "service_type": "mobile", "source": "Ookla Open Data", "download_mbps": 22.911, "upload_mbps": 5.855, "centroid_in_project": true, "operator": null, "radio_generation": null, "serving_cell_id": null, "single_test_tile": false, "source_url": "https://ookla-open-data.s3.amazonaws.com/parquet/performance/type=mobile/year=2026/quarter=2/2026-04-01_performance_mobile_tiles.parquet"}}, {"type": "Feature", "id": "2026-04-01:1322012223030001", "geometry": {"type": "Polygon", "coordinates": [[[96.075439453125, 16.88340346423683], [96.075439453125, 16.888659787381606], [96.0699462890625, 16.888659787381606], [96.0699462890625, 16.88340346423683], [96.075439453125, 16.88340346423683]]]}, "properties": {"quadkey": "1322012223030001", "tile_x": 96.07270000000001, "tile_y": 16.886, "avg_d_kbps": 25261, "avg_u_kbps": 14356, "avg_lat_ms": 225, "avg_lat_down_ms": 5227.0, "avg_lat_up_ms": 316.0, "tests": 1, "devices": 1, "period_start": "2026-04-01", "period_end_exclusive": "2026-07-01", "service_type": "mobile", "source": "Ookla Open Data", "download_mbps": 25.261, "upload_mbps": 14.356, "centroid_in_project": true, "operator": null, "radio_generation": null, "serving_cell_id": null, "single_test_tile": true, "source_url": "https://ookla-open-data.s3.amazonaws.com/parquet/performance/type=mobile/year=2026/quarter=2/2026-04-01_performance_mobile_tiles.parquet"}}, {"type": "Feature", "id": "2026-04-01:1322012223030030", "geometry": {"type": "Polygon", "coordinates": [[[96.0809326171875, 16.87289037890778], [96.0809326171875, 16.878146994732166], [96.075439453125, 16.878146994732166], [96.075439453125, 16.87289037890778], [96.0809326171875, 16.87289037890778]]]}, "properties": {"quadkey": "1322012223030030", "tile_x": 96.0782, "tile_y": 16.8755, "avg_d_kbps": 31123, "avg_u_kbps": 30353, "avg_lat_ms": 336, "avg_lat_down_ms": 1565.0, "avg_lat_up_ms": 966.0, "tests": 2, "devices": 1, "period_start": "2026-04-01", "period_end_exclusive": "2026-07-01", "service_type": "mobile", "source": "Ookla Open Data", "download_mbps": 31.123, "upload_mbps": 30.353, "centroid_in_project": true, "operator": null, "radio_generation": null, "serving_cell_id": null, "single_test_tile": false, "source_url": "https://ookla-open-data.s3.amazonaws.com/parquet/performance/type=mobile/year=2026/quarter=2/2026-04-01_performance_mobile_tiles.parquet"}}, {"type": "Feature", "id": "2026-04-01:1322012223030110", "geometry": {"type": "Polygon", "coordinates": [[[96.1029052734375, 16.88340346423683], [96.1029052734375, 16.888659787381606], [96.097412109375, 16.888659787381606], [96.097412109375, 16.88340346423683], [96.1029052734375, 16.88340346423683]]]}, "properties": {"quadkey": "1322012223030110", "tile_x": 96.1002, "tile_y": 16.886, "avg_d_kbps": 12314, "avg_u_kbps": 6716, "avg_lat_ms": 166, "avg_lat_down_ms": 1049.0, "avg_lat_up_ms": 797.0, "tests": 3, "devices": 2, "period_start": "2026-04-01", "period_end_exclusive": "2026-07-01", "service_type": "mobile", "source": "Ookla Open Data", "download_mbps": 12.314, "upload_mbps": 6.716, "centroid_in_project": true, "operator": null, "radio_generation": null, "serving_cell_id": null, "single_test_tile": false, "source_url": "https://ookla-open-data.s3.amazonaws.com/parquet/performance/type=mobile/year=2026/quarter=2/2026-04-01_performance_mobile_tiles.parquet"}}, {"type": "Feature", "id": "2026-04-01:1322012223030203", "geometry": {"type": "Polygon", "coordinates": [[[96.075439453125, 16.857119653918048], [96.075439453125, 16.862376708460538], [96.0699462890625, 16.862376708460538], [96.0699462890625, 16.857119653918048], [96.075439453125, 16.857119653918048]]]}, "properties": {"quadkey": "1322012223030203", "tile_x": 96.07270000000001, "tile_y": 16.8597, "avg_d_kbps": 525, "avg_u_kbps": 22750, "avg_lat_ms": 15, "avg_lat_down_ms": null, "avg_lat_up_ms": 575.0, "tests": 1, "devices": 1, "period_start": "2026-04-01", "period_end_exclusive": "2026-07-01", "service_type": "mobile", "source": "Ookla Open Data", "download_mbps": 0.525, "upload_mbps": 22.75, "centroid_in_project": true, "operator": null, "radio_generation": null, "serving_cell_id": null, "single_test_tile": true, "source_url": "https://ookla-open-data.s3.amazonaws.com/parquet/performance/type=mobile/year=2026/quarter=2/2026-04-01_performance_mobile_tiles.parquet"}}, {"type": "Feature", "id": "2026-04-01:1322012223030210", "geometry": {"type": "Polygon", "coordinates": [[[96.0809326171875, 16.862376708460538], [96.0809326171875, 16.867633616803843], [96.075439453125, 16.867633616803843], [96.075439453125, 16.862376708460538], [96.0809326171875, 16.862376708460538]]]}, "properties": {"quadkey": "1322012223030210", "tile_x": 96.0782, "tile_y": 16.865000000000002, "avg_d_kbps": 806, "avg_u_kbps": 6481, "avg_lat_ms": 20, "avg_lat_down_ms": 5025.0, "avg_lat_up_ms": 1838.0, "tests": 4, "devices": 2, "period_start": "2026-04-01", "period_end_exclusive": "2026-07-01", "service_type": "mobile", "source": "Ookla Open Data", "download_mbps": 0.806, "upload_mbps": 6.481, "centroid_in_project": true, "operator": null, "radio_generation": null, "serving_cell_id": null, "single_test_tile": false, "source_url": "https://ookla-open-data.s3.amazonaws.com/parquet/performance/type=mobile/year=2026/quarter=2/2026-04-01_performance_mobile_tiles.parquet"}}, {"type": "Feature", "id": "2026-04-01:1322012223030212", "geometry": {"type": "Polygon", "coordinates": [[[96.0809326171875, 16.857119653918048], [96.0809326171875, 16.862376708460538], [96.075439453125, 16.862376708460538], [96.075439453125, 16.857119653918048], [96.0809326171875, 16.857119653918048]]]}, "properties": {"quadkey": "1322012223030212", "tile_x": 96.0782, "tile_y": 16.8597, "avg_d_kbps": 5496, "avg_u_kbps": 19935, "avg_lat_ms": 170, "avg_lat_down_ms": 2081.0, "avg_lat_up_ms": 794.0, "tests": 1, "devices": 1, "period_start": "2026-04-01", "period_end_exclusive": "2026-07-01", "service_type": "mobile", "source": "Ookla Open Data", "download_mbps": 5.496, "upload_mbps": 19.935, "centroid_in_project": true, "operator": null, "radio_generation": null, "serving_cell_id": null, "single_test_tile": true, "source_url": "https://ookla-open-data.s3.amazonaws.com/parquet/performance/type=mobile/year=2026/quarter=2/2026-04-01_performance_mobile_tiles.parquet"}}, {"type": "Feature", "id": "2026-04-01:1322012223030213", "geometry": {"type": "Polygon", "coordinates": [[[96.08642578125, 16.857119653918048], [96.08642578125, 16.862376708460538], [96.0809326171875, 16.862376708460538], [96.0809326171875, 16.857119653918048], [96.08642578125, 16.857119653918048]]]}, "properties": {"quadkey": "1322012223030213", "tile_x": 96.0837, "tile_y": 16.8597, "avg_d_kbps": 1523, "avg_u_kbps": 352, "avg_lat_ms": 45, "avg_lat_down_ms": 68.0, "avg_lat_up_ms": 69.0, "tests": 1, "devices": 1, "period_start": "2026-04-01", "period_end_exclusive": "2026-07-01", "service_type": "mobile", "source": "Ookla Open Data", "download_mbps": 1.523, "upload_mbps": 0.352, "centroid_in_project": true, "operator": null, "radio_generation": null, "serving_cell_id": null, "single_test_tile": true, "source_url": "https://ookla-open-data.s3.amazonaws.com/parquet/performance/type=mobile/year=2026/quarter=2/2026-04-01_performance_mobile_tiles.parquet"}}, {"type": "Feature", "id": "2026-04-01:1322012223030220", "geometry": {"type": "Polygon", "coordinates": [[[96.0699462890625, 16.851862453216572], [96.0699462890625, 16.857119653918048], [96.064453125, 16.857119653918048], [96.064453125, 16.851862453216572], [96.0699462890625, 16.851862453216572]]]}, "properties": {"quadkey": "1322012223030220", "tile_x": 96.06719999999999, "tile_y": 16.8545, "avg_d_kbps": 3400, "avg_u_kbps": 3325, "avg_lat_ms": 132, "avg_lat_down_ms": 1024.0, "avg_lat_up_ms": 2731.0, "tests": 3, "devices": 1, "period_start": "2026-04-01", "period_end_exclusive": "2026-07-01", "service_type": "mobile", "source": "Ookla Open Data", "download_mbps": 3.4, "upload_mbps": 3.325, "centroid_in_project": true, "operator": null, "radio_generation": null, "serving_cell_id": null, "single_test_tile": false, "source_url": "https://ookla-open-data.s3.amazonaws.com/parquet/performance/type=mobile/year=2026/quarter=2/2026-04-01_performance_mobile_tiles.parquet"}}, {"type": "Feature", "id": "2026-04-01:1322012223030302", "geometry": {"type": "Polygon", "coordinates": [[[96.0919189453125, 16.857119653918048], [96.0919189453125, 16.862376708460538], [96.08642578125, 16.862376708460538], [96.08642578125, 16.857119653918048], [96.0919189453125, 16.857119653918048]]]}, "properties": {"quadkey": "1322012223030302", "tile_x": 96.0892, "tile_y": 16.8597, "avg_d_kbps": 98920, "avg_u_kbps": 32834, "avg_lat_ms": 143, "avg_lat_down_ms": 491.0, "avg_lat_up_ms": 333.0, "tests": 1, "devices": 1, "period_start": "2026-04-01", "period_end_exclusive": "2026-07-01", "service_type": "mobile", "source": "Ookla Open Data", "download_mbps": 98.92, "upload_mbps": 32.834, "centroid_in_project": true, "operator": null, "radio_generation": null, "serving_cell_id": null, "single_test_tile": true, "source_url": "https://ookla-open-data.s3.amazonaws.com/parquet/performance/type=mobile/year=2026/quarter=2/2026-04-01_performance_mobile_tiles.parquet"}}, {"type": "Feature", "id": "2026-04-01:1322012223030310", "geometry": {"type": "Polygon", "coordinates": [[[96.1029052734375, 16.862376708460538], [96.1029052734375, 16.867633616803843], [96.097412109375, 16.867633616803843], [96.097412109375, 16.862376708460538], [96.1029052734375, 16.862376708460538]]]}, "properties": {"quadkey": "1322012223030310", "tile_x": 96.1002, "tile_y": 16.865000000000002, "avg_d_kbps": 98568, "avg_u_kbps": 18008, "avg_lat_ms": 221, "avg_lat_down_ms": 1014.0, "avg_lat_up_ms": 514.0, "tests": 1, "devices": 1, "period_start": "2026-04-01", "period_end_exclusive": "2026-07-01", "service_type": "mobile", "source": "Ookla Open Data", "download_mbps": 98.568, "upload_mbps": 18.008, "centroid_in_project": true, "operator": null, "radio_generation": null, "serving_cell_id": null, "single_test_tile": true, "source_url": "https://ookla-open-data.s3.amazonaws.com/parquet/performance/type=mobile/year=2026/quarter=2/2026-04-01_performance_mobile_tiles.parquet"}}, {"type": "Feature", "id": "2026-04-01:1322012223030311", "geometry": {"type": "Polygon", "coordinates": [[[96.1083984375, 16.862376708460538], [96.1083984375, 16.867633616803843], [96.1029052734375, 16.867633616803843], [96.1029052734375, 16.862376708460538], [96.1083984375, 16.862376708460538]]]}, "properties": {"quadkey": "1322012223030311", "tile_x": 96.1057, "tile_y": 16.865000000000002, "avg_d_kbps": 47755, "avg_u_kbps": 9531, "avg_lat_ms": 15, "avg_lat_down_ms": 543.0, "avg_lat_up_ms": 820.0, "tests": 1, "devices": 1, "period_start": "2026-04-01", "period_end_exclusive": "2026-07-01", "service_type": "mobile", "source": "Ookla Open Data", "download_mbps": 47.755, "upload_mbps": 9.531, "centroid_in_project": true, "operator": null, "radio_generation": null, "serving_cell_id": null, "single_test_tile": true, "source_url": "https://ookla-open-data.s3.amazonaws.com/parquet/performance/type=mobile/year=2026/quarter=2/2026-04-01_performance_mobile_tiles.parquet"}}, {"type": "Feature", "id": "2026-04-01:1322012223030320", "geometry": {"type": "Polygon", "coordinates": [[[96.0919189453125, 16.851862453216572], [96.0919189453125, 16.857119653918048], [96.08642578125, 16.857119653918048], [96.08642578125, 16.851862453216572], [96.0919189453125, 16.851862453216572]]]}, "properties": {"quadkey": "1322012223030320", "tile_x": 96.0892, "tile_y": 16.8545, "avg_d_kbps": 13340, "avg_u_kbps": 27941, "avg_lat_ms": 29, "avg_lat_down_ms": 1295.0, "avg_lat_up_ms": 181.0, "tests": 1, "devices": 1, "period_start": "2026-04-01", "period_end_exclusive": "2026-07-01", "service_type": "mobile", "source": "Ookla Open Data", "download_mbps": 13.34, "upload_mbps": 27.941, "centroid_in_project": true, "operator": null, "radio_generation": null, "serving_cell_id": null, "single_test_tile": true, "source_url": "https://ookla-open-data.s3.amazonaws.com/parquet/performance/type=mobile/year=2026/quarter=2/2026-04-01_performance_mobile_tiles.parquet"}}, {"type": "Feature", "id": "2026-04-01:1322012223031002", "geometry": {"type": "Polygon", "coordinates": [[[96.1138916015625, 16.878146994732166], [96.1138916015625, 16.88340346423683], [96.1083984375, 16.88340346423683], [96.1083984375, 16.878146994732166], [96.1138916015625, 16.878146994732166]]]}, "properties": {"quadkey": "1322012223031002", "tile_x": 96.11110000000001, "tile_y": 16.8808, "avg_d_kbps": 48733, "avg_u_kbps": 23553, "avg_lat_ms": 56, "avg_lat_down_ms": 313.0, "avg_lat_up_ms": 245.0, "tests": 1, "devices": 1, "period_start": "2026-04-01", "period_end_exclusive": "2026-07-01", "service_type": "mobile", "source": "Ookla Open Data", "download_mbps": 48.733, "upload_mbps": 23.553, "centroid_in_project": true, "operator": null, "radio_generation": null, "serving_cell_id": null, "single_test_tile": true, "source_url": "https://ookla-open-data.s3.amazonaws.com/parquet/performance/type=mobile/year=2026/quarter=2/2026-04-01_performance_mobile_tiles.parquet"}}, {"type": "Feature", "id": "2026-04-01:1322012223031003", "geometry": {"type": "Polygon", "coordinates": [[[96.119384765625, 16.878146994732166], [96.119384765625, 16.88340346423683], [96.1138916015625, 16.88340346423683], [96.1138916015625, 16.878146994732166], [96.119384765625, 16.878146994732166]]]}, "properties": {"quadkey": "1322012223031003", "tile_x": 96.11659999999999, "tile_y": 16.8808, "avg_d_kbps": 27119, "avg_u_kbps": 25288, "avg_lat_ms": 109, "avg_lat_down_ms": 411.0, "avg_lat_up_ms": 197.0, "tests": 2, "devices": 1, "period_start": "2026-04-01", "period_end_exclusive": "2026-07-01", "service_type": "mobile", "source": "Ookla Open Data", "download_mbps": 27.119, "upload_mbps": 25.288, "centroid_in_project": true, "operator": null, "radio_generation": null, "serving_cell_id": null, "single_test_tile": false, "source_url": "https://ookla-open-data.s3.amazonaws.com/parquet/performance/type=mobile/year=2026/quarter=2/2026-04-01_performance_mobile_tiles.parquet"}}, {"type": "Feature", "id": "2026-04-01:1322012223031013", "geometry": {"type": "Polygon", "coordinates": [[[96.13037109375, 16.878146994732166], [96.13037109375, 16.88340346423683], [96.1248779296875, 16.88340346423683], [96.1248779296875, 16.878146994732166], [96.13037109375, 16.878146994732166]]]}, "properties": {"quadkey": "1322012223031013", "tile_x": 96.1276, "tile_y": 16.8808, "avg_d_kbps": 18111, "avg_u_kbps": 5042, "avg_lat_ms": 85, "avg_lat_down_ms": 577.0, "avg_lat_up_ms": 802.0, "tests": 1, "devices": 1, "period_start": "2026-04-01", "period_end_exclusive": "2026-07-01", "service_type": "mobile", "source": "Ookla Open Data", "download_mbps": 18.111, "upload_mbps": 5.042, "centroid_in_project": true, "operator": null, "radio_generation": null, "serving_cell_id": null, "single_test_tile": true, "source_url": "https://ookla-open-data.s3.amazonaws.com/parquet/performance/type=mobile/year=2026/quarter=2/2026-04-01_performance_mobile_tiles.parquet"}}, {"type": "Feature", "id": "2026-04-01:1322012223031020", "geometry": {"type": "Polygon", "coordinates": [[[96.1138916015625, 16.87289037890778], [96.1138916015625, 16.878146994732166], [96.1083984375, 16.878146994732166], [96.1083984375, 16.87289037890778], [96.1138916015625, 16.87289037890778]]]}, "properties": {"quadkey": "1322012223031020", "tile_x": 96.11110000000001, "tile_y": 16.8755, "avg_d_kbps": 44931, "avg_u_kbps": 23827, "avg_lat_ms": 51, "avg_lat_down_ms": 694.0, "avg_lat_up_ms": 122.0, "tests": 1, "devices": 1, "period_start": "2026-04-01", "period_end_exclusive": "2026-07-01", "service_type": "mobile", "source": "Ookla Open Data", "download_mbps": 44.931, "upload_mbps": 23.827, "centroid_in_project": true, "operator": null, "radio_generation": null, "serving_cell_id": null, "single_test_tile": true, "source_url": "https://ookla-open-data.s3.amazonaws.com/parquet/performance/type=mobile/year=2026/quarter=2/2026-04-01_performance_mobile_tiles.parquet"}}, {"type": "Feature", "id": "2026-04-01:1322012223031022", "geometry": {"type": "Polygon", "coordinates": [[[96.1138916015625, 16.867633616803843], [96.1138916015625, 16.87289037890778], [96.1083984375, 16.87289037890778], [96.1083984375, 16.867633616803843], [96.1138916015625, 16.867633616803843]]]}, "properties": {"quadkey": "1322012223031022", "tile_x": 96.11110000000001, "tile_y": 16.8703, "avg_d_kbps": 82476, "avg_u_kbps": 51834, "avg_lat_ms": 58, "avg_lat_down_ms": null, "avg_lat_up_ms": 158.0, "tests": 1, "devices": 1, "period_start": "2026-04-01", "period_end_exclusive": "2026-07-01", "service_type": "mobile", "source": "Ookla Open Data", "download_mbps": 82.476, "upload_mbps": 51.834, "centroid_in_project": true, "operator": null, "radio_generation": null, "serving_cell_id": null, "single_test_tile": true, "source_url": "https://ookla-open-data.s3.amazonaws.com/parquet/performance/type=mobile/year=2026/quarter=2/2026-04-01_performance_mobile_tiles.parquet"}}, {"type": "Feature", "id": "2026-04-01:1322012223031023", "geometry": {"type": "Polygon", "coordinates": [[[96.119384765625, 16.867633616803843], [96.119384765625, 16.87289037890778], [96.1138916015625, 16.87289037890778], [96.1138916015625, 16.867633616803843], [96.119384765625, 16.867633616803843]]]}, "properties": {"quadkey": "1322012223031023", "tile_x": 96.11659999999999, "tile_y": 16.8703, "avg_d_kbps": 53900, "avg_u_kbps": 14881, "avg_lat_ms": 21, "avg_lat_down_ms": 766.0, "avg_lat_up_ms": 199.0, "tests": 1, "devices": 1, "period_start": "2026-04-01", "period_end_exclusive": "2026-07-01", "service_type": "mobile", "source": "Ookla Open Data", "download_mbps": 53.9, "upload_mbps": 14.881, "centroid_in_project": true, "operator": null, "radio_generation": null, "serving_cell_id": null, "single_test_tile": true, "source_url": "https://ookla-open-data.s3.amazonaws.com/parquet/performance/type=mobile/year=2026/quarter=2/2026-04-01_performance_mobile_tiles.parquet"}}, {"type": "Feature", "id": "2026-04-01:1322012223031032", "geometry": {"type": "Polygon", "coordinates": [[[96.1248779296875, 16.867633616803843], [96.1248779296875, 16.87289037890778], [96.119384765625, 16.87289037890778], [96.119384765625, 16.867633616803843], [96.1248779296875, 16.867633616803843]]]}, "properties": {"quadkey": "1322012223031032", "tile_x": 96.12210000000002, "tile_y": 16.8703, "avg_d_kbps": 80435, "avg_u_kbps": 49623, "avg_lat_ms": 88, "avg_lat_down_ms": 510.0, "avg_lat_up_ms": 1013.0, "tests": 1, "devices": 1, "period_start": "2026-04-01", "period_end_exclusive": "2026-07-01", "service_type": "mobile", "source": "Ookla Open Data", "download_mbps": 80.435, "upload_mbps": 49.623, "centroid_in_project": true, "operator": null, "radio_generation": null, "serving_cell_id": null, "single_test_tile": true, "source_url": "https://ookla-open-data.s3.amazonaws.com/parquet/performance/type=mobile/year=2026/quarter=2/2026-04-01_performance_mobile_tiles.parquet"}}, {"type": "Feature", "id": "2026-04-01:1322012223031121", "geometry": {"type": "Polygon", "coordinates": [[[96.141357421875, 16.87289037890778], [96.141357421875, 16.878146994732166], [96.1358642578125, 16.878146994732166], [96.1358642578125, 16.87289037890778], [96.141357421875, 16.87289037890778]]]}, "properties": {"quadkey": "1322012223031121", "tile_x": 96.13860000000001, "tile_y": 16.8755, "avg_d_kbps": 2570, "avg_u_kbps": 8288, "avg_lat_ms": 124, "avg_lat_down_ms": 412.0, "avg_lat_up_ms": 995.0, "tests": 2, "devices": 2, "period_start": "2026-04-01", "period_end_exclusive": "2026-07-01", "service_type": "mobile", "source": "Ookla Open Data", "download_mbps": 2.57, "upload_mbps": 8.288, "centroid_in_project": true, "operator": null, "radio_generation": null, "serving_cell_id": null, "single_test_tile": false, "source_url": "https://ookla-open-data.s3.amazonaws.com/parquet/performance/type=mobile/year=2026/quarter=2/2026-04-01_performance_mobile_tiles.parquet"}}, {"type": "Feature", "id": "2026-04-01:1322012223031122", "geometry": {"type": "Polygon", "coordinates": [[[96.1358642578125, 16.867633616803843], [96.1358642578125, 16.87289037890778], [96.13037109375, 16.87289037890778], [96.13037109375, 16.867633616803843], [96.1358642578125, 16.867633616803843]]]}, "properties": {"quadkey": "1322012223031122", "tile_x": 96.13310000000001, "tile_y": 16.8703, "avg_d_kbps": 98731, "avg_u_kbps": 38095, "avg_lat_ms": 14, "avg_lat_down_ms": 248.0, "avg_lat_up_ms": 213.0, "tests": 1, "devices": 1, "period_start": "2026-04-01", "period_end_exclusive": "2026-07-01", "service_type": "mobile", "source": "Ookla Open Data", "download_mbps": 98.731, "upload_mbps": 38.095, "centroid_in_project": true, "operator": null, "radio_generation": null, "serving_cell_id": null, "single_test_tile": true, "source_url": "https://ookla-open-data.s3.amazonaws.com/parquet/performance/type=mobile/year=2026/quarter=2/2026-04-01_performance_mobile_tiles.parquet"}}, {"type": "Feature", "id": "2026-04-01:1322012223031130", "geometry": {"type": "Polygon", "coordinates": [[[96.1468505859375, 16.87289037890778], [96.1468505859375, 16.878146994732166], [96.141357421875, 16.878146994732166], [96.141357421875, 16.87289037890778], [96.1468505859375, 16.87289037890778]]]}, "properties": {"quadkey": "1322012223031130", "tile_x": 96.14410000000001, "tile_y": 16.8755, "avg_d_kbps": 79321, "avg_u_kbps": 18069, "avg_lat_ms": 36, "avg_lat_down_ms": 348.0, "avg_lat_up_ms": 259.0, "tests": 4, "devices": 1, "period_start": "2026-04-01", "period_end_exclusive": "2026-07-01", "service_type": "mobile", "source": "Ookla Open Data", "download_mbps": 79.321, "upload_mbps": 18.069, "centroid_in_project": true, "operator": null, "radio_generation": null, "serving_cell_id": null, "single_test_tile": false, "source_url": "https://ookla-open-data.s3.amazonaws.com/parquet/performance/type=mobile/year=2026/quarter=2/2026-04-01_performance_mobile_tiles.parquet"}}, {"type": "Feature", "id": "2026-04-01:1322012223031200", "geometry": {"type": "Polygon", "coordinates": [[[96.1138916015625, 16.862376708460538], [96.1138916015625, 16.867633616803843], [96.1083984375, 16.867633616803843], [96.1083984375, 16.862376708460538], [96.1138916015625, 16.862376708460538]]]}, "properties": {"quadkey": "1322012223031200", "tile_x": 96.11110000000001, "tile_y": 16.865000000000002, "avg_d_kbps": 9747, "avg_u_kbps": 7058, "avg_lat_ms": 80, "avg_lat_down_ms": 279.0, "avg_lat_up_ms": 1423.0, "tests": 3, "devices": 2, "period_start": "2026-04-01", "period_end_exclusive": "2026-07-01", "service_type": "mobile", "source": "Ookla Open Data", "download_mbps": 9.747, "upload_mbps": 7.058, "centroid_in_project": true, "operator": null, "radio_generation": null, "serving_cell_id": null, "single_test_tile": false, "source_url": "https://ookla-open-data.s3.amazonaws.com/parquet/performance/type=mobile/year=2026/quarter=2/2026-04-01_performance_mobile_tiles.parquet"}}, {"type": "Feature", "id": "2026-04-01:1322012223031201", "geometry": {"type": "Polygon", "coordinates": [[[96.119384765625, 16.862376708460538], [96.119384765625, 16.867633616803843], [96.1138916015625, 16.867633616803843], [96.1138916015625, 16.862376708460538], [96.119384765625, 16.862376708460538]]]}, "properties": {"quadkey": "1322012223031201", "tile_x": 96.11659999999999, "tile_y": 16.865000000000002, "avg_d_kbps": 15439, "avg_u_kbps": 21785, "avg_lat_ms": 63, "avg_lat_down_ms": 516.0, "avg_lat_up_ms": 1384.0, "tests": 4, "devices": 3, "period_start": "2026-04-01", "period_end_exclusive": "2026-07-01", "service_type": "mobile", "source": "Ookla Open Data", "download_mbps": 15.439, "upload_mbps": 21.785, "centroid_in_project": true, "operator": null, "radio_generation": null, "serving_cell_id": null, "single_test_tile": false, "source_url": "https://ookla-open-data.s3.amazonaws.com/parquet/performance/type=mobile/year=2026/quarter=2/2026-04-01_performance_mobile_tiles.parquet"}}, {"type": "Feature", "id": "2026-04-01:1322012223031202", "geometry": {"type": "Polygon", "coordinates": [[[96.1138916015625, 16.857119653918048], [96.1138916015625, 16.862376708460538], [96.1083984375, 16.862376708460538], [96.1083984375, 16.857119653918048], [96.1138916015625, 16.857119653918048]]]}, "properties": {"quadkey": "1322012223031202", "tile_x": 96.11110000000001, "tile_y": 16.8597, "avg_d_kbps": 95782, "avg_u_kbps": 22303, "avg_lat_ms": 91, "avg_lat_down_ms": 244.0, "avg_lat_up_ms": 152.0, "tests": 1, "devices": 1, "period_start": "2026-04-01", "period_end_exclusive": "2026-07-01", "service_type": "mobile", "source": "Ookla Open Data", "download_mbps": 95.782, "upload_mbps": 22.303, "centroid_in_project": true, "operator": null, "radio_generation": null, "serving_cell_id": null, "single_test_tile": true, "source_url": "https://ookla-open-data.s3.amazonaws.com/parquet/performance/type=mobile/year=2026/quarter=2/2026-04-01_performance_mobile_tiles.parquet"}}, {"type": "Feature", "id": "2026-04-01:1322012223031203", "geometry": {"type": "Polygon", "coordinates": [[[96.119384765625, 16.857119653918048], [96.119384765625, 16.862376708460538], [96.1138916015625, 16.862376708460538], [96.1138916015625, 16.857119653918048], [96.119384765625, 16.857119653918048]]]}, "properties": {"quadkey": "1322012223031203", "tile_x": 96.11659999999999, "tile_y": 16.8597, "avg_d_kbps": 67357, "avg_u_kbps": 9669, "avg_lat_ms": 56, "avg_lat_down_ms": 291.0, "avg_lat_up_ms": 225.0, "tests": 4, "devices": 3, "period_start": "2026-04-01", "period_end_exclusive": "2026-07-01", "service_type": "mobile", "source": "Ookla Open Data", "download_mbps": 67.357, "upload_mbps": 9.669, "centroid_in_project": true, "operator": null, "radio_generation": null, "serving_cell_id": null, "single_test_tile": false, "source_url": "https://ookla-open-data.s3.amazonaws.com/parquet/performance/type=mobile/year=2026/quarter=2/2026-04-01_performance_mobile_tiles.parquet"}}, {"type": "Feature", "id": "2026-04-01:1322012223031210", "geometry": {"type": "Polygon", "coordinates": [[[96.1248779296875, 16.862376708460538], [96.1248779296875, 16.867633616803843], [96.119384765625, 16.867633616803843], [96.119384765625, 16.862376708460538], [96.1248779296875, 16.862376708460538]]]}, "properties": {"quadkey": "1322012223031210", "tile_x": 96.12210000000002, "tile_y": 16.865000000000002, "avg_d_kbps": 70142, "avg_u_kbps": 58156, "avg_lat_ms": 15, "avg_lat_down_ms": 623.0, "avg_lat_up_ms": 362.0, "tests": 1, "devices": 1, "period_start": "2026-04-01", "period_end_exclusive": "2026-07-01", "service_type": "mobile", "source": "Ookla Open Data", "download_mbps": 70.142, "upload_mbps": 58.156, "centroid_in_project": true, "operator": null, "radio_generation": null, "serving_cell_id": null, "single_test_tile": true, "source_url": "https://ookla-open-data.s3.amazonaws.com/parquet/performance/type=mobile/year=2026/quarter=2/2026-04-01_performance_mobile_tiles.parquet"}}, {"type": "Feature", "id": "2026-04-01:1322012223031212", "geometry": {"type": "Polygon", "coordinates": [[[96.1248779296875, 16.857119653918048], [96.1248779296875, 16.862376708460538], [96.119384765625, 16.862376708460538], [96.119384765625, 16.857119653918048], [96.1248779296875, 16.857119653918048]]]}, "properties": {"quadkey": "1322012223031212", "tile_x": 96.12210000000002, "tile_y": 16.8597, "avg_d_kbps": 23578, "avg_u_kbps": 20339, "avg_lat_ms": 232, "avg_lat_down_ms": 2109.0, "avg_lat_up_ms": 802.0, "tests": 3, "devices": 2, "period_start": "2026-04-01", "period_end_exclusive": "2026-07-01", "service_type": "mobile", "source": "Ookla Open Data", "download_mbps": 23.578, "upload_mbps": 20.339, "centroid_in_project": true, "operator": null, "radio_generation": null, "serving_cell_id": null, "single_test_tile": false, "source_url": "https://ookla-open-data.s3.amazonaws.com/parquet/performance/type=mobile/year=2026/quarter=2/2026-04-01_performance_mobile_tiles.parquet"}}, {"type": "Feature", "id": "2026-04-01:1322012223031213", "geometry": {"type": "Polygon", "coordinates": [[[96.13037109375, 16.857119653918048], [96.13037109375, 16.862376708460538], [96.1248779296875, 16.862376708460538], [96.1248779296875, 16.857119653918048], [96.13037109375, 16.857119653918048]]]}, "properties": {"quadkey": "1322012223031213", "tile_x": 96.1276, "tile_y": 16.8597, "avg_d_kbps": 7824, "avg_u_kbps": 2814, "avg_lat_ms": 34, "avg_lat_down_ms": 1039.0, "avg_lat_up_ms": 2124.0, "tests": 3, "devices": 1, "period_start": "2026-04-01", "period_end_exclusive": "2026-07-01", "service_type": "mobile", "source": "Ookla Open Data", "download_mbps": 7.824, "upload_mbps": 2.814, "centroid_in_project": true, "operator": null, "radio_generation": null, "serving_cell_id": null, "single_test_tile": false, "source_url": "https://ookla-open-data.s3.amazonaws.com/parquet/performance/type=mobile/year=2026/quarter=2/2026-04-01_performance_mobile_tiles.parquet"}}, {"type": "Feature", "id": "2026-04-01:1322012223031220", "geometry": {"type": "Polygon", "coordinates": [[[96.1138916015625, 16.851862453216572], [96.1138916015625, 16.857119653918048], [96.1083984375, 16.857119653918048], [96.1083984375, 16.851862453216572], [96.1138916015625, 16.851862453216572]]]}, "properties": {"quadkey": "1322012223031220", "tile_x": 96.11110000000001, "tile_y": 16.8545, "avg_d_kbps": 7391, "avg_u_kbps": 4299, "avg_lat_ms": 19, "avg_lat_down_ms": 2212.0, "avg_lat_up_ms": 1731.0, "tests": 1, "devices": 1, "period_start": "2026-04-01", "period_end_exclusive": "2026-07-01", "service_type": "mobile", "source": "Ookla Open Data", "download_mbps": 7.391, "upload_mbps": 4.299, "centroid_in_project": true, "operator": null, "radio_generation": null, "serving_cell_id": null, "single_test_tile": true, "source_url": "https://ookla-open-data.s3.amazonaws.com/parquet/performance/type=mobile/year=2026/quarter=2/2026-04-01_performance_mobile_tiles.parquet"}}, {"type": "Feature", "id": "2026-04-01:1322012223031221", "geometry": {"type": "Polygon", "coordinates": [[[96.119384765625, 16.851862453216572], [96.119384765625, 16.857119653918048], [96.1138916015625, 16.857119653918048], [96.1138916015625, 16.851862453216572], [96.119384765625, 16.851862453216572]]]}, "properties": {"quadkey": "1322012223031221", "tile_x": 96.11659999999999, "tile_y": 16.8545, "avg_d_kbps": 28420, "avg_u_kbps": 25185, "avg_lat_ms": 73, "avg_lat_down_ms": 2636.0, "avg_lat_up_ms": 577.0, "tests": 4, "devices": 3, "period_start": "2026-04-01", "period_end_exclusive": "2026-07-01", "service_type": "mobile", "source": "Ookla Open Data", "download_mbps": 28.42, "upload_mbps": 25.185, "centroid_in_project": true, "operator": null, "radio_generation": null, "serving_cell_id": null, "single_test_tile": false, "source_url": "https://ookla-open-data.s3.amazonaws.com/parquet/performance/type=mobile/year=2026/quarter=2/2026-04-01_performance_mobile_tiles.parquet"}}, {"type": "Feature", "id": "2026-04-01:1322012223031223", "geometry": {"type": "Polygon", "coordinates": [[[96.119384765625, 16.846605106396304], [96.119384765625, 16.851862453216572], [96.1138916015625, 16.851862453216572], [96.1138916015625, 16.846605106396304], [96.119384765625, 16.846605106396304]]]}, "properties": {"quadkey": "1322012223031223", "tile_x": 96.11659999999999, "tile_y": 16.849200000000003, "avg_d_kbps": 31229, "avg_u_kbps": 26293, "avg_lat_ms": 85, "avg_lat_down_ms": 393.0, "avg_lat_up_ms": 221.0, "tests": 2, "devices": 2, "period_start": "2026-04-01", "period_end_exclusive": "2026-07-01", "service_type": "mobile", "source": "Ookla Open Data", "download_mbps": 31.229, "upload_mbps": 26.293, "centroid_in_project": true, "operator": null, "radio_generation": null, "serving_cell_id": null, "single_test_tile": false, "source_url": "https://ookla-open-data.s3.amazonaws.com/parquet/performance/type=mobile/year=2026/quarter=2/2026-04-01_performance_mobile_tiles.parquet"}}, {"type": "Feature", "id": "2026-04-01:1322012223031230", "geometry": {"type": "Polygon", "coordinates": [[[96.1248779296875, 16.851862453216572], [96.1248779296875, 16.857119653918048], [96.119384765625, 16.857119653918048], [96.119384765625, 16.851862453216572], [96.1248779296875, 16.851862453216572]]]}, "properties": {"quadkey": "1322012223031230", "tile_x": 96.12210000000002, "tile_y": 16.8545, "avg_d_kbps": 58058, "avg_u_kbps": 25211, "avg_lat_ms": 121, "avg_lat_down_ms": 1113.0, "avg_lat_up_ms": 531.0, "tests": 35, "devices": 5, "period_start": "2026-04-01", "period_end_exclusive": "2026-07-01", "service_type": "mobile", "source": "Ookla Open Data", "download_mbps": 58.058, "upload_mbps": 25.211, "centroid_in_project": true, "operator": null, "radio_generation": null, "serving_cell_id": null, "single_test_tile": false, "source_url": "https://ookla-open-data.s3.amazonaws.com/parquet/performance/type=mobile/year=2026/quarter=2/2026-04-01_performance_mobile_tiles.parquet"}}, {"type": "Feature", "id": "2026-04-01:1322012223031232", "geometry": {"type": "Polygon", "coordinates": [[[96.1248779296875, 16.846605106396304], [96.1248779296875, 16.851862453216572], [96.119384765625, 16.851862453216572], [96.119384765625, 16.846605106396304], [96.1248779296875, 16.846605106396304]]]}, "properties": {"quadkey": "1322012223031232", "tile_x": 96.12210000000002, "tile_y": 16.849200000000003, "avg_d_kbps": 6390, "avg_u_kbps": 5670, "avg_lat_ms": 364, "avg_lat_down_ms": 2262.0, "avg_lat_up_ms": 1124.0, "tests": 2, "devices": 2, "period_start": "2026-04-01", "period_end_exclusive": "2026-07-01", "service_type": "mobile", "source": "Ookla Open Data", "download_mbps": 6.39, "upload_mbps": 5.67, "centroid_in_project": true, "operator": null, "radio_generation": null, "serving_cell_id": null, "single_test_tile": false, "source_url": "https://ookla-open-data.s3.amazonaws.com/parquet/performance/type=mobile/year=2026/quarter=2/2026-04-01_performance_mobile_tiles.parquet"}}, {"type": "Feature", "id": "2026-04-01:1322012223031233", "geometry": {"type": "Polygon", "coordinates": [[[96.13037109375, 16.846605106396304], [96.13037109375, 16.851862453216572], [96.1248779296875, 16.851862453216572], [96.1248779296875, 16.846605106396304], [96.13037109375, 16.846605106396304]]]}, "properties": {"quadkey": "1322012223031233", "tile_x": 96.1276, "tile_y": 16.849200000000003, "avg_d_kbps": 11522, "avg_u_kbps": 10752, "avg_lat_ms": 46, "avg_lat_down_ms": 1348.0, "avg_lat_up_ms": 848.0, "tests": 8, "devices": 1, "period_start": "2026-04-01", "period_end_exclusive": "2026-07-01", "service_type": "mobile", "source": "Ookla Open Data", "download_mbps": 11.522, "upload_mbps": 10.752, "centroid_in_project": true, "operator": null, "radio_generation": null, "serving_cell_id": null, "single_test_tile": false, "source_url": "https://ookla-open-data.s3.amazonaws.com/parquet/performance/type=mobile/year=2026/quarter=2/2026-04-01_performance_mobile_tiles.parquet"}}, {"type": "Feature", "id": "2026-04-01:1322012223031301", "geometry": {"type": "Polygon", "coordinates": [[[96.141357421875, 16.862376708460538], [96.141357421875, 16.867633616803843], [96.1358642578125, 16.867633616803843], [96.1358642578125, 16.862376708460538], [96.141357421875, 16.862376708460538]]]}, "properties": {"quadkey": "1322012223031301", "tile_x": 96.13860000000001, "tile_y": 16.865000000000002, "avg_d_kbps": 72101, "avg_u_kbps": 30149, "avg_lat_ms": 141, "avg_lat_down_ms": 1268.0, "avg_lat_up_ms": 468.0, "tests": 3, "devices": 2, "period_start": "2026-04-01", "period_end_exclusive": "2026-07-01", "service_type": "mobile", "source": "Ookla Open Data", "download_mbps": 72.101, "upload_mbps": 30.149, "centroid_in_project": true, "operator": null, "radio_generation": null, "serving_cell_id": null, "single_test_tile": false, "source_url": "https://ookla-open-data.s3.amazonaws.com/parquet/performance/type=mobile/year=2026/quarter=2/2026-04-01_performance_mobile_tiles.parquet"}}, {"type": "Feature", "id": "2026-04-01:1322012223031303", "geometry": {"type": "Polygon", "coordinates": [[[96.141357421875, 16.857119653918048], [96.141357421875, 16.862376708460538], [96.1358642578125, 16.862376708460538], [96.1358642578125, 16.857119653918048], [96.141357421875, 16.857119653918048]]]}, "properties": {"quadkey": "1322012223031303", "tile_x": 96.13860000000001, "tile_y": 16.8597, "avg_d_kbps": 60795, "avg_u_kbps": 5080, "avg_lat_ms": 15, "avg_lat_down_ms": 2219.0, "avg_lat_up_ms": 625.0, "tests": 1, "devices": 1, "period_start": "2026-04-01", "period_end_exclusive": "2026-07-01", "service_type": "mobile", "source": "Ookla Open Data", "download_mbps": 60.795, "upload_mbps": 5.08, "centroid_in_project": true, "operator": null, "radio_generation": null, "serving_cell_id": null, "single_test_tile": true, "source_url": "https://ookla-open-data.s3.amazonaws.com/parquet/performance/type=mobile/year=2026/quarter=2/2026-04-01_performance_mobile_tiles.parquet"}}, {"type": "Feature", "id": "2026-04-01:1322012223031310", "geometry": {"type": "Polygon", "coordinates": [[[96.1468505859375, 16.862376708460538], [96.1468505859375, 16.867633616803843], [96.141357421875, 16.867633616803843], [96.141357421875, 16.862376708460538], [96.1468505859375, 16.862376708460538]]]}, "properties": {"quadkey": "1322012223031310", "tile_x": 96.14410000000001, "tile_y": 16.865000000000002, "avg_d_kbps": 13561, "avg_u_kbps": 17065, "avg_lat_ms": 17, "avg_lat_down_ms": 1060.0, "avg_lat_up_ms": 428.0, "tests": 1, "devices": 1, "period_start": "2026-04-01", "period_end_exclusive": "2026-07-01", "service_type": "mobile", "source": "Ookla Open Data", "download_mbps": 13.561, "upload_mbps": 17.065, "centroid_in_project": true, "operator": null, "radio_generation": null, "serving_cell_id": null, "single_test_tile": true, "source_url": "https://ookla-open-data.s3.amazonaws.com/parquet/performance/type=mobile/year=2026/quarter=2/2026-04-01_performance_mobile_tiles.parquet"}}, {"type": "Feature", "id": "2026-04-01:1322012223031320", "geometry": {"type": "Polygon", "coordinates": [[[96.1358642578125, 16.851862453216572], [96.1358642578125, 16.857119653918048], [96.13037109375, 16.857119653918048], [96.13037109375, 16.851862453216572], [96.1358642578125, 16.851862453216572]]]}, "properties": {"quadkey": "1322012223031320", "tile_x": 96.13310000000001, "tile_y": 16.8545, "avg_d_kbps": 65519, "avg_u_kbps": 4654, "avg_lat_ms": 64, "avg_lat_down_ms": 384.0, "avg_lat_up_ms": 1513.0, "tests": 1, "devices": 1, "period_start": "2026-04-01", "period_end_exclusive": "2026-07-01", "service_type": "mobile", "source": "Ookla Open Data", "download_mbps": 65.519, "upload_mbps": 4.654, "centroid_in_project": true, "operator": null, "radio_generation": null, "serving_cell_id": null, "single_test_tile": true, "source_url": "https://ookla-open-data.s3.amazonaws.com/parquet/performance/type=mobile/year=2026/quarter=2/2026-04-01_performance_mobile_tiles.parquet"}}, {"type": "Feature", "id": "2026-04-01:1322012223031321", "geometry": {"type": "Polygon", "coordinates": [[[96.141357421875, 16.851862453216572], [96.141357421875, 16.857119653918048], [96.1358642578125, 16.857119653918048], [96.1358642578125, 16.851862453216572], [96.141357421875, 16.851862453216572]]]}, "properties": {"quadkey": "1322012223031321", "tile_x": 96.13860000000001, "tile_y": 16.8545, "avg_d_kbps": 1112, "avg_u_kbps": 375, "avg_lat_ms": 43, "avg_lat_down_ms": 56.0, "avg_lat_up_ms": 69.0, "tests": 1, "devices": 1, "period_start": "2026-04-01", "period_end_exclusive": "2026-07-01", "service_type": "mobile", "source": "Ookla Open Data", "download_mbps": 1.112, "upload_mbps": 0.375, "centroid_in_project": true, "operator": null, "radio_generation": null, "serving_cell_id": null, "single_test_tile": true, "source_url": "https://ookla-open-data.s3.amazonaws.com/parquet/performance/type=mobile/year=2026/quarter=2/2026-04-01_performance_mobile_tiles.parquet"}}, {"type": "Feature", "id": "2026-04-01:1322012223032111", "geometry": {"type": "Polygon", "coordinates": [[[96.1083984375, 16.841347613497447], [96.1083984375, 16.846605106396304], [96.1029052734375, 16.846605106396304], [96.1029052734375, 16.841347613497447], [96.1083984375, 16.841347613497447]]]}, "properties": {"quadkey": "1322012223032111", "tile_x": 96.1057, "tile_y": 16.844, "avg_d_kbps": 1744, "avg_u_kbps": 9865, "avg_lat_ms": 79, "avg_lat_down_ms": 1140.0, "avg_lat_up_ms": 241.0, "tests": 1, "devices": 1, "period_start": "2026-04-01", "period_end_exclusive": "2026-07-01", "service_type": "mobile", "source": "Ookla Open Data", "download_mbps": 1.744, "upload_mbps": 9.865, "centroid_in_project": true, "operator": null, "radio_generation": null, "serving_cell_id": null, "single_test_tile": true, "source_url": "https://ookla-open-data.s3.amazonaws.com/parquet/performance/type=mobile/year=2026/quarter=2/2026-04-01_performance_mobile_tiles.parquet"}}, {"type": "Feature", "id": "2026-04-01:1322012223033000", "geometry": {"type": "Polygon", "coordinates": [[[96.1138916015625, 16.841347613497447], [96.1138916015625, 16.846605106396304], [96.1083984375, 16.846605106396304], [96.1083984375, 16.841347613497447], [96.1138916015625, 16.841347613497447]]]}, "properties": {"quadkey": "1322012223033000", "tile_x": 96.11110000000001, "tile_y": 16.844, "avg_d_kbps": 15601, "avg_u_kbps": 13600, "avg_lat_ms": 74, "avg_lat_down_ms": 1277.0, "avg_lat_up_ms": 338.0, "tests": 12, "devices": 1, "period_start": "2026-04-01", "period_end_exclusive": "2026-07-01", "service_type": "mobile", "source": "Ookla Open Data", "download_mbps": 15.601, "upload_mbps": 13.6, "centroid_in_project": true, "operator": null, "radio_generation": null, "serving_cell_id": null, "single_test_tile": false, "source_url": "https://ookla-open-data.s3.amazonaws.com/parquet/performance/type=mobile/year=2026/quarter=2/2026-04-01_performance_mobile_tiles.parquet"}}, {"type": "Feature", "id": "2026-04-01:1322012223033001", "geometry": {"type": "Polygon", "coordinates": [[[96.119384765625, 16.841347613497447], [96.119384765625, 16.846605106396304], [96.1138916015625, 16.846605106396304], [96.1138916015625, 16.841347613497447], [96.119384765625, 16.841347613497447]]]}, "properties": {"quadkey": "1322012223033001", "tile_x": 96.11659999999999, "tile_y": 16.844, "avg_d_kbps": 14948, "avg_u_kbps": 10395, "avg_lat_ms": 154, "avg_lat_down_ms": 1294.0, "avg_lat_up_ms": 907.0, "tests": 3, "devices": 2, "period_start": "2026-04-01", "period_end_exclusive": "2026-07-01", "service_type": "mobile", "source": "Ookla Open Data", "download_mbps": 14.948, "upload_mbps": 10.395, "centroid_in_project": true, "operator": null, "radio_generation": null, "serving_cell_id": null, "single_test_tile": false, "source_url": "https://ookla-open-data.s3.amazonaws.com/parquet/performance/type=mobile/year=2026/quarter=2/2026-04-01_performance_mobile_tiles.parquet"}}, {"type": "Feature", "id": "2026-04-01:1322012223033002", "geometry": {"type": "Polygon", "coordinates": [[[96.1138916015625, 16.836089974560213], [96.1138916015625, 16.841347613497447], [96.1083984375, 16.841347613497447], [96.1083984375, 16.836089974560213], [96.1138916015625, 16.836089974560213]]]}, "properties": {"quadkey": "1322012223033002", "tile_x": 96.11110000000001, "tile_y": 16.8387, "avg_d_kbps": 16611, "avg_u_kbps": 23139, "avg_lat_ms": 142, "avg_lat_down_ms": 708.0, "avg_lat_up_ms": 214.0, "tests": 1, "devices": 1, "period_start": "2026-04-01", "period_end_exclusive": "2026-07-01", "service_type": "mobile", "source": "Ookla Open Data", "download_mbps": 16.611, "upload_mbps": 23.139, "centroid_in_project": true, "operator": null, "radio_generation": null, "serving_cell_id": null, "single_test_tile": true, "source_url": "https://ookla-open-data.s3.amazonaws.com/parquet/performance/type=mobile/year=2026/quarter=2/2026-04-01_performance_mobile_tiles.parquet"}}, {"type": "Feature", "id": "2026-04-01:1322012223033012", "geometry": {"type": "Polygon", "coordinates": [[[96.1248779296875, 16.836089974560213], [96.1248779296875, 16.841347613497447], [96.119384765625, 16.841347613497447], [96.119384765625, 16.836089974560213], [96.1248779296875, 16.836089974560213]]]}, "properties": {"quadkey": "1322012223033012", "tile_x": 96.12210000000002, "tile_y": 16.8387, "avg_d_kbps": 50065, "avg_u_kbps": 38040, "avg_lat_ms": 96, "avg_lat_down_ms": 1603.0, "avg_lat_up_ms": 388.0, "tests": 8, "devices": 1, "period_start": "2026-04-01", "period_end_exclusive": "2026-07-01", "service_type": "mobile", "source": "Ookla Open Data", "download_mbps": 50.065, "upload_mbps": 38.04, "centroid_in_project": true, "operator": null, "radio_generation": null, "serving_cell_id": null, "single_test_tile": false, "source_url": "https://ookla-open-data.s3.amazonaws.com/parquet/performance/type=mobile/year=2026/quarter=2/2026-04-01_performance_mobile_tiles.parquet"}}, {"type": "Feature", "id": "2026-04-01:1322012223033013", "geometry": {"type": "Polygon", "coordinates": [[[96.13037109375, 16.836089974560213], [96.13037109375, 16.841347613497447], [96.1248779296875, 16.841347613497447], [96.1248779296875, 16.836089974560213], [96.13037109375, 16.836089974560213]]]}, "properties": {"quadkey": "1322012223033013", "tile_x": 96.1276, "tile_y": 16.8387, "avg_d_kbps": 43408, "avg_u_kbps": 37619, "avg_lat_ms": 46, "avg_lat_down_ms": 562.0, "avg_lat_up_ms": 251.0, "tests": 9, "devices": 3, "period_start": "2026-04-01", "period_end_exclusive": "2026-07-01", "service_type": "mobile", "source": "Ookla Open Data", "download_mbps": 43.408, "upload_mbps": 37.619, "centroid_in_project": true, "operator": null, "radio_generation": null, "serving_cell_id": null, "single_test_tile": false, "source_url": "https://ookla-open-data.s3.amazonaws.com/parquet/performance/type=mobile/year=2026/quarter=2/2026-04-01_performance_mobile_tiles.parquet"}}, {"type": "Feature", "id": "2026-04-01:1322012223033030", "geometry": {"type": "Polygon", "coordinates": [[[96.1248779296875, 16.83083218962482], [96.1248779296875, 16.836089974560213], [96.119384765625, 16.836089974560213], [96.119384765625, 16.83083218962482], [96.1248779296875, 16.83083218962482]]]}, "properties": {"quadkey": "1322012223033030", "tile_x": 96.12210000000002, "tile_y": 16.833499999999997, "avg_d_kbps": 30545, "avg_u_kbps": 21261, "avg_lat_ms": 97, "avg_lat_down_ms": 535.0, "avg_lat_up_ms": 572.0, "tests": 12, "devices": 7, "period_start": "2026-04-01", "period_end_exclusive": "2026-07-01", "service_type": "mobile", "source": "Ookla Open Data", "download_mbps": 30.545, "upload_mbps": 21.261, "centroid_in_project": true, "operator": null, "radio_generation": null, "serving_cell_id": null, "single_test_tile": false, "source_url": "https://ookla-open-data.s3.amazonaws.com/parquet/performance/type=mobile/year=2026/quarter=2/2026-04-01_performance_mobile_tiles.parquet"}}, {"type": "Feature", "id": "2026-04-01:1322012223033031", "geometry": {"type": "Polygon", "coordinates": [[[96.13037109375, 16.83083218962482], [96.13037109375, 16.836089974560213], [96.1248779296875, 16.836089974560213], [96.1248779296875, 16.83083218962482], [96.13037109375, 16.83083218962482]]]}, "properties": {"quadkey": "1322012223033031", "tile_x": 96.1276, "tile_y": 16.833499999999997, "avg_d_kbps": 30655, "avg_u_kbps": 14099, "avg_lat_ms": 61, "avg_lat_down_ms": 1547.0, "avg_lat_up_ms": 624.0, "tests": 10, "devices": 6, "period_start": "2026-04-01", "period_end_exclusive": "2026-07-01", "service_type": "mobile", "source": "Ookla Open Data", "download_mbps": 30.655, "upload_mbps": 14.099, "centroid_in_project": true, "operator": null, "radio_generation": null, "serving_cell_id": null, "single_test_tile": false, "source_url": "https://ookla-open-data.s3.amazonaws.com/parquet/performance/type=mobile/year=2026/quarter=2/2026-04-01_performance_mobile_tiles.parquet"}}, {"type": "Feature", "id": "2026-04-01:1322012223033032", "geometry": {"type": "Polygon", "coordinates": [[[96.1248779296875, 16.825574258731486], [96.1248779296875, 16.83083218962482], [96.119384765625, 16.83083218962482], [96.119384765625, 16.825574258731486], [96.1248779296875, 16.825574258731486]]]}, "properties": {"quadkey": "1322012223033032", "tile_x": 96.12210000000002, "tile_y": 16.828200000000002, "avg_d_kbps": 54200, "avg_u_kbps": 32246, "avg_lat_ms": 84, "avg_lat_down_ms": 972.0, "avg_lat_up_ms": 1880.0, "tests": 2, "devices": 1, "period_start": "2026-04-01", "period_end_exclusive": "2026-07-01", "service_type": "mobile", "source": "Ookla Open Data", "download_mbps": 54.2, "upload_mbps": 32.246, "centroid_in_project": true, "operator": null, "radio_generation": null, "serving_cell_id": null, "single_test_tile": false, "source_url": "https://ookla-open-data.s3.amazonaws.com/parquet/performance/type=mobile/year=2026/quarter=2/2026-04-01_performance_mobile_tiles.parquet"}}, {"type": "Feature", "id": "2026-04-01:1322012223033033", "geometry": {"type": "Polygon", "coordinates": [[[96.13037109375, 16.825574258731486], [96.13037109375, 16.83083218962482], [96.1248779296875, 16.83083218962482], [96.1248779296875, 16.825574258731486], [96.13037109375, 16.825574258731486]]]}, "properties": {"quadkey": "1322012223033033", "tile_x": 96.1276, "tile_y": 16.828200000000002, "avg_d_kbps": 20223, "avg_u_kbps": 16469, "avg_lat_ms": 64, "avg_lat_down_ms": 826.0, "avg_lat_up_ms": 845.0, "tests": 25, "devices": 7, "period_start": "2026-04-01", "period_end_exclusive": "2026-07-01", "service_type": "mobile", "source": "Ookla Open Data", "download_mbps": 20.223, "upload_mbps": 16.469, "centroid_in_project": true, "operator": null, "radio_generation": null, "serving_cell_id": null, "single_test_tile": false, "source_url": "https://ookla-open-data.s3.amazonaws.com/parquet/performance/type=mobile/year=2026/quarter=2/2026-04-01_performance_mobile_tiles.parquet"}}, {"type": "Feature", "id": "2026-04-01:1322012223033101", "geometry": {"type": "Polygon", "coordinates": [[[96.141357421875, 16.841347613497447], [96.141357421875, 16.846605106396304], [96.1358642578125, 16.846605106396304], [96.1358642578125, 16.841347613497447], [96.141357421875, 16.841347613497447]]]}, "properties": {"quadkey": "1322012223033101", "tile_x": 96.13860000000001, "tile_y": 16.844, "avg_d_kbps": 11421, "avg_u_kbps": 2123, "avg_lat_ms": 193, "avg_lat_down_ms": 1219.0, "avg_lat_up_ms": 2377.0, "tests": 1, "devices": 1, "period_start": "2026-04-01", "period_end_exclusive": "2026-07-01", "service_type": "mobile", "source": "Ookla Open Data", "download_mbps": 11.421, "upload_mbps": 2.123, "centroid_in_project": true, "operator": null, "radio_generation": null, "serving_cell_id": null, "single_test_tile": true, "source_url": "https://ookla-open-data.s3.amazonaws.com/parquet/performance/type=mobile/year=2026/quarter=2/2026-04-01_performance_mobile_tiles.parquet"}}, {"type": "Feature", "id": "2026-04-01:1322012223033102", "geometry": {"type": "Polygon", "coordinates": [[[96.1358642578125, 16.836089974560213], [96.1358642578125, 16.841347613497447], [96.13037109375, 16.841347613497447], [96.13037109375, 16.836089974560213], [96.1358642578125, 16.836089974560213]]]}, "properties": {"quadkey": "1322012223033102", "tile_x": 96.13310000000001, "tile_y": 16.8387, "avg_d_kbps": 29394, "avg_u_kbps": 10358, "avg_lat_ms": 39, "avg_lat_down_ms": 794.0, "avg_lat_up_ms": 1463.0, "tests": 4, "devices": 4, "period_start": "2026-04-01", "period_end_exclusive": "2026-07-01", "service_type": "mobile", "source": "Ookla Open Data", "download_mbps": 29.394, "upload_mbps": 10.358, "centroid_in_project": true, "operator": null, "radio_generation": null, "serving_cell_id": null, "single_test_tile": false, "source_url": "https://ookla-open-data.s3.amazonaws.com/parquet/performance/type=mobile/year=2026/quarter=2/2026-04-01_performance_mobile_tiles.parquet"}}, {"type": "Feature", "id": "2026-04-01:1322012223033122", "geometry": {"type": "Polygon", "coordinates": [[[96.1358642578125, 16.825574258731486], [96.1358642578125, 16.83083218962482], [96.13037109375, 16.83083218962482], [96.13037109375, 16.825574258731486], [96.1358642578125, 16.825574258731486]]]}, "properties": {"quadkey": "1322012223033122", "tile_x": 96.13310000000001, "tile_y": 16.828200000000002, "avg_d_kbps": 29156, "avg_u_kbps": 20265, "avg_lat_ms": 53, "avg_lat_down_ms": 649.0, "avg_lat_up_ms": 390.0, "tests": 3, "devices": 2, "period_start": "2026-04-01", "period_end_exclusive": "2026-07-01", "service_type": "mobile", "source": "Ookla Open Data", "download_mbps": 29.156, "upload_mbps": 20.265, "centroid_in_project": true, "operator": null, "radio_generation": null, "serving_cell_id": null, "single_test_tile": false, "source_url": "https://ookla-open-data.s3.amazonaws.com/parquet/performance/type=mobile/year=2026/quarter=2/2026-04-01_performance_mobile_tiles.parquet"}}, {"type": "Feature", "id": "2026-04-01:1322012223033123", "geometry": {"type": "Polygon", "coordinates": [[[96.141357421875, 16.825574258731486], [96.141357421875, 16.83083218962482], [96.1358642578125, 16.83083218962482], [96.1358642578125, 16.825574258731486], [96.141357421875, 16.825574258731486]]]}, "properties": {"quadkey": "1322012223033123", "tile_x": 96.13860000000001, "tile_y": 16.828200000000002, "avg_d_kbps": 1291, "avg_u_kbps": 852, "avg_lat_ms": 216, "avg_lat_down_ms": 224.0, "avg_lat_up_ms": null, "tests": 1, "devices": 1, "period_start": "2026-04-01", "period_end_exclusive": "2026-07-01", "service_type": "mobile", "source": "Ookla Open Data", "download_mbps": 1.291, "upload_mbps": 0.852, "centroid_in_project": true, "operator": null, "radio_generation": null, "serving_cell_id": null, "single_test_tile": true, "source_url": "https://ookla-open-data.s3.amazonaws.com/parquet/performance/type=mobile/year=2026/quarter=2/2026-04-01_performance_mobile_tiles.parquet"}}, {"type": "Feature", "id": "2026-04-01:1322012223033132", "geometry": {"type": "Polygon", "coordinates": [[[96.1468505859375, 16.825574258731486], [96.1468505859375, 16.83083218962482], [96.141357421875, 16.83083218962482], [96.141357421875, 16.825574258731486], [96.1468505859375, 16.825574258731486]]]}, "properties": {"quadkey": "1322012223033132", "tile_x": 96.14410000000001, "tile_y": 16.828200000000002, "avg_d_kbps": 93684, "avg_u_kbps": 54909, "avg_lat_ms": 48, "avg_lat_down_ms": 1014.0, "avg_lat_up_ms": 386.0, "tests": 2, "devices": 1, "period_start": "2026-04-01", "period_end_exclusive": "2026-07-01", "service_type": "mobile", "source": "Ookla Open Data", "download_mbps": 93.684, "upload_mbps": 54.909, "centroid_in_project": true, "operator": null, "radio_generation": null, "serving_cell_id": null, "single_test_tile": false, "source_url": "https://ookla-open-data.s3.amazonaws.com/parquet/performance/type=mobile/year=2026/quarter=2/2026-04-01_performance_mobile_tiles.parquet"}}, {"type": "Feature", "id": "2026-04-01:1322012223033210", "geometry": {"type": "Polygon", "coordinates": [[[96.1248779296875, 16.82031618192045], [96.1248779296875, 16.825574258731486], [96.119384765625, 16.825574258731486], [96.119384765625, 16.82031618192045], [96.1248779296875, 16.82031618192045]]]}, "properties": {"quadkey": "1322012223033210", "tile_x": 96.12210000000002, "tile_y": 16.8229, "avg_d_kbps": 22714, "avg_u_kbps": 12571, "avg_lat_ms": 56, "avg_lat_down_ms": 1099.0, "avg_lat_up_ms": 487.0, "tests": 9, "devices": 3, "period_start": "2026-04-01", "period_end_exclusive": "2026-07-01", "service_type": "mobile", "source": "Ookla Open Data", "download_mbps": 22.714, "upload_mbps": 12.571, "centroid_in_project": true, "operator": null, "radio_generation": null, "serving_cell_id": null, "single_test_tile": false, "source_url": "https://ookla-open-data.s3.amazonaws.com/parquet/performance/type=mobile/year=2026/quarter=2/2026-04-01_performance_mobile_tiles.parquet"}}, {"type": "Feature", "id": "2026-04-01:1322012223033211", "geometry": {"type": "Polygon", "coordinates": [[[96.13037109375, 16.82031618192045], [96.13037109375, 16.825574258731486], [96.1248779296875, 16.825574258731486], [96.1248779296875, 16.82031618192045], [96.13037109375, 16.82031618192045]]]}, "properties": {"quadkey": "1322012223033211", "tile_x": 96.1276, "tile_y": 16.8229, "avg_d_kbps": 1022, "avg_u_kbps": 762, "avg_lat_ms": 61, "avg_lat_down_ms": 61.0, "avg_lat_up_ms": 172.0, "tests": 1, "devices": 1, "period_start": "2026-04-01", "period_end_exclusive": "2026-07-01", "service_type": "mobile", "source": "Ookla Open Data", "download_mbps": 1.022, "upload_mbps": 0.762, "centroid_in_project": true, "operator": null, "radio_generation": null, "serving_cell_id": null, "single_test_tile": true, "source_url": "https://ookla-open-data.s3.amazonaws.com/parquet/performance/type=mobile/year=2026/quarter=2/2026-04-01_performance_mobile_tiles.parquet"}}, {"type": "Feature", "id": "2026-04-01:1322012223033212", "geometry": {"type": "Polygon", "coordinates": [[[96.1248779296875, 16.815057959231932], [96.1248779296875, 16.82031618192045], [96.119384765625, 16.82031618192045], [96.119384765625, 16.815057959231932], [96.1248779296875, 16.815057959231932]]]}, "properties": {"quadkey": "1322012223033212", "tile_x": 96.12210000000002, "tile_y": 16.8177, "avg_d_kbps": 28392, "avg_u_kbps": 20463, "avg_lat_ms": 63, "avg_lat_down_ms": 713.0, "avg_lat_up_ms": 375.0, "tests": 2, "devices": 2, "period_start": "2026-04-01", "period_end_exclusive": "2026-07-01", "service_type": "mobile", "source": "Ookla Open Data", "download_mbps": 28.392, "upload_mbps": 20.463, "centroid_in_project": true, "operator": null, "radio_generation": null, "serving_cell_id": null, "single_test_tile": false, "source_url": "https://ookla-open-data.s3.amazonaws.com/parquet/performance/type=mobile/year=2026/quarter=2/2026-04-01_performance_mobile_tiles.parquet"}}, {"type": "Feature", "id": "2026-04-01:1322012223033213", "geometry": {"type": "Polygon", "coordinates": [[[96.13037109375, 16.815057959231932], [96.13037109375, 16.82031618192045], [96.1248779296875, 16.82031618192045], [96.1248779296875, 16.815057959231932], [96.13037109375, 16.815057959231932]]]}, "properties": {"quadkey": "1322012223033213", "tile_x": 96.1276, "tile_y": 16.8177, "avg_d_kbps": 9752, "avg_u_kbps": 26245, "avg_lat_ms": 15, "avg_lat_down_ms": 1338.0, "avg_lat_up_ms": 934.0, "tests": 2, "devices": 2, "period_start": "2026-04-01", "period_end_exclusive": "2026-07-01", "service_type": "mobile", "source": "Ookla Open Data", "download_mbps": 9.752, "upload_mbps": 26.245, "centroid_in_project": true, "operator": null, "radio_generation": null, "serving_cell_id": null, "single_test_tile": false, "source_url": "https://ookla-open-data.s3.amazonaws.com/parquet/performance/type=mobile/year=2026/quarter=2/2026-04-01_performance_mobile_tiles.parquet"}}, {"type": "Feature", "id": "2026-04-01:1322012223033231", "geometry": {"type": "Polygon", "coordinates": [[[96.13037109375, 16.809799590706184], [96.13037109375, 16.815057959231932], [96.1248779296875, 16.815057959231932], [96.1248779296875, 16.809799590706184], [96.13037109375, 16.809799590706184]]]}, "properties": {"quadkey": "1322012223033231", "tile_x": 96.1276, "tile_y": 16.812400000000004, "avg_d_kbps": 46608, "avg_u_kbps": 21535, "avg_lat_ms": 78, "avg_lat_down_ms": 539.0, "avg_lat_up_ms": 403.0, "tests": 3, "devices": 3, "period_start": "2026-04-01", "period_end_exclusive": "2026-07-01", "service_type": "mobile", "source": "Ookla Open Data", "download_mbps": 46.608, "upload_mbps": 21.535, "centroid_in_project": true, "operator": null, "radio_generation": null, "serving_cell_id": null, "single_test_tile": false, "source_url": "https://ookla-open-data.s3.amazonaws.com/parquet/performance/type=mobile/year=2026/quarter=2/2026-04-01_performance_mobile_tiles.parquet"}}, {"type": "Feature", "id": "2026-04-01:1322012223033232", "geometry": {"type": "Polygon", "coordinates": [[[96.1248779296875, 16.80454107638345], [96.1248779296875, 16.809799590706184], [96.119384765625, 16.809799590706184], [96.119384765625, 16.80454107638345], [96.1248779296875, 16.80454107638345]]]}, "properties": {"quadkey": "1322012223033232", "tile_x": 96.12210000000002, "tile_y": 16.8072, "avg_d_kbps": 17528, "avg_u_kbps": 12812, "avg_lat_ms": 139, "avg_lat_down_ms": 1471.0, "avg_lat_up_ms": 444.0, "tests": 2, "devices": 2, "period_start": "2026-04-01", "period_end_exclusive": "2026-07-01", "service_type": "mobile", "source": "Ookla Open Data", "download_mbps": 17.528, "upload_mbps": 12.812, "centroid_in_project": true, "operator": null, "radio_generation": null, "serving_cell_id": null, "single_test_tile": false, "source_url": "https://ookla-open-data.s3.amazonaws.com/parquet/performance/type=mobile/year=2026/quarter=2/2026-04-01_performance_mobile_tiles.parquet"}}, {"type": "Feature", "id": "2026-04-01:1322012223033233", "geometry": {"type": "Polygon", "coordinates": [[[96.13037109375, 16.80454107638345], [96.13037109375, 16.809799590706184], [96.1248779296875, 16.809799590706184], [96.1248779296875, 16.80454107638345], [96.13037109375, 16.80454107638345]]]}, "properties": {"quadkey": "1322012223033233", "tile_x": 96.1276, "tile_y": 16.8072, "avg_d_kbps": 30187, "avg_u_kbps": 22354, "avg_lat_ms": 75, "avg_lat_down_ms": 2825.0, "avg_lat_up_ms": 1070.0, "tests": 3, "devices": 2, "period_start": "2026-04-01", "period_end_exclusive": "2026-07-01", "service_type": "mobile", "source": "Ookla Open Data", "download_mbps": 30.187, "upload_mbps": 22.354, "centroid_in_project": true, "operator": null, "radio_generation": null, "serving_cell_id": null, "single_test_tile": false, "source_url": "https://ookla-open-data.s3.amazonaws.com/parquet/performance/type=mobile/year=2026/quarter=2/2026-04-01_performance_mobile_tiles.parquet"}}, {"type": "Feature", "id": "2026-04-01:1322012223033300", "geometry": {"type": "Polygon", "coordinates": [[[96.1358642578125, 16.82031618192045], [96.1358642578125, 16.825574258731486], [96.13037109375, 16.825574258731486], [96.13037109375, 16.82031618192045], [96.1358642578125, 16.82031618192045]]]}, "properties": {"quadkey": "1322012223033300", "tile_x": 96.13310000000001, "tile_y": 16.8229, "avg_d_kbps": 1622, "avg_u_kbps": 657, "avg_lat_ms": 103, "avg_lat_down_ms": 620.0, "avg_lat_up_ms": 5351.0, "tests": 2, "devices": 2, "period_start": "2026-04-01", "period_end_exclusive": "2026-07-01", "service_type": "mobile", "source": "Ookla Open Data", "download_mbps": 1.622, "upload_mbps": 0.657, "centroid_in_project": true, "operator": null, "radio_generation": null, "serving_cell_id": null, "single_test_tile": false, "source_url": "https://ookla-open-data.s3.amazonaws.com/parquet/performance/type=mobile/year=2026/quarter=2/2026-04-01_performance_mobile_tiles.parquet"}}, {"type": "Feature", "id": "2026-04-01:1322012223033302", "geometry": {"type": "Polygon", "coordinates": [[[96.1358642578125, 16.815057959231932], [96.1358642578125, 16.82031618192045], [96.13037109375, 16.82031618192045], [96.13037109375, 16.815057959231932], [96.1358642578125, 16.815057959231932]]]}, "properties": {"quadkey": "1322012223033302", "tile_x": 96.13310000000001, "tile_y": 16.8177, "avg_d_kbps": 68507, "avg_u_kbps": 25161, "avg_lat_ms": 50, "avg_lat_down_ms": 494.0, "avg_lat_up_ms": 1951.0, "tests": 3, "devices": 3, "period_start": "2026-04-01", "period_end_exclusive": "2026-07-01", "service_type": "mobile", "source": "Ookla Open Data", "download_mbps": 68.507, "upload_mbps": 25.161, "centroid_in_project": true, "operator": null, "radio_generation": null, "serving_cell_id": null, "single_test_tile": false, "source_url": "https://ookla-open-data.s3.amazonaws.com/parquet/performance/type=mobile/year=2026/quarter=2/2026-04-01_performance_mobile_tiles.parquet"}}, {"type": "Feature", "id": "2026-04-01:1322012223033303", "geometry": {"type": "Polygon", "coordinates": [[[96.141357421875, 16.815057959231932], [96.141357421875, 16.82031618192045], [96.1358642578125, 16.82031618192045], [96.1358642578125, 16.815057959231932], [96.141357421875, 16.815057959231932]]]}, "properties": {"quadkey": "1322012223033303", "tile_x": 96.13860000000001, "tile_y": 16.8177, "avg_d_kbps": 32086, "avg_u_kbps": 714, "avg_lat_ms": 14, "avg_lat_down_ms": 3778.0, "avg_lat_up_ms": 1345.0, "tests": 1, "devices": 1, "period_start": "2026-04-01", "period_end_exclusive": "2026-07-01", "service_type": "mobile", "source": "Ookla Open Data", "download_mbps": 32.086, "upload_mbps": 0.714, "centroid_in_project": true, "operator": null, "radio_generation": null, "serving_cell_id": null, "single_test_tile": true, "source_url": "https://ookla-open-data.s3.amazonaws.com/parquet/performance/type=mobile/year=2026/quarter=2/2026-04-01_performance_mobile_tiles.parquet"}}, {"type": "Feature", "id": "2026-04-01:1322012223033313", "geometry": {"type": "Polygon", "coordinates": [[[96.15234375, 16.815057959231932], [96.15234375, 16.82031618192045], [96.1468505859375, 16.82031618192045], [96.1468505859375, 16.815057959231932], [96.15234375, 16.815057959231932]]]}, "properties": {"quadkey": "1322012223033313", "tile_x": 96.1496, "tile_y": 16.8177, "avg_d_kbps": 4591, "avg_u_kbps": 512, "avg_lat_ms": 53, "avg_lat_down_ms": 2197.0, "avg_lat_up_ms": 6639.0, "tests": 2, "devices": 1, "period_start": "2026-04-01", "period_end_exclusive": "2026-07-01", "service_type": "mobile", "source": "Ookla Open Data", "download_mbps": 4.591, "upload_mbps": 0.512, "centroid_in_project": true, "operator": null, "radio_generation": null, "serving_cell_id": null, "single_test_tile": false, "source_url": "https://ookla-open-data.s3.amazonaws.com/parquet/performance/type=mobile/year=2026/quarter=2/2026-04-01_performance_mobile_tiles.parquet"}}, {"type": "Feature", "id": "2026-04-01:1322012223033320", "geometry": {"type": "Polygon", "coordinates": [[[96.1358642578125, 16.809799590706184], [96.1358642578125, 16.815057959231932], [96.13037109375, 16.815057959231932], [96.13037109375, 16.809799590706184], [96.1358642578125, 16.809799590706184]]]}, "properties": {"quadkey": "1322012223033320", "tile_x": 96.13310000000001, "tile_y": 16.812400000000004, "avg_d_kbps": 57954, "avg_u_kbps": 29228, "avg_lat_ms": 53, "avg_lat_down_ms": 569.0, "avg_lat_up_ms": 737.0, "tests": 5, "devices": 5, "period_start": "2026-04-01", "period_end_exclusive": "2026-07-01", "service_type": "mobile", "source": "Ookla Open Data", "download_mbps": 57.954, "upload_mbps": 29.228, "centroid_in_project": true, "operator": null, "radio_generation": null, "serving_cell_id": null, "single_test_tile": false, "source_url": "https://ookla-open-data.s3.amazonaws.com/parquet/performance/type=mobile/year=2026/quarter=2/2026-04-01_performance_mobile_tiles.parquet"}}, {"type": "Feature", "id": "2026-04-01:1322012223033322", "geometry": {"type": "Polygon", "coordinates": [[[96.1358642578125, 16.80454107638345], [96.1358642578125, 16.809799590706184], [96.13037109375, 16.809799590706184], [96.13037109375, 16.80454107638345], [96.1358642578125, 16.80454107638345]]]}, "properties": {"quadkey": "1322012223033322", "tile_x": 96.13310000000001, "tile_y": 16.8072, "avg_d_kbps": 36955, "avg_u_kbps": 28537, "avg_lat_ms": 133, "avg_lat_down_ms": 1014.0, "avg_lat_up_ms": 1682.0, "tests": 6, "devices": 5, "period_start": "2026-04-01", "period_end_exclusive": "2026-07-01", "service_type": "mobile", "source": "Ookla Open Data", "download_mbps": 36.955, "upload_mbps": 28.537, "centroid_in_project": true, "operator": null, "radio_generation": null, "serving_cell_id": null, "single_test_tile": false, "source_url": "https://ookla-open-data.s3.amazonaws.com/parquet/performance/type=mobile/year=2026/quarter=2/2026-04-01_performance_mobile_tiles.parquet"}}, {"type": "Feature", "id": "2026-04-01:1322012223033323", "geometry": {"type": "Polygon", "coordinates": [[[96.141357421875, 16.80454107638345], [96.141357421875, 16.809799590706184], [96.1358642578125, 16.809799590706184], [96.1358642578125, 16.80454107638345], [96.141357421875, 16.80454107638345]]]}, "properties": {"quadkey": "1322012223033323", "tile_x": 96.13860000000001, "tile_y": 16.8072, "avg_d_kbps": 24538, "avg_u_kbps": 1514, "avg_lat_ms": 70, "avg_lat_down_ms": 552.0, "avg_lat_up_ms": 1197.0, "tests": 2, "devices": 2, "period_start": "2026-04-01", "period_end_exclusive": "2026-07-01", "service_type": "mobile", "source": "Ookla Open Data", "download_mbps": 24.538, "upload_mbps": 1.514, "centroid_in_project": true, "operator": null, "radio_generation": null, "serving_cell_id": null, "single_test_tile": false, "source_url": "https://ookla-open-data.s3.amazonaws.com/parquet/performance/type=mobile/year=2026/quarter=2/2026-04-01_performance_mobile_tiles.parquet"}}, {"type": "Feature", "id": "2026-04-01:1322012223033331", "geometry": {"type": "Polygon", "coordinates": [[[96.15234375, 16.809799590706184], [96.15234375, 16.815057959231932], [96.1468505859375, 16.815057959231932], [96.1468505859375, 16.809799590706184], [96.15234375, 16.809799590706184]]]}, "properties": {"quadkey": "1322012223033331", "tile_x": 96.1496, "tile_y": 16.812400000000004, "avg_d_kbps": 23407, "avg_u_kbps": 2422, "avg_lat_ms": 244, "avg_lat_down_ms": 1691.0, "avg_lat_up_ms": 716.0, "tests": 1, "devices": 1, "period_start": "2026-04-01", "period_end_exclusive": "2026-07-01", "service_type": "mobile", "source": "Ookla Open Data", "download_mbps": 23.407, "upload_mbps": 2.422, "centroid_in_project": true, "operator": null, "radio_generation": null, "serving_cell_id": null, "single_test_tile": true, "source_url": "https://ookla-open-data.s3.amazonaws.com/parquet/performance/type=mobile/year=2026/quarter=2/2026-04-01_performance_mobile_tiles.parquet"}}, {"type": "Feature", "id": "2026-04-01:1322012223033332", "geometry": {"type": "Polygon", "coordinates": [[[96.1468505859375, 16.80454107638345], [96.1468505859375, 16.809799590706184], [96.141357421875, 16.809799590706184], [96.141357421875, 16.80454107638345], [96.1468505859375, 16.80454107638345]]]}, "properties": {"quadkey": "1322012223033332", "tile_x": 96.14410000000001, "tile_y": 16.8072, "avg_d_kbps": 70640, "avg_u_kbps": 11663, "avg_lat_ms": 36, "avg_lat_down_ms": 1180.0, "avg_lat_up_ms": 2206.0, "tests": 6, "devices": 4, "period_start": "2026-04-01", "period_end_exclusive": "2026-07-01", "service_type": "mobile", "source": "Ookla Open Data", "download_mbps": 70.64, "upload_mbps": 11.663, "centroid_in_project": true, "operator": null, "radio_generation": null, "serving_cell_id": null, "single_test_tile": false, "source_url": "https://ookla-open-data.s3.amazonaws.com/parquet/performance/type=mobile/year=2026/quarter=2/2026-04-01_performance_mobile_tiles.parquet"}}, {"type": "Feature", "id": "2026-04-01:1322012223033333", "geometry": {"type": "Polygon", "coordinates": [[[96.15234375, 16.80454107638345], [96.15234375, 16.809799590706184], [96.1468505859375, 16.809799590706184], [96.1468505859375, 16.80454107638345], [96.15234375, 16.80454107638345]]]}, "properties": {"quadkey": "1322012223033333", "tile_x": 96.1496, "tile_y": 16.8072, "avg_d_kbps": 62809, "avg_u_kbps": 36147, "avg_lat_ms": 125, "avg_lat_down_ms": 244.0, "avg_lat_up_ms": 250.0, "tests": 1, "devices": 1, "period_start": "2026-04-01", "period_end_exclusive": "2026-07-01", "service_type": "mobile", "source": "Ookla Open Data", "download_mbps": 62.809, "upload_mbps": 36.147, "centroid_in_project": true, "operator": null, "radio_generation": null, "serving_cell_id": null, "single_test_tile": true, "source_url": "https://ookla-open-data.s3.amazonaws.com/parquet/performance/type=mobile/year=2026/quarter=2/2026-04-01_performance_mobile_tiles.parquet"}}, {"type": "Feature", "id": "2026-04-01:1322012223100222", "geometry": {"type": "Polygon", "coordinates": [[[96.1578369140625, 16.93070509876553], [96.1578369140625, 16.93596010286472], [96.15234375, 16.93596010286472], [96.15234375, 16.93070509876553], [96.1578369140625, 16.93070509876553]]]}, "properties": {"quadkey": "1322012223100222", "tile_x": 96.1551, "tile_y": 16.9333, "avg_d_kbps": 5707, "avg_u_kbps": 16218, "avg_lat_ms": 58, "avg_lat_down_ms": 51.0, "avg_lat_up_ms": 80.0, "tests": 2, "devices": 2, "period_start": "2026-04-01", "period_end_exclusive": "2026-07-01", "service_type": "mobile", "source": "Ookla Open Data", "download_mbps": 5.707, "upload_mbps": 16.218, "centroid_in_project": true, "operator": null, "radio_generation": null, "serving_cell_id": null, "single_test_tile": false, "source_url": "https://ookla-open-data.s3.amazonaws.com/parquet/performance/type=mobile/year=2026/quarter=2/2026-04-01_performance_mobile_tiles.parquet"}}, {"type": "Feature", "id": "2026-04-01:1322012223100231", "geometry": {"type": "Polygon", "coordinates": [[[96.17431640625, 16.93596010286472], [96.17431640625, 16.941214960202657], [96.1688232421875, 16.941214960202657], [96.1688232421875, 16.93596010286472], [96.17431640625, 16.93596010286472]]]}, "properties": {"quadkey": "1322012223100231", "tile_x": 96.1716, "tile_y": 16.9386, "avg_d_kbps": 38519, "avg_u_kbps": 33340, "avg_lat_ms": 46, "avg_lat_down_ms": 1937.0, "avg_lat_up_ms": 135.0, "tests": 2, "devices": 1, "period_start": "2026-04-01", "period_end_exclusive": "2026-07-01", "service_type": "mobile", "source": "Ookla Open Data", "download_mbps": 38.519, "upload_mbps": 33.34, "centroid_in_project": true, "operator": null, "radio_generation": null, "serving_cell_id": null, "single_test_tile": false, "source_url": "https://ookla-open-data.s3.amazonaws.com/parquet/performance/type=mobile/year=2026/quarter=2/2026-04-01_performance_mobile_tiles.parquet"}}, {"type": "Feature", "id": "2026-04-01:1322012223100311", "geometry": {"type": "Polygon", "coordinates": [[[96.1962890625, 16.94646967073926], [96.1962890625, 16.95172423443443], [96.1907958984375, 16.95172423443443], [96.1907958984375, 16.94646967073926], [96.1962890625, 16.94646967073926]]]}, "properties": {"quadkey": "1322012223100311", "tile_x": 96.1935, "tile_y": 16.949099999999998, "avg_d_kbps": 34476, "avg_u_kbps": 7619, "avg_lat_ms": 44, "avg_lat_down_ms": 491.0, "avg_lat_up_ms": 402.0, "tests": 1, "devices": 1, "period_start": "2026-04-01", "period_end_exclusive": "2026-07-01", "service_type": "mobile", "source": "Ookla Open Data", "download_mbps": 34.476, "upload_mbps": 7.619, "centroid_in_project": true, "operator": null, "radio_generation": null, "serving_cell_id": null, "single_test_tile": true, "source_url": "https://ookla-open-data.s3.amazonaws.com/parquet/performance/type=mobile/year=2026/quarter=2/2026-04-01_performance_mobile_tiles.parquet"}}, {"type": "Feature", "id": "2026-04-01:1322012223100330", "geometry": {"type": "Polygon", "coordinates": [[[96.1907958984375, 16.93596010286472], [96.1907958984375, 16.941214960202657], [96.185302734375, 16.941214960202657], [96.185302734375, 16.93596010286472], [96.1907958984375, 16.93596010286472]]]}, "properties": {"quadkey": "1322012223100330", "tile_x": 96.18799999999999, "tile_y": 16.9386, "avg_d_kbps": 21910, "avg_u_kbps": 11348, "avg_lat_ms": 109, "avg_lat_down_ms": 1163.0, "avg_lat_up_ms": 816.0, "tests": 2, "devices": 2, "period_start": "2026-04-01", "period_end_exclusive": "2026-07-01", "service_type": "mobile", "source": "Ookla Open Data", "download_mbps": 21.91, "upload_mbps": 11.348, "centroid_in_project": true, "operator": null, "radio_generation": null, "serving_cell_id": null, "single_test_tile": false, "source_url": "https://ookla-open-data.s3.amazonaws.com/parquet/performance/type=mobile/year=2026/quarter=2/2026-04-01_performance_mobile_tiles.parquet"}}, {"type": "Feature", "id": "2026-04-01:1322012223101200", "geometry": {"type": "Polygon", "coordinates": [[[96.2017822265625, 16.94646967073926], [96.2017822265625, 16.95172423443443], [96.1962890625, 16.95172423443443], [96.1962890625, 16.94646967073926], [96.2017822265625, 16.94646967073926]]]}, "properties": {"quadkey": "1322012223101200", "tile_x": 96.199, "tile_y": 16.949099999999998, "avg_d_kbps": 11631, "avg_u_kbps": 9246, "avg_lat_ms": 216, "avg_lat_down_ms": 854.0, "avg_lat_up_ms": 269.0, "tests": 1, "devices": 1, "period_start": "2026-04-01", "period_end_exclusive": "2026-07-01", "service_type": "mobile", "source": "Ookla Open Data", "download_mbps": 11.631, "upload_mbps": 9.246, "centroid_in_project": true, "operator": null, "radio_generation": null, "serving_cell_id": null, "single_test_tile": true, "source_url": "https://ookla-open-data.s3.amazonaws.com/parquet/performance/type=mobile/year=2026/quarter=2/2026-04-01_performance_mobile_tiles.parquet"}}, {"type": "Feature", "id": "2026-04-01:1322012223101333", "geometry": {"type": "Polygon", "coordinates": [[[96.240234375, 16.93070509876553], [96.240234375, 16.93596010286472], [96.2347412109375, 16.93596010286472], [96.2347412109375, 16.93070509876553], [96.240234375, 16.93070509876553]]]}, "properties": {"quadkey": "1322012223101333", "tile_x": 96.2375, "tile_y": 16.9333, "avg_d_kbps": 54350, "avg_u_kbps": 32366, "avg_lat_ms": 75, "avg_lat_down_ms": 414.0, "avg_lat_up_ms": 127.0, "tests": 1, "devices": 1, "period_start": "2026-04-01", "period_end_exclusive": "2026-07-01", "service_type": "mobile", "source": "Ookla Open Data", "download_mbps": 54.35, "upload_mbps": 32.366, "centroid_in_project": true, "operator": null, "radio_generation": null, "serving_cell_id": null, "single_test_tile": true, "source_url": "https://ookla-open-data.s3.amazonaws.com/parquet/performance/type=mobile/year=2026/quarter=2/2026-04-01_performance_mobile_tiles.parquet"}}, {"type": "Feature", "id": "2026-04-01:1322012223102001", "geometry": {"type": "Polygon", "coordinates": [[[96.163330078125, 16.925449947945214], [96.163330078125, 16.93070509876553], [96.1578369140625, 16.93070509876553], [96.1578369140625, 16.925449947945214], [96.163330078125, 16.925449947945214]]]}, "properties": {"quadkey": "1322012223102001", "tile_x": 96.16060000000002, "tile_y": 16.9281, "avg_d_kbps": 1452, "avg_u_kbps": 37978, "avg_lat_ms": 230, "avg_lat_down_ms": 3367.0, "avg_lat_up_ms": 301.0, "tests": 1, "devices": 1, "period_start": "2026-04-01", "period_end_exclusive": "2026-07-01", "service_type": "mobile", "source": "Ookla Open Data", "download_mbps": 1.452, "upload_mbps": 37.978, "centroid_in_project": true, "operator": null, "radio_generation": null, "serving_cell_id": null, "single_test_tile": true, "source_url": "https://ookla-open-data.s3.amazonaws.com/parquet/performance/type=mobile/year=2026/quarter=2/2026-04-01_performance_mobile_tiles.parquet"}}, {"type": "Feature", "id": "2026-04-01:1322012223102021", "geometry": {"type": "Polygon", "coordinates": [[[96.163330078125, 16.914939206301643], [96.163330078125, 16.92019465044388], [96.1578369140625, 16.92019465044388], [96.1578369140625, 16.914939206301643], [96.163330078125, 16.914939206301643]]]}, "properties": {"quadkey": "1322012223102021", "tile_x": 96.16060000000002, "tile_y": 16.9176, "avg_d_kbps": 35065, "avg_u_kbps": 23212, "avg_lat_ms": 76, "avg_lat_down_ms": 747.0, "avg_lat_up_ms": 159.0, "tests": 1, "devices": 1, "period_start": "2026-04-01", "period_end_exclusive": "2026-07-01", "service_type": "mobile", "source": "Ookla Open Data", "download_mbps": 35.065, "upload_mbps": 23.212, "centroid_in_project": true, "operator": null, "radio_generation": null, "serving_cell_id": null, "single_test_tile": true, "source_url": "https://ookla-open-data.s3.amazonaws.com/parquet/performance/type=mobile/year=2026/quarter=2/2026-04-01_performance_mobile_tiles.parquet"}}, {"type": "Feature", "id": "2026-04-01:1322012223102032", "geometry": {"type": "Polygon", "coordinates": [[[96.1688232421875, 16.909683615558638], [96.1688232421875, 16.914939206301643], [96.163330078125, 16.914939206301643], [96.163330078125, 16.909683615558638], [96.1688232421875, 16.909683615558638]]]}, "properties": {"quadkey": "1322012223102032", "tile_x": 96.1661, "tile_y": 16.9123, "avg_d_kbps": 38655, "avg_u_kbps": 23201, "avg_lat_ms": 218, "avg_lat_down_ms": 1014.0, "avg_lat_up_ms": 498.0, "tests": 3, "devices": 2, "period_start": "2026-04-01", "period_end_exclusive": "2026-07-01", "service_type": "mobile", "source": "Ookla Open Data", "download_mbps": 38.655, "upload_mbps": 23.201, "centroid_in_project": true, "operator": null, "radio_generation": null, "serving_cell_id": null, "single_test_tile": false, "source_url": "https://ookla-open-data.s3.amazonaws.com/parquet/performance/type=mobile/year=2026/quarter=2/2026-04-01_performance_mobile_tiles.parquet"}}, {"type": "Feature", "id": "2026-04-01:1322012223102110", "geometry": {"type": "Polygon", "coordinates": [[[96.1907958984375, 16.925449947945214], [96.1907958984375, 16.93070509876553], [96.185302734375, 16.93070509876553], [96.185302734375, 16.925449947945214], [96.1907958984375, 16.925449947945214]]]}, "properties": {"quadkey": "1322012223102110", "tile_x": 96.18799999999999, "tile_y": 16.9281, "avg_d_kbps": 50286, "avg_u_kbps": 21797, "avg_lat_ms": 13, "avg_lat_down_ms": 597.0, "avg_lat_up_ms": 841.0, "tests": 1, "devices": 1, "period_start": "2026-04-01", "period_end_exclusive": "2026-07-01", "service_type": "mobile", "source": "Ookla Open Data", "download_mbps": 50.286, "upload_mbps": 21.797, "centroid_in_project": true, "operator": null, "radio_generation": null, "serving_cell_id": null, "single_test_tile": true, "source_url": "https://ookla-open-data.s3.amazonaws.com/parquet/performance/type=mobile/year=2026/quarter=2/2026-04-01_performance_mobile_tiles.parquet"}}, {"type": "Feature", "id": "2026-04-01:1322012223102202", "geometry": {"type": "Polygon", "coordinates": [[[96.1578369140625, 16.899171994430837], [96.1578369140625, 16.90442787825499], [96.15234375, 16.90442787825499], [96.15234375, 16.899171994430837], [96.1578369140625, 16.899171994430837]]]}, "properties": {"quadkey": "1322012223102202", "tile_x": 96.1551, "tile_y": 16.901799999999998, "avg_d_kbps": 36041, "avg_u_kbps": 14047, "avg_lat_ms": 116, "avg_lat_down_ms": 2206.0, "avg_lat_up_ms": 703.0, "tests": 2, "devices": 2, "period_start": "2026-04-01", "period_end_exclusive": "2026-07-01", "service_type": "mobile", "source": "Ookla Open Data", "download_mbps": 36.041, "upload_mbps": 14.047, "centroid_in_project": true, "operator": null, "radio_generation": null, "serving_cell_id": null, "single_test_tile": false, "source_url": "https://ookla-open-data.s3.amazonaws.com/parquet/performance/type=mobile/year=2026/quarter=2/2026-04-01_performance_mobile_tiles.parquet"}}, {"type": "Feature", "id": "2026-04-01:1322012223102203", "geometry": {"type": "Polygon", "coordinates": [[[96.163330078125, 16.899171994430837], [96.163330078125, 16.90442787825499], [96.1578369140625, 16.90442787825499], [96.1578369140625, 16.899171994430837], [96.163330078125, 16.899171994430837]]]}, "properties": {"quadkey": "1322012223102203", "tile_x": 96.16060000000002, "tile_y": 16.901799999999998, "avg_d_kbps": 1177, "avg_u_kbps": 342, "avg_lat_ms": 198, "avg_lat_down_ms": 534.0, "avg_lat_up_ms": 469.0, "tests": 1, "devices": 1, "period_start": "2026-04-01", "period_end_exclusive": "2026-07-01", "service_type": "mobile", "source": "Ookla Open Data", "download_mbps": 1.177, "upload_mbps": 0.342, "centroid_in_project": true, "operator": null, "radio_generation": null, "serving_cell_id": null, "single_test_tile": true, "source_url": "https://ookla-open-data.s3.amazonaws.com/parquet/performance/type=mobile/year=2026/quarter=2/2026-04-01_performance_mobile_tiles.parquet"}}, {"type": "Feature", "id": "2026-04-01:1322012223102210", "geometry": {"type": "Polygon", "coordinates": [[[96.1688232421875, 16.90442787825499], [96.1688232421875, 16.909683615558638], [96.163330078125, 16.909683615558638], [96.163330078125, 16.90442787825499], [96.1688232421875, 16.90442787825499]]]}, "properties": {"quadkey": "1322012223102210", "tile_x": 96.1661, "tile_y": 16.907099999999996, "avg_d_kbps": 49036, "avg_u_kbps": 39139, "avg_lat_ms": 118, "avg_lat_down_ms": 651.0, "avg_lat_up_ms": 590.0, "tests": 2, "devices": 2, "period_start": "2026-04-01", "period_end_exclusive": "2026-07-01", "service_type": "mobile", "source": "Ookla Open Data", "download_mbps": 49.036, "upload_mbps": 39.139, "centroid_in_project": true, "operator": null, "radio_generation": null, "serving_cell_id": null, "single_test_tile": false, "source_url": "https://ookla-open-data.s3.amazonaws.com/parquet/performance/type=mobile/year=2026/quarter=2/2026-04-01_performance_mobile_tiles.parquet"}}, {"type": "Feature", "id": "2026-04-01:1322012223102220", "geometry": {"type": "Polygon", "coordinates": [[[96.1578369140625, 16.89391596412632], [96.1578369140625, 16.899171994430837], [96.15234375, 16.899171994430837], [96.15234375, 16.89391596412632], [96.1578369140625, 16.89391596412632]]]}, "properties": {"quadkey": "1322012223102220", "tile_x": 96.1551, "tile_y": 16.8965, "avg_d_kbps": 40683, "avg_u_kbps": 20573, "avg_lat_ms": 66, "avg_lat_down_ms": 446.0, "avg_lat_up_ms": 1048.0, "tests": 3, "devices": 2, "period_start": "2026-04-01", "period_end_exclusive": "2026-07-01", "service_type": "mobile", "source": "Ookla Open Data", "download_mbps": 40.683, "upload_mbps": 20.573, "centroid_in_project": true, "operator": null, "radio_generation": null, "serving_cell_id": null, "single_test_tile": false, "source_url": "https://ookla-open-data.s3.amazonaws.com/parquet/performance/type=mobile/year=2026/quarter=2/2026-04-01_performance_mobile_tiles.parquet"}}, {"type": "Feature", "id": "2026-04-01:1322012223102222", "geometry": {"type": "Polygon", "coordinates": [[[96.1578369140625, 16.888659787381606], [96.1578369140625, 16.89391596412632], [96.15234375, 16.89391596412632], [96.15234375, 16.888659787381606], [96.1578369140625, 16.888659787381606]]]}, "properties": {"quadkey": "1322012223102222", "tile_x": 96.1551, "tile_y": 16.891299999999998, "avg_d_kbps": 53883, "avg_u_kbps": 18108, "avg_lat_ms": 122, "avg_lat_down_ms": 992.0, "avg_lat_up_ms": 548.0, "tests": 1, "devices": 1, "period_start": "2026-04-01", "period_end_exclusive": "2026-07-01", "service_type": "mobile", "source": "Ookla Open Data", "download_mbps": 53.883, "upload_mbps": 18.108, "centroid_in_project": true, "operator": null, "radio_generation": null, "serving_cell_id": null, "single_test_tile": true, "source_url": "https://ookla-open-data.s3.amazonaws.com/parquet/performance/type=mobile/year=2026/quarter=2/2026-04-01_performance_mobile_tiles.parquet"}}, {"type": "Feature", "id": "2026-04-01:1322012223102312", "geometry": {"type": "Polygon", "coordinates": [[[96.1907958984375, 16.899171994430837], [96.1907958984375, 16.90442787825499], [96.185302734375, 16.90442787825499], [96.185302734375, 16.899171994430837], [96.1907958984375, 16.899171994430837]]]}, "properties": {"quadkey": "1322012223102312", "tile_x": 96.18799999999999, "tile_y": 16.901799999999998, "avg_d_kbps": 2454, "avg_u_kbps": 1692, "avg_lat_ms": 121, "avg_lat_down_ms": 1082.0, "avg_lat_up_ms": 1177.0, "tests": 1, "devices": 1, "period_start": "2026-04-01", "period_end_exclusive": "2026-07-01", "service_type": "mobile", "source": "Ookla Open Data", "download_mbps": 2.454, "upload_mbps": 1.692, "centroid_in_project": true, "operator": null, "radio_generation": null, "serving_cell_id": null, "single_test_tile": true, "source_url": "https://ookla-open-data.s3.amazonaws.com/parquet/performance/type=mobile/year=2026/quarter=2/2026-04-01_performance_mobile_tiles.parquet"}}, {"type": "Feature", "id": "2026-04-01:1322012223102321", "geometry": {"type": "Polygon", "coordinates": [[[96.185302734375, 16.89391596412632], [96.185302734375, 16.899171994430837], [96.1798095703125, 16.899171994430837], [96.1798095703125, 16.89391596412632], [96.185302734375, 16.89391596412632]]]}, "properties": {"quadkey": "1322012223102321", "tile_x": 96.18260000000001, "tile_y": 16.8965, "avg_d_kbps": 13029, "avg_u_kbps": 23521, "avg_lat_ms": 294, "avg_lat_down_ms": 774.0, "avg_lat_up_ms": 977.0, "tests": 1, "devices": 1, "period_start": "2026-04-01", "period_end_exclusive": "2026-07-01", "service_type": "mobile", "source": "Ookla Open Data", "download_mbps": 13.029, "upload_mbps": 23.521, "centroid_in_project": true, "operator": null, "radio_generation": null, "serving_cell_id": null, "single_test_tile": true, "source_url": "https://ookla-open-data.s3.amazonaws.com/parquet/performance/type=mobile/year=2026/quarter=2/2026-04-01_performance_mobile_tiles.parquet"}}, {"type": "Feature", "id": "2026-04-01:1322012223102323", "geometry": {"type": "Polygon", "coordinates": [[[96.185302734375, 16.888659787381606], [96.185302734375, 16.89391596412632], [96.1798095703125, 16.89391596412632], [96.1798095703125, 16.888659787381606], [96.185302734375, 16.888659787381606]]]}, "properties": {"quadkey": "1322012223102323", "tile_x": 96.18260000000001, "tile_y": 16.891299999999998, "avg_d_kbps": 16302, "avg_u_kbps": 3687, "avg_lat_ms": 69, "avg_lat_down_ms": 476.0, "avg_lat_up_ms": 4841.0, "tests": 1, "devices": 1, "period_start": "2026-04-01", "period_end_exclusive": "2026-07-01", "service_type": "mobile", "source": "Ookla Open Data", "download_mbps": 16.302, "upload_mbps": 3.687, "centroid_in_project": true, "operator": null, "radio_generation": null, "serving_cell_id": null, "single_test_tile": true, "source_url": "https://ookla-open-data.s3.amazonaws.com/parquet/performance/type=mobile/year=2026/quarter=2/2026-04-01_performance_mobile_tiles.parquet"}}, {"type": "Feature", "id": "2026-04-01:1322012223103102", "geometry": {"type": "Polygon", "coordinates": [[[96.2237548828125, 16.92019465044388], [96.2237548828125, 16.925449947945214], [96.21826171875, 16.925449947945214], [96.21826171875, 16.92019465044388], [96.2237548828125, 16.92019465044388]]]}, "properties": {"quadkey": "1322012223103102", "tile_x": 96.221, "tile_y": 16.922800000000002, "avg_d_kbps": 47552, "avg_u_kbps": 23257, "avg_lat_ms": 101, "avg_lat_down_ms": 603.0, "avg_lat_up_ms": 1021.0, "tests": 2, "devices": 1, "period_start": "2026-04-01", "period_end_exclusive": "2026-07-01", "service_type": "mobile", "source": "Ookla Open Data", "download_mbps": 47.552, "upload_mbps": 23.257, "centroid_in_project": true, "operator": null, "radio_generation": null, "serving_cell_id": null, "single_test_tile": false, "source_url": "https://ookla-open-data.s3.amazonaws.com/parquet/performance/type=mobile/year=2026/quarter=2/2026-04-01_performance_mobile_tiles.parquet"}}, {"type": "Feature", "id": "2026-04-01:1322012223103220", "geometry": {"type": "Polygon", "coordinates": [[[96.2017822265625, 16.89391596412632], [96.2017822265625, 16.899171994430837], [96.1962890625, 16.899171994430837], [96.1962890625, 16.89391596412632], [96.2017822265625, 16.89391596412632]]]}, "properties": {"quadkey": "1322012223103220", "tile_x": 96.199, "tile_y": 16.8965, "avg_d_kbps": 29848, "avg_u_kbps": 14866, "avg_lat_ms": 29, "avg_lat_down_ms": 2057.0, "avg_lat_up_ms": 1388.0, "tests": 2, "devices": 2, "period_start": "2026-04-01", "period_end_exclusive": "2026-07-01", "service_type": "mobile", "source": "Ookla Open Data", "download_mbps": 29.848, "upload_mbps": 14.866, "centroid_in_project": true, "operator": null, "radio_generation": null, "serving_cell_id": null, "single_test_tile": false, "source_url": "https://ookla-open-data.s3.amazonaws.com/parquet/performance/type=mobile/year=2026/quarter=2/2026-04-01_performance_mobile_tiles.parquet"}}, {"type": "Feature", "id": "2026-04-01:1322012223103222", "geometry": {"type": "Polygon", "coordinates": [[[96.2017822265625, 16.888659787381606], [96.2017822265625, 16.89391596412632], [96.1962890625, 16.89391596412632], [96.1962890625, 16.888659787381606], [96.2017822265625, 16.888659787381606]]]}, "properties": {"quadkey": "1322012223103222", "tile_x": 96.199, "tile_y": 16.891299999999998, "avg_d_kbps": 3711, "avg_u_kbps": 237, "avg_lat_ms": 78, "avg_lat_down_ms": 1524.0, "avg_lat_up_ms": 2005.0, "tests": 1, "devices": 1, "period_start": "2026-04-01", "period_end_exclusive": "2026-07-01", "service_type": "mobile", "source": "Ookla Open Data", "download_mbps": 3.711, "upload_mbps": 0.237, "centroid_in_project": true, "operator": null, "radio_generation": null, "serving_cell_id": null, "single_test_tile": true, "source_url": "https://ookla-open-data.s3.amazonaws.com/parquet/performance/type=mobile/year=2026/quarter=2/2026-04-01_performance_mobile_tiles.parquet"}}, {"type": "Feature", "id": "2026-04-01:1322012223103310", "geometry": {"type": "Polygon", "coordinates": [[[96.2347412109375, 16.90442787825499], [96.2347412109375, 16.909683615558638], [96.229248046875, 16.909683615558638], [96.229248046875, 16.90442787825499], [96.2347412109375, 16.90442787825499]]]}, "properties": {"quadkey": "1322012223103310", "tile_x": 96.232, "tile_y": 16.907099999999996, "avg_d_kbps": 387, "avg_u_kbps": 6798, "avg_lat_ms": 18, "avg_lat_down_ms": 3831.0, "avg_lat_up_ms": 1550.0, "tests": 1, "devices": 1, "period_start": "2026-04-01", "period_end_exclusive": "2026-07-01", "service_type": "mobile", "source": "Ookla Open Data", "download_mbps": 0.387, "upload_mbps": 6.798, "centroid_in_project": true, "operator": null, "radio_generation": null, "serving_cell_id": null, "single_test_tile": true, "source_url": "https://ookla-open-data.s3.amazonaws.com/parquet/performance/type=mobile/year=2026/quarter=2/2026-04-01_performance_mobile_tiles.parquet"}}, {"type": "Feature", "id": "2026-04-01:1322012223110013", "geometry": {"type": "Polygon", "coordinates": [[[96.26220703125, 16.962232921140096], [96.26220703125, 16.96748704407044], [96.2567138671875, 16.96748704407044], [96.2567138671875, 16.962232921140096], [96.26220703125, 16.962232921140096]]]}, "properties": {"quadkey": "1322012223110013", "tile_x": 96.2595, "tile_y": 16.964900000000004, "avg_d_kbps": 15763, "avg_u_kbps": 7954, "avg_lat_ms": 179, "avg_lat_down_ms": 1004.0, "avg_lat_up_ms": 1749.0, "tests": 21, "devices": 1, "period_start": "2026-04-01", "period_end_exclusive": "2026-07-01", "service_type": "mobile", "source": "Ookla Open Data", "download_mbps": 15.763, "upload_mbps": 7.954, "centroid_in_project": true, "operator": null, "radio_generation": null, "serving_cell_id": null, "single_test_tile": false, "source_url": "https://ookla-open-data.s3.amazonaws.com/parquet/performance/type=mobile/year=2026/quarter=2/2026-04-01_performance_mobile_tiles.parquet"}}, {"type": "Feature", "id": "2026-04-01:1322012223110031", "geometry": {"type": "Polygon", "coordinates": [[[96.26220703125, 16.95697865124807], [96.26220703125, 16.962232921140096], [96.2567138671875, 16.962232921140096], [96.2567138671875, 16.95697865124807], [96.26220703125, 16.95697865124807]]]}, "properties": {"quadkey": "1322012223110031", "tile_x": 96.2595, "tile_y": 16.9596, "avg_d_kbps": 15305, "avg_u_kbps": 11563, "avg_lat_ms": 136, "avg_lat_down_ms": 966.0, "avg_lat_up_ms": 1736.0, "tests": 7, "devices": 1, "period_start": "2026-04-01", "period_end_exclusive": "2026-07-01", "service_type": "mobile", "source": "Ookla Open Data", "download_mbps": 15.305, "upload_mbps": 11.563, "centroid_in_project": true, "operator": null, "radio_generation": null, "serving_cell_id": null, "single_test_tile": false, "source_url": "https://ookla-open-data.s3.amazonaws.com/parquet/performance/type=mobile/year=2026/quarter=2/2026-04-01_performance_mobile_tiles.parquet"}}, {"type": "Feature", "id": "2026-04-01:1322012223110310", "geometry": {"type": "Polygon", "coordinates": [[[96.2786865234375, 16.94646967073926], [96.2786865234375, 16.95172423443443], [96.273193359375, 16.95172423443443], [96.273193359375, 16.94646967073926], [96.2786865234375, 16.94646967073926]]]}, "properties": {"quadkey": "1322012223110310", "tile_x": 96.27590000000001, "tile_y": 16.949099999999998, "avg_d_kbps": 9034, "avg_u_kbps": 32479, "avg_lat_ms": 32, "avg_lat_down_ms": 1088.0, "avg_lat_up_ms": 301.0, "tests": 1, "devices": 1, "period_start": "2026-04-01", "period_end_exclusive": "2026-07-01", "service_type": "mobile", "source": "Ookla Open Data", "download_mbps": 9.034, "upload_mbps": 32.479, "centroid_in_project": true, "operator": null, "radio_generation": null, "serving_cell_id": null, "single_test_tile": true, "source_url": "https://ookla-open-data.s3.amazonaws.com/parquet/performance/type=mobile/year=2026/quarter=2/2026-04-01_performance_mobile_tiles.parquet"}}, {"type": "Feature", "id": "2026-04-01:1322012223112100", "geometry": {"type": "Polygon", "coordinates": [[[96.2677001953125, 16.925449947945214], [96.2677001953125, 16.93070509876553], [96.26220703125, 16.93070509876553], [96.26220703125, 16.925449947945214], [96.2677001953125, 16.925449947945214]]]}, "properties": {"quadkey": "1322012223112100", "tile_x": 96.265, "tile_y": 16.9281, "avg_d_kbps": 11537, "avg_u_kbps": 8406, "avg_lat_ms": 18, "avg_lat_down_ms": 975.0, "avg_lat_up_ms": 961.0, "tests": 3, "devices": 2, "period_start": "2026-04-01", "period_end_exclusive": "2026-07-01", "service_type": "mobile", "source": "Ookla Open Data", "download_mbps": 11.537, "upload_mbps": 8.406, "centroid_in_project": true, "operator": null, "radio_generation": null, "serving_cell_id": null, "single_test_tile": false, "source_url": "https://ookla-open-data.s3.amazonaws.com/parquet/performance/type=mobile/year=2026/quarter=2/2026-04-01_performance_mobile_tiles.parquet"}}, {"type": "Feature", "id": "2026-04-01:1322012223112212", "geometry": {"type": "Polygon", "coordinates": [[[96.2567138671875, 16.899171994430837], [96.2567138671875, 16.90442787825499], [96.251220703125, 16.90442787825499], [96.251220703125, 16.899171994430837], [96.2567138671875, 16.899171994430837]]]}, "properties": {"quadkey": "1322012223112212", "tile_x": 96.25399999999999, "tile_y": 16.901799999999998, "avg_d_kbps": 11771, "avg_u_kbps": 16331, "avg_lat_ms": 247, "avg_lat_down_ms": 2004.0, "avg_lat_up_ms": 3945.0, "tests": 1, "devices": 1, "period_start": "2026-04-01", "period_end_exclusive": "2026-07-01", "service_type": "mobile", "source": "Ookla Open Data", "download_mbps": 11.771, "upload_mbps": 16.331, "centroid_in_project": true, "operator": null, "radio_generation": null, "serving_cell_id": null, "single_test_tile": true, "source_url": "https://ookla-open-data.s3.amazonaws.com/parquet/performance/type=mobile/year=2026/quarter=2/2026-04-01_performance_mobile_tiles.parquet"}}, {"type": "Feature", "id": "2026-04-01:1322012223120001", "geometry": {"type": "Polygon", "coordinates": [[[96.163330078125, 16.88340346423683], [96.163330078125, 16.888659787381606], [96.1578369140625, 16.888659787381606], [96.1578369140625, 16.88340346423683], [96.163330078125, 16.88340346423683]]]}, "properties": {"quadkey": "1322012223120001", "tile_x": 96.16060000000002, "tile_y": 16.886, "avg_d_kbps": 1847, "avg_u_kbps": 644, "avg_lat_ms": 16, "avg_lat_down_ms": 2060.0, "avg_lat_up_ms": 1556.0, "tests": 1, "devices": 1, "period_start": "2026-04-01", "period_end_exclusive": "2026-07-01", "service_type": "mobile", "source": "Ookla Open Data", "download_mbps": 1.847, "upload_mbps": 0.644, "centroid_in_project": true, "operator": null, "radio_generation": null, "serving_cell_id": null, "single_test_tile": true, "source_url": "https://ookla-open-data.s3.amazonaws.com/parquet/performance/type=mobile/year=2026/quarter=2/2026-04-01_performance_mobile_tiles.parquet"}}, {"type": "Feature", "id": "2026-04-01:1322012223120020", "geometry": {"type": "Polygon", "coordinates": [[[96.1578369140625, 16.87289037890778], [96.1578369140625, 16.878146994732166], [96.15234375, 16.878146994732166], [96.15234375, 16.87289037890778], [96.1578369140625, 16.87289037890778]]]}, "properties": {"quadkey": "1322012223120020", "tile_x": 96.1551, "tile_y": 16.8755, "avg_d_kbps": 23329, "avg_u_kbps": 2606, "avg_lat_ms": 57, "avg_lat_down_ms": 730.0, "avg_lat_up_ms": 6487.0, "tests": 1, "devices": 1, "period_start": "2026-04-01", "period_end_exclusive": "2026-07-01", "service_type": "mobile", "source": "Ookla Open Data", "download_mbps": 23.329, "upload_mbps": 2.606, "centroid_in_project": true, "operator": null, "radio_generation": null, "serving_cell_id": null, "single_test_tile": true, "source_url": "https://ookla-open-data.s3.amazonaws.com/parquet/performance/type=mobile/year=2026/quarter=2/2026-04-01_performance_mobile_tiles.parquet"}}, {"type": "Feature", "id": "2026-04-01:1322012223120021", "geometry": {"type": "Polygon", "coordinates": [[[96.163330078125, 16.87289037890778], [96.163330078125, 16.878146994732166], [96.1578369140625, 16.878146994732166], [96.1578369140625, 16.87289037890778], [96.163330078125, 16.87289037890778]]]}, "properties": {"quadkey": "1322012223120021", "tile_x": 96.16060000000002, "tile_y": 16.8755, "avg_d_kbps": 37506, "avg_u_kbps": 11763, "avg_lat_ms": 124, "avg_lat_down_ms": 658.0, "avg_lat_up_ms": 1276.0, "tests": 2, "devices": 1, "period_start": "2026-04-01", "period_end_exclusive": "2026-07-01", "service_type": "mobile", "source": "Ookla Open Data", "download_mbps": 37.506, "upload_mbps": 11.763, "centroid_in_project": true, "operator": null, "radio_generation": null, "serving_cell_id": null, "single_test_tile": false, "source_url": "https://ookla-open-data.s3.amazonaws.com/parquet/performance/type=mobile/year=2026/quarter=2/2026-04-01_performance_mobile_tiles.parquet"}}, {"type": "Feature", "id": "2026-04-01:1322012223120101", "geometry": {"type": "Polygon", "coordinates": [[[96.185302734375, 16.88340346423683], [96.185302734375, 16.888659787381606], [96.1798095703125, 16.888659787381606], [96.1798095703125, 16.88340346423683], [96.185302734375, 16.88340346423683]]]}, "properties": {"quadkey": "1322012223120101", "tile_x": 96.18260000000001, "tile_y": 16.886, "avg_d_kbps": 38085, "avg_u_kbps": 19890, "avg_lat_ms": 14, "avg_lat_down_ms": 524.0, "avg_lat_up_ms": 430.0, "tests": 2, "devices": 1, "period_start": "2026-04-01", "period_end_exclusive": "2026-07-01", "service_type": "mobile", "source": "Ookla Open Data", "download_mbps": 38.085, "upload_mbps": 19.89, "centroid_in_project": true, "operator": null, "radio_generation": null, "serving_cell_id": null, "single_test_tile": false, "source_url": "https://ookla-open-data.s3.amazonaws.com/parquet/performance/type=mobile/year=2026/quarter=2/2026-04-01_performance_mobile_tiles.parquet"}}, {"type": "Feature", "id": "2026-04-01:1322012223120103", "geometry": {"type": "Polygon", "coordinates": [[[96.185302734375, 16.878146994732166], [96.185302734375, 16.88340346423683], [96.1798095703125, 16.88340346423683], [96.1798095703125, 16.878146994732166], [96.185302734375, 16.878146994732166]]]}, "properties": {"quadkey": "1322012223120103", "tile_x": 96.18260000000001, "tile_y": 16.8808, "avg_d_kbps": 5668, "avg_u_kbps": 797, "avg_lat_ms": 61, "avg_lat_down_ms": 1356.0, "avg_lat_up_ms": 9657.0, "tests": 1, "devices": 1, "period_start": "2026-04-01", "period_end_exclusive": "2026-07-01", "service_type": "mobile", "source": "Ookla Open Data", "download_mbps": 5.668, "upload_mbps": 0.797, "centroid_in_project": true, "operator": null, "radio_generation": null, "serving_cell_id": null, "single_test_tile": true, "source_url": "https://ookla-open-data.s3.amazonaws.com/parquet/performance/type=mobile/year=2026/quarter=2/2026-04-01_performance_mobile_tiles.parquet"}}, {"type": "Feature", "id": "2026-04-01:1322012223120120", "geometry": {"type": "Polygon", "coordinates": [[[96.1798095703125, 16.87289037890778], [96.1798095703125, 16.878146994732166], [96.17431640625, 16.878146994732166], [96.17431640625, 16.87289037890778], [96.1798095703125, 16.87289037890778]]]}, "properties": {"quadkey": "1322012223120120", "tile_x": 96.17710000000001, "tile_y": 16.8755, "avg_d_kbps": 49176, "avg_u_kbps": 28536, "avg_lat_ms": 45, "avg_lat_down_ms": 125.0, "avg_lat_up_ms": 99.0, "tests": 2, "devices": 1, "period_start": "2026-04-01", "period_end_exclusive": "2026-07-01", "service_type": "mobile", "source": "Ookla Open Data", "download_mbps": 49.176, "upload_mbps": 28.536, "centroid_in_project": true, "operator": null, "radio_generation": null, "serving_cell_id": null, "single_test_tile": false, "source_url": "https://ookla-open-data.s3.amazonaws.com/parquet/performance/type=mobile/year=2026/quarter=2/2026-04-01_performance_mobile_tiles.parquet"}}, {"type": "Feature", "id": "2026-04-01:1322012223120122", "geometry": {"type": "Polygon", "coordinates": [[[96.1798095703125, 16.867633616803843], [96.1798095703125, 16.87289037890778], [96.17431640625, 16.87289037890778], [96.17431640625, 16.867633616803843], [96.1798095703125, 16.867633616803843]]]}, "properties": {"quadkey": "1322012223120122", "tile_x": 96.17710000000001, "tile_y": 16.8703, "avg_d_kbps": 98003, "avg_u_kbps": 22121, "avg_lat_ms": 79, "avg_lat_down_ms": 477.0, "avg_lat_up_ms": 196.0, "tests": 2, "devices": 2, "period_start": "2026-04-01", "period_end_exclusive": "2026-07-01", "service_type": "mobile", "source": "Ookla Open Data", "download_mbps": 98.003, "upload_mbps": 22.121, "centroid_in_project": true, "operator": null, "radio_generation": null, "serving_cell_id": null, "single_test_tile": false, "source_url": "https://ookla-open-data.s3.amazonaws.com/parquet/performance/type=mobile/year=2026/quarter=2/2026-04-01_performance_mobile_tiles.parquet"}}, {"type": "Feature", "id": "2026-04-01:1322012223120132", "geometry": {"type": "Polygon", "coordinates": [[[96.1907958984375, 16.867633616803843], [96.1907958984375, 16.87289037890778], [96.185302734375, 16.87289037890778], [96.185302734375, 16.867633616803843], [96.1907958984375, 16.867633616803843]]]}, "properties": {"quadkey": "1322012223120132", "tile_x": 96.18799999999999, "tile_y": 16.8703, "avg_d_kbps": 18190, "avg_u_kbps": 25120, "avg_lat_ms": 73, "avg_lat_down_ms": 579.0, "avg_lat_up_ms": 359.0, "tests": 2, "devices": 1, "period_start": "2026-04-01", "period_end_exclusive": "2026-07-01", "service_type": "mobile", "source": "Ookla Open Data", "download_mbps": 18.19, "upload_mbps": 25.12, "centroid_in_project": true, "operator": null, "radio_generation": null, "serving_cell_id": null, "single_test_tile": false, "source_url": "https://ookla-open-data.s3.amazonaws.com/parquet/performance/type=mobile/year=2026/quarter=2/2026-04-01_performance_mobile_tiles.parquet"}}, {"type": "Feature", "id": "2026-04-01:1322012223120133", "geometry": {"type": "Polygon", "coordinates": [[[96.1962890625, 16.867633616803843], [96.1962890625, 16.87289037890778], [96.1907958984375, 16.87289037890778], [96.1907958984375, 16.867633616803843], [96.1962890625, 16.867633616803843]]]}, "properties": {"quadkey": "1322012223120133", "tile_x": 96.1935, "tile_y": 16.8703, "avg_d_kbps": 58029, "avg_u_kbps": 29751, "avg_lat_ms": 65, "avg_lat_down_ms": 663.0, "avg_lat_up_ms": 1229.0, "tests": 1, "devices": 1, "period_start": "2026-04-01", "period_end_exclusive": "2026-07-01", "service_type": "mobile", "source": "Ookla Open Data", "download_mbps": 58.029, "upload_mbps": 29.751, "centroid_in_project": true, "operator": null, "radio_generation": null, "serving_cell_id": null, "single_test_tile": true, "source_url": "https://ookla-open-data.s3.amazonaws.com/parquet/performance/type=mobile/year=2026/quarter=2/2026-04-01_performance_mobile_tiles.parquet"}}, {"type": "Feature", "id": "2026-04-01:1322012223120200", "geometry": {"type": "Polygon", "coordinates": [[[96.1578369140625, 16.862376708460538], [96.1578369140625, 16.867633616803843], [96.15234375, 16.867633616803843], [96.15234375, 16.862376708460538], [96.1578369140625, 16.862376708460538]]]}, "properties": {"quadkey": "1322012223120200", "tile_x": 96.1551, "tile_y": 16.865000000000002, "avg_d_kbps": 34752, "avg_u_kbps": 15955, "avg_lat_ms": 211, "avg_lat_down_ms": 1716.0, "avg_lat_up_ms": 1819.0, "tests": 2, "devices": 1, "period_start": "2026-04-01", "period_end_exclusive": "2026-07-01", "service_type": "mobile", "source": "Ookla Open Data", "download_mbps": 34.752, "upload_mbps": 15.955, "centroid_in_project": true, "operator": null, "radio_generation": null, "serving_cell_id": null, "single_test_tile": false, "source_url": "https://ookla-open-data.s3.amazonaws.com/parquet/performance/type=mobile/year=2026/quarter=2/2026-04-01_performance_mobile_tiles.parquet"}}, {"type": "Feature", "id": "2026-04-01:1322012223120202", "geometry": {"type": "Polygon", "coordinates": [[[96.1578369140625, 16.857119653918048], [96.1578369140625, 16.862376708460538], [96.15234375, 16.862376708460538], [96.15234375, 16.857119653918048], [96.1578369140625, 16.857119653918048]]]}, "properties": {"quadkey": "1322012223120202", "tile_x": 96.1551, "tile_y": 16.8597, "avg_d_kbps": 11827, "avg_u_kbps": 32026, "avg_lat_ms": 13, "avg_lat_down_ms": 687.0, "avg_lat_up_ms": 476.0, "tests": 1, "devices": 1, "period_start": "2026-04-01", "period_end_exclusive": "2026-07-01", "service_type": "mobile", "source": "Ookla Open Data", "download_mbps": 11.827, "upload_mbps": 32.026, "centroid_in_project": true, "operator": null, "radio_generation": null, "serving_cell_id": null, "single_test_tile": true, "source_url": "https://ookla-open-data.s3.amazonaws.com/parquet/performance/type=mobile/year=2026/quarter=2/2026-04-01_performance_mobile_tiles.parquet"}}, {"type": "Feature", "id": "2026-04-01:1322012223120220", "geometry": {"type": "Polygon", "coordinates": [[[96.1578369140625, 16.851862453216572], [96.1578369140625, 16.857119653918048], [96.15234375, 16.857119653918048], [96.15234375, 16.851862453216572], [96.1578369140625, 16.851862453216572]]]}, "properties": {"quadkey": "1322012223120220", "tile_x": 96.1551, "tile_y": 16.8545, "avg_d_kbps": 41533, "avg_u_kbps": 24997, "avg_lat_ms": 240, "avg_lat_down_ms": 701.0, "avg_lat_up_ms": 1316.0, "tests": 1, "devices": 1, "period_start": "2026-04-01", "period_end_exclusive": "2026-07-01", "service_type": "mobile", "source": "Ookla Open Data", "download_mbps": 41.533, "upload_mbps": 24.997, "centroid_in_project": true, "operator": null, "radio_generation": null, "serving_cell_id": null, "single_test_tile": true, "source_url": "https://ookla-open-data.s3.amazonaws.com/parquet/performance/type=mobile/year=2026/quarter=2/2026-04-01_performance_mobile_tiles.parquet"}}, {"type": "Feature", "id": "2026-04-01:1322012223120221", "geometry": {"type": "Polygon", "coordinates": [[[96.163330078125, 16.851862453216572], [96.163330078125, 16.857119653918048], [96.1578369140625, 16.857119653918048], [96.1578369140625, 16.851862453216572], [96.163330078125, 16.851862453216572]]]}, "properties": {"quadkey": "1322012223120221", "tile_x": 96.16060000000002, "tile_y": 16.8545, "avg_d_kbps": 111699, "avg_u_kbps": 30222, "avg_lat_ms": 115, "avg_lat_down_ms": 799.0, "avg_lat_up_ms": 156.0, "tests": 2, "devices": 1, "period_start": "2026-04-01", "period_end_exclusive": "2026-07-01", "service_type": "mobile", "source": "Ookla Open Data", "download_mbps": 111.699, "upload_mbps": 30.222, "centroid_in_project": true, "operator": null, "radio_generation": null, "serving_cell_id": null, "single_test_tile": false, "source_url": "https://ookla-open-data.s3.amazonaws.com/parquet/performance/type=mobile/year=2026/quarter=2/2026-04-01_performance_mobile_tiles.parquet"}}, {"type": "Feature", "id": "2026-04-01:1322012223120223", "geometry": {"type": "Polygon", "coordinates": [[[96.163330078125, 16.846605106396304], [96.163330078125, 16.851862453216572], [96.1578369140625, 16.851862453216572], [96.1578369140625, 16.846605106396304], [96.163330078125, 16.846605106396304]]]}, "properties": {"quadkey": "1322012223120223", "tile_x": 96.16060000000002, "tile_y": 16.849200000000003, "avg_d_kbps": 21802, "avg_u_kbps": 16260, "avg_lat_ms": 79, "avg_lat_down_ms": 731.0, "avg_lat_up_ms": 676.0, "tests": 4, "devices": 3, "period_start": "2026-04-01", "period_end_exclusive": "2026-07-01", "service_type": "mobile", "source": "Ookla Open Data", "download_mbps": 21.802, "upload_mbps": 16.26, "centroid_in_project": true, "operator": null, "radio_generation": null, "serving_cell_id": null, "single_test_tile": false, "source_url": "https://ookla-open-data.s3.amazonaws.com/parquet/performance/type=mobile/year=2026/quarter=2/2026-04-01_performance_mobile_tiles.parquet"}}, {"type": "Feature", "id": "2026-04-01:1322012223120230", "geometry": {"type": "Polygon", "coordinates": [[[96.1688232421875, 16.851862453216572], [96.1688232421875, 16.857119653918048], [96.163330078125, 16.857119653918048], [96.163330078125, 16.851862453216572], [96.1688232421875, 16.851862453216572]]]}, "properties": {"quadkey": "1322012223120230", "tile_x": 96.1661, "tile_y": 16.8545, "avg_d_kbps": 6862, "avg_u_kbps": 5320, "avg_lat_ms": 15, "avg_lat_down_ms": 1080.0, "avg_lat_up_ms": 1029.0, "tests": 1, "devices": 1, "period_start": "2026-04-01", "period_end_exclusive": "2026-07-01", "service_type": "mobile", "source": "Ookla Open Data", "download_mbps": 6.862, "upload_mbps": 5.32, "centroid_in_project": true, "operator": null, "radio_generation": null, "serving_cell_id": null, "single_test_tile": true, "source_url": "https://ookla-open-data.s3.amazonaws.com/parquet/performance/type=mobile/year=2026/quarter=2/2026-04-01_performance_mobile_tiles.parquet"}}, {"type": "Feature", "id": "2026-04-01:1322012223120231", "geometry": {"type": "Polygon", "coordinates": [[[96.17431640625, 16.851862453216572], [96.17431640625, 16.857119653918048], [96.1688232421875, 16.857119653918048], [96.1688232421875, 16.851862453216572], [96.17431640625, 16.851862453216572]]]}, "properties": {"quadkey": "1322012223120231", "tile_x": 96.1716, "tile_y": 16.8545, "avg_d_kbps": 923, "avg_u_kbps": 90, "avg_lat_ms": 88, "avg_lat_down_ms": 4755.0, "avg_lat_up_ms": null, "tests": 1, "devices": 1, "period_start": "2026-04-01", "period_end_exclusive": "2026-07-01", "service_type": "mobile", "source": "Ookla Open Data", "download_mbps": 0.923, "upload_mbps": 0.09, "centroid_in_project": true, "operator": null, "radio_generation": null, "serving_cell_id": null, "single_test_tile": true, "source_url": "https://ookla-open-data.s3.amazonaws.com/parquet/performance/type=mobile/year=2026/quarter=2/2026-04-01_performance_mobile_tiles.parquet"}}, {"type": "Feature", "id": "2026-04-01:1322012223120232", "geometry": {"type": "Polygon", "coordinates": [[[96.1688232421875, 16.846605106396304], [96.1688232421875, 16.851862453216572], [96.163330078125, 16.851862453216572], [96.163330078125, 16.846605106396304], [96.1688232421875, 16.846605106396304]]]}, "properties": {"quadkey": "1322012223120232", "tile_x": 96.1661, "tile_y": 16.849200000000003, "avg_d_kbps": 76108, "avg_u_kbps": 4722, "avg_lat_ms": 40, "avg_lat_down_ms": 503.0, "avg_lat_up_ms": 3530.0, "tests": 1, "devices": 1, "period_start": "2026-04-01", "period_end_exclusive": "2026-07-01", "service_type": "mobile", "source": "Ookla Open Data", "download_mbps": 76.108, "upload_mbps": 4.722, "centroid_in_project": true, "operator": null, "radio_generation": null, "serving_cell_id": null, "single_test_tile": true, "source_url": "https://ookla-open-data.s3.amazonaws.com/parquet/performance/type=mobile/year=2026/quarter=2/2026-04-01_performance_mobile_tiles.parquet"}}, {"type": "Feature", "id": "2026-04-01:1322012223120302", "geometry": {"type": "Polygon", "coordinates": [[[96.1798095703125, 16.857119653918048], [96.1798095703125, 16.862376708460538], [96.17431640625, 16.862376708460538], [96.17431640625, 16.857119653918048], [96.1798095703125, 16.857119653918048]]]}, "properties": {"quadkey": "1322012223120302", "tile_x": 96.17710000000001, "tile_y": 16.8597, "avg_d_kbps": 21873, "avg_u_kbps": 12170, "avg_lat_ms": 56, "avg_lat_down_ms": 568.0, "avg_lat_up_ms": 364.0, "tests": 13, "devices": 2, "period_start": "2026-04-01", "period_end_exclusive": "2026-07-01", "service_type": "mobile", "source": "Ookla Open Data", "download_mbps": 21.873, "upload_mbps": 12.17, "centroid_in_project": true, "operator": null, "radio_generation": null, "serving_cell_id": null, "single_test_tile": false, "source_url": "https://ookla-open-data.s3.amazonaws.com/parquet/performance/type=mobile/year=2026/quarter=2/2026-04-01_performance_mobile_tiles.parquet"}}, {"type": "Feature", "id": "2026-04-01:1322012223120303", "geometry": {"type": "Polygon", "coordinates": [[[96.185302734375, 16.857119653918048], [96.185302734375, 16.862376708460538], [96.1798095703125, 16.862376708460538], [96.1798095703125, 16.857119653918048], [96.185302734375, 16.857119653918048]]]}, "properties": {"quadkey": "1322012223120303", "tile_x": 96.18260000000001, "tile_y": 16.8597, "avg_d_kbps": 3720, "avg_u_kbps": 66589, "avg_lat_ms": 54, "avg_lat_down_ms": 104.0, "avg_lat_up_ms": 810.0, "tests": 1, "devices": 1, "period_start": "2026-04-01", "period_end_exclusive": "2026-07-01", "service_type": "mobile", "source": "Ookla Open Data", "download_mbps": 3.72, "upload_mbps": 66.589, "centroid_in_project": true, "operator": null, "radio_generation": null, "serving_cell_id": null, "single_test_tile": true, "source_url": "https://ookla-open-data.s3.amazonaws.com/parquet/performance/type=mobile/year=2026/quarter=2/2026-04-01_performance_mobile_tiles.parquet"}}, {"type": "Feature", "id": "2026-04-01:1322012223120313", "geometry": {"type": "Polygon", "coordinates": [[[96.1962890625, 16.857119653918048], [96.1962890625, 16.862376708460538], [96.1907958984375, 16.862376708460538], [96.1907958984375, 16.857119653918048], [96.1962890625, 16.857119653918048]]]}, "properties": {"quadkey": "1322012223120313", "tile_x": 96.1935, "tile_y": 16.8597, "avg_d_kbps": 19777, "avg_u_kbps": 4806, "avg_lat_ms": 44, "avg_lat_down_ms": null, "avg_lat_up_ms": null, "tests": 1, "devices": 1, "period_start": "2026-04-01", "period_end_exclusive": "2026-07-01", "service_type": "mobile", "source": "Ookla Open Data", "download_mbps": 19.777, "upload_mbps": 4.806, "centroid_in_project": true, "operator": null, "radio_generation": null, "serving_cell_id": null, "single_test_tile": true, "source_url": "https://ookla-open-data.s3.amazonaws.com/parquet/performance/type=mobile/year=2026/quarter=2/2026-04-01_performance_mobile_tiles.parquet"}}, {"type": "Feature", "id": "2026-04-01:1322012223120320", "geometry": {"type": "Polygon", "coordinates": [[[96.1798095703125, 16.851862453216572], [96.1798095703125, 16.857119653918048], [96.17431640625, 16.857119653918048], [96.17431640625, 16.851862453216572], [96.1798095703125, 16.851862453216572]]]}, "properties": {"quadkey": "1322012223120320", "tile_x": 96.17710000000001, "tile_y": 16.8545, "avg_d_kbps": 13538, "avg_u_kbps": 8499, "avg_lat_ms": 60, "avg_lat_down_ms": 2250.0, "avg_lat_up_ms": 533.0, "tests": 1, "devices": 1, "period_start": "2026-04-01", "period_end_exclusive": "2026-07-01", "service_type": "mobile", "source": "Ookla Open Data", "download_mbps": 13.538, "upload_mbps": 8.499, "centroid_in_project": true, "operator": null, "radio_generation": null, "serving_cell_id": null, "single_test_tile": true, "source_url": "https://ookla-open-data.s3.amazonaws.com/parquet/performance/type=mobile/year=2026/quarter=2/2026-04-01_performance_mobile_tiles.parquet"}}, {"type": "Feature", "id": "2026-04-01:1322012223120321", "geometry": {"type": "Polygon", "coordinates": [[[96.185302734375, 16.851862453216572], [96.185302734375, 16.857119653918048], [96.1798095703125, 16.857119653918048], [96.1798095703125, 16.851862453216572], [96.185302734375, 16.851862453216572]]]}, "properties": {"quadkey": "1322012223120321", "tile_x": 96.18260000000001, "tile_y": 16.8545, "avg_d_kbps": 31037, "avg_u_kbps": 5644, "avg_lat_ms": 142, "avg_lat_down_ms": 256.0, "avg_lat_up_ms": 179.0, "tests": 2, "devices": 2, "period_start": "2026-04-01", "period_end_exclusive": "2026-07-01", "service_type": "mobile", "source": "Ookla Open Data", "download_mbps": 31.037, "upload_mbps": 5.644, "centroid_in_project": true, "operator": null, "radio_generation": null, "serving_cell_id": null, "single_test_tile": false, "source_url": "https://ookla-open-data.s3.amazonaws.com/parquet/performance/type=mobile/year=2026/quarter=2/2026-04-01_performance_mobile_tiles.parquet"}}, {"type": "Feature", "id": "2026-04-01:1322012223120323", "geometry": {"type": "Polygon", "coordinates": [[[96.185302734375, 16.846605106396304], [96.185302734375, 16.851862453216572], [96.1798095703125, 16.851862453216572], [96.1798095703125, 16.846605106396304], [96.185302734375, 16.846605106396304]]]}, "properties": {"quadkey": "1322012223120323", "tile_x": 96.18260000000001, "tile_y": 16.849200000000003, "avg_d_kbps": 19984, "avg_u_kbps": 11815, "avg_lat_ms": 107, "avg_lat_down_ms": 813.0, "avg_lat_up_ms": 1328.0, "tests": 2, "devices": 2, "period_start": "2026-04-01", "period_end_exclusive": "2026-07-01", "service_type": "mobile", "source": "Ookla Open Data", "download_mbps": 19.984, "upload_mbps": 11.815, "centroid_in_project": true, "operator": null, "radio_generation": null, "serving_cell_id": null, "single_test_tile": false, "source_url": "https://ookla-open-data.s3.amazonaws.com/parquet/performance/type=mobile/year=2026/quarter=2/2026-04-01_performance_mobile_tiles.parquet"}}, {"type": "Feature", "id": "2026-04-01:1322012223120332", "geometry": {"type": "Polygon", "coordinates": [[[96.1907958984375, 16.846605106396304], [96.1907958984375, 16.851862453216572], [96.185302734375, 16.851862453216572], [96.185302734375, 16.846605106396304], [96.1907958984375, 16.846605106396304]]]}, "properties": {"quadkey": "1322012223120332", "tile_x": 96.18799999999999, "tile_y": 16.849200000000003, "avg_d_kbps": 24585, "avg_u_kbps": 13046, "avg_lat_ms": 151, "avg_lat_down_ms": 1128.0, "avg_lat_up_ms": 998.0, "tests": 7, "devices": 4, "period_start": "2026-04-01", "period_end_exclusive": "2026-07-01", "service_type": "mobile", "source": "Ookla Open Data", "download_mbps": 24.585, "upload_mbps": 13.046, "centroid_in_project": true, "operator": null, "radio_generation": null, "serving_cell_id": null, "single_test_tile": false, "source_url": "https://ookla-open-data.s3.amazonaws.com/parquet/performance/type=mobile/year=2026/quarter=2/2026-04-01_performance_mobile_tiles.parquet"}}, {"type": "Feature", "id": "2026-04-01:1322012223120333", "geometry": {"type": "Polygon", "coordinates": [[[96.1962890625, 16.846605106396304], [96.1962890625, 16.851862453216572], [96.1907958984375, 16.851862453216572], [96.1907958984375, 16.846605106396304], [96.1962890625, 16.846605106396304]]]}, "properties": {"quadkey": "1322012223120333", "tile_x": 96.1935, "tile_y": 16.849200000000003, "avg_d_kbps": 18533, "avg_u_kbps": 29295, "avg_lat_ms": 220, "avg_lat_down_ms": 1556.0, "avg_lat_up_ms": null, "tests": 1, "devices": 1, "period_start": "2026-04-01", "period_end_exclusive": "2026-07-01", "service_type": "mobile", "source": "Ookla Open Data", "download_mbps": 18.533, "upload_mbps": 29.295, "centroid_in_project": true, "operator": null, "radio_generation": null, "serving_cell_id": null, "single_test_tile": true, "source_url": "https://ookla-open-data.s3.amazonaws.com/parquet/performance/type=mobile/year=2026/quarter=2/2026-04-01_performance_mobile_tiles.parquet"}}, {"type": "Feature", "id": "2026-04-01:1322012223121000", "geometry": {"type": "Polygon", "coordinates": [[[96.2017822265625, 16.88340346423683], [96.2017822265625, 16.888659787381606], [96.1962890625, 16.888659787381606], [96.1962890625, 16.88340346423683], [96.2017822265625, 16.88340346423683]]]}, "properties": {"quadkey": "1322012223121000", "tile_x": 96.199, "tile_y": 16.886, "avg_d_kbps": 108055, "avg_u_kbps": 25024, "avg_lat_ms": 17, "avg_lat_down_ms": 455.0, "avg_lat_up_ms": 287.0, "tests": 1, "devices": 1, "period_start": "2026-04-01", "period_end_exclusive": "2026-07-01", "service_type": "mobile", "source": "Ookla Open Data", "download_mbps": 108.055, "upload_mbps": 25.024, "centroid_in_project": true, "operator": null, "radio_generation": null, "serving_cell_id": null, "single_test_tile": true, "source_url": "https://ookla-open-data.s3.amazonaws.com/parquet/performance/type=mobile/year=2026/quarter=2/2026-04-01_performance_mobile_tiles.parquet"}}, {"type": "Feature", "id": "2026-04-01:1322012223121012", "geometry": {"type": "Polygon", "coordinates": [[[96.2127685546875, 16.878146994732166], [96.2127685546875, 16.88340346423683], [96.207275390625, 16.88340346423683], [96.207275390625, 16.878146994732166], [96.2127685546875, 16.878146994732166]]]}, "properties": {"quadkey": "1322012223121012", "tile_x": 96.21000000000001, "tile_y": 16.8808, "avg_d_kbps": 37710, "avg_u_kbps": 8297, "avg_lat_ms": 14, "avg_lat_down_ms": 766.0, "avg_lat_up_ms": 678.0, "tests": 1, "devices": 1, "period_start": "2026-04-01", "period_end_exclusive": "2026-07-01", "service_type": "mobile", "source": "Ookla Open Data", "download_mbps": 37.71, "upload_mbps": 8.297, "centroid_in_project": true, "operator": null, "radio_generation": null, "serving_cell_id": null, "single_test_tile": true, "source_url": "https://ookla-open-data.s3.amazonaws.com/parquet/performance/type=mobile/year=2026/quarter=2/2026-04-01_performance_mobile_tiles.parquet"}}, {"type": "Feature", "id": "2026-04-01:1322012223121013", "geometry": {"type": "Polygon", "coordinates": [[[96.21826171875, 16.878146994732166], [96.21826171875, 16.88340346423683], [96.2127685546875, 16.88340346423683], [96.2127685546875, 16.878146994732166], [96.21826171875, 16.878146994732166]]]}, "properties": {"quadkey": "1322012223121013", "tile_x": 96.21549999999999, "tile_y": 16.8808, "avg_d_kbps": 101526, "avg_u_kbps": 51427, "avg_lat_ms": 66, "avg_lat_down_ms": 281.0, "avg_lat_up_ms": 907.0, "tests": 1, "devices": 1, "period_start": "2026-04-01", "period_end_exclusive": "2026-07-01", "service_type": "mobile", "source": "Ookla Open Data", "download_mbps": 101.526, "upload_mbps": 51.427, "centroid_in_project": true, "operator": null, "radio_generation": null, "serving_cell_id": null, "single_test_tile": true, "source_url": "https://ookla-open-data.s3.amazonaws.com/parquet/performance/type=mobile/year=2026/quarter=2/2026-04-01_performance_mobile_tiles.parquet"}}, {"type": "Feature", "id": "2026-04-01:1322012223121020", "geometry": {"type": "Polygon", "coordinates": [[[96.2017822265625, 16.87289037890778], [96.2017822265625, 16.878146994732166], [96.1962890625, 16.878146994732166], [96.1962890625, 16.87289037890778], [96.2017822265625, 16.87289037890778]]]}, "properties": {"quadkey": "1322012223121020", "tile_x": 96.199, "tile_y": 16.8755, "avg_d_kbps": 50510, "avg_u_kbps": 20057, "avg_lat_ms": 31, "avg_lat_down_ms": 383.0, "avg_lat_up_ms": 815.0, "tests": 2, "devices": 2, "period_start": "2026-04-01", "period_end_exclusive": "2026-07-01", "service_type": "mobile", "source": "Ookla Open Data", "download_mbps": 50.51, "upload_mbps": 20.057, "centroid_in_project": true, "operator": null, "radio_generation": null, "serving_cell_id": null, "single_test_tile": false, "source_url": "https://ookla-open-data.s3.amazonaws.com/parquet/performance/type=mobile/year=2026/quarter=2/2026-04-01_performance_mobile_tiles.parquet"}}, {"type": "Feature", "id": "2026-04-01:1322012223121102", "geometry": {"type": "Polygon", "coordinates": [[[96.2237548828125, 16.878146994732166], [96.2237548828125, 16.88340346423683], [96.21826171875, 16.88340346423683], [96.21826171875, 16.878146994732166], [96.2237548828125, 16.878146994732166]]]}, "properties": {"quadkey": "1322012223121102", "tile_x": 96.221, "tile_y": 16.8808, "avg_d_kbps": 42727, "avg_u_kbps": 9499, "avg_lat_ms": 271, "avg_lat_down_ms": 861.0, "avg_lat_up_ms": 520.0, "tests": 1, "devices": 1, "period_start": "2026-04-01", "period_end_exclusive": "2026-07-01", "service_type": "mobile", "source": "Ookla Open Data", "download_mbps": 42.727, "upload_mbps": 9.499, "centroid_in_project": true, "operator": null, "radio_generation": null, "serving_cell_id": null, "single_test_tile": true, "source_url": "https://ookla-open-data.s3.amazonaws.com/parquet/performance/type=mobile/year=2026/quarter=2/2026-04-01_performance_mobile_tiles.parquet"}}, {"type": "Feature", "id": "2026-04-01:1322012223121103", "geometry": {"type": "Polygon", "coordinates": [[[96.229248046875, 16.878146994732166], [96.229248046875, 16.88340346423683], [96.2237548828125, 16.88340346423683], [96.2237548828125, 16.878146994732166], [96.229248046875, 16.878146994732166]]]}, "properties": {"quadkey": "1322012223121103", "tile_x": 96.2265, "tile_y": 16.8808, "avg_d_kbps": 38469, "avg_u_kbps": 44490, "avg_lat_ms": 103, "avg_lat_down_ms": 431.0, "avg_lat_up_ms": 346.0, "tests": 1, "devices": 1, "period_start": "2026-04-01", "period_end_exclusive": "2026-07-01", "service_type": "mobile", "source": "Ookla Open Data", "download_mbps": 38.469, "upload_mbps": 44.49, "centroid_in_project": true, "operator": null, "radio_generation": null, "serving_cell_id": null, "single_test_tile": true, "source_url": "https://ookla-open-data.s3.amazonaws.com/parquet/performance/type=mobile/year=2026/quarter=2/2026-04-01_performance_mobile_tiles.parquet"}}, {"type": "Feature", "id": "2026-04-01:1322012223121111", "geometry": {"type": "Polygon", "coordinates": [[[96.240234375, 16.88340346423683], [96.240234375, 16.888659787381606], [96.2347412109375, 16.888659787381606], [96.2347412109375, 16.88340346423683], [96.240234375, 16.88340346423683]]]}, "properties": {"quadkey": "1322012223121111", "tile_x": 96.2375, "tile_y": 16.886, "avg_d_kbps": 19802, "avg_u_kbps": 18892, "avg_lat_ms": 14, "avg_lat_down_ms": 1323.0, "avg_lat_up_ms": 1870.0, "tests": 3, "devices": 1, "period_start": "2026-04-01", "period_end_exclusive": "2026-07-01", "service_type": "mobile", "source": "Ookla Open Data", "download_mbps": 19.802, "upload_mbps": 18.892, "centroid_in_project": true, "operator": null, "radio_generation": null, "serving_cell_id": null, "single_test_tile": false, "source_url": "https://ookla-open-data.s3.amazonaws.com/parquet/performance/type=mobile/year=2026/quarter=2/2026-04-01_performance_mobile_tiles.parquet"}}, {"type": "Feature", "id": "2026-04-01:1322012223121122", "geometry": {"type": "Polygon", "coordinates": [[[96.2237548828125, 16.867633616803843], [96.2237548828125, 16.87289037890778], [96.21826171875, 16.87289037890778], [96.21826171875, 16.867633616803843], [96.2237548828125, 16.867633616803843]]]}, "properties": {"quadkey": "1322012223121122", "tile_x": 96.221, "tile_y": 16.8703, "avg_d_kbps": 60956, "avg_u_kbps": 36496, "avg_lat_ms": 86, "avg_lat_down_ms": 1124.0, "avg_lat_up_ms": 1130.0, "tests": 1, "devices": 1, "period_start": "2026-04-01", "period_end_exclusive": "2026-07-01", "service_type": "mobile", "source": "Ookla Open Data", "download_mbps": 60.956, "upload_mbps": 36.496, "centroid_in_project": true, "operator": null, "radio_generation": null, "serving_cell_id": null, "single_test_tile": true, "source_url": "https://ookla-open-data.s3.amazonaws.com/parquet/performance/type=mobile/year=2026/quarter=2/2026-04-01_performance_mobile_tiles.parquet"}}, {"type": "Feature", "id": "2026-04-01:1322012223121203", "geometry": {"type": "Polygon", "coordinates": [[[96.207275390625, 16.857119653918048], [96.207275390625, 16.862376708460538], [96.2017822265625, 16.862376708460538], [96.2017822265625, 16.857119653918048], [96.207275390625, 16.857119653918048]]]}, "properties": {"quadkey": "1322012223121203", "tile_x": 96.20450000000001, "tile_y": 16.8597, "avg_d_kbps": 42372, "avg_u_kbps": 12760, "avg_lat_ms": 87, "avg_lat_down_ms": 615.0, "avg_lat_up_ms": 408.0, "tests": 1, "devices": 1, "period_start": "2026-04-01", "period_end_exclusive": "2026-07-01", "service_type": "mobile", "source": "Ookla Open Data", "download_mbps": 42.372, "upload_mbps": 12.76, "centroid_in_project": true, "operator": null, "radio_generation": null, "serving_cell_id": null, "single_test_tile": true, "source_url": "https://ookla-open-data.s3.amazonaws.com/parquet/performance/type=mobile/year=2026/quarter=2/2026-04-01_performance_mobile_tiles.parquet"}}, {"type": "Feature", "id": "2026-04-01:1322012223121212", "geometry": {"type": "Polygon", "coordinates": [[[96.2127685546875, 16.857119653918048], [96.2127685546875, 16.862376708460538], [96.207275390625, 16.862376708460538], [96.207275390625, 16.857119653918048], [96.2127685546875, 16.857119653918048]]]}, "properties": {"quadkey": "1322012223121212", "tile_x": 96.21000000000001, "tile_y": 16.8597, "avg_d_kbps": 653, "avg_u_kbps": 100, "avg_lat_ms": 36, "avg_lat_down_ms": 43.0, "avg_lat_up_ms": null, "tests": 1, "devices": 1, "period_start": "2026-04-01", "period_end_exclusive": "2026-07-01", "service_type": "mobile", "source": "Ookla Open Data", "download_mbps": 0.653, "upload_mbps": 0.1, "centroid_in_project": true, "operator": null, "radio_generation": null, "serving_cell_id": null, "single_test_tile": true, "source_url": "https://ookla-open-data.s3.amazonaws.com/parquet/performance/type=mobile/year=2026/quarter=2/2026-04-01_performance_mobile_tiles.parquet"}}, {"type": "Feature", "id": "2026-04-01:1322012223121222", "geometry": {"type": "Polygon", "coordinates": [[[96.2017822265625, 16.846605106396304], [96.2017822265625, 16.851862453216572], [96.1962890625, 16.851862453216572], [96.1962890625, 16.846605106396304], [96.2017822265625, 16.846605106396304]]]}, "properties": {"quadkey": "1322012223121222", "tile_x": 96.199, "tile_y": 16.849200000000003, "avg_d_kbps": 10325, "avg_u_kbps": 5964, "avg_lat_ms": 242, "avg_lat_down_ms": 1851.0, "avg_lat_up_ms": 692.0, "tests": 3, "devices": 3, "period_start": "2026-04-01", "period_end_exclusive": "2026-07-01", "service_type": "mobile", "source": "Ookla Open Data", "download_mbps": 10.325, "upload_mbps": 5.964, "centroid_in_project": true, "operator": null, "radio_generation": null, "serving_cell_id": null, "single_test_tile": false, "source_url": "https://ookla-open-data.s3.amazonaws.com/parquet/performance/type=mobile/year=2026/quarter=2/2026-04-01_performance_mobile_tiles.parquet"}}, {"type": "Feature", "id": "2026-04-01:1322012223121302", "geometry": {"type": "Polygon", "coordinates": [[[96.2237548828125, 16.857119653918048], [96.2237548828125, 16.862376708460538], [96.21826171875, 16.862376708460538], [96.21826171875, 16.857119653918048], [96.2237548828125, 16.857119653918048]]]}, "properties": {"quadkey": "1322012223121302", "tile_x": 96.221, "tile_y": 16.8597, "avg_d_kbps": 16528, "avg_u_kbps": 9898, "avg_lat_ms": 225, "avg_lat_down_ms": 536.0, "avg_lat_up_ms": 372.0, "tests": 1, "devices": 1, "period_start": "2026-04-01", "period_end_exclusive": "2026-07-01", "service_type": "mobile", "source": "Ookla Open Data", "download_mbps": 16.528, "upload_mbps": 9.898, "centroid_in_project": true, "operator": null, "radio_generation": null, "serving_cell_id": null, "single_test_tile": true, "source_url": "https://ookla-open-data.s3.amazonaws.com/parquet/performance/type=mobile/year=2026/quarter=2/2026-04-01_performance_mobile_tiles.parquet"}}, {"type": "Feature", "id": "2026-04-01:1322012223121322", "geometry": {"type": "Polygon", "coordinates": [[[96.2237548828125, 16.846605106396304], [96.2237548828125, 16.851862453216572], [96.21826171875, 16.851862453216572], [96.21826171875, 16.846605106396304], [96.2237548828125, 16.846605106396304]]]}, "properties": {"quadkey": "1322012223121322", "tile_x": 96.221, "tile_y": 16.849200000000003, "avg_d_kbps": 35582, "avg_u_kbps": 27397, "avg_lat_ms": 66, "avg_lat_down_ms": 915.0, "avg_lat_up_ms": 226.0, "tests": 1, "devices": 1, "period_start": "2026-04-01", "period_end_exclusive": "2026-07-01", "service_type": "mobile", "source": "Ookla Open Data", "download_mbps": 35.582, "upload_mbps": 27.397, "centroid_in_project": true, "operator": null, "radio_generation": null, "serving_cell_id": null, "single_test_tile": true, "source_url": "https://ookla-open-data.s3.amazonaws.com/parquet/performance/type=mobile/year=2026/quarter=2/2026-04-01_performance_mobile_tiles.parquet"}}, {"type": "Feature", "id": "2026-04-01:1322012223122000", "geometry": {"type": "Polygon", "coordinates": [[[96.1578369140625, 16.841347613497447], [96.1578369140625, 16.846605106396304], [96.15234375, 16.846605106396304], [96.15234375, 16.841347613497447], [96.1578369140625, 16.841347613497447]]]}, "properties": {"quadkey": "1322012223122000", "tile_x": 96.1551, "tile_y": 16.844, "avg_d_kbps": 13640, "avg_u_kbps": 1557, "avg_lat_ms": 66, "avg_lat_down_ms": 720.0, "avg_lat_up_ms": 1325.0, "tests": 1, "devices": 1, "period_start": "2026-04-01", "period_end_exclusive": "2026-07-01", "service_type": "mobile", "source": "Ookla Open Data", "download_mbps": 13.64, "upload_mbps": 1.557, "centroid_in_project": true, "operator": null, "radio_generation": null, "serving_cell_id": null, "single_test_tile": true, "source_url": "https://ookla-open-data.s3.amazonaws.com/parquet/performance/type=mobile/year=2026/quarter=2/2026-04-01_performance_mobile_tiles.parquet"}}, {"type": "Feature", "id": "2026-04-01:1322012223122002", "geometry": {"type": "Polygon", "coordinates": [[[96.1578369140625, 16.836089974560213], [96.1578369140625, 16.841347613497447], [96.15234375, 16.841347613497447], [96.15234375, 16.836089974560213], [96.1578369140625, 16.836089974560213]]]}, "properties": {"quadkey": "1322012223122002", "tile_x": 96.1551, "tile_y": 16.8387, "avg_d_kbps": 40080, "avg_u_kbps": 21538, "avg_lat_ms": 125, "avg_lat_down_ms": 1140.0, "avg_lat_up_ms": 1806.0, "tests": 7, "devices": 6, "period_start": "2026-04-01", "period_end_exclusive": "2026-07-01", "service_type": "mobile", "source": "Ookla Open Data", "download_mbps": 40.08, "upload_mbps": 21.538, "centroid_in_project": true, "operator": null, "radio_generation": null, "serving_cell_id": null, "single_test_tile": false, "source_url": "https://ookla-open-data.s3.amazonaws.com/parquet/performance/type=mobile/year=2026/quarter=2/2026-04-01_performance_mobile_tiles.parquet"}}, {"type": "Feature", "id": "2026-04-01:1322012223122012", "geometry": {"type": "Polygon", "coordinates": [[[96.1688232421875, 16.836089974560213], [96.1688232421875, 16.841347613497447], [96.163330078125, 16.841347613497447], [96.163330078125, 16.836089974560213], [96.1688232421875, 16.836089974560213]]]}, "properties": {"quadkey": "1322012223122012", "tile_x": 96.1661, "tile_y": 16.8387, "avg_d_kbps": 44892, "avg_u_kbps": 27615, "avg_lat_ms": 77, "avg_lat_down_ms": 273.0, "avg_lat_up_ms": 305.0, "tests": 3, "devices": 3, "period_start": "2026-04-01", "period_end_exclusive": "2026-07-01", "service_type": "mobile", "source": "Ookla Open Data", "download_mbps": 44.892, "upload_mbps": 27.615, "centroid_in_project": true, "operator": null, "radio_generation": null, "serving_cell_id": null, "single_test_tile": false, "source_url": "https://ookla-open-data.s3.amazonaws.com/parquet/performance/type=mobile/year=2026/quarter=2/2026-04-01_performance_mobile_tiles.parquet"}}, {"type": "Feature", "id": "2026-04-01:1322012223122020", "geometry": {"type": "Polygon", "coordinates": [[[96.1578369140625, 16.83083218962482], [96.1578369140625, 16.836089974560213], [96.15234375, 16.836089974560213], [96.15234375, 16.83083218962482], [96.1578369140625, 16.83083218962482]]]}, "properties": {"quadkey": "1322012223122020", "tile_x": 96.1551, "tile_y": 16.833499999999997, "avg_d_kbps": 6149, "avg_u_kbps": 5528, "avg_lat_ms": 19, "avg_lat_down_ms": 5271.0, "avg_lat_up_ms": 2957.0, "tests": 1, "devices": 1, "period_start": "2026-04-01", "period_end_exclusive": "2026-07-01", "service_type": "mobile", "source": "Ookla Open Data", "download_mbps": 6.149, "upload_mbps": 5.528, "centroid_in_project": true, "operator": null, "radio_generation": null, "serving_cell_id": null, "single_test_tile": true, "source_url": "https://ookla-open-data.s3.amazonaws.com/parquet/performance/type=mobile/year=2026/quarter=2/2026-04-01_performance_mobile_tiles.parquet"}}, {"type": "Feature", "id": "2026-04-01:1322012223122022", "geometry": {"type": "Polygon", "coordinates": [[[96.1578369140625, 16.825574258731486], [96.1578369140625, 16.83083218962482], [96.15234375, 16.83083218962482], [96.15234375, 16.825574258731486], [96.1578369140625, 16.825574258731486]]]}, "properties": {"quadkey": "1322012223122022", "tile_x": 96.1551, "tile_y": 16.828200000000002, "avg_d_kbps": 33001, "avg_u_kbps": 12523, "avg_lat_ms": 84, "avg_lat_down_ms": 1229.0, "avg_lat_up_ms": 1026.0, "tests": 20, "devices": 6, "period_start": "2026-04-01", "period_end_exclusive": "2026-07-01", "service_type": "mobile", "source": "Ookla Open Data", "download_mbps": 33.001, "upload_mbps": 12.523, "centroid_in_project": true, "operator": null, "radio_generation": null, "serving_cell_id": null, "single_test_tile": false, "source_url": "https://ookla-open-data.s3.amazonaws.com/parquet/performance/type=mobile/year=2026/quarter=2/2026-04-01_performance_mobile_tiles.parquet"}}, {"type": "Feature", "id": "2026-04-01:1322012223122023", "geometry": {"type": "Polygon", "coordinates": [[[96.163330078125, 16.825574258731486], [96.163330078125, 16.83083218962482], [96.1578369140625, 16.83083218962482], [96.1578369140625, 16.825574258731486], [96.163330078125, 16.825574258731486]]]}, "properties": {"quadkey": "1322012223122023", "tile_x": 96.16060000000002, "tile_y": 16.828200000000002, "avg_d_kbps": 11971, "avg_u_kbps": 5966, "avg_lat_ms": 124, "avg_lat_down_ms": 1500.0, "avg_lat_up_ms": 2048.0, "tests": 3, "devices": 2, "period_start": "2026-04-01", "period_end_exclusive": "2026-07-01", "service_type": "mobile", "source": "Ookla Open Data", "download_mbps": 11.971, "upload_mbps": 5.966, "centroid_in_project": true, "operator": null, "radio_generation": null, "serving_cell_id": null, "single_test_tile": false, "source_url": "https://ookla-open-data.s3.amazonaws.com/parquet/performance/type=mobile/year=2026/quarter=2/2026-04-01_performance_mobile_tiles.parquet"}}, {"type": "Feature", "id": "2026-04-01:1322012223122030", "geometry": {"type": "Polygon", "coordinates": [[[96.1688232421875, 16.83083218962482], [96.1688232421875, 16.836089974560213], [96.163330078125, 16.836089974560213], [96.163330078125, 16.83083218962482], [96.1688232421875, 16.83083218962482]]]}, "properties": {"quadkey": "1322012223122030", "tile_x": 96.1661, "tile_y": 16.833499999999997, "avg_d_kbps": 34641, "avg_u_kbps": 8062, "avg_lat_ms": 138, "avg_lat_down_ms": 1456.0, "avg_lat_up_ms": 690.0, "tests": 8, "devices": 5, "period_start": "2026-04-01", "period_end_exclusive": "2026-07-01", "service_type": "mobile", "source": "Ookla Open Data", "download_mbps": 34.641, "upload_mbps": 8.062, "centroid_in_project": true, "operator": null, "radio_generation": null, "serving_cell_id": null, "single_test_tile": false, "source_url": "https://ookla-open-data.s3.amazonaws.com/parquet/performance/type=mobile/year=2026/quarter=2/2026-04-01_performance_mobile_tiles.parquet"}}, {"type": "Feature", "id": "2026-04-01:1322012223122031", "geometry": {"type": "Polygon", "coordinates": [[[96.17431640625, 16.83083218962482], [96.17431640625, 16.836089974560213], [96.1688232421875, 16.836089974560213], [96.1688232421875, 16.83083218962482], [96.17431640625, 16.83083218962482]]]}, "properties": {"quadkey": "1322012223122031", "tile_x": 96.1716, "tile_y": 16.833499999999997, "avg_d_kbps": 7184, "avg_u_kbps": 6149, "avg_lat_ms": 60, "avg_lat_down_ms": 766.0, "avg_lat_up_ms": 2564.0, "tests": 3, "devices": 3, "period_start": "2026-04-01", "period_end_exclusive": "2026-07-01", "service_type": "mobile", "source": "Ookla Open Data", "download_mbps": 7.184, "upload_mbps": 6.149, "centroid_in_project": true, "operator": null, "radio_generation": null, "serving_cell_id": null, "single_test_tile": false, "source_url": "https://ookla-open-data.s3.amazonaws.com/parquet/performance/type=mobile/year=2026/quarter=2/2026-04-01_performance_mobile_tiles.parquet"}}, {"type": "Feature", "id": "2026-04-01:1322012223122033", "geometry": {"type": "Polygon", "coordinates": [[[96.17431640625, 16.825574258731486], [96.17431640625, 16.83083218962482], [96.1688232421875, 16.83083218962482], [96.1688232421875, 16.825574258731486], [96.17431640625, 16.825574258731486]]]}, "properties": {"quadkey": "1322012223122033", "tile_x": 96.1716, "tile_y": 16.828200000000002, "avg_d_kbps": 24170, "avg_u_kbps": 6150, "avg_lat_ms": 159, "avg_lat_down_ms": 2607.0, "avg_lat_up_ms": 2321.0, "tests": 1, "devices": 1, "period_start": "2026-04-01", "period_end_exclusive": "2026-07-01", "service_type": "mobile", "source": "Ookla Open Data", "download_mbps": 24.17, "upload_mbps": 6.15, "centroid_in_project": true, "operator": null, "radio_generation": null, "serving_cell_id": null, "single_test_tile": true, "source_url": "https://ookla-open-data.s3.amazonaws.com/parquet/performance/type=mobile/year=2026/quarter=2/2026-04-01_performance_mobile_tiles.parquet"}}, {"type": "Feature", "id": "2026-04-01:1322012223122100", "geometry": {"type": "Polygon", "coordinates": [[[96.1798095703125, 16.841347613497447], [96.1798095703125, 16.846605106396304], [96.17431640625, 16.846605106396304], [96.17431640625, 16.841347613497447], [96.1798095703125, 16.841347613497447]]]}, "properties": {"quadkey": "1322012223122100", "tile_x": 96.17710000000001, "tile_y": 16.844, "avg_d_kbps": 35254, "avg_u_kbps": 2454, "avg_lat_ms": 277, "avg_lat_down_ms": null, "avg_lat_up_ms": null, "tests": 2, "devices": 1, "period_start": "2026-04-01", "period_end_exclusive": "2026-07-01", "service_type": "mobile", "source": "Ookla Open Data", "download_mbps": 35.254, "upload_mbps": 2.454, "centroid_in_project": true, "operator": null, "radio_generation": null, "serving_cell_id": null, "single_test_tile": false, "source_url": "https://ookla-open-data.s3.amazonaws.com/parquet/performance/type=mobile/year=2026/quarter=2/2026-04-01_performance_mobile_tiles.parquet"}}, {"type": "Feature", "id": "2026-04-01:1322012223122101", "geometry": {"type": "Polygon", "coordinates": [[[96.185302734375, 16.841347613497447], [96.185302734375, 16.846605106396304], [96.1798095703125, 16.846605106396304], [96.1798095703125, 16.841347613497447], [96.185302734375, 16.841347613497447]]]}, "properties": {"quadkey": "1322012223122101", "tile_x": 96.18260000000001, "tile_y": 16.844, "avg_d_kbps": 52044, "avg_u_kbps": 13696, "avg_lat_ms": 55, "avg_lat_down_ms": 542.0, "avg_lat_up_ms": 2061.0, "tests": 4, "devices": 3, "period_start": "2026-04-01", "period_end_exclusive": "2026-07-01", "service_type": "mobile", "source": "Ookla Open Data", "download_mbps": 52.044, "upload_mbps": 13.696, "centroid_in_project": true, "operator": null, "radio_generation": null, "serving_cell_id": null, "single_test_tile": false, "source_url": "https://ookla-open-data.s3.amazonaws.com/parquet/performance/type=mobile/year=2026/quarter=2/2026-04-01_performance_mobile_tiles.parquet"}}, {"type": "Feature", "id": "2026-04-01:1322012223122102", "geometry": {"type": "Polygon", "coordinates": [[[96.1798095703125, 16.836089974560213], [96.1798095703125, 16.841347613497447], [96.17431640625, 16.841347613497447], [96.17431640625, 16.836089974560213], [96.1798095703125, 16.836089974560213]]]}, "properties": {"quadkey": "1322012223122102", "tile_x": 96.17710000000001, "tile_y": 16.8387, "avg_d_kbps": 14661, "avg_u_kbps": 2373, "avg_lat_ms": 74, "avg_lat_down_ms": 691.0, "avg_lat_up_ms": 546.0, "tests": 1, "devices": 1, "period_start": "2026-04-01", "period_end_exclusive": "2026-07-01", "service_type": "mobile", "source": "Ookla Open Data", "download_mbps": 14.661, "upload_mbps": 2.373, "centroid_in_project": true, "operator": null, "radio_generation": null, "serving_cell_id": null, "single_test_tile": true, "source_url": "https://ookla-open-data.s3.amazonaws.com/parquet/performance/type=mobile/year=2026/quarter=2/2026-04-01_performance_mobile_tiles.parquet"}}, {"type": "Feature", "id": "2026-04-01:1322012223122103", "geometry": {"type": "Polygon", "coordinates": [[[96.185302734375, 16.836089974560213], [96.185302734375, 16.841347613497447], [96.1798095703125, 16.841347613497447], [96.1798095703125, 16.836089974560213], [96.185302734375, 16.836089974560213]]]}, "properties": {"quadkey": "1322012223122103", "tile_x": 96.18260000000001, "tile_y": 16.8387, "avg_d_kbps": 808, "avg_u_kbps": 365, "avg_lat_ms": 95, "avg_lat_down_ms": 411.0, "avg_lat_up_ms": 104.0, "tests": 1, "devices": 1, "period_start": "2026-04-01", "period_end_exclusive": "2026-07-01", "service_type": "mobile", "source": "Ookla Open Data", "download_mbps": 0.808, "upload_mbps": 0.365, "centroid_in_project": true, "operator": null, "radio_generation": null, "serving_cell_id": null, "single_test_tile": true, "source_url": "https://ookla-open-data.s3.amazonaws.com/parquet/performance/type=mobile/year=2026/quarter=2/2026-04-01_performance_mobile_tiles.parquet"}}, {"type": "Feature", "id": "2026-04-01:1322012223122110", "geometry": {"type": "Polygon", "coordinates": [[[96.1907958984375, 16.841347613497447], [96.1907958984375, 16.846605106396304], [96.185302734375, 16.846605106396304], [96.185302734375, 16.841347613497447], [96.1907958984375, 16.841347613497447]]]}, "properties": {"quadkey": "1322012223122110", "tile_x": 96.18799999999999, "tile_y": 16.844, "avg_d_kbps": 4352, "avg_u_kbps": 10472, "avg_lat_ms": 14, "avg_lat_down_ms": 164.0, "avg_lat_up_ms": 1144.0, "tests": 1, "devices": 1, "period_start": "2026-04-01", "period_end_exclusive": "2026-07-01", "service_type": "mobile", "source": "Ookla Open Data", "download_mbps": 4.352, "upload_mbps": 10.472, "centroid_in_project": true, "operator": null, "radio_generation": null, "serving_cell_id": null, "single_test_tile": true, "source_url": "https://ookla-open-data.s3.amazonaws.com/parquet/performance/type=mobile/year=2026/quarter=2/2026-04-01_performance_mobile_tiles.parquet"}}, {"type": "Feature", "id": "2026-04-01:1322012223122111", "geometry": {"type": "Polygon", "coordinates": [[[96.1962890625, 16.841347613497447], [96.1962890625, 16.846605106396304], [96.1907958984375, 16.846605106396304], [96.1907958984375, 16.841347613497447], [96.1962890625, 16.841347613497447]]]}, "properties": {"quadkey": "1322012223122111", "tile_x": 96.1935, "tile_y": 16.844, "avg_d_kbps": 35315, "avg_u_kbps": 35115, "avg_lat_ms": 39, "avg_lat_down_ms": 1547.0, "avg_lat_up_ms": 532.0, "tests": 7, "devices": 5, "period_start": "2026-04-01", "period_end_exclusive": "2026-07-01", "service_type": "mobile", "source": "Ookla Open Data", "download_mbps": 35.315, "upload_mbps": 35.115, "centroid_in_project": true, "operator": null, "radio_generation": null, "serving_cell_id": null, "single_test_tile": false, "source_url": "https://ookla-open-data.s3.amazonaws.com/parquet/performance/type=mobile/year=2026/quarter=2/2026-04-01_performance_mobile_tiles.parquet"}}, {"type": "Feature", "id": "2026-04-01:1322012223122112", "geometry": {"type": "Polygon", "coordinates": [[[96.1907958984375, 16.836089974560213], [96.1907958984375, 16.841347613497447], [96.185302734375, 16.841347613497447], [96.185302734375, 16.836089974560213], [96.1907958984375, 16.836089974560213]]]}, "properties": {"quadkey": "1322012223122112", "tile_x": 96.18799999999999, "tile_y": 16.8387, "avg_d_kbps": 70511, "avg_u_kbps": 33341, "avg_lat_ms": 72, "avg_lat_down_ms": 449.0, "avg_lat_up_ms": 570.0, "tests": 1, "devices": 1, "period_start": "2026-04-01", "period_end_exclusive": "2026-07-01", "service_type": "mobile", "source": "Ookla Open Data", "download_mbps": 70.511, "upload_mbps": 33.341, "centroid_in_project": true, "operator": null, "radio_generation": null, "serving_cell_id": null, "single_test_tile": true, "source_url": "https://ookla-open-data.s3.amazonaws.com/parquet/performance/type=mobile/year=2026/quarter=2/2026-04-01_performance_mobile_tiles.parquet"}}, {"type": "Feature", "id": "2026-04-01:1322012223122120", "geometry": {"type": "Polygon", "coordinates": [[[96.1798095703125, 16.83083218962482], [96.1798095703125, 16.836089974560213], [96.17431640625, 16.836089974560213], [96.17431640625, 16.83083218962482], [96.1798095703125, 16.83083218962482]]]}, "properties": {"quadkey": "1322012223122120", "tile_x": 96.17710000000001, "tile_y": 16.833499999999997, "avg_d_kbps": 34763, "avg_u_kbps": 34958, "avg_lat_ms": 37, "avg_lat_down_ms": 581.0, "avg_lat_up_ms": 653.0, "tests": 3, "devices": 3, "period_start": "2026-04-01", "period_end_exclusive": "2026-07-01", "service_type": "mobile", "source": "Ookla Open Data", "download_mbps": 34.763, "upload_mbps": 34.958, "centroid_in_project": true, "operator": null, "radio_generation": null, "serving_cell_id": null, "single_test_tile": false, "source_url": "https://ookla-open-data.s3.amazonaws.com/parquet/performance/type=mobile/year=2026/quarter=2/2026-04-01_performance_mobile_tiles.parquet"}}, {"type": "Feature", "id": "2026-04-01:1322012223122121", "geometry": {"type": "Polygon", "coordinates": [[[96.185302734375, 16.83083218962482], [96.185302734375, 16.836089974560213], [96.1798095703125, 16.836089974560213], [96.1798095703125, 16.83083218962482], [96.185302734375, 16.83083218962482]]]}, "properties": {"quadkey": "1322012223122121", "tile_x": 96.18260000000001, "tile_y": 16.833499999999997, "avg_d_kbps": 91409, "avg_u_kbps": 40966, "avg_lat_ms": 44, "avg_lat_down_ms": 381.0, "avg_lat_up_ms": 442.0, "tests": 1, "devices": 1, "period_start": "2026-04-01", "period_end_exclusive": "2026-07-01", "service_type": "mobile", "source": "Ookla Open Data", "download_mbps": 91.409, "upload_mbps": 40.966, "centroid_in_project": true, "operator": null, "radio_generation": null, "serving_cell_id": null, "single_test_tile": true, "source_url": "https://ookla-open-data.s3.amazonaws.com/parquet/performance/type=mobile/year=2026/quarter=2/2026-04-01_performance_mobile_tiles.parquet"}}, {"type": "Feature", "id": "2026-04-01:1322012223122123", "geometry": {"type": "Polygon", "coordinates": [[[96.185302734375, 16.825574258731486], [96.185302734375, 16.83083218962482], [96.1798095703125, 16.83083218962482], [96.1798095703125, 16.825574258731486], [96.185302734375, 16.825574258731486]]]}, "properties": {"quadkey": "1322012223122123", "tile_x": 96.18260000000001, "tile_y": 16.828200000000002, "avg_d_kbps": 26782, "avg_u_kbps": 18326, "avg_lat_ms": 152, "avg_lat_down_ms": 1594.0, "avg_lat_up_ms": 496.0, "tests": 2, "devices": 2, "period_start": "2026-04-01", "period_end_exclusive": "2026-07-01", "service_type": "mobile", "source": "Ookla Open Data", "download_mbps": 26.782, "upload_mbps": 18.326, "centroid_in_project": true, "operator": null, "radio_generation": null, "serving_cell_id": null, "single_test_tile": false, "source_url": "https://ookla-open-data.s3.amazonaws.com/parquet/performance/type=mobile/year=2026/quarter=2/2026-04-01_performance_mobile_tiles.parquet"}}, {"type": "Feature", "id": "2026-04-01:1322012223122130", "geometry": {"type": "Polygon", "coordinates": [[[96.1907958984375, 16.83083218962482], [96.1907958984375, 16.836089974560213], [96.185302734375, 16.836089974560213], [96.185302734375, 16.83083218962482], [96.1907958984375, 16.83083218962482]]]}, "properties": {"quadkey": "1322012223122130", "tile_x": 96.18799999999999, "tile_y": 16.833499999999997, "avg_d_kbps": 3263, "avg_u_kbps": 7939, "avg_lat_ms": 34, "avg_lat_down_ms": 936.0, "avg_lat_up_ms": 2385.0, "tests": 1, "devices": 1, "period_start": "2026-04-01", "period_end_exclusive": "2026-07-01", "service_type": "mobile", "source": "Ookla Open Data", "download_mbps": 3.263, "upload_mbps": 7.939, "centroid_in_project": true, "operator": null, "radio_generation": null, "serving_cell_id": null, "single_test_tile": true, "source_url": "https://ookla-open-data.s3.amazonaws.com/parquet/performance/type=mobile/year=2026/quarter=2/2026-04-01_performance_mobile_tiles.parquet"}}, {"type": "Feature", "id": "2026-04-01:1322012223122131", "geometry": {"type": "Polygon", "coordinates": [[[96.1962890625, 16.83083218962482], [96.1962890625, 16.836089974560213], [96.1907958984375, 16.836089974560213], [96.1907958984375, 16.83083218962482], [96.1962890625, 16.83083218962482]]]}, "properties": {"quadkey": "1322012223122131", "tile_x": 96.1935, "tile_y": 16.833499999999997, "avg_d_kbps": 3784, "avg_u_kbps": 2907, "avg_lat_ms": 304, "avg_lat_down_ms": 2874.0, "avg_lat_up_ms": 947.0, "tests": 1, "devices": 1, "period_start": "2026-04-01", "period_end_exclusive": "2026-07-01", "service_type": "mobile", "source": "Ookla Open Data", "download_mbps": 3.784, "upload_mbps": 2.907, "centroid_in_project": true, "operator": null, "radio_generation": null, "serving_cell_id": null, "single_test_tile": true, "source_url": "https://ookla-open-data.s3.amazonaws.com/parquet/performance/type=mobile/year=2026/quarter=2/2026-04-01_performance_mobile_tiles.parquet"}}, {"type": "Feature", "id": "2026-04-01:1322012223122132", "geometry": {"type": "Polygon", "coordinates": [[[96.1907958984375, 16.825574258731486], [96.1907958984375, 16.83083218962482], [96.185302734375, 16.83083218962482], [96.185302734375, 16.825574258731486], [96.1907958984375, 16.825574258731486]]]}, "properties": {"quadkey": "1322012223122132", "tile_x": 96.18799999999999, "tile_y": 16.828200000000002, "avg_d_kbps": 62138, "avg_u_kbps": 29374, "avg_lat_ms": 35, "avg_lat_down_ms": 1522.0, "avg_lat_up_ms": 601.0, "tests": 3, "devices": 3, "period_start": "2026-04-01", "period_end_exclusive": "2026-07-01", "service_type": "mobile", "source": "Ookla Open Data", "download_mbps": 62.138, "upload_mbps": 29.374, "centroid_in_project": true, "operator": null, "radio_generation": null, "serving_cell_id": null, "single_test_tile": false, "source_url": "https://ookla-open-data.s3.amazonaws.com/parquet/performance/type=mobile/year=2026/quarter=2/2026-04-01_performance_mobile_tiles.parquet"}}, {"type": "Feature", "id": "2026-04-01:1322012223122133", "geometry": {"type": "Polygon", "coordinates": [[[96.1962890625, 16.825574258731486], [96.1962890625, 16.83083218962482], [96.1907958984375, 16.83083218962482], [96.1907958984375, 16.825574258731486], [96.1962890625, 16.825574258731486]]]}, "properties": {"quadkey": "1322012223122133", "tile_x": 96.1935, "tile_y": 16.828200000000002, "avg_d_kbps": 569, "avg_u_kbps": 423, "avg_lat_ms": 74, "avg_lat_down_ms": 467.0, "avg_lat_up_ms": 71.0, "tests": 1, "devices": 1, "period_start": "2026-04-01", "period_end_exclusive": "2026-07-01", "service_type": "mobile", "source": "Ookla Open Data", "download_mbps": 0.569, "upload_mbps": 0.423, "centroid_in_project": true, "operator": null, "radio_generation": null, "serving_cell_id": null, "single_test_tile": true, "source_url": "https://ookla-open-data.s3.amazonaws.com/parquet/performance/type=mobile/year=2026/quarter=2/2026-04-01_performance_mobile_tiles.parquet"}}, {"type": "Feature", "id": "2026-04-01:1322012223122201", "geometry": {"type": "Polygon", "coordinates": [[[96.163330078125, 16.82031618192045], [96.163330078125, 16.825574258731486], [96.1578369140625, 16.825574258731486], [96.1578369140625, 16.82031618192045], [96.163330078125, 16.82031618192045]]]}, "properties": {"quadkey": "1322012223122201", "tile_x": 96.16060000000002, "tile_y": 16.8229, "avg_d_kbps": 21002, "avg_u_kbps": 16692, "avg_lat_ms": 70, "avg_lat_down_ms": 528.0, "avg_lat_up_ms": 232.0, "tests": 7, "devices": 3, "period_start": "2026-04-01", "period_end_exclusive": "2026-07-01", "service_type": "mobile", "source": "Ookla Open Data", "download_mbps": 21.002, "upload_mbps": 16.692, "centroid_in_project": true, "operator": null, "radio_generation": null, "serving_cell_id": null, "single_test_tile": false, "source_url": "https://ookla-open-data.s3.amazonaws.com/parquet/performance/type=mobile/year=2026/quarter=2/2026-04-01_performance_mobile_tiles.parquet"}}, {"type": "Feature", "id": "2026-04-01:1322012223122202", "geometry": {"type": "Polygon", "coordinates": [[[96.1578369140625, 16.815057959231932], [96.1578369140625, 16.82031618192045], [96.15234375, 16.82031618192045], [96.15234375, 16.815057959231932], [96.1578369140625, 16.815057959231932]]]}, "properties": {"quadkey": "1322012223122202", "tile_x": 96.1551, "tile_y": 16.8177, "avg_d_kbps": 36802, "avg_u_kbps": 13648, "avg_lat_ms": 156, "avg_lat_down_ms": 758.0, "avg_lat_up_ms": 3816.0, "tests": 4, "devices": 3, "period_start": "2026-04-01", "period_end_exclusive": "2026-07-01", "service_type": "mobile", "source": "Ookla Open Data", "download_mbps": 36.802, "upload_mbps": 13.648, "centroid_in_project": true, "operator": null, "radio_generation": null, "serving_cell_id": null, "single_test_tile": false, "source_url": "https://ookla-open-data.s3.amazonaws.com/parquet/performance/type=mobile/year=2026/quarter=2/2026-04-01_performance_mobile_tiles.parquet"}}, {"type": "Feature", "id": "2026-04-01:1322012223122203", "geometry": {"type": "Polygon", "coordinates": [[[96.163330078125, 16.815057959231932], [96.163330078125, 16.82031618192045], [96.1578369140625, 16.82031618192045], [96.1578369140625, 16.815057959231932], [96.163330078125, 16.815057959231932]]]}, "properties": {"quadkey": "1322012223122203", "tile_x": 96.16060000000002, "tile_y": 16.8177, "avg_d_kbps": 5365, "avg_u_kbps": 1067, "avg_lat_ms": 22, "avg_lat_down_ms": 1851.0, "avg_lat_up_ms": 2720.0, "tests": 1, "devices": 1, "period_start": "2026-04-01", "period_end_exclusive": "2026-07-01", "service_type": "mobile", "source": "Ookla Open Data", "download_mbps": 5.365, "upload_mbps": 1.067, "centroid_in_project": true, "operator": null, "radio_generation": null, "serving_cell_id": null, "single_test_tile": true, "source_url": "https://ookla-open-data.s3.amazonaws.com/parquet/performance/type=mobile/year=2026/quarter=2/2026-04-01_performance_mobile_tiles.parquet"}}, {"type": "Feature", "id": "2026-04-01:1322012223122210", "geometry": {"type": "Polygon", "coordinates": [[[96.1688232421875, 16.82031618192045], [96.1688232421875, 16.825574258731486], [96.163330078125, 16.825574258731486], [96.163330078125, 16.82031618192045], [96.1688232421875, 16.82031618192045]]]}, "properties": {"quadkey": "1322012223122210", "tile_x": 96.1661, "tile_y": 16.8229, "avg_d_kbps": 92263, "avg_u_kbps": 61358, "avg_lat_ms": 192, "avg_lat_down_ms": 676.0, "avg_lat_up_ms": 289.0, "tests": 1, "devices": 1, "period_start": "2026-04-01", "period_end_exclusive": "2026-07-01", "service_type": "mobile", "source": "Ookla Open Data", "download_mbps": 92.263, "upload_mbps": 61.358, "centroid_in_project": true, "operator": null, "radio_generation": null, "serving_cell_id": null, "single_test_tile": true, "source_url": "https://ookla-open-data.s3.amazonaws.com/parquet/performance/type=mobile/year=2026/quarter=2/2026-04-01_performance_mobile_tiles.parquet"}}, {"type": "Feature", "id": "2026-04-01:1322012223122211", "geometry": {"type": "Polygon", "coordinates": [[[96.17431640625, 16.82031618192045], [96.17431640625, 16.825574258731486], [96.1688232421875, 16.825574258731486], [96.1688232421875, 16.82031618192045], [96.17431640625, 16.82031618192045]]]}, "properties": {"quadkey": "1322012223122211", "tile_x": 96.1716, "tile_y": 16.8229, "avg_d_kbps": 72291, "avg_u_kbps": 31259, "avg_lat_ms": 77, "avg_lat_down_ms": 960.0, "avg_lat_up_ms": 435.0, "tests": 1, "devices": 1, "period_start": "2026-04-01", "period_end_exclusive": "2026-07-01", "service_type": "mobile", "source": "Ookla Open Data", "download_mbps": 72.291, "upload_mbps": 31.259, "centroid_in_project": true, "operator": null, "radio_generation": null, "serving_cell_id": null, "single_test_tile": true, "source_url": "https://ookla-open-data.s3.amazonaws.com/parquet/performance/type=mobile/year=2026/quarter=2/2026-04-01_performance_mobile_tiles.parquet"}}, {"type": "Feature", "id": "2026-04-01:1322012223122220", "geometry": {"type": "Polygon", "coordinates": [[[96.1578369140625, 16.809799590706184], [96.1578369140625, 16.815057959231932], [96.15234375, 16.815057959231932], [96.15234375, 16.809799590706184], [96.1578369140625, 16.809799590706184]]]}, "properties": {"quadkey": "1322012223122220", "tile_x": 96.1551, "tile_y": 16.812400000000004, "avg_d_kbps": 52246, "avg_u_kbps": 29816, "avg_lat_ms": 50, "avg_lat_down_ms": 947.0, "avg_lat_up_ms": 1259.0, "tests": 2, "devices": 2, "period_start": "2026-04-01", "period_end_exclusive": "2026-07-01", "service_type": "mobile", "source": "Ookla Open Data", "download_mbps": 52.246, "upload_mbps": 29.816, "centroid_in_project": true, "operator": null, "radio_generation": null, "serving_cell_id": null, "single_test_tile": false, "source_url": "https://ookla-open-data.s3.amazonaws.com/parquet/performance/type=mobile/year=2026/quarter=2/2026-04-01_performance_mobile_tiles.parquet"}}, {"type": "Feature", "id": "2026-04-01:1322012223122222", "geometry": {"type": "Polygon", "coordinates": [[[96.1578369140625, 16.80454107638345], [96.1578369140625, 16.809799590706184], [96.15234375, 16.809799590706184], [96.15234375, 16.80454107638345], [96.1578369140625, 16.80454107638345]]]}, "properties": {"quadkey": "1322012223122222", "tile_x": 96.1551, "tile_y": 16.8072, "avg_d_kbps": 33776, "avg_u_kbps": 21133, "avg_lat_ms": 115, "avg_lat_down_ms": 900.0, "avg_lat_up_ms": 1391.0, "tests": 10, "devices": 4, "period_start": "2026-04-01", "period_end_exclusive": "2026-07-01", "service_type": "mobile", "source": "Ookla Open Data", "download_mbps": 33.776, "upload_mbps": 21.133, "centroid_in_project": true, "operator": null, "radio_generation": null, "serving_cell_id": null, "single_test_tile": false, "source_url": "https://ookla-open-data.s3.amazonaws.com/parquet/performance/type=mobile/year=2026/quarter=2/2026-04-01_performance_mobile_tiles.parquet"}}, {"type": "Feature", "id": "2026-04-01:1322012223122223", "geometry": {"type": "Polygon", "coordinates": [[[96.163330078125, 16.80454107638345], [96.163330078125, 16.809799590706184], [96.1578369140625, 16.809799590706184], [96.1578369140625, 16.80454107638345], [96.163330078125, 16.80454107638345]]]}, "properties": {"quadkey": "1322012223122223", "tile_x": 96.16060000000002, "tile_y": 16.8072, "avg_d_kbps": 51471, "avg_u_kbps": 33240, "avg_lat_ms": 70, "avg_lat_down_ms": 521.0, "avg_lat_up_ms": 521.0, "tests": 1, "devices": 1, "period_start": "2026-04-01", "period_end_exclusive": "2026-07-01", "service_type": "mobile", "source": "Ookla Open Data", "download_mbps": 51.471, "upload_mbps": 33.24, "centroid_in_project": true, "operator": null, "radio_generation": null, "serving_cell_id": null, "single_test_tile": true, "source_url": "https://ookla-open-data.s3.amazonaws.com/parquet/performance/type=mobile/year=2026/quarter=2/2026-04-01_performance_mobile_tiles.parquet"}}, {"type": "Feature", "id": "2026-04-01:1322012223122301", "geometry": {"type": "Polygon", "coordinates": [[[96.185302734375, 16.82031618192045], [96.185302734375, 16.825574258731486], [96.1798095703125, 16.825574258731486], [96.1798095703125, 16.82031618192045], [96.185302734375, 16.82031618192045]]]}, "properties": {"quadkey": "1322012223122301", "tile_x": 96.18260000000001, "tile_y": 16.8229, "avg_d_kbps": 25408, "avg_u_kbps": 9963, "avg_lat_ms": 209, "avg_lat_down_ms": 1076.0, "avg_lat_up_ms": 1914.0, "tests": 7, "devices": 6, "period_start": "2026-04-01", "period_end_exclusive": "2026-07-01", "service_type": "mobile", "source": "Ookla Open Data", "download_mbps": 25.408, "upload_mbps": 9.963, "centroid_in_project": true, "operator": null, "radio_generation": null, "serving_cell_id": null, "single_test_tile": false, "source_url": "https://ookla-open-data.s3.amazonaws.com/parquet/performance/type=mobile/year=2026/quarter=2/2026-04-01_performance_mobile_tiles.parquet"}}, {"type": "Feature", "id": "2026-04-01:1322012223122302", "geometry": {"type": "Polygon", "coordinates": [[[96.1798095703125, 16.815057959231932], [96.1798095703125, 16.82031618192045], [96.17431640625, 16.82031618192045], [96.17431640625, 16.815057959231932], [96.1798095703125, 16.815057959231932]]]}, "properties": {"quadkey": "1322012223122302", "tile_x": 96.17710000000001, "tile_y": 16.8177, "avg_d_kbps": 43933, "avg_u_kbps": 8585, "avg_lat_ms": 52, "avg_lat_down_ms": 663.0, "avg_lat_up_ms": 566.0, "tests": 1, "devices": 1, "period_start": "2026-04-01", "period_end_exclusive": "2026-07-01", "service_type": "mobile", "source": "Ookla Open Data", "download_mbps": 43.933, "upload_mbps": 8.585, "centroid_in_project": true, "operator": null, "radio_generation": null, "serving_cell_id": null, "single_test_tile": true, "source_url": "https://ookla-open-data.s3.amazonaws.com/parquet/performance/type=mobile/year=2026/quarter=2/2026-04-01_performance_mobile_tiles.parquet"}}, {"type": "Feature", "id": "2026-04-01:1322012223122311", "geometry": {"type": "Polygon", "coordinates": [[[96.1962890625, 16.82031618192045], [96.1962890625, 16.825574258731486], [96.1907958984375, 16.825574258731486], [96.1907958984375, 16.82031618192045], [96.1962890625, 16.82031618192045]]]}, "properties": {"quadkey": "1322012223122311", "tile_x": 96.1935, "tile_y": 16.8229, "avg_d_kbps": 1263, "avg_u_kbps": 412, "avg_lat_ms": 90, "avg_lat_down_ms": 97.0, "avg_lat_up_ms": 105.0, "tests": 1, "devices": 1, "period_start": "2026-04-01", "period_end_exclusive": "2026-07-01", "service_type": "mobile", "source": "Ookla Open Data", "download_mbps": 1.263, "upload_mbps": 0.412, "centroid_in_project": true, "operator": null, "radio_generation": null, "serving_cell_id": null, "single_test_tile": true, "source_url": "https://ookla-open-data.s3.amazonaws.com/parquet/performance/type=mobile/year=2026/quarter=2/2026-04-01_performance_mobile_tiles.parquet"}}, {"type": "Feature", "id": "2026-04-01:1322012223122313", "geometry": {"type": "Polygon", "coordinates": [[[96.1962890625, 16.815057959231932], [96.1962890625, 16.82031618192045], [96.1907958984375, 16.82031618192045], [96.1907958984375, 16.815057959231932], [96.1962890625, 16.815057959231932]]]}, "properties": {"quadkey": "1322012223122313", "tile_x": 96.1935, "tile_y": 16.8177, "avg_d_kbps": 23813, "avg_u_kbps": 1694, "avg_lat_ms": 228, "avg_lat_down_ms": 1575.0, "avg_lat_up_ms": 4101.0, "tests": 4, "devices": 1, "period_start": "2026-04-01", "period_end_exclusive": "2026-07-01", "service_type": "mobile", "source": "Ookla Open Data", "download_mbps": 23.813, "upload_mbps": 1.694, "centroid_in_project": true, "operator": null, "radio_generation": null, "serving_cell_id": null, "single_test_tile": false, "source_url": "https://ookla-open-data.s3.amazonaws.com/parquet/performance/type=mobile/year=2026/quarter=2/2026-04-01_performance_mobile_tiles.parquet"}}, {"type": "Feature", "id": "2026-04-01:1322012223122320", "geometry": {"type": "Polygon", "coordinates": [[[96.1798095703125, 16.809799590706184], [96.1798095703125, 16.815057959231932], [96.17431640625, 16.815057959231932], [96.17431640625, 16.809799590706184], [96.1798095703125, 16.809799590706184]]]}, "properties": {"quadkey": "1322012223122320", "tile_x": 96.17710000000001, "tile_y": 16.812400000000004, "avg_d_kbps": 26338, "avg_u_kbps": 9310, "avg_lat_ms": 209, "avg_lat_down_ms": 1358.0, "avg_lat_up_ms": 1019.0, "tests": 4, "devices": 3, "period_start": "2026-04-01", "period_end_exclusive": "2026-07-01", "service_type": "mobile", "source": "Ookla Open Data", "download_mbps": 26.338, "upload_mbps": 9.31, "centroid_in_project": true, "operator": null, "radio_generation": null, "serving_cell_id": null, "single_test_tile": false, "source_url": "https://ookla-open-data.s3.amazonaws.com/parquet/performance/type=mobile/year=2026/quarter=2/2026-04-01_performance_mobile_tiles.parquet"}}, {"type": "Feature", "id": "2026-04-01:1322012223122322", "geometry": {"type": "Polygon", "coordinates": [[[96.1798095703125, 16.80454107638345], [96.1798095703125, 16.809799590706184], [96.17431640625, 16.809799590706184], [96.17431640625, 16.80454107638345], [96.1798095703125, 16.80454107638345]]]}, "properties": {"quadkey": "1322012223122322", "tile_x": 96.17710000000001, "tile_y": 16.8072, "avg_d_kbps": 42407, "avg_u_kbps": 21169, "avg_lat_ms": 55, "avg_lat_down_ms": 1052.0, "avg_lat_up_ms": 818.0, "tests": 4, "devices": 4, "period_start": "2026-04-01", "period_end_exclusive": "2026-07-01", "service_type": "mobile", "source": "Ookla Open Data", "download_mbps": 42.407, "upload_mbps": 21.169, "centroid_in_project": true, "operator": null, "radio_generation": null, "serving_cell_id": null, "single_test_tile": false, "source_url": "https://ookla-open-data.s3.amazonaws.com/parquet/performance/type=mobile/year=2026/quarter=2/2026-04-01_performance_mobile_tiles.parquet"}}, {"type": "Feature", "id": "2026-04-01:1322012223122331", "geometry": {"type": "Polygon", "coordinates": [[[96.1962890625, 16.809799590706184], [96.1962890625, 16.815057959231932], [96.1907958984375, 16.815057959231932], [96.1907958984375, 16.809799590706184], [96.1962890625, 16.809799590706184]]]}, "properties": {"quadkey": "1322012223122331", "tile_x": 96.1935, "tile_y": 16.812400000000004, "avg_d_kbps": 33533, "avg_u_kbps": 20943, "avg_lat_ms": 47, "avg_lat_down_ms": 542.0, "avg_lat_up_ms": 109.0, "tests": 1, "devices": 1, "period_start": "2026-04-01", "period_end_exclusive": "2026-07-01", "service_type": "mobile", "source": "Ookla Open Data", "download_mbps": 33.533, "upload_mbps": 20.943, "centroid_in_project": true, "operator": null, "radio_generation": null, "serving_cell_id": null, "single_test_tile": true, "source_url": "https://ookla-open-data.s3.amazonaws.com/parquet/performance/type=mobile/year=2026/quarter=2/2026-04-01_performance_mobile_tiles.parquet"}}, {"type": "Feature", "id": "2026-04-01:1322012223122332", "geometry": {"type": "Polygon", "coordinates": [[[96.1907958984375, 16.80454107638345], [96.1907958984375, 16.809799590706184], [96.185302734375, 16.809799590706184], [96.185302734375, 16.80454107638345], [96.1907958984375, 16.80454107638345]]]}, "properties": {"quadkey": "1322012223122332", "tile_x": 96.18799999999999, "tile_y": 16.8072, "avg_d_kbps": 20732, "avg_u_kbps": 25546, "avg_lat_ms": 15, "avg_lat_down_ms": 690.0, "avg_lat_up_ms": 244.0, "tests": 1, "devices": 1, "period_start": "2026-04-01", "period_end_exclusive": "2026-07-01", "service_type": "mobile", "source": "Ookla Open Data", "download_mbps": 20.732, "upload_mbps": 25.546, "centroid_in_project": true, "operator": null, "radio_generation": null, "serving_cell_id": null, "single_test_tile": true, "source_url": "https://ookla-open-data.s3.amazonaws.com/parquet/performance/type=mobile/year=2026/quarter=2/2026-04-01_performance_mobile_tiles.parquet"}}, {"type": "Feature", "id": "2026-04-01:1322012223123000", "geometry": {"type": "Polygon", "coordinates": [[[96.2017822265625, 16.841347613497447], [96.2017822265625, 16.846605106396304], [96.1962890625, 16.846605106396304], [96.1962890625, 16.841347613497447], [96.2017822265625, 16.841347613497447]]]}, "properties": {"quadkey": "1322012223123000", "tile_x": 96.199, "tile_y": 16.844, "avg_d_kbps": 12036, "avg_u_kbps": 15082, "avg_lat_ms": 210, "avg_lat_down_ms": 1735.0, "avg_lat_up_ms": 1133.0, "tests": 18, "devices": 3, "period_start": "2026-04-01", "period_end_exclusive": "2026-07-01", "service_type": "mobile", "source": "Ookla Open Data", "download_mbps": 12.036, "upload_mbps": 15.082, "centroid_in_project": true, "operator": null, "radio_generation": null, "serving_cell_id": null, "single_test_tile": false, "source_url": "https://ookla-open-data.s3.amazonaws.com/parquet/performance/type=mobile/year=2026/quarter=2/2026-04-01_performance_mobile_tiles.parquet"}}, {"type": "Feature", "id": "2026-04-01:1322012223123001", "geometry": {"type": "Polygon", "coordinates": [[[96.207275390625, 16.841347613497447], [96.207275390625, 16.846605106396304], [96.2017822265625, 16.846605106396304], [96.2017822265625, 16.841347613497447], [96.207275390625, 16.841347613497447]]]}, "properties": {"quadkey": "1322012223123001", "tile_x": 96.20450000000001, "tile_y": 16.844, "avg_d_kbps": 37568, "avg_u_kbps": 21572, "avg_lat_ms": 123, "avg_lat_down_ms": 443.0, "avg_lat_up_ms": 605.0, "tests": 2, "devices": 2, "period_start": "2026-04-01", "period_end_exclusive": "2026-07-01", "service_type": "mobile", "source": "Ookla Open Data", "download_mbps": 37.568, "upload_mbps": 21.572, "centroid_in_project": true, "operator": null, "radio_generation": null, "serving_cell_id": null, "single_test_tile": false, "source_url": "https://ookla-open-data.s3.amazonaws.com/parquet/performance/type=mobile/year=2026/quarter=2/2026-04-01_performance_mobile_tiles.parquet"}}, {"type": "Feature", "id": "2026-04-01:1322012223123002", "geometry": {"type": "Polygon", "coordinates": [[[96.2017822265625, 16.836089974560213], [96.2017822265625, 16.841347613497447], [96.1962890625, 16.841347613497447], [96.1962890625, 16.836089974560213], [96.2017822265625, 16.836089974560213]]]}, "properties": {"quadkey": "1322012223123002", "tile_x": 96.199, "tile_y": 16.8387, "avg_d_kbps": 46726, "avg_u_kbps": 28737, "avg_lat_ms": 29, "avg_lat_down_ms": 582.0, "avg_lat_up_ms": 137.0, "tests": 4, "devices": 3, "period_start": "2026-04-01", "period_end_exclusive": "2026-07-01", "service_type": "mobile", "source": "Ookla Open Data", "download_mbps": 46.726, "upload_mbps": 28.737, "centroid_in_project": true, "operator": null, "radio_generation": null, "serving_cell_id": null, "single_test_tile": false, "source_url": "https://ookla-open-data.s3.amazonaws.com/parquet/performance/type=mobile/year=2026/quarter=2/2026-04-01_performance_mobile_tiles.parquet"}}, {"type": "Feature", "id": "2026-04-01:1322012223123003", "geometry": {"type": "Polygon", "coordinates": [[[96.207275390625, 16.836089974560213], [96.207275390625, 16.841347613497447], [96.2017822265625, 16.841347613497447], [96.2017822265625, 16.836089974560213], [96.207275390625, 16.836089974560213]]]}, "properties": {"quadkey": "1322012223123003", "tile_x": 96.20450000000001, "tile_y": 16.8387, "avg_d_kbps": 110345, "avg_u_kbps": 24910, "avg_lat_ms": 82, "avg_lat_down_ms": 1300.0, "avg_lat_up_ms": 640.0, "tests": 1, "devices": 1, "period_start": "2026-04-01", "period_end_exclusive": "2026-07-01", "service_type": "mobile", "source": "Ookla Open Data", "download_mbps": 110.345, "upload_mbps": 24.91, "centroid_in_project": true, "operator": null, "radio_generation": null, "serving_cell_id": null, "single_test_tile": true, "source_url": "https://ookla-open-data.s3.amazonaws.com/parquet/performance/type=mobile/year=2026/quarter=2/2026-04-01_performance_mobile_tiles.parquet"}}, {"type": "Feature", "id": "2026-04-01:1322012223123010", "geometry": {"type": "Polygon", "coordinates": [[[96.2127685546875, 16.841347613497447], [96.2127685546875, 16.846605106396304], [96.207275390625, 16.846605106396304], [96.207275390625, 16.841347613497447], [96.2127685546875, 16.841347613497447]]]}, "properties": {"quadkey": "1322012223123010", "tile_x": 96.21000000000001, "tile_y": 16.844, "avg_d_kbps": 91843, "avg_u_kbps": 36981, "avg_lat_ms": 135, "avg_lat_down_ms": 793.0, "avg_lat_up_ms": 1326.0, "tests": 1, "devices": 1, "period_start": "2026-04-01", "period_end_exclusive": "2026-07-01", "service_type": "mobile", "source": "Ookla Open Data", "download_mbps": 91.843, "upload_mbps": 36.981, "centroid_in_project": true, "operator": null, "radio_generation": null, "serving_cell_id": null, "single_test_tile": true, "source_url": "https://ookla-open-data.s3.amazonaws.com/parquet/performance/type=mobile/year=2026/quarter=2/2026-04-01_performance_mobile_tiles.parquet"}}, {"type": "Feature", "id": "2026-04-01:1322012223123012", "geometry": {"type": "Polygon", "coordinates": [[[96.2127685546875, 16.836089974560213], [96.2127685546875, 16.841347613497447], [96.207275390625, 16.841347613497447], [96.207275390625, 16.836089974560213], [96.2127685546875, 16.836089974560213]]]}, "properties": {"quadkey": "1322012223123012", "tile_x": 96.21000000000001, "tile_y": 16.8387, "avg_d_kbps": 747, "avg_u_kbps": 69, "avg_lat_ms": 102, "avg_lat_down_ms": 5453.0, "avg_lat_up_ms": 9048.0, "tests": 1, "devices": 1, "period_start": "2026-04-01", "period_end_exclusive": "2026-07-01", "service_type": "mobile", "source": "Ookla Open Data", "download_mbps": 0.747, "upload_mbps": 0.069, "centroid_in_project": true, "operator": null, "radio_generation": null, "serving_cell_id": null, "single_test_tile": true, "source_url": "https://ookla-open-data.s3.amazonaws.com/parquet/performance/type=mobile/year=2026/quarter=2/2026-04-01_performance_mobile_tiles.parquet"}}, {"type": "Feature", "id": "2026-04-01:1322012223123201", "geometry": {"type": "Polygon", "coordinates": [[[96.207275390625, 16.82031618192045], [96.207275390625, 16.825574258731486], [96.2017822265625, 16.825574258731486], [96.2017822265625, 16.82031618192045], [96.207275390625, 16.82031618192045]]]}, "properties": {"quadkey": "1322012223123201", "tile_x": 96.20450000000001, "tile_y": 16.8229, "avg_d_kbps": 37632, "avg_u_kbps": 10700, "avg_lat_ms": 70, "avg_lat_down_ms": 639.0, "avg_lat_up_ms": 849.0, "tests": 1, "devices": 1, "period_start": "2026-04-01", "period_end_exclusive": "2026-07-01", "service_type": "mobile", "source": "Ookla Open Data", "download_mbps": 37.632, "upload_mbps": 10.7, "centroid_in_project": true, "operator": null, "radio_generation": null, "serving_cell_id": null, "single_test_tile": true, "source_url": "https://ookla-open-data.s3.amazonaws.com/parquet/performance/type=mobile/year=2026/quarter=2/2026-04-01_performance_mobile_tiles.parquet"}}, {"type": "Feature", "id": "2026-04-01:1322012223123202", "geometry": {"type": "Polygon", "coordinates": [[[96.2017822265625, 16.815057959231932], [96.2017822265625, 16.82031618192045], [96.1962890625, 16.82031618192045], [96.1962890625, 16.815057959231932], [96.2017822265625, 16.815057959231932]]]}, "properties": {"quadkey": "1322012223123202", "tile_x": 96.199, "tile_y": 16.8177, "avg_d_kbps": 72303, "avg_u_kbps": 11039, "avg_lat_ms": 367, "avg_lat_down_ms": 1435.0, "avg_lat_up_ms": 2988.0, "tests": 1, "devices": 1, "period_start": "2026-04-01", "period_end_exclusive": "2026-07-01", "service_type": "mobile", "source": "Ookla Open Data", "download_mbps": 72.303, "upload_mbps": 11.039, "centroid_in_project": true, "operator": null, "radio_generation": null, "serving_cell_id": null, "single_test_tile": true, "source_url": "https://ookla-open-data.s3.amazonaws.com/parquet/performance/type=mobile/year=2026/quarter=2/2026-04-01_performance_mobile_tiles.parquet"}}, {"type": "Feature", "id": "2026-04-01:1322012223123210", "geometry": {"type": "Polygon", "coordinates": [[[96.2127685546875, 16.82031618192045], [96.2127685546875, 16.825574258731486], [96.207275390625, 16.825574258731486], [96.207275390625, 16.82031618192045], [96.2127685546875, 16.82031618192045]]]}, "properties": {"quadkey": "1322012223123210", "tile_x": 96.21000000000001, "tile_y": 16.8229, "avg_d_kbps": 634, "avg_u_kbps": 2324, "avg_lat_ms": 452, "avg_lat_down_ms": null, "avg_lat_up_ms": 1299.0, "tests": 2, "devices": 1, "period_start": "2026-04-01", "period_end_exclusive": "2026-07-01", "service_type": "mobile", "source": "Ookla Open Data", "download_mbps": 0.634, "upload_mbps": 2.324, "centroid_in_project": true, "operator": null, "radio_generation": null, "serving_cell_id": null, "single_test_tile": false, "source_url": "https://ookla-open-data.s3.amazonaws.com/parquet/performance/type=mobile/year=2026/quarter=2/2026-04-01_performance_mobile_tiles.parquet"}}, {"type": "Feature", "id": "2026-04-01:1322012223123230", "geometry": {"type": "Polygon", "coordinates": [[[96.2127685546875, 16.809799590706184], [96.2127685546875, 16.815057959231932], [96.207275390625, 16.815057959231932], [96.207275390625, 16.809799590706184], [96.2127685546875, 16.809799590706184]]]}, "properties": {"quadkey": "1322012223123230", "tile_x": 96.21000000000001, "tile_y": 16.812400000000004, "avg_d_kbps": 77541, "avg_u_kbps": 22967, "avg_lat_ms": 42, "avg_lat_down_ms": 301.0, "avg_lat_up_ms": 277.0, "tests": 2, "devices": 1, "period_start": "2026-04-01", "period_end_exclusive": "2026-07-01", "service_type": "mobile", "source": "Ookla Open Data", "download_mbps": 77.541, "upload_mbps": 22.967, "centroid_in_project": true, "operator": null, "radio_generation": null, "serving_cell_id": null, "single_test_tile": false, "source_url": "https://ookla-open-data.s3.amazonaws.com/parquet/performance/type=mobile/year=2026/quarter=2/2026-04-01_performance_mobile_tiles.parquet"}}, {"type": "Feature", "id": "2026-04-01:1322012223123231", "geometry": {"type": "Polygon", "coordinates": [[[96.21826171875, 16.809799590706184], [96.21826171875, 16.815057959231932], [96.2127685546875, 16.815057959231932], [96.2127685546875, 16.809799590706184], [96.21826171875, 16.809799590706184]]]}, "properties": {"quadkey": "1322012223123231", "tile_x": 96.21549999999999, "tile_y": 16.812400000000004, "avg_d_kbps": 41006, "avg_u_kbps": 15909, "avg_lat_ms": 16, "avg_lat_down_ms": 553.0, "avg_lat_up_ms": 285.0, "tests": 1, "devices": 1, "period_start": "2026-04-01", "period_end_exclusive": "2026-07-01", "service_type": "mobile", "source": "Ookla Open Data", "download_mbps": 41.006, "upload_mbps": 15.909, "centroid_in_project": true, "operator": null, "radio_generation": null, "serving_cell_id": null, "single_test_tile": true, "source_url": "https://ookla-open-data.s3.amazonaws.com/parquet/performance/type=mobile/year=2026/quarter=2/2026-04-01_performance_mobile_tiles.parquet"}}, {"type": "Feature", "id": "2026-04-01:1322012223123233", "geometry": {"type": "Polygon", "coordinates": [[[96.21826171875, 16.80454107638345], [96.21826171875, 16.809799590706184], [96.2127685546875, 16.809799590706184], [96.2127685546875, 16.80454107638345], [96.21826171875, 16.80454107638345]]]}, "properties": {"quadkey": "1322012223123233", "tile_x": 96.21549999999999, "tile_y": 16.8072, "avg_d_kbps": 1035, "avg_u_kbps": 80, "avg_lat_ms": 85, "avg_lat_down_ms": 4012.0, "avg_lat_up_ms": null, "tests": 1, "devices": 1, "period_start": "2026-04-01", "period_end_exclusive": "2026-07-01", "service_type": "mobile", "source": "Ookla Open Data", "download_mbps": 1.035, "upload_mbps": 0.08, "centroid_in_project": true, "operator": null, "radio_generation": null, "serving_cell_id": null, "single_test_tile": true, "source_url": "https://ookla-open-data.s3.amazonaws.com/parquet/performance/type=mobile/year=2026/quarter=2/2026-04-01_performance_mobile_tiles.parquet"}}, {"type": "Feature", "id": "2026-04-01:1322012223123320", "geometry": {"type": "Polygon", "coordinates": [[[96.2237548828125, 16.809799590706184], [96.2237548828125, 16.815057959231932], [96.21826171875, 16.815057959231932], [96.21826171875, 16.809799590706184], [96.2237548828125, 16.809799590706184]]]}, "properties": {"quadkey": "1322012223123320", "tile_x": 96.221, "tile_y": 16.812400000000004, "avg_d_kbps": 33567, "avg_u_kbps": 25668, "avg_lat_ms": 84, "avg_lat_down_ms": 453.0, "avg_lat_up_ms": 1968.0, "tests": 1, "devices": 1, "period_start": "2026-04-01", "period_end_exclusive": "2026-07-01", "service_type": "mobile", "source": "Ookla Open Data", "download_mbps": 33.567, "upload_mbps": 25.668, "centroid_in_project": true, "operator": null, "radio_generation": null, "serving_cell_id": null, "single_test_tile": true, "source_url": "https://ookla-open-data.s3.amazonaws.com/parquet/performance/type=mobile/year=2026/quarter=2/2026-04-01_performance_mobile_tiles.parquet"}}, {"type": "Feature", "id": "2026-04-01:1322012223130031", "geometry": {"type": "Polygon", "coordinates": [[[96.26220703125, 16.87289037890778], [96.26220703125, 16.878146994732166], [96.2567138671875, 16.878146994732166], [96.2567138671875, 16.87289037890778], [96.26220703125, 16.87289037890778]]]}, "properties": {"quadkey": "1322012223130031", "tile_x": 96.2595, "tile_y": 16.8755, "avg_d_kbps": 14246, "avg_u_kbps": 28442, "avg_lat_ms": 15, "avg_lat_down_ms": 653.0, "avg_lat_up_ms": 507.0, "tests": 1, "devices": 1, "period_start": "2026-04-01", "period_end_exclusive": "2026-07-01", "service_type": "mobile", "source": "Ookla Open Data", "download_mbps": 14.246, "upload_mbps": 28.442, "centroid_in_project": true, "operator": null, "radio_generation": null, "serving_cell_id": null, "single_test_tile": true, "source_url": "https://ookla-open-data.s3.amazonaws.com/parquet/performance/type=mobile/year=2026/quarter=2/2026-04-01_performance_mobile_tiles.parquet"}}, {"type": "Feature", "id": "2026-04-01:1322012223130121", "geometry": {"type": "Polygon", "coordinates": [[[96.273193359375, 16.87289037890778], [96.273193359375, 16.878146994732166], [96.2677001953125, 16.878146994732166], [96.2677001953125, 16.87289037890778], [96.273193359375, 16.87289037890778]]]}, "properties": {"quadkey": "1322012223130121", "tile_x": 96.2704, "tile_y": 16.8755, "avg_d_kbps": 49274, "avg_u_kbps": 2717, "avg_lat_ms": 19, "avg_lat_down_ms": 788.0, "avg_lat_up_ms": 1394.0, "tests": 1, "devices": 1, "period_start": "2026-04-01", "period_end_exclusive": "2026-07-01", "service_type": "mobile", "source": "Ookla Open Data", "download_mbps": 49.274, "upload_mbps": 2.717, "centroid_in_project": true, "operator": null, "radio_generation": null, "serving_cell_id": null, "single_test_tile": true, "source_url": "https://ookla-open-data.s3.amazonaws.com/parquet/performance/type=mobile/year=2026/quarter=2/2026-04-01_performance_mobile_tiles.parquet"}}, {"type": "Feature", "id": "2026-04-01:1322012223130123", "geometry": {"type": "Polygon", "coordinates": [[[96.273193359375, 16.867633616803843], [96.273193359375, 16.87289037890778], [96.2677001953125, 16.87289037890778], [96.2677001953125, 16.867633616803843], [96.273193359375, 16.867633616803843]]]}, "properties": {"quadkey": "1322012223130123", "tile_x": 96.2704, "tile_y": 16.8703, "avg_d_kbps": 14392, "avg_u_kbps": 5854, "avg_lat_ms": 15, "avg_lat_down_ms": 895.0, "avg_lat_up_ms": 1023.0, "tests": 2, "devices": 1, "period_start": "2026-04-01", "period_end_exclusive": "2026-07-01", "service_type": "mobile", "source": "Ookla Open Data", "download_mbps": 14.392, "upload_mbps": 5.854, "centroid_in_project": true, "operator": null, "radio_generation": null, "serving_cell_id": null, "single_test_tile": false, "source_url": "https://ookla-open-data.s3.amazonaws.com/parquet/performance/type=mobile/year=2026/quarter=2/2026-04-01_performance_mobile_tiles.parquet"}}, {"type": "Feature", "id": "2026-04-01:1322012223130333", "geometry": {"type": "Polygon", "coordinates": [[[96.2841796875, 16.846605106396304], [96.2841796875, 16.851862453216572], [96.2786865234375, 16.851862453216572], [96.2786865234375, 16.846605106396304], [96.2841796875, 16.846605106396304]]]}, "properties": {"quadkey": "1322012223130333", "tile_x": 96.28139999999999, "tile_y": 16.849200000000003, "avg_d_kbps": 1955, "avg_u_kbps": 867, "avg_lat_ms": 12, "avg_lat_down_ms": 165.0, "avg_lat_up_ms": 4541.0, "tests": 1, "devices": 1, "period_start": "2026-04-01", "period_end_exclusive": "2026-07-01", "service_type": "mobile", "source": "Ookla Open Data", "download_mbps": 1.955, "upload_mbps": 0.867, "centroid_in_project": true, "operator": null, "radio_generation": null, "serving_cell_id": null, "single_test_tile": true, "source_url": "https://ookla-open-data.s3.amazonaws.com/parquet/performance/type=mobile/year=2026/quarter=2/2026-04-01_performance_mobile_tiles.parquet"}}, {"type": "Feature", "id": "2026-04-01:1322012223132000", "geometry": {"type": "Polygon", "coordinates": [[[96.2457275390625, 16.841347613497447], [96.2457275390625, 16.846605106396304], [96.240234375, 16.846605106396304], [96.240234375, 16.841347613497447], [96.2457275390625, 16.841347613497447]]]}, "properties": {"quadkey": "1322012223132000", "tile_x": 96.243, "tile_y": 16.844, "avg_d_kbps": 59760, "avg_u_kbps": 14990, "avg_lat_ms": 127, "avg_lat_down_ms": 554.0, "avg_lat_up_ms": 1206.0, "tests": 1, "devices": 1, "period_start": "2026-04-01", "period_end_exclusive": "2026-07-01", "service_type": "mobile", "source": "Ookla Open Data", "download_mbps": 59.76, "upload_mbps": 14.99, "centroid_in_project": true, "operator": null, "radio_generation": null, "serving_cell_id": null, "single_test_tile": true, "source_url": "https://ookla-open-data.s3.amazonaws.com/parquet/performance/type=mobile/year=2026/quarter=2/2026-04-01_performance_mobile_tiles.parquet"}}, {"type": "Feature", "id": "2026-04-01:1322012223132121", "geometry": {"type": "Polygon", "coordinates": [[[96.273193359375, 16.83083218962482], [96.273193359375, 16.836089974560213], [96.2677001953125, 16.836089974560213], [96.2677001953125, 16.83083218962482], [96.273193359375, 16.83083218962482]]]}, "properties": {"quadkey": "1322012223132121", "tile_x": 96.2704, "tile_y": 16.833499999999997, "avg_d_kbps": 32302, "avg_u_kbps": 11490, "avg_lat_ms": 148, "avg_lat_down_ms": 1032.0, "avg_lat_up_ms": 2496.0, "tests": 2, "devices": 1, "period_start": "2026-04-01", "period_end_exclusive": "2026-07-01", "service_type": "mobile", "source": "Ookla Open Data", "download_mbps": 32.302, "upload_mbps": 11.49, "centroid_in_project": true, "operator": null, "radio_generation": null, "serving_cell_id": null, "single_test_tile": false, "source_url": "https://ookla-open-data.s3.amazonaws.com/parquet/performance/type=mobile/year=2026/quarter=2/2026-04-01_performance_mobile_tiles.parquet"}}, {"type": "Feature", "id": "2026-04-01:1322012223132123", "geometry": {"type": "Polygon", "coordinates": [[[96.273193359375, 16.825574258731486], [96.273193359375, 16.83083218962482], [96.2677001953125, 16.83083218962482], [96.2677001953125, 16.825574258731486], [96.273193359375, 16.825574258731486]]]}, "properties": {"quadkey": "1322012223132123", "tile_x": 96.2704, "tile_y": 16.828200000000002, "avg_d_kbps": 46618, "avg_u_kbps": 12558, "avg_lat_ms": 38, "avg_lat_down_ms": 450.0, "avg_lat_up_ms": 189.0, "tests": 2, "devices": 2, "period_start": "2026-04-01", "period_end_exclusive": "2026-07-01", "service_type": "mobile", "source": "Ookla Open Data", "download_mbps": 46.618, "upload_mbps": 12.558, "centroid_in_project": true, "operator": null, "radio_generation": null, "serving_cell_id": null, "single_test_tile": false, "source_url": "https://ookla-open-data.s3.amazonaws.com/parquet/performance/type=mobile/year=2026/quarter=2/2026-04-01_performance_mobile_tiles.parquet"}}, {"type": "Feature", "id": "2026-04-01:1322012223211010", "geometry": {"type": "Polygon", "coordinates": [[[96.1248779296875, 16.799282416303978], [96.1248779296875, 16.80454107638345], [96.119384765625, 16.80454107638345], [96.119384765625, 16.799282416303978], [96.1248779296875, 16.799282416303978]]]}, "properties": {"quadkey": "1322012223211010", "tile_x": 96.12210000000002, "tile_y": 16.8019, "avg_d_kbps": 35330, "avg_u_kbps": 18143, "avg_lat_ms": 72, "avg_lat_down_ms": 950.0, "avg_lat_up_ms": 1585.0, "tests": 37, "devices": 2, "period_start": "2026-04-01", "period_end_exclusive": "2026-07-01", "service_type": "mobile", "source": "Ookla Open Data", "download_mbps": 35.33, "upload_mbps": 18.143, "centroid_in_project": true, "operator": null, "radio_generation": null, "serving_cell_id": null, "single_test_tile": false, "source_url": "https://ookla-open-data.s3.amazonaws.com/parquet/performance/type=mobile/year=2026/quarter=2/2026-04-01_performance_mobile_tiles.parquet"}}, {"type": "Feature", "id": "2026-04-01:1322012223211012", "geometry": {"type": "Polygon", "coordinates": [[[96.1248779296875, 16.794023610508034], [96.1248779296875, 16.799282416303978], [96.119384765625, 16.799282416303978], [96.119384765625, 16.794023610508034], [96.1248779296875, 16.794023610508034]]]}, "properties": {"quadkey": "1322012223211012", "tile_x": 96.12210000000002, "tile_y": 16.7967, "avg_d_kbps": 42670, "avg_u_kbps": 15314, "avg_lat_ms": 66, "avg_lat_down_ms": 1002.0, "avg_lat_up_ms": 1792.0, "tests": 3, "devices": 3, "period_start": "2026-04-01", "period_end_exclusive": "2026-07-01", "service_type": "mobile", "source": "Ookla Open Data", "download_mbps": 42.67, "upload_mbps": 15.314, "centroid_in_project": true, "operator": null, "radio_generation": null, "serving_cell_id": null, "single_test_tile": false, "source_url": "https://ookla-open-data.s3.amazonaws.com/parquet/performance/type=mobile/year=2026/quarter=2/2026-04-01_performance_mobile_tiles.parquet"}}, {"type": "Feature", "id": "2026-04-01:1322012223211013", "geometry": {"type": "Polygon", "coordinates": [[[96.13037109375, 16.794023610508034], [96.13037109375, 16.799282416303978], [96.1248779296875, 16.799282416303978], [96.1248779296875, 16.794023610508034], [96.13037109375, 16.794023610508034]]]}, "properties": {"quadkey": "1322012223211013", "tile_x": 96.1276, "tile_y": 16.7967, "avg_d_kbps": 58077, "avg_u_kbps": 16794, "avg_lat_ms": 64, "avg_lat_down_ms": 335.0, "avg_lat_up_ms": 1633.0, "tests": 2, "devices": 2, "period_start": "2026-04-01", "period_end_exclusive": "2026-07-01", "service_type": "mobile", "source": "Ookla Open Data", "download_mbps": 58.077, "upload_mbps": 16.794, "centroid_in_project": true, "operator": null, "radio_generation": null, "serving_cell_id": null, "single_test_tile": false, "source_url": "https://ookla-open-data.s3.amazonaws.com/parquet/performance/type=mobile/year=2026/quarter=2/2026-04-01_performance_mobile_tiles.parquet"}}, {"type": "Feature", "id": "2026-04-01:1322012223211030", "geometry": {"type": "Polygon", "coordinates": [[[96.1248779296875, 16.788764659035873], [96.1248779296875, 16.794023610508034], [96.119384765625, 16.794023610508034], [96.119384765625, 16.788764659035873], [96.1248779296875, 16.788764659035873]]]}, "properties": {"quadkey": "1322012223211030", "tile_x": 96.12210000000002, "tile_y": 16.791400000000003, "avg_d_kbps": 13141, "avg_u_kbps": 23454, "avg_lat_ms": 196, "avg_lat_down_ms": 730.0, "avg_lat_up_ms": 449.0, "tests": 4, "devices": 1, "period_start": "2026-04-01", "period_end_exclusive": "2026-07-01", "service_type": "mobile", "source": "Ookla Open Data", "download_mbps": 13.141, "upload_mbps": 23.454, "centroid_in_project": true, "operator": null, "radio_generation": null, "serving_cell_id": null, "single_test_tile": false, "source_url": "https://ookla-open-data.s3.amazonaws.com/parquet/performance/type=mobile/year=2026/quarter=2/2026-04-01_performance_mobile_tiles.parquet"}}, {"type": "Feature", "id": "2026-04-01:1322012223211031", "geometry": {"type": "Polygon", "coordinates": [[[96.13037109375, 16.788764659035873], [96.13037109375, 16.794023610508034], [96.1248779296875, 16.794023610508034], [96.1248779296875, 16.788764659035873], [96.13037109375, 16.788764659035873]]]}, "properties": {"quadkey": "1322012223211031", "tile_x": 96.1276, "tile_y": 16.791400000000003, "avg_d_kbps": 29970, "avg_u_kbps": 2279, "avg_lat_ms": 42, "avg_lat_down_ms": 732.0, "avg_lat_up_ms": 3995.0, "tests": 1, "devices": 1, "period_start": "2026-04-01", "period_end_exclusive": "2026-07-01", "service_type": "mobile", "source": "Ookla Open Data", "download_mbps": 29.97, "upload_mbps": 2.279, "centroid_in_project": true, "operator": null, "radio_generation": null, "serving_cell_id": null, "single_test_tile": true, "source_url": "https://ookla-open-data.s3.amazonaws.com/parquet/performance/type=mobile/year=2026/quarter=2/2026-04-01_performance_mobile_tiles.parquet"}}, {"type": "Feature", "id": "2026-04-01:1322012223211033", "geometry": {"type": "Polygon", "coordinates": [[[96.13037109375, 16.78350556192777], [96.13037109375, 16.788764659035873], [96.1248779296875, 16.788764659035873], [96.1248779296875, 16.78350556192777], [96.13037109375, 16.78350556192777]]]}, "properties": {"quadkey": "1322012223211033", "tile_x": 96.1276, "tile_y": 16.786099999999998, "avg_d_kbps": 65556, "avg_u_kbps": 32551, "avg_lat_ms": 65, "avg_lat_down_ms": 648.0, "avg_lat_up_ms": 948.0, "tests": 12, "devices": 5, "period_start": "2026-04-01", "period_end_exclusive": "2026-07-01", "service_type": "mobile", "source": "Ookla Open Data", "download_mbps": 65.556, "upload_mbps": 32.551, "centroid_in_project": true, "operator": null, "radio_generation": null, "serving_cell_id": null, "single_test_tile": false, "source_url": "https://ookla-open-data.s3.amazonaws.com/parquet/performance/type=mobile/year=2026/quarter=2/2026-04-01_performance_mobile_tiles.parquet"}}, {"type": "Feature", "id": "2026-04-01:1322012223211100", "geometry": {"type": "Polygon", "coordinates": [[[96.1358642578125, 16.799282416303978], [96.1358642578125, 16.80454107638345], [96.13037109375, 16.80454107638345], [96.13037109375, 16.799282416303978], [96.1358642578125, 16.799282416303978]]]}, "properties": {"quadkey": "1322012223211100", "tile_x": 96.13310000000001, "tile_y": 16.8019, "avg_d_kbps": 43638, "avg_u_kbps": 22131, "avg_lat_ms": 91, "avg_lat_down_ms": 1211.0, "avg_lat_up_ms": 423.0, "tests": 4, "devices": 3, "period_start": "2026-04-01", "period_end_exclusive": "2026-07-01", "service_type": "mobile", "source": "Ookla Open Data", "download_mbps": 43.638, "upload_mbps": 22.131, "centroid_in_project": true, "operator": null, "radio_generation": null, "serving_cell_id": null, "single_test_tile": false, "source_url": "https://ookla-open-data.s3.amazonaws.com/parquet/performance/type=mobile/year=2026/quarter=2/2026-04-01_performance_mobile_tiles.parquet"}}, {"type": "Feature", "id": "2026-04-01:1322012223211101", "geometry": {"type": "Polygon", "coordinates": [[[96.141357421875, 16.799282416303978], [96.141357421875, 16.80454107638345], [96.1358642578125, 16.80454107638345], [96.1358642578125, 16.799282416303978], [96.141357421875, 16.799282416303978]]]}, "properties": {"quadkey": "1322012223211101", "tile_x": 96.13860000000001, "tile_y": 16.8019, "avg_d_kbps": 24545, "avg_u_kbps": 21610, "avg_lat_ms": 123, "avg_lat_down_ms": 2748.0, "avg_lat_up_ms": 411.0, "tests": 2, "devices": 2, "period_start": "2026-04-01", "period_end_exclusive": "2026-07-01", "service_type": "mobile", "source": "Ookla Open Data", "download_mbps": 24.545, "upload_mbps": 21.61, "centroid_in_project": true, "operator": null, "radio_generation": null, "serving_cell_id": null, "single_test_tile": false, "source_url": "https://ookla-open-data.s3.amazonaws.com/parquet/performance/type=mobile/year=2026/quarter=2/2026-04-01_performance_mobile_tiles.parquet"}}, {"type": "Feature", "id": "2026-04-01:1322012223211102", "geometry": {"type": "Polygon", "coordinates": [[[96.1358642578125, 16.794023610508034], [96.1358642578125, 16.799282416303978], [96.13037109375, 16.799282416303978], [96.13037109375, 16.794023610508034], [96.1358642578125, 16.794023610508034]]]}, "properties": {"quadkey": "1322012223211102", "tile_x": 96.13310000000001, "tile_y": 16.7967, "avg_d_kbps": 6080, "avg_u_kbps": 4092, "avg_lat_ms": 14, "avg_lat_down_ms": 4924.0, "avg_lat_up_ms": 3322.0, "tests": 1, "devices": 1, "period_start": "2026-04-01", "period_end_exclusive": "2026-07-01", "service_type": "mobile", "source": "Ookla Open Data", "download_mbps": 6.08, "upload_mbps": 4.092, "centroid_in_project": true, "operator": null, "radio_generation": null, "serving_cell_id": null, "single_test_tile": true, "source_url": "https://ookla-open-data.s3.amazonaws.com/parquet/performance/type=mobile/year=2026/quarter=2/2026-04-01_performance_mobile_tiles.parquet"}}, {"type": "Feature", "id": "2026-04-01:1322012223211110", "geometry": {"type": "Polygon", "coordinates": [[[96.1468505859375, 16.799282416303978], [96.1468505859375, 16.80454107638345], [96.141357421875, 16.80454107638345], [96.141357421875, 16.799282416303978], [96.1468505859375, 16.799282416303978]]]}, "properties": {"quadkey": "1322012223211110", "tile_x": 96.14410000000001, "tile_y": 16.8019, "avg_d_kbps": 12544, "avg_u_kbps": 12089, "avg_lat_ms": 5, "avg_lat_down_ms": 81.0, "avg_lat_up_ms": 15.0, "tests": 1, "devices": 1, "period_start": "2026-04-01", "period_end_exclusive": "2026-07-01", "service_type": "mobile", "source": "Ookla Open Data", "download_mbps": 12.544, "upload_mbps": 12.089, "centroid_in_project": true, "operator": null, "radio_generation": null, "serving_cell_id": null, "single_test_tile": true, "source_url": "https://ookla-open-data.s3.amazonaws.com/parquet/performance/type=mobile/year=2026/quarter=2/2026-04-01_performance_mobile_tiles.parquet"}}, {"type": "Feature", "id": "2026-04-01:1322012223211121", "geometry": {"type": "Polygon", "coordinates": [[[96.141357421875, 16.788764659035873], [96.141357421875, 16.794023610508034], [96.1358642578125, 16.794023610508034], [96.1358642578125, 16.788764659035873], [96.141357421875, 16.788764659035873]]]}, "properties": {"quadkey": "1322012223211121", "tile_x": 96.13860000000001, "tile_y": 16.791400000000003, "avg_d_kbps": 9223, "avg_u_kbps": 7828, "avg_lat_ms": 64, "avg_lat_down_ms": 1239.0, "avg_lat_up_ms": 1650.0, "tests": 6, "devices": 2, "period_start": "2026-04-01", "period_end_exclusive": "2026-07-01", "service_type": "mobile", "source": "Ookla Open Data", "download_mbps": 9.223, "upload_mbps": 7.828, "centroid_in_project": true, "operator": null, "radio_generation": null, "serving_cell_id": null, "single_test_tile": false, "source_url": "https://ookla-open-data.s3.amazonaws.com/parquet/performance/type=mobile/year=2026/quarter=2/2026-04-01_performance_mobile_tiles.parquet"}}, {"type": "Feature", "id": "2026-04-01:1322012223211122", "geometry": {"type": "Polygon", "coordinates": [[[96.1358642578125, 16.78350556192777], [96.1358642578125, 16.788764659035873], [96.13037109375, 16.788764659035873], [96.13037109375, 16.78350556192777], [96.1358642578125, 16.78350556192777]]]}, "properties": {"quadkey": "1322012223211122", "tile_x": 96.13310000000001, "tile_y": 16.786099999999998, "avg_d_kbps": 49357, "avg_u_kbps": 49850, "avg_lat_ms": 65, "avg_lat_down_ms": 368.0, "avg_lat_up_ms": 314.0, "tests": 2, "devices": 2, "period_start": "2026-04-01", "period_end_exclusive": "2026-07-01", "service_type": "mobile", "source": "Ookla Open Data", "download_mbps": 49.357, "upload_mbps": 49.85, "centroid_in_project": true, "operator": null, "radio_generation": null, "serving_cell_id": null, "single_test_tile": false, "source_url": "https://ookla-open-data.s3.amazonaws.com/parquet/performance/type=mobile/year=2026/quarter=2/2026-04-01_performance_mobile_tiles.parquet"}}, {"type": "Feature", "id": "2026-04-01:1322012223211123", "geometry": {"type": "Polygon", "coordinates": [[[96.141357421875, 16.78350556192777], [96.141357421875, 16.788764659035873], [96.1358642578125, 16.788764659035873], [96.1358642578125, 16.78350556192777], [96.141357421875, 16.78350556192777]]]}, "properties": {"quadkey": "1322012223211123", "tile_x": 96.13860000000001, "tile_y": 16.786099999999998, "avg_d_kbps": 28508, "avg_u_kbps": 20721, "avg_lat_ms": 145, "avg_lat_down_ms": 1113.0, "avg_lat_up_ms": 2333.0, "tests": 4, "devices": 3, "period_start": "2026-04-01", "period_end_exclusive": "2026-07-01", "service_type": "mobile", "source": "Ookla Open Data", "download_mbps": 28.508, "upload_mbps": 20.721, "centroid_in_project": true, "operator": null, "radio_generation": null, "serving_cell_id": null, "single_test_tile": false, "source_url": "https://ookla-open-data.s3.amazonaws.com/parquet/performance/type=mobile/year=2026/quarter=2/2026-04-01_performance_mobile_tiles.parquet"}}, {"type": "Feature", "id": "2026-04-01:1322012223211130", "geometry": {"type": "Polygon", "coordinates": [[[96.1468505859375, 16.788764659035873], [96.1468505859375, 16.794023610508034], [96.141357421875, 16.794023610508034], [96.141357421875, 16.788764659035873], [96.1468505859375, 16.788764659035873]]]}, "properties": {"quadkey": "1322012223211130", "tile_x": 96.14410000000001, "tile_y": 16.791400000000003, "avg_d_kbps": 74775, "avg_u_kbps": 16228, "avg_lat_ms": 458, "avg_lat_down_ms": 1890.0, "avg_lat_up_ms": 2309.0, "tests": 1, "devices": 1, "period_start": "2026-04-01", "period_end_exclusive": "2026-07-01", "service_type": "mobile", "source": "Ookla Open Data", "download_mbps": 74.775, "upload_mbps": 16.228, "centroid_in_project": true, "operator": null, "radio_generation": null, "serving_cell_id": null, "single_test_tile": true, "source_url": "https://ookla-open-data.s3.amazonaws.com/parquet/performance/type=mobile/year=2026/quarter=2/2026-04-01_performance_mobile_tiles.parquet"}}, {"type": "Feature", "id": "2026-04-01:1322012223211132", "geometry": {"type": "Polygon", "coordinates": [[[96.1468505859375, 16.78350556192777], [96.1468505859375, 16.788764659035873], [96.141357421875, 16.788764659035873], [96.141357421875, 16.78350556192777], [96.1468505859375, 16.78350556192777]]]}, "properties": {"quadkey": "1322012223211132", "tile_x": 96.14410000000001, "tile_y": 16.786099999999998, "avg_d_kbps": 32702, "avg_u_kbps": 10955, "avg_lat_ms": 140, "avg_lat_down_ms": 703.0, "avg_lat_up_ms": 1512.0, "tests": 3, "devices": 2, "period_start": "2026-04-01", "period_end_exclusive": "2026-07-01", "service_type": "mobile", "source": "Ookla Open Data", "download_mbps": 32.702, "upload_mbps": 10.955, "centroid_in_project": true, "operator": null, "radio_generation": null, "serving_cell_id": null, "single_test_tile": false, "source_url": "https://ookla-open-data.s3.amazonaws.com/parquet/performance/type=mobile/year=2026/quarter=2/2026-04-01_performance_mobile_tiles.parquet"}}, {"type": "Feature", "id": "2026-04-01:1322012223211211", "geometry": {"type": "Polygon", "coordinates": [[[96.13037109375, 16.77824631922401], [96.13037109375, 16.78350556192777], [96.1248779296875, 16.78350556192777], [96.1248779296875, 16.77824631922401], [96.13037109375, 16.77824631922401]]]}, "properties": {"quadkey": "1322012223211211", "tile_x": 96.1276, "tile_y": 16.780900000000003, "avg_d_kbps": 15008, "avg_u_kbps": 8123, "avg_lat_ms": 63, "avg_lat_down_ms": 716.0, "avg_lat_up_ms": 1764.0, "tests": 1, "devices": 1, "period_start": "2026-04-01", "period_end_exclusive": "2026-07-01", "service_type": "mobile", "source": "Ookla Open Data", "download_mbps": 15.008, "upload_mbps": 8.123, "centroid_in_project": true, "operator": null, "radio_generation": null, "serving_cell_id": null, "single_test_tile": true, "source_url": "https://ookla-open-data.s3.amazonaws.com/parquet/performance/type=mobile/year=2026/quarter=2/2026-04-01_performance_mobile_tiles.parquet"}}, {"type": "Feature", "id": "2026-04-01:1322012223211300", "geometry": {"type": "Polygon", "coordinates": [[[96.1358642578125, 16.77824631922401], [96.1358642578125, 16.78350556192777], [96.13037109375, 16.78350556192777], [96.13037109375, 16.77824631922401], [96.1358642578125, 16.77824631922401]]]}, "properties": {"quadkey": "1322012223211300", "tile_x": 96.13310000000001, "tile_y": 16.780900000000003, "avg_d_kbps": 90083, "avg_u_kbps": 35073, "avg_lat_ms": 103, "avg_lat_down_ms": 624.0, "avg_lat_up_ms": 306.0, "tests": 4, "devices": 3, "period_start": "2026-04-01", "period_end_exclusive": "2026-07-01", "service_type": "mobile", "source": "Ookla Open Data", "download_mbps": 90.083, "upload_mbps": 35.073, "centroid_in_project": true, "operator": null, "radio_generation": null, "serving_cell_id": null, "single_test_tile": false, "source_url": "https://ookla-open-data.s3.amazonaws.com/parquet/performance/type=mobile/year=2026/quarter=2/2026-04-01_performance_mobile_tiles.parquet"}}, {"type": "Feature", "id": "2026-04-01:1322012223211301", "geometry": {"type": "Polygon", "coordinates": [[[96.141357421875, 16.77824631922401], [96.141357421875, 16.78350556192777], [96.1358642578125, 16.78350556192777], [96.1358642578125, 16.77824631922401], [96.141357421875, 16.77824631922401]]]}, "properties": {"quadkey": "1322012223211301", "tile_x": 96.13860000000001, "tile_y": 16.780900000000003, "avg_d_kbps": 25769, "avg_u_kbps": 30816, "avg_lat_ms": 91, "avg_lat_down_ms": 740.0, "avg_lat_up_ms": 376.0, "tests": 3, "devices": 3, "period_start": "2026-04-01", "period_end_exclusive": "2026-07-01", "service_type": "mobile", "source": "Ookla Open Data", "download_mbps": 25.769, "upload_mbps": 30.816, "centroid_in_project": true, "operator": null, "radio_generation": null, "serving_cell_id": null, "single_test_tile": false, "source_url": "https://ookla-open-data.s3.amazonaws.com/parquet/performance/type=mobile/year=2026/quarter=2/2026-04-01_performance_mobile_tiles.parquet"}}, {"type": "Feature", "id": "2026-04-01:1322012223211302", "geometry": {"type": "Polygon", "coordinates": [[[96.1358642578125, 16.772986930964866], [96.1358642578125, 16.77824631922401], [96.13037109375, 16.77824631922401], [96.13037109375, 16.772986930964866], [96.1358642578125, 16.772986930964866]]]}, "properties": {"quadkey": "1322012223211302", "tile_x": 96.13310000000001, "tile_y": 16.7756, "avg_d_kbps": 5320, "avg_u_kbps": 1145, "avg_lat_ms": 87, "avg_lat_down_ms": 1344.0, "avg_lat_up_ms": 2719.0, "tests": 1, "devices": 1, "period_start": "2026-04-01", "period_end_exclusive": "2026-07-01", "service_type": "mobile", "source": "Ookla Open Data", "download_mbps": 5.32, "upload_mbps": 1.145, "centroid_in_project": true, "operator": null, "radio_generation": null, "serving_cell_id": null, "single_test_tile": true, "source_url": "https://ookla-open-data.s3.amazonaws.com/parquet/performance/type=mobile/year=2026/quarter=2/2026-04-01_performance_mobile_tiles.parquet"}}, {"type": "Feature", "id": "2026-04-01:1322012223211303", "geometry": {"type": "Polygon", "coordinates": [[[96.141357421875, 16.772986930964866], [96.141357421875, 16.77824631922401], [96.1358642578125, 16.77824631922401], [96.1358642578125, 16.772986930964866], [96.141357421875, 16.772986930964866]]]}, "properties": {"quadkey": "1322012223211303", "tile_x": 96.13860000000001, "tile_y": 16.7756, "avg_d_kbps": 64443, "avg_u_kbps": 47537, "avg_lat_ms": 144, "avg_lat_down_ms": 599.0, "avg_lat_up_ms": 427.0, "tests": 1, "devices": 1, "period_start": "2026-04-01", "period_end_exclusive": "2026-07-01", "service_type": "mobile", "source": "Ookla Open Data", "download_mbps": 64.443, "upload_mbps": 47.537, "centroid_in_project": true, "operator": null, "radio_generation": null, "serving_cell_id": null, "single_test_tile": true, "source_url": "https://ookla-open-data.s3.amazonaws.com/parquet/performance/type=mobile/year=2026/quarter=2/2026-04-01_performance_mobile_tiles.parquet"}}, {"type": "Feature", "id": "2026-04-01:1322012223211310", "geometry": {"type": "Polygon", "coordinates": [[[96.1468505859375, 16.77824631922401], [96.1468505859375, 16.78350556192777], [96.141357421875, 16.78350556192777], [96.141357421875, 16.77824631922401], [96.1468505859375, 16.77824631922401]]]}, "properties": {"quadkey": "1322012223211310", "tile_x": 96.14410000000001, "tile_y": 16.780900000000003, "avg_d_kbps": 26173, "avg_u_kbps": 7579, "avg_lat_ms": 52, "avg_lat_down_ms": 692.0, "avg_lat_up_ms": 1582.0, "tests": 3, "devices": 3, "period_start": "2026-04-01", "period_end_exclusive": "2026-07-01", "service_type": "mobile", "source": "Ookla Open Data", "download_mbps": 26.173, "upload_mbps": 7.579, "centroid_in_project": true, "operator": null, "radio_generation": null, "serving_cell_id": null, "single_test_tile": false, "source_url": "https://ookla-open-data.s3.amazonaws.com/parquet/performance/type=mobile/year=2026/quarter=2/2026-04-01_performance_mobile_tiles.parquet"}}, {"type": "Feature", "id": "2026-04-01:1322012223211311", "geometry": {"type": "Polygon", "coordinates": [[[96.15234375, 16.77824631922401], [96.15234375, 16.78350556192777], [96.1468505859375, 16.78350556192777], [96.1468505859375, 16.77824631922401], [96.15234375, 16.77824631922401]]]}, "properties": {"quadkey": "1322012223211311", "tile_x": 96.1496, "tile_y": 16.780900000000003, "avg_d_kbps": 6835, "avg_u_kbps": 8108, "avg_lat_ms": 19, "avg_lat_down_ms": 3783.0, "avg_lat_up_ms": 955.0, "tests": 2, "devices": 2, "period_start": "2026-04-01", "period_end_exclusive": "2026-07-01", "service_type": "mobile", "source": "Ookla Open Data", "download_mbps": 6.835, "upload_mbps": 8.108, "centroid_in_project": true, "operator": null, "radio_generation": null, "serving_cell_id": null, "single_test_tile": false, "source_url": "https://ookla-open-data.s3.amazonaws.com/parquet/performance/type=mobile/year=2026/quarter=2/2026-04-01_performance_mobile_tiles.parquet"}}, {"type": "Feature", "id": "2026-04-01:1322012223211312", "geometry": {"type": "Polygon", "coordinates": [[[96.1468505859375, 16.772986930964866], [96.1468505859375, 16.77824631922401], [96.141357421875, 16.77824631922401], [96.141357421875, 16.772986930964866], [96.1468505859375, 16.772986930964866]]]}, "properties": {"quadkey": "1322012223211312", "tile_x": 96.14410000000001, "tile_y": 16.7756, "avg_d_kbps": 49967, "avg_u_kbps": 28844, "avg_lat_ms": 66, "avg_lat_down_ms": 1119.0, "avg_lat_up_ms": 430.0, "tests": 8, "devices": 6, "period_start": "2026-04-01", "period_end_exclusive": "2026-07-01", "service_type": "mobile", "source": "Ookla Open Data", "download_mbps": 49.967, "upload_mbps": 28.844, "centroid_in_project": true, "operator": null, "radio_generation": null, "serving_cell_id": null, "single_test_tile": false, "source_url": "https://ookla-open-data.s3.amazonaws.com/parquet/performance/type=mobile/year=2026/quarter=2/2026-04-01_performance_mobile_tiles.parquet"}}, {"type": "Feature", "id": "2026-04-01:1322012223211313", "geometry": {"type": "Polygon", "coordinates": [[[96.15234375, 16.772986930964866], [96.15234375, 16.77824631922401], [96.1468505859375, 16.77824631922401], [96.1468505859375, 16.772986930964866], [96.15234375, 16.772986930964866]]]}, "properties": {"quadkey": "1322012223211313", "tile_x": 96.1496, "tile_y": 16.7756, "avg_d_kbps": 13975, "avg_u_kbps": 16415, "avg_lat_ms": 76, "avg_lat_down_ms": 1620.0, "avg_lat_up_ms": 666.0, "tests": 4, "devices": 4, "period_start": "2026-04-01", "period_end_exclusive": "2026-07-01", "service_type": "mobile", "source": "Ookla Open Data", "download_mbps": 13.975, "upload_mbps": 16.415, "centroid_in_project": true, "operator": null, "radio_generation": null, "serving_cell_id": null, "single_test_tile": false, "source_url": "https://ookla-open-data.s3.amazonaws.com/parquet/performance/type=mobile/year=2026/quarter=2/2026-04-01_performance_mobile_tiles.parquet"}}, {"type": "Feature", "id": "2026-04-01:1322012223211323", "geometry": {"type": "Polygon", "coordinates": [[[96.141357421875, 16.762467717941604], [96.141357421875, 16.76772739719063], [96.1358642578125, 16.76772739719063], [96.1358642578125, 16.762467717941604], [96.141357421875, 16.762467717941604]]]}, "properties": {"quadkey": "1322012223211323", "tile_x": 96.13860000000001, "tile_y": 16.765099999999997, "avg_d_kbps": 22872, "avg_u_kbps": 3920, "avg_lat_ms": 14, "avg_lat_down_ms": 862.0, "avg_lat_up_ms": 1328.0, "tests": 1, "devices": 1, "period_start": "2026-04-01", "period_end_exclusive": "2026-07-01", "service_type": "mobile", "source": "Ookla Open Data", "download_mbps": 22.872, "upload_mbps": 3.92, "centroid_in_project": true, "operator": null, "radio_generation": null, "serving_cell_id": null, "single_test_tile": true, "source_url": "https://ookla-open-data.s3.amazonaws.com/parquet/performance/type=mobile/year=2026/quarter=2/2026-04-01_performance_mobile_tiles.parquet"}}, {"type": "Feature", "id": "2026-04-01:1322012223211332", "geometry": {"type": "Polygon", "coordinates": [[[96.1468505859375, 16.762467717941604], [96.1468505859375, 16.76772739719063], [96.141357421875, 16.76772739719063], [96.141357421875, 16.762467717941604], [96.1468505859375, 16.762467717941604]]]}, "properties": {"quadkey": "1322012223211332", "tile_x": 96.14410000000001, "tile_y": 16.765099999999997, "avg_d_kbps": 48648, "avg_u_kbps": 4191, "avg_lat_ms": 56, "avg_lat_down_ms": 290.0, "avg_lat_up_ms": 4058.0, "tests": 2, "devices": 1, "period_start": "2026-04-01", "period_end_exclusive": "2026-07-01", "service_type": "mobile", "source": "Ookla Open Data", "download_mbps": 48.648, "upload_mbps": 4.191, "centroid_in_project": true, "operator": null, "radio_generation": null, "serving_cell_id": null, "single_test_tile": false, "source_url": "https://ookla-open-data.s3.amazonaws.com/parquet/performance/type=mobile/year=2026/quarter=2/2026-04-01_performance_mobile_tiles.parquet"}}, {"type": "Feature", "id": "2026-04-01:1322012223213110", "geometry": {"type": "Polygon", "coordinates": [[[96.1468505859375, 16.75720789325807], [96.1468505859375, 16.762467717941604], [96.141357421875, 16.762467717941604], [96.141357421875, 16.75720789325807], [96.1468505859375, 16.75720789325807]]]}, "properties": {"quadkey": "1322012223213110", "tile_x": 96.14410000000001, "tile_y": 16.759800000000002, "avg_d_kbps": 9535, "avg_u_kbps": 7356, "avg_lat_ms": 204, "avg_lat_down_ms": 1747.0, "avg_lat_up_ms": 4939.0, "tests": 2, "devices": 1, "period_start": "2026-04-01", "period_end_exclusive": "2026-07-01", "service_type": "mobile", "source": "Ookla Open Data", "download_mbps": 9.535, "upload_mbps": 7.356, "centroid_in_project": true, "operator": null, "radio_generation": null, "serving_cell_id": null, "single_test_tile": false, "source_url": "https://ookla-open-data.s3.amazonaws.com/parquet/performance/type=mobile/year=2026/quarter=2/2026-04-01_performance_mobile_tiles.parquet"}}, {"type": "Feature", "id": "2026-04-01:1322012223213113", "geometry": {"type": "Polygon", "coordinates": [[[96.15234375, 16.75194792318035], [96.15234375, 16.75720789325807], [96.1468505859375, 16.75720789325807], [96.1468505859375, 16.75194792318035], [96.15234375, 16.75194792318035]]]}, "properties": {"quadkey": "1322012223213113", "tile_x": 96.1496, "tile_y": 16.7546, "avg_d_kbps": 26812, "avg_u_kbps": 2375, "avg_lat_ms": 78, "avg_lat_down_ms": 545.0, "avg_lat_up_ms": 4598.0, "tests": 2, "devices": 1, "period_start": "2026-04-01", "period_end_exclusive": "2026-07-01", "service_type": "mobile", "source": "Ookla Open Data", "download_mbps": 26.812, "upload_mbps": 2.375, "centroid_in_project": true, "operator": null, "radio_generation": null, "serving_cell_id": null, "single_test_tile": false, "source_url": "https://ookla-open-data.s3.amazonaws.com/parquet/performance/type=mobile/year=2026/quarter=2/2026-04-01_performance_mobile_tiles.parquet"}}, {"type": "Feature", "id": "2026-04-01:1322012223300000", "geometry": {"type": "Polygon", "coordinates": [[[96.1578369140625, 16.799282416303978], [96.1578369140625, 16.80454107638345], [96.15234375, 16.80454107638345], [96.15234375, 16.799282416303978], [96.1578369140625, 16.799282416303978]]]}, "properties": {"quadkey": "1322012223300000", "tile_x": 96.1551, "tile_y": 16.8019, "avg_d_kbps": 7417, "avg_u_kbps": 12213, "avg_lat_ms": 204, "avg_lat_down_ms": 1522.0, "avg_lat_up_ms": 1116.0, "tests": 3, "devices": 3, "period_start": "2026-04-01", "period_end_exclusive": "2026-07-01", "service_type": "mobile", "source": "Ookla Open Data", "download_mbps": 7.417, "upload_mbps": 12.213, "centroid_in_project": true, "operator": null, "radio_generation": null, "serving_cell_id": null, "single_test_tile": false, "source_url": "https://ookla-open-data.s3.amazonaws.com/parquet/performance/type=mobile/year=2026/quarter=2/2026-04-01_performance_mobile_tiles.parquet"}}, {"type": "Feature", "id": "2026-04-01:1322012223300002", "geometry": {"type": "Polygon", "coordinates": [[[96.1578369140625, 16.794023610508034], [96.1578369140625, 16.799282416303978], [96.15234375, 16.799282416303978], [96.15234375, 16.794023610508034], [96.1578369140625, 16.794023610508034]]]}, "properties": {"quadkey": "1322012223300002", "tile_x": 96.1551, "tile_y": 16.7967, "avg_d_kbps": 45981, "avg_u_kbps": 14549, "avg_lat_ms": 87, "avg_lat_down_ms": 272.0, "avg_lat_up_ms": 244.0, "tests": 1, "devices": 1, "period_start": "2026-04-01", "period_end_exclusive": "2026-07-01", "service_type": "mobile", "source": "Ookla Open Data", "download_mbps": 45.981, "upload_mbps": 14.549, "centroid_in_project": true, "operator": null, "radio_generation": null, "serving_cell_id": null, "single_test_tile": true, "source_url": "https://ookla-open-data.s3.amazonaws.com/parquet/performance/type=mobile/year=2026/quarter=2/2026-04-01_performance_mobile_tiles.parquet"}}, {"type": "Feature", "id": "2026-04-01:1322012223300011", "geometry": {"type": "Polygon", "coordinates": [[[96.17431640625, 16.799282416303978], [96.17431640625, 16.80454107638345], [96.1688232421875, 16.80454107638345], [96.1688232421875, 16.799282416303978], [96.17431640625, 16.799282416303978]]]}, "properties": {"quadkey": "1322012223300011", "tile_x": 96.1716, "tile_y": 16.8019, "avg_d_kbps": 55740, "avg_u_kbps": 21413, "avg_lat_ms": 49, "avg_lat_down_ms": 328.0, "avg_lat_up_ms": 231.0, "tests": 3, "devices": 2, "period_start": "2026-04-01", "period_end_exclusive": "2026-07-01", "service_type": "mobile", "source": "Ookla Open Data", "download_mbps": 55.74, "upload_mbps": 21.413, "centroid_in_project": true, "operator": null, "radio_generation": null, "serving_cell_id": null, "single_test_tile": false, "source_url": "https://ookla-open-data.s3.amazonaws.com/parquet/performance/type=mobile/year=2026/quarter=2/2026-04-01_performance_mobile_tiles.parquet"}}, {"type": "Feature", "id": "2026-04-01:1322012223300021", "geometry": {"type": "Polygon", "coordinates": [[[96.163330078125, 16.788764659035873], [96.163330078125, 16.794023610508034], [96.1578369140625, 16.794023610508034], [96.1578369140625, 16.788764659035873], [96.163330078125, 16.788764659035873]]]}, "properties": {"quadkey": "1322012223300021", "tile_x": 96.16060000000002, "tile_y": 16.791400000000003, "avg_d_kbps": 53811, "avg_u_kbps": 21770, "avg_lat_ms": 41, "avg_lat_down_ms": 593.0, "avg_lat_up_ms": 931.0, "tests": 4, "devices": 3, "period_start": "2026-04-01", "period_end_exclusive": "2026-07-01", "service_type": "mobile", "source": "Ookla Open Data", "download_mbps": 53.811, "upload_mbps": 21.77, "centroid_in_project": true, "operator": null, "radio_generation": null, "serving_cell_id": null, "single_test_tile": false, "source_url": "https://ookla-open-data.s3.amazonaws.com/parquet/performance/type=mobile/year=2026/quarter=2/2026-04-01_performance_mobile_tiles.parquet"}}, {"type": "Feature", "id": "2026-04-01:1322012223300022", "geometry": {"type": "Polygon", "coordinates": [[[96.1578369140625, 16.78350556192777], [96.1578369140625, 16.788764659035873], [96.15234375, 16.788764659035873], [96.15234375, 16.78350556192777], [96.1578369140625, 16.78350556192777]]]}, "properties": {"quadkey": "1322012223300022", "tile_x": 96.1551, "tile_y": 16.786099999999998, "avg_d_kbps": 54160, "avg_u_kbps": 19027, "avg_lat_ms": 70, "avg_lat_down_ms": 1245.0, "avg_lat_up_ms": 5115.0, "tests": 2, "devices": 1, "period_start": "2026-04-01", "period_end_exclusive": "2026-07-01", "service_type": "mobile", "source": "Ookla Open Data", "download_mbps": 54.16, "upload_mbps": 19.027, "centroid_in_project": true, "operator": null, "radio_generation": null, "serving_cell_id": null, "single_test_tile": false, "source_url": "https://ookla-open-data.s3.amazonaws.com/parquet/performance/type=mobile/year=2026/quarter=2/2026-04-01_performance_mobile_tiles.parquet"}}, {"type": "Feature", "id": "2026-04-01:1322012223300030", "geometry": {"type": "Polygon", "coordinates": [[[96.1688232421875, 16.788764659035873], [96.1688232421875, 16.794023610508034], [96.163330078125, 16.794023610508034], [96.163330078125, 16.788764659035873], [96.1688232421875, 16.788764659035873]]]}, "properties": {"quadkey": "1322012223300030", "tile_x": 96.1661, "tile_y": 16.791400000000003, "avg_d_kbps": 12010, "avg_u_kbps": 17228, "avg_lat_ms": 60, "avg_lat_down_ms": 681.0, "avg_lat_up_ms": 5829.0, "tests": 1, "devices": 1, "period_start": "2026-04-01", "period_end_exclusive": "2026-07-01", "service_type": "mobile", "source": "Ookla Open Data", "download_mbps": 12.01, "upload_mbps": 17.228, "centroid_in_project": true, "operator": null, "radio_generation": null, "serving_cell_id": null, "single_test_tile": true, "source_url": "https://ookla-open-data.s3.amazonaws.com/parquet/performance/type=mobile/year=2026/quarter=2/2026-04-01_performance_mobile_tiles.parquet"}}, {"type": "Feature", "id": "2026-04-01:1322012223300032", "geometry": {"type": "Polygon", "coordinates": [[[96.1688232421875, 16.78350556192777], [96.1688232421875, 16.788764659035873], [96.163330078125, 16.788764659035873], [96.163330078125, 16.78350556192777], [96.1688232421875, 16.78350556192777]]]}, "properties": {"quadkey": "1322012223300032", "tile_x": 96.1661, "tile_y": 16.786099999999998, "avg_d_kbps": 30754, "avg_u_kbps": 22688, "avg_lat_ms": 199, "avg_lat_down_ms": 1457.0, "avg_lat_up_ms": 449.0, "tests": 2, "devices": 2, "period_start": "2026-04-01", "period_end_exclusive": "2026-07-01", "service_type": "mobile", "source": "Ookla Open Data", "download_mbps": 30.754, "upload_mbps": 22.688, "centroid_in_project": true, "operator": null, "radio_generation": null, "serving_cell_id": null, "single_test_tile": false, "source_url": "https://ookla-open-data.s3.amazonaws.com/parquet/performance/type=mobile/year=2026/quarter=2/2026-04-01_performance_mobile_tiles.parquet"}}, {"type": "Feature", "id": "2026-04-01:1322012223300033", "geometry": {"type": "Polygon", "coordinates": [[[96.17431640625, 16.78350556192777], [96.17431640625, 16.788764659035873], [96.1688232421875, 16.788764659035873], [96.1688232421875, 16.78350556192777], [96.17431640625, 16.78350556192777]]]}, "properties": {"quadkey": "1322012223300033", "tile_x": 96.1716, "tile_y": 16.786099999999998, "avg_d_kbps": 2554, "avg_u_kbps": 4463, "avg_lat_ms": 34, "avg_lat_down_ms": null, "avg_lat_up_ms": 2388.0, "tests": 1, "devices": 1, "period_start": "2026-04-01", "period_end_exclusive": "2026-07-01", "service_type": "mobile", "source": "Ookla Open Data", "download_mbps": 2.554, "upload_mbps": 4.463, "centroid_in_project": true, "operator": null, "radio_generation": null, "serving_cell_id": null, "single_test_tile": true, "source_url": "https://ookla-open-data.s3.amazonaws.com/parquet/performance/type=mobile/year=2026/quarter=2/2026-04-01_performance_mobile_tiles.parquet"}}, {"type": "Feature", "id": "2026-04-01:1322012223300100", "geometry": {"type": "Polygon", "coordinates": [[[96.1798095703125, 16.799282416303978], [96.1798095703125, 16.80454107638345], [96.17431640625, 16.80454107638345], [96.17431640625, 16.799282416303978], [96.1798095703125, 16.799282416303978]]]}, "properties": {"quadkey": "1322012223300100", "tile_x": 96.17710000000001, "tile_y": 16.8019, "avg_d_kbps": 61421, "avg_u_kbps": 24176, "avg_lat_ms": 82, "avg_lat_down_ms": 580.0, "avg_lat_up_ms": 592.0, "tests": 33, "devices": 6, "period_start": "2026-04-01", "period_end_exclusive": "2026-07-01", "service_type": "mobile", "source": "Ookla Open Data", "download_mbps": 61.421, "upload_mbps": 24.176, "centroid_in_project": true, "operator": null, "radio_generation": null, "serving_cell_id": null, "single_test_tile": false, "source_url": "https://ookla-open-data.s3.amazonaws.com/parquet/performance/type=mobile/year=2026/quarter=2/2026-04-01_performance_mobile_tiles.parquet"}}, {"type": "Feature", "id": "2026-04-01:1322012223300101", "geometry": {"type": "Polygon", "coordinates": [[[96.185302734375, 16.799282416303978], [96.185302734375, 16.80454107638345], [96.1798095703125, 16.80454107638345], [96.1798095703125, 16.799282416303978], [96.185302734375, 16.799282416303978]]]}, "properties": {"quadkey": "1322012223300101", "tile_x": 96.18260000000001, "tile_y": 16.8019, "avg_d_kbps": 1012, "avg_u_kbps": 5780, "avg_lat_ms": 212, "avg_lat_down_ms": null, "avg_lat_up_ms": 695.0, "tests": 1, "devices": 1, "period_start": "2026-04-01", "period_end_exclusive": "2026-07-01", "service_type": "mobile", "source": "Ookla Open Data", "download_mbps": 1.012, "upload_mbps": 5.78, "centroid_in_project": true, "operator": null, "radio_generation": null, "serving_cell_id": null, "single_test_tile": true, "source_url": "https://ookla-open-data.s3.amazonaws.com/parquet/performance/type=mobile/year=2026/quarter=2/2026-04-01_performance_mobile_tiles.parquet"}}, {"type": "Feature", "id": "2026-04-01:1322012223300102", "geometry": {"type": "Polygon", "coordinates": [[[96.1798095703125, 16.794023610508034], [96.1798095703125, 16.799282416303978], [96.17431640625, 16.799282416303978], [96.17431640625, 16.794023610508034], [96.1798095703125, 16.794023610508034]]]}, "properties": {"quadkey": "1322012223300102", "tile_x": 96.17710000000001, "tile_y": 16.7967, "avg_d_kbps": 31597, "avg_u_kbps": 22155, "avg_lat_ms": 14, "avg_lat_down_ms": 661.0, "avg_lat_up_ms": 299.0, "tests": 1, "devices": 1, "period_start": "2026-04-01", "period_end_exclusive": "2026-07-01", "service_type": "mobile", "source": "Ookla Open Data", "download_mbps": 31.597, "upload_mbps": 22.155, "centroid_in_project": true, "operator": null, "radio_generation": null, "serving_cell_id": null, "single_test_tile": true, "source_url": "https://ookla-open-data.s3.amazonaws.com/parquet/performance/type=mobile/year=2026/quarter=2/2026-04-01_performance_mobile_tiles.parquet"}}, {"type": "Feature", "id": "2026-04-01:1322012223300111", "geometry": {"type": "Polygon", "coordinates": [[[96.1962890625, 16.799282416303978], [96.1962890625, 16.80454107638345], [96.1907958984375, 16.80454107638345], [96.1907958984375, 16.799282416303978], [96.1962890625, 16.799282416303978]]]}, "properties": {"quadkey": "1322012223300111", "tile_x": 96.1935, "tile_y": 16.8019, "avg_d_kbps": 42560, "avg_u_kbps": 4861, "avg_lat_ms": 129, "avg_lat_down_ms": 759.0, "avg_lat_up_ms": 167.0, "tests": 2, "devices": 2, "period_start": "2026-04-01", "period_end_exclusive": "2026-07-01", "service_type": "mobile", "source": "Ookla Open Data", "download_mbps": 42.56, "upload_mbps": 4.861, "centroid_in_project": true, "operator": null, "radio_generation": null, "serving_cell_id": null, "single_test_tile": false, "source_url": "https://ookla-open-data.s3.amazonaws.com/parquet/performance/type=mobile/year=2026/quarter=2/2026-04-01_performance_mobile_tiles.parquet"}}, {"type": "Feature", "id": "2026-04-01:1322012223300112", "geometry": {"type": "Polygon", "coordinates": [[[96.1907958984375, 16.794023610508034], [96.1907958984375, 16.799282416303978], [96.185302734375, 16.799282416303978], [96.185302734375, 16.794023610508034], [96.1907958984375, 16.794023610508034]]]}, "properties": {"quadkey": "1322012223300112", "tile_x": 96.18799999999999, "tile_y": 16.7967, "avg_d_kbps": 36076, "avg_u_kbps": 31452, "avg_lat_ms": 45, "avg_lat_down_ms": 356.0, "avg_lat_up_ms": 82.0, "tests": 2, "devices": 1, "period_start": "2026-04-01", "period_end_exclusive": "2026-07-01", "service_type": "mobile", "source": "Ookla Open Data", "download_mbps": 36.076, "upload_mbps": 31.452, "centroid_in_project": true, "operator": null, "radio_generation": null, "serving_cell_id": null, "single_test_tile": false, "source_url": "https://ookla-open-data.s3.amazonaws.com/parquet/performance/type=mobile/year=2026/quarter=2/2026-04-01_performance_mobile_tiles.parquet"}}, {"type": "Feature", "id": "2026-04-01:1322012223300121", "geometry": {"type": "Polygon", "coordinates": [[[96.185302734375, 16.788764659035873], [96.185302734375, 16.794023610508034], [96.1798095703125, 16.794023610508034], [96.1798095703125, 16.788764659035873], [96.185302734375, 16.788764659035873]]]}, "properties": {"quadkey": "1322012223300121", "tile_x": 96.18260000000001, "tile_y": 16.791400000000003, "avg_d_kbps": 22101, "avg_u_kbps": 8384, "avg_lat_ms": 126, "avg_lat_down_ms": 438.0, "avg_lat_up_ms": 158.0, "tests": 2, "devices": 1, "period_start": "2026-04-01", "period_end_exclusive": "2026-07-01", "service_type": "mobile", "source": "Ookla Open Data", "download_mbps": 22.101, "upload_mbps": 8.384, "centroid_in_project": true, "operator": null, "radio_generation": null, "serving_cell_id": null, "single_test_tile": false, "source_url": "https://ookla-open-data.s3.amazonaws.com/parquet/performance/type=mobile/year=2026/quarter=2/2026-04-01_performance_mobile_tiles.parquet"}}, {"type": "Feature", "id": "2026-04-01:1322012223300123", "geometry": {"type": "Polygon", "coordinates": [[[96.185302734375, 16.78350556192777], [96.185302734375, 16.788764659035873], [96.1798095703125, 16.788764659035873], [96.1798095703125, 16.78350556192777], [96.185302734375, 16.78350556192777]]]}, "properties": {"quadkey": "1322012223300123", "tile_x": 96.18260000000001, "tile_y": 16.786099999999998, "avg_d_kbps": 28994, "avg_u_kbps": 3195, "avg_lat_ms": 40, "avg_lat_down_ms": 715.0, "avg_lat_up_ms": 1305.0, "tests": 4, "devices": 1, "period_start": "2026-04-01", "period_end_exclusive": "2026-07-01", "service_type": "mobile", "source": "Ookla Open Data", "download_mbps": 28.994, "upload_mbps": 3.195, "centroid_in_project": false, "operator": null, "radio_generation": null, "serving_cell_id": null, "single_test_tile": false, "source_url": "https://ookla-open-data.s3.amazonaws.com/parquet/performance/type=mobile/year=2026/quarter=2/2026-04-01_performance_mobile_tiles.parquet"}}, {"type": "Feature", "id": "2026-04-01:1322012223300132", "geometry": {"type": "Polygon", "coordinates": [[[96.1907958984375, 16.78350556192777], [96.1907958984375, 16.788764659035873], [96.185302734375, 16.788764659035873], [96.185302734375, 16.78350556192777], [96.1907958984375, 16.78350556192777]]]}, "properties": {"quadkey": "1322012223300132", "tile_x": 96.18799999999999, "tile_y": 16.786099999999998, "avg_d_kbps": 142162, "avg_u_kbps": 48339, "avg_lat_ms": 133, "avg_lat_down_ms": 859.0, "avg_lat_up_ms": 224.0, "tests": 1, "devices": 1, "period_start": "2026-04-01", "period_end_exclusive": "2026-07-01", "service_type": "mobile", "source": "Ookla Open Data", "download_mbps": 142.162, "upload_mbps": 48.339, "centroid_in_project": true, "operator": null, "radio_generation": null, "serving_cell_id": null, "single_test_tile": true, "source_url": "https://ookla-open-data.s3.amazonaws.com/parquet/performance/type=mobile/year=2026/quarter=2/2026-04-01_performance_mobile_tiles.parquet"}}, {"type": "Feature", "id": "2026-04-01:1322012223300200", "geometry": {"type": "Polygon", "coordinates": [[[96.1578369140625, 16.77824631922401], [96.1578369140625, 16.78350556192777], [96.15234375, 16.78350556192777], [96.15234375, 16.77824631922401], [96.1578369140625, 16.77824631922401]]]}, "properties": {"quadkey": "1322012223300200", "tile_x": 96.1551, "tile_y": 16.780900000000003, "avg_d_kbps": 37107, "avg_u_kbps": 17445, "avg_lat_ms": 114, "avg_lat_down_ms": 1460.0, "avg_lat_up_ms": 785.0, "tests": 6, "devices": 5, "period_start": "2026-04-01", "period_end_exclusive": "2026-07-01", "service_type": "mobile", "source": "Ookla Open Data", "download_mbps": 37.107, "upload_mbps": 17.445, "centroid_in_project": true, "operator": null, "radio_generation": null, "serving_cell_id": null, "single_test_tile": false, "source_url": "https://ookla-open-data.s3.amazonaws.com/parquet/performance/type=mobile/year=2026/quarter=2/2026-04-01_performance_mobile_tiles.parquet"}}, {"type": "Feature", "id": "2026-04-01:1322012223300201", "geometry": {"type": "Polygon", "coordinates": [[[96.163330078125, 16.77824631922401], [96.163330078125, 16.78350556192777], [96.1578369140625, 16.78350556192777], [96.1578369140625, 16.77824631922401], [96.163330078125, 16.77824631922401]]]}, "properties": {"quadkey": "1322012223300201", "tile_x": 96.16060000000002, "tile_y": 16.780900000000003, "avg_d_kbps": 42818, "avg_u_kbps": 8790, "avg_lat_ms": 149, "avg_lat_down_ms": 637.0, "avg_lat_up_ms": 425.0, "tests": 3, "devices": 1, "period_start": "2026-04-01", "period_end_exclusive": "2026-07-01", "service_type": "mobile", "source": "Ookla Open Data", "download_mbps": 42.818, "upload_mbps": 8.79, "centroid_in_project": true, "operator": null, "radio_generation": null, "serving_cell_id": null, "single_test_tile": false, "source_url": "https://ookla-open-data.s3.amazonaws.com/parquet/performance/type=mobile/year=2026/quarter=2/2026-04-01_performance_mobile_tiles.parquet"}}, {"type": "Feature", "id": "2026-04-01:1322012223300202", "geometry": {"type": "Polygon", "coordinates": [[[96.1578369140625, 16.772986930964866], [96.1578369140625, 16.77824631922401], [96.15234375, 16.77824631922401], [96.15234375, 16.772986930964866], [96.1578369140625, 16.772986930964866]]]}, "properties": {"quadkey": "1322012223300202", "tile_x": 96.1551, "tile_y": 16.7756, "avg_d_kbps": 18331, "avg_u_kbps": 24822, "avg_lat_ms": 26, "avg_lat_down_ms": 2720.0, "avg_lat_up_ms": 968.0, "tests": 6, "devices": 3, "period_start": "2026-04-01", "period_end_exclusive": "2026-07-01", "service_type": "mobile", "source": "Ookla Open Data", "download_mbps": 18.331, "upload_mbps": 24.822, "centroid_in_project": true, "operator": null, "radio_generation": null, "serving_cell_id": null, "single_test_tile": false, "source_url": "https://ookla-open-data.s3.amazonaws.com/parquet/performance/type=mobile/year=2026/quarter=2/2026-04-01_performance_mobile_tiles.parquet"}}, {"type": "Feature", "id": "2026-04-01:1322012223300203", "geometry": {"type": "Polygon", "coordinates": [[[96.163330078125, 16.772986930964866], [96.163330078125, 16.77824631922401], [96.1578369140625, 16.77824631922401], [96.1578369140625, 16.772986930964866], [96.163330078125, 16.772986930964866]]]}, "properties": {"quadkey": "1322012223300203", "tile_x": 96.16060000000002, "tile_y": 16.7756, "avg_d_kbps": 80698, "avg_u_kbps": 25604, "avg_lat_ms": 76, "avg_lat_down_ms": 732.0, "avg_lat_up_ms": 1175.0, "tests": 28, "devices": 13, "period_start": "2026-04-01", "period_end_exclusive": "2026-07-01", "service_type": "mobile", "source": "Ookla Open Data", "download_mbps": 80.698, "upload_mbps": 25.604, "centroid_in_project": true, "operator": null, "radio_generation": null, "serving_cell_id": null, "single_test_tile": false, "source_url": "https://ookla-open-data.s3.amazonaws.com/parquet/performance/type=mobile/year=2026/quarter=2/2026-04-01_performance_mobile_tiles.parquet"}}, {"type": "Feature", "id": "2026-04-01:1322012223300210", "geometry": {"type": "Polygon", "coordinates": [[[96.1688232421875, 16.77824631922401], [96.1688232421875, 16.78350556192777], [96.163330078125, 16.78350556192777], [96.163330078125, 16.77824631922401], [96.1688232421875, 16.77824631922401]]]}, "properties": {"quadkey": "1322012223300210", "tile_x": 96.1661, "tile_y": 16.780900000000003, "avg_d_kbps": 10800, "avg_u_kbps": 6003, "avg_lat_ms": 65, "avg_lat_down_ms": 3104.0, "avg_lat_up_ms": 3319.0, "tests": 2, "devices": 1, "period_start": "2026-04-01", "period_end_exclusive": "2026-07-01", "service_type": "mobile", "source": "Ookla Open Data", "download_mbps": 10.8, "upload_mbps": 6.003, "centroid_in_project": true, "operator": null, "radio_generation": null, "serving_cell_id": null, "single_test_tile": false, "source_url": "https://ookla-open-data.s3.amazonaws.com/parquet/performance/type=mobile/year=2026/quarter=2/2026-04-01_performance_mobile_tiles.parquet"}}, {"type": "Feature", "id": "2026-04-01:1322012223300211", "geometry": {"type": "Polygon", "coordinates": [[[96.17431640625, 16.77824631922401], [96.17431640625, 16.78350556192777], [96.1688232421875, 16.78350556192777], [96.1688232421875, 16.77824631922401], [96.17431640625, 16.77824631922401]]]}, "properties": {"quadkey": "1322012223300211", "tile_x": 96.1716, "tile_y": 16.780900000000003, "avg_d_kbps": 7422, "avg_u_kbps": 4612, "avg_lat_ms": 269, "avg_lat_down_ms": 2911.0, "avg_lat_up_ms": 1021.0, "tests": 5, "devices": 3, "period_start": "2026-04-01", "period_end_exclusive": "2026-07-01", "service_type": "mobile", "source": "Ookla Open Data", "download_mbps": 7.422, "upload_mbps": 4.612, "centroid_in_project": true, "operator": null, "radio_generation": null, "serving_cell_id": null, "single_test_tile": false, "source_url": "https://ookla-open-data.s3.amazonaws.com/parquet/performance/type=mobile/year=2026/quarter=2/2026-04-01_performance_mobile_tiles.parquet"}}, {"type": "Feature", "id": "2026-04-01:1322012223300212", "geometry": {"type": "Polygon", "coordinates": [[[96.1688232421875, 16.772986930964866], [96.1688232421875, 16.77824631922401], [96.163330078125, 16.77824631922401], [96.163330078125, 16.772986930964866], [96.1688232421875, 16.772986930964866]]]}, "properties": {"quadkey": "1322012223300212", "tile_x": 96.1661, "tile_y": 16.7756, "avg_d_kbps": 50120, "avg_u_kbps": 26785, "avg_lat_ms": 87, "avg_lat_down_ms": 700.0, "avg_lat_up_ms": 471.0, "tests": 7, "devices": 7, "period_start": "2026-04-01", "period_end_exclusive": "2026-07-01", "service_type": "mobile", "source": "Ookla Open Data", "download_mbps": 50.12, "upload_mbps": 26.785, "centroid_in_project": true, "operator": null, "radio_generation": null, "serving_cell_id": null, "single_test_tile": false, "source_url": "https://ookla-open-data.s3.amazonaws.com/parquet/performance/type=mobile/year=2026/quarter=2/2026-04-01_performance_mobile_tiles.parquet"}}, {"type": "Feature", "id": "2026-04-01:1322012223300213", "geometry": {"type": "Polygon", "coordinates": [[[96.17431640625, 16.772986930964866], [96.17431640625, 16.77824631922401], [96.1688232421875, 16.77824631922401], [96.1688232421875, 16.772986930964866], [96.17431640625, 16.772986930964866]]]}, "properties": {"quadkey": "1322012223300213", "tile_x": 96.1716, "tile_y": 16.7756, "avg_d_kbps": 59916, "avg_u_kbps": 12918, "avg_lat_ms": 49, "avg_lat_down_ms": 533.0, "avg_lat_up_ms": 1894.0, "tests": 8, "devices": 6, "period_start": "2026-04-01", "period_end_exclusive": "2026-07-01", "service_type": "mobile", "source": "Ookla Open Data", "download_mbps": 59.916, "upload_mbps": 12.918, "centroid_in_project": true, "operator": null, "radio_generation": null, "serving_cell_id": null, "single_test_tile": false, "source_url": "https://ookla-open-data.s3.amazonaws.com/parquet/performance/type=mobile/year=2026/quarter=2/2026-04-01_performance_mobile_tiles.parquet"}}, {"type": "Feature", "id": "2026-04-01:1322012223300220", "geometry": {"type": "Polygon", "coordinates": [[[96.1578369140625, 16.76772739719063], [96.1578369140625, 16.772986930964866], [96.15234375, 16.772986930964866], [96.15234375, 16.76772739719063], [96.1578369140625, 16.76772739719063]]]}, "properties": {"quadkey": "1322012223300220", "tile_x": 96.1551, "tile_y": 16.770400000000002, "avg_d_kbps": 52774, "avg_u_kbps": 5316, "avg_lat_ms": 96, "avg_lat_down_ms": 798.0, "avg_lat_up_ms": 4360.0, "tests": 1, "devices": 1, "period_start": "2026-04-01", "period_end_exclusive": "2026-07-01", "service_type": "mobile", "source": "Ookla Open Data", "download_mbps": 52.774, "upload_mbps": 5.316, "centroid_in_project": true, "operator": null, "radio_generation": null, "serving_cell_id": null, "single_test_tile": true, "source_url": "https://ookla-open-data.s3.amazonaws.com/parquet/performance/type=mobile/year=2026/quarter=2/2026-04-01_performance_mobile_tiles.parquet"}}, {"type": "Feature", "id": "2026-04-01:1322012223300221", "geometry": {"type": "Polygon", "coordinates": [[[96.163330078125, 16.76772739719063], [96.163330078125, 16.772986930964866], [96.1578369140625, 16.772986930964866], [96.1578369140625, 16.76772739719063], [96.163330078125, 16.76772739719063]]]}, "properties": {"quadkey": "1322012223300221", "tile_x": 96.16060000000002, "tile_y": 16.770400000000002, "avg_d_kbps": 19932, "avg_u_kbps": 11215, "avg_lat_ms": 99, "avg_lat_down_ms": 857.0, "avg_lat_up_ms": 1130.0, "tests": 28, "devices": 5, "period_start": "2026-04-01", "period_end_exclusive": "2026-07-01", "service_type": "mobile", "source": "Ookla Open Data", "download_mbps": 19.932, "upload_mbps": 11.215, "centroid_in_project": true, "operator": null, "radio_generation": null, "serving_cell_id": null, "single_test_tile": false, "source_url": "https://ookla-open-data.s3.amazonaws.com/parquet/performance/type=mobile/year=2026/quarter=2/2026-04-01_performance_mobile_tiles.parquet"}}, {"type": "Feature", "id": "2026-04-01:1322012223300230", "geometry": {"type": "Polygon", "coordinates": [[[96.1688232421875, 16.76772739719063], [96.1688232421875, 16.772986930964866], [96.163330078125, 16.772986930964866], [96.163330078125, 16.76772739719063], [96.1688232421875, 16.76772739719063]]]}, "properties": {"quadkey": "1322012223300230", "tile_x": 96.1661, "tile_y": 16.770400000000002, "avg_d_kbps": 20159, "avg_u_kbps": 19128, "avg_lat_ms": 81, "avg_lat_down_ms": 1686.0, "avg_lat_up_ms": 200.0, "tests": 4, "devices": 1, "period_start": "2026-04-01", "period_end_exclusive": "2026-07-01", "service_type": "mobile", "source": "Ookla Open Data", "download_mbps": 20.159, "upload_mbps": 19.128, "centroid_in_project": true, "operator": null, "radio_generation": null, "serving_cell_id": null, "single_test_tile": false, "source_url": "https://ookla-open-data.s3.amazonaws.com/parquet/performance/type=mobile/year=2026/quarter=2/2026-04-01_performance_mobile_tiles.parquet"}}, {"type": "Feature", "id": "2026-04-01:1322012223300231", "geometry": {"type": "Polygon", "coordinates": [[[96.17431640625, 16.76772739719063], [96.17431640625, 16.772986930964866], [96.1688232421875, 16.772986930964866], [96.1688232421875, 16.76772739719063], [96.17431640625, 16.76772739719063]]]}, "properties": {"quadkey": "1322012223300231", "tile_x": 96.1716, "tile_y": 16.770400000000002, "avg_d_kbps": 37226, "avg_u_kbps": 19196, "avg_lat_ms": 90, "avg_lat_down_ms": 1484.0, "avg_lat_up_ms": 2298.0, "tests": 8, "devices": 3, "period_start": "2026-04-01", "period_end_exclusive": "2026-07-01", "service_type": "mobile", "source": "Ookla Open Data", "download_mbps": 37.226, "upload_mbps": 19.196, "centroid_in_project": true, "operator": null, "radio_generation": null, "serving_cell_id": null, "single_test_tile": false, "source_url": "https://ookla-open-data.s3.amazonaws.com/parquet/performance/type=mobile/year=2026/quarter=2/2026-04-01_performance_mobile_tiles.parquet"}}, {"type": "Feature", "id": "2026-04-01:1322012223300301", "geometry": {"type": "Polygon", "coordinates": [[[96.185302734375, 16.77824631922401], [96.185302734375, 16.78350556192777], [96.1798095703125, 16.78350556192777], [96.1798095703125, 16.77824631922401], [96.185302734375, 16.77824631922401]]]}, "properties": {"quadkey": "1322012223300301", "tile_x": 96.18260000000001, "tile_y": 16.780900000000003, "avg_d_kbps": 13793, "avg_u_kbps": 4694, "avg_lat_ms": 129, "avg_lat_down_ms": 1772.0, "avg_lat_up_ms": 2893.0, "tests": 65, "devices": 5, "period_start": "2026-04-01", "period_end_exclusive": "2026-07-01", "service_type": "mobile", "source": "Ookla Open Data", "download_mbps": 13.793, "upload_mbps": 4.694, "centroid_in_project": true, "operator": null, "radio_generation": null, "serving_cell_id": null, "single_test_tile": false, "source_url": "https://ookla-open-data.s3.amazonaws.com/parquet/performance/type=mobile/year=2026/quarter=2/2026-04-01_performance_mobile_tiles.parquet"}}, {"type": "Feature", "id": "2026-04-01:1322012223300302", "geometry": {"type": "Polygon", "coordinates": [[[96.1798095703125, 16.772986930964866], [96.1798095703125, 16.77824631922401], [96.17431640625, 16.77824631922401], [96.17431640625, 16.772986930964866], [96.1798095703125, 16.772986930964866]]]}, "properties": {"quadkey": "1322012223300302", "tile_x": 96.17710000000001, "tile_y": 16.7756, "avg_d_kbps": 29625, "avg_u_kbps": 19959, "avg_lat_ms": 84, "avg_lat_down_ms": 267.0, "avg_lat_up_ms": 259.0, "tests": 1, "devices": 1, "period_start": "2026-04-01", "period_end_exclusive": "2026-07-01", "service_type": "mobile", "source": "Ookla Open Data", "download_mbps": 29.625, "upload_mbps": 19.959, "centroid_in_project": true, "operator": null, "radio_generation": null, "serving_cell_id": null, "single_test_tile": true, "source_url": "https://ookla-open-data.s3.amazonaws.com/parquet/performance/type=mobile/year=2026/quarter=2/2026-04-01_performance_mobile_tiles.parquet"}}, {"type": "Feature", "id": "2026-04-01:1322012223300303", "geometry": {"type": "Polygon", "coordinates": [[[96.185302734375, 16.772986930964866], [96.185302734375, 16.77824631922401], [96.1798095703125, 16.77824631922401], [96.1798095703125, 16.772986930964866], [96.185302734375, 16.772986930964866]]]}, "properties": {"quadkey": "1322012223300303", "tile_x": 96.18260000000001, "tile_y": 16.7756, "avg_d_kbps": 48524, "avg_u_kbps": 17509, "avg_lat_ms": 66, "avg_lat_down_ms": 327.0, "avg_lat_up_ms": 211.0, "tests": 1, "devices": 1, "period_start": "2026-04-01", "period_end_exclusive": "2026-07-01", "service_type": "mobile", "source": "Ookla Open Data", "download_mbps": 48.524, "upload_mbps": 17.509, "centroid_in_project": true, "operator": null, "radio_generation": null, "serving_cell_id": null, "single_test_tile": true, "source_url": "https://ookla-open-data.s3.amazonaws.com/parquet/performance/type=mobile/year=2026/quarter=2/2026-04-01_performance_mobile_tiles.parquet"}}, {"type": "Feature", "id": "2026-04-01:1322012223300310", "geometry": {"type": "Polygon", "coordinates": [[[96.1907958984375, 16.77824631922401], [96.1907958984375, 16.78350556192777], [96.185302734375, 16.78350556192777], [96.185302734375, 16.77824631922401], [96.1907958984375, 16.77824631922401]]]}, "properties": {"quadkey": "1322012223300310", "tile_x": 96.18799999999999, "tile_y": 16.780900000000003, "avg_d_kbps": 24821, "avg_u_kbps": 29084, "avg_lat_ms": 26, "avg_lat_down_ms": 651.0, "avg_lat_up_ms": 279.0, "tests": 3, "devices": 3, "period_start": "2026-04-01", "period_end_exclusive": "2026-07-01", "service_type": "mobile", "source": "Ookla Open Data", "download_mbps": 24.821, "upload_mbps": 29.084, "centroid_in_project": true, "operator": null, "radio_generation": null, "serving_cell_id": null, "single_test_tile": false, "source_url": "https://ookla-open-data.s3.amazonaws.com/parquet/performance/type=mobile/year=2026/quarter=2/2026-04-01_performance_mobile_tiles.parquet"}}, {"type": "Feature", "id": "2026-04-01:1322012223300311", "geometry": {"type": "Polygon", "coordinates": [[[96.1962890625, 16.77824631922401], [96.1962890625, 16.78350556192777], [96.1907958984375, 16.78350556192777], [96.1907958984375, 16.77824631922401], [96.1962890625, 16.77824631922401]]]}, "properties": {"quadkey": "1322012223300311", "tile_x": 96.1935, "tile_y": 16.780900000000003, "avg_d_kbps": 23312, "avg_u_kbps": 31524, "avg_lat_ms": 13, "avg_lat_down_ms": 919.0, "avg_lat_up_ms": 471.0, "tests": 1, "devices": 1, "period_start": "2026-04-01", "period_end_exclusive": "2026-07-01", "service_type": "mobile", "source": "Ookla Open Data", "download_mbps": 23.312, "upload_mbps": 31.524, "centroid_in_project": true, "operator": null, "radio_generation": null, "serving_cell_id": null, "single_test_tile": true, "source_url": "https://ookla-open-data.s3.amazonaws.com/parquet/performance/type=mobile/year=2026/quarter=2/2026-04-01_performance_mobile_tiles.parquet"}}, {"type": "Feature", "id": "2026-04-01:1322012223300312", "geometry": {"type": "Polygon", "coordinates": [[[96.1907958984375, 16.772986930964866], [96.1907958984375, 16.77824631922401], [96.185302734375, 16.77824631922401], [96.185302734375, 16.772986930964866], [96.1907958984375, 16.772986930964866]]]}, "properties": {"quadkey": "1322012223300312", "tile_x": 96.18799999999999, "tile_y": 16.7756, "avg_d_kbps": 181, "avg_u_kbps": 667, "avg_lat_ms": 47, "avg_lat_down_ms": 1426.0, "avg_lat_up_ms": 2246.0, "tests": 1, "devices": 1, "period_start": "2026-04-01", "period_end_exclusive": "2026-07-01", "service_type": "mobile", "source": "Ookla Open Data", "download_mbps": 0.181, "upload_mbps": 0.667, "centroid_in_project": false, "operator": null, "radio_generation": null, "serving_cell_id": null, "single_test_tile": true, "source_url": "https://ookla-open-data.s3.amazonaws.com/parquet/performance/type=mobile/year=2026/quarter=2/2026-04-01_performance_mobile_tiles.parquet"}}, {"type": "Feature", "id": "2026-04-01:1322012223300320", "geometry": {"type": "Polygon", "coordinates": [[[96.1798095703125, 16.76772739719063], [96.1798095703125, 16.772986930964866], [96.17431640625, 16.772986930964866], [96.17431640625, 16.76772739719063], [96.1798095703125, 16.76772739719063]]]}, "properties": {"quadkey": "1322012223300320", "tile_x": 96.17710000000001, "tile_y": 16.770400000000002, "avg_d_kbps": 16312, "avg_u_kbps": 14625, "avg_lat_ms": 104, "avg_lat_down_ms": 1442.0, "avg_lat_up_ms": 1156.0, "tests": 3, "devices": 1, "period_start": "2026-04-01", "period_end_exclusive": "2026-07-01", "service_type": "mobile", "source": "Ookla Open Data", "download_mbps": 16.312, "upload_mbps": 14.625, "centroid_in_project": true, "operator": null, "radio_generation": null, "serving_cell_id": null, "single_test_tile": false, "source_url": "https://ookla-open-data.s3.amazonaws.com/parquet/performance/type=mobile/year=2026/quarter=2/2026-04-01_performance_mobile_tiles.parquet"}}, {"type": "Feature", "id": "2026-04-01:1322012223301000", "geometry": {"type": "Polygon", "coordinates": [[[96.2017822265625, 16.799282416303978], [96.2017822265625, 16.80454107638345], [96.1962890625, 16.80454107638345], [96.1962890625, 16.799282416303978], [96.2017822265625, 16.799282416303978]]]}, "properties": {"quadkey": "1322012223301000", "tile_x": 96.199, "tile_y": 16.8019, "avg_d_kbps": 97828, "avg_u_kbps": 10573, "avg_lat_ms": 115, "avg_lat_down_ms": 361.0, "avg_lat_up_ms": 488.0, "tests": 4, "devices": 1, "period_start": "2026-04-01", "period_end_exclusive": "2026-07-01", "service_type": "mobile", "source": "Ookla Open Data", "download_mbps": 97.828, "upload_mbps": 10.573, "centroid_in_project": true, "operator": null, "radio_generation": null, "serving_cell_id": null, "single_test_tile": false, "source_url": "https://ookla-open-data.s3.amazonaws.com/parquet/performance/type=mobile/year=2026/quarter=2/2026-04-01_performance_mobile_tiles.parquet"}}, {"type": "Feature", "id": "2026-04-01:1322012223301001", "geometry": {"type": "Polygon", "coordinates": [[[96.207275390625, 16.799282416303978], [96.207275390625, 16.80454107638345], [96.2017822265625, 16.80454107638345], [96.2017822265625, 16.799282416303978], [96.207275390625, 16.799282416303978]]]}, "properties": {"quadkey": "1322012223301001", "tile_x": 96.20450000000001, "tile_y": 16.8019, "avg_d_kbps": 26761, "avg_u_kbps": 14712, "avg_lat_ms": 273, "avg_lat_down_ms": 683.0, "avg_lat_up_ms": 928.0, "tests": 3, "devices": 1, "period_start": "2026-04-01", "period_end_exclusive": "2026-07-01", "service_type": "mobile", "source": "Ookla Open Data", "download_mbps": 26.761, "upload_mbps": 14.712, "centroid_in_project": true, "operator": null, "radio_generation": null, "serving_cell_id": null, "single_test_tile": false, "source_url": "https://ookla-open-data.s3.amazonaws.com/parquet/performance/type=mobile/year=2026/quarter=2/2026-04-01_performance_mobile_tiles.parquet"}}, {"type": "Feature", "id": "2026-04-01:1322012223301010", "geometry": {"type": "Polygon", "coordinates": [[[96.2127685546875, 16.799282416303978], [96.2127685546875, 16.80454107638345], [96.207275390625, 16.80454107638345], [96.207275390625, 16.799282416303978], [96.2127685546875, 16.799282416303978]]]}, "properties": {"quadkey": "1322012223301010", "tile_x": 96.21000000000001, "tile_y": 16.8019, "avg_d_kbps": 66563, "avg_u_kbps": 31842, "avg_lat_ms": 64, "avg_lat_down_ms": 273.0, "avg_lat_up_ms": 624.0, "tests": 2, "devices": 2, "period_start": "2026-04-01", "period_end_exclusive": "2026-07-01", "service_type": "mobile", "source": "Ookla Open Data", "download_mbps": 66.563, "upload_mbps": 31.842, "centroid_in_project": true, "operator": null, "radio_generation": null, "serving_cell_id": null, "single_test_tile": false, "source_url": "https://ookla-open-data.s3.amazonaws.com/parquet/performance/type=mobile/year=2026/quarter=2/2026-04-01_performance_mobile_tiles.parquet"}}, {"type": "Feature", "id": "2026-04-01:1322012223301012", "geometry": {"type": "Polygon", "coordinates": [[[96.2127685546875, 16.794023610508034], [96.2127685546875, 16.799282416303978], [96.207275390625, 16.799282416303978], [96.207275390625, 16.794023610508034], [96.2127685546875, 16.794023610508034]]]}, "properties": {"quadkey": "1322012223301012", "tile_x": 96.21000000000001, "tile_y": 16.7967, "avg_d_kbps": 97982, "avg_u_kbps": 53602, "avg_lat_ms": 13, "avg_lat_down_ms": 874.0, "avg_lat_up_ms": 742.0, "tests": 1, "devices": 1, "period_start": "2026-04-01", "period_end_exclusive": "2026-07-01", "service_type": "mobile", "source": "Ookla Open Data", "download_mbps": 97.982, "upload_mbps": 53.602, "centroid_in_project": true, "operator": null, "radio_generation": null, "serving_cell_id": null, "single_test_tile": true, "source_url": "https://ookla-open-data.s3.amazonaws.com/parquet/performance/type=mobile/year=2026/quarter=2/2026-04-01_performance_mobile_tiles.parquet"}}, {"type": "Feature", "id": "2026-04-01:1322012223301013", "geometry": {"type": "Polygon", "coordinates": [[[96.21826171875, 16.794023610508034], [96.21826171875, 16.799282416303978], [96.2127685546875, 16.799282416303978], [96.2127685546875, 16.794023610508034], [96.21826171875, 16.794023610508034]]]}, "properties": {"quadkey": "1322012223301013", "tile_x": 96.21549999999999, "tile_y": 16.7967, "avg_d_kbps": 17862, "avg_u_kbps": 40091, "avg_lat_ms": 32, "avg_lat_down_ms": 675.0, "avg_lat_up_ms": 381.0, "tests": 1, "devices": 1, "period_start": "2026-04-01", "period_end_exclusive": "2026-07-01", "service_type": "mobile", "source": "Ookla Open Data", "download_mbps": 17.862, "upload_mbps": 40.091, "centroid_in_project": true, "operator": null, "radio_generation": null, "serving_cell_id": null, "single_test_tile": true, "source_url": "https://ookla-open-data.s3.amazonaws.com/parquet/performance/type=mobile/year=2026/quarter=2/2026-04-01_performance_mobile_tiles.parquet"}}, {"type": "Feature", "id": "2026-04-01:1322012223301020", "geometry": {"type": "Polygon", "coordinates": [[[96.2017822265625, 16.788764659035873], [96.2017822265625, 16.794023610508034], [96.1962890625, 16.794023610508034], [96.1962890625, 16.788764659035873], [96.2017822265625, 16.788764659035873]]]}, "properties": {"quadkey": "1322012223301020", "tile_x": 96.199, "tile_y": 16.791400000000003, "avg_d_kbps": 57439, "avg_u_kbps": 31481, "avg_lat_ms": 77, "avg_lat_down_ms": 581.0, "avg_lat_up_ms": 534.0, "tests": 55, "devices": 2, "period_start": "2026-04-01", "period_end_exclusive": "2026-07-01", "service_type": "mobile", "source": "Ookla Open Data", "download_mbps": 57.439, "upload_mbps": 31.481, "centroid_in_project": true, "operator": null, "radio_generation": null, "serving_cell_id": null, "single_test_tile": false, "source_url": "https://ookla-open-data.s3.amazonaws.com/parquet/performance/type=mobile/year=2026/quarter=2/2026-04-01_performance_mobile_tiles.parquet"}}, {"type": "Feature", "id": "2026-04-01:1322012223301021", "geometry": {"type": "Polygon", "coordinates": [[[96.207275390625, 16.788764659035873], [96.207275390625, 16.794023610508034], [96.2017822265625, 16.794023610508034], [96.2017822265625, 16.788764659035873], [96.207275390625, 16.788764659035873]]]}, "properties": {"quadkey": "1322012223301021", "tile_x": 96.20450000000001, "tile_y": 16.791400000000003, "avg_d_kbps": 20159, "avg_u_kbps": 8958, "avg_lat_ms": 207, "avg_lat_down_ms": 1546.0, "avg_lat_up_ms": 3359.0, "tests": 1, "devices": 1, "period_start": "2026-04-01", "period_end_exclusive": "2026-07-01", "service_type": "mobile", "source": "Ookla Open Data", "download_mbps": 20.159, "upload_mbps": 8.958, "centroid_in_project": true, "operator": null, "radio_generation": null, "serving_cell_id": null, "single_test_tile": true, "source_url": "https://ookla-open-data.s3.amazonaws.com/parquet/performance/type=mobile/year=2026/quarter=2/2026-04-01_performance_mobile_tiles.parquet"}}, {"type": "Feature", "id": "2026-04-01:1322012223301022", "geometry": {"type": "Polygon", "coordinates": [[[96.2017822265625, 16.78350556192777], [96.2017822265625, 16.788764659035873], [96.1962890625, 16.788764659035873], [96.1962890625, 16.78350556192777], [96.2017822265625, 16.78350556192777]]]}, "properties": {"quadkey": "1322012223301022", "tile_x": 96.199, "tile_y": 16.786099999999998, "avg_d_kbps": 58140, "avg_u_kbps": 219306, "avg_lat_ms": 44, "avg_lat_down_ms": null, "avg_lat_up_ms": null, "tests": 1, "devices": 1, "period_start": "2026-04-01", "period_end_exclusive": "2026-07-01", "service_type": "mobile", "source": "Ookla Open Data", "download_mbps": 58.14, "upload_mbps": 219.306, "centroid_in_project": true, "operator": null, "radio_generation": null, "serving_cell_id": null, "single_test_tile": true, "source_url": "https://ookla-open-data.s3.amazonaws.com/parquet/performance/type=mobile/year=2026/quarter=2/2026-04-01_performance_mobile_tiles.parquet"}}, {"type": "Feature", "id": "2026-04-01:1322012223301030", "geometry": {"type": "Polygon", "coordinates": [[[96.2127685546875, 16.788764659035873], [96.2127685546875, 16.794023610508034], [96.207275390625, 16.794023610508034], [96.207275390625, 16.788764659035873], [96.2127685546875, 16.788764659035873]]]}, "properties": {"quadkey": "1322012223301030", "tile_x": 96.21000000000001, "tile_y": 16.791400000000003, "avg_d_kbps": 65062, "avg_u_kbps": 37646, "avg_lat_ms": 19, "avg_lat_down_ms": 762.0, "avg_lat_up_ms": 720.0, "tests": 9, "devices": 1, "period_start": "2026-04-01", "period_end_exclusive": "2026-07-01", "service_type": "mobile", "source": "Ookla Open Data", "download_mbps": 65.062, "upload_mbps": 37.646, "centroid_in_project": true, "operator": null, "radio_generation": null, "serving_cell_id": null, "single_test_tile": false, "source_url": "https://ookla-open-data.s3.amazonaws.com/parquet/performance/type=mobile/year=2026/quarter=2/2026-04-01_performance_mobile_tiles.parquet"}}, {"type": "Feature", "id": "2026-04-01:1322012223301200", "geometry": {"type": "Polygon", "coordinates": [[[96.2017822265625, 16.77824631922401], [96.2017822265625, 16.78350556192777], [96.1962890625, 16.78350556192777], [96.1962890625, 16.77824631922401], [96.2017822265625, 16.77824631922401]]]}, "properties": {"quadkey": "1322012223301200", "tile_x": 96.199, "tile_y": 16.780900000000003, "avg_d_kbps": 57041, "avg_u_kbps": 7343, "avg_lat_ms": 80, "avg_lat_down_ms": 624.0, "avg_lat_up_ms": 3712.0, "tests": 3, "devices": 2, "period_start": "2026-04-01", "period_end_exclusive": "2026-07-01", "service_type": "mobile", "source": "Ookla Open Data", "download_mbps": 57.041, "upload_mbps": 7.343, "centroid_in_project": true, "operator": null, "radio_generation": null, "serving_cell_id": null, "single_test_tile": false, "source_url": "https://ookla-open-data.s3.amazonaws.com/parquet/performance/type=mobile/year=2026/quarter=2/2026-04-01_performance_mobile_tiles.parquet"}}, {"type": "Feature", "id": "2026-04-01:1322012223301201", "geometry": {"type": "Polygon", "coordinates": [[[96.207275390625, 16.77824631922401], [96.207275390625, 16.78350556192777], [96.2017822265625, 16.78350556192777], [96.2017822265625, 16.77824631922401], [96.207275390625, 16.77824631922401]]]}, "properties": {"quadkey": "1322012223301201", "tile_x": 96.20450000000001, "tile_y": 16.780900000000003, "avg_d_kbps": 20599, "avg_u_kbps": 8499, "avg_lat_ms": 202, "avg_lat_down_ms": 1142.0, "avg_lat_up_ms": 541.0, "tests": 1, "devices": 1, "period_start": "2026-04-01", "period_end_exclusive": "2026-07-01", "service_type": "mobile", "source": "Ookla Open Data", "download_mbps": 20.599, "upload_mbps": 8.499, "centroid_in_project": true, "operator": null, "radio_generation": null, "serving_cell_id": null, "single_test_tile": true, "source_url": "https://ookla-open-data.s3.amazonaws.com/parquet/performance/type=mobile/year=2026/quarter=2/2026-04-01_performance_mobile_tiles.parquet"}}, {"type": "Feature", "id": "2026-04-01:1322012223301303", "geometry": {"type": "Polygon", "coordinates": [[[96.229248046875, 16.772986930964866], [96.229248046875, 16.77824631922401], [96.2237548828125, 16.77824631922401], [96.2237548828125, 16.772986930964866], [96.229248046875, 16.772986930964866]]]}, "properties": {"quadkey": "1322012223301303", "tile_x": 96.2265, "tile_y": 16.7756, "avg_d_kbps": 79106, "avg_u_kbps": 18472, "avg_lat_ms": 20, "avg_lat_down_ms": 743.0, "avg_lat_up_ms": 417.0, "tests": 1, "devices": 1, "period_start": "2026-04-01", "period_end_exclusive": "2026-07-01", "service_type": "mobile", "source": "Ookla Open Data", "download_mbps": 79.106, "upload_mbps": 18.472, "centroid_in_project": true, "operator": null, "radio_generation": null, "serving_cell_id": null, "single_test_tile": true, "source_url": "https://ookla-open-data.s3.amazonaws.com/parquet/performance/type=mobile/year=2026/quarter=2/2026-04-01_performance_mobile_tiles.parquet"}}, {"type": "Feature", "id": "2026-04-01:1322012223302000", "geometry": {"type": "Polygon", "coordinates": [[[96.1578369140625, 16.75720789325807], [96.1578369140625, 16.762467717941604], [96.15234375, 16.762467717941604], [96.15234375, 16.75720789325807], [96.1578369140625, 16.75720789325807]]]}, "properties": {"quadkey": "1322012223302000", "tile_x": 96.1551, "tile_y": 16.759800000000002, "avg_d_kbps": 15348, "avg_u_kbps": 26282, "avg_lat_ms": 233, "avg_lat_down_ms": 9378.0, "avg_lat_up_ms": 457.0, "tests": 2, "devices": 1, "period_start": "2026-04-01", "period_end_exclusive": "2026-07-01", "service_type": "mobile", "source": "Ookla Open Data", "download_mbps": 15.348, "upload_mbps": 26.282, "centroid_in_project": true, "operator": null, "radio_generation": null, "serving_cell_id": null, "single_test_tile": false, "source_url": "https://ookla-open-data.s3.amazonaws.com/parquet/performance/type=mobile/year=2026/quarter=2/2026-04-01_performance_mobile_tiles.parquet"}}, {"type": "Feature", "id": "2026-04-01:1322012223303133", "geometry": {"type": "Polygon", "coordinates": [[[96.240234375, 16.7414275470036], [96.240234375, 16.746687807748753], [96.2347412109375, 16.746687807748753], [96.2347412109375, 16.7414275470036], [96.240234375, 16.7414275470036]]]}, "properties": {"quadkey": "1322012223303133", "tile_x": 96.2375, "tile_y": 16.744099999999996, "avg_d_kbps": 9884, "avg_u_kbps": 692, "avg_lat_ms": 231, "avg_lat_down_ms": 2285.0, "avg_lat_up_ms": 640.0, "tests": 7, "devices": 1, "period_start": "2026-04-01", "period_end_exclusive": "2026-07-01", "service_type": "mobile", "source": "Ookla Open Data", "download_mbps": 9.884, "upload_mbps": 0.692, "centroid_in_project": true, "operator": null, "radio_generation": null, "serving_cell_id": null, "single_test_tile": false, "source_url": "https://ookla-open-data.s3.amazonaws.com/parquet/performance/type=mobile/year=2026/quarter=2/2026-04-01_performance_mobile_tiles.parquet"}}, {"type": "Feature", "id": "2026-04-01:1322012223310223", "geometry": {"type": "Polygon", "coordinates": [[[96.251220703125, 16.762467717941604], [96.251220703125, 16.76772739719063], [96.2457275390625, 16.76772739719063], [96.2457275390625, 16.762467717941604], [96.251220703125, 16.762467717941604]]]}, "properties": {"quadkey": "1322012223310223", "tile_x": 96.2485, "tile_y": 16.765099999999997, "avg_d_kbps": 18575, "avg_u_kbps": 8939, "avg_lat_ms": 53, "avg_lat_down_ms": 2287.0, "avg_lat_up_ms": 4804.0, "tests": 1, "devices": 1, "period_start": "2026-04-01", "period_end_exclusive": "2026-07-01", "service_type": "mobile", "source": "Ookla Open Data", "download_mbps": 18.575, "upload_mbps": 8.939, "centroid_in_project": true, "operator": null, "radio_generation": null, "serving_cell_id": null, "single_test_tile": true, "source_url": "https://ookla-open-data.s3.amazonaws.com/parquet/performance/type=mobile/year=2026/quarter=2/2026-04-01_performance_mobile_tiles.parquet"}}, {"type": "Feature", "id": "2026-04-01:1322012223310230", "geometry": {"type": "Polygon", "coordinates": [[[96.2567138671875, 16.76772739719063], [96.2567138671875, 16.772986930964866], [96.251220703125, 16.772986930964866], [96.251220703125, 16.76772739719063], [96.2567138671875, 16.76772739719063]]]}, "properties": {"quadkey": "1322012223310230", "tile_x": 96.25399999999999, "tile_y": 16.770400000000002, "avg_d_kbps": 16637, "avg_u_kbps": 4640, "avg_lat_ms": 153, "avg_lat_down_ms": 729.0, "avg_lat_up_ms": 1702.0, "tests": 8, "devices": 3, "period_start": "2026-04-01", "period_end_exclusive": "2026-07-01", "service_type": "mobile", "source": "Ookla Open Data", "download_mbps": 16.637, "upload_mbps": 4.64, "centroid_in_project": true, "operator": null, "radio_generation": null, "serving_cell_id": null, "single_test_tile": false, "source_url": "https://ookla-open-data.s3.amazonaws.com/parquet/performance/type=mobile/year=2026/quarter=2/2026-04-01_performance_mobile_tiles.parquet"}}, {"type": "Feature", "id": "2026-04-01:1322012223312132", "geometry": {"type": "Polygon", "coordinates": [[[96.2786865234375, 16.7414275470036], [96.2786865234375, 16.746687807748753], [96.273193359375, 16.746687807748753], [96.273193359375, 16.7414275470036], [96.2786865234375, 16.7414275470036]]]}, "properties": {"quadkey": "1322012223312132", "tile_x": 96.27590000000001, "tile_y": 16.744099999999996, "avg_d_kbps": 34948, "avg_u_kbps": 34035, "avg_lat_ms": 33, "avg_lat_down_ms": 7730.0, "avg_lat_up_ms": 249.0, "tests": 1, "devices": 1, "period_start": "2026-04-01", "period_end_exclusive": "2026-07-01", "service_type": "mobile", "source": "Ookla Open Data", "download_mbps": 34.948, "upload_mbps": 34.035, "centroid_in_project": true, "operator": null, "radio_generation": null, "serving_cell_id": null, "single_test_tile": true, "source_url": "https://ookla-open-data.s3.amazonaws.com/parquet/performance/type=mobile/year=2026/quarter=2/2026-04-01_performance_mobile_tiles.parquet"}}, {"type": "Feature", "id": "2026-04-01:1322012223312211", "geometry": {"type": "Polygon", "coordinates": [[[96.26220703125, 16.736167140985216], [96.26220703125, 16.7414275470036], [96.2567138671875, 16.7414275470036], [96.2567138671875, 16.736167140985216], [96.26220703125, 16.736167140985216]]]}, "properties": {"quadkey": "1322012223312211", "tile_x": 96.2595, "tile_y": 16.738799999999998, "avg_d_kbps": 1179, "avg_u_kbps": 444, "avg_lat_ms": 367, "avg_lat_down_ms": 576.0, "avg_lat_up_ms": 561.0, "tests": 1, "devices": 1, "period_start": "2026-04-01", "period_end_exclusive": "2026-07-01", "service_type": "mobile", "source": "Ookla Open Data", "download_mbps": 1.179, "upload_mbps": 0.444, "centroid_in_project": true, "operator": null, "radio_generation": null, "serving_cell_id": null, "single_test_tile": true, "source_url": "https://ookla-open-data.s3.amazonaws.com/parquet/performance/type=mobile/year=2026/quarter=2/2026-04-01_performance_mobile_tiles.parquet"}}, {"type": "Feature", "id": "2026-04-01:1322012223312330", "geometry": {"type": "Polygon", "coordinates": [[[96.2786865234375, 16.725645893290068], [96.2786865234375, 16.730906589733923], [96.273193359375, 16.730906589733923], [96.273193359375, 16.725645893290068], [96.2786865234375, 16.725645893290068]]]}, "properties": {"quadkey": "1322012223312330", "tile_x": 96.27590000000001, "tile_y": 16.728299999999997, "avg_d_kbps": 31412, "avg_u_kbps": 1595, "avg_lat_ms": 14, "avg_lat_down_ms": 516.0, "avg_lat_up_ms": 1494.0, "tests": 2, "devices": 1, "period_start": "2026-04-01", "period_end_exclusive": "2026-07-01", "service_type": "mobile", "source": "Ookla Open Data", "download_mbps": 31.412, "upload_mbps": 1.595, "centroid_in_project": true, "operator": null, "radio_generation": null, "serving_cell_id": null, "single_test_tile": false, "source_url": "https://ookla-open-data.s3.amazonaws.com/parquet/performance/type=mobile/year=2026/quarter=2/2026-04-01_performance_mobile_tiles.parquet"}}, {"type": "Feature", "id": "2026-04-01:1322012223312333", "geometry": {"type": "Polygon", "coordinates": [[[96.2841796875, 16.72038505169399], [96.2841796875, 16.725645893290068], [96.2786865234375, 16.725645893290068], [96.2786865234375, 16.72038505169399], [96.2841796875, 16.72038505169399]]]}, "properties": {"quadkey": "1322012223312333", "tile_x": 96.28139999999999, "tile_y": 16.723, "avg_d_kbps": 28254, "avg_u_kbps": 13208, "avg_lat_ms": 73, "avg_lat_down_ms": 2333.0, "avg_lat_up_ms": 1100.0, "tests": 1, "devices": 1, "period_start": "2026-04-01", "period_end_exclusive": "2026-07-01", "service_type": "mobile", "source": "Ookla Open Data", "download_mbps": 28.254, "upload_mbps": 13.208, "centroid_in_project": true, "operator": null, "radio_generation": null, "serving_cell_id": null, "single_test_tile": true, "source_url": "https://ookla-open-data.s3.amazonaws.com/parquet/performance/type=mobile/year=2026/quarter=2/2026-04-01_performance_mobile_tiles.parquet"}}, {"type": "Feature", "id": "2026-04-01:1322012223322123", "geometry": {"type": "Polygon", "coordinates": [[[96.185302734375, 16.65724364536077], [96.185302734375, 16.662506225634576], [96.1798095703125, 16.662506225634576], [96.1798095703125, 16.65724364536077], [96.185302734375, 16.65724364536077]]]}, "properties": {"quadkey": "1322012223322123", "tile_x": 96.18260000000001, "tile_y": 16.6599, "avg_d_kbps": 29472, "avg_u_kbps": 11772, "avg_lat_ms": 159, "avg_lat_down_ms": 709.0, "avg_lat_up_ms": 2898.0, "tests": 1, "devices": 1, "period_start": "2026-04-01", "period_end_exclusive": "2026-07-01", "service_type": "mobile", "source": "Ookla Open Data", "download_mbps": 29.472, "upload_mbps": 11.772, "centroid_in_project": true, "operator": null, "radio_generation": null, "serving_cell_id": null, "single_test_tile": true, "source_url": "https://ookla-open-data.s3.amazonaws.com/parquet/performance/type=mobile/year=2026/quarter=2/2026-04-01_performance_mobile_tiles.parquet"}}, {"type": "Feature", "id": "2026-04-01:1322012223330120", "geometry": {"type": "Polygon", "coordinates": [[[96.2677001953125, 16.70460165639595], [96.2677001953125, 16.709862933206573], [96.26220703125, 16.709862933206573], [96.26220703125, 16.70460165639595], [96.2677001953125, 16.70460165639595]]]}, "properties": {"quadkey": "1322012223330120", "tile_x": 96.265, "tile_y": 16.7072, "avg_d_kbps": 8302, "avg_u_kbps": 8698, "avg_lat_ms": 70, "avg_lat_down_ms": 5771.0, "avg_lat_up_ms": 1271.0, "tests": 2, "devices": 1, "period_start": "2026-04-01", "period_end_exclusive": "2026-07-01", "service_type": "mobile", "source": "Ookla Open Data", "download_mbps": 8.302, "upload_mbps": 8.698, "centroid_in_project": true, "operator": null, "radio_generation": null, "serving_cell_id": null, "single_test_tile": false, "source_url": "https://ookla-open-data.s3.amazonaws.com/parquet/performance/type=mobile/year=2026/quarter=2/2026-04-01_performance_mobile_tiles.parquet"}}, {"type": "Feature", "id": "2026-04-01:1322012223330332", "geometry": {"type": "Polygon", "coordinates": [[[96.2786865234375, 16.678293098288517], [96.2786865234375, 16.6835550996493], [96.273193359375, 16.6835550996493], [96.273193359375, 16.678293098288517], [96.2786865234375, 16.678293098288517]]]}, "properties": {"quadkey": "1322012223330332", "tile_x": 96.27590000000001, "tile_y": 16.6809, "avg_d_kbps": 34822, "avg_u_kbps": 30006, "avg_lat_ms": 83, "avg_lat_down_ms": 999.0, "avg_lat_up_ms": 616.0, "tests": 3, "devices": 1, "period_start": "2026-04-01", "period_end_exclusive": "2026-07-01", "service_type": "mobile", "source": "Ookla Open Data", "download_mbps": 34.822, "upload_mbps": 30.006, "centroid_in_project": true, "operator": null, "radio_generation": null, "serving_cell_id": null, "single_test_tile": false, "source_url": "https://ookla-open-data.s3.amazonaws.com/parquet/performance/type=mobile/year=2026/quarter=2/2026-04-01_performance_mobile_tiles.parquet"}}, {"type": "Feature", "id": "2026-04-01:1322012223331320", "geometry": {"type": "Polygon", "coordinates": [[[96.3116455078125, 16.6835550996493], [96.3116455078125, 16.68881695618083], [96.30615234375, 16.68881695618083], [96.30615234375, 16.6835550996493], [96.3116455078125, 16.6835550996493]]]}, "properties": {"quadkey": "1322012223331320", "tile_x": 96.3089, "tile_y": 16.686200000000003, "avg_d_kbps": 9446, "avg_u_kbps": 10204, "avg_lat_ms": 170, "avg_lat_down_ms": 2137.0, "avg_lat_up_ms": 4396.0, "tests": 2, "devices": 1, "period_start": "2026-04-01", "period_end_exclusive": "2026-07-01", "service_type": "mobile", "source": "Ookla Open Data", "download_mbps": 9.446, "upload_mbps": 10.204, "centroid_in_project": true, "operator": null, "radio_generation": null, "serving_cell_id": null, "single_test_tile": false, "source_url": "https://ookla-open-data.s3.amazonaws.com/parquet/performance/type=mobile/year=2026/quarter=2/2026-04-01_performance_mobile_tiles.parquet"}}, {"type": "Feature", "id": "2026-04-01:1322012223331323", "geometry": {"type": "Polygon", "coordinates": [[[96.317138671875, 16.678293098288517], [96.317138671875, 16.6835550996493], [96.3116455078125, 16.6835550996493], [96.3116455078125, 16.678293098288517], [96.317138671875, 16.678293098288517]]]}, "properties": {"quadkey": "1322012223331323", "tile_x": 96.31439999999999, "tile_y": 16.6809, "avg_d_kbps": 3131, "avg_u_kbps": 11092, "avg_lat_ms": 110, "avg_lat_down_ms": 1709.0, "avg_lat_up_ms": 3138.0, "tests": 1, "devices": 1, "period_start": "2026-04-01", "period_end_exclusive": "2026-07-01", "service_type": "mobile", "source": "Ookla Open Data", "download_mbps": 3.131, "upload_mbps": 11.092, "centroid_in_project": true, "operator": null, "radio_generation": null, "serving_cell_id": null, "single_test_tile": true, "source_url": "https://ookla-open-data.s3.amazonaws.com/parquet/performance/type=mobile/year=2026/quarter=2/2026-04-01_performance_mobile_tiles.parquet"}}, {"type": "Feature", "id": "2026-04-01:1322012223332012", "geometry": {"type": "Polygon", "coordinates": [[[96.2567138671875, 16.667768661240746], [96.2567138671875, 16.673030952138863], [96.251220703125, 16.673030952138863], [96.251220703125, 16.667768661240746], [96.2567138671875, 16.667768661240746]]]}, "properties": {"quadkey": "1322012223332012", "tile_x": 96.25399999999999, "tile_y": 16.6704, "avg_d_kbps": 2733, "avg_u_kbps": 19036, "avg_lat_ms": 228, "avg_lat_down_ms": 1291.0, "avg_lat_up_ms": 1203.0, "tests": 1, "devices": 1, "period_start": "2026-04-01", "period_end_exclusive": "2026-07-01", "service_type": "mobile", "source": "Ookla Open Data", "download_mbps": 2.733, "upload_mbps": 19.036, "centroid_in_project": true, "operator": null, "radio_generation": null, "serving_cell_id": null, "single_test_tile": true, "source_url": "https://ookla-open-data.s3.amazonaws.com/parquet/performance/type=mobile/year=2026/quarter=2/2026-04-01_performance_mobile_tiles.parquet"}}]}