period_start,period_end_exclusive,quadkey,tile_x,tile_y,avg_d_kbps,avg_u_kbps,download_mbps,upload_mbps,avg_lat_ms,avg_lat_down_ms,avg_lat_up_ms,tests,devices,single_test_tile,centroid_in_project,service_type,operator,radio_generation,serving_cell_id,tile,source,source_url
2026-01-01,2026-04-01,1322012221201233,96.0397,17.1014,9524,5145,9.524,5.145,229,3764,770,2,1,False,True,mobile,,,,"POLYGON ((96.04248046875 17.098792237678683, 96.04248046875 17.104042525557904, 96.0369873046875 17.104042525557904, 96.0369873046875 17.098792237678683, 96.04248046875 17.098792237678683))",Ookla Open Data,https://ookla-open-data.s3.amazonaws.com/parquet/performance/type=mobile/year=2026/quarter=1/2026-01-01_performance_mobile_tiles.parquet
2026-01-01,2026-04-01,1322012221201322,96.0452,17.1014,8254,4927,8.254,4.927,341,2487,694,3,1,False,True,mobile,,,,"POLYGON ((96.0479736328125 17.098792237678683, 96.0479736328125 17.104042525557904, 96.04248046875 17.104042525557904, 96.04248046875 17.098792237678683, 96.0479736328125 17.098792237678683))",Ookla Open Data,https://ookla-open-data.s3.amazonaws.com/parquet/performance/type=mobile/year=2026/quarter=1/2026-01-01_performance_mobile_tiles.parquet
2026-01-01,2026-04-01,1322012221212100,96.0892,17.096200000000003,4574,8782,4.574,8.782,221,2101,278,1,1,True,True,mobile,,,,"POLYGON ((96.0919189453125 17.0935418017979, 96.0919189453125 17.098792237678683, 96.08642578125 17.098792237678683, 96.08642578125 17.0935418017979, 96.0919189453125 17.0935418017979))",Ookla Open Data,https://ookla-open-data.s3.amazonaws.com/parquet/performance/type=mobile/year=2026/quarter=1/2026-01-01_performance_mobile_tiles.parquet
2026-01-01,2026-04-01,1322012221213322,96.13310000000001,17.0594,24202,4332,24.202,4.332,60,1775,7554,1,1,True,True,mobile,,,,"POLYGON ((96.1358642578125 17.05678460994255, 96.1358642578125 17.06203608071622, 96.13037109375 17.06203608071622, 96.13037109375 17.05678460994255, 96.1358642578125 17.05678460994255))",Ookla Open Data,https://ookla-open-data.s3.amazonaws.com/parquet/performance/type=mobile/year=2026/quarter=1/2026-01-01_performance_mobile_tiles.parquet
2026-01-01,2026-04-01,1322012221223311,96.0617,16.9911,32183,2909,32.183,2.909,58,388,3500,1,1,True,True,mobile,,,,"POLYGON ((96.064453125 16.9885020653736, 96.064453125 16.993755452894558, 96.0589599609375 16.993755452894558, 96.0589599609375 16.9885020653736, 96.064453125 16.9885020653736))",Ookla Open Data,https://ookla-open-data.s3.amazonaws.com/parquet/performance/type=mobile/year=2026/quarter=1/2026-01-01_performance_mobile_tiles.parquet
2026-01-01,2026-04-01,1322012221231030,96.12210000000002,17.0437,1304,15070,1.304,15.07,93,104,134,3,1,False,True,mobile,,,,"POLYGON ((96.1248779296875 17.04102931168919, 96.1248779296875 17.046281225389066, 96.119384765625 17.046281225389066, 96.119384765625 17.04102931168919, 96.1248779296875 17.04102931168919))",Ookla Open Data,https://ookla-open-data.s3.amazonaws.com/parquet/performance/type=mobile/year=2026/quarter=1/2026-01-01_performance_mobile_tiles.parquet
2026-01-01,2026-04-01,1322012221231031,96.1276,17.0437,14126,40773,14.126,40.773,204,1336,555,1,1,True,True,mobile,,,,"POLYGON ((96.13037109375 17.04102931168919, 96.13037109375 17.046281225389066, 96.1248779296875 17.046281225389066, 96.1248779296875 17.04102931168919, 96.13037109375 17.04102931168919))",Ookla Open Data,https://ookla-open-data.s3.amazonaws.com/parquet/performance/type=mobile/year=2026/quarter=1/2026-01-01_performance_mobile_tiles.parquet
2026-01-01,2026-04-01,1322012221231101,96.13860000000001,17.0542,3949,13744,3.949,13.744,56,9378,642,1,1,True,True,mobile,,,,"POLYGON ((96.141357421875 17.051532991486848, 96.141357421875 17.05678460994255, 96.1358642578125 17.05678460994255, 96.1358642578125 17.051532991486848, 96.141357421875 17.051532991486848))",Ookla Open Data,https://ookla-open-data.s3.amazonaws.com/parquet/performance/type=mobile/year=2026/quarter=1/2026-01-01_performance_mobile_tiles.parquet
2026-01-01,2026-04-01,1322012221231122,96.13310000000001,17.038400000000003,23895,25344,23.895,25.344,95,516,277,1,1,True,True,mobile,,,,"POLYGON ((96.1358642578125 17.03577725042719, 96.1358642578125 17.04102931168919, 96.13037109375 17.04102931168919, 96.13037109375 17.03577725042719, 96.1358642578125 17.03577725042719))",Ookla Open Data,https://ookla-open-data.s3.amazonaws.com/parquet/performance/type=mobile/year=2026/quarter=1/2026-01-01_performance_mobile_tiles.parquet
2026-01-01,2026-04-01,1322012221231301,96.13860000000001,17.0332,9892,18111,9.892,18.111,83,361,283,4,1,False,True,mobile,,,,"POLYGON ((96.141357421875 17.030525041643063, 96.141357421875 17.03577725042719, 96.1358642578125 17.03577725042719, 96.1358642578125 17.030525041643063, 96.141357421875 17.030525041643063))",Ookla Open Data,https://ookla-open-data.s3.amazonaws.com/parquet/performance/type=mobile/year=2026/quarter=1/2026-01-01_performance_mobile_tiles.parquet
2026-01-01,2026-04-01,1322012221231330,96.14410000000001,17.022599999999997,32937,6899,32.937,6.899,117,332,331,2,1,False,True,mobile,,,,"POLYGON ((96.1468505859375 17.02002018166838, 96.1468505859375 17.025272685376795, 96.141357421875 17.025272685376795, 96.141357421875 17.02002018166838, 96.1468505859375 17.02002018166838))",Ookla Open Data,https://ookla-open-data.s3.amazonaws.com/parquet/performance/type=mobile/year=2026/quarter=1/2026-01-01_performance_mobile_tiles.parquet
2026-01-01,2026-04-01,1322012221232122,96.0892,16.9964,20585,10202,20.585,10.202,63,422,431,1,1,True,True,mobile,,,,"POLYGON ((96.0919189453125 16.993755452894558, 96.0919189453125 16.99900869321349, 96.08642578125 16.99900869321349, 96.08642578125 16.993755452894558, 96.0919189453125 16.993755452894558))",Ookla Open Data,https://ookla-open-data.s3.amazonaws.com/parquet/performance/type=mobile/year=2026/quarter=1/2026-01-01_performance_mobile_tiles.parquet
2026-01-01,2026-04-01,1322012221232212,96.0782,16.9859,24399,17423,24.399,17.423,59,1374,259,7,1,False,True,mobile,,,,"POLYGON ((96.0809326171875 16.98324853069066, 96.0809326171875 16.9885020653736, 96.075439453125 16.9885020653736, 96.075439453125 16.98324853069066, 96.0809326171875 16.98324853069066))",Ookla Open Data,https://ookla-open-data.s3.amazonaws.com/parquet/performance/type=mobile/year=2026/quarter=1/2026-01-01_performance_mobile_tiles.parquet
2026-01-01,2026-04-01,1322012221232221,96.07270000000001,16.9806,13359,11741,13.359,11.741,257,940,4896,1,1,True,True,mobile,,,,"POLYGON ((96.075439453125 16.97799484888578, 96.075439453125 16.98324853069066, 96.0699462890625 16.98324853069066, 96.0699462890625 16.97799484888578, 96.075439453125 16.97799484888578))",Ookla Open Data,https://ookla-open-data.s3.amazonaws.com/parquet/performance/type=mobile/year=2026/quarter=1/2026-01-01_performance_mobile_tiles.parquet
2026-01-01,2026-04-01,1322012221233132,96.14410000000001,16.9964,1551,391,1.551,0.391,74,93,83,2,1,False,True,mobile,,,,"POLYGON ((96.1468505859375 16.993755452894558, 96.1468505859375 16.99900869321349, 96.141357421875 16.99900869321349, 96.141357421875 16.993755452894558, 96.1468505859375 16.993755452894558))",Ookla Open Data,https://ookla-open-data.s3.amazonaws.com/parquet/performance/type=mobile/year=2026/quarter=1/2026-01-01_performance_mobile_tiles.parquet
2026-01-01,2026-04-01,1322012221320022,96.1551,17.038400000000003,15792,956,15.792,0.956,100,4923,369,2,1,False,True,mobile,,,,"POLYGON ((96.1578369140625 17.03577725042719, 96.1578369140625 17.04102931168919, 96.15234375 17.04102931168919, 96.15234375 17.03577725042719, 96.1578369140625 17.03577725042719))",Ookla Open Data,https://ookla-open-data.s3.amazonaws.com/parquet/performance/type=mobile/year=2026/quarter=1/2026-01-01_performance_mobile_tiles.parquet
2026-01-01,2026-04-01,1322012223003303,96.05069999999999,16.901799999999998,39054,42911,39.054,42.911,36,359,164,4,1,False,True,mobile,,,,"POLYGON ((96.053466796875 16.899171994430837, 96.053466796875 16.90442787825499, 96.0479736328125 16.90442787825499, 96.0479736328125 16.899171994430837, 96.053466796875 16.899171994430837))",Ookla Open Data,https://ookla-open-data.s3.amazonaws.com/parquet/performance/type=mobile/year=2026/quarter=1/2026-01-01_performance_mobile_tiles.parquet
2026-01-01,2026-04-01,1322012223010003,96.07270000000001,16.964900000000004,68592,46411,68.592,46.411,91,977,704,2,1,False,True,mobile,,,,"POLYGON ((96.075439453125 16.962232921140096, 96.075439453125 16.96748704407044, 96.0699462890625 16.96748704407044, 96.0699462890625 16.962232921140096, 96.075439453125 16.962232921140096))",Ookla Open Data,https://ookla-open-data.s3.amazonaws.com/parquet/performance/type=mobile/year=2026/quarter=1/2026-01-01_performance_mobile_tiles.parquet
2026-01-01,2026-04-01,1322012223010012,96.0782,16.964900000000004,98661,42142,98.661,42.142,112,917,889,2,1,False,True,mobile,,,,"POLYGON ((96.0809326171875 16.962232921140096, 96.0809326171875 16.96748704407044, 96.075439453125 16.96748704407044, 96.075439453125 16.962232921140096, 96.0809326171875 16.962232921140096))",Ookla Open Data,https://ookla-open-data.s3.amazonaws.com/parquet/performance/type=mobile/year=2026/quarter=1/2026-01-01_performance_mobile_tiles.parquet
2026-01-01,2026-04-01,1322012223010013,96.0837,16.964900000000004,17652,9820,17.652,9.82,98,715,1067,2,2,False,True,mobile,,,,"POLYGON ((96.08642578125 16.962232921140096, 96.08642578125 16.96748704407044, 96.0809326171875 16.96748704407044, 96.0809326171875 16.962232921140096, 96.08642578125 16.962232921140096))",Ookla Open Data,https://ookla-open-data.s3.amazonaws.com/parquet/performance/type=mobile/year=2026/quarter=1/2026-01-01_performance_mobile_tiles.parquet
2026-01-01,2026-04-01,1322012223010120,96.0892,16.9596,9350,149,9.35,0.149,204,1128,1755,1,1,True,True,mobile,,,,"POLYGON ((96.0919189453125 16.95697865124807, 96.0919189453125 16.962232921140096, 96.08642578125 16.962232921140096, 96.08642578125 16.95697865124807, 96.0919189453125 16.95697865124807))",Ookla Open Data,https://ookla-open-data.s3.amazonaws.com/parquet/performance/type=mobile/year=2026/quarter=1/2026-01-01_performance_mobile_tiles.parquet
2026-01-01,2026-04-01,1322012223010201,96.07270000000001,16.949099999999998,71490,28040,71.49,28.04,47,177,148,1,1,True,True,mobile,,,,"POLYGON ((96.075439453125 16.94646967073926, 96.075439453125 16.95172423443443, 96.0699462890625 16.95172423443443, 96.0699462890625 16.94646967073926, 96.075439453125 16.94646967073926))",Ookla Open Data,https://ookla-open-data.s3.amazonaws.com/parquet/performance/type=mobile/year=2026/quarter=1/2026-01-01_performance_mobile_tiles.parquet
2026-01-01,2026-04-01,1322012223010211,96.0837,16.949099999999998,365,175,0.365,0.175,227,575,571,1,1,True,True,mobile,,,,"POLYGON ((96.08642578125 16.94646967073926, 96.08642578125 16.95172423443443, 96.0809326171875 16.95172423443443, 96.0809326171875 16.94646967073926, 96.08642578125 16.94646967073926))",Ookla Open Data,https://ookla-open-data.s3.amazonaws.com/parquet/performance/type=mobile/year=2026/quarter=1/2026-01-01_performance_mobile_tiles.parquet
2026-01-01,2026-04-01,1322012223010302,96.0892,16.9438,34915,15129,34.915,15.129,46,635,577,1,1,True,True,mobile,,,,"POLYGON ((96.0919189453125 16.941214960202657, 96.0919189453125 16.94646967073926, 96.08642578125 16.94646967073926, 96.08642578125 16.941214960202657, 96.0919189453125 16.941214960202657))",Ookla Open Data,https://ookla-open-data.s3.amazonaws.com/parquet/performance/type=mobile/year=2026/quarter=1/2026-01-01_performance_mobile_tiles.parquet
2026-01-01,2026-04-01,1322012223011031,96.1276,16.9596,56149,30591,56.149,30.591,205,917,550,1,1,True,True,mobile,,,,"POLYGON ((96.13037109375 16.95697865124807, 96.13037109375 16.962232921140096, 96.1248779296875 16.962232921140096, 96.1248779296875 16.95697865124807, 96.13037109375 16.95697865124807))",Ookla Open Data,https://ookla-open-data.s3.amazonaws.com/parquet/performance/type=mobile/year=2026/quarter=1/2026-01-01_performance_mobile_tiles.parquet
2026-01-01,2026-04-01,1322012223011131,96.1496,16.9596,10044,10836,10.044,10.836,164,1610,741,22,2,False,True,mobile,,,,"POLYGON ((96.15234375 16.95697865124807, 96.15234375 16.962232921140096, 96.1468505859375 16.962232921140096, 96.1468505859375 16.95697865124807, 96.15234375 16.95697865124807))",Ookla Open Data,https://ookla-open-data.s3.amazonaws.com/parquet/performance/type=mobile/year=2026/quarter=1/2026-01-01_performance_mobile_tiles.parquet
2026-01-01,2026-04-01,1322012223012022,96.06719999999999,16.9123,87036,11735,87.036,11.735,16,783,573,1,1,True,True,mobile,,,,"POLYGON ((96.0699462890625 16.909683615558638, 96.0699462890625 16.914939206301643, 96.064453125 16.914939206301643, 96.064453125 16.909683615558638, 96.0699462890625 16.909683615558638))",Ookla Open Data,https://ookla-open-data.s3.amazonaws.com/parquet/performance/type=mobile/year=2026/quarter=1/2026-01-01_performance_mobile_tiles.parquet
2026-01-01,2026-04-01,1322012223012103,96.09469999999999,16.922800000000002,34267,23891,34.267,23.891,208,2469,453,3,2,False,True,mobile,,,,"POLYGON ((96.097412109375 16.92019465044388, 96.097412109375 16.925449947945214, 96.0919189453125 16.925449947945214, 96.0919189453125 16.92019465044388, 96.097412109375 16.92019465044388))",Ookla Open Data,https://ookla-open-data.s3.amazonaws.com/parquet/performance/type=mobile/year=2026/quarter=1/2026-01-01_performance_mobile_tiles.parquet
2026-01-01,2026-04-01,1322012223012223,96.07270000000001,16.891299999999998,91204,57891,91.204,57.891,119,1142,465,1,1,True,True,mobile,,,,"POLYGON ((96.075439453125 16.888659787381606, 96.075439453125 16.89391596412632, 96.0699462890625 16.89391596412632, 96.0699462890625 16.888659787381606, 96.075439453125 16.888659787381606))",Ookla Open Data,https://ookla-open-data.s3.amazonaws.com/parquet/performance/type=mobile/year=2026/quarter=1/2026-01-01_performance_mobile_tiles.parquet
2026-01-01,2026-04-01,1322012223012301,96.09469999999999,16.907099999999996,35558,22346,35.558,22.346,89,596,310,1,1,True,True,mobile,,,,"POLYGON ((96.097412109375 16.90442787825499, 96.097412109375 16.909683615558638, 96.0919189453125 16.909683615558638, 96.0919189453125 16.90442787825499, 96.097412109375 16.90442787825499))",Ookla Open Data,https://ookla-open-data.s3.amazonaws.com/parquet/performance/type=mobile/year=2026/quarter=1/2026-01-01_performance_mobile_tiles.parquet
2026-01-01,2026-04-01,1322012223012310,96.1002,16.907099999999996,35152,21956,35.152,21.956,66,514,359,40,2,False,True,mobile,,,,"POLYGON ((96.1029052734375 16.90442787825499, 96.1029052734375 16.909683615558638, 96.097412109375 16.909683615558638, 96.097412109375 16.90442787825499, 96.1029052734375 16.90442787825499))",Ookla Open Data,https://ookla-open-data.s3.amazonaws.com/parquet/performance/type=mobile/year=2026/quarter=1/2026-01-01_performance_mobile_tiles.parquet
2026-01-01,2026-04-01,1322012223012320,96.0892,16.8965,10351,8141,10.351,8.141,67,874,123,2,1,False,True,mobile,,,,"POLYGON ((96.0919189453125 16.89391596412632, 96.0919189453125 16.899171994430837, 96.08642578125 16.899171994430837, 96.08642578125 16.89391596412632, 96.0919189453125 16.89391596412632))",Ookla Open Data,https://ookla-open-data.s3.amazonaws.com/parquet/performance/type=mobile/year=2026/quarter=1/2026-01-01_performance_mobile_tiles.parquet
2026-01-01,2026-04-01,1322012223013110,96.14410000000001,16.9281,1460,843,1.46,0.843,49,63,153,1,1,True,True,mobile,,,,"POLYGON ((96.1468505859375 16.925449947945214, 96.1468505859375 16.93070509876553, 96.141357421875 16.93070509876553, 96.141357421875 16.925449947945214, 96.1468505859375 16.925449947945214))",Ookla Open Data,https://ookla-open-data.s3.amazonaws.com/parquet/performance/type=mobile/year=2026/quarter=1/2026-01-01_performance_mobile_tiles.parquet
2026-01-01,2026-04-01,1322012223013131,96.1496,16.9176,1384,315,1.384,0.315,42,57,490,1,1,True,True,mobile,,,,"POLYGON ((96.15234375 16.914939206301643, 96.15234375 16.92019465044388, 96.1468505859375 16.92019465044388, 96.1468505859375 16.914939206301643, 96.15234375 16.914939206301643))",Ookla Open Data,https://ookla-open-data.s3.amazonaws.com/parquet/performance/type=mobile/year=2026/quarter=1/2026-01-01_performance_mobile_tiles.parquet
2026-01-01,2026-04-01,1322012223013200,96.11110000000001,16.907099999999996,28283,25693,28.283,25.693,229,901,348,2,2,False,True,mobile,,,,"POLYGON ((96.1138916015625 16.90442787825499, 96.1138916015625 16.909683615558638, 96.1083984375 16.909683615558638, 96.1083984375 16.90442787825499, 96.1138916015625 16.90442787825499))",Ookla Open Data,https://ookla-open-data.s3.amazonaws.com/parquet/performance/type=mobile/year=2026/quarter=1/2026-01-01_performance_mobile_tiles.parquet
2026-01-01,2026-04-01,1322012223013222,96.11110000000001,16.891299999999998,88483,38176,88.483,38.176,233,2176,1065,2,2,False,True,mobile,,,,"POLYGON ((96.1138916015625 16.888659787381606, 96.1138916015625 16.89391596412632, 96.1083984375 16.89391596412632, 96.1083984375 16.888659787381606, 96.1138916015625 16.888659787381606))",Ookla Open Data,https://ookla-open-data.s3.amazonaws.com/parquet/performance/type=mobile/year=2026/quarter=1/2026-01-01_performance_mobile_tiles.parquet
2026-01-01,2026-04-01,1322012223013223,96.11659999999999,16.891299999999998,76393,47521,76.393,47.521,102,898,659,1,1,True,True,mobile,,,,"POLYGON ((96.119384765625 16.888659787381606, 96.119384765625 16.89391596412632, 96.1138916015625 16.89391596412632, 96.1138916015625 16.888659787381606, 96.119384765625 16.888659787381606))",Ookla Open Data,https://ookla-open-data.s3.amazonaws.com/parquet/performance/type=mobile/year=2026/quarter=1/2026-01-01_performance_mobile_tiles.parquet
2026-01-01,2026-04-01,1322012223013233,96.1276,16.891299999999998,23729,12907,23.729,12.907,45,923,1365,3,2,False,True,mobile,,,,"POLYGON ((96.13037109375 16.888659787381606, 96.13037109375 16.89391596412632, 96.1248779296875 16.89391596412632, 96.1248779296875 16.888659787381606, 96.13037109375 16.888659787381606))",Ookla Open Data,https://ookla-open-data.s3.amazonaws.com/parquet/performance/type=mobile/year=2026/quarter=1/2026-01-01_performance_mobile_tiles.parquet
2026-01-01,2026-04-01,1322012223013302,96.13310000000001,16.901799999999998,11832,1155,11.832,1.155,224,1488,1993,4,4,False,True,mobile,,,,"POLYGON ((96.1358642578125 16.899171994430837, 96.1358642578125 16.90442787825499, 96.13037109375 16.90442787825499, 96.13037109375 16.899171994430837, 96.1358642578125 16.899171994430837))",Ookla Open Data,https://ookla-open-data.s3.amazonaws.com/parquet/performance/type=mobile/year=2026/quarter=1/2026-01-01_performance_mobile_tiles.parquet
2026-01-01,2026-04-01,1322012223013303,96.13860000000001,16.901799999999998,3867,172,3.867,0.172,234,4853,3969,1,1,True,True,mobile,,,,"POLYGON ((96.141357421875 16.899171994430837, 96.141357421875 16.90442787825499, 96.1358642578125 16.90442787825499, 96.1358642578125 16.899171994430837, 96.141357421875 16.899171994430837))",Ookla Open Data,https://ookla-open-data.s3.amazonaws.com/parquet/performance/type=mobile/year=2026/quarter=1/2026-01-01_performance_mobile_tiles.parquet
2026-01-01,2026-04-01,1322012223013310,96.14410000000001,16.907099999999996,3448,23539,3.448,23.539,16,,551,1,1,True,True,mobile,,,,"POLYGON ((96.1468505859375 16.90442787825499, 96.1468505859375 16.909683615558638, 96.141357421875 16.909683615558638, 96.141357421875 16.90442787825499, 96.1468505859375 16.90442787825499))",Ookla Open Data,https://ookla-open-data.s3.amazonaws.com/parquet/performance/type=mobile/year=2026/quarter=1/2026-01-01_performance_mobile_tiles.parquet
2026-01-01,2026-04-01,1322012223013312,96.14410000000001,16.901799999999998,47428,21590,47.428,21.59,42,208,113,2,1,False,True,mobile,,,,"POLYGON ((96.1468505859375 16.899171994430837, 96.1468505859375 16.90442787825499, 96.141357421875 16.90442787825499, 96.141357421875 16.899171994430837, 96.1468505859375 16.899171994430837))",Ookla Open Data,https://ookla-open-data.s3.amazonaws.com/parquet/performance/type=mobile/year=2026/quarter=1/2026-01-01_performance_mobile_tiles.parquet
2026-01-01,2026-04-01,1322012223013322,96.13310000000001,16.891299999999998,8252,27396,8.252,27.396,202,910,824,1,1,True,True,mobile,,,,"POLYGON ((96.1358642578125 16.888659787381606, 96.1358642578125 16.89391596412632, 96.13037109375 16.89391596412632, 96.13037109375 16.888659787381606, 96.1358642578125 16.888659787381606))",Ookla Open Data,https://ookla-open-data.s3.amazonaws.com/parquet/performance/type=mobile/year=2026/quarter=1/2026-01-01_performance_mobile_tiles.parquet
2026-01-01,2026-04-01,1322012223021013,96.0397,16.8808,24190,16075,24.19,16.075,50,816,830,4,1,False,True,mobile,,,,"POLYGON ((96.04248046875 16.878146994732166, 96.04248046875 16.88340346423683, 96.0369873046875 16.88340346423683, 96.0369873046875 16.878146994732166, 96.04248046875 16.878146994732166))",Ookla Open Data,https://ookla-open-data.s3.amazonaws.com/parquet/performance/type=mobile/year=2026/quarter=1/2026-01-01_performance_mobile_tiles.parquet
2026-01-01,2026-04-01,1322012223021101,96.05069999999999,16.886,23028,24119,23.028,24.119,120,547,417,6,2,False,True,mobile,,,,"POLYGON ((96.053466796875 16.88340346423683, 96.053466796875 16.888659787381606, 96.0479736328125 16.888659787381606, 96.0479736328125 16.88340346423683, 96.053466796875 16.88340346423683))",Ookla Open Data,https://ookla-open-data.s3.amazonaws.com/parquet/performance/type=mobile/year=2026/quarter=1/2026-01-01_performance_mobile_tiles.parquet
2026-01-01,2026-04-01,1322012223021121,96.05069999999999,16.8755,22283,24785,22.283,24.785,214,,,1,1,True,True,mobile,,,,"POLYGON ((96.053466796875 16.87289037890778, 96.053466796875 16.878146994732166, 96.0479736328125 16.878146994732166, 96.0479736328125 16.87289037890778, 96.053466796875 16.87289037890778))",Ookla Open Data,https://ookla-open-data.s3.amazonaws.com/parquet/performance/type=mobile/year=2026/quarter=1/2026-01-01_performance_mobile_tiles.parquet
2026-01-01,2026-04-01,1322012223021130,96.05619999999999,16.8755,27436,46046,27.436,46.046,31,472,213,1,1,True,True,mobile,,,,"POLYGON ((96.0589599609375 16.87289037890778, 96.0589599609375 16.878146994732166, 96.053466796875 16.878146994732166, 96.053466796875 16.87289037890778, 96.0589599609375 16.87289037890778))",Ookla Open Data,https://ookla-open-data.s3.amazonaws.com/parquet/performance/type=mobile/year=2026/quarter=1/2026-01-01_performance_mobile_tiles.parquet
2026-01-01,2026-04-01,1322012223021331,96.0617,16.8545,54890,24555,54.89,24.555,67,488,363,1,1,True,True,mobile,,,,"POLYGON ((96.064453125 16.851862453216572, 96.064453125 16.857119653918048, 96.0589599609375 16.857119653918048, 96.0589599609375 16.851862453216572, 96.064453125 16.851862453216572))",Ookla Open Data,https://ookla-open-data.s3.amazonaws.com/parquet/performance/type=mobile/year=2026/quarter=1/2026-01-01_performance_mobile_tiles.parquet
2026-01-01,2026-04-01,1322012223030030,96.0782,16.8755,1021,3805,1.021,3.805,59,1877,618,1,1,True,True,mobile,,,,"POLYGON ((96.0809326171875 16.87289037890778, 96.0809326171875 16.878146994732166, 96.075439453125 16.878146994732166, 96.075439453125 16.87289037890778, 96.0809326171875 16.87289037890778))",Ookla Open Data,https://ookla-open-data.s3.amazonaws.com/parquet/performance/type=mobile/year=2026/quarter=1/2026-01-01_performance_mobile_tiles.parquet
2026-01-01,2026-04-01,1322012223030103,96.09469999999999,16.8808,15014,13609,15.014,13.609,40,83,214,1,1,True,True,mobile,,,,"POLYGON ((96.097412109375 16.878146994732166, 96.097412109375 16.88340346423683, 96.0919189453125 16.88340346423683, 96.0919189453125 16.878146994732166, 96.097412109375 16.878146994732166))",Ookla Open Data,https://ookla-open-data.s3.amazonaws.com/parquet/performance/type=mobile/year=2026/quarter=1/2026-01-01_performance_mobile_tiles.parquet
2026-01-01,2026-04-01,1322012223030112,96.1002,16.8808,57270,26977,57.27,26.977,60,375,300,1,1,True,True,mobile,,,,"POLYGON ((96.1029052734375 16.878146994732166, 96.1029052734375 16.88340346423683, 96.097412109375 16.88340346423683, 96.097412109375 16.878146994732166, 96.1029052734375 16.878146994732166))",Ookla Open Data,https://ookla-open-data.s3.amazonaws.com/parquet/performance/type=mobile/year=2026/quarter=1/2026-01-01_performance_mobile_tiles.parquet
2026-01-01,2026-04-01,1322012223030113,96.1057,16.8808,88818,47998,88.818,47.998,83,582,602,1,1,True,True,mobile,,,,"POLYGON ((96.1083984375 16.878146994732166, 96.1083984375 16.88340346423683, 96.1029052734375 16.88340346423683, 96.1029052734375 16.878146994732166, 96.1083984375 16.878146994732166))",Ookla Open Data,https://ookla-open-data.s3.amazonaws.com/parquet/performance/type=mobile/year=2026/quarter=1/2026-01-01_performance_mobile_tiles.parquet
2026-01-01,2026-04-01,1322012223030130,96.1002,16.8755,14042,4554,14.042,4.554,149,1552,1608,2,1,False,True,mobile,,,,"POLYGON ((96.1029052734375 16.87289037890778, 96.1029052734375 16.878146994732166, 96.097412109375 16.878146994732166, 96.097412109375 16.87289037890778, 96.1029052734375 16.87289037890778))",Ookla Open Data,https://ookla-open-data.s3.amazonaws.com/parquet/performance/type=mobile/year=2026/quarter=1/2026-01-01_performance_mobile_tiles.parquet
2026-01-01,2026-04-01,1322012223030232,96.0782,16.849200000000003,1937,3089,1.937,3.089,202,1131,722,1,1,True,True,mobile,,,,"POLYGON ((96.0809326171875 16.846605106396304, 96.0809326171875 16.851862453216572, 96.075439453125 16.851862453216572, 96.075439453125 16.846605106396304, 96.0809326171875 16.846605106396304))",Ookla Open Data,https://ookla-open-data.s3.amazonaws.com/parquet/performance/type=mobile/year=2026/quarter=1/2026-01-01_performance_mobile_tiles.parquet
2026-01-01,2026-04-01,1322012223030302,96.0892,16.8597,31837,16661,31.837,16.661,140,998,1204,46,4,False,True,mobile,,,,"POLYGON ((96.0919189453125 16.857119653918048, 96.0919189453125 16.862376708460538, 96.08642578125 16.862376708460538, 96.08642578125 16.857119653918048, 96.0919189453125 16.857119653918048))",Ookla Open Data,https://ookla-open-data.s3.amazonaws.com/parquet/performance/type=mobile/year=2026/quarter=1/2026-01-01_performance_mobile_tiles.parquet
2026-01-01,2026-04-01,1322012223030331,96.1057,16.8545,21773,33905,21.773,33.905,55,296,125,1,1,True,True,mobile,,,,"POLYGON ((96.1083984375 16.851862453216572, 96.1083984375 16.857119653918048, 96.1029052734375 16.857119653918048, 96.1029052734375 16.851862453216572, 96.1083984375 16.851862453216572))",Ookla Open Data,https://ookla-open-data.s3.amazonaws.com/parquet/performance/type=mobile/year=2026/quarter=1/2026-01-01_performance_mobile_tiles.parquet
2026-01-01,2026-04-01,1322012223031003,96.11659999999999,16.8808,1295,2305,1.295,2.305,58,3753,8113,1,1,True,True,mobile,,,,"POLYGON ((96.119384765625 16.878146994732166, 96.119384765625 16.88340346423683, 96.1138916015625 16.88340346423683, 96.1138916015625 16.878146994732166, 96.119384765625 16.878146994732166))",Ookla Open Data,https://ookla-open-data.s3.amazonaws.com/parquet/performance/type=mobile/year=2026/quarter=1/2026-01-01_performance_mobile_tiles.parquet
2026-01-01,2026-04-01,1322012223031021,96.11659999999999,16.8755,79658,55099,79.658,55.099,143,457,209,1,1,True,True,mobile,,,,"POLYGON ((96.119384765625 16.87289037890778, 96.119384765625 16.878146994732166, 96.1138916015625 16.878146994732166, 96.1138916015625 16.87289037890778, 96.119384765625 16.87289037890778))",Ookla Open Data,https://ookla-open-data.s3.amazonaws.com/parquet/performance/type=mobile/year=2026/quarter=1/2026-01-01_performance_mobile_tiles.parquet
2026-01-01,2026-04-01,1322012223031023,96.11659999999999,16.8703,1169,366,1.169,0.366,172,544,466,1,1,True,True,mobile,,,,"POLYGON ((96.119384765625 16.867633616803843, 96.119384765625 16.87289037890778, 96.1138916015625 16.87289037890778, 96.1138916015625 16.867633616803843, 96.119384765625 16.867633616803843))",Ookla Open Data,https://ookla-open-data.s3.amazonaws.com/parquet/performance/type=mobile/year=2026/quarter=1/2026-01-01_performance_mobile_tiles.parquet
2026-01-01,2026-04-01,1322012223031103,96.13860000000001,16.8808,60976,42630,60.976,42.63,79,2783,3683,1,1,True,True,mobile,,,,"POLYGON ((96.141357421875 16.878146994732166, 96.141357421875 16.88340346423683, 96.1358642578125 16.88340346423683, 96.1358642578125 16.878146994732166, 96.141357421875 16.878146994732166))",Ookla Open Data,https://ookla-open-data.s3.amazonaws.com/parquet/performance/type=mobile/year=2026/quarter=1/2026-01-01_performance_mobile_tiles.parquet
2026-01-01,2026-04-01,1322012223031121,96.13860000000001,16.8755,12406,14270,12.406,14.27,143,918,162,1,1,True,True,mobile,,,,"POLYGON ((96.141357421875 16.87289037890778, 96.141357421875 16.878146994732166, 96.1358642578125 16.878146994732166, 96.1358642578125 16.87289037890778, 96.141357421875 16.87289037890778))",Ookla Open Data,https://ookla-open-data.s3.amazonaws.com/parquet/performance/type=mobile/year=2026/quarter=1/2026-01-01_performance_mobile_tiles.parquet
2026-01-01,2026-04-01,1322012223031122,96.13310000000001,16.8703,80856,41186,80.856,41.186,62,5891,2140,1,1,True,True,mobile,,,,"POLYGON ((96.1358642578125 16.867633616803843, 96.1358642578125 16.87289037890778, 96.13037109375 16.87289037890778, 96.13037109375 16.867633616803843, 96.1358642578125 16.867633616803843))",Ookla Open Data,https://ookla-open-data.s3.amazonaws.com/parquet/performance/type=mobile/year=2026/quarter=1/2026-01-01_performance_mobile_tiles.parquet
2026-01-01,2026-04-01,1322012223031130,96.14410000000001,16.8755,1628,1244,1.628,1.244,49,2300,5012,1,1,True,True,mobile,,,,"POLYGON ((96.1468505859375 16.87289037890778, 96.1468505859375 16.878146994732166, 96.141357421875 16.878146994732166, 96.141357421875 16.87289037890778, 96.1468505859375 16.87289037890778))",Ookla Open Data,https://ookla-open-data.s3.amazonaws.com/parquet/performance/type=mobile/year=2026/quarter=1/2026-01-01_performance_mobile_tiles.parquet
2026-01-01,2026-04-01,1322012223031200,96.11110000000001,16.865000000000002,25719,12010,25.719,12.01,100,484,1186,1,1,True,True,mobile,,,,"POLYGON ((96.1138916015625 16.862376708460538, 96.1138916015625 16.867633616803843, 96.1083984375 16.867633616803843, 96.1083984375 16.862376708460538, 96.1138916015625 16.862376708460538))",Ookla Open Data,https://ookla-open-data.s3.amazonaws.com/parquet/performance/type=mobile/year=2026/quarter=1/2026-01-01_performance_mobile_tiles.parquet
2026-01-01,2026-04-01,1322012223031201,96.11659999999999,16.865000000000002,35521,16553,35.521,16.553,139,932,1139,21,7,False,True,mobile,,,,"POLYGON ((96.119384765625 16.862376708460538, 96.119384765625 16.867633616803843, 96.1138916015625 16.867633616803843, 96.1138916015625 16.862376708460538, 96.119384765625 16.862376708460538))",Ookla Open Data,https://ookla-open-data.s3.amazonaws.com/parquet/performance/type=mobile/year=2026/quarter=1/2026-01-01_performance_mobile_tiles.parquet
2026-01-01,2026-04-01,1322012223031202,96.11110000000001,16.8597,41891,23618,41.891,23.618,63,383,415,3,2,False,True,mobile,,,,"POLYGON ((96.1138916015625 16.857119653918048, 96.1138916015625 16.862376708460538, 96.1083984375 16.862376708460538, 96.1083984375 16.857119653918048, 96.1138916015625 16.857119653918048))",Ookla Open Data,https://ookla-open-data.s3.amazonaws.com/parquet/performance/type=mobile/year=2026/quarter=1/2026-01-01_performance_mobile_tiles.parquet
2026-01-01,2026-04-01,1322012223031203,96.11659999999999,16.8597,56623,36815,56.623,36.815,149,795,901,3,1,False,True,mobile,,,,"POLYGON ((96.119384765625 16.857119653918048, 96.119384765625 16.862376708460538, 96.1138916015625 16.862376708460538, 96.1138916015625 16.857119653918048, 96.119384765625 16.857119653918048))",Ookla Open Data,https://ookla-open-data.s3.amazonaws.com/parquet/performance/type=mobile/year=2026/quarter=1/2026-01-01_performance_mobile_tiles.parquet
2026-01-01,2026-04-01,1322012223031211,96.1276,16.865000000000002,1580,1754,1.58,1.754,494,9788,1630,1,1,True,True,mobile,,,,"POLYGON ((96.13037109375 16.862376708460538, 96.13037109375 16.867633616803843, 96.1248779296875 16.867633616803843, 96.1248779296875 16.862376708460538, 96.13037109375 16.862376708460538))",Ookla Open Data,https://ookla-open-data.s3.amazonaws.com/parquet/performance/type=mobile/year=2026/quarter=1/2026-01-01_performance_mobile_tiles.parquet
2026-01-01,2026-04-01,1322012223031212,96.12210000000002,16.8597,46617,46028,46.617,46.028,142,756,344,3,3,False,True,mobile,,,,"POLYGON ((96.1248779296875 16.857119653918048, 96.1248779296875 16.862376708460538, 96.119384765625 16.862376708460538, 96.119384765625 16.857119653918048, 96.1248779296875 16.857119653918048))",Ookla Open Data,https://ookla-open-data.s3.amazonaws.com/parquet/performance/type=mobile/year=2026/quarter=1/2026-01-01_performance_mobile_tiles.parquet
2026-01-01,2026-04-01,1322012223031213,96.1276,16.8597,7937,6920,7.937,6.92,156,1221,954,2,1,False,True,mobile,,,,"POLYGON ((96.13037109375 16.857119653918048, 96.13037109375 16.862376708460538, 96.1248779296875 16.862376708460538, 96.1248779296875 16.857119653918048, 96.13037109375 16.857119653918048))",Ookla Open Data,https://ookla-open-data.s3.amazonaws.com/parquet/performance/type=mobile/year=2026/quarter=1/2026-01-01_performance_mobile_tiles.parquet
2026-01-01,2026-04-01,1322012223031223,96.11659999999999,16.849200000000003,80021,27119,80.021,27.119,145,390,1591,5,3,False,True,mobile,,,,"POLYGON ((96.119384765625 16.846605106396304, 96.119384765625 16.851862453216572, 96.1138916015625 16.851862453216572, 96.1138916015625 16.846605106396304, 96.119384765625 16.846605106396304))",Ookla Open Data,https://ookla-open-data.s3.amazonaws.com/parquet/performance/type=mobile/year=2026/quarter=1/2026-01-01_performance_mobile_tiles.parquet
2026-01-01,2026-04-01,1322012223031230,96.12210000000002,16.8545,44122,21521,44.122,21.521,147,531,628,115,5,False,True,mobile,,,,"POLYGON ((96.1248779296875 16.851862453216572, 96.1248779296875 16.857119653918048, 96.119384765625 16.857119653918048, 96.119384765625 16.851862453216572, 96.1248779296875 16.851862453216572))",Ookla Open Data,https://ookla-open-data.s3.amazonaws.com/parquet/performance/type=mobile/year=2026/quarter=1/2026-01-01_performance_mobile_tiles.parquet
2026-01-01,2026-04-01,1322012223031232,96.12210000000002,16.849200000000003,56456,41203,56.456,41.203,14,637,381,1,1,True,True,mobile,,,,"POLYGON ((96.1248779296875 16.846605106396304, 96.1248779296875 16.851862453216572, 96.119384765625 16.851862453216572, 96.119384765625 16.846605106396304, 96.1248779296875 16.846605106396304))",Ookla Open Data,https://ookla-open-data.s3.amazonaws.com/parquet/performance/type=mobile/year=2026/quarter=1/2026-01-01_performance_mobile_tiles.parquet
2026-01-01,2026-04-01,1322012223031233,96.1276,16.849200000000003,4823,6777,4.823,6.777,81,946,1022,2,2,False,True,mobile,,,,"POLYGON ((96.13037109375 16.846605106396304, 96.13037109375 16.851862453216572, 96.1248779296875 16.851862453216572, 96.1248779296875 16.846605106396304, 96.13037109375 16.846605106396304))",Ookla Open Data,https://ookla-open-data.s3.amazonaws.com/parquet/performance/type=mobile/year=2026/quarter=1/2026-01-01_performance_mobile_tiles.parquet
2026-01-01,2026-04-01,1322012223031301,96.13860000000001,16.865000000000002,25758,20454,25.758,20.454,120,628,441,5,3,False,True,mobile,,,,"POLYGON ((96.141357421875 16.862376708460538, 96.141357421875 16.867633616803843, 96.1358642578125 16.867633616803843, 96.1358642578125 16.862376708460538, 96.141357421875 16.862376708460538))",Ookla Open Data,https://ookla-open-data.s3.amazonaws.com/parquet/performance/type=mobile/year=2026/quarter=1/2026-01-01_performance_mobile_tiles.parquet
2026-01-01,2026-04-01,1322012223031310,96.14410000000001,16.865000000000002,27527,20716,27.527,20.716,121,1286,898,4,3,False,True,mobile,,,,"POLYGON ((96.1468505859375 16.862376708460538, 96.1468505859375 16.867633616803843, 96.141357421875 16.867633616803843, 96.141357421875 16.862376708460538, 96.1468505859375 16.862376708460538))",Ookla Open Data,https://ookla-open-data.s3.amazonaws.com/parquet/performance/type=mobile/year=2026/quarter=1/2026-01-01_performance_mobile_tiles.parquet
2026-01-01,2026-04-01,1322012223031320,96.13310000000001,16.8545,51414,35922,51.414,35.922,57,149,541,1,1,True,True,mobile,,,,"POLYGON ((96.1358642578125 16.851862453216572, 96.1358642578125 16.857119653918048, 96.13037109375 16.857119653918048, 96.13037109375 16.851862453216572, 96.1358642578125 16.851862453216572))",Ookla Open Data,https://ookla-open-data.s3.amazonaws.com/parquet/performance/type=mobile/year=2026/quarter=1/2026-01-01_performance_mobile_tiles.parquet
2026-01-01,2026-04-01,1322012223031322,96.13310000000001,16.849200000000003,56024,12177,56.024,12.177,99,741,464,1,1,True,True,mobile,,,,"POLYGON ((96.1358642578125 16.846605106396304, 96.1358642578125 16.851862453216572, 96.13037109375 16.851862453216572, 96.13037109375 16.846605106396304, 96.1358642578125 16.846605106396304))",Ookla Open Data,https://ookla-open-data.s3.amazonaws.com/parquet/performance/type=mobile/year=2026/quarter=1/2026-01-01_performance_mobile_tiles.parquet
2026-01-01,2026-04-01,1322012223031323,96.13860000000001,16.849200000000003,57892,21862,57.892,21.862,110,674,1982,3,1,False,True,mobile,,,,"POLYGON ((96.141357421875 16.846605106396304, 96.141357421875 16.851862453216572, 96.1358642578125 16.851862453216572, 96.1358642578125 16.846605106396304, 96.141357421875 16.846605106396304))",Ookla Open Data,https://ookla-open-data.s3.amazonaws.com/parquet/performance/type=mobile/year=2026/quarter=1/2026-01-01_performance_mobile_tiles.parquet
2026-01-01,2026-04-01,1322012223031330,96.14410000000001,16.8545,37079,11317,37.079,11.317,175,267,248,3,1,False,True,mobile,,,,"POLYGON ((96.1468505859375 16.851862453216572, 96.1468505859375 16.857119653918048, 96.141357421875 16.857119653918048, 96.141357421875 16.851862453216572, 96.1468505859375 16.851862453216572))",Ookla Open Data,https://ookla-open-data.s3.amazonaws.com/parquet/performance/type=mobile/year=2026/quarter=1/2026-01-01_performance_mobile_tiles.parquet
2026-01-01,2026-04-01,1322012223031333,96.1496,16.849200000000003,16498,4303,16.498,4.303,76,336,1998,2,1,False,True,mobile,,,,"POLYGON ((96.15234375 16.846605106396304, 96.15234375 16.851862453216572, 96.1468505859375 16.851862453216572, 96.1468505859375 16.846605106396304, 96.15234375 16.846605106396304))",Ookla Open Data,https://ookla-open-data.s3.amazonaws.com/parquet/performance/type=mobile/year=2026/quarter=1/2026-01-01_performance_mobile_tiles.parquet
2026-01-01,2026-04-01,1322012223032102,96.0892,16.8387,63185,9870,63.185,9.87,71,339,1494,3,2,False,True,mobile,,,,"POLYGON ((96.0919189453125 16.836089974560213, 96.0919189453125 16.841347613497447, 96.08642578125 16.841347613497447, 96.08642578125 16.836089974560213, 96.0919189453125 16.836089974560213))",Ookla Open Data,https://ookla-open-data.s3.amazonaws.com/parquet/performance/type=mobile/year=2026/quarter=1/2026-01-01_performance_mobile_tiles.parquet
2026-01-01,2026-04-01,1322012223033000,96.11110000000001,16.844,2855,7124,2.855,7.124,206,2765,5428,3,1,False,True,mobile,,,,"POLYGON ((96.1138916015625 16.841347613497447, 96.1138916015625 16.846605106396304, 96.1083984375 16.846605106396304, 96.1083984375 16.841347613497447, 96.1138916015625 16.841347613497447))",Ookla Open Data,https://ookla-open-data.s3.amazonaws.com/parquet/performance/type=mobile/year=2026/quarter=1/2026-01-01_performance_mobile_tiles.parquet
2026-01-01,2026-04-01,1322012223033001,96.11659999999999,16.844,103528,23771,103.528,23.771,225,5214,352,2,1,False,True,mobile,,,,"POLYGON ((96.119384765625 16.841347613497447, 96.119384765625 16.846605106396304, 96.1138916015625 16.846605106396304, 96.1138916015625 16.841347613497447, 96.119384765625 16.841347613497447))",Ookla Open Data,https://ookla-open-data.s3.amazonaws.com/parquet/performance/type=mobile/year=2026/quarter=1/2026-01-01_performance_mobile_tiles.parquet
2026-01-01,2026-04-01,1322012223033003,96.11659999999999,16.8387,88319,13749,88.319,13.749,60,383,1722,2,2,False,True,mobile,,,,"POLYGON ((96.119384765625 16.836089974560213, 96.119384765625 16.841347613497447, 96.1138916015625 16.841347613497447, 96.1138916015625 16.836089974560213, 96.119384765625 16.836089974560213))",Ookla Open Data,https://ookla-open-data.s3.amazonaws.com/parquet/performance/type=mobile/year=2026/quarter=1/2026-01-01_performance_mobile_tiles.parquet
2026-01-01,2026-04-01,1322012223033010,96.12210000000002,16.844,21324,11860,21.324,11.86,73,523,662,1,1,True,True,mobile,,,,"POLYGON ((96.1248779296875 16.841347613497447, 96.1248779296875 16.846605106396304, 96.119384765625 16.846605106396304, 96.119384765625 16.841347613497447, 96.1248779296875 16.841347613497447))",Ookla Open Data,https://ookla-open-data.s3.amazonaws.com/parquet/performance/type=mobile/year=2026/quarter=1/2026-01-01_performance_mobile_tiles.parquet
2026-01-01,2026-04-01,1322012223033011,96.1276,16.844,48001,37277,48.001,37.277,31,875,321,2,2,False,True,mobile,,,,"POLYGON ((96.13037109375 16.841347613497447, 96.13037109375 16.846605106396304, 96.1248779296875 16.846605106396304, 96.1248779296875 16.841347613497447, 96.13037109375 16.841347613497447))",Ookla Open Data,https://ookla-open-data.s3.amazonaws.com/parquet/performance/type=mobile/year=2026/quarter=1/2026-01-01_performance_mobile_tiles.parquet
2026-01-01,2026-04-01,1322012223033012,96.12210000000002,16.8387,72741,28890,72.741,28.89,55,591,405,4,2,False,True,mobile,,,,"POLYGON ((96.1248779296875 16.836089974560213, 96.1248779296875 16.841347613497447, 96.119384765625 16.841347613497447, 96.119384765625 16.836089974560213, 96.1248779296875 16.836089974560213))",Ookla Open Data,https://ookla-open-data.s3.amazonaws.com/parquet/performance/type=mobile/year=2026/quarter=1/2026-01-01_performance_mobile_tiles.parquet
2026-01-01,2026-04-01,1322012223033013,96.1276,16.8387,39084,27959,39.084,27.959,85,598,423,13,7,False,True,mobile,,,,"POLYGON ((96.13037109375 16.836089974560213, 96.13037109375 16.841347613497447, 96.1248779296875 16.841347613497447, 96.1248779296875 16.836089974560213, 96.13037109375 16.836089974560213))",Ookla Open Data,https://ookla-open-data.s3.amazonaws.com/parquet/performance/type=mobile/year=2026/quarter=1/2026-01-01_performance_mobile_tiles.parquet
2026-01-01,2026-04-01,1322012223033030,96.12210000000002,16.833499999999997,13843,3281,13.843,3.281,155,1067,986,5,4,False,True,mobile,,,,"POLYGON ((96.1248779296875 16.83083218962482, 96.1248779296875 16.836089974560213, 96.119384765625 16.836089974560213, 96.119384765625 16.83083218962482, 96.1248779296875 16.83083218962482))",Ookla Open Data,https://ookla-open-data.s3.amazonaws.com/parquet/performance/type=mobile/year=2026/quarter=1/2026-01-01_performance_mobile_tiles.parquet
2026-01-01,2026-04-01,1322012223033031,96.1276,16.833499999999997,28490,17218,28.49,17.218,158,1490,1454,22,8,False,True,mobile,,,,"POLYGON ((96.13037109375 16.83083218962482, 96.13037109375 16.836089974560213, 96.1248779296875 16.836089974560213, 96.1248779296875 16.83083218962482, 96.13037109375 16.83083218962482))",Ookla Open Data,https://ookla-open-data.s3.amazonaws.com/parquet/performance/type=mobile/year=2026/quarter=1/2026-01-01_performance_mobile_tiles.parquet
2026-01-01,2026-04-01,1322012223033032,96.12210000000002,16.828200000000002,48607,15682,48.607,15.682,149,550,791,5,3,False,True,mobile,,,,"POLYGON ((96.1248779296875 16.825574258731486, 96.1248779296875 16.83083218962482, 96.119384765625 16.83083218962482, 96.119384765625 16.825574258731486, 96.1248779296875 16.825574258731486))",Ookla Open Data,https://ookla-open-data.s3.amazonaws.com/parquet/performance/type=mobile/year=2026/quarter=1/2026-01-01_performance_mobile_tiles.parquet
2026-01-01,2026-04-01,1322012223033033,96.1276,16.828200000000002,25704,32521,25.704,32.521,164,700,1287,11,6,False,True,mobile,,,,"POLYGON ((96.13037109375 16.825574258731486, 96.13037109375 16.83083218962482, 96.1248779296875 16.83083218962482, 96.1248779296875 16.825574258731486, 96.13037109375 16.825574258731486))",Ookla Open Data,https://ookla-open-data.s3.amazonaws.com/parquet/performance/type=mobile/year=2026/quarter=1/2026-01-01_performance_mobile_tiles.parquet
2026-01-01,2026-04-01,1322012223033100,96.13310000000001,16.844,21076,53515,21.076,53.515,53,919,219,1,1,True,True,mobile,,,,"POLYGON ((96.1358642578125 16.841347613497447, 96.1358642578125 16.846605106396304, 96.13037109375 16.846605106396304, 96.13037109375 16.841347613497447, 96.1358642578125 16.841347613497447))",Ookla Open Data,https://ookla-open-data.s3.amazonaws.com/parquet/performance/type=mobile/year=2026/quarter=1/2026-01-01_performance_mobile_tiles.parquet
2026-01-01,2026-04-01,1322012223033102,96.13310000000001,16.8387,3551,16698,3.551,16.698,194,970,2944,1,1,True,True,mobile,,,,"POLYGON ((96.1358642578125 16.836089974560213, 96.1358642578125 16.841347613497447, 96.13037109375 16.841347613497447, 96.13037109375 16.836089974560213, 96.1358642578125 16.836089974560213))",Ookla Open Data,https://ookla-open-data.s3.amazonaws.com/parquet/performance/type=mobile/year=2026/quarter=1/2026-01-01_performance_mobile_tiles.parquet
2026-01-01,2026-04-01,1322012223033120,96.13310000000001,16.833499999999997,18152,8633,18.152,8.633,150,808,436,6,5,False,True,mobile,,,,"POLYGON ((96.1358642578125 16.83083218962482, 96.1358642578125 16.836089974560213, 96.13037109375 16.836089974560213, 96.13037109375 16.83083218962482, 96.1358642578125 16.83083218962482))",Ookla Open Data,https://ookla-open-data.s3.amazonaws.com/parquet/performance/type=mobile/year=2026/quarter=1/2026-01-01_performance_mobile_tiles.parquet
2026-01-01,2026-04-01,1322012223033122,96.13310000000001,16.828200000000002,42896,20757,42.896,20.757,60,350,610,4,3,False,True,mobile,,,,"POLYGON ((96.1358642578125 16.825574258731486, 96.1358642578125 16.83083218962482, 96.13037109375 16.83083218962482, 96.13037109375 16.825574258731486, 96.1358642578125 16.825574258731486))",Ookla Open Data,https://ookla-open-data.s3.amazonaws.com/parquet/performance/type=mobile/year=2026/quarter=1/2026-01-01_performance_mobile_tiles.parquet
2026-01-01,2026-04-01,1322012223033123,96.13860000000001,16.828200000000002,57325,6939,57.325,6.939,205,558,428,1,1,True,True,mobile,,,,"POLYGON ((96.141357421875 16.825574258731486, 96.141357421875 16.83083218962482, 96.1358642578125 16.83083218962482, 96.1358642578125 16.825574258731486, 96.141357421875 16.825574258731486))",Ookla Open Data,https://ookla-open-data.s3.amazonaws.com/parquet/performance/type=mobile/year=2026/quarter=1/2026-01-01_performance_mobile_tiles.parquet
2026-01-01,2026-04-01,1322012223033133,96.1496,16.828200000000002,52743,2468,52.743,2.468,100,962,3226,1,1,True,True,mobile,,,,"POLYGON ((96.15234375 16.825574258731486, 96.15234375 16.83083218962482, 96.1468505859375 16.83083218962482, 96.1468505859375 16.825574258731486, 96.15234375 16.825574258731486))",Ookla Open Data,https://ookla-open-data.s3.amazonaws.com/parquet/performance/type=mobile/year=2026/quarter=1/2026-01-01_performance_mobile_tiles.parquet
2026-01-01,2026-04-01,1322012223033210,96.12210000000002,16.8229,23273,17108,23.273,17.108,97,420,345,7,4,False,True,mobile,,,,"POLYGON ((96.1248779296875 16.82031618192045, 96.1248779296875 16.825574258731486, 96.119384765625 16.825574258731486, 96.119384765625 16.82031618192045, 96.1248779296875 16.82031618192045))",Ookla Open Data,https://ookla-open-data.s3.amazonaws.com/parquet/performance/type=mobile/year=2026/quarter=1/2026-01-01_performance_mobile_tiles.parquet
2026-01-01,2026-04-01,1322012223033211,96.1276,16.8229,60301,16672,60.301,16.672,73,1457,1313,2,2,False,True,mobile,,,,"POLYGON ((96.13037109375 16.82031618192045, 96.13037109375 16.825574258731486, 96.1248779296875 16.825574258731486, 96.1248779296875 16.82031618192045, 96.13037109375 16.82031618192045))",Ookla Open Data,https://ookla-open-data.s3.amazonaws.com/parquet/performance/type=mobile/year=2026/quarter=1/2026-01-01_performance_mobile_tiles.parquet
2026-01-01,2026-04-01,1322012223033213,96.1276,16.8177,11844,4174,11.844,4.174,178,658,1275,2,2,False,True,mobile,,,,"POLYGON ((96.13037109375 16.815057959231932, 96.13037109375 16.82031618192045, 96.1248779296875 16.82031618192045, 96.1248779296875 16.815057959231932, 96.13037109375 16.815057959231932))",Ookla Open Data,https://ookla-open-data.s3.amazonaws.com/parquet/performance/type=mobile/year=2026/quarter=1/2026-01-01_performance_mobile_tiles.parquet
2026-01-01,2026-04-01,1322012223033231,96.1276,16.812400000000004,1398,1668,1.398,1.668,44,53,,1,1,True,True,mobile,,,,"POLYGON ((96.13037109375 16.809799590706184, 96.13037109375 16.815057959231932, 96.1248779296875 16.815057959231932, 96.1248779296875 16.809799590706184, 96.13037109375 16.809799590706184))",Ookla Open Data,https://ookla-open-data.s3.amazonaws.com/parquet/performance/type=mobile/year=2026/quarter=1/2026-01-01_performance_mobile_tiles.parquet
2026-01-01,2026-04-01,1322012223033232,96.12210000000002,16.8072,79435,21420,79.435,21.42,144,577,539,10,1,False,True,mobile,,,,"POLYGON ((96.1248779296875 16.80454107638345, 96.1248779296875 16.809799590706184, 96.119384765625 16.809799590706184, 96.119384765625 16.80454107638345, 96.1248779296875 16.80454107638345))",Ookla Open Data,https://ookla-open-data.s3.amazonaws.com/parquet/performance/type=mobile/year=2026/quarter=1/2026-01-01_performance_mobile_tiles.parquet
2026-01-01,2026-04-01,1322012223033233,96.1276,16.8072,71338,29212,71.338,29.212,127,2808,497,2,1,False,True,mobile,,,,"POLYGON ((96.13037109375 16.80454107638345, 96.13037109375 16.809799590706184, 96.1248779296875 16.809799590706184, 96.1248779296875 16.80454107638345, 96.13037109375 16.80454107638345))",Ookla Open Data,https://ookla-open-data.s3.amazonaws.com/parquet/performance/type=mobile/year=2026/quarter=1/2026-01-01_performance_mobile_tiles.parquet
2026-01-01,2026-04-01,1322012223033300,96.13310000000001,16.8229,30391,7015,30.391,7.015,70,583,1632,1,1,True,True,mobile,,,,"POLYGON ((96.1358642578125 16.82031618192045, 96.1358642578125 16.825574258731486, 96.13037109375 16.825574258731486, 96.13037109375 16.82031618192045, 96.1358642578125 16.82031618192045))",Ookla Open Data,https://ookla-open-data.s3.amazonaws.com/parquet/performance/type=mobile/year=2026/quarter=1/2026-01-01_performance_mobile_tiles.parquet
2026-01-01,2026-04-01,1322012223033301,96.13860000000001,16.8229,2136,362,2.136,0.362,56,1700,2935,1,1,True,True,mobile,,,,"POLYGON ((96.141357421875 16.82031618192045, 96.141357421875 16.825574258731486, 96.1358642578125 16.825574258731486, 96.1358642578125 16.82031618192045, 96.141357421875 16.82031618192045))",Ookla Open Data,https://ookla-open-data.s3.amazonaws.com/parquet/performance/type=mobile/year=2026/quarter=1/2026-01-01_performance_mobile_tiles.parquet
2026-01-01,2026-04-01,1322012223033302,96.13310000000001,16.8177,4554,1310,4.554,1.31,236,691,1861,2,1,False,True,mobile,,,,"POLYGON ((96.1358642578125 16.815057959231932, 96.1358642578125 16.82031618192045, 96.13037109375 16.82031618192045, 96.13037109375 16.815057959231932, 96.1358642578125 16.815057959231932))",Ookla Open Data,https://ookla-open-data.s3.amazonaws.com/parquet/performance/type=mobile/year=2026/quarter=1/2026-01-01_performance_mobile_tiles.parquet
2026-01-01,2026-04-01,1322012223033311,96.1496,16.8229,15700,36828,15.7,36.828,67,109,141,2,1,False,True,mobile,,,,"POLYGON ((96.15234375 16.82031618192045, 96.15234375 16.825574258731486, 96.1468505859375 16.825574258731486, 96.1468505859375 16.82031618192045, 96.15234375 16.82031618192045))",Ookla Open Data,https://ookla-open-data.s3.amazonaws.com/parquet/performance/type=mobile/year=2026/quarter=1/2026-01-01_performance_mobile_tiles.parquet
2026-01-01,2026-04-01,1322012223033312,96.14410000000001,16.8177,7964,19676,7.964,19.676,51,96,675,1,1,True,True,mobile,,,,"POLYGON ((96.1468505859375 16.815057959231932, 96.1468505859375 16.82031618192045, 96.141357421875 16.82031618192045, 96.141357421875 16.815057959231932, 96.1468505859375 16.815057959231932))",Ookla Open Data,https://ookla-open-data.s3.amazonaws.com/parquet/performance/type=mobile/year=2026/quarter=1/2026-01-01_performance_mobile_tiles.parquet
2026-01-01,2026-04-01,1322012223033320,96.13310000000001,16.812400000000004,35835,23913,35.835,23.913,145,879,424,3,3,False,True,mobile,,,,"POLYGON ((96.1358642578125 16.809799590706184, 96.1358642578125 16.815057959231932, 96.13037109375 16.815057959231932, 96.13037109375 16.809799590706184, 96.1358642578125 16.809799590706184))",Ookla Open Data,https://ookla-open-data.s3.amazonaws.com/parquet/performance/type=mobile/year=2026/quarter=1/2026-01-01_performance_mobile_tiles.parquet
2026-01-01,2026-04-01,1322012223033322,96.13310000000001,16.8072,36060,23802,36.06,23.802,140,860,1270,16,5,False,True,mobile,,,,"POLYGON ((96.1358642578125 16.80454107638345, 96.1358642578125 16.809799590706184, 96.13037109375 16.809799590706184, 96.13037109375 16.80454107638345, 96.1358642578125 16.80454107638345))",Ookla Open Data,https://ookla-open-data.s3.amazonaws.com/parquet/performance/type=mobile/year=2026/quarter=1/2026-01-01_performance_mobile_tiles.parquet
2026-01-01,2026-04-01,1322012223033323,96.13860000000001,16.8072,38971,20743,38.971,20.743,100,1015,573,11,4,False,True,mobile,,,,"POLYGON ((96.141357421875 16.80454107638345, 96.141357421875 16.809799590706184, 96.1358642578125 16.809799590706184, 96.1358642578125 16.80454107638345, 96.141357421875 16.80454107638345))",Ookla Open Data,https://ookla-open-data.s3.amazonaws.com/parquet/performance/type=mobile/year=2026/quarter=1/2026-01-01_performance_mobile_tiles.parquet
2026-01-01,2026-04-01,1322012223033331,96.1496,16.812400000000004,59621,7581,59.621,7.581,87,593,938,1,1,True,True,mobile,,,,"POLYGON ((96.15234375 16.809799590706184, 96.15234375 16.815057959231932, 96.1468505859375 16.815057959231932, 96.1468505859375 16.809799590706184, 96.15234375 16.809799590706184))",Ookla Open Data,https://ookla-open-data.s3.amazonaws.com/parquet/performance/type=mobile/year=2026/quarter=1/2026-01-01_performance_mobile_tiles.parquet
2026-01-01,2026-04-01,1322012223100223,96.16060000000002,16.9333,11270,18147,11.27,18.147,49,3709,522,3,2,False,True,mobile,,,,"POLYGON ((96.163330078125 16.93070509876553, 96.163330078125 16.93596010286472, 96.1578369140625 16.93596010286472, 96.1578369140625 16.93070509876553, 96.163330078125 16.93070509876553))",Ookla Open Data,https://ookla-open-data.s3.amazonaws.com/parquet/performance/type=mobile/year=2026/quarter=1/2026-01-01_performance_mobile_tiles.parquet
2026-01-01,2026-04-01,1322012223100320,96.17710000000001,16.9386,21983,3688,21.983,3.688,211,2004,1804,4,1,False,True,mobile,,,,"POLYGON ((96.1798095703125 16.93596010286472, 96.1798095703125 16.941214960202657, 96.17431640625 16.941214960202657, 96.17431640625 16.93596010286472, 96.1798095703125 16.93596010286472))",Ookla Open Data,https://ookla-open-data.s3.amazonaws.com/parquet/performance/type=mobile/year=2026/quarter=1/2026-01-01_performance_mobile_tiles.parquet
2026-01-01,2026-04-01,1322012223100321,96.18260000000001,16.9386,20132,50451,20.132,50.451,114,1846,235,1,1,True,True,mobile,,,,"POLYGON ((96.185302734375 16.93596010286472, 96.185302734375 16.941214960202657, 96.1798095703125 16.941214960202657, 96.1798095703125 16.93596010286472, 96.185302734375 16.93596010286472))",Ookla Open Data,https://ookla-open-data.s3.amazonaws.com/parquet/performance/type=mobile/year=2026/quarter=1/2026-01-01_performance_mobile_tiles.parquet
2026-01-01,2026-04-01,1322012223100330,96.18799999999999,16.9386,72025,42674,72.025,42.674,70,687,269,6,1,False,True,mobile,,,,"POLYGON ((96.1907958984375 16.93596010286472, 96.1907958984375 16.941214960202657, 96.185302734375 16.941214960202657, 96.185302734375 16.93596010286472, 96.1907958984375 16.93596010286472))",Ookla Open Data,https://ookla-open-data.s3.amazonaws.com/parquet/performance/type=mobile/year=2026/quarter=1/2026-01-01_performance_mobile_tiles.parquet
2026-01-01,2026-04-01,1322012223101203,96.20450000000001,16.9438,29936,17034,29.936,17.034,219,418,587,2,1,False,True,mobile,,,,"POLYGON ((96.207275390625 16.941214960202657, 96.207275390625 16.94646967073926, 96.2017822265625 16.94646967073926, 96.2017822265625 16.941214960202657, 96.207275390625 16.941214960202657))",Ookla Open Data,https://ookla-open-data.s3.amazonaws.com/parquet/performance/type=mobile/year=2026/quarter=1/2026-01-01_performance_mobile_tiles.parquet
2026-01-01,2026-04-01,1322012223101212,96.21000000000001,16.9438,9170,15423,9.17,15.423,147,1639,1121,17,2,False,True,mobile,,,,"POLYGON ((96.2127685546875 16.941214960202657, 96.2127685546875 16.94646967073926, 96.207275390625 16.94646967073926, 96.207275390625 16.941214960202657, 96.2127685546875 16.941214960202657))",Ookla Open Data,https://ookla-open-data.s3.amazonaws.com/parquet/performance/type=mobile/year=2026/quarter=1/2026-01-01_performance_mobile_tiles.parquet
2026-01-01,2026-04-01,1322012223101321,96.2265,16.9386,3977,2816,3.977,2.816,216,2885,1042,2,1,False,True,mobile,,,,"POLYGON ((96.229248046875 16.93596010286472, 96.229248046875 16.941214960202657, 96.2237548828125 16.941214960202657, 96.2237548828125 16.93596010286472, 96.229248046875 16.93596010286472))",Ookla Open Data,https://ookla-open-data.s3.amazonaws.com/parquet/performance/type=mobile/year=2026/quarter=1/2026-01-01_performance_mobile_tiles.parquet
2026-01-01,2026-04-01,1322012223102002,96.1551,16.922800000000002,48195,21435,48.195,21.435,71,596,602,1,1,True,True,mobile,,,,"POLYGON ((96.1578369140625 16.92019465044388, 96.1578369140625 16.925449947945214, 96.15234375 16.925449947945214, 96.15234375 16.92019465044388, 96.1578369140625 16.92019465044388))",Ookla Open Data,https://ookla-open-data.s3.amazonaws.com/parquet/performance/type=mobile/year=2026/quarter=1/2026-01-01_performance_mobile_tiles.parquet
2026-01-01,2026-04-01,1322012223102023,96.16060000000002,16.9123,28947,13262,28.947,13.262,137,851,283,2,1,False,True,mobile,,,,"POLYGON ((96.163330078125 16.909683615558638, 96.163330078125 16.914939206301643, 96.1578369140625 16.914939206301643, 96.1578369140625 16.909683615558638, 96.163330078125 16.909683615558638))",Ookla Open Data,https://ookla-open-data.s3.amazonaws.com/parquet/performance/type=mobile/year=2026/quarter=1/2026-01-01_performance_mobile_tiles.parquet
2026-01-01,2026-04-01,1322012223102133,96.1935,16.9123,18790,12402,18.79,12.402,122,558,326,2,1,False,True,mobile,,,,"POLYGON ((96.1962890625 16.909683615558638, 96.1962890625 16.914939206301643, 96.1907958984375 16.914939206301643, 96.1907958984375 16.909683615558638, 96.1962890625 16.909683615558638))",Ookla Open Data,https://ookla-open-data.s3.amazonaws.com/parquet/performance/type=mobile/year=2026/quarter=1/2026-01-01_performance_mobile_tiles.parquet
2026-01-01,2026-04-01,1322012223102230,96.1661,16.8965,21904,21497,21.904,21.497,54,367,893,1,1,True,True,mobile,,,,"POLYGON ((96.1688232421875 16.89391596412632, 96.1688232421875 16.899171994430837, 96.163330078125 16.899171994430837, 96.163330078125 16.89391596412632, 96.1688232421875 16.89391596412632))",Ookla Open Data,https://ookla-open-data.s3.amazonaws.com/parquet/performance/type=mobile/year=2026/quarter=1/2026-01-01_performance_mobile_tiles.parquet
2026-01-01,2026-04-01,1322012223102313,96.1935,16.901799999999998,34037,3814,34.037,3.814,97,457,2019,1,1,True,True,mobile,,,,"POLYGON ((96.1962890625 16.899171994430837, 96.1962890625 16.90442787825499, 96.1907958984375 16.90442787825499, 96.1907958984375 16.899171994430837, 96.1962890625 16.899171994430837))",Ookla Open Data,https://ookla-open-data.s3.amazonaws.com/parquet/performance/type=mobile/year=2026/quarter=1/2026-01-01_performance_mobile_tiles.parquet
2026-01-01,2026-04-01,1322012223102332,96.18799999999999,16.891299999999998,17843,10901,17.843,10.901,96,993,3678,1,1,True,True,mobile,,,,"POLYGON ((96.1907958984375 16.888659787381606, 96.1907958984375 16.89391596412632, 96.185302734375 16.89391596412632, 96.185302734375 16.888659787381606, 96.1907958984375 16.888659787381606))",Ookla Open Data,https://ookla-open-data.s3.amazonaws.com/parquet/performance/type=mobile/year=2026/quarter=1/2026-01-01_performance_mobile_tiles.parquet
2026-01-01,2026-04-01,1322012223103232,96.21000000000001,16.891299999999998,21154,349,21.154,0.349,225,1437,585,2,1,False,True,mobile,,,,"POLYGON ((96.2127685546875 16.888659787381606, 96.2127685546875 16.89391596412632, 96.207275390625 16.89391596412632, 96.207275390625 16.888659787381606, 96.2127685546875 16.888659787381606))",Ookla Open Data,https://ookla-open-data.s3.amazonaws.com/parquet/performance/type=mobile/year=2026/quarter=1/2026-01-01_performance_mobile_tiles.parquet
2026-01-01,2026-04-01,1322012223103233,96.21549999999999,16.891299999999998,1018,217,1.018,0.217,56,72,289,1,1,True,True,mobile,,,,"POLYGON ((96.21826171875 16.888659787381606, 96.21826171875 16.89391596412632, 96.2127685546875 16.89391596412632, 96.2127685546875 16.888659787381606, 96.21826171875 16.888659787381606))",Ookla Open Data,https://ookla-open-data.s3.amazonaws.com/parquet/performance/type=mobile/year=2026/quarter=1/2026-01-01_performance_mobile_tiles.parquet
2026-01-01,2026-04-01,1322012223110331,96.28139999999999,16.9386,3009,24116,3.009,24.116,240,1128,770,1,1,True,True,mobile,,,,"POLYGON ((96.2841796875 16.93596010286472, 96.2841796875 16.941214960202657, 96.2786865234375 16.941214960202657, 96.2786865234375 16.93596010286472, 96.2841796875 16.93596010286472))",Ookla Open Data,https://ookla-open-data.s3.amazonaws.com/parquet/performance/type=mobile/year=2026/quarter=1/2026-01-01_performance_mobile_tiles.parquet
2026-01-01,2026-04-01,1322012223111312,96.31989999999999,16.9438,11148,4032,11.148,4.032,25,2341,1963,2,1,False,True,mobile,,,,"POLYGON ((96.3226318359375 16.941214960202657, 96.3226318359375 16.94646967073926, 96.317138671875 16.94646967073926, 96.317138671875 16.941214960202657, 96.3226318359375 16.941214960202657))",Ookla Open Data,https://ookla-open-data.s3.amazonaws.com/parquet/performance/type=mobile/year=2026/quarter=1/2026-01-01_performance_mobile_tiles.parquet
2026-01-01,2026-04-01,1322012223112222,96.243,16.891299999999998,45512,29092,45.512,29.092,63,370,261,1,1,True,True,mobile,,,,"POLYGON ((96.2457275390625 16.888659787381606, 96.2457275390625 16.89391596412632, 96.240234375 16.89391596412632, 96.240234375 16.888659787381606, 96.2457275390625 16.888659787381606))",Ookla Open Data,https://ookla-open-data.s3.amazonaws.com/parquet/performance/type=mobile/year=2026/quarter=1/2026-01-01_performance_mobile_tiles.parquet
2026-01-01,2026-04-01,1322012223120000,96.1551,16.886,4891,1069,4.891,1.069,252,1567,5479,1,1,True,True,mobile,,,,"POLYGON ((96.1578369140625 16.88340346423683, 96.1578369140625 16.888659787381606, 96.15234375 16.888659787381606, 96.15234375 16.88340346423683, 96.1578369140625 16.88340346423683))",Ookla Open Data,https://ookla-open-data.s3.amazonaws.com/parquet/performance/type=mobile/year=2026/quarter=1/2026-01-01_performance_mobile_tiles.parquet
2026-01-01,2026-04-01,1322012223120020,96.1551,16.8755,64885,43702,64.885,43.702,236,473,,1,1,True,True,mobile,,,,"POLYGON ((96.1578369140625 16.87289037890778, 96.1578369140625 16.878146994732166, 96.15234375 16.878146994732166, 96.15234375 16.87289037890778, 96.1578369140625 16.87289037890778))",Ookla Open Data,https://ookla-open-data.s3.amazonaws.com/parquet/performance/type=mobile/year=2026/quarter=1/2026-01-01_performance_mobile_tiles.parquet
2026-01-01,2026-04-01,1322012223120021,96.16060000000002,16.8755,48325,27632,48.325,27.632,104,1057,443,6,2,False,True,mobile,,,,"POLYGON ((96.163330078125 16.87289037890778, 96.163330078125 16.878146994732166, 96.1578369140625 16.878146994732166, 96.1578369140625 16.87289037890778, 96.163330078125 16.87289037890778))",Ookla Open Data,https://ookla-open-data.s3.amazonaws.com/parquet/performance/type=mobile/year=2026/quarter=1/2026-01-01_performance_mobile_tiles.parquet
2026-01-01,2026-04-01,1322012223120022,96.1551,16.8703,606,1748,0.606,1.748,117,1733,943,2,2,False,True,mobile,,,,"POLYGON ((96.1578369140625 16.867633616803843, 96.1578369140625 16.87289037890778, 96.15234375 16.87289037890778, 96.15234375 16.867633616803843, 96.1578369140625 16.867633616803843))",Ookla Open Data,https://ookla-open-data.s3.amazonaws.com/parquet/performance/type=mobile/year=2026/quarter=1/2026-01-01_performance_mobile_tiles.parquet
2026-01-01,2026-04-01,1322012223120023,96.16060000000002,16.8703,19215,22298,19.215,22.298,127,2306,1315,1,1,True,True,mobile,,,,"POLYGON ((96.163330078125 16.867633616803843, 96.163330078125 16.87289037890778, 96.1578369140625 16.87289037890778, 96.1578369140625 16.867633616803843, 96.163330078125 16.867633616803843))",Ookla Open Data,https://ookla-open-data.s3.amazonaws.com/parquet/performance/type=mobile/year=2026/quarter=1/2026-01-01_performance_mobile_tiles.parquet
2026-01-01,2026-04-01,1322012223120031,96.1716,16.8755,41868,12082,41.868,12.082,314,1195,1809,1,1,True,True,mobile,,,,"POLYGON ((96.17431640625 16.87289037890778, 96.17431640625 16.878146994732166, 96.1688232421875 16.878146994732166, 96.1688232421875 16.87289037890778, 96.17431640625 16.87289037890778))",Ookla Open Data,https://ookla-open-data.s3.amazonaws.com/parquet/performance/type=mobile/year=2026/quarter=1/2026-01-01_performance_mobile_tiles.parquet
2026-01-01,2026-04-01,1322012223120101,96.18260000000001,16.886,26255,12216,26.255,12.216,261,1701,468,1,1,True,True,mobile,,,,"POLYGON ((96.185302734375 16.88340346423683, 96.185302734375 16.888659787381606, 96.1798095703125 16.888659787381606, 96.1798095703125 16.88340346423683, 96.185302734375 16.88340346423683))",Ookla Open Data,https://ookla-open-data.s3.amazonaws.com/parquet/performance/type=mobile/year=2026/quarter=1/2026-01-01_performance_mobile_tiles.parquet
2026-01-01,2026-04-01,1322012223120111,96.1935,16.886,83382,26636,83.382,26.636,30,411,87,1,1,True,True,mobile,,,,"POLYGON ((96.1962890625 16.88340346423683, 96.1962890625 16.888659787381606, 96.1907958984375 16.888659787381606, 96.1907958984375 16.88340346423683, 96.1962890625 16.88340346423683))",Ookla Open Data,https://ookla-open-data.s3.amazonaws.com/parquet/performance/type=mobile/year=2026/quarter=1/2026-01-01_performance_mobile_tiles.parquet
2026-01-01,2026-04-01,1322012223120113,96.1935,16.8808,64850,46259,64.85,46.259,104,1042,1475,1,1,True,True,mobile,,,,"POLYGON ((96.1962890625 16.878146994732166, 96.1962890625 16.88340346423683, 96.1907958984375 16.88340346423683, 96.1907958984375 16.878146994732166, 96.1962890625 16.878146994732166))",Ookla Open Data,https://ookla-open-data.s3.amazonaws.com/parquet/performance/type=mobile/year=2026/quarter=1/2026-01-01_performance_mobile_tiles.parquet
2026-01-01,2026-04-01,1322012223120132,96.18799999999999,16.8703,41459,17162,41.459,17.162,66,1478,1879,3,3,False,True,mobile,,,,"POLYGON ((96.1907958984375 16.867633616803843, 96.1907958984375 16.87289037890778, 96.185302734375 16.87289037890778, 96.185302734375 16.867633616803843, 96.1907958984375 16.867633616803843))",Ookla Open Data,https://ookla-open-data.s3.amazonaws.com/parquet/performance/type=mobile/year=2026/quarter=1/2026-01-01_performance_mobile_tiles.parquet
2026-01-01,2026-04-01,1322012223120133,96.1935,16.8703,80075,12429,80.075,12.429,76,469,878,1,1,True,True,mobile,,,,"POLYGON ((96.1962890625 16.867633616803843, 96.1962890625 16.87289037890778, 96.1907958984375 16.87289037890778, 96.1907958984375 16.867633616803843, 96.1962890625 16.867633616803843))",Ookla Open Data,https://ookla-open-data.s3.amazonaws.com/parquet/performance/type=mobile/year=2026/quarter=1/2026-01-01_performance_mobile_tiles.parquet
2026-01-01,2026-04-01,1322012223120200,96.1551,16.865000000000002,45245,38094,45.245,38.094,102,732,268,4,2,False,True,mobile,,,,"POLYGON ((96.1578369140625 16.862376708460538, 96.1578369140625 16.867633616803843, 96.15234375 16.867633616803843, 96.15234375 16.862376708460538, 96.1578369140625 16.862376708460538))",Ookla Open Data,https://ookla-open-data.s3.amazonaws.com/parquet/performance/type=mobile/year=2026/quarter=1/2026-01-01_performance_mobile_tiles.parquet
2026-01-01,2026-04-01,1322012223120202,96.1551,16.8597,6252,9407,6.252,9.407,70,,921,1,1,True,True,mobile,,,,"POLYGON ((96.1578369140625 16.857119653918048, 96.1578369140625 16.862376708460538, 96.15234375 16.862376708460538, 96.15234375 16.857119653918048, 96.1578369140625 16.857119653918048))",Ookla Open Data,https://ookla-open-data.s3.amazonaws.com/parquet/performance/type=mobile/year=2026/quarter=1/2026-01-01_performance_mobile_tiles.parquet
2026-01-01,2026-04-01,1322012223120220,96.1551,16.8545,23985,11777,23.985,11.777,179,760,3380,3,2,False,True,mobile,,,,"POLYGON ((96.1578369140625 16.851862453216572, 96.1578369140625 16.857119653918048, 96.15234375 16.857119653918048, 96.15234375 16.851862453216572, 96.1578369140625 16.851862453216572))",Ookla Open Data,https://ookla-open-data.s3.amazonaws.com/parquet/performance/type=mobile/year=2026/quarter=1/2026-01-01_performance_mobile_tiles.parquet
2026-01-01,2026-04-01,1322012223120222,96.1551,16.849200000000003,922,3635,0.922,3.635,75,98,1317,3,2,False,True,mobile,,,,"POLYGON ((96.1578369140625 16.846605106396304, 96.1578369140625 16.851862453216572, 96.15234375 16.851862453216572, 96.15234375 16.846605106396304, 96.1578369140625 16.846605106396304))",Ookla Open Data,https://ookla-open-data.s3.amazonaws.com/parquet/performance/type=mobile/year=2026/quarter=1/2026-01-01_performance_mobile_tiles.parquet
2026-01-01,2026-04-01,1322012223120231,96.1716,16.8545,64004,31412,64.004,31.412,77,567,306,3,2,False,True,mobile,,,,"POLYGON ((96.17431640625 16.851862453216572, 96.17431640625 16.857119653918048, 96.1688232421875 16.857119653918048, 96.1688232421875 16.851862453216572, 96.17431640625 16.851862453216572))",Ookla Open Data,https://ookla-open-data.s3.amazonaws.com/parquet/performance/type=mobile/year=2026/quarter=1/2026-01-01_performance_mobile_tiles.parquet
2026-01-01,2026-04-01,1322012223120233,96.1716,16.849200000000003,64379,17483,64.379,17.483,66,362,707,3,3,False,True,mobile,,,,"POLYGON ((96.17431640625 16.846605106396304, 96.17431640625 16.851862453216572, 96.1688232421875 16.851862453216572, 96.1688232421875 16.846605106396304, 96.17431640625 16.846605106396304))",Ookla Open Data,https://ookla-open-data.s3.amazonaws.com/parquet/performance/type=mobile/year=2026/quarter=1/2026-01-01_performance_mobile_tiles.parquet
2026-01-01,2026-04-01,1322012223120302,96.17710000000001,16.8597,13257,9815,13.257,9.815,123,1077,1430,12,4,False,True,mobile,,,,"POLYGON ((96.1798095703125 16.857119653918048, 96.1798095703125 16.862376708460538, 96.17431640625 16.862376708460538, 96.17431640625 16.857119653918048, 96.1798095703125 16.857119653918048))",Ookla Open Data,https://ookla-open-data.s3.amazonaws.com/parquet/performance/type=mobile/year=2026/quarter=1/2026-01-01_performance_mobile_tiles.parquet
2026-01-01,2026-04-01,1322012223120312,96.18799999999999,16.8597,21902,6625,21.902,6.625,59,151,434,2,1,False,True,mobile,,,,"POLYGON ((96.1907958984375 16.857119653918048, 96.1907958984375 16.862376708460538, 96.185302734375 16.862376708460538, 96.185302734375 16.857119653918048, 96.1907958984375 16.857119653918048))",Ookla Open Data,https://ookla-open-data.s3.amazonaws.com/parquet/performance/type=mobile/year=2026/quarter=1/2026-01-01_performance_mobile_tiles.parquet
2026-01-01,2026-04-01,1322012223120320,96.17710000000001,16.8545,36298,2663,36.298,2.663,48,290,1216,1,1,True,True,mobile,,,,"POLYGON ((96.1798095703125 16.851862453216572, 96.1798095703125 16.857119653918048, 96.17431640625 16.857119653918048, 96.17431640625 16.851862453216572, 96.1798095703125 16.851862453216572))",Ookla Open Data,https://ookla-open-data.s3.amazonaws.com/parquet/performance/type=mobile/year=2026/quarter=1/2026-01-01_performance_mobile_tiles.parquet
2026-01-01,2026-04-01,1322012223120321,96.18260000000001,16.8545,10807,4675,10.807,4.675,106,1272,688,14,6,False,True,mobile,,,,"POLYGON ((96.185302734375 16.851862453216572, 96.185302734375 16.857119653918048, 96.1798095703125 16.857119653918048, 96.1798095703125 16.851862453216572, 96.185302734375 16.851862453216572))",Ookla Open Data,https://ookla-open-data.s3.amazonaws.com/parquet/performance/type=mobile/year=2026/quarter=1/2026-01-01_performance_mobile_tiles.parquet
2026-01-01,2026-04-01,1322012223120322,96.17710000000001,16.849200000000003,31406,19252,31.406,19.252,181,816,1286,4,4,False,True,mobile,,,,"POLYGON ((96.1798095703125 16.846605106396304, 96.1798095703125 16.851862453216572, 96.17431640625 16.851862453216572, 96.17431640625 16.846605106396304, 96.1798095703125 16.846605106396304))",Ookla Open Data,https://ookla-open-data.s3.amazonaws.com/parquet/performance/type=mobile/year=2026/quarter=1/2026-01-01_performance_mobile_tiles.parquet
2026-01-01,2026-04-01,1322012223120332,96.18799999999999,16.849200000000003,39824,9993,39.824,9.993,165,903,1196,13,3,False,True,mobile,,,,"POLYGON ((96.1907958984375 16.846605106396304, 96.1907958984375 16.851862453216572, 96.185302734375 16.851862453216572, 96.185302734375 16.846605106396304, 96.1907958984375 16.846605106396304))",Ookla Open Data,https://ookla-open-data.s3.amazonaws.com/parquet/performance/type=mobile/year=2026/quarter=1/2026-01-01_performance_mobile_tiles.parquet
2026-01-01,2026-04-01,1322012223121000,96.199,16.886,21486,4697,21.486,4.697,113,569,1584,1,1,True,True,mobile,,,,"POLYGON ((96.2017822265625 16.88340346423683, 96.2017822265625 16.888659787381606, 96.1962890625 16.888659787381606, 96.1962890625 16.88340346423683, 96.2017822265625 16.88340346423683))",Ookla Open Data,https://ookla-open-data.s3.amazonaws.com/parquet/performance/type=mobile/year=2026/quarter=1/2026-01-01_performance_mobile_tiles.parquet
2026-01-01,2026-04-01,1322012223121001,96.20450000000001,16.886,7797,4764,7.797,4.764,142,1665,3767,6,3,False,True,mobile,,,,"POLYGON ((96.207275390625 16.88340346423683, 96.207275390625 16.888659787381606, 96.2017822265625 16.888659787381606, 96.2017822265625 16.88340346423683, 96.207275390625 16.88340346423683))",Ookla Open Data,https://ookla-open-data.s3.amazonaws.com/parquet/performance/type=mobile/year=2026/quarter=1/2026-01-01_performance_mobile_tiles.parquet
2026-01-01,2026-04-01,1322012223121002,96.199,16.8808,47133,4744,47.133,4.744,290,831,816,2,2,False,True,mobile,,,,"POLYGON ((96.2017822265625 16.878146994732166, 96.2017822265625 16.88340346423683, 96.1962890625 16.88340346423683, 96.1962890625 16.878146994732166, 96.2017822265625 16.878146994732166))",Ookla Open Data,https://ookla-open-data.s3.amazonaws.com/parquet/performance/type=mobile/year=2026/quarter=1/2026-01-01_performance_mobile_tiles.parquet
2026-01-01,2026-04-01,1322012223121003,96.20450000000001,16.8808,69356,35818,69.356,35.818,75,430,908,1,1,True,True,mobile,,,,"POLYGON ((96.207275390625 16.878146994732166, 96.207275390625 16.88340346423683, 96.2017822265625 16.88340346423683, 96.2017822265625 16.878146994732166, 96.207275390625 16.878146994732166))",Ookla Open Data,https://ookla-open-data.s3.amazonaws.com/parquet/performance/type=mobile/year=2026/quarter=1/2026-01-01_performance_mobile_tiles.parquet
2026-01-01,2026-04-01,1322012223121012,96.21000000000001,16.8808,24602,5848,24.602,5.848,124,580,584,3,1,False,True,mobile,,,,"POLYGON ((96.2127685546875 16.878146994732166, 96.2127685546875 16.88340346423683, 96.207275390625 16.88340346423683, 96.207275390625 16.878146994732166, 96.2127685546875 16.878146994732166))",Ookla Open Data,https://ookla-open-data.s3.amazonaws.com/parquet/performance/type=mobile/year=2026/quarter=1/2026-01-01_performance_mobile_tiles.parquet
2026-01-01,2026-04-01,1322012223121013,96.21549999999999,16.8808,16440,22405,16.44,22.405,45,566,584,2,1,False,True,mobile,,,,"POLYGON ((96.21826171875 16.878146994732166, 96.21826171875 16.88340346423683, 96.2127685546875 16.88340346423683, 96.2127685546875 16.878146994732166, 96.21826171875 16.878146994732166))",Ookla Open Data,https://ookla-open-data.s3.amazonaws.com/parquet/performance/type=mobile/year=2026/quarter=1/2026-01-01_performance_mobile_tiles.parquet
2026-01-01,2026-04-01,1322012223121020,96.199,16.8755,52539,30423,52.539,30.423,132,672,1290,3,3,False,True,mobile,,,,"POLYGON ((96.2017822265625 16.87289037890778, 96.2017822265625 16.878146994732166, 96.1962890625 16.878146994732166, 96.1962890625 16.87289037890778, 96.2017822265625 16.87289037890778))",Ookla Open Data,https://ookla-open-data.s3.amazonaws.com/parquet/performance/type=mobile/year=2026/quarter=1/2026-01-01_performance_mobile_tiles.parquet
2026-01-01,2026-04-01,1322012223121022,96.199,16.8703,63415,2852,63.415,2.852,184,1429,4890,1,1,True,True,mobile,,,,"POLYGON ((96.2017822265625 16.867633616803843, 96.2017822265625 16.87289037890778, 96.1962890625 16.87289037890778, 96.1962890625 16.867633616803843, 96.2017822265625 16.867633616803843))",Ookla Open Data,https://ookla-open-data.s3.amazonaws.com/parquet/performance/type=mobile/year=2026/quarter=1/2026-01-01_performance_mobile_tiles.parquet
2026-01-01,2026-04-01,1322012223121030,96.21000000000001,16.8755,57297,40933,57.297,40.933,37,202,252,1,1,True,True,mobile,,,,"POLYGON ((96.2127685546875 16.87289037890778, 96.2127685546875 16.878146994732166, 96.207275390625 16.878146994732166, 96.207275390625 16.87289037890778, 96.2127685546875 16.87289037890778))",Ookla Open Data,https://ookla-open-data.s3.amazonaws.com/parquet/performance/type=mobile/year=2026/quarter=1/2026-01-01_performance_mobile_tiles.parquet
2026-01-01,2026-04-01,1322012223121103,96.2265,16.8808,12498,4989,12.498,4.989,223,1154,600,1,1,True,True,mobile,,,,"POLYGON ((96.229248046875 16.878146994732166, 96.229248046875 16.88340346423683, 96.2237548828125 16.88340346423683, 96.2237548828125 16.878146994732166, 96.229248046875 16.878146994732166))",Ookla Open Data,https://ookla-open-data.s3.amazonaws.com/parquet/performance/type=mobile/year=2026/quarter=1/2026-01-01_performance_mobile_tiles.parquet
2026-01-01,2026-04-01,1322012223121120,96.221,16.8755,108227,31469,108.227,31.469,67,696,652,1,1,True,True,mobile,,,,"POLYGON ((96.2237548828125 16.87289037890778, 96.2237548828125 16.878146994732166, 96.21826171875 16.878146994732166, 96.21826171875 16.87289037890778, 96.2237548828125 16.87289037890778))",Ookla Open Data,https://ookla-open-data.s3.amazonaws.com/parquet/performance/type=mobile/year=2026/quarter=1/2026-01-01_performance_mobile_tiles.parquet
2026-01-01,2026-04-01,1322012223121201,96.20450000000001,16.865000000000002,29892,9812,29.892,9.812,22,2050,331,2,1,False,True,mobile,,,,"POLYGON ((96.207275390625 16.862376708460538, 96.207275390625 16.867633616803843, 96.2017822265625 16.867633616803843, 96.2017822265625 16.862376708460538, 96.207275390625 16.862376708460538))",Ookla Open Data,https://ookla-open-data.s3.amazonaws.com/parquet/performance/type=mobile/year=2026/quarter=1/2026-01-01_performance_mobile_tiles.parquet
2026-01-01,2026-04-01,1322012223121212,96.21000000000001,16.8597,27975,18505,27.975,18.505,236,1584,2807,2,1,False,True,mobile,,,,"POLYGON ((96.2127685546875 16.857119653918048, 96.2127685546875 16.862376708460538, 96.207275390625 16.862376708460538, 96.207275390625 16.857119653918048, 96.2127685546875 16.857119653918048))",Ookla Open Data,https://ookla-open-data.s3.amazonaws.com/parquet/performance/type=mobile/year=2026/quarter=1/2026-01-01_performance_mobile_tiles.parquet
2026-01-01,2026-04-01,1322012223121222,96.199,16.849200000000003,40358,28381,40.358,28.381,322,763,742,7,2,False,True,mobile,,,,"POLYGON ((96.2017822265625 16.846605106396304, 96.2017822265625 16.851862453216572, 96.1962890625 16.851862453216572, 96.1962890625 16.846605106396304, 96.2017822265625 16.846605106396304))",Ookla Open Data,https://ookla-open-data.s3.amazonaws.com/parquet/performance/type=mobile/year=2026/quarter=1/2026-01-01_performance_mobile_tiles.parquet
2026-01-01,2026-04-01,1322012223121231,96.21549999999999,16.8545,3314,35455,3.314,35.455,58,6306,172,1,1,True,True,mobile,,,,"POLYGON ((96.21826171875 16.851862453216572, 96.21826171875 16.857119653918048, 96.2127685546875 16.857119653918048, 96.2127685546875 16.851862453216572, 96.21826171875 16.851862453216572))",Ookla Open Data,https://ookla-open-data.s3.amazonaws.com/parquet/performance/type=mobile/year=2026/quarter=1/2026-01-01_performance_mobile_tiles.parquet
2026-01-01,2026-04-01,1322012223121330,96.232,16.8545,55125,6050,55.125,6.05,240,1443,3347,7,1,False,True,mobile,,,,"POLYGON ((96.2347412109375 16.851862453216572, 96.2347412109375 16.857119653918048, 96.229248046875 16.857119653918048, 96.229248046875 16.851862453216572, 96.2347412109375 16.851862453216572))",Ookla Open Data,https://ookla-open-data.s3.amazonaws.com/parquet/performance/type=mobile/year=2026/quarter=1/2026-01-01_performance_mobile_tiles.parquet
2026-01-01,2026-04-01,1322012223121332,96.232,16.849200000000003,135720,47535,135.72,47.535,228,6486,,1,1,True,True,mobile,,,,"POLYGON ((96.2347412109375 16.846605106396304, 96.2347412109375 16.851862453216572, 96.229248046875 16.851862453216572, 96.229248046875 16.846605106396304, 96.2347412109375 16.846605106396304))",Ookla Open Data,https://ookla-open-data.s3.amazonaws.com/parquet/performance/type=mobile/year=2026/quarter=1/2026-01-01_performance_mobile_tiles.parquet
2026-01-01,2026-04-01,1322012223122000,96.1551,16.844,29950,14885,29.95,14.885,109,655,1918,10,3,False,True,mobile,,,,"POLYGON ((96.1578369140625 16.841347613497447, 96.1578369140625 16.846605106396304, 96.15234375 16.846605106396304, 96.15234375 16.841347613497447, 96.1578369140625 16.841347613497447))",Ookla Open Data,https://ookla-open-data.s3.amazonaws.com/parquet/performance/type=mobile/year=2026/quarter=1/2026-01-01_performance_mobile_tiles.parquet
2026-01-01,2026-04-01,1322012223122002,96.1551,16.8387,638,455,0.638,0.455,75,95,210,1,1,True,True,mobile,,,,"POLYGON ((96.1578369140625 16.836089974560213, 96.1578369140625 16.841347613497447, 96.15234375 16.841347613497447, 96.15234375 16.836089974560213, 96.1578369140625 16.836089974560213))",Ookla Open Data,https://ookla-open-data.s3.amazonaws.com/parquet/performance/type=mobile/year=2026/quarter=1/2026-01-01_performance_mobile_tiles.parquet
2026-01-01,2026-04-01,1322012223122010,96.1661,16.844,4725,8411,4.725,8.411,53,73,360,2,2,False,True,mobile,,,,"POLYGON ((96.1688232421875 16.841347613497447, 96.1688232421875 16.846605106396304, 96.163330078125 16.846605106396304, 96.163330078125 16.841347613497447, 96.1688232421875 16.841347613497447))",Ookla Open Data,https://ookla-open-data.s3.amazonaws.com/parquet/performance/type=mobile/year=2026/quarter=1/2026-01-01_performance_mobile_tiles.parquet
2026-01-01,2026-04-01,1322012223122012,96.1661,16.8387,2265,17198,2.265,17.198,70,8940,,1,1,True,True,mobile,,,,"POLYGON ((96.1688232421875 16.836089974560213, 96.1688232421875 16.841347613497447, 96.163330078125 16.841347613497447, 96.163330078125 16.836089974560213, 96.1688232421875 16.836089974560213))",Ookla Open Data,https://ookla-open-data.s3.amazonaws.com/parquet/performance/type=mobile/year=2026/quarter=1/2026-01-01_performance_mobile_tiles.parquet
2026-01-01,2026-04-01,1322012223122013,96.1716,16.8387,52539,3007,52.539,3.007,88,,,1,1,True,True,mobile,,,,"POLYGON ((96.17431640625 16.836089974560213, 96.17431640625 16.841347613497447, 96.1688232421875 16.841347613497447, 96.1688232421875 16.836089974560213, 96.17431640625 16.836089974560213))",Ookla Open Data,https://ookla-open-data.s3.amazonaws.com/parquet/performance/type=mobile/year=2026/quarter=1/2026-01-01_performance_mobile_tiles.parquet
2026-01-01,2026-04-01,1322012223122020,96.1551,16.833499999999997,12947,1772,12.947,1.772,106,785,4984,2,2,False,True,mobile,,,,"POLYGON ((96.1578369140625 16.83083218962482, 96.1578369140625 16.836089974560213, 96.15234375 16.836089974560213, 96.15234375 16.83083218962482, 96.1578369140625 16.83083218962482))",Ookla Open Data,https://ookla-open-data.s3.amazonaws.com/parquet/performance/type=mobile/year=2026/quarter=1/2026-01-01_performance_mobile_tiles.parquet
2026-01-01,2026-04-01,1322012223122022,96.1551,16.828200000000002,17369,13968,17.369,13.968,155,1200,957,14,9,False,True,mobile,,,,"POLYGON ((96.1578369140625 16.825574258731486, 96.1578369140625 16.83083218962482, 96.15234375 16.83083218962482, 96.15234375 16.825574258731486, 96.1578369140625 16.825574258731486))",Ookla Open Data,https://ookla-open-data.s3.amazonaws.com/parquet/performance/type=mobile/year=2026/quarter=1/2026-01-01_performance_mobile_tiles.parquet
2026-01-01,2026-04-01,1322012223122030,96.1661,16.833499999999997,14360,17143,14.36,17.143,56,739,544,1,1,True,True,mobile,,,,"POLYGON ((96.1688232421875 16.83083218962482, 96.1688232421875 16.836089974560213, 96.163330078125 16.836089974560213, 96.163330078125 16.83083218962482, 96.1688232421875 16.83083218962482))",Ookla Open Data,https://ookla-open-data.s3.amazonaws.com/parquet/performance/type=mobile/year=2026/quarter=1/2026-01-01_performance_mobile_tiles.parquet
2026-01-01,2026-04-01,1322012223122031,96.1716,16.833499999999997,11481,7110,11.481,7.11,52,589,314,1,1,True,True,mobile,,,,"POLYGON ((96.17431640625 16.83083218962482, 96.17431640625 16.836089974560213, 96.1688232421875 16.836089974560213, 96.1688232421875 16.83083218962482, 96.17431640625 16.83083218962482))",Ookla Open Data,https://ookla-open-data.s3.amazonaws.com/parquet/performance/type=mobile/year=2026/quarter=1/2026-01-01_performance_mobile_tiles.parquet
2026-01-01,2026-04-01,1322012223122100,96.17710000000001,16.844,33555,10462,33.555,10.462,117,386,539,8,3,False,True,mobile,,,,"POLYGON ((96.1798095703125 16.841347613497447, 96.1798095703125 16.846605106396304, 96.17431640625 16.846605106396304, 96.17431640625 16.841347613497447, 96.1798095703125 16.841347613497447))",Ookla Open Data,https://ookla-open-data.s3.amazonaws.com/parquet/performance/type=mobile/year=2026/quarter=1/2026-01-01_performance_mobile_tiles.parquet
2026-01-01,2026-04-01,1322012223122101,96.18260000000001,16.844,18768,9237,18.768,9.237,57,686,1635,4,2,False,True,mobile,,,,"POLYGON ((96.185302734375 16.841347613497447, 96.185302734375 16.846605106396304, 96.1798095703125 16.846605106396304, 96.1798095703125 16.841347613497447, 96.185302734375 16.841347613497447))",Ookla Open Data,https://ookla-open-data.s3.amazonaws.com/parquet/performance/type=mobile/year=2026/quarter=1/2026-01-01_performance_mobile_tiles.parquet
2026-01-01,2026-04-01,1322012223122102,96.17710000000001,16.8387,29511,1238,29.511,1.238,71,326,196,1,1,True,True,mobile,,,,"POLYGON ((96.1798095703125 16.836089974560213, 96.1798095703125 16.841347613497447, 96.17431640625 16.841347613497447, 96.17431640625 16.836089974560213, 96.1798095703125 16.836089974560213))",Ookla Open Data,https://ookla-open-data.s3.amazonaws.com/parquet/performance/type=mobile/year=2026/quarter=1/2026-01-01_performance_mobile_tiles.parquet
2026-01-01,2026-04-01,1322012223122103,96.18260000000001,16.8387,19947,9682,19.947,9.682,133,756,268,3,3,False,True,mobile,,,,"POLYGON ((96.185302734375 16.836089974560213, 96.185302734375 16.841347613497447, 96.1798095703125 16.841347613497447, 96.1798095703125 16.836089974560213, 96.185302734375 16.836089974560213))",Ookla Open Data,https://ookla-open-data.s3.amazonaws.com/parquet/performance/type=mobile/year=2026/quarter=1/2026-01-01_performance_mobile_tiles.parquet
2026-01-01,2026-04-01,1322012223122113,96.1935,16.8387,50383,10738,50.383,10.738,149,678,793,2,2,False,True,mobile,,,,"POLYGON ((96.1962890625 16.836089974560213, 96.1962890625 16.841347613497447, 96.1907958984375 16.841347613497447, 96.1907958984375 16.836089974560213, 96.1962890625 16.836089974560213))",Ookla Open Data,https://ookla-open-data.s3.amazonaws.com/parquet/performance/type=mobile/year=2026/quarter=1/2026-01-01_performance_mobile_tiles.parquet
2026-01-01,2026-04-01,1322012223122120,96.17710000000001,16.833499999999997,15289,8599,15.289,8.599,193,1270,1056,2,2,False,True,mobile,,,,"POLYGON ((96.1798095703125 16.83083218962482, 96.1798095703125 16.836089974560213, 96.17431640625 16.836089974560213, 96.17431640625 16.83083218962482, 96.1798095703125 16.83083218962482))",Ookla Open Data,https://ookla-open-data.s3.amazonaws.com/parquet/performance/type=mobile/year=2026/quarter=1/2026-01-01_performance_mobile_tiles.parquet
2026-01-01,2026-04-01,1322012223122121,96.18260000000001,16.833499999999997,10557,822,10.557,0.822,225,1580,3562,1,1,True,True,mobile,,,,"POLYGON ((96.185302734375 16.83083218962482, 96.185302734375 16.836089974560213, 96.1798095703125 16.836089974560213, 96.1798095703125 16.83083218962482, 96.185302734375 16.83083218962482))",Ookla Open Data,https://ookla-open-data.s3.amazonaws.com/parquet/performance/type=mobile/year=2026/quarter=1/2026-01-01_performance_mobile_tiles.parquet
2026-01-01,2026-04-01,1322012223122123,96.18260000000001,16.828200000000002,1385,418,1.385,0.418,51,52,56,2,1,False,True,mobile,,,,"POLYGON ((96.185302734375 16.825574258731486, 96.185302734375 16.83083218962482, 96.1798095703125 16.83083218962482, 96.1798095703125 16.825574258731486, 96.185302734375 16.825574258731486))",Ookla Open Data,https://ookla-open-data.s3.amazonaws.com/parquet/performance/type=mobile/year=2026/quarter=1/2026-01-01_performance_mobile_tiles.parquet
2026-01-01,2026-04-01,1322012223122130,96.18799999999999,16.833499999999997,57452,25524,57.452,25.524,59,517,1297,2,1,False,True,mobile,,,,"POLYGON ((96.1907958984375 16.83083218962482, 96.1907958984375 16.836089974560213, 96.185302734375 16.836089974560213, 96.185302734375 16.83083218962482, 96.1907958984375 16.83083218962482))",Ookla Open Data,https://ookla-open-data.s3.amazonaws.com/parquet/performance/type=mobile/year=2026/quarter=1/2026-01-01_performance_mobile_tiles.parquet
2026-01-01,2026-04-01,1322012223122131,96.1935,16.833499999999997,10476,24438,10.476,24.438,40,683,286,1,1,True,True,mobile,,,,"POLYGON ((96.1962890625 16.83083218962482, 96.1962890625 16.836089974560213, 96.1907958984375 16.836089974560213, 96.1907958984375 16.83083218962482, 96.1962890625 16.83083218962482))",Ookla Open Data,https://ookla-open-data.s3.amazonaws.com/parquet/performance/type=mobile/year=2026/quarter=1/2026-01-01_performance_mobile_tiles.parquet
2026-01-01,2026-04-01,1322012223122132,96.18799999999999,16.828200000000002,92017,23436,92.017,23.436,139,722,1302,1,1,True,True,mobile,,,,"POLYGON ((96.1907958984375 16.825574258731486, 96.1907958984375 16.83083218962482, 96.185302734375 16.83083218962482, 96.185302734375 16.825574258731486, 96.1907958984375 16.825574258731486))",Ookla Open Data,https://ookla-open-data.s3.amazonaws.com/parquet/performance/type=mobile/year=2026/quarter=1/2026-01-01_performance_mobile_tiles.parquet
2026-01-01,2026-04-01,1322012223122133,96.1935,16.828200000000002,88931,12509,88.931,12.509,50,417,170,1,1,True,True,mobile,,,,"POLYGON ((96.1962890625 16.825574258731486, 96.1962890625 16.83083218962482, 96.1907958984375 16.83083218962482, 96.1907958984375 16.825574258731486, 96.1962890625 16.825574258731486))",Ookla Open Data,https://ookla-open-data.s3.amazonaws.com/parquet/performance/type=mobile/year=2026/quarter=1/2026-01-01_performance_mobile_tiles.parquet
2026-01-01,2026-04-01,1322012223122200,96.1551,16.8229,41374,10641,41.374,10.641,101,790,3283,8,3,False,True,mobile,,,,"POLYGON ((96.1578369140625 16.82031618192045, 96.1578369140625 16.825574258731486, 96.15234375 16.825574258731486, 96.15234375 16.82031618192045, 96.1578369140625 16.82031618192045))",Ookla Open Data,https://ookla-open-data.s3.amazonaws.com/parquet/performance/type=mobile/year=2026/quarter=1/2026-01-01_performance_mobile_tiles.parquet
2026-01-01,2026-04-01,1322012223122201,96.16060000000002,16.8229,44238,546,44.238,0.546,57,82,,1,1,True,True,mobile,,,,"POLYGON ((96.163330078125 16.82031618192045, 96.163330078125 16.825574258731486, 96.1578369140625 16.825574258731486, 96.1578369140625 16.82031618192045, 96.163330078125 16.82031618192045))",Ookla Open Data,https://ookla-open-data.s3.amazonaws.com/parquet/performance/type=mobile/year=2026/quarter=1/2026-01-01_performance_mobile_tiles.parquet
2026-01-01,2026-04-01,1322012223122202,96.1551,16.8177,48403,11763,48.403,11.763,161,1057,2020,4,3,False,True,mobile,,,,"POLYGON ((96.1578369140625 16.815057959231932, 96.1578369140625 16.82031618192045, 96.15234375 16.82031618192045, 96.15234375 16.815057959231932, 96.1578369140625 16.815057959231932))",Ookla Open Data,https://ookla-open-data.s3.amazonaws.com/parquet/performance/type=mobile/year=2026/quarter=1/2026-01-01_performance_mobile_tiles.parquet
2026-01-01,2026-04-01,1322012223122203,96.16060000000002,16.8177,10291,1464,10.291,1.464,160,1086,544,3,2,False,True,mobile,,,,"POLYGON ((96.163330078125 16.815057959231932, 96.163330078125 16.82031618192045, 96.1578369140625 16.82031618192045, 96.1578369140625 16.815057959231932, 96.163330078125 16.815057959231932))",Ookla Open Data,https://ookla-open-data.s3.amazonaws.com/parquet/performance/type=mobile/year=2026/quarter=1/2026-01-01_performance_mobile_tiles.parquet
2026-01-01,2026-04-01,1322012223122210,96.1661,16.8229,20699,563,20.699,0.563,65,78,,1,1,True,True,mobile,,,,"POLYGON ((96.1688232421875 16.82031618192045, 96.1688232421875 16.825574258731486, 96.163330078125 16.825574258731486, 96.163330078125 16.82031618192045, 96.1688232421875 16.82031618192045))",Ookla Open Data,https://ookla-open-data.s3.amazonaws.com/parquet/performance/type=mobile/year=2026/quarter=1/2026-01-01_performance_mobile_tiles.parquet
2026-01-01,2026-04-01,1322012223122212,96.1661,16.8177,43667,41965,43.667,41.965,13,727,349,1,1,True,True,mobile,,,,"POLYGON ((96.1688232421875 16.815057959231932, 96.1688232421875 16.82031618192045, 96.163330078125 16.82031618192045, 96.163330078125 16.815057959231932, 96.1688232421875 16.815057959231932))",Ookla Open Data,https://ookla-open-data.s3.amazonaws.com/parquet/performance/type=mobile/year=2026/quarter=1/2026-01-01_performance_mobile_tiles.parquet
2026-01-01,2026-04-01,1322012223122220,96.1551,16.812400000000004,96955,21558,96.955,21.558,51,510,2126,2,2,False,True,mobile,,,,"POLYGON ((96.1578369140625 16.809799590706184, 96.1578369140625 16.815057959231932, 96.15234375 16.815057959231932, 96.15234375 16.809799590706184, 96.1578369140625 16.809799590706184))",Ookla Open Data,https://ookla-open-data.s3.amazonaws.com/parquet/performance/type=mobile/year=2026/quarter=1/2026-01-01_performance_mobile_tiles.parquet
2026-01-01,2026-04-01,1322012223122222,96.1551,16.8072,37770,5416,37.77,5.416,109,444,2396,1,1,True,True,mobile,,,,"POLYGON ((96.1578369140625 16.80454107638345, 96.1578369140625 16.809799590706184, 96.15234375 16.809799590706184, 96.15234375 16.80454107638345, 96.1578369140625 16.80454107638345))",Ookla Open Data,https://ookla-open-data.s3.amazonaws.com/parquet/performance/type=mobile/year=2026/quarter=1/2026-01-01_performance_mobile_tiles.parquet
2026-01-01,2026-04-01,1322012223122230,96.1661,16.812400000000004,9751,8294,9.751,8.294,93,1152,541,3,2,False,True,mobile,,,,"POLYGON ((96.1688232421875 16.809799590706184, 96.1688232421875 16.815057959231932, 96.163330078125 16.815057959231932, 96.163330078125 16.809799590706184, 96.1688232421875 16.809799590706184))",Ookla Open Data,https://ookla-open-data.s3.amazonaws.com/parquet/performance/type=mobile/year=2026/quarter=1/2026-01-01_performance_mobile_tiles.parquet
2026-01-01,2026-04-01,1322012223122232,96.1661,16.8072,4118,247,4.118,0.247,96,1083,,1,1,True,True,mobile,,,,"POLYGON ((96.1688232421875 16.80454107638345, 96.1688232421875 16.809799590706184, 96.163330078125 16.809799590706184, 96.163330078125 16.80454107638345, 96.1688232421875 16.80454107638345))",Ookla Open Data,https://ookla-open-data.s3.amazonaws.com/parquet/performance/type=mobile/year=2026/quarter=1/2026-01-01_performance_mobile_tiles.parquet
2026-01-01,2026-04-01,1322012223122233,96.1716,16.8072,23898,17309,23.898,17.309,15,801,989,1,1,True,True,mobile,,,,"POLYGON ((96.17431640625 16.80454107638345, 96.17431640625 16.809799590706184, 96.1688232421875 16.809799590706184, 96.1688232421875 16.80454107638345, 96.17431640625 16.80454107638345))",Ookla Open Data,https://ookla-open-data.s3.amazonaws.com/parquet/performance/type=mobile/year=2026/quarter=1/2026-01-01_performance_mobile_tiles.parquet
2026-01-01,2026-04-01,1322012223122301,96.18260000000001,16.8229,54843,5018,54.843,5.018,73,726,4799,2,2,False,True,mobile,,,,"POLYGON ((96.185302734375 16.82031618192045, 96.185302734375 16.825574258731486, 96.1798095703125 16.825574258731486, 96.1798095703125 16.82031618192045, 96.185302734375 16.82031618192045))",Ookla Open Data,https://ookla-open-data.s3.amazonaws.com/parquet/performance/type=mobile/year=2026/quarter=1/2026-01-01_performance_mobile_tiles.parquet
2026-01-01,2026-04-01,1322012223122302,96.17710000000001,16.8177,26343,38539,26.343,38.539,139,1088,1946,2,1,False,True,mobile,,,,"POLYGON ((96.1798095703125 16.815057959231932, 96.1798095703125 16.82031618192045, 96.17431640625 16.82031618192045, 96.17431640625 16.815057959231932, 96.1798095703125 16.815057959231932))",Ookla Open Data,https://ookla-open-data.s3.amazonaws.com/parquet/performance/type=mobile/year=2026/quarter=1/2026-01-01_performance_mobile_tiles.parquet
2026-01-01,2026-04-01,1322012223122303,96.18260000000001,16.8177,8354,6247,8.354,6.247,234,1099,483,2,1,False,True,mobile,,,,"POLYGON ((96.185302734375 16.815057959231932, 96.185302734375 16.82031618192045, 96.1798095703125 16.82031618192045, 96.1798095703125 16.815057959231932, 96.185302734375 16.815057959231932))",Ookla Open Data,https://ookla-open-data.s3.amazonaws.com/parquet/performance/type=mobile/year=2026/quarter=1/2026-01-01_performance_mobile_tiles.parquet
2026-01-01,2026-04-01,1322012223122312,96.18799999999999,16.8177,57126,13574,57.126,13.574,148,468,169,3,1,False,True,mobile,,,,"POLYGON ((96.1907958984375 16.815057959231932, 96.1907958984375 16.82031618192045, 96.185302734375 16.82031618192045, 96.185302734375 16.815057959231932, 96.1907958984375 16.815057959231932))",Ookla Open Data,https://ookla-open-data.s3.amazonaws.com/parquet/performance/type=mobile/year=2026/quarter=1/2026-01-01_performance_mobile_tiles.parquet
2026-01-01,2026-04-01,1322012223122313,96.1935,16.8177,43167,32920,43.167,32.92,88,497,994,1,1,True,True,mobile,,,,"POLYGON ((96.1962890625 16.815057959231932, 96.1962890625 16.82031618192045, 96.1907958984375 16.82031618192045, 96.1907958984375 16.815057959231932, 96.1962890625 16.815057959231932))",Ookla Open Data,https://ookla-open-data.s3.amazonaws.com/parquet/performance/type=mobile/year=2026/quarter=1/2026-01-01_performance_mobile_tiles.parquet
2026-01-01,2026-04-01,1322012223122320,96.17710000000001,16.812400000000004,14611,12209,14.611,12.209,130,786,977,6,4,False,True,mobile,,,,"POLYGON ((96.1798095703125 16.809799590706184, 96.1798095703125 16.815057959231932, 96.17431640625 16.815057959231932, 96.17431640625 16.809799590706184, 96.1798095703125 16.809799590706184))",Ookla Open Data,https://ookla-open-data.s3.amazonaws.com/parquet/performance/type=mobile/year=2026/quarter=1/2026-01-01_performance_mobile_tiles.parquet
2026-01-01,2026-04-01,1322012223122321,96.18260000000001,16.812400000000004,36703,15393,36.703,15.393,209,822,443,3,3,False,True,mobile,,,,"POLYGON ((96.185302734375 16.809799590706184, 96.185302734375 16.815057959231932, 96.1798095703125 16.815057959231932, 96.1798095703125 16.809799590706184, 96.185302734375 16.809799590706184))",Ookla Open Data,https://ookla-open-data.s3.amazonaws.com/parquet/performance/type=mobile/year=2026/quarter=1/2026-01-01_performance_mobile_tiles.parquet
2026-01-01,2026-04-01,1322012223122322,96.17710000000001,16.8072,21362,24022,21.362,24.022,67,718,739,11,6,False,True,mobile,,,,"POLYGON ((96.1798095703125 16.80454107638345, 96.1798095703125 16.809799590706184, 96.17431640625 16.809799590706184, 96.17431640625 16.80454107638345, 96.1798095703125 16.80454107638345))",Ookla Open Data,https://ookla-open-data.s3.amazonaws.com/parquet/performance/type=mobile/year=2026/quarter=1/2026-01-01_performance_mobile_tiles.parquet
2026-01-01,2026-04-01,1322012223122323,96.18260000000001,16.8072,28862,14803,28.862,14.803,65,335,945,3,3,False,True,mobile,,,,"POLYGON ((96.185302734375 16.80454107638345, 96.185302734375 16.809799590706184, 96.1798095703125 16.809799590706184, 96.1798095703125 16.80454107638345, 96.185302734375 16.80454107638345))",Ookla Open Data,https://ookla-open-data.s3.amazonaws.com/parquet/performance/type=mobile/year=2026/quarter=1/2026-01-01_performance_mobile_tiles.parquet
2026-01-01,2026-04-01,1322012223122330,96.18799999999999,16.812400000000004,30931,20556,30.931,20.556,61,259,58,5,2,False,True,mobile,,,,"POLYGON ((96.1907958984375 16.809799590706184, 96.1907958984375 16.815057959231932, 96.185302734375 16.815057959231932, 96.185302734375 16.809799590706184, 96.1907958984375 16.809799590706184))",Ookla Open Data,https://ookla-open-data.s3.amazonaws.com/parquet/performance/type=mobile/year=2026/quarter=1/2026-01-01_performance_mobile_tiles.parquet
2026-01-01,2026-04-01,1322012223122331,96.1935,16.812400000000004,29330,16609,29.33,16.609,46,523,385,7,1,False,True,mobile,,,,"POLYGON ((96.1962890625 16.809799590706184, 96.1962890625 16.815057959231932, 96.1907958984375 16.815057959231932, 96.1907958984375 16.809799590706184, 96.1962890625 16.809799590706184))",Ookla Open Data,https://ookla-open-data.s3.amazonaws.com/parquet/performance/type=mobile/year=2026/quarter=1/2026-01-01_performance_mobile_tiles.parquet
2026-01-01,2026-04-01,1322012223122333,96.1935,16.8072,41687,15893,41.687,15.893,69,747,785,3,3,False,True,mobile,,,,"POLYGON ((96.1962890625 16.80454107638345, 96.1962890625 16.809799590706184, 96.1907958984375 16.809799590706184, 96.1907958984375 16.80454107638345, 96.1962890625 16.80454107638345))",Ookla Open Data,https://ookla-open-data.s3.amazonaws.com/parquet/performance/type=mobile/year=2026/quarter=1/2026-01-01_performance_mobile_tiles.parquet
2026-01-01,2026-04-01,1322012223123000,96.199,16.844,39516,10116,39.516,10.116,74,620,1578,1,1,True,True,mobile,,,,"POLYGON ((96.2017822265625 16.841347613497447, 96.2017822265625 16.846605106396304, 96.1962890625 16.846605106396304, 96.1962890625 16.841347613497447, 96.2017822265625 16.841347613497447))",Ookla Open Data,https://ookla-open-data.s3.amazonaws.com/parquet/performance/type=mobile/year=2026/quarter=1/2026-01-01_performance_mobile_tiles.parquet
2026-01-01,2026-04-01,1322012223123001,96.20450000000001,16.844,23683,6516,23.683,6.516,114,1290,1095,10,2,False,True,mobile,,,,"POLYGON ((96.207275390625 16.841347613497447, 96.207275390625 16.846605106396304, 96.2017822265625 16.846605106396304, 96.2017822265625 16.841347613497447, 96.207275390625 16.841347613497447))",Ookla Open Data,https://ookla-open-data.s3.amazonaws.com/parquet/performance/type=mobile/year=2026/quarter=1/2026-01-01_performance_mobile_tiles.parquet
2026-01-01,2026-04-01,1322012223123003,96.20450000000001,16.8387,38314,36278,38.314,36.278,13,796,432,1,1,True,True,mobile,,,,"POLYGON ((96.207275390625 16.836089974560213, 96.207275390625 16.841347613497447, 96.2017822265625 16.841347613497447, 96.2017822265625 16.836089974560213, 96.207275390625 16.836089974560213))",Ookla Open Data,https://ookla-open-data.s3.amazonaws.com/parquet/performance/type=mobile/year=2026/quarter=1/2026-01-01_performance_mobile_tiles.parquet
2026-01-01,2026-04-01,1322012223123012,96.21000000000001,16.8387,50958,787,50.958,0.787,177,356,6431,1,1,True,True,mobile,,,,"POLYGON ((96.2127685546875 16.836089974560213, 96.2127685546875 16.841347613497447, 96.207275390625 16.841347613497447, 96.207275390625 16.836089974560213, 96.2127685546875 16.836089974560213))",Ookla Open Data,https://ookla-open-data.s3.amazonaws.com/parquet/performance/type=mobile/year=2026/quarter=1/2026-01-01_performance_mobile_tiles.parquet
2026-01-01,2026-04-01,1322012223123020,96.199,16.833499999999997,1001,343,1.001,0.343,227,260,237,1,1,True,True,mobile,,,,"POLYGON ((96.2017822265625 16.83083218962482, 96.2017822265625 16.836089974560213, 96.1962890625 16.836089974560213, 96.1962890625 16.83083218962482, 96.2017822265625 16.83083218962482))",Ookla Open Data,https://ookla-open-data.s3.amazonaws.com/parquet/performance/type=mobile/year=2026/quarter=1/2026-01-01_performance_mobile_tiles.parquet
2026-01-01,2026-04-01,1322012223123023,96.20450000000001,16.828200000000002,50786,16002,50.786,16.002,107,342,145,1,1,True,True,mobile,,,,"POLYGON ((96.207275390625 16.825574258731486, 96.207275390625 16.83083218962482, 96.2017822265625 16.83083218962482, 96.2017822265625 16.825574258731486, 96.207275390625 16.825574258731486))",Ookla Open Data,https://ookla-open-data.s3.amazonaws.com/parquet/performance/type=mobile/year=2026/quarter=1/2026-01-01_performance_mobile_tiles.parquet
2026-01-01,2026-04-01,1322012223123101,96.2265,16.844,799,288,0.799,0.288,57,810,189,1,1,True,True,mobile,,,,"POLYGON ((96.229248046875 16.841347613497447, 96.229248046875 16.846605106396304, 96.2237548828125 16.846605106396304, 96.2237548828125 16.841347613497447, 96.229248046875 16.841347613497447))",Ookla Open Data,https://ookla-open-data.s3.amazonaws.com/parquet/performance/type=mobile/year=2026/quarter=1/2026-01-01_performance_mobile_tiles.parquet
2026-01-01,2026-04-01,1322012223123111,96.2375,16.844,73885,45469,73.885,45.469,136,550,710,1,1,True,True,mobile,,,,"POLYGON ((96.240234375 16.841347613497447, 96.240234375 16.846605106396304, 96.2347412109375 16.846605106396304, 96.2347412109375 16.841347613497447, 96.240234375 16.841347613497447))",Ookla Open Data,https://ookla-open-data.s3.amazonaws.com/parquet/performance/type=mobile/year=2026/quarter=1/2026-01-01_performance_mobile_tiles.parquet
2026-01-01,2026-04-01,1322012223123201,96.20450000000001,16.8229,6299,29048,6.299,29.048,75,832,1184,1,1,True,True,mobile,,,,"POLYGON ((96.207275390625 16.82031618192045, 96.207275390625 16.825574258731486, 96.2017822265625 16.825574258731486, 96.2017822265625 16.82031618192045, 96.207275390625 16.82031618192045))",Ookla Open Data,https://ookla-open-data.s3.amazonaws.com/parquet/performance/type=mobile/year=2026/quarter=1/2026-01-01_performance_mobile_tiles.parquet
2026-01-01,2026-04-01,1322012223123202,96.199,16.8177,41809,10262,41.809,10.262,115,798,715,2,2,False,True,mobile,,,,"POLYGON ((96.2017822265625 16.815057959231932, 96.2017822265625 16.82031618192045, 96.1962890625 16.82031618192045, 96.1962890625 16.815057959231932, 96.2017822265625 16.815057959231932))",Ookla Open Data,https://ookla-open-data.s3.amazonaws.com/parquet/performance/type=mobile/year=2026/quarter=1/2026-01-01_performance_mobile_tiles.parquet
2026-01-01,2026-04-01,1322012223123213,96.21549999999999,16.8177,22914,17194,22.914,17.194,208,939,513,3,1,False,True,mobile,,,,"POLYGON ((96.21826171875 16.815057959231932, 96.21826171875 16.82031618192045, 96.2127685546875 16.82031618192045, 96.2127685546875 16.815057959231932, 96.21826171875 16.815057959231932))",Ookla Open Data,https://ookla-open-data.s3.amazonaws.com/parquet/performance/type=mobile/year=2026/quarter=1/2026-01-01_performance_mobile_tiles.parquet
2026-01-01,2026-04-01,1322012223123223,96.20450000000001,16.8072,37081,26456,37.081,26.456,210,1313,1542,1,1,True,True,mobile,,,,"POLYGON ((96.207275390625 16.80454107638345, 96.207275390625 16.809799590706184, 96.2017822265625 16.809799590706184, 96.2017822265625 16.80454107638345, 96.207275390625 16.80454107638345))",Ookla Open Data,https://ookla-open-data.s3.amazonaws.com/parquet/performance/type=mobile/year=2026/quarter=1/2026-01-01_performance_mobile_tiles.parquet
2026-01-01,2026-04-01,1322012223123231,96.21549999999999,16.812400000000004,33193,19873,33.193,19.873,189,2461,1389,3,3,False,True,mobile,,,,"POLYGON ((96.21826171875 16.809799590706184, 96.21826171875 16.815057959231932, 96.2127685546875 16.815057959231932, 96.2127685546875 16.809799590706184, 96.21826171875 16.809799590706184))",Ookla Open Data,https://ookla-open-data.s3.amazonaws.com/parquet/performance/type=mobile/year=2026/quarter=1/2026-01-01_performance_mobile_tiles.parquet
2026-01-01,2026-04-01,1322012223123232,96.21000000000001,16.8072,37772,1038,37.772,1.038,194,5476,4247,1,1,True,True,mobile,,,,"POLYGON ((96.2127685546875 16.80454107638345, 96.2127685546875 16.809799590706184, 96.207275390625 16.809799590706184, 96.207275390625 16.80454107638345, 96.2127685546875 16.80454107638345))",Ookla Open Data,https://ookla-open-data.s3.amazonaws.com/parquet/performance/type=mobile/year=2026/quarter=1/2026-01-01_performance_mobile_tiles.parquet
2026-01-01,2026-04-01,1322012223123233,96.21549999999999,16.8072,26316,37091,26.316,37.091,260,1758,1404,1,1,True,True,mobile,,,,"POLYGON ((96.21826171875 16.80454107638345, 96.21826171875 16.809799590706184, 96.2127685546875 16.809799590706184, 96.2127685546875 16.80454107638345, 96.21826171875 16.80454107638345))",Ookla Open Data,https://ookla-open-data.s3.amazonaws.com/parquet/performance/type=mobile/year=2026/quarter=1/2026-01-01_performance_mobile_tiles.parquet
2026-01-01,2026-04-01,1322012223123322,96.221,16.8072,36468,17207,36.468,17.207,236,511,323,2,1,False,True,mobile,,,,"POLYGON ((96.2237548828125 16.80454107638345, 96.2237548828125 16.809799590706184, 96.21826171875 16.809799590706184, 96.21826171875 16.80454107638345, 96.2237548828125 16.80454107638345))",Ookla Open Data,https://ookla-open-data.s3.amazonaws.com/parquet/performance/type=mobile/year=2026/quarter=1/2026-01-01_performance_mobile_tiles.parquet
2026-01-01,2026-04-01,1322012223123323,96.2265,16.8072,1268,309,1.268,0.309,323,325,333,1,1,True,True,mobile,,,,"POLYGON ((96.229248046875 16.80454107638345, 96.229248046875 16.809799590706184, 96.2237548828125 16.809799590706184, 96.2237548828125 16.80454107638345, 96.229248046875 16.80454107638345))",Ookla Open Data,https://ookla-open-data.s3.amazonaws.com/parquet/performance/type=mobile/year=2026/quarter=1/2026-01-01_performance_mobile_tiles.parquet
2026-01-01,2026-04-01,1322012223123331,96.2375,16.812400000000004,1431,6270,1.431,6.27,20,5847,1082,4,2,False,True,mobile,,,,"POLYGON ((96.240234375 16.809799590706184, 96.240234375 16.815057959231932, 96.2347412109375 16.815057959231932, 96.2347412109375 16.809799590706184, 96.240234375 16.809799590706184))",Ookla Open Data,https://ookla-open-data.s3.amazonaws.com/parquet/performance/type=mobile/year=2026/quarter=1/2026-01-01_performance_mobile_tiles.parquet
2026-01-01,2026-04-01,1322012223130021,96.2485,16.8755,7605,11910,7.605,11.91,186,2605,695,1,1,True,True,mobile,,,,"POLYGON ((96.251220703125 16.87289037890778, 96.251220703125 16.878146994732166, 96.2457275390625 16.878146994732166, 96.2457275390625 16.87289037890778, 96.251220703125 16.87289037890778))",Ookla Open Data,https://ookla-open-data.s3.amazonaws.com/parquet/performance/type=mobile/year=2026/quarter=1/2026-01-01_performance_mobile_tiles.parquet
2026-01-01,2026-04-01,1322012223130032,96.25399999999999,16.8703,47431,20069,47.431,20.069,74,614,366,1,1,True,True,mobile,,,,"POLYGON ((96.2567138671875 16.867633616803843, 96.2567138671875 16.87289037890778, 96.251220703125 16.87289037890778, 96.251220703125 16.867633616803843, 96.2567138671875 16.867633616803843))",Ookla Open Data,https://ookla-open-data.s3.amazonaws.com/parquet/performance/type=mobile/year=2026/quarter=1/2026-01-01_performance_mobile_tiles.parquet
2026-01-01,2026-04-01,1322012223130201,96.2485,16.865000000000002,5594,14658,5.594,14.658,60,92,1704,1,1,True,True,mobile,,,,"POLYGON ((96.251220703125 16.862376708460538, 96.251220703125 16.867633616803843, 96.2457275390625 16.867633616803843, 96.2457275390625 16.862376708460538, 96.251220703125 16.862376708460538))",Ookla Open Data,https://ookla-open-data.s3.amazonaws.com/parquet/performance/type=mobile/year=2026/quarter=1/2026-01-01_performance_mobile_tiles.parquet
2026-01-01,2026-04-01,1322012223132120,96.265,16.833499999999997,1464,216,1.464,0.216,41,105,344,1,1,True,True,mobile,,,,"POLYGON ((96.2677001953125 16.83083218962482, 96.2677001953125 16.836089974560213, 96.26220703125 16.836089974560213, 96.26220703125 16.83083218962482, 96.2677001953125 16.83083218962482))",Ookla Open Data,https://ookla-open-data.s3.amazonaws.com/parquet/performance/type=mobile/year=2026/quarter=1/2026-01-01_performance_mobile_tiles.parquet
2026-01-01,2026-04-01,1322012223132121,96.2704,16.833499999999997,56038,21797,56.038,21.797,74,678,1229,2,1,False,True,mobile,,,,"POLYGON ((96.273193359375 16.83083218962482, 96.273193359375 16.836089974560213, 96.2677001953125 16.836089974560213, 96.2677001953125 16.83083218962482, 96.273193359375 16.83083218962482))",Ookla Open Data,https://ookla-open-data.s3.amazonaws.com/parquet/performance/type=mobile/year=2026/quarter=1/2026-01-01_performance_mobile_tiles.parquet
2026-01-01,2026-04-01,1322012223132122,96.265,16.828200000000002,24896,17811,24.896,17.811,12,636,798,1,1,True,True,mobile,,,,"POLYGON ((96.2677001953125 16.825574258731486, 96.2677001953125 16.83083218962482, 96.26220703125 16.83083218962482, 96.26220703125 16.825574258731486, 96.2677001953125 16.825574258731486))",Ookla Open Data,https://ookla-open-data.s3.amazonaws.com/parquet/performance/type=mobile/year=2026/quarter=1/2026-01-01_performance_mobile_tiles.parquet
2026-01-01,2026-04-01,1322012223132132,96.27590000000001,16.828200000000002,4017,784,4.017,0.784,280,3440,1653,1,1,True,True,mobile,,,,"POLYGON ((96.2786865234375 16.825574258731486, 96.2786865234375 16.83083218962482, 96.273193359375 16.83083218962482, 96.273193359375 16.825574258731486, 96.2786865234375 16.825574258731486))",Ookla Open Data,https://ookla-open-data.s3.amazonaws.com/parquet/performance/type=mobile/year=2026/quarter=1/2026-01-01_performance_mobile_tiles.parquet
2026-01-01,2026-04-01,1322012223132202,96.243,16.8177,1978,5283,1.978,5.283,26,3111,846,3,1,False,True,mobile,,,,"POLYGON ((96.2457275390625 16.815057959231932, 96.2457275390625 16.82031618192045, 96.240234375 16.82031618192045, 96.240234375 16.815057959231932, 96.2457275390625 16.815057959231932))",Ookla Open Data,https://ookla-open-data.s3.amazonaws.com/parquet/performance/type=mobile/year=2026/quarter=1/2026-01-01_performance_mobile_tiles.parquet
2026-01-01,2026-04-01,1322012223132220,96.243,16.812400000000004,1416,1388,1.416,1.388,45,3488,4556,1,1,True,True,mobile,,,,"POLYGON ((96.2457275390625 16.809799590706184, 96.2457275390625 16.815057959231932, 96.240234375 16.815057959231932, 96.240234375 16.809799590706184, 96.2457275390625 16.809799590706184))",Ookla Open Data,https://ookla-open-data.s3.amazonaws.com/parquet/performance/type=mobile/year=2026/quarter=1/2026-01-01_performance_mobile_tiles.parquet
2026-01-01,2026-04-01,1322012223211010,96.12210000000002,16.8019,14949,18803,14.949,18.803,100,1363,1348,13,4,False,True,mobile,,,,"POLYGON ((96.1248779296875 16.799282416303978, 96.1248779296875 16.80454107638345, 96.119384765625 16.80454107638345, 96.119384765625 16.799282416303978, 96.1248779296875 16.799282416303978))",Ookla Open Data,https://ookla-open-data.s3.amazonaws.com/parquet/performance/type=mobile/year=2026/quarter=1/2026-01-01_performance_mobile_tiles.parquet
2026-01-01,2026-04-01,1322012223211012,96.12210000000002,16.7967,15411,13156,15.411,13.156,128,693,1599,10,6,False,True,mobile,,,,"POLYGON ((96.1248779296875 16.794023610508034, 96.1248779296875 16.799282416303978, 96.119384765625 16.799282416303978, 96.119384765625 16.794023610508034, 96.1248779296875 16.794023610508034))",Ookla Open Data,https://ookla-open-data.s3.amazonaws.com/parquet/performance/type=mobile/year=2026/quarter=1/2026-01-01_performance_mobile_tiles.parquet
2026-01-01,2026-04-01,1322012223211030,96.12210000000002,16.791400000000003,213552,35133,213.552,35.133,162,1003,1050,3,2,False,True,mobile,,,,"POLYGON ((96.1248779296875 16.788764659035873, 96.1248779296875 16.794023610508034, 96.119384765625 16.794023610508034, 96.119384765625 16.788764659035873, 96.1248779296875 16.788764659035873))",Ookla Open Data,https://ookla-open-data.s3.amazonaws.com/parquet/performance/type=mobile/year=2026/quarter=1/2026-01-01_performance_mobile_tiles.parquet
2026-01-01,2026-04-01,1322012223211031,96.1276,16.791400000000003,16180,1228,16.18,1.228,60,417,2307,3,2,False,True,mobile,,,,"POLYGON ((96.13037109375 16.788764659035873, 96.13037109375 16.794023610508034, 96.1248779296875 16.794023610508034, 96.1248779296875 16.788764659035873, 96.13037109375 16.788764659035873))",Ookla Open Data,https://ookla-open-data.s3.amazonaws.com/parquet/performance/type=mobile/year=2026/quarter=1/2026-01-01_performance_mobile_tiles.parquet
2026-01-01,2026-04-01,1322012223211032,96.12210000000002,16.786099999999998,45049,22511,45.049,22.511,73,211,269,1,1,True,True,mobile,,,,"POLYGON ((96.1248779296875 16.78350556192777, 96.1248779296875 16.788764659035873, 96.119384765625 16.788764659035873, 96.119384765625 16.78350556192777, 96.1248779296875 16.78350556192777))",Ookla Open Data,https://ookla-open-data.s3.amazonaws.com/parquet/performance/type=mobile/year=2026/quarter=1/2026-01-01_performance_mobile_tiles.parquet
2026-01-01,2026-04-01,1322012223211033,96.1276,16.786099999999998,16385,32998,16.385,32.998,68,1569,1152,4,3,False,True,mobile,,,,"POLYGON ((96.13037109375 16.78350556192777, 96.13037109375 16.788764659035873, 96.1248779296875 16.788764659035873, 96.1248779296875 16.78350556192777, 96.13037109375 16.78350556192777))",Ookla Open Data,https://ookla-open-data.s3.amazonaws.com/parquet/performance/type=mobile/year=2026/quarter=1/2026-01-01_performance_mobile_tiles.parquet
2026-01-01,2026-04-01,1322012223211100,96.13310000000001,16.8019,1291,485,1.291,0.485,62,113,330,5,3,False,True,mobile,,,,"POLYGON ((96.1358642578125 16.799282416303978, 96.1358642578125 16.80454107638345, 96.13037109375 16.80454107638345, 96.13037109375 16.799282416303978, 96.1358642578125 16.799282416303978))",Ookla Open Data,https://ookla-open-data.s3.amazonaws.com/parquet/performance/type=mobile/year=2026/quarter=1/2026-01-01_performance_mobile_tiles.parquet
2026-01-01,2026-04-01,1322012223211101,96.13860000000001,16.8019,22300,33964,22.3,33.964,105,852,377,5,4,False,True,mobile,,,,"POLYGON ((96.141357421875 16.799282416303978, 96.141357421875 16.80454107638345, 96.1358642578125 16.80454107638345, 96.1358642578125 16.799282416303978, 96.141357421875 16.799282416303978))",Ookla Open Data,https://ookla-open-data.s3.amazonaws.com/parquet/performance/type=mobile/year=2026/quarter=1/2026-01-01_performance_mobile_tiles.parquet
2026-01-01,2026-04-01,1322012223211102,96.13310000000001,16.7967,7804,15256,7.804,15.256,59,705,428,2,2,False,True,mobile,,,,"POLYGON ((96.1358642578125 16.794023610508034, 96.1358642578125 16.799282416303978, 96.13037109375 16.799282416303978, 96.13037109375 16.794023610508034, 96.1358642578125 16.794023610508034))",Ookla Open Data,https://ookla-open-data.s3.amazonaws.com/parquet/performance/type=mobile/year=2026/quarter=1/2026-01-01_performance_mobile_tiles.parquet
2026-01-01,2026-04-01,1322012223211110,96.14410000000001,16.8019,1408,663,1.408,0.663,58,67,,1,1,True,True,mobile,,,,"POLYGON ((96.1468505859375 16.799282416303978, 96.1468505859375 16.80454107638345, 96.141357421875 16.80454107638345, 96.141357421875 16.799282416303978, 96.1468505859375 16.799282416303978))",Ookla Open Data,https://ookla-open-data.s3.amazonaws.com/parquet/performance/type=mobile/year=2026/quarter=1/2026-01-01_performance_mobile_tiles.parquet
2026-01-01,2026-04-01,1322012223211111,96.1496,16.8019,9881,4496,9.881,4.496,257,1037,480,4,2,False,True,mobile,,,,"POLYGON ((96.15234375 16.799282416303978, 96.15234375 16.80454107638345, 96.1468505859375 16.80454107638345, 96.1468505859375 16.799282416303978, 96.15234375 16.799282416303978))",Ookla Open Data,https://ookla-open-data.s3.amazonaws.com/parquet/performance/type=mobile/year=2026/quarter=1/2026-01-01_performance_mobile_tiles.parquet
2026-01-01,2026-04-01,1322012223211112,96.14410000000001,16.7967,70953,7718,70.953,7.718,84,827,3011,2,2,False,True,mobile,,,,"POLYGON ((96.1468505859375 16.794023610508034, 96.1468505859375 16.799282416303978, 96.141357421875 16.799282416303978, 96.141357421875 16.794023610508034, 96.1468505859375 16.794023610508034))",Ookla Open Data,https://ookla-open-data.s3.amazonaws.com/parquet/performance/type=mobile/year=2026/quarter=1/2026-01-01_performance_mobile_tiles.parquet
2026-01-01,2026-04-01,1322012223211120,96.13310000000001,16.791400000000003,10721,39514,10.721,39.514,47,854,128,1,1,True,True,mobile,,,,"POLYGON ((96.1358642578125 16.788764659035873, 96.1358642578125 16.794023610508034, 96.13037109375 16.794023610508034, 96.13037109375 16.788764659035873, 96.1358642578125 16.788764659035873))",Ookla Open Data,https://ookla-open-data.s3.amazonaws.com/parquet/performance/type=mobile/year=2026/quarter=1/2026-01-01_performance_mobile_tiles.parquet
2026-01-01,2026-04-01,1322012223211121,96.13860000000001,16.791400000000003,21425,16623,21.425,16.623,84,676,727,7,5,False,True,mobile,,,,"POLYGON ((96.141357421875 16.788764659035873, 96.141357421875 16.794023610508034, 96.1358642578125 16.794023610508034, 96.1358642578125 16.788764659035873, 96.141357421875 16.788764659035873))",Ookla Open Data,https://ookla-open-data.s3.amazonaws.com/parquet/performance/type=mobile/year=2026/quarter=1/2026-01-01_performance_mobile_tiles.parquet
2026-01-01,2026-04-01,1322012223211123,96.13860000000001,16.786099999999998,17174,1846,17.174,1.846,123,686,1865,2,2,False,True,mobile,,,,"POLYGON ((96.141357421875 16.78350556192777, 96.141357421875 16.788764659035873, 96.1358642578125 16.788764659035873, 96.1358642578125 16.78350556192777, 96.141357421875 16.78350556192777))",Ookla Open Data,https://ookla-open-data.s3.amazonaws.com/parquet/performance/type=mobile/year=2026/quarter=1/2026-01-01_performance_mobile_tiles.parquet
2026-01-01,2026-04-01,1322012223211130,96.14410000000001,16.791400000000003,73083,30922,73.083,30.922,61,393,428,2,2,False,True,mobile,,,,"POLYGON ((96.1468505859375 16.788764659035873, 96.1468505859375 16.794023610508034, 96.141357421875 16.794023610508034, 96.141357421875 16.788764659035873, 96.1468505859375 16.788764659035873))",Ookla Open Data,https://ookla-open-data.s3.amazonaws.com/parquet/performance/type=mobile/year=2026/quarter=1/2026-01-01_performance_mobile_tiles.parquet
2026-01-01,2026-04-01,1322012223211211,96.1276,16.780900000000003,52833,13557,52.833,13.557,65,3303,704,2,2,False,True,mobile,,,,"POLYGON ((96.13037109375 16.77824631922401, 96.13037109375 16.78350556192777, 96.1248779296875 16.78350556192777, 96.1248779296875 16.77824631922401, 96.13037109375 16.77824631922401))",Ookla Open Data,https://ookla-open-data.s3.amazonaws.com/parquet/performance/type=mobile/year=2026/quarter=1/2026-01-01_performance_mobile_tiles.parquet
2026-01-01,2026-04-01,1322012223211300,96.13310000000001,16.780900000000003,38333,35483,38.333,35.483,51,719,662,3,2,False,True,mobile,,,,"POLYGON ((96.1358642578125 16.77824631922401, 96.1358642578125 16.78350556192777, 96.13037109375 16.78350556192777, 96.13037109375 16.77824631922401, 96.1358642578125 16.77824631922401))",Ookla Open Data,https://ookla-open-data.s3.amazonaws.com/parquet/performance/type=mobile/year=2026/quarter=1/2026-01-01_performance_mobile_tiles.parquet
2026-01-01,2026-04-01,1322012223211301,96.13860000000001,16.780900000000003,41874,45129,41.874,45.129,247,1607,490,2,2,False,True,mobile,,,,"POLYGON ((96.141357421875 16.77824631922401, 96.141357421875 16.78350556192777, 96.1358642578125 16.78350556192777, 96.1358642578125 16.77824631922401, 96.141357421875 16.77824631922401))",Ookla Open Data,https://ookla-open-data.s3.amazonaws.com/parquet/performance/type=mobile/year=2026/quarter=1/2026-01-01_performance_mobile_tiles.parquet
2026-01-01,2026-04-01,1322012223211303,96.13860000000001,16.7756,19775,17512,19.775,17.512,61,333,388,3,3,False,True,mobile,,,,"POLYGON ((96.141357421875 16.772986930964866, 96.141357421875 16.77824631922401, 96.1358642578125 16.77824631922401, 96.1358642578125 16.772986930964866, 96.141357421875 16.772986930964866))",Ookla Open Data,https://ookla-open-data.s3.amazonaws.com/parquet/performance/type=mobile/year=2026/quarter=1/2026-01-01_performance_mobile_tiles.parquet
2026-01-01,2026-04-01,1322012223211310,96.14410000000001,16.780900000000003,22878,18307,22.878,18.307,124,1329,1362,10,6,False,True,mobile,,,,"POLYGON ((96.1468505859375 16.77824631922401, 96.1468505859375 16.78350556192777, 96.141357421875 16.78350556192777, 96.141357421875 16.77824631922401, 96.1468505859375 16.77824631922401))",Ookla Open Data,https://ookla-open-data.s3.amazonaws.com/parquet/performance/type=mobile/year=2026/quarter=1/2026-01-01_performance_mobile_tiles.parquet
2026-01-01,2026-04-01,1322012223211312,96.14410000000001,16.7756,20036,22328,20.036,22.328,154,890,3285,6,5,False,True,mobile,,,,"POLYGON ((96.1468505859375 16.772986930964866, 96.1468505859375 16.77824631922401, 96.141357421875 16.77824631922401, 96.141357421875 16.772986930964866, 96.1468505859375 16.772986930964866))",Ookla Open Data,https://ookla-open-data.s3.amazonaws.com/parquet/performance/type=mobile/year=2026/quarter=1/2026-01-01_performance_mobile_tiles.parquet
2026-01-01,2026-04-01,1322012223211313,96.1496,16.7756,27880,24613,27.88,24.613,105,672,823,6,6,False,True,mobile,,,,"POLYGON ((96.15234375 16.772986930964866, 96.15234375 16.77824631922401, 96.1468505859375 16.77824631922401, 96.1468505859375 16.772986930964866, 96.15234375 16.772986930964866))",Ookla Open Data,https://ookla-open-data.s3.amazonaws.com/parquet/performance/type=mobile/year=2026/quarter=1/2026-01-01_performance_mobile_tiles.parquet
2026-01-01,2026-04-01,1322012223211332,96.14410000000001,16.765099999999997,8762,9684,8.762,9.684,41,103,214,1,1,True,True,mobile,,,,"POLYGON ((96.1468505859375 16.762467717941604, 96.1468505859375 16.76772739719063, 96.141357421875 16.76772739719063, 96.141357421875 16.762467717941604, 96.1468505859375 16.762467717941604))",Ookla Open Data,https://ookla-open-data.s3.amazonaws.com/parquet/performance/type=mobile/year=2026/quarter=1/2026-01-01_performance_mobile_tiles.parquet
2026-01-01,2026-04-01,1322012223213113,96.1496,16.7546,29429,5509,29.429,5.509,42,237,1718,2,2,False,True,mobile,,,,"POLYGON ((96.15234375 16.75194792318035, 96.15234375 16.75720789325807, 96.1468505859375 16.75720789325807, 96.1468505859375 16.75194792318035, 96.15234375 16.75194792318035))",Ookla Open Data,https://ookla-open-data.s3.amazonaws.com/parquet/performance/type=mobile/year=2026/quarter=1/2026-01-01_performance_mobile_tiles.parquet
2026-01-01,2026-04-01,1322012223213121,96.13860000000001,16.749299999999998,6557,46857,6.557,46.857,113,,2817,1,1,True,True,mobile,,,,"POLYGON ((96.141357421875 16.746687807748753, 96.141357421875 16.75194792318035, 96.1358642578125 16.75194792318035, 96.1358642578125 16.746687807748753, 96.141357421875 16.746687807748753))",Ookla Open Data,https://ookla-open-data.s3.amazonaws.com/parquet/performance/type=mobile/year=2026/quarter=1/2026-01-01_performance_mobile_tiles.parquet
2026-01-01,2026-04-01,1322012223230031,96.0837,16.7072,27656,23038,27.656,23.038,44,282,719,7,1,False,False,mobile,,,,"POLYGON ((96.08642578125 16.70460165639595, 96.08642578125 16.709862933206573, 96.0809326171875 16.709862933206573, 96.0809326171875 16.70460165639595, 96.08642578125 16.70460165639595))",Ookla Open Data,https://ookla-open-data.s3.amazonaws.com/parquet/performance/type=mobile/year=2026/quarter=1/2026-01-01_performance_mobile_tiles.parquet
2026-01-01,2026-04-01,1322012223300000,96.1551,16.8019,82530,35312,82.53,35.312,52,255,102,1,1,True,True,mobile,,,,"POLYGON ((96.1578369140625 16.799282416303978, 96.1578369140625 16.80454107638345, 96.15234375 16.80454107638345, 96.15234375 16.799282416303978, 96.1578369140625 16.799282416303978))",Ookla Open Data,https://ookla-open-data.s3.amazonaws.com/parquet/performance/type=mobile/year=2026/quarter=1/2026-01-01_performance_mobile_tiles.parquet
2026-01-01,2026-04-01,1322012223300011,96.1716,16.8019,32705,6012,32.705,6.012,54,495,2891,1,1,True,True,mobile,,,,"POLYGON ((96.17431640625 16.799282416303978, 96.17431640625 16.80454107638345, 96.1688232421875 16.80454107638345, 96.1688232421875 16.799282416303978, 96.17431640625 16.799282416303978))",Ookla Open Data,https://ookla-open-data.s3.amazonaws.com/parquet/performance/type=mobile/year=2026/quarter=1/2026-01-01_performance_mobile_tiles.parquet
2026-01-01,2026-04-01,1322012223300013,96.1716,16.7967,63471,4702,63.471,4.702,74,1577,,1,1,True,True,mobile,,,,"POLYGON ((96.17431640625 16.794023610508034, 96.17431640625 16.799282416303978, 96.1688232421875 16.799282416303978, 96.1688232421875 16.794023610508034, 96.17431640625 16.794023610508034))",Ookla Open Data,https://ookla-open-data.s3.amazonaws.com/parquet/performance/type=mobile/year=2026/quarter=1/2026-01-01_performance_mobile_tiles.parquet
2026-01-01,2026-04-01,1322012223300021,96.16060000000002,16.791400000000003,11,317,0.011,0.317,84,,,1,1,True,True,mobile,,,,"POLYGON ((96.163330078125 16.788764659035873, 96.163330078125 16.794023610508034, 96.1578369140625 16.794023610508034, 96.1578369140625 16.788764659035873, 96.163330078125 16.788764659035873))",Ookla Open Data,https://ookla-open-data.s3.amazonaws.com/parquet/performance/type=mobile/year=2026/quarter=1/2026-01-01_performance_mobile_tiles.parquet
2026-01-01,2026-04-01,1322012223300022,96.1551,16.786099999999998,110552,1617,110.552,1.617,240,845,,1,1,True,True,mobile,,,,"POLYGON ((96.1578369140625 16.78350556192777, 96.1578369140625 16.788764659035873, 96.15234375 16.788764659035873, 96.15234375 16.78350556192777, 96.1578369140625 16.78350556192777))",Ookla Open Data,https://ookla-open-data.s3.amazonaws.com/parquet/performance/type=mobile/year=2026/quarter=1/2026-01-01_performance_mobile_tiles.parquet
2026-01-01,2026-04-01,1322012223300023,96.16060000000002,16.786099999999998,77773,31681,77.773,31.681,303,660,589,2,2,False,True,mobile,,,,"POLYGON ((96.163330078125 16.78350556192777, 96.163330078125 16.788764659035873, 96.1578369140625 16.788764659035873, 96.1578369140625 16.78350556192777, 96.163330078125 16.78350556192777))",Ookla Open Data,https://ookla-open-data.s3.amazonaws.com/parquet/performance/type=mobile/year=2026/quarter=1/2026-01-01_performance_mobile_tiles.parquet
2026-01-01,2026-04-01,1322012223300030,96.1661,16.791400000000003,91671,37832,91.671,37.832,40,301,229,1,1,True,True,mobile,,,,"POLYGON ((96.1688232421875 16.788764659035873, 96.1688232421875 16.794023610508034, 96.163330078125 16.794023610508034, 96.163330078125 16.788764659035873, 96.1688232421875 16.788764659035873))",Ookla Open Data,https://ookla-open-data.s3.amazonaws.com/parquet/performance/type=mobile/year=2026/quarter=1/2026-01-01_performance_mobile_tiles.parquet
2026-01-01,2026-04-01,1322012223300031,96.1716,16.791400000000003,36956,21239,36.956,21.239,111,755,464,4,3,False,True,mobile,,,,"POLYGON ((96.17431640625 16.788764659035873, 96.17431640625 16.794023610508034, 96.1688232421875 16.794023610508034, 96.1688232421875 16.788764659035873, 96.17431640625 16.788764659035873))",Ookla Open Data,https://ookla-open-data.s3.amazonaws.com/parquet/performance/type=mobile/year=2026/quarter=1/2026-01-01_performance_mobile_tiles.parquet
2026-01-01,2026-04-01,1322012223300032,96.1661,16.786099999999998,37053,16608,37.053,16.608,95,1114,611,7,3,False,True,mobile,,,,"POLYGON ((96.1688232421875 16.78350556192777, 96.1688232421875 16.788764659035873, 96.163330078125 16.788764659035873, 96.163330078125 16.78350556192777, 96.1688232421875 16.78350556192777))",Ookla Open Data,https://ookla-open-data.s3.amazonaws.com/parquet/performance/type=mobile/year=2026/quarter=1/2026-01-01_performance_mobile_tiles.parquet
2026-01-01,2026-04-01,1322012223300033,96.1716,16.786099999999998,30808,18719,30.808,18.719,59,252,134,2,2,False,True,mobile,,,,"POLYGON ((96.17431640625 16.78350556192777, 96.17431640625 16.788764659035873, 96.1688232421875 16.788764659035873, 96.1688232421875 16.78350556192777, 96.17431640625 16.78350556192777))",Ookla Open Data,https://ookla-open-data.s3.amazonaws.com/parquet/performance/type=mobile/year=2026/quarter=1/2026-01-01_performance_mobile_tiles.parquet
2026-01-01,2026-04-01,1322012223300100,96.17710000000001,16.8019,48592,21860,48.592,21.86,157,908,538,21,2,False,True,mobile,,,,"POLYGON ((96.1798095703125 16.799282416303978, 96.1798095703125 16.80454107638345, 96.17431640625 16.80454107638345, 96.17431640625 16.799282416303978, 96.1798095703125 16.799282416303978))",Ookla Open Data,https://ookla-open-data.s3.amazonaws.com/parquet/performance/type=mobile/year=2026/quarter=1/2026-01-01_performance_mobile_tiles.parquet
2026-01-01,2026-04-01,1322012223300102,96.17710000000001,16.7967,53040,27164,53.04,27.164,127,944,780,10,3,False,True,mobile,,,,"POLYGON ((96.1798095703125 16.794023610508034, 96.1798095703125 16.799282416303978, 96.17431640625 16.799282416303978, 96.17431640625 16.794023610508034, 96.1798095703125 16.794023610508034))",Ookla Open Data,https://ookla-open-data.s3.amazonaws.com/parquet/performance/type=mobile/year=2026/quarter=1/2026-01-01_performance_mobile_tiles.parquet
2026-01-01,2026-04-01,1322012223300111,96.1935,16.8019,46490,31968,46.49,31.968,145,826,729,14,3,False,True,mobile,,,,"POLYGON ((96.1962890625 16.799282416303978, 96.1962890625 16.80454107638345, 96.1907958984375 16.80454107638345, 96.1907958984375 16.799282416303978, 96.1962890625 16.799282416303978))",Ookla Open Data,https://ookla-open-data.s3.amazonaws.com/parquet/performance/type=mobile/year=2026/quarter=1/2026-01-01_performance_mobile_tiles.parquet
2026-01-01,2026-04-01,1322012223300120,96.17710000000001,16.791400000000003,26080,13640,26.08,13.64,95,621,543,2,2,False,True,mobile,,,,"POLYGON ((96.1798095703125 16.788764659035873, 96.1798095703125 16.794023610508034, 96.17431640625 16.794023610508034, 96.17431640625 16.788764659035873, 96.1798095703125 16.788764659035873))",Ookla Open Data,https://ookla-open-data.s3.amazonaws.com/parquet/performance/type=mobile/year=2026/quarter=1/2026-01-01_performance_mobile_tiles.parquet
2026-01-01,2026-04-01,1322012223300121,96.18260000000001,16.791400000000003,13589,28770,13.589,28.77,598,408,941,1,1,True,True,mobile,,,,"POLYGON ((96.185302734375 16.788764659035873, 96.185302734375 16.794023610508034, 96.1798095703125 16.794023610508034, 96.1798095703125 16.788764659035873, 96.185302734375 16.788764659035873))",Ookla Open Data,https://ookla-open-data.s3.amazonaws.com/parquet/performance/type=mobile/year=2026/quarter=1/2026-01-01_performance_mobile_tiles.parquet
2026-01-01,2026-04-01,1322012223300123,96.18260000000001,16.786099999999998,25910,3387,25.91,3.387,63,393,4051,9,1,False,False,mobile,,,,"POLYGON ((96.185302734375 16.78350556192777, 96.185302734375 16.788764659035873, 96.1798095703125 16.788764659035873, 96.1798095703125 16.78350556192777, 96.185302734375 16.78350556192777))",Ookla Open Data,https://ookla-open-data.s3.amazonaws.com/parquet/performance/type=mobile/year=2026/quarter=1/2026-01-01_performance_mobile_tiles.parquet
2026-01-01,2026-04-01,1322012223300132,96.18799999999999,16.786099999999998,49189,6706,49.189,6.706,243,674,2747,1,1,True,True,mobile,,,,"POLYGON ((96.1907958984375 16.78350556192777, 96.1907958984375 16.788764659035873, 96.185302734375 16.788764659035873, 96.185302734375 16.78350556192777, 96.1907958984375 16.78350556192777))",Ookla Open Data,https://ookla-open-data.s3.amazonaws.com/parquet/performance/type=mobile/year=2026/quarter=1/2026-01-01_performance_mobile_tiles.parquet
2026-01-01,2026-04-01,1322012223300200,96.1551,16.780900000000003,42001,23220,42.001,23.22,130,1787,969,4,4,False,True,mobile,,,,"POLYGON ((96.1578369140625 16.77824631922401, 96.1578369140625 16.78350556192777, 96.15234375 16.78350556192777, 96.15234375 16.77824631922401, 96.1578369140625 16.77824631922401))",Ookla Open Data,https://ookla-open-data.s3.amazonaws.com/parquet/performance/type=mobile/year=2026/quarter=1/2026-01-01_performance_mobile_tiles.parquet
2026-01-01,2026-04-01,1322012223300201,96.16060000000002,16.780900000000003,84459,48466,84.459,48.466,59,386,628,3,2,False,True,mobile,,,,"POLYGON ((96.163330078125 16.77824631922401, 96.163330078125 16.78350556192777, 96.1578369140625 16.78350556192777, 96.1578369140625 16.77824631922401, 96.163330078125 16.77824631922401))",Ookla Open Data,https://ookla-open-data.s3.amazonaws.com/parquet/performance/type=mobile/year=2026/quarter=1/2026-01-01_performance_mobile_tiles.parquet
2026-01-01,2026-04-01,1322012223300202,96.1551,16.7756,31368,16323,31.368,16.323,108,2077,582,6,4,False,True,mobile,,,,"POLYGON ((96.1578369140625 16.772986930964866, 96.1578369140625 16.77824631922401, 96.15234375 16.77824631922401, 96.15234375 16.772986930964866, 96.1578369140625 16.772986930964866))",Ookla Open Data,https://ookla-open-data.s3.amazonaws.com/parquet/performance/type=mobile/year=2026/quarter=1/2026-01-01_performance_mobile_tiles.parquet
2026-01-01,2026-04-01,1322012223300203,96.16060000000002,16.7756,43140,21181,43.14,21.181,62,773,770,4,3,False,True,mobile,,,,"POLYGON ((96.163330078125 16.772986930964866, 96.163330078125 16.77824631922401, 96.1578369140625 16.77824631922401, 96.1578369140625 16.772986930964866, 96.163330078125 16.772986930964866))",Ookla Open Data,https://ookla-open-data.s3.amazonaws.com/parquet/performance/type=mobile/year=2026/quarter=1/2026-01-01_performance_mobile_tiles.parquet
2026-01-01,2026-04-01,1322012223300211,96.1716,16.780900000000003,52369,23402,52.369,23.402,106,567,357,5,4,False,True,mobile,,,,"POLYGON ((96.17431640625 16.77824631922401, 96.17431640625 16.78350556192777, 96.1688232421875 16.78350556192777, 96.1688232421875 16.77824631922401, 96.17431640625 16.77824631922401))",Ookla Open Data,https://ookla-open-data.s3.amazonaws.com/parquet/performance/type=mobile/year=2026/quarter=1/2026-01-01_performance_mobile_tiles.parquet
2026-01-01,2026-04-01,1322012223300212,96.1661,16.7756,49504,11120,49.504,11.12,131,478,1382,4,3,False,True,mobile,,,,"POLYGON ((96.1688232421875 16.772986930964866, 96.1688232421875 16.77824631922401, 96.163330078125 16.77824631922401, 96.163330078125 16.772986930964866, 96.1688232421875 16.772986930964866))",Ookla Open Data,https://ookla-open-data.s3.amazonaws.com/parquet/performance/type=mobile/year=2026/quarter=1/2026-01-01_performance_mobile_tiles.parquet
2026-01-01,2026-04-01,1322012223300213,96.1716,16.7756,35782,19204,35.782,19.204,176,1040,943,6,5,False,True,mobile,,,,"POLYGON ((96.17431640625 16.772986930964866, 96.17431640625 16.77824631922401, 96.1688232421875 16.77824631922401, 96.1688232421875 16.772986930964866, 96.17431640625 16.772986930964866))",Ookla Open Data,https://ookla-open-data.s3.amazonaws.com/parquet/performance/type=mobile/year=2026/quarter=1/2026-01-01_performance_mobile_tiles.parquet
2026-01-01,2026-04-01,1322012223300220,96.1551,16.770400000000002,26065,14519,26.065,14.519,49,1045,582,1,1,True,True,mobile,,,,"POLYGON ((96.1578369140625 16.76772739719063, 96.1578369140625 16.772986930964866, 96.15234375 16.772986930964866, 96.15234375 16.76772739719063, 96.1578369140625 16.76772739719063))",Ookla Open Data,https://ookla-open-data.s3.amazonaws.com/parquet/performance/type=mobile/year=2026/quarter=1/2026-01-01_performance_mobile_tiles.parquet
2026-01-01,2026-04-01,1322012223300221,96.16060000000002,16.770400000000002,49931,27057,49.931,27.057,68,498,938,15,3,False,True,mobile,,,,"POLYGON ((96.163330078125 16.76772739719063, 96.163330078125 16.772986930964866, 96.1578369140625 16.772986930964866, 96.1578369140625 16.76772739719063, 96.163330078125 16.76772739719063))",Ookla Open Data,https://ookla-open-data.s3.amazonaws.com/parquet/performance/type=mobile/year=2026/quarter=1/2026-01-01_performance_mobile_tiles.parquet
2026-01-01,2026-04-01,1322012223300222,96.1551,16.765099999999997,98798,27225,98.798,27.225,55,193,137,1,1,True,False,mobile,,,,"POLYGON ((96.1578369140625 16.762467717941604, 96.1578369140625 16.76772739719063, 96.15234375 16.76772739719063, 96.15234375 16.762467717941604, 96.1578369140625 16.762467717941604))",Ookla Open Data,https://ookla-open-data.s3.amazonaws.com/parquet/performance/type=mobile/year=2026/quarter=1/2026-01-01_performance_mobile_tiles.parquet
2026-01-01,2026-04-01,1322012223300230,96.1661,16.770400000000002,28477,22212,28.477,22.212,126,681,752,5,5,False,True,mobile,,,,"POLYGON ((96.1688232421875 16.76772739719063, 96.1688232421875 16.772986930964866, 96.163330078125 16.772986930964866, 96.163330078125 16.76772739719063, 96.1688232421875 16.76772739719063))",Ookla Open Data,https://ookla-open-data.s3.amazonaws.com/parquet/performance/type=mobile/year=2026/quarter=1/2026-01-01_performance_mobile_tiles.parquet
2026-01-01,2026-04-01,1322012223300231,96.1716,16.770400000000002,31687,25306,31.687,25.306,61,682,489,5,4,False,True,mobile,,,,"POLYGON ((96.17431640625 16.76772739719063, 96.17431640625 16.772986930964866, 96.1688232421875 16.772986930964866, 96.1688232421875 16.76772739719063, 96.17431640625 16.76772739719063))",Ookla Open Data,https://ookla-open-data.s3.amazonaws.com/parquet/performance/type=mobile/year=2026/quarter=1/2026-01-01_performance_mobile_tiles.parquet
2026-01-01,2026-04-01,1322012223300301,96.18260000000001,16.780900000000003,43604,10177,43.604,10.177,161,750,562,124,1,False,True,mobile,,,,"POLYGON ((96.185302734375 16.77824631922401, 96.185302734375 16.78350556192777, 96.1798095703125 16.78350556192777, 96.1798095703125 16.77824631922401, 96.185302734375 16.77824631922401))",Ookla Open Data,https://ookla-open-data.s3.amazonaws.com/parquet/performance/type=mobile/year=2026/quarter=1/2026-01-01_performance_mobile_tiles.parquet
2026-01-01,2026-04-01,1322012223300302,96.17710000000001,16.7756,6884,237,6.884,0.237,195,5831,404,1,1,True,True,mobile,,,,"POLYGON ((96.1798095703125 16.772986930964866, 96.1798095703125 16.77824631922401, 96.17431640625 16.77824631922401, 96.17431640625 16.772986930964866, 96.1798095703125 16.772986930964866))",Ookla Open Data,https://ookla-open-data.s3.amazonaws.com/parquet/performance/type=mobile/year=2026/quarter=1/2026-01-01_performance_mobile_tiles.parquet
2026-01-01,2026-04-01,1322012223300303,96.18260000000001,16.7756,39181,10249,39.181,10.249,93,266,724,3,2,False,True,mobile,,,,"POLYGON ((96.185302734375 16.772986930964866, 96.185302734375 16.77824631922401, 96.1798095703125 16.77824631922401, 96.1798095703125 16.772986930964866, 96.185302734375 16.772986930964866))",Ookla Open Data,https://ookla-open-data.s3.amazonaws.com/parquet/performance/type=mobile/year=2026/quarter=1/2026-01-01_performance_mobile_tiles.parquet
2026-01-01,2026-04-01,1322012223300310,96.18799999999999,16.780900000000003,63855,26660,63.855,26.66,60,410,231,1,1,True,True,mobile,,,,"POLYGON ((96.1907958984375 16.77824631922401, 96.1907958984375 16.78350556192777, 96.185302734375 16.78350556192777, 96.185302734375 16.77824631922401, 96.1907958984375 16.77824631922401))",Ookla Open Data,https://ookla-open-data.s3.amazonaws.com/parquet/performance/type=mobile/year=2026/quarter=1/2026-01-01_performance_mobile_tiles.parquet
2026-01-01,2026-04-01,1322012223300312,96.18799999999999,16.7756,33787,4435,33.787,4.435,218,620,3330,1,1,True,False,mobile,,,,"POLYGON ((96.1907958984375 16.772986930964866, 96.1907958984375 16.77824631922401, 96.185302734375 16.77824631922401, 96.185302734375 16.772986930964866, 96.1907958984375 16.772986930964866))",Ookla Open Data,https://ookla-open-data.s3.amazonaws.com/parquet/performance/type=mobile/year=2026/quarter=1/2026-01-01_performance_mobile_tiles.parquet
2026-01-01,2026-04-01,1322012223300313,96.1935,16.7756,29937,18102,29.937,18.102,71,267,893,2,2,False,True,mobile,,,,"POLYGON ((96.1962890625 16.772986930964866, 96.1962890625 16.77824631922401, 96.1907958984375 16.77824631922401, 96.1907958984375 16.772986930964866, 96.1962890625 16.772986930964866))",Ookla Open Data,https://ookla-open-data.s3.amazonaws.com/parquet/performance/type=mobile/year=2026/quarter=1/2026-01-01_performance_mobile_tiles.parquet
2026-01-01,2026-04-01,1322012223300320,96.17710000000001,16.770400000000002,1128,5627,1.128,5.627,170,507,746,2,1,False,True,mobile,,,,"POLYGON ((96.1798095703125 16.76772739719063, 96.1798095703125 16.772986930964866, 96.17431640625 16.772986930964866, 96.17431640625 16.76772739719063, 96.1798095703125 16.76772739719063))",Ookla Open Data,https://ookla-open-data.s3.amazonaws.com/parquet/performance/type=mobile/year=2026/quarter=1/2026-01-01_performance_mobile_tiles.parquet
2026-01-01,2026-04-01,1322012223301000,96.199,16.8019,43135,25985,43.135,25.985,129,1148,514,12,3,False,True,mobile,,,,"POLYGON ((96.2017822265625 16.799282416303978, 96.2017822265625 16.80454107638345, 96.1962890625 16.80454107638345, 96.1962890625 16.799282416303978, 96.2017822265625 16.799282416303978))",Ookla Open Data,https://ookla-open-data.s3.amazonaws.com/parquet/performance/type=mobile/year=2026/quarter=1/2026-01-01_performance_mobile_tiles.parquet
2026-01-01,2026-04-01,1322012223301001,96.20450000000001,16.8019,21646,10943,21.646,10.943,156,839,1804,4,2,False,True,mobile,,,,"POLYGON ((96.207275390625 16.799282416303978, 96.207275390625 16.80454107638345, 96.2017822265625 16.80454107638345, 96.2017822265625 16.799282416303978, 96.207275390625 16.799282416303978))",Ookla Open Data,https://ookla-open-data.s3.amazonaws.com/parquet/performance/type=mobile/year=2026/quarter=1/2026-01-01_performance_mobile_tiles.parquet
2026-01-01,2026-04-01,1322012223301002,96.199,16.7967,16374,7677,16.374,7.677,142,551,534,3,1,False,True,mobile,,,,"POLYGON ((96.2017822265625 16.794023610508034, 96.2017822265625 16.799282416303978, 96.1962890625 16.799282416303978, 96.1962890625 16.794023610508034, 96.2017822265625 16.794023610508034))",Ookla Open Data,https://ookla-open-data.s3.amazonaws.com/parquet/performance/type=mobile/year=2026/quarter=1/2026-01-01_performance_mobile_tiles.parquet
2026-01-01,2026-04-01,1322012223301010,96.21000000000001,16.8019,25058,28220,25.058,28.22,14,1104,1365,1,1,True,True,mobile,,,,"POLYGON ((96.2127685546875 16.799282416303978, 96.2127685546875 16.80454107638345, 96.207275390625 16.80454107638345, 96.207275390625 16.799282416303978, 96.2127685546875 16.799282416303978))",Ookla Open Data,https://ookla-open-data.s3.amazonaws.com/parquet/performance/type=mobile/year=2026/quarter=1/2026-01-01_performance_mobile_tiles.parquet
2026-01-01,2026-04-01,1322012223301020,96.199,16.791400000000003,45688,25895,45.688,25.895,66,397,351,18,2,False,True,mobile,,,,"POLYGON ((96.2017822265625 16.788764659035873, 96.2017822265625 16.794023610508034, 96.1962890625 16.794023610508034, 96.1962890625 16.788764659035873, 96.2017822265625 16.788764659035873))",Ookla Open Data,https://ookla-open-data.s3.amazonaws.com/parquet/performance/type=mobile/year=2026/quarter=1/2026-01-01_performance_mobile_tiles.parquet
2026-01-01,2026-04-01,1322012223301022,96.199,16.786099999999998,55605,24614,55.605,24.614,170,713,579,15,3,False,True,mobile,,,,"POLYGON ((96.2017822265625 16.78350556192777, 96.2017822265625 16.788764659035873, 96.1962890625 16.788764659035873, 96.1962890625 16.78350556192777, 96.2017822265625 16.78350556192777))",Ookla Open Data,https://ookla-open-data.s3.amazonaws.com/parquet/performance/type=mobile/year=2026/quarter=1/2026-01-01_performance_mobile_tiles.parquet
2026-01-01,2026-04-01,1322012223301102,96.221,16.7967,37715,6248,37.715,6.248,55,367,1030,2,1,False,True,mobile,,,,"POLYGON ((96.2237548828125 16.794023610508034, 96.2237548828125 16.799282416303978, 96.21826171875 16.799282416303978, 96.21826171875 16.794023610508034, 96.2237548828125 16.794023610508034))",Ookla Open Data,https://ookla-open-data.s3.amazonaws.com/parquet/performance/type=mobile/year=2026/quarter=1/2026-01-01_performance_mobile_tiles.parquet
2026-01-01,2026-04-01,1322012223302012,96.1661,16.7546,87569,44024,87.569,44.024,48,484,160,1,1,True,True,mobile,,,,"POLYGON ((96.1688232421875 16.75194792318035, 96.1688232421875 16.75720789325807, 96.163330078125 16.75720789325807, 96.163330078125 16.75194792318035, 96.1688232421875 16.75194792318035))",Ookla Open Data,https://ookla-open-data.s3.amazonaws.com/parquet/performance/type=mobile/year=2026/quarter=1/2026-01-01_performance_mobile_tiles.parquet
2026-01-01,2026-04-01,1322012223302102,96.17710000000001,16.7546,4551,14574,4.551,14.574,14,1942,855,1,1,True,True,mobile,,,,"POLYGON ((96.1798095703125 16.75194792318035, 96.1798095703125 16.75720789325807, 96.17431640625 16.75720789325807, 96.17431640625 16.75194792318035, 96.1798095703125 16.75194792318035))",Ookla Open Data,https://ookla-open-data.s3.amazonaws.com/parquet/performance/type=mobile/year=2026/quarter=1/2026-01-01_performance_mobile_tiles.parquet
2026-01-01,2026-04-01,1322012223312123,96.2704,16.744099999999996,1390,598,1.39,0.598,93,110,,1,1,True,True,mobile,,,,"POLYGON ((96.273193359375 16.7414275470036, 96.273193359375 16.746687807748753, 96.2677001953125 16.746687807748753, 96.2677001953125 16.7414275470036, 96.273193359375 16.7414275470036))",Ookla Open Data,https://ookla-open-data.s3.amazonaws.com/parquet/performance/type=mobile/year=2026/quarter=1/2026-01-01_performance_mobile_tiles.parquet
2026-01-01,2026-04-01,1322012223331332,96.31989999999999,16.6809,22541,20772,22.541,20.772,211,2220,2446,30,1,False,True,mobile,,,,"POLYGON ((96.3226318359375 16.678293098288517, 96.3226318359375 16.6835550996493, 96.317138671875 16.6835550996493, 96.317138671875 16.678293098288517, 96.3226318359375 16.678293098288517))",Ookla Open Data,https://ookla-open-data.s3.amazonaws.com/parquet/performance/type=mobile/year=2026/quarter=1/2026-01-01_performance_mobile_tiles.parquet
2026-01-01,2026-04-01,1322012223333331,96.32539999999999,16.644099999999998,7708,7089,7.708,7.089,41,2270,3856,1,1,True,True,mobile,,,,"POLYGON ((96.328125 16.64145503693775, 96.328125 16.646718050971927, 96.3226318359375 16.646718050971927, 96.3226318359375 16.64145503693775, 96.328125 16.64145503693775))",Ookla Open Data,https://ookla-open-data.s3.amazonaws.com/parquet/performance/type=mobile/year=2026/quarter=1/2026-01-01_performance_mobile_tiles.parquet
2026-01-01,2026-04-01,1322030001110033,96.2595,16.6178,260,113,0.26,0.113,118,1396,,1,1,True,False,mobile,,,,"POLYGON ((96.26220703125 16.615137799987078, 96.26220703125 16.620401536146336, 96.2567138671875 16.620401536146336, 96.2567138671875 16.615137799987078, 96.26220703125 16.615137799987078))",Ookla Open Data,https://ookla-open-data.s3.amazonaws.com/parquet/performance/type=mobile/year=2026/quarter=1/2026-01-01_performance_mobile_tiles.parquet
2026-04-01,2026-07-01,1322012221020203,95.98479999999999,17.1959,10802,2055,10.802,2.055,17,5379.0,2149.0,1,1,True,True,mobile,,,,"POLYGON ((95.987548828125 17.193274736612814, 95.987548828125 17.198522353644606, 95.9820556640625 17.198522353644606, 95.9820556640625 17.193274736612814, 95.987548828125 17.193274736612814))",Ookla Open Data,https://ookla-open-data.s3.amazonaws.com/parquet/performance/type=mobile/year=2026/quarter=2/2026-04-01_performance_mobile_tiles.parquet
2026-04-01,2026-07-01,1322012221020222,95.9793,17.1854,2431,23595,2.431,23.595,69,1373.0,609.0,1,1,True,True,mobile,,,,"POLYGON ((95.9820556640625 17.182779056431826, 95.9820556640625 17.188026970861948, 95.9765625 17.188026970861948, 95.9765625 17.182779056431826, 95.9820556640625 17.182779056431826))",Ookla Open Data,https://ookla-open-data.s3.amazonaws.com/parquet/performance/type=mobile/year=2026/quarter=2/2026-04-01_performance_mobile_tiles.parquet
2026-04-01,2026-07-01,1322012221020223,95.98479999999999,17.1854,81,3073,0.081,3.073,368,2268.0,5601.0,1,1,True,True,mobile,,,,"POLYGON ((95.987548828125 17.182779056431826, 95.987548828125 17.188026970861948, 95.9820556640625 17.188026970861948, 95.9820556640625 17.182779056431826, 95.987548828125 17.182779056431826))",Ookla Open Data,https://ookla-open-data.s3.amazonaws.com/parquet/performance/type=mobile/year=2026/quarter=2/2026-04-01_performance_mobile_tiles.parquet
2026-04-01,2026-07-01,1322012221201233,96.0397,17.1014,34724,25688,34.724,25.688,199,732.0,572.0,1,1,True,True,mobile,,,,"POLYGON ((96.04248046875 17.098792237678683, 96.04248046875 17.104042525557904, 96.0369873046875 17.104042525557904, 96.0369873046875 17.098792237678683, 96.04248046875 17.098792237678683))",Ookla Open Data,https://ookla-open-data.s3.amazonaws.com/parquet/performance/type=mobile/year=2026/quarter=2/2026-04-01_performance_mobile_tiles.parquet
2026-04-01,2026-07-01,1322012221201313,96.0617,17.1119,886,715,0.886,0.715,619,7970.0,5468.0,2,1,False,True,mobile,,,,"POLYGON ((96.064453125 17.109292665395643, 96.064453125 17.11454265715199, 96.0589599609375 17.11454265715199, 96.0589599609375 17.109292665395643, 96.064453125 17.109292665395643))",Ookla Open Data,https://ookla-open-data.s3.amazonaws.com/parquet/performance/type=mobile/year=2026/quarter=2/2026-04-01_performance_mobile_tiles.parquet
2026-04-01,2026-07-01,1322012221201322,96.0452,17.1014,2077,5678,2.077,5.678,306,7373.0,461.0,1,1,True,True,mobile,,,,"POLYGON ((96.0479736328125 17.098792237678683, 96.0479736328125 17.104042525557904, 96.04248046875 17.104042525557904, 96.04248046875 17.098792237678683, 96.0479736328125 17.098792237678683))",Ookla Open Data,https://ookla-open-data.s3.amazonaws.com/parquet/performance/type=mobile/year=2026/quarter=2/2026-04-01_performance_mobile_tiles.parquet
2026-04-01,2026-07-01,1322012221203013,96.0397,17.0909,28034,18543,28.034,18.543,223,822.0,730.0,1,1,True,True,mobile,,,,"POLYGON ((96.04248046875 17.08829121795547, 96.04248046875 17.0935418017979, 96.0369873046875 17.0935418017979, 96.0369873046875 17.08829121795547, 96.04248046875 17.08829121795547))",Ookla Open Data,https://ookla-open-data.s3.amazonaws.com/parquet/performance/type=mobile/year=2026/quarter=2/2026-04-01_performance_mobile_tiles.parquet
2026-04-01,2026-07-01,1322012221213232,96.12210000000002,17.0594,28910,22582,28.91,22.582,16,316.0,269.0,1,1,True,True,mobile,,,,"POLYGON ((96.1248779296875 17.05678460994255, 96.1248779296875 17.06203608071622, 96.119384765625 17.06203608071622, 96.119384765625 17.05678460994255, 96.1248779296875 17.05678460994255))",Ookla Open Data,https://ookla-open-data.s3.amazonaws.com/parquet/performance/type=mobile/year=2026/quarter=2/2026-04-01_performance_mobile_tiles.parquet
2026-04-01,2026-07-01,1322012221223112,96.05619999999999,17.0069,68273,41976,68.273,41.976,217,7221.0,6365.0,1,1,True,True,mobile,,,,"POLYGON ((96.0589599609375 17.004261786290368, 96.0589599609375 17.009514732085155, 96.053466796875 17.009514732085155, 96.053466796875 17.004261786290368, 96.0589599609375 17.004261786290368))",Ookla Open Data,https://ookla-open-data.s3.amazonaws.com/parquet/performance/type=mobile/year=2026/quarter=2/2026-04-01_performance_mobile_tiles.parquet
2026-04-01,2026-07-01,1322012221223130,96.05619999999999,17.0016,29576,14323,29.576,14.323,219,432.0,,1,1,True,True,mobile,,,,"POLYGON ((96.0589599609375 16.99900869321349, 96.0589599609375 17.004261786290368, 96.053466796875 17.004261786290368, 96.053466796875 16.99900869321349, 96.0589599609375 16.99900869321349))",Ookla Open Data,https://ookla-open-data.s3.amazonaws.com/parquet/performance/type=mobile/year=2026/quarter=2/2026-04-01_performance_mobile_tiles.parquet
2026-04-01,2026-07-01,1322012221231330,96.14410000000001,17.022599999999997,22036,2869,22.036,2.869,72,89.0,560.0,3,1,False,True,mobile,,,,"POLYGON ((96.1468505859375 17.02002018166838, 96.1468505859375 17.025272685376795, 96.141357421875 17.025272685376795, 96.141357421875 17.02002018166838, 96.1468505859375 17.02002018166838))",Ookla Open Data,https://ookla-open-data.s3.amazonaws.com/parquet/performance/type=mobile/year=2026/quarter=2/2026-04-01_performance_mobile_tiles.parquet
2026-04-01,2026-07-01,1322012221232122,96.0892,16.9964,8530,4511,8.53,4.511,17,235.0,988.0,4,1,False,True,mobile,,,,"POLYGON ((96.0919189453125 16.993755452894558, 96.0919189453125 16.99900869321349, 96.08642578125 16.99900869321349, 96.08642578125 16.993755452894558, 96.0919189453125 16.993755452894558))",Ookla Open Data,https://ookla-open-data.s3.amazonaws.com/parquet/performance/type=mobile/year=2026/quarter=2/2026-04-01_performance_mobile_tiles.parquet
2026-04-01,2026-07-01,1322012221233111,96.1496,17.012099999999997,34127,18891,34.127,18.891,84,968.0,2044.0,4,2,False,True,mobile,,,,"POLYGON ((96.15234375 17.009514732085155, 96.15234375 17.01476753055783, 96.1468505859375 17.01476753055783, 96.1468505859375 17.009514732085155, 96.15234375 17.009514732085155))",Ookla Open Data,https://ookla-open-data.s3.amazonaws.com/parquet/performance/type=mobile/year=2026/quarter=2/2026-04-01_performance_mobile_tiles.parquet
2026-04-01,2026-07-01,1322012221233131,96.1496,17.0016,80121,35327,80.121,35.327,13,644.0,229.0,2,1,False,True,mobile,,,,"POLYGON ((96.15234375 16.99900869321349, 96.15234375 17.004261786290368, 96.1468505859375 17.004261786290368, 96.1468505859375 16.99900869321349, 96.15234375 16.99900869321349))",Ookla Open Data,https://ookla-open-data.s3.amazonaws.com/parquet/performance/type=mobile/year=2026/quarter=2/2026-04-01_performance_mobile_tiles.parquet
2026-04-01,2026-07-01,1322012221233133,96.1496,16.9964,50780,10849,50.78,10.849,71,351.0,459.0,1,1,True,True,mobile,,,,"POLYGON ((96.15234375 16.993755452894558, 96.15234375 16.99900869321349, 96.1468505859375 16.99900869321349, 96.1468505859375 16.993755452894558, 96.15234375 16.993755452894558))",Ookla Open Data,https://ookla-open-data.s3.amazonaws.com/parquet/performance/type=mobile/year=2026/quarter=2/2026-04-01_performance_mobile_tiles.parquet
2026-04-01,2026-07-01,1322012221233231,96.1276,16.9806,58286,57093,58.286,57.093,28,448.0,158.0,1,1,True,True,mobile,,,,"POLYGON ((96.13037109375 16.97799484888578, 96.13037109375 16.98324853069066, 96.1248779296875 16.98324853069066, 96.1248779296875 16.97799484888578, 96.13037109375 16.97799484888578))",Ookla Open Data,https://ookla-open-data.s3.amazonaws.com/parquet/performance/type=mobile/year=2026/quarter=2/2026-04-01_performance_mobile_tiles.parquet
2026-04-01,2026-07-01,1322012221233233,96.1276,16.9754,54635,42169,54.635,42.169,236,6614.0,,1,1,True,True,mobile,,,,"POLYGON ((96.13037109375 16.97274101999902, 96.13037109375 16.97799484888578, 96.1248779296875 16.97799484888578, 96.1248779296875 16.97274101999902, 96.13037109375 16.97274101999902))",Ookla Open Data,https://ookla-open-data.s3.amazonaws.com/parquet/performance/type=mobile/year=2026/quarter=2/2026-04-01_performance_mobile_tiles.parquet
2026-04-01,2026-07-01,1322012221302211,96.1716,17.075200000000002,934,1258,0.934,1.258,48,4128.0,3358.0,2,1,False,False,mobile,,,,"POLYGON ((96.17431640625 17.072538579057582, 96.17431640625 17.077789606545377, 96.1688232421875 17.077789606545377, 96.1688232421875 17.072538579057582, 96.17431640625 17.072538579057582))",Ookla Open Data,https://ookla-open-data.s3.amazonaws.com/parquet/performance/type=mobile/year=2026/quarter=2/2026-04-01_performance_mobile_tiles.parquet
2026-04-01,2026-07-01,1322012221322300,96.17710000000001,16.9911,38622,10184,38.622,10.184,13,545.0,523.0,1,1,True,False,mobile,,,,"POLYGON ((96.1798095703125 16.9885020653736, 96.1798095703125 16.993755452894558, 96.17431640625 16.993755452894558, 96.17431640625 16.9885020653736, 96.1798095703125 16.9885020653736))",Ookla Open Data,https://ookla-open-data.s3.amazonaws.com/parquet/performance/type=mobile/year=2026/quarter=2/2026-04-01_performance_mobile_tiles.parquet
2026-04-01,2026-07-01,1322012223001131,96.0617,16.9596,1487,6280,1.487,6.28,33,,916.0,1,1,True,True,mobile,,,,"POLYGON ((96.064453125 16.95697865124807, 96.064453125 16.962232921140096, 96.0589599609375 16.962232921140096, 96.0589599609375 16.95697865124807, 96.064453125 16.95697865124807))",Ookla Open Data,https://ookla-open-data.s3.amazonaws.com/parquet/performance/type=mobile/year=2026/quarter=2/2026-04-01_performance_mobile_tiles.parquet
2026-04-01,2026-07-01,1322012223003300,96.0452,16.907099999999996,29771,10691,29.771,10.691,266,2713.0,1441.0,3,1,False,False,mobile,,,,"POLYGON ((96.0479736328125 16.90442787825499, 96.0479736328125 16.909683615558638, 96.04248046875 16.909683615558638, 96.04248046875 16.90442787825499, 96.0479736328125 16.90442787825499))",Ookla Open Data,https://ookla-open-data.s3.amazonaws.com/parquet/performance/type=mobile/year=2026/quarter=2/2026-04-01_performance_mobile_tiles.parquet
2026-04-01,2026-07-01,1322012223003322,96.0452,16.891299999999998,101043,46965,101.043,46.965,193,849.0,231.0,1,1,True,True,mobile,,,,"POLYGON ((96.0479736328125 16.888659787381606, 96.0479736328125 16.89391596412632, 96.04248046875 16.89391596412632, 96.04248046875 16.888659787381606, 96.0479736328125 16.888659787381606))",Ookla Open Data,https://ookla-open-data.s3.amazonaws.com/parquet/performance/type=mobile/year=2026/quarter=2/2026-04-01_performance_mobile_tiles.parquet
2026-04-01,2026-07-01,1322012223010022,96.06719999999999,16.9544,27521,15824,27.521,15.824,74,359.0,86.0,1,1,True,True,mobile,,,,"POLYGON ((96.0699462890625 16.95172423443443, 96.0699462890625 16.95697865124807, 96.064453125 16.95697865124807, 96.064453125 16.95172423443443, 96.0699462890625 16.95172423443443))",Ookla Open Data,https://ookla-open-data.s3.amazonaws.com/parquet/performance/type=mobile/year=2026/quarter=2/2026-04-01_performance_mobile_tiles.parquet
2026-04-01,2026-07-01,1322012223010023,96.07270000000001,16.9544,39342,28109,39.342,28.109,207,1334.0,404.0,1,1,True,True,mobile,,,,"POLYGON ((96.075439453125 16.95172423443443, 96.075439453125 16.95697865124807, 96.0699462890625 16.95697865124807, 96.0699462890625 16.95172423443443, 96.075439453125 16.95172423443443))",Ookla Open Data,https://ookla-open-data.s3.amazonaws.com/parquet/performance/type=mobile/year=2026/quarter=2/2026-04-01_performance_mobile_tiles.parquet
2026-04-01,2026-07-01,1322012223010322,96.0892,16.9333,34439,40359,34.439,40.359,72,698.0,395.0,1,1,True,True,mobile,,,,"POLYGON ((96.0919189453125 16.93070509876553, 96.0919189453125 16.93596010286472, 96.08642578125 16.93596010286472, 96.08642578125 16.93070509876553, 96.0919189453125 16.93070509876553))",Ookla Open Data,https://ookla-open-data.s3.amazonaws.com/parquet/performance/type=mobile/year=2026/quarter=2/2026-04-01_performance_mobile_tiles.parquet
2026-04-01,2026-07-01,1322012223010332,96.1002,16.9333,26202,3411,26.202,3.411,267,753.0,871.0,1,1,True,True,mobile,,,,"POLYGON ((96.1029052734375 16.93070509876553, 96.1029052734375 16.93596010286472, 96.097412109375 16.93596010286472, 96.097412109375 16.93070509876553, 96.1029052734375 16.93070509876553))",Ookla Open Data,https://ookla-open-data.s3.amazonaws.com/parquet/performance/type=mobile/year=2026/quarter=2/2026-04-01_performance_mobile_tiles.parquet
2026-04-01,2026-07-01,1322012223011131,96.1496,16.9596,12914,18039,12.914,18.039,105,2144.0,1101.0,9,2,False,True,mobile,,,,"POLYGON ((96.15234375 16.95697865124807, 96.15234375 16.962232921140096, 96.1468505859375 16.962232921140096, 96.1468505859375 16.95697865124807, 96.15234375 16.95697865124807))",Ookla Open Data,https://ookla-open-data.s3.amazonaws.com/parquet/performance/type=mobile/year=2026/quarter=2/2026-04-01_performance_mobile_tiles.parquet
2026-04-01,2026-07-01,1322012223011211,96.1276,16.949099999999998,9904,24916,9.904,24.916,116,1794.0,1867.0,1,1,True,True,mobile,,,,"POLYGON ((96.13037109375 16.94646967073926, 96.13037109375 16.95172423443443, 96.1248779296875 16.95172423443443, 96.1248779296875 16.94646967073926, 96.13037109375 16.94646967073926))",Ookla Open Data,https://ookla-open-data.s3.amazonaws.com/parquet/performance/type=mobile/year=2026/quarter=2/2026-04-01_performance_mobile_tiles.parquet
2026-04-01,2026-07-01,1322012223011323,96.13860000000001,16.9333,59674,43900,59.674,43.9,161,2941.0,345.0,2,2,False,True,mobile,,,,"POLYGON ((96.141357421875 16.93070509876553, 96.141357421875 16.93596010286472, 96.1358642578125 16.93596010286472, 96.1358642578125 16.93070509876553, 96.141357421875 16.93070509876553))",Ookla Open Data,https://ookla-open-data.s3.amazonaws.com/parquet/performance/type=mobile/year=2026/quarter=2/2026-04-01_performance_mobile_tiles.parquet
2026-04-01,2026-07-01,1322012223012022,96.06719999999999,16.9123,16246,3115,16.246,3.115,56,1311.0,2245.0,2,1,False,True,mobile,,,,"POLYGON ((96.0699462890625 16.909683615558638, 96.0699462890625 16.914939206301643, 96.064453125 16.914939206301643, 96.064453125 16.909683615558638, 96.0699462890625 16.909683615558638))",Ookla Open Data,https://ookla-open-data.s3.amazonaws.com/parquet/performance/type=mobile/year=2026/quarter=2/2026-04-01_performance_mobile_tiles.parquet
2026-04-01,2026-07-01,1322012223012033,96.0837,16.9123,51108,5123,51.108,5.123,14,717.0,2665.0,1,1,True,True,mobile,,,,"POLYGON ((96.08642578125 16.909683615558638, 96.08642578125 16.914939206301643, 96.0809326171875 16.914939206301643, 96.0809326171875 16.909683615558638, 96.08642578125 16.909683615558638))",Ookla Open Data,https://ookla-open-data.s3.amazonaws.com/parquet/performance/type=mobile/year=2026/quarter=2/2026-04-01_performance_mobile_tiles.parquet
2026-04-01,2026-07-01,1322012223012112,96.1002,16.922800000000002,86469,42573,86.469,42.573,16,900.0,222.0,3,1,False,True,mobile,,,,"POLYGON ((96.1029052734375 16.92019465044388, 96.1029052734375 16.925449947945214, 96.097412109375 16.925449947945214, 96.097412109375 16.92019465044388, 96.1029052734375 16.92019465044388))",Ookla Open Data,https://ookla-open-data.s3.amazonaws.com/parquet/performance/type=mobile/year=2026/quarter=2/2026-04-01_performance_mobile_tiles.parquet
2026-04-01,2026-07-01,1322012223012223,96.07270000000001,16.891299999999998,16335,42339,16.335,42.339,229,1788.0,1501.0,1,1,True,True,mobile,,,,"POLYGON ((96.075439453125 16.888659787381606, 96.075439453125 16.89391596412632, 96.0699462890625 16.89391596412632, 96.0699462890625 16.888659787381606, 96.075439453125 16.888659787381606))",Ookla Open Data,https://ookla-open-data.s3.amazonaws.com/parquet/performance/type=mobile/year=2026/quarter=2/2026-04-01_performance_mobile_tiles.parquet
2026-04-01,2026-07-01,1322012223012303,96.09469999999999,16.901799999999998,21314,7689,21.314,7.689,235,632.0,433.0,1,1,True,True,mobile,,,,"POLYGON ((96.097412109375 16.899171994430837, 96.097412109375 16.90442787825499, 96.0919189453125 16.90442787825499, 96.0919189453125 16.899171994430837, 96.097412109375 16.899171994430837))",Ookla Open Data,https://ookla-open-data.s3.amazonaws.com/parquet/performance/type=mobile/year=2026/quarter=2/2026-04-01_performance_mobile_tiles.parquet
2026-04-01,2026-07-01,1322012223012310,96.1002,16.907099999999996,28346,7791,28.346,7.791,52,565.0,980.0,8,2,False,True,mobile,,,,"POLYGON ((96.1029052734375 16.90442787825499, 96.1029052734375 16.909683615558638, 96.097412109375 16.909683615558638, 96.097412109375 16.90442787825499, 96.1029052734375 16.90442787825499))",Ookla Open Data,https://ookla-open-data.s3.amazonaws.com/parquet/performance/type=mobile/year=2026/quarter=2/2026-04-01_performance_mobile_tiles.parquet
2026-04-01,2026-07-01,1322012223012331,96.1057,16.8965,72409,36388,72.409,36.388,86,780.0,355.0,6,1,False,True,mobile,,,,"POLYGON ((96.1083984375 16.89391596412632, 96.1083984375 16.899171994430837, 96.1029052734375 16.899171994430837, 96.1029052734375 16.89391596412632, 96.1083984375 16.89391596412632))",Ookla Open Data,https://ookla-open-data.s3.amazonaws.com/parquet/performance/type=mobile/year=2026/quarter=2/2026-04-01_performance_mobile_tiles.parquet
2026-04-01,2026-07-01,1322012223013302,96.13310000000001,16.901799999999998,9139,9843,9.139,9.843,194,1809.0,4177.0,1,1,True,True,mobile,,,,"POLYGON ((96.1358642578125 16.899171994430837, 96.1358642578125 16.90442787825499, 96.13037109375 16.90442787825499, 96.13037109375 16.899171994430837, 96.1358642578125 16.899171994430837))",Ookla Open Data,https://ookla-open-data.s3.amazonaws.com/parquet/performance/type=mobile/year=2026/quarter=2/2026-04-01_performance_mobile_tiles.parquet
2026-04-01,2026-07-01,1322012223013303,96.13860000000001,16.901799999999998,55,2,0.055,0.002,205,,,1,1,True,True,mobile,,,,"POLYGON ((96.141357421875 16.899171994430837, 96.141357421875 16.90442787825499, 96.1358642578125 16.90442787825499, 96.1358642578125 16.899171994430837, 96.141357421875 16.899171994430837))",Ookla Open Data,https://ookla-open-data.s3.amazonaws.com/parquet/performance/type=mobile/year=2026/quarter=2/2026-04-01_performance_mobile_tiles.parquet
2026-04-01,2026-07-01,1322012223021012,96.0342,16.8808,6130,24805,6.13,24.805,15,3188.0,405.0,1,1,True,True,mobile,,,,"POLYGON ((96.0369873046875 16.878146994732166, 96.0369873046875 16.88340346423683, 96.031494140625 16.88340346423683, 96.031494140625 16.878146994732166, 96.0369873046875 16.878146994732166))",Ookla Open Data,https://ookla-open-data.s3.amazonaws.com/parquet/performance/type=mobile/year=2026/quarter=2/2026-04-01_performance_mobile_tiles.parquet
2026-04-01,2026-07-01,1322012223021020,96.02329999999999,16.8755,6244,32129,6.244,32.129,24,667.0,34.0,1,1,True,True,mobile,,,,"POLYGON ((96.0260009765625 16.87289037890778, 96.0260009765625 16.878146994732166, 96.0205078125 16.878146994732166, 96.0205078125 16.87289037890778, 96.0260009765625 16.87289037890778))",Ookla Open Data,https://ookla-open-data.s3.amazonaws.com/parquet/performance/type=mobile/year=2026/quarter=2/2026-04-01_performance_mobile_tiles.parquet
2026-04-01,2026-07-01,1322012223021021,96.02869999999999,16.8755,18970,16032,18.97,16.032,104,832.0,1259.0,1,1,True,True,mobile,,,,"POLYGON ((96.031494140625 16.87289037890778, 96.031494140625 16.878146994732166, 96.0260009765625 16.878146994732166, 96.0260009765625 16.87289037890778, 96.031494140625 16.87289037890778))",Ookla Open Data,https://ookla-open-data.s3.amazonaws.com/parquet/performance/type=mobile/year=2026/quarter=2/2026-04-01_performance_mobile_tiles.parquet
2026-04-01,2026-07-01,1322012223021101,96.05069999999999,16.886,16866,17704,16.866,17.704,104,551.0,2369.0,7,3,False,True,mobile,,,,"POLYGON ((96.053466796875 16.88340346423683, 96.053466796875 16.888659787381606, 96.0479736328125 16.888659787381606, 96.0479736328125 16.88340346423683, 96.053466796875 16.88340346423683))",Ookla Open Data,https://ookla-open-data.s3.amazonaws.com/parquet/performance/type=mobile/year=2026/quarter=2/2026-04-01_performance_mobile_tiles.parquet
2026-04-01,2026-07-01,1322012223021103,96.05069999999999,16.8808,14452,10519,14.452,10.519,256,970.0,851.0,1,1,True,True,mobile,,,,"POLYGON ((96.053466796875 16.878146994732166, 96.053466796875 16.88340346423683, 96.0479736328125 16.88340346423683, 96.0479736328125 16.878146994732166, 96.053466796875 16.878146994732166))",Ookla Open Data,https://ookla-open-data.s3.amazonaws.com/parquet/performance/type=mobile/year=2026/quarter=2/2026-04-01_performance_mobile_tiles.parquet
2026-04-01,2026-07-01,1322012223021112,96.05619999999999,16.8808,26217,20757,26.217,20.757,101,432.0,248.0,1,1,True,True,mobile,,,,"POLYGON ((96.0589599609375 16.878146994732166, 96.0589599609375 16.88340346423683, 96.053466796875 16.88340346423683, 96.053466796875 16.878146994732166, 96.0589599609375 16.878146994732166))",Ookla Open Data,https://ookla-open-data.s3.amazonaws.com/parquet/performance/type=mobile/year=2026/quarter=2/2026-04-01_performance_mobile_tiles.parquet
2026-04-01,2026-07-01,1322012223021113,96.0617,16.8808,20439,13220,20.439,13.22,16,661.0,2007.0,1,1,True,True,mobile,,,,"POLYGON ((96.064453125 16.878146994732166, 96.064453125 16.88340346423683, 96.0589599609375 16.88340346423683, 96.0589599609375 16.878146994732166, 96.064453125 16.878146994732166))",Ookla Open Data,https://ookla-open-data.s3.amazonaws.com/parquet/performance/type=mobile/year=2026/quarter=2/2026-04-01_performance_mobile_tiles.parquet
2026-04-01,2026-07-01,1322012223021331,96.0617,16.8545,22911,5855,22.911,5.855,145,1478.0,2582.0,2,1,False,True,mobile,,,,"POLYGON ((96.064453125 16.851862453216572, 96.064453125 16.857119653918048, 96.0589599609375 16.857119653918048, 96.0589599609375 16.851862453216572, 96.064453125 16.851862453216572))",Ookla Open Data,https://ookla-open-data.s3.amazonaws.com/parquet/performance/type=mobile/year=2026/quarter=2/2026-04-01_performance_mobile_tiles.parquet
2026-04-01,2026-07-01,1322012223030001,96.07270000000001,16.886,25261,14356,25.261,14.356,225,5227.0,316.0,1,1,True,True,mobile,,,,"POLYGON ((96.075439453125 16.88340346423683, 96.075439453125 16.888659787381606, 96.0699462890625 16.888659787381606, 96.0699462890625 16.88340346423683, 96.075439453125 16.88340346423683))",Ookla Open Data,https://ookla-open-data.s3.amazonaws.com/parquet/performance/type=mobile/year=2026/quarter=2/2026-04-01_performance_mobile_tiles.parquet
2026-04-01,2026-07-01,1322012223030030,96.0782,16.8755,31123,30353,31.123,30.353,336,1565.0,966.0,2,1,False,True,mobile,,,,"POLYGON ((96.0809326171875 16.87289037890778, 96.0809326171875 16.878146994732166, 96.075439453125 16.878146994732166, 96.075439453125 16.87289037890778, 96.0809326171875 16.87289037890778))",Ookla Open Data,https://ookla-open-data.s3.amazonaws.com/parquet/performance/type=mobile/year=2026/quarter=2/2026-04-01_performance_mobile_tiles.parquet
2026-04-01,2026-07-01,1322012223030110,96.1002,16.886,12314,6716,12.314,6.716,166,1049.0,797.0,3,2,False,True,mobile,,,,"POLYGON ((96.1029052734375 16.88340346423683, 96.1029052734375 16.888659787381606, 96.097412109375 16.888659787381606, 96.097412109375 16.88340346423683, 96.1029052734375 16.88340346423683))",Ookla Open Data,https://ookla-open-data.s3.amazonaws.com/parquet/performance/type=mobile/year=2026/quarter=2/2026-04-01_performance_mobile_tiles.parquet
2026-04-01,2026-07-01,1322012223030203,96.07270000000001,16.8597,525,22750,0.525,22.75,15,,575.0,1,1,True,True,mobile,,,,"POLYGON ((96.075439453125 16.857119653918048, 96.075439453125 16.862376708460538, 96.0699462890625 16.862376708460538, 96.0699462890625 16.857119653918048, 96.075439453125 16.857119653918048))",Ookla Open Data,https://ookla-open-data.s3.amazonaws.com/parquet/performance/type=mobile/year=2026/quarter=2/2026-04-01_performance_mobile_tiles.parquet
2026-04-01,2026-07-01,1322012223030210,96.0782,16.865000000000002,806,6481,0.806,6.481,20,5025.0,1838.0,4,2,False,True,mobile,,,,"POLYGON ((96.0809326171875 16.862376708460538, 96.0809326171875 16.867633616803843, 96.075439453125 16.867633616803843, 96.075439453125 16.862376708460538, 96.0809326171875 16.862376708460538))",Ookla Open Data,https://ookla-open-data.s3.amazonaws.com/parquet/performance/type=mobile/year=2026/quarter=2/2026-04-01_performance_mobile_tiles.parquet
2026-04-01,2026-07-01,1322012223030212,96.0782,16.8597,5496,19935,5.496,19.935,170,2081.0,794.0,1,1,True,True,mobile,,,,"POLYGON ((96.0809326171875 16.857119653918048, 96.0809326171875 16.862376708460538, 96.075439453125 16.862376708460538, 96.075439453125 16.857119653918048, 96.0809326171875 16.857119653918048))",Ookla Open Data,https://ookla-open-data.s3.amazonaws.com/parquet/performance/type=mobile/year=2026/quarter=2/2026-04-01_performance_mobile_tiles.parquet
2026-04-01,2026-07-01,1322012223030213,96.0837,16.8597,1523,352,1.523,0.352,45,68.0,69.0,1,1,True,True,mobile,,,,"POLYGON ((96.08642578125 16.857119653918048, 96.08642578125 16.862376708460538, 96.0809326171875 16.862376708460538, 96.0809326171875 16.857119653918048, 96.08642578125 16.857119653918048))",Ookla Open Data,https://ookla-open-data.s3.amazonaws.com/parquet/performance/type=mobile/year=2026/quarter=2/2026-04-01_performance_mobile_tiles.parquet
2026-04-01,2026-07-01,1322012223030220,96.06719999999999,16.8545,3400,3325,3.4,3.325,132,1024.0,2731.0,3,1,False,True,mobile,,,,"POLYGON ((96.0699462890625 16.851862453216572, 96.0699462890625 16.857119653918048, 96.064453125 16.857119653918048, 96.064453125 16.851862453216572, 96.0699462890625 16.851862453216572))",Ookla Open Data,https://ookla-open-data.s3.amazonaws.com/parquet/performance/type=mobile/year=2026/quarter=2/2026-04-01_performance_mobile_tiles.parquet
2026-04-01,2026-07-01,1322012223030302,96.0892,16.8597,98920,32834,98.92,32.834,143,491.0,333.0,1,1,True,True,mobile,,,,"POLYGON ((96.0919189453125 16.857119653918048, 96.0919189453125 16.862376708460538, 96.08642578125 16.862376708460538, 96.08642578125 16.857119653918048, 96.0919189453125 16.857119653918048))",Ookla Open Data,https://ookla-open-data.s3.amazonaws.com/parquet/performance/type=mobile/year=2026/quarter=2/2026-04-01_performance_mobile_tiles.parquet
2026-04-01,2026-07-01,1322012223030310,96.1002,16.865000000000002,98568,18008,98.568,18.008,221,1014.0,514.0,1,1,True,True,mobile,,,,"POLYGON ((96.1029052734375 16.862376708460538, 96.1029052734375 16.867633616803843, 96.097412109375 16.867633616803843, 96.097412109375 16.862376708460538, 96.1029052734375 16.862376708460538))",Ookla Open Data,https://ookla-open-data.s3.amazonaws.com/parquet/performance/type=mobile/year=2026/quarter=2/2026-04-01_performance_mobile_tiles.parquet
2026-04-01,2026-07-01,1322012223030311,96.1057,16.865000000000002,47755,9531,47.755,9.531,15,543.0,820.0,1,1,True,True,mobile,,,,"POLYGON ((96.1083984375 16.862376708460538, 96.1083984375 16.867633616803843, 96.1029052734375 16.867633616803843, 96.1029052734375 16.862376708460538, 96.1083984375 16.862376708460538))",Ookla Open Data,https://ookla-open-data.s3.amazonaws.com/parquet/performance/type=mobile/year=2026/quarter=2/2026-04-01_performance_mobile_tiles.parquet
2026-04-01,2026-07-01,1322012223030320,96.0892,16.8545,13340,27941,13.34,27.941,29,1295.0,181.0,1,1,True,True,mobile,,,,"POLYGON ((96.0919189453125 16.851862453216572, 96.0919189453125 16.857119653918048, 96.08642578125 16.857119653918048, 96.08642578125 16.851862453216572, 96.0919189453125 16.851862453216572))",Ookla Open Data,https://ookla-open-data.s3.amazonaws.com/parquet/performance/type=mobile/year=2026/quarter=2/2026-04-01_performance_mobile_tiles.parquet
2026-04-01,2026-07-01,1322012223031002,96.11110000000001,16.8808,48733,23553,48.733,23.553,56,313.0,245.0,1,1,True,True,mobile,,,,"POLYGON ((96.1138916015625 16.878146994732166, 96.1138916015625 16.88340346423683, 96.1083984375 16.88340346423683, 96.1083984375 16.878146994732166, 96.1138916015625 16.878146994732166))",Ookla Open Data,https://ookla-open-data.s3.amazonaws.com/parquet/performance/type=mobile/year=2026/quarter=2/2026-04-01_performance_mobile_tiles.parquet
2026-04-01,2026-07-01,1322012223031003,96.11659999999999,16.8808,27119,25288,27.119,25.288,109,411.0,197.0,2,1,False,True,mobile,,,,"POLYGON ((96.119384765625 16.878146994732166, 96.119384765625 16.88340346423683, 96.1138916015625 16.88340346423683, 96.1138916015625 16.878146994732166, 96.119384765625 16.878146994732166))",Ookla Open Data,https://ookla-open-data.s3.amazonaws.com/parquet/performance/type=mobile/year=2026/quarter=2/2026-04-01_performance_mobile_tiles.parquet
2026-04-01,2026-07-01,1322012223031013,96.1276,16.8808,18111,5042,18.111,5.042,85,577.0,802.0,1,1,True,True,mobile,,,,"POLYGON ((96.13037109375 16.878146994732166, 96.13037109375 16.88340346423683, 96.1248779296875 16.88340346423683, 96.1248779296875 16.878146994732166, 96.13037109375 16.878146994732166))",Ookla Open Data,https://ookla-open-data.s3.amazonaws.com/parquet/performance/type=mobile/year=2026/quarter=2/2026-04-01_performance_mobile_tiles.parquet
2026-04-01,2026-07-01,1322012223031020,96.11110000000001,16.8755,44931,23827,44.931,23.827,51,694.0,122.0,1,1,True,True,mobile,,,,"POLYGON ((96.1138916015625 16.87289037890778, 96.1138916015625 16.878146994732166, 96.1083984375 16.878146994732166, 96.1083984375 16.87289037890778, 96.1138916015625 16.87289037890778))",Ookla Open Data,https://ookla-open-data.s3.amazonaws.com/parquet/performance/type=mobile/year=2026/quarter=2/2026-04-01_performance_mobile_tiles.parquet
2026-04-01,2026-07-01,1322012223031022,96.11110000000001,16.8703,82476,51834,82.476,51.834,58,,158.0,1,1,True,True,mobile,,,,"POLYGON ((96.1138916015625 16.867633616803843, 96.1138916015625 16.87289037890778, 96.1083984375 16.87289037890778, 96.1083984375 16.867633616803843, 96.1138916015625 16.867633616803843))",Ookla Open Data,https://ookla-open-data.s3.amazonaws.com/parquet/performance/type=mobile/year=2026/quarter=2/2026-04-01_performance_mobile_tiles.parquet
2026-04-01,2026-07-01,1322012223031023,96.11659999999999,16.8703,53900,14881,53.9,14.881,21,766.0,199.0,1,1,True,True,mobile,,,,"POLYGON ((96.119384765625 16.867633616803843, 96.119384765625 16.87289037890778, 96.1138916015625 16.87289037890778, 96.1138916015625 16.867633616803843, 96.119384765625 16.867633616803843))",Ookla Open Data,https://ookla-open-data.s3.amazonaws.com/parquet/performance/type=mobile/year=2026/quarter=2/2026-04-01_performance_mobile_tiles.parquet
2026-04-01,2026-07-01,1322012223031032,96.12210000000002,16.8703,80435,49623,80.435,49.623,88,510.0,1013.0,1,1,True,True,mobile,,,,"POLYGON ((96.1248779296875 16.867633616803843, 96.1248779296875 16.87289037890778, 96.119384765625 16.87289037890778, 96.119384765625 16.867633616803843, 96.1248779296875 16.867633616803843))",Ookla Open Data,https://ookla-open-data.s3.amazonaws.com/parquet/performance/type=mobile/year=2026/quarter=2/2026-04-01_performance_mobile_tiles.parquet
2026-04-01,2026-07-01,1322012223031121,96.13860000000001,16.8755,2570,8288,2.57,8.288,124,412.0,995.0,2,2,False,True,mobile,,,,"POLYGON ((96.141357421875 16.87289037890778, 96.141357421875 16.878146994732166, 96.1358642578125 16.878146994732166, 96.1358642578125 16.87289037890778, 96.141357421875 16.87289037890778))",Ookla Open Data,https://ookla-open-data.s3.amazonaws.com/parquet/performance/type=mobile/year=2026/quarter=2/2026-04-01_performance_mobile_tiles.parquet
2026-04-01,2026-07-01,1322012223031122,96.13310000000001,16.8703,98731,38095,98.731,38.095,14,248.0,213.0,1,1,True,True,mobile,,,,"POLYGON ((96.1358642578125 16.867633616803843, 96.1358642578125 16.87289037890778, 96.13037109375 16.87289037890778, 96.13037109375 16.867633616803843, 96.1358642578125 16.867633616803843))",Ookla Open Data,https://ookla-open-data.s3.amazonaws.com/parquet/performance/type=mobile/year=2026/quarter=2/2026-04-01_performance_mobile_tiles.parquet
2026-04-01,2026-07-01,1322012223031130,96.14410000000001,16.8755,79321,18069,79.321,18.069,36,348.0,259.0,4,1,False,True,mobile,,,,"POLYGON ((96.1468505859375 16.87289037890778, 96.1468505859375 16.878146994732166, 96.141357421875 16.878146994732166, 96.141357421875 16.87289037890778, 96.1468505859375 16.87289037890778))",Ookla Open Data,https://ookla-open-data.s3.amazonaws.com/parquet/performance/type=mobile/year=2026/quarter=2/2026-04-01_performance_mobile_tiles.parquet
2026-04-01,2026-07-01,1322012223031200,96.11110000000001,16.865000000000002,9747,7058,9.747,7.058,80,279.0,1423.0,3,2,False,True,mobile,,,,"POLYGON ((96.1138916015625 16.862376708460538, 96.1138916015625 16.867633616803843, 96.1083984375 16.867633616803843, 96.1083984375 16.862376708460538, 96.1138916015625 16.862376708460538))",Ookla Open Data,https://ookla-open-data.s3.amazonaws.com/parquet/performance/type=mobile/year=2026/quarter=2/2026-04-01_performance_mobile_tiles.parquet
2026-04-01,2026-07-01,1322012223031201,96.11659999999999,16.865000000000002,15439,21785,15.439,21.785,63,516.0,1384.0,4,3,False,True,mobile,,,,"POLYGON ((96.119384765625 16.862376708460538, 96.119384765625 16.867633616803843, 96.1138916015625 16.867633616803843, 96.1138916015625 16.862376708460538, 96.119384765625 16.862376708460538))",Ookla Open Data,https://ookla-open-data.s3.amazonaws.com/parquet/performance/type=mobile/year=2026/quarter=2/2026-04-01_performance_mobile_tiles.parquet
2026-04-01,2026-07-01,1322012223031202,96.11110000000001,16.8597,95782,22303,95.782,22.303,91,244.0,152.0,1,1,True,True,mobile,,,,"POLYGON ((96.1138916015625 16.857119653918048, 96.1138916015625 16.862376708460538, 96.1083984375 16.862376708460538, 96.1083984375 16.857119653918048, 96.1138916015625 16.857119653918048))",Ookla Open Data,https://ookla-open-data.s3.amazonaws.com/parquet/performance/type=mobile/year=2026/quarter=2/2026-04-01_performance_mobile_tiles.parquet
2026-04-01,2026-07-01,1322012223031203,96.11659999999999,16.8597,67357,9669,67.357,9.669,56,291.0,225.0,4,3,False,True,mobile,,,,"POLYGON ((96.119384765625 16.857119653918048, 96.119384765625 16.862376708460538, 96.1138916015625 16.862376708460538, 96.1138916015625 16.857119653918048, 96.119384765625 16.857119653918048))",Ookla Open Data,https://ookla-open-data.s3.amazonaws.com/parquet/performance/type=mobile/year=2026/quarter=2/2026-04-01_performance_mobile_tiles.parquet
2026-04-01,2026-07-01,1322012223031210,96.12210000000002,16.865000000000002,70142,58156,70.142,58.156,15,623.0,362.0,1,1,True,True,mobile,,,,"POLYGON ((96.1248779296875 16.862376708460538, 96.1248779296875 16.867633616803843, 96.119384765625 16.867633616803843, 96.119384765625 16.862376708460538, 96.1248779296875 16.862376708460538))",Ookla Open Data,https://ookla-open-data.s3.amazonaws.com/parquet/performance/type=mobile/year=2026/quarter=2/2026-04-01_performance_mobile_tiles.parquet
2026-04-01,2026-07-01,1322012223031212,96.12210000000002,16.8597,23578,20339,23.578,20.339,232,2109.0,802.0,3,2,False,True,mobile,,,,"POLYGON ((96.1248779296875 16.857119653918048, 96.1248779296875 16.862376708460538, 96.119384765625 16.862376708460538, 96.119384765625 16.857119653918048, 96.1248779296875 16.857119653918048))",Ookla Open Data,https://ookla-open-data.s3.amazonaws.com/parquet/performance/type=mobile/year=2026/quarter=2/2026-04-01_performance_mobile_tiles.parquet
2026-04-01,2026-07-01,1322012223031213,96.1276,16.8597,7824,2814,7.824,2.814,34,1039.0,2124.0,3,1,False,True,mobile,,,,"POLYGON ((96.13037109375 16.857119653918048, 96.13037109375 16.862376708460538, 96.1248779296875 16.862376708460538, 96.1248779296875 16.857119653918048, 96.13037109375 16.857119653918048))",Ookla Open Data,https://ookla-open-data.s3.amazonaws.com/parquet/performance/type=mobile/year=2026/quarter=2/2026-04-01_performance_mobile_tiles.parquet
2026-04-01,2026-07-01,1322012223031220,96.11110000000001,16.8545,7391,4299,7.391,4.299,19,2212.0,1731.0,1,1,True,True,mobile,,,,"POLYGON ((96.1138916015625 16.851862453216572, 96.1138916015625 16.857119653918048, 96.1083984375 16.857119653918048, 96.1083984375 16.851862453216572, 96.1138916015625 16.851862453216572))",Ookla Open Data,https://ookla-open-data.s3.amazonaws.com/parquet/performance/type=mobile/year=2026/quarter=2/2026-04-01_performance_mobile_tiles.parquet
2026-04-01,2026-07-01,1322012223031221,96.11659999999999,16.8545,28420,25185,28.42,25.185,73,2636.0,577.0,4,3,False,True,mobile,,,,"POLYGON ((96.119384765625 16.851862453216572, 96.119384765625 16.857119653918048, 96.1138916015625 16.857119653918048, 96.1138916015625 16.851862453216572, 96.119384765625 16.851862453216572))",Ookla Open Data,https://ookla-open-data.s3.amazonaws.com/parquet/performance/type=mobile/year=2026/quarter=2/2026-04-01_performance_mobile_tiles.parquet
2026-04-01,2026-07-01,1322012223031223,96.11659999999999,16.849200000000003,31229,26293,31.229,26.293,85,393.0,221.0,2,2,False,True,mobile,,,,"POLYGON ((96.119384765625 16.846605106396304, 96.119384765625 16.851862453216572, 96.1138916015625 16.851862453216572, 96.1138916015625 16.846605106396304, 96.119384765625 16.846605106396304))",Ookla Open Data,https://ookla-open-data.s3.amazonaws.com/parquet/performance/type=mobile/year=2026/quarter=2/2026-04-01_performance_mobile_tiles.parquet
2026-04-01,2026-07-01,1322012223031230,96.12210000000002,16.8545,58058,25211,58.058,25.211,121,1113.0,531.0,35,5,False,True,mobile,,,,"POLYGON ((96.1248779296875 16.851862453216572, 96.1248779296875 16.857119653918048, 96.119384765625 16.857119653918048, 96.119384765625 16.851862453216572, 96.1248779296875 16.851862453216572))",Ookla Open Data,https://ookla-open-data.s3.amazonaws.com/parquet/performance/type=mobile/year=2026/quarter=2/2026-04-01_performance_mobile_tiles.parquet
2026-04-01,2026-07-01,1322012223031232,96.12210000000002,16.849200000000003,6390,5670,6.39,5.67,364,2262.0,1124.0,2,2,False,True,mobile,,,,"POLYGON ((96.1248779296875 16.846605106396304, 96.1248779296875 16.851862453216572, 96.119384765625 16.851862453216572, 96.119384765625 16.846605106396304, 96.1248779296875 16.846605106396304))",Ookla Open Data,https://ookla-open-data.s3.amazonaws.com/parquet/performance/type=mobile/year=2026/quarter=2/2026-04-01_performance_mobile_tiles.parquet
2026-04-01,2026-07-01,1322012223031233,96.1276,16.849200000000003,11522,10752,11.522,10.752,46,1348.0,848.0,8,1,False,True,mobile,,,,"POLYGON ((96.13037109375 16.846605106396304, 96.13037109375 16.851862453216572, 96.1248779296875 16.851862453216572, 96.1248779296875 16.846605106396304, 96.13037109375 16.846605106396304))",Ookla Open Data,https://ookla-open-data.s3.amazonaws.com/parquet/performance/type=mobile/year=2026/quarter=2/2026-04-01_performance_mobile_tiles.parquet
2026-04-01,2026-07-01,1322012223031301,96.13860000000001,16.865000000000002,72101,30149,72.101,30.149,141,1268.0,468.0,3,2,False,True,mobile,,,,"POLYGON ((96.141357421875 16.862376708460538, 96.141357421875 16.867633616803843, 96.1358642578125 16.867633616803843, 96.1358642578125 16.862376708460538, 96.141357421875 16.862376708460538))",Ookla Open Data,https://ookla-open-data.s3.amazonaws.com/parquet/performance/type=mobile/year=2026/quarter=2/2026-04-01_performance_mobile_tiles.parquet
2026-04-01,2026-07-01,1322012223031303,96.13860000000001,16.8597,60795,5080,60.795,5.08,15,2219.0,625.0,1,1,True,True,mobile,,,,"POLYGON ((96.141357421875 16.857119653918048, 96.141357421875 16.862376708460538, 96.1358642578125 16.862376708460538, 96.1358642578125 16.857119653918048, 96.141357421875 16.857119653918048))",Ookla Open Data,https://ookla-open-data.s3.amazonaws.com/parquet/performance/type=mobile/year=2026/quarter=2/2026-04-01_performance_mobile_tiles.parquet
2026-04-01,2026-07-01,1322012223031310,96.14410000000001,16.865000000000002,13561,17065,13.561,17.065,17,1060.0,428.0,1,1,True,True,mobile,,,,"POLYGON ((96.1468505859375 16.862376708460538, 96.1468505859375 16.867633616803843, 96.141357421875 16.867633616803843, 96.141357421875 16.862376708460538, 96.1468505859375 16.862376708460538))",Ookla Open Data,https://ookla-open-data.s3.amazonaws.com/parquet/performance/type=mobile/year=2026/quarter=2/2026-04-01_performance_mobile_tiles.parquet
2026-04-01,2026-07-01,1322012223031320,96.13310000000001,16.8545,65519,4654,65.519,4.654,64,384.0,1513.0,1,1,True,True,mobile,,,,"POLYGON ((96.1358642578125 16.851862453216572, 96.1358642578125 16.857119653918048, 96.13037109375 16.857119653918048, 96.13037109375 16.851862453216572, 96.1358642578125 16.851862453216572))",Ookla Open Data,https://ookla-open-data.s3.amazonaws.com/parquet/performance/type=mobile/year=2026/quarter=2/2026-04-01_performance_mobile_tiles.parquet
2026-04-01,2026-07-01,1322012223031321,96.13860000000001,16.8545,1112,375,1.112,0.375,43,56.0,69.0,1,1,True,True,mobile,,,,"POLYGON ((96.141357421875 16.851862453216572, 96.141357421875 16.857119653918048, 96.1358642578125 16.857119653918048, 96.1358642578125 16.851862453216572, 96.141357421875 16.851862453216572))",Ookla Open Data,https://ookla-open-data.s3.amazonaws.com/parquet/performance/type=mobile/year=2026/quarter=2/2026-04-01_performance_mobile_tiles.parquet
2026-04-01,2026-07-01,1322012223032111,96.1057,16.844,1744,9865,1.744,9.865,79,1140.0,241.0,1,1,True,True,mobile,,,,"POLYGON ((96.1083984375 16.841347613497447, 96.1083984375 16.846605106396304, 96.1029052734375 16.846605106396304, 96.1029052734375 16.841347613497447, 96.1083984375 16.841347613497447))",Ookla Open Data,https://ookla-open-data.s3.amazonaws.com/parquet/performance/type=mobile/year=2026/quarter=2/2026-04-01_performance_mobile_tiles.parquet
2026-04-01,2026-07-01,1322012223033000,96.11110000000001,16.844,15601,13600,15.601,13.6,74,1277.0,338.0,12,1,False,True,mobile,,,,"POLYGON ((96.1138916015625 16.841347613497447, 96.1138916015625 16.846605106396304, 96.1083984375 16.846605106396304, 96.1083984375 16.841347613497447, 96.1138916015625 16.841347613497447))",Ookla Open Data,https://ookla-open-data.s3.amazonaws.com/parquet/performance/type=mobile/year=2026/quarter=2/2026-04-01_performance_mobile_tiles.parquet
2026-04-01,2026-07-01,1322012223033001,96.11659999999999,16.844,14948,10395,14.948,10.395,154,1294.0,907.0,3,2,False,True,mobile,,,,"POLYGON ((96.119384765625 16.841347613497447, 96.119384765625 16.846605106396304, 96.1138916015625 16.846605106396304, 96.1138916015625 16.841347613497447, 96.119384765625 16.841347613497447))",Ookla Open Data,https://ookla-open-data.s3.amazonaws.com/parquet/performance/type=mobile/year=2026/quarter=2/2026-04-01_performance_mobile_tiles.parquet
2026-04-01,2026-07-01,1322012223033002,96.11110000000001,16.8387,16611,23139,16.611,23.139,142,708.0,214.0,1,1,True,True,mobile,,,,"POLYGON ((96.1138916015625 16.836089974560213, 96.1138916015625 16.841347613497447, 96.1083984375 16.841347613497447, 96.1083984375 16.836089974560213, 96.1138916015625 16.836089974560213))",Ookla Open Data,https://ookla-open-data.s3.amazonaws.com/parquet/performance/type=mobile/year=2026/quarter=2/2026-04-01_performance_mobile_tiles.parquet
2026-04-01,2026-07-01,1322012223033012,96.12210000000002,16.8387,50065,38040,50.065,38.04,96,1603.0,388.0,8,1,False,True,mobile,,,,"POLYGON ((96.1248779296875 16.836089974560213, 96.1248779296875 16.841347613497447, 96.119384765625 16.841347613497447, 96.119384765625 16.836089974560213, 96.1248779296875 16.836089974560213))",Ookla Open Data,https://ookla-open-data.s3.amazonaws.com/parquet/performance/type=mobile/year=2026/quarter=2/2026-04-01_performance_mobile_tiles.parquet
2026-04-01,2026-07-01,1322012223033013,96.1276,16.8387,43408,37619,43.408,37.619,46,562.0,251.0,9,3,False,True,mobile,,,,"POLYGON ((96.13037109375 16.836089974560213, 96.13037109375 16.841347613497447, 96.1248779296875 16.841347613497447, 96.1248779296875 16.836089974560213, 96.13037109375 16.836089974560213))",Ookla Open Data,https://ookla-open-data.s3.amazonaws.com/parquet/performance/type=mobile/year=2026/quarter=2/2026-04-01_performance_mobile_tiles.parquet
2026-04-01,2026-07-01,1322012223033030,96.12210000000002,16.833499999999997,30545,21261,30.545,21.261,97,535.0,572.0,12,7,False,True,mobile,,,,"POLYGON ((96.1248779296875 16.83083218962482, 96.1248779296875 16.836089974560213, 96.119384765625 16.836089974560213, 96.119384765625 16.83083218962482, 96.1248779296875 16.83083218962482))",Ookla Open Data,https://ookla-open-data.s3.amazonaws.com/parquet/performance/type=mobile/year=2026/quarter=2/2026-04-01_performance_mobile_tiles.parquet
2026-04-01,2026-07-01,1322012223033031,96.1276,16.833499999999997,30655,14099,30.655,14.099,61,1547.0,624.0,10,6,False,True,mobile,,,,"POLYGON ((96.13037109375 16.83083218962482, 96.13037109375 16.836089974560213, 96.1248779296875 16.836089974560213, 96.1248779296875 16.83083218962482, 96.13037109375 16.83083218962482))",Ookla Open Data,https://ookla-open-data.s3.amazonaws.com/parquet/performance/type=mobile/year=2026/quarter=2/2026-04-01_performance_mobile_tiles.parquet
2026-04-01,2026-07-01,1322012223033032,96.12210000000002,16.828200000000002,54200,32246,54.2,32.246,84,972.0,1880.0,2,1,False,True,mobile,,,,"POLYGON ((96.1248779296875 16.825574258731486, 96.1248779296875 16.83083218962482, 96.119384765625 16.83083218962482, 96.119384765625 16.825574258731486, 96.1248779296875 16.825574258731486))",Ookla Open Data,https://ookla-open-data.s3.amazonaws.com/parquet/performance/type=mobile/year=2026/quarter=2/2026-04-01_performance_mobile_tiles.parquet
2026-04-01,2026-07-01,1322012223033033,96.1276,16.828200000000002,20223,16469,20.223,16.469,64,826.0,845.0,25,7,False,True,mobile,,,,"POLYGON ((96.13037109375 16.825574258731486, 96.13037109375 16.83083218962482, 96.1248779296875 16.83083218962482, 96.1248779296875 16.825574258731486, 96.13037109375 16.825574258731486))",Ookla Open Data,https://ookla-open-data.s3.amazonaws.com/parquet/performance/type=mobile/year=2026/quarter=2/2026-04-01_performance_mobile_tiles.parquet
2026-04-01,2026-07-01,1322012223033101,96.13860000000001,16.844,11421,2123,11.421,2.123,193,1219.0,2377.0,1,1,True,True,mobile,,,,"POLYGON ((96.141357421875 16.841347613497447, 96.141357421875 16.846605106396304, 96.1358642578125 16.846605106396304, 96.1358642578125 16.841347613497447, 96.141357421875 16.841347613497447))",Ookla Open Data,https://ookla-open-data.s3.amazonaws.com/parquet/performance/type=mobile/year=2026/quarter=2/2026-04-01_performance_mobile_tiles.parquet
2026-04-01,2026-07-01,1322012223033102,96.13310000000001,16.8387,29394,10358,29.394,10.358,39,794.0,1463.0,4,4,False,True,mobile,,,,"POLYGON ((96.1358642578125 16.836089974560213, 96.1358642578125 16.841347613497447, 96.13037109375 16.841347613497447, 96.13037109375 16.836089974560213, 96.1358642578125 16.836089974560213))",Ookla Open Data,https://ookla-open-data.s3.amazonaws.com/parquet/performance/type=mobile/year=2026/quarter=2/2026-04-01_performance_mobile_tiles.parquet
2026-04-01,2026-07-01,1322012223033122,96.13310000000001,16.828200000000002,29156,20265,29.156,20.265,53,649.0,390.0,3,2,False,True,mobile,,,,"POLYGON ((96.1358642578125 16.825574258731486, 96.1358642578125 16.83083218962482, 96.13037109375 16.83083218962482, 96.13037109375 16.825574258731486, 96.1358642578125 16.825574258731486))",Ookla Open Data,https://ookla-open-data.s3.amazonaws.com/parquet/performance/type=mobile/year=2026/quarter=2/2026-04-01_performance_mobile_tiles.parquet
2026-04-01,2026-07-01,1322012223033123,96.13860000000001,16.828200000000002,1291,852,1.291,0.852,216,224.0,,1,1,True,True,mobile,,,,"POLYGON ((96.141357421875 16.825574258731486, 96.141357421875 16.83083218962482, 96.1358642578125 16.83083218962482, 96.1358642578125 16.825574258731486, 96.141357421875 16.825574258731486))",Ookla Open Data,https://ookla-open-data.s3.amazonaws.com/parquet/performance/type=mobile/year=2026/quarter=2/2026-04-01_performance_mobile_tiles.parquet
2026-04-01,2026-07-01,1322012223033132,96.14410000000001,16.828200000000002,93684,54909,93.684,54.909,48,1014.0,386.0,2,1,False,True,mobile,,,,"POLYGON ((96.1468505859375 16.825574258731486, 96.1468505859375 16.83083218962482, 96.141357421875 16.83083218962482, 96.141357421875 16.825574258731486, 96.1468505859375 16.825574258731486))",Ookla Open Data,https://ookla-open-data.s3.amazonaws.com/parquet/performance/type=mobile/year=2026/quarter=2/2026-04-01_performance_mobile_tiles.parquet
2026-04-01,2026-07-01,1322012223033210,96.12210000000002,16.8229,22714,12571,22.714,12.571,56,1099.0,487.0,9,3,False,True,mobile,,,,"POLYGON ((96.1248779296875 16.82031618192045, 96.1248779296875 16.825574258731486, 96.119384765625 16.825574258731486, 96.119384765625 16.82031618192045, 96.1248779296875 16.82031618192045))",Ookla Open Data,https://ookla-open-data.s3.amazonaws.com/parquet/performance/type=mobile/year=2026/quarter=2/2026-04-01_performance_mobile_tiles.parquet
2026-04-01,2026-07-01,1322012223033211,96.1276,16.8229,1022,762,1.022,0.762,61,61.0,172.0,1,1,True,True,mobile,,,,"POLYGON ((96.13037109375 16.82031618192045, 96.13037109375 16.825574258731486, 96.1248779296875 16.825574258731486, 96.1248779296875 16.82031618192045, 96.13037109375 16.82031618192045))",Ookla Open Data,https://ookla-open-data.s3.amazonaws.com/parquet/performance/type=mobile/year=2026/quarter=2/2026-04-01_performance_mobile_tiles.parquet
2026-04-01,2026-07-01,1322012223033212,96.12210000000002,16.8177,28392,20463,28.392,20.463,63,713.0,375.0,2,2,False,True,mobile,,,,"POLYGON ((96.1248779296875 16.815057959231932, 96.1248779296875 16.82031618192045, 96.119384765625 16.82031618192045, 96.119384765625 16.815057959231932, 96.1248779296875 16.815057959231932))",Ookla Open Data,https://ookla-open-data.s3.amazonaws.com/parquet/performance/type=mobile/year=2026/quarter=2/2026-04-01_performance_mobile_tiles.parquet
2026-04-01,2026-07-01,1322012223033213,96.1276,16.8177,9752,26245,9.752,26.245,15,1338.0,934.0,2,2,False,True,mobile,,,,"POLYGON ((96.13037109375 16.815057959231932, 96.13037109375 16.82031618192045, 96.1248779296875 16.82031618192045, 96.1248779296875 16.815057959231932, 96.13037109375 16.815057959231932))",Ookla Open Data,https://ookla-open-data.s3.amazonaws.com/parquet/performance/type=mobile/year=2026/quarter=2/2026-04-01_performance_mobile_tiles.parquet
2026-04-01,2026-07-01,1322012223033231,96.1276,16.812400000000004,46608,21535,46.608,21.535,78,539.0,403.0,3,3,False,True,mobile,,,,"POLYGON ((96.13037109375 16.809799590706184, 96.13037109375 16.815057959231932, 96.1248779296875 16.815057959231932, 96.1248779296875 16.809799590706184, 96.13037109375 16.809799590706184))",Ookla Open Data,https://ookla-open-data.s3.amazonaws.com/parquet/performance/type=mobile/year=2026/quarter=2/2026-04-01_performance_mobile_tiles.parquet
2026-04-01,2026-07-01,1322012223033232,96.12210000000002,16.8072,17528,12812,17.528,12.812,139,1471.0,444.0,2,2,False,True,mobile,,,,"POLYGON ((96.1248779296875 16.80454107638345, 96.1248779296875 16.809799590706184, 96.119384765625 16.809799590706184, 96.119384765625 16.80454107638345, 96.1248779296875 16.80454107638345))",Ookla Open Data,https://ookla-open-data.s3.amazonaws.com/parquet/performance/type=mobile/year=2026/quarter=2/2026-04-01_performance_mobile_tiles.parquet
2026-04-01,2026-07-01,1322012223033233,96.1276,16.8072,30187,22354,30.187,22.354,75,2825.0,1070.0,3,2,False,True,mobile,,,,"POLYGON ((96.13037109375 16.80454107638345, 96.13037109375 16.809799590706184, 96.1248779296875 16.809799590706184, 96.1248779296875 16.80454107638345, 96.13037109375 16.80454107638345))",Ookla Open Data,https://ookla-open-data.s3.amazonaws.com/parquet/performance/type=mobile/year=2026/quarter=2/2026-04-01_performance_mobile_tiles.parquet
2026-04-01,2026-07-01,1322012223033300,96.13310000000001,16.8229,1622,657,1.622,0.657,103,620.0,5351.0,2,2,False,True,mobile,,,,"POLYGON ((96.1358642578125 16.82031618192045, 96.1358642578125 16.825574258731486, 96.13037109375 16.825574258731486, 96.13037109375 16.82031618192045, 96.1358642578125 16.82031618192045))",Ookla Open Data,https://ookla-open-data.s3.amazonaws.com/parquet/performance/type=mobile/year=2026/quarter=2/2026-04-01_performance_mobile_tiles.parquet
2026-04-01,2026-07-01,1322012223033302,96.13310000000001,16.8177,68507,25161,68.507,25.161,50,494.0,1951.0,3,3,False,True,mobile,,,,"POLYGON ((96.1358642578125 16.815057959231932, 96.1358642578125 16.82031618192045, 96.13037109375 16.82031618192045, 96.13037109375 16.815057959231932, 96.1358642578125 16.815057959231932))",Ookla Open Data,https://ookla-open-data.s3.amazonaws.com/parquet/performance/type=mobile/year=2026/quarter=2/2026-04-01_performance_mobile_tiles.parquet
2026-04-01,2026-07-01,1322012223033303,96.13860000000001,16.8177,32086,714,32.086,0.714,14,3778.0,1345.0,1,1,True,True,mobile,,,,"POLYGON ((96.141357421875 16.815057959231932, 96.141357421875 16.82031618192045, 96.1358642578125 16.82031618192045, 96.1358642578125 16.815057959231932, 96.141357421875 16.815057959231932))",Ookla Open Data,https://ookla-open-data.s3.amazonaws.com/parquet/performance/type=mobile/year=2026/quarter=2/2026-04-01_performance_mobile_tiles.parquet
2026-04-01,2026-07-01,1322012223033313,96.1496,16.8177,4591,512,4.591,0.512,53,2197.0,6639.0,2,1,False,True,mobile,,,,"POLYGON ((96.15234375 16.815057959231932, 96.15234375 16.82031618192045, 96.1468505859375 16.82031618192045, 96.1468505859375 16.815057959231932, 96.15234375 16.815057959231932))",Ookla Open Data,https://ookla-open-data.s3.amazonaws.com/parquet/performance/type=mobile/year=2026/quarter=2/2026-04-01_performance_mobile_tiles.parquet
2026-04-01,2026-07-01,1322012223033320,96.13310000000001,16.812400000000004,57954,29228,57.954,29.228,53,569.0,737.0,5,5,False,True,mobile,,,,"POLYGON ((96.1358642578125 16.809799590706184, 96.1358642578125 16.815057959231932, 96.13037109375 16.815057959231932, 96.13037109375 16.809799590706184, 96.1358642578125 16.809799590706184))",Ookla Open Data,https://ookla-open-data.s3.amazonaws.com/parquet/performance/type=mobile/year=2026/quarter=2/2026-04-01_performance_mobile_tiles.parquet
2026-04-01,2026-07-01,1322012223033322,96.13310000000001,16.8072,36955,28537,36.955,28.537,133,1014.0,1682.0,6,5,False,True,mobile,,,,"POLYGON ((96.1358642578125 16.80454107638345, 96.1358642578125 16.809799590706184, 96.13037109375 16.809799590706184, 96.13037109375 16.80454107638345, 96.1358642578125 16.80454107638345))",Ookla Open Data,https://ookla-open-data.s3.amazonaws.com/parquet/performance/type=mobile/year=2026/quarter=2/2026-04-01_performance_mobile_tiles.parquet
2026-04-01,2026-07-01,1322012223033323,96.13860000000001,16.8072,24538,1514,24.538,1.514,70,552.0,1197.0,2,2,False,True,mobile,,,,"POLYGON ((96.141357421875 16.80454107638345, 96.141357421875 16.809799590706184, 96.1358642578125 16.809799590706184, 96.1358642578125 16.80454107638345, 96.141357421875 16.80454107638345))",Ookla Open Data,https://ookla-open-data.s3.amazonaws.com/parquet/performance/type=mobile/year=2026/quarter=2/2026-04-01_performance_mobile_tiles.parquet
2026-04-01,2026-07-01,1322012223033331,96.1496,16.812400000000004,23407,2422,23.407,2.422,244,1691.0,716.0,1,1,True,True,mobile,,,,"POLYGON ((96.15234375 16.809799590706184, 96.15234375 16.815057959231932, 96.1468505859375 16.815057959231932, 96.1468505859375 16.809799590706184, 96.15234375 16.809799590706184))",Ookla Open Data,https://ookla-open-data.s3.amazonaws.com/parquet/performance/type=mobile/year=2026/quarter=2/2026-04-01_performance_mobile_tiles.parquet
2026-04-01,2026-07-01,1322012223033332,96.14410000000001,16.8072,70640,11663,70.64,11.663,36,1180.0,2206.0,6,4,False,True,mobile,,,,"POLYGON ((96.1468505859375 16.80454107638345, 96.1468505859375 16.809799590706184, 96.141357421875 16.809799590706184, 96.141357421875 16.80454107638345, 96.1468505859375 16.80454107638345))",Ookla Open Data,https://ookla-open-data.s3.amazonaws.com/parquet/performance/type=mobile/year=2026/quarter=2/2026-04-01_performance_mobile_tiles.parquet
2026-04-01,2026-07-01,1322012223033333,96.1496,16.8072,62809,36147,62.809,36.147,125,244.0,250.0,1,1,True,True,mobile,,,,"POLYGON ((96.15234375 16.80454107638345, 96.15234375 16.809799590706184, 96.1468505859375 16.809799590706184, 96.1468505859375 16.80454107638345, 96.15234375 16.80454107638345))",Ookla Open Data,https://ookla-open-data.s3.amazonaws.com/parquet/performance/type=mobile/year=2026/quarter=2/2026-04-01_performance_mobile_tiles.parquet
2026-04-01,2026-07-01,1322012223100222,96.1551,16.9333,5707,16218,5.707,16.218,58,51.0,80.0,2,2,False,True,mobile,,,,"POLYGON ((96.1578369140625 16.93070509876553, 96.1578369140625 16.93596010286472, 96.15234375 16.93596010286472, 96.15234375 16.93070509876553, 96.1578369140625 16.93070509876553))",Ookla Open Data,https://ookla-open-data.s3.amazonaws.com/parquet/performance/type=mobile/year=2026/quarter=2/2026-04-01_performance_mobile_tiles.parquet
2026-04-01,2026-07-01,1322012223100231,96.1716,16.9386,38519,33340,38.519,33.34,46,1937.0,135.0,2,1,False,True,mobile,,,,"POLYGON ((96.17431640625 16.93596010286472, 96.17431640625 16.941214960202657, 96.1688232421875 16.941214960202657, 96.1688232421875 16.93596010286472, 96.17431640625 16.93596010286472))",Ookla Open Data,https://ookla-open-data.s3.amazonaws.com/parquet/performance/type=mobile/year=2026/quarter=2/2026-04-01_performance_mobile_tiles.parquet
2026-04-01,2026-07-01,1322012223100311,96.1935,16.949099999999998,34476,7619,34.476,7.619,44,491.0,402.0,1,1,True,True,mobile,,,,"POLYGON ((96.1962890625 16.94646967073926, 96.1962890625 16.95172423443443, 96.1907958984375 16.95172423443443, 96.1907958984375 16.94646967073926, 96.1962890625 16.94646967073926))",Ookla Open Data,https://ookla-open-data.s3.amazonaws.com/parquet/performance/type=mobile/year=2026/quarter=2/2026-04-01_performance_mobile_tiles.parquet
2026-04-01,2026-07-01,1322012223100330,96.18799999999999,16.9386,21910,11348,21.91,11.348,109,1163.0,816.0,2,2,False,True,mobile,,,,"POLYGON ((96.1907958984375 16.93596010286472, 96.1907958984375 16.941214960202657, 96.185302734375 16.941214960202657, 96.185302734375 16.93596010286472, 96.1907958984375 16.93596010286472))",Ookla Open Data,https://ookla-open-data.s3.amazonaws.com/parquet/performance/type=mobile/year=2026/quarter=2/2026-04-01_performance_mobile_tiles.parquet
2026-04-01,2026-07-01,1322012223101200,96.199,16.949099999999998,11631,9246,11.631,9.246,216,854.0,269.0,1,1,True,True,mobile,,,,"POLYGON ((96.2017822265625 16.94646967073926, 96.2017822265625 16.95172423443443, 96.1962890625 16.95172423443443, 96.1962890625 16.94646967073926, 96.2017822265625 16.94646967073926))",Ookla Open Data,https://ookla-open-data.s3.amazonaws.com/parquet/performance/type=mobile/year=2026/quarter=2/2026-04-01_performance_mobile_tiles.parquet
2026-04-01,2026-07-01,1322012223101333,96.2375,16.9333,54350,32366,54.35,32.366,75,414.0,127.0,1,1,True,True,mobile,,,,"POLYGON ((96.240234375 16.93070509876553, 96.240234375 16.93596010286472, 96.2347412109375 16.93596010286472, 96.2347412109375 16.93070509876553, 96.240234375 16.93070509876553))",Ookla Open Data,https://ookla-open-data.s3.amazonaws.com/parquet/performance/type=mobile/year=2026/quarter=2/2026-04-01_performance_mobile_tiles.parquet
2026-04-01,2026-07-01,1322012223102001,96.16060000000002,16.9281,1452,37978,1.452,37.978,230,3367.0,301.0,1,1,True,True,mobile,,,,"POLYGON ((96.163330078125 16.925449947945214, 96.163330078125 16.93070509876553, 96.1578369140625 16.93070509876553, 96.1578369140625 16.925449947945214, 96.163330078125 16.925449947945214))",Ookla Open Data,https://ookla-open-data.s3.amazonaws.com/parquet/performance/type=mobile/year=2026/quarter=2/2026-04-01_performance_mobile_tiles.parquet
2026-04-01,2026-07-01,1322012223102021,96.16060000000002,16.9176,35065,23212,35.065,23.212,76,747.0,159.0,1,1,True,True,mobile,,,,"POLYGON ((96.163330078125 16.914939206301643, 96.163330078125 16.92019465044388, 96.1578369140625 16.92019465044388, 96.1578369140625 16.914939206301643, 96.163330078125 16.914939206301643))",Ookla Open Data,https://ookla-open-data.s3.amazonaws.com/parquet/performance/type=mobile/year=2026/quarter=2/2026-04-01_performance_mobile_tiles.parquet
2026-04-01,2026-07-01,1322012223102032,96.1661,16.9123,38655,23201,38.655,23.201,218,1014.0,498.0,3,2,False,True,mobile,,,,"POLYGON ((96.1688232421875 16.909683615558638, 96.1688232421875 16.914939206301643, 96.163330078125 16.914939206301643, 96.163330078125 16.909683615558638, 96.1688232421875 16.909683615558638))",Ookla Open Data,https://ookla-open-data.s3.amazonaws.com/parquet/performance/type=mobile/year=2026/quarter=2/2026-04-01_performance_mobile_tiles.parquet
2026-04-01,2026-07-01,1322012223102110,96.18799999999999,16.9281,50286,21797,50.286,21.797,13,597.0,841.0,1,1,True,True,mobile,,,,"POLYGON ((96.1907958984375 16.925449947945214, 96.1907958984375 16.93070509876553, 96.185302734375 16.93070509876553, 96.185302734375 16.925449947945214, 96.1907958984375 16.925449947945214))",Ookla Open Data,https://ookla-open-data.s3.amazonaws.com/parquet/performance/type=mobile/year=2026/quarter=2/2026-04-01_performance_mobile_tiles.parquet
2026-04-01,2026-07-01,1322012223102202,96.1551,16.901799999999998,36041,14047,36.041,14.047,116,2206.0,703.0,2,2,False,True,mobile,,,,"POLYGON ((96.1578369140625 16.899171994430837, 96.1578369140625 16.90442787825499, 96.15234375 16.90442787825499, 96.15234375 16.899171994430837, 96.1578369140625 16.899171994430837))",Ookla Open Data,https://ookla-open-data.s3.amazonaws.com/parquet/performance/type=mobile/year=2026/quarter=2/2026-04-01_performance_mobile_tiles.parquet
2026-04-01,2026-07-01,1322012223102203,96.16060000000002,16.901799999999998,1177,342,1.177,0.342,198,534.0,469.0,1,1,True,True,mobile,,,,"POLYGON ((96.163330078125 16.899171994430837, 96.163330078125 16.90442787825499, 96.1578369140625 16.90442787825499, 96.1578369140625 16.899171994430837, 96.163330078125 16.899171994430837))",Ookla Open Data,https://ookla-open-data.s3.amazonaws.com/parquet/performance/type=mobile/year=2026/quarter=2/2026-04-01_performance_mobile_tiles.parquet
2026-04-01,2026-07-01,1322012223102210,96.1661,16.907099999999996,49036,39139,49.036,39.139,118,651.0,590.0,2,2,False,True,mobile,,,,"POLYGON ((96.1688232421875 16.90442787825499, 96.1688232421875 16.909683615558638, 96.163330078125 16.909683615558638, 96.163330078125 16.90442787825499, 96.1688232421875 16.90442787825499))",Ookla Open Data,https://ookla-open-data.s3.amazonaws.com/parquet/performance/type=mobile/year=2026/quarter=2/2026-04-01_performance_mobile_tiles.parquet
2026-04-01,2026-07-01,1322012223102220,96.1551,16.8965,40683,20573,40.683,20.573,66,446.0,1048.0,3,2,False,True,mobile,,,,"POLYGON ((96.1578369140625 16.89391596412632, 96.1578369140625 16.899171994430837, 96.15234375 16.899171994430837, 96.15234375 16.89391596412632, 96.1578369140625 16.89391596412632))",Ookla Open Data,https://ookla-open-data.s3.amazonaws.com/parquet/performance/type=mobile/year=2026/quarter=2/2026-04-01_performance_mobile_tiles.parquet
2026-04-01,2026-07-01,1322012223102222,96.1551,16.891299999999998,53883,18108,53.883,18.108,122,992.0,548.0,1,1,True,True,mobile,,,,"POLYGON ((96.1578369140625 16.888659787381606, 96.1578369140625 16.89391596412632, 96.15234375 16.89391596412632, 96.15234375 16.888659787381606, 96.1578369140625 16.888659787381606))",Ookla Open Data,https://ookla-open-data.s3.amazonaws.com/parquet/performance/type=mobile/year=2026/quarter=2/2026-04-01_performance_mobile_tiles.parquet
2026-04-01,2026-07-01,1322012223102312,96.18799999999999,16.901799999999998,2454,1692,2.454,1.692,121,1082.0,1177.0,1,1,True,True,mobile,,,,"POLYGON ((96.1907958984375 16.899171994430837, 96.1907958984375 16.90442787825499, 96.185302734375 16.90442787825499, 96.185302734375 16.899171994430837, 96.1907958984375 16.899171994430837))",Ookla Open Data,https://ookla-open-data.s3.amazonaws.com/parquet/performance/type=mobile/year=2026/quarter=2/2026-04-01_performance_mobile_tiles.parquet
2026-04-01,2026-07-01,1322012223102321,96.18260000000001,16.8965,13029,23521,13.029,23.521,294,774.0,977.0,1,1,True,True,mobile,,,,"POLYGON ((96.185302734375 16.89391596412632, 96.185302734375 16.899171994430837, 96.1798095703125 16.899171994430837, 96.1798095703125 16.89391596412632, 96.185302734375 16.89391596412632))",Ookla Open Data,https://ookla-open-data.s3.amazonaws.com/parquet/performance/type=mobile/year=2026/quarter=2/2026-04-01_performance_mobile_tiles.parquet
2026-04-01,2026-07-01,1322012223102323,96.18260000000001,16.891299999999998,16302,3687,16.302,3.687,69,476.0,4841.0,1,1,True,True,mobile,,,,"POLYGON ((96.185302734375 16.888659787381606, 96.185302734375 16.89391596412632, 96.1798095703125 16.89391596412632, 96.1798095703125 16.888659787381606, 96.185302734375 16.888659787381606))",Ookla Open Data,https://ookla-open-data.s3.amazonaws.com/parquet/performance/type=mobile/year=2026/quarter=2/2026-04-01_performance_mobile_tiles.parquet
2026-04-01,2026-07-01,1322012223103102,96.221,16.922800000000002,47552,23257,47.552,23.257,101,603.0,1021.0,2,1,False,True,mobile,,,,"POLYGON ((96.2237548828125 16.92019465044388, 96.2237548828125 16.925449947945214, 96.21826171875 16.925449947945214, 96.21826171875 16.92019465044388, 96.2237548828125 16.92019465044388))",Ookla Open Data,https://ookla-open-data.s3.amazonaws.com/parquet/performance/type=mobile/year=2026/quarter=2/2026-04-01_performance_mobile_tiles.parquet
2026-04-01,2026-07-01,1322012223103220,96.199,16.8965,29848,14866,29.848,14.866,29,2057.0,1388.0,2,2,False,True,mobile,,,,"POLYGON ((96.2017822265625 16.89391596412632, 96.2017822265625 16.899171994430837, 96.1962890625 16.899171994430837, 96.1962890625 16.89391596412632, 96.2017822265625 16.89391596412632))",Ookla Open Data,https://ookla-open-data.s3.amazonaws.com/parquet/performance/type=mobile/year=2026/quarter=2/2026-04-01_performance_mobile_tiles.parquet
2026-04-01,2026-07-01,1322012223103222,96.199,16.891299999999998,3711,237,3.711,0.237,78,1524.0,2005.0,1,1,True,True,mobile,,,,"POLYGON ((96.2017822265625 16.888659787381606, 96.2017822265625 16.89391596412632, 96.1962890625 16.89391596412632, 96.1962890625 16.888659787381606, 96.2017822265625 16.888659787381606))",Ookla Open Data,https://ookla-open-data.s3.amazonaws.com/parquet/performance/type=mobile/year=2026/quarter=2/2026-04-01_performance_mobile_tiles.parquet
2026-04-01,2026-07-01,1322012223103310,96.232,16.907099999999996,387,6798,0.387,6.798,18,3831.0,1550.0,1,1,True,True,mobile,,,,"POLYGON ((96.2347412109375 16.90442787825499, 96.2347412109375 16.909683615558638, 96.229248046875 16.909683615558638, 96.229248046875 16.90442787825499, 96.2347412109375 16.90442787825499))",Ookla Open Data,https://ookla-open-data.s3.amazonaws.com/parquet/performance/type=mobile/year=2026/quarter=2/2026-04-01_performance_mobile_tiles.parquet
2026-04-01,2026-07-01,1322012223110013,96.2595,16.964900000000004,15763,7954,15.763,7.954,179,1004.0,1749.0,21,1,False,True,mobile,,,,"POLYGON ((96.26220703125 16.962232921140096, 96.26220703125 16.96748704407044, 96.2567138671875 16.96748704407044, 96.2567138671875 16.962232921140096, 96.26220703125 16.962232921140096))",Ookla Open Data,https://ookla-open-data.s3.amazonaws.com/parquet/performance/type=mobile/year=2026/quarter=2/2026-04-01_performance_mobile_tiles.parquet
2026-04-01,2026-07-01,1322012223110031,96.2595,16.9596,15305,11563,15.305,11.563,136,966.0,1736.0,7,1,False,True,mobile,,,,"POLYGON ((96.26220703125 16.95697865124807, 96.26220703125 16.962232921140096, 96.2567138671875 16.962232921140096, 96.2567138671875 16.95697865124807, 96.26220703125 16.95697865124807))",Ookla Open Data,https://ookla-open-data.s3.amazonaws.com/parquet/performance/type=mobile/year=2026/quarter=2/2026-04-01_performance_mobile_tiles.parquet
2026-04-01,2026-07-01,1322012223110310,96.27590000000001,16.949099999999998,9034,32479,9.034,32.479,32,1088.0,301.0,1,1,True,True,mobile,,,,"POLYGON ((96.2786865234375 16.94646967073926, 96.2786865234375 16.95172423443443, 96.273193359375 16.95172423443443, 96.273193359375 16.94646967073926, 96.2786865234375 16.94646967073926))",Ookla Open Data,https://ookla-open-data.s3.amazonaws.com/parquet/performance/type=mobile/year=2026/quarter=2/2026-04-01_performance_mobile_tiles.parquet
2026-04-01,2026-07-01,1322012223112100,96.265,16.9281,11537,8406,11.537,8.406,18,975.0,961.0,3,2,False,True,mobile,,,,"POLYGON ((96.2677001953125 16.925449947945214, 96.2677001953125 16.93070509876553, 96.26220703125 16.93070509876553, 96.26220703125 16.925449947945214, 96.2677001953125 16.925449947945214))",Ookla Open Data,https://ookla-open-data.s3.amazonaws.com/parquet/performance/type=mobile/year=2026/quarter=2/2026-04-01_performance_mobile_tiles.parquet
2026-04-01,2026-07-01,1322012223112212,96.25399999999999,16.901799999999998,11771,16331,11.771,16.331,247,2004.0,3945.0,1,1,True,True,mobile,,,,"POLYGON ((96.2567138671875 16.899171994430837, 96.2567138671875 16.90442787825499, 96.251220703125 16.90442787825499, 96.251220703125 16.899171994430837, 96.2567138671875 16.899171994430837))",Ookla Open Data,https://ookla-open-data.s3.amazonaws.com/parquet/performance/type=mobile/year=2026/quarter=2/2026-04-01_performance_mobile_tiles.parquet
2026-04-01,2026-07-01,1322012223120001,96.16060000000002,16.886,1847,644,1.847,0.644,16,2060.0,1556.0,1,1,True,True,mobile,,,,"POLYGON ((96.163330078125 16.88340346423683, 96.163330078125 16.888659787381606, 96.1578369140625 16.888659787381606, 96.1578369140625 16.88340346423683, 96.163330078125 16.88340346423683))",Ookla Open Data,https://ookla-open-data.s3.amazonaws.com/parquet/performance/type=mobile/year=2026/quarter=2/2026-04-01_performance_mobile_tiles.parquet
2026-04-01,2026-07-01,1322012223120020,96.1551,16.8755,23329,2606,23.329,2.606,57,730.0,6487.0,1,1,True,True,mobile,,,,"POLYGON ((96.1578369140625 16.87289037890778, 96.1578369140625 16.878146994732166, 96.15234375 16.878146994732166, 96.15234375 16.87289037890778, 96.1578369140625 16.87289037890778))",Ookla Open Data,https://ookla-open-data.s3.amazonaws.com/parquet/performance/type=mobile/year=2026/quarter=2/2026-04-01_performance_mobile_tiles.parquet
2026-04-01,2026-07-01,1322012223120021,96.16060000000002,16.8755,37506,11763,37.506,11.763,124,658.0,1276.0,2,1,False,True,mobile,,,,"POLYGON ((96.163330078125 16.87289037890778, 96.163330078125 16.878146994732166, 96.1578369140625 16.878146994732166, 96.1578369140625 16.87289037890778, 96.163330078125 16.87289037890778))",Ookla Open Data,https://ookla-open-data.s3.amazonaws.com/parquet/performance/type=mobile/year=2026/quarter=2/2026-04-01_performance_mobile_tiles.parquet
2026-04-01,2026-07-01,1322012223120101,96.18260000000001,16.886,38085,19890,38.085,19.89,14,524.0,430.0,2,1,False,True,mobile,,,,"POLYGON ((96.185302734375 16.88340346423683, 96.185302734375 16.888659787381606, 96.1798095703125 16.888659787381606, 96.1798095703125 16.88340346423683, 96.185302734375 16.88340346423683))",Ookla Open Data,https://ookla-open-data.s3.amazonaws.com/parquet/performance/type=mobile/year=2026/quarter=2/2026-04-01_performance_mobile_tiles.parquet
2026-04-01,2026-07-01,1322012223120103,96.18260000000001,16.8808,5668,797,5.668,0.797,61,1356.0,9657.0,1,1,True,True,mobile,,,,"POLYGON ((96.185302734375 16.878146994732166, 96.185302734375 16.88340346423683, 96.1798095703125 16.88340346423683, 96.1798095703125 16.878146994732166, 96.185302734375 16.878146994732166))",Ookla Open Data,https://ookla-open-data.s3.amazonaws.com/parquet/performance/type=mobile/year=2026/quarter=2/2026-04-01_performance_mobile_tiles.parquet
2026-04-01,2026-07-01,1322012223120120,96.17710000000001,16.8755,49176,28536,49.176,28.536,45,125.0,99.0,2,1,False,True,mobile,,,,"POLYGON ((96.1798095703125 16.87289037890778, 96.1798095703125 16.878146994732166, 96.17431640625 16.878146994732166, 96.17431640625 16.87289037890778, 96.1798095703125 16.87289037890778))",Ookla Open Data,https://ookla-open-data.s3.amazonaws.com/parquet/performance/type=mobile/year=2026/quarter=2/2026-04-01_performance_mobile_tiles.parquet
2026-04-01,2026-07-01,1322012223120122,96.17710000000001,16.8703,98003,22121,98.003,22.121,79,477.0,196.0,2,2,False,True,mobile,,,,"POLYGON ((96.1798095703125 16.867633616803843, 96.1798095703125 16.87289037890778, 96.17431640625 16.87289037890778, 96.17431640625 16.867633616803843, 96.1798095703125 16.867633616803843))",Ookla Open Data,https://ookla-open-data.s3.amazonaws.com/parquet/performance/type=mobile/year=2026/quarter=2/2026-04-01_performance_mobile_tiles.parquet
2026-04-01,2026-07-01,1322012223120132,96.18799999999999,16.8703,18190,25120,18.19,25.12,73,579.0,359.0,2,1,False,True,mobile,,,,"POLYGON ((96.1907958984375 16.867633616803843, 96.1907958984375 16.87289037890778, 96.185302734375 16.87289037890778, 96.185302734375 16.867633616803843, 96.1907958984375 16.867633616803843))",Ookla Open Data,https://ookla-open-data.s3.amazonaws.com/parquet/performance/type=mobile/year=2026/quarter=2/2026-04-01_performance_mobile_tiles.parquet
2026-04-01,2026-07-01,1322012223120133,96.1935,16.8703,58029,29751,58.029,29.751,65,663.0,1229.0,1,1,True,True,mobile,,,,"POLYGON ((96.1962890625 16.867633616803843, 96.1962890625 16.87289037890778, 96.1907958984375 16.87289037890778, 96.1907958984375 16.867633616803843, 96.1962890625 16.867633616803843))",Ookla Open Data,https://ookla-open-data.s3.amazonaws.com/parquet/performance/type=mobile/year=2026/quarter=2/2026-04-01_performance_mobile_tiles.parquet
2026-04-01,2026-07-01,1322012223120200,96.1551,16.865000000000002,34752,15955,34.752,15.955,211,1716.0,1819.0,2,1,False,True,mobile,,,,"POLYGON ((96.1578369140625 16.862376708460538, 96.1578369140625 16.867633616803843, 96.15234375 16.867633616803843, 96.15234375 16.862376708460538, 96.1578369140625 16.862376708460538))",Ookla Open Data,https://ookla-open-data.s3.amazonaws.com/parquet/performance/type=mobile/year=2026/quarter=2/2026-04-01_performance_mobile_tiles.parquet
2026-04-01,2026-07-01,1322012223120202,96.1551,16.8597,11827,32026,11.827,32.026,13,687.0,476.0,1,1,True,True,mobile,,,,"POLYGON ((96.1578369140625 16.857119653918048, 96.1578369140625 16.862376708460538, 96.15234375 16.862376708460538, 96.15234375 16.857119653918048, 96.1578369140625 16.857119653918048))",Ookla Open Data,https://ookla-open-data.s3.amazonaws.com/parquet/performance/type=mobile/year=2026/quarter=2/2026-04-01_performance_mobile_tiles.parquet
2026-04-01,2026-07-01,1322012223120220,96.1551,16.8545,41533,24997,41.533,24.997,240,701.0,1316.0,1,1,True,True,mobile,,,,"POLYGON ((96.1578369140625 16.851862453216572, 96.1578369140625 16.857119653918048, 96.15234375 16.857119653918048, 96.15234375 16.851862453216572, 96.1578369140625 16.851862453216572))",Ookla Open Data,https://ookla-open-data.s3.amazonaws.com/parquet/performance/type=mobile/year=2026/quarter=2/2026-04-01_performance_mobile_tiles.parquet
2026-04-01,2026-07-01,1322012223120221,96.16060000000002,16.8545,111699,30222,111.699,30.222,115,799.0,156.0,2,1,False,True,mobile,,,,"POLYGON ((96.163330078125 16.851862453216572, 96.163330078125 16.857119653918048, 96.1578369140625 16.857119653918048, 96.1578369140625 16.851862453216572, 96.163330078125 16.851862453216572))",Ookla Open Data,https://ookla-open-data.s3.amazonaws.com/parquet/performance/type=mobile/year=2026/quarter=2/2026-04-01_performance_mobile_tiles.parquet
2026-04-01,2026-07-01,1322012223120223,96.16060000000002,16.849200000000003,21802,16260,21.802,16.26,79,731.0,676.0,4,3,False,True,mobile,,,,"POLYGON ((96.163330078125 16.846605106396304, 96.163330078125 16.851862453216572, 96.1578369140625 16.851862453216572, 96.1578369140625 16.846605106396304, 96.163330078125 16.846605106396304))",Ookla Open Data,https://ookla-open-data.s3.amazonaws.com/parquet/performance/type=mobile/year=2026/quarter=2/2026-04-01_performance_mobile_tiles.parquet
2026-04-01,2026-07-01,1322012223120230,96.1661,16.8545,6862,5320,6.862,5.32,15,1080.0,1029.0,1,1,True,True,mobile,,,,"POLYGON ((96.1688232421875 16.851862453216572, 96.1688232421875 16.857119653918048, 96.163330078125 16.857119653918048, 96.163330078125 16.851862453216572, 96.1688232421875 16.851862453216572))",Ookla Open Data,https://ookla-open-data.s3.amazonaws.com/parquet/performance/type=mobile/year=2026/quarter=2/2026-04-01_performance_mobile_tiles.parquet
2026-04-01,2026-07-01,1322012223120231,96.1716,16.8545,923,90,0.923,0.09,88,4755.0,,1,1,True,True,mobile,,,,"POLYGON ((96.17431640625 16.851862453216572, 96.17431640625 16.857119653918048, 96.1688232421875 16.857119653918048, 96.1688232421875 16.851862453216572, 96.17431640625 16.851862453216572))",Ookla Open Data,https://ookla-open-data.s3.amazonaws.com/parquet/performance/type=mobile/year=2026/quarter=2/2026-04-01_performance_mobile_tiles.parquet
2026-04-01,2026-07-01,1322012223120232,96.1661,16.849200000000003,76108,4722,76.108,4.722,40,503.0,3530.0,1,1,True,True,mobile,,,,"POLYGON ((96.1688232421875 16.846605106396304, 96.1688232421875 16.851862453216572, 96.163330078125 16.851862453216572, 96.163330078125 16.846605106396304, 96.1688232421875 16.846605106396304))",Ookla Open Data,https://ookla-open-data.s3.amazonaws.com/parquet/performance/type=mobile/year=2026/quarter=2/2026-04-01_performance_mobile_tiles.parquet
2026-04-01,2026-07-01,1322012223120302,96.17710000000001,16.8597,21873,12170,21.873,12.17,56,568.0,364.0,13,2,False,True,mobile,,,,"POLYGON ((96.1798095703125 16.857119653918048, 96.1798095703125 16.862376708460538, 96.17431640625 16.862376708460538, 96.17431640625 16.857119653918048, 96.1798095703125 16.857119653918048))",Ookla Open Data,https://ookla-open-data.s3.amazonaws.com/parquet/performance/type=mobile/year=2026/quarter=2/2026-04-01_performance_mobile_tiles.parquet
2026-04-01,2026-07-01,1322012223120303,96.18260000000001,16.8597,3720,66589,3.72,66.589,54,104.0,810.0,1,1,True,True,mobile,,,,"POLYGON ((96.185302734375 16.857119653918048, 96.185302734375 16.862376708460538, 96.1798095703125 16.862376708460538, 96.1798095703125 16.857119653918048, 96.185302734375 16.857119653918048))",Ookla Open Data,https://ookla-open-data.s3.amazonaws.com/parquet/performance/type=mobile/year=2026/quarter=2/2026-04-01_performance_mobile_tiles.parquet
2026-04-01,2026-07-01,1322012223120313,96.1935,16.8597,19777,4806,19.777,4.806,44,,,1,1,True,True,mobile,,,,"POLYGON ((96.1962890625 16.857119653918048, 96.1962890625 16.862376708460538, 96.1907958984375 16.862376708460538, 96.1907958984375 16.857119653918048, 96.1962890625 16.857119653918048))",Ookla Open Data,https://ookla-open-data.s3.amazonaws.com/parquet/performance/type=mobile/year=2026/quarter=2/2026-04-01_performance_mobile_tiles.parquet
2026-04-01,2026-07-01,1322012223120320,96.17710000000001,16.8545,13538,8499,13.538,8.499,60,2250.0,533.0,1,1,True,True,mobile,,,,"POLYGON ((96.1798095703125 16.851862453216572, 96.1798095703125 16.857119653918048, 96.17431640625 16.857119653918048, 96.17431640625 16.851862453216572, 96.1798095703125 16.851862453216572))",Ookla Open Data,https://ookla-open-data.s3.amazonaws.com/parquet/performance/type=mobile/year=2026/quarter=2/2026-04-01_performance_mobile_tiles.parquet
2026-04-01,2026-07-01,1322012223120321,96.18260000000001,16.8545,31037,5644,31.037,5.644,142,256.0,179.0,2,2,False,True,mobile,,,,"POLYGON ((96.185302734375 16.851862453216572, 96.185302734375 16.857119653918048, 96.1798095703125 16.857119653918048, 96.1798095703125 16.851862453216572, 96.185302734375 16.851862453216572))",Ookla Open Data,https://ookla-open-data.s3.amazonaws.com/parquet/performance/type=mobile/year=2026/quarter=2/2026-04-01_performance_mobile_tiles.parquet
2026-04-01,2026-07-01,1322012223120323,96.18260000000001,16.849200000000003,19984,11815,19.984,11.815,107,813.0,1328.0,2,2,False,True,mobile,,,,"POLYGON ((96.185302734375 16.846605106396304, 96.185302734375 16.851862453216572, 96.1798095703125 16.851862453216572, 96.1798095703125 16.846605106396304, 96.185302734375 16.846605106396304))",Ookla Open Data,https://ookla-open-data.s3.amazonaws.com/parquet/performance/type=mobile/year=2026/quarter=2/2026-04-01_performance_mobile_tiles.parquet
2026-04-01,2026-07-01,1322012223120332,96.18799999999999,16.849200000000003,24585,13046,24.585,13.046,151,1128.0,998.0,7,4,False,True,mobile,,,,"POLYGON ((96.1907958984375 16.846605106396304, 96.1907958984375 16.851862453216572, 96.185302734375 16.851862453216572, 96.185302734375 16.846605106396304, 96.1907958984375 16.846605106396304))",Ookla Open Data,https://ookla-open-data.s3.amazonaws.com/parquet/performance/type=mobile/year=2026/quarter=2/2026-04-01_performance_mobile_tiles.parquet
2026-04-01,2026-07-01,1322012223120333,96.1935,16.849200000000003,18533,29295,18.533,29.295,220,1556.0,,1,1,True,True,mobile,,,,"POLYGON ((96.1962890625 16.846605106396304, 96.1962890625 16.851862453216572, 96.1907958984375 16.851862453216572, 96.1907958984375 16.846605106396304, 96.1962890625 16.846605106396304))",Ookla Open Data,https://ookla-open-data.s3.amazonaws.com/parquet/performance/type=mobile/year=2026/quarter=2/2026-04-01_performance_mobile_tiles.parquet
2026-04-01,2026-07-01,1322012223121000,96.199,16.886,108055,25024,108.055,25.024,17,455.0,287.0,1,1,True,True,mobile,,,,"POLYGON ((96.2017822265625 16.88340346423683, 96.2017822265625 16.888659787381606, 96.1962890625 16.888659787381606, 96.1962890625 16.88340346423683, 96.2017822265625 16.88340346423683))",Ookla Open Data,https://ookla-open-data.s3.amazonaws.com/parquet/performance/type=mobile/year=2026/quarter=2/2026-04-01_performance_mobile_tiles.parquet
2026-04-01,2026-07-01,1322012223121012,96.21000000000001,16.8808,37710,8297,37.71,8.297,14,766.0,678.0,1,1,True,True,mobile,,,,"POLYGON ((96.2127685546875 16.878146994732166, 96.2127685546875 16.88340346423683, 96.207275390625 16.88340346423683, 96.207275390625 16.878146994732166, 96.2127685546875 16.878146994732166))",Ookla Open Data,https://ookla-open-data.s3.amazonaws.com/parquet/performance/type=mobile/year=2026/quarter=2/2026-04-01_performance_mobile_tiles.parquet
2026-04-01,2026-07-01,1322012223121013,96.21549999999999,16.8808,101526,51427,101.526,51.427,66,281.0,907.0,1,1,True,True,mobile,,,,"POLYGON ((96.21826171875 16.878146994732166, 96.21826171875 16.88340346423683, 96.2127685546875 16.88340346423683, 96.2127685546875 16.878146994732166, 96.21826171875 16.878146994732166))",Ookla Open Data,https://ookla-open-data.s3.amazonaws.com/parquet/performance/type=mobile/year=2026/quarter=2/2026-04-01_performance_mobile_tiles.parquet
2026-04-01,2026-07-01,1322012223121020,96.199,16.8755,50510,20057,50.51,20.057,31,383.0,815.0,2,2,False,True,mobile,,,,"POLYGON ((96.2017822265625 16.87289037890778, 96.2017822265625 16.878146994732166, 96.1962890625 16.878146994732166, 96.1962890625 16.87289037890778, 96.2017822265625 16.87289037890778))",Ookla Open Data,https://ookla-open-data.s3.amazonaws.com/parquet/performance/type=mobile/year=2026/quarter=2/2026-04-01_performance_mobile_tiles.parquet
2026-04-01,2026-07-01,1322012223121102,96.221,16.8808,42727,9499,42.727,9.499,271,861.0,520.0,1,1,True,True,mobile,,,,"POLYGON ((96.2237548828125 16.878146994732166, 96.2237548828125 16.88340346423683, 96.21826171875 16.88340346423683, 96.21826171875 16.878146994732166, 96.2237548828125 16.878146994732166))",Ookla Open Data,https://ookla-open-data.s3.amazonaws.com/parquet/performance/type=mobile/year=2026/quarter=2/2026-04-01_performance_mobile_tiles.parquet
2026-04-01,2026-07-01,1322012223121103,96.2265,16.8808,38469,44490,38.469,44.49,103,431.0,346.0,1,1,True,True,mobile,,,,"POLYGON ((96.229248046875 16.878146994732166, 96.229248046875 16.88340346423683, 96.2237548828125 16.88340346423683, 96.2237548828125 16.878146994732166, 96.229248046875 16.878146994732166))",Ookla Open Data,https://ookla-open-data.s3.amazonaws.com/parquet/performance/type=mobile/year=2026/quarter=2/2026-04-01_performance_mobile_tiles.parquet
2026-04-01,2026-07-01,1322012223121111,96.2375,16.886,19802,18892,19.802,18.892,14,1323.0,1870.0,3,1,False,True,mobile,,,,"POLYGON ((96.240234375 16.88340346423683, 96.240234375 16.888659787381606, 96.2347412109375 16.888659787381606, 96.2347412109375 16.88340346423683, 96.240234375 16.88340346423683))",Ookla Open Data,https://ookla-open-data.s3.amazonaws.com/parquet/performance/type=mobile/year=2026/quarter=2/2026-04-01_performance_mobile_tiles.parquet
2026-04-01,2026-07-01,1322012223121122,96.221,16.8703,60956,36496,60.956,36.496,86,1124.0,1130.0,1,1,True,True,mobile,,,,"POLYGON ((96.2237548828125 16.867633616803843, 96.2237548828125 16.87289037890778, 96.21826171875 16.87289037890778, 96.21826171875 16.867633616803843, 96.2237548828125 16.867633616803843))",Ookla Open Data,https://ookla-open-data.s3.amazonaws.com/parquet/performance/type=mobile/year=2026/quarter=2/2026-04-01_performance_mobile_tiles.parquet
2026-04-01,2026-07-01,1322012223121203,96.20450000000001,16.8597,42372,12760,42.372,12.76,87,615.0,408.0,1,1,True,True,mobile,,,,"POLYGON ((96.207275390625 16.857119653918048, 96.207275390625 16.862376708460538, 96.2017822265625 16.862376708460538, 96.2017822265625 16.857119653918048, 96.207275390625 16.857119653918048))",Ookla Open Data,https://ookla-open-data.s3.amazonaws.com/parquet/performance/type=mobile/year=2026/quarter=2/2026-04-01_performance_mobile_tiles.parquet
2026-04-01,2026-07-01,1322012223121212,96.21000000000001,16.8597,653,100,0.653,0.1,36,43.0,,1,1,True,True,mobile,,,,"POLYGON ((96.2127685546875 16.857119653918048, 96.2127685546875 16.862376708460538, 96.207275390625 16.862376708460538, 96.207275390625 16.857119653918048, 96.2127685546875 16.857119653918048))",Ookla Open Data,https://ookla-open-data.s3.amazonaws.com/parquet/performance/type=mobile/year=2026/quarter=2/2026-04-01_performance_mobile_tiles.parquet
2026-04-01,2026-07-01,1322012223121222,96.199,16.849200000000003,10325,5964,10.325,5.964,242,1851.0,692.0,3,3,False,True,mobile,,,,"POLYGON ((96.2017822265625 16.846605106396304, 96.2017822265625 16.851862453216572, 96.1962890625 16.851862453216572, 96.1962890625 16.846605106396304, 96.2017822265625 16.846605106396304))",Ookla Open Data,https://ookla-open-data.s3.amazonaws.com/parquet/performance/type=mobile/year=2026/quarter=2/2026-04-01_performance_mobile_tiles.parquet
2026-04-01,2026-07-01,1322012223121302,96.221,16.8597,16528,9898,16.528,9.898,225,536.0,372.0,1,1,True,True,mobile,,,,"POLYGON ((96.2237548828125 16.857119653918048, 96.2237548828125 16.862376708460538, 96.21826171875 16.862376708460538, 96.21826171875 16.857119653918048, 96.2237548828125 16.857119653918048))",Ookla Open Data,https://ookla-open-data.s3.amazonaws.com/parquet/performance/type=mobile/year=2026/quarter=2/2026-04-01_performance_mobile_tiles.parquet
2026-04-01,2026-07-01,1322012223121322,96.221,16.849200000000003,35582,27397,35.582,27.397,66,915.0,226.0,1,1,True,True,mobile,,,,"POLYGON ((96.2237548828125 16.846605106396304, 96.2237548828125 16.851862453216572, 96.21826171875 16.851862453216572, 96.21826171875 16.846605106396304, 96.2237548828125 16.846605106396304))",Ookla Open Data,https://ookla-open-data.s3.amazonaws.com/parquet/performance/type=mobile/year=2026/quarter=2/2026-04-01_performance_mobile_tiles.parquet
2026-04-01,2026-07-01,1322012223122000,96.1551,16.844,13640,1557,13.64,1.557,66,720.0,1325.0,1,1,True,True,mobile,,,,"POLYGON ((96.1578369140625 16.841347613497447, 96.1578369140625 16.846605106396304, 96.15234375 16.846605106396304, 96.15234375 16.841347613497447, 96.1578369140625 16.841347613497447))",Ookla Open Data,https://ookla-open-data.s3.amazonaws.com/parquet/performance/type=mobile/year=2026/quarter=2/2026-04-01_performance_mobile_tiles.parquet
2026-04-01,2026-07-01,1322012223122002,96.1551,16.8387,40080,21538,40.08,21.538,125,1140.0,1806.0,7,6,False,True,mobile,,,,"POLYGON ((96.1578369140625 16.836089974560213, 96.1578369140625 16.841347613497447, 96.15234375 16.841347613497447, 96.15234375 16.836089974560213, 96.1578369140625 16.836089974560213))",Ookla Open Data,https://ookla-open-data.s3.amazonaws.com/parquet/performance/type=mobile/year=2026/quarter=2/2026-04-01_performance_mobile_tiles.parquet
2026-04-01,2026-07-01,1322012223122012,96.1661,16.8387,44892,27615,44.892,27.615,77,273.0,305.0,3,3,False,True,mobile,,,,"POLYGON ((96.1688232421875 16.836089974560213, 96.1688232421875 16.841347613497447, 96.163330078125 16.841347613497447, 96.163330078125 16.836089974560213, 96.1688232421875 16.836089974560213))",Ookla Open Data,https://ookla-open-data.s3.amazonaws.com/parquet/performance/type=mobile/year=2026/quarter=2/2026-04-01_performance_mobile_tiles.parquet
2026-04-01,2026-07-01,1322012223122020,96.1551,16.833499999999997,6149,5528,6.149,5.528,19,5271.0,2957.0,1,1,True,True,mobile,,,,"POLYGON ((96.1578369140625 16.83083218962482, 96.1578369140625 16.836089974560213, 96.15234375 16.836089974560213, 96.15234375 16.83083218962482, 96.1578369140625 16.83083218962482))",Ookla Open Data,https://ookla-open-data.s3.amazonaws.com/parquet/performance/type=mobile/year=2026/quarter=2/2026-04-01_performance_mobile_tiles.parquet
2026-04-01,2026-07-01,1322012223122022,96.1551,16.828200000000002,33001,12523,33.001,12.523,84,1229.0,1026.0,20,6,False,True,mobile,,,,"POLYGON ((96.1578369140625 16.825574258731486, 96.1578369140625 16.83083218962482, 96.15234375 16.83083218962482, 96.15234375 16.825574258731486, 96.1578369140625 16.825574258731486))",Ookla Open Data,https://ookla-open-data.s3.amazonaws.com/parquet/performance/type=mobile/year=2026/quarter=2/2026-04-01_performance_mobile_tiles.parquet
2026-04-01,2026-07-01,1322012223122023,96.16060000000002,16.828200000000002,11971,5966,11.971,5.966,124,1500.0,2048.0,3,2,False,True,mobile,,,,"POLYGON ((96.163330078125 16.825574258731486, 96.163330078125 16.83083218962482, 96.1578369140625 16.83083218962482, 96.1578369140625 16.825574258731486, 96.163330078125 16.825574258731486))",Ookla Open Data,https://ookla-open-data.s3.amazonaws.com/parquet/performance/type=mobile/year=2026/quarter=2/2026-04-01_performance_mobile_tiles.parquet
2026-04-01,2026-07-01,1322012223122030,96.1661,16.833499999999997,34641,8062,34.641,8.062,138,1456.0,690.0,8,5,False,True,mobile,,,,"POLYGON ((96.1688232421875 16.83083218962482, 96.1688232421875 16.836089974560213, 96.163330078125 16.836089974560213, 96.163330078125 16.83083218962482, 96.1688232421875 16.83083218962482))",Ookla Open Data,https://ookla-open-data.s3.amazonaws.com/parquet/performance/type=mobile/year=2026/quarter=2/2026-04-01_performance_mobile_tiles.parquet
2026-04-01,2026-07-01,1322012223122031,96.1716,16.833499999999997,7184,6149,7.184,6.149,60,766.0,2564.0,3,3,False,True,mobile,,,,"POLYGON ((96.17431640625 16.83083218962482, 96.17431640625 16.836089974560213, 96.1688232421875 16.836089974560213, 96.1688232421875 16.83083218962482, 96.17431640625 16.83083218962482))",Ookla Open Data,https://ookla-open-data.s3.amazonaws.com/parquet/performance/type=mobile/year=2026/quarter=2/2026-04-01_performance_mobile_tiles.parquet
2026-04-01,2026-07-01,1322012223122033,96.1716,16.828200000000002,24170,6150,24.17,6.15,159,2607.0,2321.0,1,1,True,True,mobile,,,,"POLYGON ((96.17431640625 16.825574258731486, 96.17431640625 16.83083218962482, 96.1688232421875 16.83083218962482, 96.1688232421875 16.825574258731486, 96.17431640625 16.825574258731486))",Ookla Open Data,https://ookla-open-data.s3.amazonaws.com/parquet/performance/type=mobile/year=2026/quarter=2/2026-04-01_performance_mobile_tiles.parquet
2026-04-01,2026-07-01,1322012223122100,96.17710000000001,16.844,35254,2454,35.254,2.454,277,,,2,1,False,True,mobile,,,,"POLYGON ((96.1798095703125 16.841347613497447, 96.1798095703125 16.846605106396304, 96.17431640625 16.846605106396304, 96.17431640625 16.841347613497447, 96.1798095703125 16.841347613497447))",Ookla Open Data,https://ookla-open-data.s3.amazonaws.com/parquet/performance/type=mobile/year=2026/quarter=2/2026-04-01_performance_mobile_tiles.parquet
2026-04-01,2026-07-01,1322012223122101,96.18260000000001,16.844,52044,13696,52.044,13.696,55,542.0,2061.0,4,3,False,True,mobile,,,,"POLYGON ((96.185302734375 16.841347613497447, 96.185302734375 16.846605106396304, 96.1798095703125 16.846605106396304, 96.1798095703125 16.841347613497447, 96.185302734375 16.841347613497447))",Ookla Open Data,https://ookla-open-data.s3.amazonaws.com/parquet/performance/type=mobile/year=2026/quarter=2/2026-04-01_performance_mobile_tiles.parquet
2026-04-01,2026-07-01,1322012223122102,96.17710000000001,16.8387,14661,2373,14.661,2.373,74,691.0,546.0,1,1,True,True,mobile,,,,"POLYGON ((96.1798095703125 16.836089974560213, 96.1798095703125 16.841347613497447, 96.17431640625 16.841347613497447, 96.17431640625 16.836089974560213, 96.1798095703125 16.836089974560213))",Ookla Open Data,https://ookla-open-data.s3.amazonaws.com/parquet/performance/type=mobile/year=2026/quarter=2/2026-04-01_performance_mobile_tiles.parquet
2026-04-01,2026-07-01,1322012223122103,96.18260000000001,16.8387,808,365,0.808,0.365,95,411.0,104.0,1,1,True,True,mobile,,,,"POLYGON ((96.185302734375 16.836089974560213, 96.185302734375 16.841347613497447, 96.1798095703125 16.841347613497447, 96.1798095703125 16.836089974560213, 96.185302734375 16.836089974560213))",Ookla Open Data,https://ookla-open-data.s3.amazonaws.com/parquet/performance/type=mobile/year=2026/quarter=2/2026-04-01_performance_mobile_tiles.parquet
2026-04-01,2026-07-01,1322012223122110,96.18799999999999,16.844,4352,10472,4.352,10.472,14,164.0,1144.0,1,1,True,True,mobile,,,,"POLYGON ((96.1907958984375 16.841347613497447, 96.1907958984375 16.846605106396304, 96.185302734375 16.846605106396304, 96.185302734375 16.841347613497447, 96.1907958984375 16.841347613497447))",Ookla Open Data,https://ookla-open-data.s3.amazonaws.com/parquet/performance/type=mobile/year=2026/quarter=2/2026-04-01_performance_mobile_tiles.parquet
2026-04-01,2026-07-01,1322012223122111,96.1935,16.844,35315,35115,35.315,35.115,39,1547.0,532.0,7,5,False,True,mobile,,,,"POLYGON ((96.1962890625 16.841347613497447, 96.1962890625 16.846605106396304, 96.1907958984375 16.846605106396304, 96.1907958984375 16.841347613497447, 96.1962890625 16.841347613497447))",Ookla Open Data,https://ookla-open-data.s3.amazonaws.com/parquet/performance/type=mobile/year=2026/quarter=2/2026-04-01_performance_mobile_tiles.parquet
2026-04-01,2026-07-01,1322012223122112,96.18799999999999,16.8387,70511,33341,70.511,33.341,72,449.0,570.0,1,1,True,True,mobile,,,,"POLYGON ((96.1907958984375 16.836089974560213, 96.1907958984375 16.841347613497447, 96.185302734375 16.841347613497447, 96.185302734375 16.836089974560213, 96.1907958984375 16.836089974560213))",Ookla Open Data,https://ookla-open-data.s3.amazonaws.com/parquet/performance/type=mobile/year=2026/quarter=2/2026-04-01_performance_mobile_tiles.parquet
2026-04-01,2026-07-01,1322012223122120,96.17710000000001,16.833499999999997,34763,34958,34.763,34.958,37,581.0,653.0,3,3,False,True,mobile,,,,"POLYGON ((96.1798095703125 16.83083218962482, 96.1798095703125 16.836089974560213, 96.17431640625 16.836089974560213, 96.17431640625 16.83083218962482, 96.1798095703125 16.83083218962482))",Ookla Open Data,https://ookla-open-data.s3.amazonaws.com/parquet/performance/type=mobile/year=2026/quarter=2/2026-04-01_performance_mobile_tiles.parquet
2026-04-01,2026-07-01,1322012223122121,96.18260000000001,16.833499999999997,91409,40966,91.409,40.966,44,381.0,442.0,1,1,True,True,mobile,,,,"POLYGON ((96.185302734375 16.83083218962482, 96.185302734375 16.836089974560213, 96.1798095703125 16.836089974560213, 96.1798095703125 16.83083218962482, 96.185302734375 16.83083218962482))",Ookla Open Data,https://ookla-open-data.s3.amazonaws.com/parquet/performance/type=mobile/year=2026/quarter=2/2026-04-01_performance_mobile_tiles.parquet
2026-04-01,2026-07-01,1322012223122123,96.18260000000001,16.828200000000002,26782,18326,26.782,18.326,152,1594.0,496.0,2,2,False,True,mobile,,,,"POLYGON ((96.185302734375 16.825574258731486, 96.185302734375 16.83083218962482, 96.1798095703125 16.83083218962482, 96.1798095703125 16.825574258731486, 96.185302734375 16.825574258731486))",Ookla Open Data,https://ookla-open-data.s3.amazonaws.com/parquet/performance/type=mobile/year=2026/quarter=2/2026-04-01_performance_mobile_tiles.parquet
2026-04-01,2026-07-01,1322012223122130,96.18799999999999,16.833499999999997,3263,7939,3.263,7.939,34,936.0,2385.0,1,1,True,True,mobile,,,,"POLYGON ((96.1907958984375 16.83083218962482, 96.1907958984375 16.836089974560213, 96.185302734375 16.836089974560213, 96.185302734375 16.83083218962482, 96.1907958984375 16.83083218962482))",Ookla Open Data,https://ookla-open-data.s3.amazonaws.com/parquet/performance/type=mobile/year=2026/quarter=2/2026-04-01_performance_mobile_tiles.parquet
2026-04-01,2026-07-01,1322012223122131,96.1935,16.833499999999997,3784,2907,3.784,2.907,304,2874.0,947.0,1,1,True,True,mobile,,,,"POLYGON ((96.1962890625 16.83083218962482, 96.1962890625 16.836089974560213, 96.1907958984375 16.836089974560213, 96.1907958984375 16.83083218962482, 96.1962890625 16.83083218962482))",Ookla Open Data,https://ookla-open-data.s3.amazonaws.com/parquet/performance/type=mobile/year=2026/quarter=2/2026-04-01_performance_mobile_tiles.parquet
2026-04-01,2026-07-01,1322012223122132,96.18799999999999,16.828200000000002,62138,29374,62.138,29.374,35,1522.0,601.0,3,3,False,True,mobile,,,,"POLYGON ((96.1907958984375 16.825574258731486, 96.1907958984375 16.83083218962482, 96.185302734375 16.83083218962482, 96.185302734375 16.825574258731486, 96.1907958984375 16.825574258731486))",Ookla Open Data,https://ookla-open-data.s3.amazonaws.com/parquet/performance/type=mobile/year=2026/quarter=2/2026-04-01_performance_mobile_tiles.parquet
2026-04-01,2026-07-01,1322012223122133,96.1935,16.828200000000002,569,423,0.569,0.423,74,467.0,71.0,1,1,True,True,mobile,,,,"POLYGON ((96.1962890625 16.825574258731486, 96.1962890625 16.83083218962482, 96.1907958984375 16.83083218962482, 96.1907958984375 16.825574258731486, 96.1962890625 16.825574258731486))",Ookla Open Data,https://ookla-open-data.s3.amazonaws.com/parquet/performance/type=mobile/year=2026/quarter=2/2026-04-01_performance_mobile_tiles.parquet
2026-04-01,2026-07-01,1322012223122201,96.16060000000002,16.8229,21002,16692,21.002,16.692,70,528.0,232.0,7,3,False,True,mobile,,,,"POLYGON ((96.163330078125 16.82031618192045, 96.163330078125 16.825574258731486, 96.1578369140625 16.825574258731486, 96.1578369140625 16.82031618192045, 96.163330078125 16.82031618192045))",Ookla Open Data,https://ookla-open-data.s3.amazonaws.com/parquet/performance/type=mobile/year=2026/quarter=2/2026-04-01_performance_mobile_tiles.parquet
2026-04-01,2026-07-01,1322012223122202,96.1551,16.8177,36802,13648,36.802,13.648,156,758.0,3816.0,4,3,False,True,mobile,,,,"POLYGON ((96.1578369140625 16.815057959231932, 96.1578369140625 16.82031618192045, 96.15234375 16.82031618192045, 96.15234375 16.815057959231932, 96.1578369140625 16.815057959231932))",Ookla Open Data,https://ookla-open-data.s3.amazonaws.com/parquet/performance/type=mobile/year=2026/quarter=2/2026-04-01_performance_mobile_tiles.parquet
2026-04-01,2026-07-01,1322012223122203,96.16060000000002,16.8177,5365,1067,5.365,1.067,22,1851.0,2720.0,1,1,True,True,mobile,,,,"POLYGON ((96.163330078125 16.815057959231932, 96.163330078125 16.82031618192045, 96.1578369140625 16.82031618192045, 96.1578369140625 16.815057959231932, 96.163330078125 16.815057959231932))",Ookla Open Data,https://ookla-open-data.s3.amazonaws.com/parquet/performance/type=mobile/year=2026/quarter=2/2026-04-01_performance_mobile_tiles.parquet
2026-04-01,2026-07-01,1322012223122210,96.1661,16.8229,92263,61358,92.263,61.358,192,676.0,289.0,1,1,True,True,mobile,,,,"POLYGON ((96.1688232421875 16.82031618192045, 96.1688232421875 16.825574258731486, 96.163330078125 16.825574258731486, 96.163330078125 16.82031618192045, 96.1688232421875 16.82031618192045))",Ookla Open Data,https://ookla-open-data.s3.amazonaws.com/parquet/performance/type=mobile/year=2026/quarter=2/2026-04-01_performance_mobile_tiles.parquet
2026-04-01,2026-07-01,1322012223122211,96.1716,16.8229,72291,31259,72.291,31.259,77,960.0,435.0,1,1,True,True,mobile,,,,"POLYGON ((96.17431640625 16.82031618192045, 96.17431640625 16.825574258731486, 96.1688232421875 16.825574258731486, 96.1688232421875 16.82031618192045, 96.17431640625 16.82031618192045))",Ookla Open Data,https://ookla-open-data.s3.amazonaws.com/parquet/performance/type=mobile/year=2026/quarter=2/2026-04-01_performance_mobile_tiles.parquet
2026-04-01,2026-07-01,1322012223122220,96.1551,16.812400000000004,52246,29816,52.246,29.816,50,947.0,1259.0,2,2,False,True,mobile,,,,"POLYGON ((96.1578369140625 16.809799590706184, 96.1578369140625 16.815057959231932, 96.15234375 16.815057959231932, 96.15234375 16.809799590706184, 96.1578369140625 16.809799590706184))",Ookla Open Data,https://ookla-open-data.s3.amazonaws.com/parquet/performance/type=mobile/year=2026/quarter=2/2026-04-01_performance_mobile_tiles.parquet
2026-04-01,2026-07-01,1322012223122222,96.1551,16.8072,33776,21133,33.776,21.133,115,900.0,1391.0,10,4,False,True,mobile,,,,"POLYGON ((96.1578369140625 16.80454107638345, 96.1578369140625 16.809799590706184, 96.15234375 16.809799590706184, 96.15234375 16.80454107638345, 96.1578369140625 16.80454107638345))",Ookla Open Data,https://ookla-open-data.s3.amazonaws.com/parquet/performance/type=mobile/year=2026/quarter=2/2026-04-01_performance_mobile_tiles.parquet
2026-04-01,2026-07-01,1322012223122223,96.16060000000002,16.8072,51471,33240,51.471,33.24,70,521.0,521.0,1,1,True,True,mobile,,,,"POLYGON ((96.163330078125 16.80454107638345, 96.163330078125 16.809799590706184, 96.1578369140625 16.809799590706184, 96.1578369140625 16.80454107638345, 96.163330078125 16.80454107638345))",Ookla Open Data,https://ookla-open-data.s3.amazonaws.com/parquet/performance/type=mobile/year=2026/quarter=2/2026-04-01_performance_mobile_tiles.parquet
2026-04-01,2026-07-01,1322012223122301,96.18260000000001,16.8229,25408,9963,25.408,9.963,209,1076.0,1914.0,7,6,False,True,mobile,,,,"POLYGON ((96.185302734375 16.82031618192045, 96.185302734375 16.825574258731486, 96.1798095703125 16.825574258731486, 96.1798095703125 16.82031618192045, 96.185302734375 16.82031618192045))",Ookla Open Data,https://ookla-open-data.s3.amazonaws.com/parquet/performance/type=mobile/year=2026/quarter=2/2026-04-01_performance_mobile_tiles.parquet
2026-04-01,2026-07-01,1322012223122302,96.17710000000001,16.8177,43933,8585,43.933,8.585,52,663.0,566.0,1,1,True,True,mobile,,,,"POLYGON ((96.1798095703125 16.815057959231932, 96.1798095703125 16.82031618192045, 96.17431640625 16.82031618192045, 96.17431640625 16.815057959231932, 96.1798095703125 16.815057959231932))",Ookla Open Data,https://ookla-open-data.s3.amazonaws.com/parquet/performance/type=mobile/year=2026/quarter=2/2026-04-01_performance_mobile_tiles.parquet
2026-04-01,2026-07-01,1322012223122311,96.1935,16.8229,1263,412,1.263,0.412,90,97.0,105.0,1,1,True,True,mobile,,,,"POLYGON ((96.1962890625 16.82031618192045, 96.1962890625 16.825574258731486, 96.1907958984375 16.825574258731486, 96.1907958984375 16.82031618192045, 96.1962890625 16.82031618192045))",Ookla Open Data,https://ookla-open-data.s3.amazonaws.com/parquet/performance/type=mobile/year=2026/quarter=2/2026-04-01_performance_mobile_tiles.parquet
2026-04-01,2026-07-01,1322012223122313,96.1935,16.8177,23813,1694,23.813,1.694,228,1575.0,4101.0,4,1,False,True,mobile,,,,"POLYGON ((96.1962890625 16.815057959231932, 96.1962890625 16.82031618192045, 96.1907958984375 16.82031618192045, 96.1907958984375 16.815057959231932, 96.1962890625 16.815057959231932))",Ookla Open Data,https://ookla-open-data.s3.amazonaws.com/parquet/performance/type=mobile/year=2026/quarter=2/2026-04-01_performance_mobile_tiles.parquet
2026-04-01,2026-07-01,1322012223122320,96.17710000000001,16.812400000000004,26338,9310,26.338,9.31,209,1358.0,1019.0,4,3,False,True,mobile,,,,"POLYGON ((96.1798095703125 16.809799590706184, 96.1798095703125 16.815057959231932, 96.17431640625 16.815057959231932, 96.17431640625 16.809799590706184, 96.1798095703125 16.809799590706184))",Ookla Open Data,https://ookla-open-data.s3.amazonaws.com/parquet/performance/type=mobile/year=2026/quarter=2/2026-04-01_performance_mobile_tiles.parquet
2026-04-01,2026-07-01,1322012223122322,96.17710000000001,16.8072,42407,21169,42.407,21.169,55,1052.0,818.0,4,4,False,True,mobile,,,,"POLYGON ((96.1798095703125 16.80454107638345, 96.1798095703125 16.809799590706184, 96.17431640625 16.809799590706184, 96.17431640625 16.80454107638345, 96.1798095703125 16.80454107638345))",Ookla Open Data,https://ookla-open-data.s3.amazonaws.com/parquet/performance/type=mobile/year=2026/quarter=2/2026-04-01_performance_mobile_tiles.parquet
2026-04-01,2026-07-01,1322012223122331,96.1935,16.812400000000004,33533,20943,33.533,20.943,47,542.0,109.0,1,1,True,True,mobile,,,,"POLYGON ((96.1962890625 16.809799590706184, 96.1962890625 16.815057959231932, 96.1907958984375 16.815057959231932, 96.1907958984375 16.809799590706184, 96.1962890625 16.809799590706184))",Ookla Open Data,https://ookla-open-data.s3.amazonaws.com/parquet/performance/type=mobile/year=2026/quarter=2/2026-04-01_performance_mobile_tiles.parquet
2026-04-01,2026-07-01,1322012223122332,96.18799999999999,16.8072,20732,25546,20.732,25.546,15,690.0,244.0,1,1,True,True,mobile,,,,"POLYGON ((96.1907958984375 16.80454107638345, 96.1907958984375 16.809799590706184, 96.185302734375 16.809799590706184, 96.185302734375 16.80454107638345, 96.1907958984375 16.80454107638345))",Ookla Open Data,https://ookla-open-data.s3.amazonaws.com/parquet/performance/type=mobile/year=2026/quarter=2/2026-04-01_performance_mobile_tiles.parquet
2026-04-01,2026-07-01,1322012223123000,96.199,16.844,12036,15082,12.036,15.082,210,1735.0,1133.0,18,3,False,True,mobile,,,,"POLYGON ((96.2017822265625 16.841347613497447, 96.2017822265625 16.846605106396304, 96.1962890625 16.846605106396304, 96.1962890625 16.841347613497447, 96.2017822265625 16.841347613497447))",Ookla Open Data,https://ookla-open-data.s3.amazonaws.com/parquet/performance/type=mobile/year=2026/quarter=2/2026-04-01_performance_mobile_tiles.parquet
2026-04-01,2026-07-01,1322012223123001,96.20450000000001,16.844,37568,21572,37.568,21.572,123,443.0,605.0,2,2,False,True,mobile,,,,"POLYGON ((96.207275390625 16.841347613497447, 96.207275390625 16.846605106396304, 96.2017822265625 16.846605106396304, 96.2017822265625 16.841347613497447, 96.207275390625 16.841347613497447))",Ookla Open Data,https://ookla-open-data.s3.amazonaws.com/parquet/performance/type=mobile/year=2026/quarter=2/2026-04-01_performance_mobile_tiles.parquet
2026-04-01,2026-07-01,1322012223123002,96.199,16.8387,46726,28737,46.726,28.737,29,582.0,137.0,4,3,False,True,mobile,,,,"POLYGON ((96.2017822265625 16.836089974560213, 96.2017822265625 16.841347613497447, 96.1962890625 16.841347613497447, 96.1962890625 16.836089974560213, 96.2017822265625 16.836089974560213))",Ookla Open Data,https://ookla-open-data.s3.amazonaws.com/parquet/performance/type=mobile/year=2026/quarter=2/2026-04-01_performance_mobile_tiles.parquet
2026-04-01,2026-07-01,1322012223123003,96.20450000000001,16.8387,110345,24910,110.345,24.91,82,1300.0,640.0,1,1,True,True,mobile,,,,"POLYGON ((96.207275390625 16.836089974560213, 96.207275390625 16.841347613497447, 96.2017822265625 16.841347613497447, 96.2017822265625 16.836089974560213, 96.207275390625 16.836089974560213))",Ookla Open Data,https://ookla-open-data.s3.amazonaws.com/parquet/performance/type=mobile/year=2026/quarter=2/2026-04-01_performance_mobile_tiles.parquet
2026-04-01,2026-07-01,1322012223123010,96.21000000000001,16.844,91843,36981,91.843,36.981,135,793.0,1326.0,1,1,True,True,mobile,,,,"POLYGON ((96.2127685546875 16.841347613497447, 96.2127685546875 16.846605106396304, 96.207275390625 16.846605106396304, 96.207275390625 16.841347613497447, 96.2127685546875 16.841347613497447))",Ookla Open Data,https://ookla-open-data.s3.amazonaws.com/parquet/performance/type=mobile/year=2026/quarter=2/2026-04-01_performance_mobile_tiles.parquet
2026-04-01,2026-07-01,1322012223123012,96.21000000000001,16.8387,747,69,0.747,0.069,102,5453.0,9048.0,1,1,True,True,mobile,,,,"POLYGON ((96.2127685546875 16.836089974560213, 96.2127685546875 16.841347613497447, 96.207275390625 16.841347613497447, 96.207275390625 16.836089974560213, 96.2127685546875 16.836089974560213))",Ookla Open Data,https://ookla-open-data.s3.amazonaws.com/parquet/performance/type=mobile/year=2026/quarter=2/2026-04-01_performance_mobile_tiles.parquet
2026-04-01,2026-07-01,1322012223123201,96.20450000000001,16.8229,37632,10700,37.632,10.7,70,639.0,849.0,1,1,True,True,mobile,,,,"POLYGON ((96.207275390625 16.82031618192045, 96.207275390625 16.825574258731486, 96.2017822265625 16.825574258731486, 96.2017822265625 16.82031618192045, 96.207275390625 16.82031618192045))",Ookla Open Data,https://ookla-open-data.s3.amazonaws.com/parquet/performance/type=mobile/year=2026/quarter=2/2026-04-01_performance_mobile_tiles.parquet
2026-04-01,2026-07-01,1322012223123202,96.199,16.8177,72303,11039,72.303,11.039,367,1435.0,2988.0,1,1,True,True,mobile,,,,"POLYGON ((96.2017822265625 16.815057959231932, 96.2017822265625 16.82031618192045, 96.1962890625 16.82031618192045, 96.1962890625 16.815057959231932, 96.2017822265625 16.815057959231932))",Ookla Open Data,https://ookla-open-data.s3.amazonaws.com/parquet/performance/type=mobile/year=2026/quarter=2/2026-04-01_performance_mobile_tiles.parquet
2026-04-01,2026-07-01,1322012223123210,96.21000000000001,16.8229,634,2324,0.634,2.324,452,,1299.0,2,1,False,True,mobile,,,,"POLYGON ((96.2127685546875 16.82031618192045, 96.2127685546875 16.825574258731486, 96.207275390625 16.825574258731486, 96.207275390625 16.82031618192045, 96.2127685546875 16.82031618192045))",Ookla Open Data,https://ookla-open-data.s3.amazonaws.com/parquet/performance/type=mobile/year=2026/quarter=2/2026-04-01_performance_mobile_tiles.parquet
2026-04-01,2026-07-01,1322012223123230,96.21000000000001,16.812400000000004,77541,22967,77.541,22.967,42,301.0,277.0,2,1,False,True,mobile,,,,"POLYGON ((96.2127685546875 16.809799590706184, 96.2127685546875 16.815057959231932, 96.207275390625 16.815057959231932, 96.207275390625 16.809799590706184, 96.2127685546875 16.809799590706184))",Ookla Open Data,https://ookla-open-data.s3.amazonaws.com/parquet/performance/type=mobile/year=2026/quarter=2/2026-04-01_performance_mobile_tiles.parquet
2026-04-01,2026-07-01,1322012223123231,96.21549999999999,16.812400000000004,41006,15909,41.006,15.909,16,553.0,285.0,1,1,True,True,mobile,,,,"POLYGON ((96.21826171875 16.809799590706184, 96.21826171875 16.815057959231932, 96.2127685546875 16.815057959231932, 96.2127685546875 16.809799590706184, 96.21826171875 16.809799590706184))",Ookla Open Data,https://ookla-open-data.s3.amazonaws.com/parquet/performance/type=mobile/year=2026/quarter=2/2026-04-01_performance_mobile_tiles.parquet
2026-04-01,2026-07-01,1322012223123233,96.21549999999999,16.8072,1035,80,1.035,0.08,85,4012.0,,1,1,True,True,mobile,,,,"POLYGON ((96.21826171875 16.80454107638345, 96.21826171875 16.809799590706184, 96.2127685546875 16.809799590706184, 96.2127685546875 16.80454107638345, 96.21826171875 16.80454107638345))",Ookla Open Data,https://ookla-open-data.s3.amazonaws.com/parquet/performance/type=mobile/year=2026/quarter=2/2026-04-01_performance_mobile_tiles.parquet
2026-04-01,2026-07-01,1322012223123320,96.221,16.812400000000004,33567,25668,33.567,25.668,84,453.0,1968.0,1,1,True,True,mobile,,,,"POLYGON ((96.2237548828125 16.809799590706184, 96.2237548828125 16.815057959231932, 96.21826171875 16.815057959231932, 96.21826171875 16.809799590706184, 96.2237548828125 16.809799590706184))",Ookla Open Data,https://ookla-open-data.s3.amazonaws.com/parquet/performance/type=mobile/year=2026/quarter=2/2026-04-01_performance_mobile_tiles.parquet
2026-04-01,2026-07-01,1322012223130031,96.2595,16.8755,14246,28442,14.246,28.442,15,653.0,507.0,1,1,True,True,mobile,,,,"POLYGON ((96.26220703125 16.87289037890778, 96.26220703125 16.878146994732166, 96.2567138671875 16.878146994732166, 96.2567138671875 16.87289037890778, 96.26220703125 16.87289037890778))",Ookla Open Data,https://ookla-open-data.s3.amazonaws.com/parquet/performance/type=mobile/year=2026/quarter=2/2026-04-01_performance_mobile_tiles.parquet
2026-04-01,2026-07-01,1322012223130121,96.2704,16.8755,49274,2717,49.274,2.717,19,788.0,1394.0,1,1,True,True,mobile,,,,"POLYGON ((96.273193359375 16.87289037890778, 96.273193359375 16.878146994732166, 96.2677001953125 16.878146994732166, 96.2677001953125 16.87289037890778, 96.273193359375 16.87289037890778))",Ookla Open Data,https://ookla-open-data.s3.amazonaws.com/parquet/performance/type=mobile/year=2026/quarter=2/2026-04-01_performance_mobile_tiles.parquet
2026-04-01,2026-07-01,1322012223130123,96.2704,16.8703,14392,5854,14.392,5.854,15,895.0,1023.0,2,1,False,True,mobile,,,,"POLYGON ((96.273193359375 16.867633616803843, 96.273193359375 16.87289037890778, 96.2677001953125 16.87289037890778, 96.2677001953125 16.867633616803843, 96.273193359375 16.867633616803843))",Ookla Open Data,https://ookla-open-data.s3.amazonaws.com/parquet/performance/type=mobile/year=2026/quarter=2/2026-04-01_performance_mobile_tiles.parquet
2026-04-01,2026-07-01,1322012223130333,96.28139999999999,16.849200000000003,1955,867,1.955,0.867,12,165.0,4541.0,1,1,True,True,mobile,,,,"POLYGON ((96.2841796875 16.846605106396304, 96.2841796875 16.851862453216572, 96.2786865234375 16.851862453216572, 96.2786865234375 16.846605106396304, 96.2841796875 16.846605106396304))",Ookla Open Data,https://ookla-open-data.s3.amazonaws.com/parquet/performance/type=mobile/year=2026/quarter=2/2026-04-01_performance_mobile_tiles.parquet
2026-04-01,2026-07-01,1322012223132000,96.243,16.844,59760,14990,59.76,14.99,127,554.0,1206.0,1,1,True,True,mobile,,,,"POLYGON ((96.2457275390625 16.841347613497447, 96.2457275390625 16.846605106396304, 96.240234375 16.846605106396304, 96.240234375 16.841347613497447, 96.2457275390625 16.841347613497447))",Ookla Open Data,https://ookla-open-data.s3.amazonaws.com/parquet/performance/type=mobile/year=2026/quarter=2/2026-04-01_performance_mobile_tiles.parquet
2026-04-01,2026-07-01,1322012223132121,96.2704,16.833499999999997,32302,11490,32.302,11.49,148,1032.0,2496.0,2,1,False,True,mobile,,,,"POLYGON ((96.273193359375 16.83083218962482, 96.273193359375 16.836089974560213, 96.2677001953125 16.836089974560213, 96.2677001953125 16.83083218962482, 96.273193359375 16.83083218962482))",Ookla Open Data,https://ookla-open-data.s3.amazonaws.com/parquet/performance/type=mobile/year=2026/quarter=2/2026-04-01_performance_mobile_tiles.parquet
2026-04-01,2026-07-01,1322012223132123,96.2704,16.828200000000002,46618,12558,46.618,12.558,38,450.0,189.0,2,2,False,True,mobile,,,,"POLYGON ((96.273193359375 16.825574258731486, 96.273193359375 16.83083218962482, 96.2677001953125 16.83083218962482, 96.2677001953125 16.825574258731486, 96.273193359375 16.825574258731486))",Ookla Open Data,https://ookla-open-data.s3.amazonaws.com/parquet/performance/type=mobile/year=2026/quarter=2/2026-04-01_performance_mobile_tiles.parquet
2026-04-01,2026-07-01,1322012223211010,96.12210000000002,16.8019,35330,18143,35.33,18.143,72,950.0,1585.0,37,2,False,True,mobile,,,,"POLYGON ((96.1248779296875 16.799282416303978, 96.1248779296875 16.80454107638345, 96.119384765625 16.80454107638345, 96.119384765625 16.799282416303978, 96.1248779296875 16.799282416303978))",Ookla Open Data,https://ookla-open-data.s3.amazonaws.com/parquet/performance/type=mobile/year=2026/quarter=2/2026-04-01_performance_mobile_tiles.parquet
2026-04-01,2026-07-01,1322012223211012,96.12210000000002,16.7967,42670,15314,42.67,15.314,66,1002.0,1792.0,3,3,False,True,mobile,,,,"POLYGON ((96.1248779296875 16.794023610508034, 96.1248779296875 16.799282416303978, 96.119384765625 16.799282416303978, 96.119384765625 16.794023610508034, 96.1248779296875 16.794023610508034))",Ookla Open Data,https://ookla-open-data.s3.amazonaws.com/parquet/performance/type=mobile/year=2026/quarter=2/2026-04-01_performance_mobile_tiles.parquet
2026-04-01,2026-07-01,1322012223211013,96.1276,16.7967,58077,16794,58.077,16.794,64,335.0,1633.0,2,2,False,True,mobile,,,,"POLYGON ((96.13037109375 16.794023610508034, 96.13037109375 16.799282416303978, 96.1248779296875 16.799282416303978, 96.1248779296875 16.794023610508034, 96.13037109375 16.794023610508034))",Ookla Open Data,https://ookla-open-data.s3.amazonaws.com/parquet/performance/type=mobile/year=2026/quarter=2/2026-04-01_performance_mobile_tiles.parquet
2026-04-01,2026-07-01,1322012223211030,96.12210000000002,16.791400000000003,13141,23454,13.141,23.454,196,730.0,449.0,4,1,False,True,mobile,,,,"POLYGON ((96.1248779296875 16.788764659035873, 96.1248779296875 16.794023610508034, 96.119384765625 16.794023610508034, 96.119384765625 16.788764659035873, 96.1248779296875 16.788764659035873))",Ookla Open Data,https://ookla-open-data.s3.amazonaws.com/parquet/performance/type=mobile/year=2026/quarter=2/2026-04-01_performance_mobile_tiles.parquet
2026-04-01,2026-07-01,1322012223211031,96.1276,16.791400000000003,29970,2279,29.97,2.279,42,732.0,3995.0,1,1,True,True,mobile,,,,"POLYGON ((96.13037109375 16.788764659035873, 96.13037109375 16.794023610508034, 96.1248779296875 16.794023610508034, 96.1248779296875 16.788764659035873, 96.13037109375 16.788764659035873))",Ookla Open Data,https://ookla-open-data.s3.amazonaws.com/parquet/performance/type=mobile/year=2026/quarter=2/2026-04-01_performance_mobile_tiles.parquet
2026-04-01,2026-07-01,1322012223211033,96.1276,16.786099999999998,65556,32551,65.556,32.551,65,648.0,948.0,12,5,False,True,mobile,,,,"POLYGON ((96.13037109375 16.78350556192777, 96.13037109375 16.788764659035873, 96.1248779296875 16.788764659035873, 96.1248779296875 16.78350556192777, 96.13037109375 16.78350556192777))",Ookla Open Data,https://ookla-open-data.s3.amazonaws.com/parquet/performance/type=mobile/year=2026/quarter=2/2026-04-01_performance_mobile_tiles.parquet
2026-04-01,2026-07-01,1322012223211100,96.13310000000001,16.8019,43638,22131,43.638,22.131,91,1211.0,423.0,4,3,False,True,mobile,,,,"POLYGON ((96.1358642578125 16.799282416303978, 96.1358642578125 16.80454107638345, 96.13037109375 16.80454107638345, 96.13037109375 16.799282416303978, 96.1358642578125 16.799282416303978))",Ookla Open Data,https://ookla-open-data.s3.amazonaws.com/parquet/performance/type=mobile/year=2026/quarter=2/2026-04-01_performance_mobile_tiles.parquet
2026-04-01,2026-07-01,1322012223211101,96.13860000000001,16.8019,24545,21610,24.545,21.61,123,2748.0,411.0,2,2,False,True,mobile,,,,"POLYGON ((96.141357421875 16.799282416303978, 96.141357421875 16.80454107638345, 96.1358642578125 16.80454107638345, 96.1358642578125 16.799282416303978, 96.141357421875 16.799282416303978))",Ookla Open Data,https://ookla-open-data.s3.amazonaws.com/parquet/performance/type=mobile/year=2026/quarter=2/2026-04-01_performance_mobile_tiles.parquet
2026-04-01,2026-07-01,1322012223211102,96.13310000000001,16.7967,6080,4092,6.08,4.092,14,4924.0,3322.0,1,1,True,True,mobile,,,,"POLYGON ((96.1358642578125 16.794023610508034, 96.1358642578125 16.799282416303978, 96.13037109375 16.799282416303978, 96.13037109375 16.794023610508034, 96.1358642578125 16.794023610508034))",Ookla Open Data,https://ookla-open-data.s3.amazonaws.com/parquet/performance/type=mobile/year=2026/quarter=2/2026-04-01_performance_mobile_tiles.parquet
2026-04-01,2026-07-01,1322012223211110,96.14410000000001,16.8019,12544,12089,12.544,12.089,5,81.0,15.0,1,1,True,True,mobile,,,,"POLYGON ((96.1468505859375 16.799282416303978, 96.1468505859375 16.80454107638345, 96.141357421875 16.80454107638345, 96.141357421875 16.799282416303978, 96.1468505859375 16.799282416303978))",Ookla Open Data,https://ookla-open-data.s3.amazonaws.com/parquet/performance/type=mobile/year=2026/quarter=2/2026-04-01_performance_mobile_tiles.parquet
2026-04-01,2026-07-01,1322012223211121,96.13860000000001,16.791400000000003,9223,7828,9.223,7.828,64,1239.0,1650.0,6,2,False,True,mobile,,,,"POLYGON ((96.141357421875 16.788764659035873, 96.141357421875 16.794023610508034, 96.1358642578125 16.794023610508034, 96.1358642578125 16.788764659035873, 96.141357421875 16.788764659035873))",Ookla Open Data,https://ookla-open-data.s3.amazonaws.com/parquet/performance/type=mobile/year=2026/quarter=2/2026-04-01_performance_mobile_tiles.parquet
2026-04-01,2026-07-01,1322012223211122,96.13310000000001,16.786099999999998,49357,49850,49.357,49.85,65,368.0,314.0,2,2,False,True,mobile,,,,"POLYGON ((96.1358642578125 16.78350556192777, 96.1358642578125 16.788764659035873, 96.13037109375 16.788764659035873, 96.13037109375 16.78350556192777, 96.1358642578125 16.78350556192777))",Ookla Open Data,https://ookla-open-data.s3.amazonaws.com/parquet/performance/type=mobile/year=2026/quarter=2/2026-04-01_performance_mobile_tiles.parquet
2026-04-01,2026-07-01,1322012223211123,96.13860000000001,16.786099999999998,28508,20721,28.508,20.721,145,1113.0,2333.0,4,3,False,True,mobile,,,,"POLYGON ((96.141357421875 16.78350556192777, 96.141357421875 16.788764659035873, 96.1358642578125 16.788764659035873, 96.1358642578125 16.78350556192777, 96.141357421875 16.78350556192777))",Ookla Open Data,https://ookla-open-data.s3.amazonaws.com/parquet/performance/type=mobile/year=2026/quarter=2/2026-04-01_performance_mobile_tiles.parquet
2026-04-01,2026-07-01,1322012223211130,96.14410000000001,16.791400000000003,74775,16228,74.775,16.228,458,1890.0,2309.0,1,1,True,True,mobile,,,,"POLYGON ((96.1468505859375 16.788764659035873, 96.1468505859375 16.794023610508034, 96.141357421875 16.794023610508034, 96.141357421875 16.788764659035873, 96.1468505859375 16.788764659035873))",Ookla Open Data,https://ookla-open-data.s3.amazonaws.com/parquet/performance/type=mobile/year=2026/quarter=2/2026-04-01_performance_mobile_tiles.parquet
2026-04-01,2026-07-01,1322012223211132,96.14410000000001,16.786099999999998,32702,10955,32.702,10.955,140,703.0,1512.0,3,2,False,True,mobile,,,,"POLYGON ((96.1468505859375 16.78350556192777, 96.1468505859375 16.788764659035873, 96.141357421875 16.788764659035873, 96.141357421875 16.78350556192777, 96.1468505859375 16.78350556192777))",Ookla Open Data,https://ookla-open-data.s3.amazonaws.com/parquet/performance/type=mobile/year=2026/quarter=2/2026-04-01_performance_mobile_tiles.parquet
2026-04-01,2026-07-01,1322012223211211,96.1276,16.780900000000003,15008,8123,15.008,8.123,63,716.0,1764.0,1,1,True,True,mobile,,,,"POLYGON ((96.13037109375 16.77824631922401, 96.13037109375 16.78350556192777, 96.1248779296875 16.78350556192777, 96.1248779296875 16.77824631922401, 96.13037109375 16.77824631922401))",Ookla Open Data,https://ookla-open-data.s3.amazonaws.com/parquet/performance/type=mobile/year=2026/quarter=2/2026-04-01_performance_mobile_tiles.parquet
2026-04-01,2026-07-01,1322012223211300,96.13310000000001,16.780900000000003,90083,35073,90.083,35.073,103,624.0,306.0,4,3,False,True,mobile,,,,"POLYGON ((96.1358642578125 16.77824631922401, 96.1358642578125 16.78350556192777, 96.13037109375 16.78350556192777, 96.13037109375 16.77824631922401, 96.1358642578125 16.77824631922401))",Ookla Open Data,https://ookla-open-data.s3.amazonaws.com/parquet/performance/type=mobile/year=2026/quarter=2/2026-04-01_performance_mobile_tiles.parquet
2026-04-01,2026-07-01,1322012223211301,96.13860000000001,16.780900000000003,25769,30816,25.769,30.816,91,740.0,376.0,3,3,False,True,mobile,,,,"POLYGON ((96.141357421875 16.77824631922401, 96.141357421875 16.78350556192777, 96.1358642578125 16.78350556192777, 96.1358642578125 16.77824631922401, 96.141357421875 16.77824631922401))",Ookla Open Data,https://ookla-open-data.s3.amazonaws.com/parquet/performance/type=mobile/year=2026/quarter=2/2026-04-01_performance_mobile_tiles.parquet
2026-04-01,2026-07-01,1322012223211302,96.13310000000001,16.7756,5320,1145,5.32,1.145,87,1344.0,2719.0,1,1,True,True,mobile,,,,"POLYGON ((96.1358642578125 16.772986930964866, 96.1358642578125 16.77824631922401, 96.13037109375 16.77824631922401, 96.13037109375 16.772986930964866, 96.1358642578125 16.772986930964866))",Ookla Open Data,https://ookla-open-data.s3.amazonaws.com/parquet/performance/type=mobile/year=2026/quarter=2/2026-04-01_performance_mobile_tiles.parquet
2026-04-01,2026-07-01,1322012223211303,96.13860000000001,16.7756,64443,47537,64.443,47.537,144,599.0,427.0,1,1,True,True,mobile,,,,"POLYGON ((96.141357421875 16.772986930964866, 96.141357421875 16.77824631922401, 96.1358642578125 16.77824631922401, 96.1358642578125 16.772986930964866, 96.141357421875 16.772986930964866))",Ookla Open Data,https://ookla-open-data.s3.amazonaws.com/parquet/performance/type=mobile/year=2026/quarter=2/2026-04-01_performance_mobile_tiles.parquet
2026-04-01,2026-07-01,1322012223211310,96.14410000000001,16.780900000000003,26173,7579,26.173,7.579,52,692.0,1582.0,3,3,False,True,mobile,,,,"POLYGON ((96.1468505859375 16.77824631922401, 96.1468505859375 16.78350556192777, 96.141357421875 16.78350556192777, 96.141357421875 16.77824631922401, 96.1468505859375 16.77824631922401))",Ookla Open Data,https://ookla-open-data.s3.amazonaws.com/parquet/performance/type=mobile/year=2026/quarter=2/2026-04-01_performance_mobile_tiles.parquet
2026-04-01,2026-07-01,1322012223211311,96.1496,16.780900000000003,6835,8108,6.835,8.108,19,3783.0,955.0,2,2,False,True,mobile,,,,"POLYGON ((96.15234375 16.77824631922401, 96.15234375 16.78350556192777, 96.1468505859375 16.78350556192777, 96.1468505859375 16.77824631922401, 96.15234375 16.77824631922401))",Ookla Open Data,https://ookla-open-data.s3.amazonaws.com/parquet/performance/type=mobile/year=2026/quarter=2/2026-04-01_performance_mobile_tiles.parquet
2026-04-01,2026-07-01,1322012223211312,96.14410000000001,16.7756,49967,28844,49.967,28.844,66,1119.0,430.0,8,6,False,True,mobile,,,,"POLYGON ((96.1468505859375 16.772986930964866, 96.1468505859375 16.77824631922401, 96.141357421875 16.77824631922401, 96.141357421875 16.772986930964866, 96.1468505859375 16.772986930964866))",Ookla Open Data,https://ookla-open-data.s3.amazonaws.com/parquet/performance/type=mobile/year=2026/quarter=2/2026-04-01_performance_mobile_tiles.parquet
2026-04-01,2026-07-01,1322012223211313,96.1496,16.7756,13975,16415,13.975,16.415,76,1620.0,666.0,4,4,False,True,mobile,,,,"POLYGON ((96.15234375 16.772986930964866, 96.15234375 16.77824631922401, 96.1468505859375 16.77824631922401, 96.1468505859375 16.772986930964866, 96.15234375 16.772986930964866))",Ookla Open Data,https://ookla-open-data.s3.amazonaws.com/parquet/performance/type=mobile/year=2026/quarter=2/2026-04-01_performance_mobile_tiles.parquet
2026-04-01,2026-07-01,1322012223211323,96.13860000000001,16.765099999999997,22872,3920,22.872,3.92,14,862.0,1328.0,1,1,True,True,mobile,,,,"POLYGON ((96.141357421875 16.762467717941604, 96.141357421875 16.76772739719063, 96.1358642578125 16.76772739719063, 96.1358642578125 16.762467717941604, 96.141357421875 16.762467717941604))",Ookla Open Data,https://ookla-open-data.s3.amazonaws.com/parquet/performance/type=mobile/year=2026/quarter=2/2026-04-01_performance_mobile_tiles.parquet
2026-04-01,2026-07-01,1322012223211332,96.14410000000001,16.765099999999997,48648,4191,48.648,4.191,56,290.0,4058.0,2,1,False,True,mobile,,,,"POLYGON ((96.1468505859375 16.762467717941604, 96.1468505859375 16.76772739719063, 96.141357421875 16.76772739719063, 96.141357421875 16.762467717941604, 96.1468505859375 16.762467717941604))",Ookla Open Data,https://ookla-open-data.s3.amazonaws.com/parquet/performance/type=mobile/year=2026/quarter=2/2026-04-01_performance_mobile_tiles.parquet
2026-04-01,2026-07-01,1322012223213110,96.14410000000001,16.759800000000002,9535,7356,9.535,7.356,204,1747.0,4939.0,2,1,False,True,mobile,,,,"POLYGON ((96.1468505859375 16.75720789325807, 96.1468505859375 16.762467717941604, 96.141357421875 16.762467717941604, 96.141357421875 16.75720789325807, 96.1468505859375 16.75720789325807))",Ookla Open Data,https://ookla-open-data.s3.amazonaws.com/parquet/performance/type=mobile/year=2026/quarter=2/2026-04-01_performance_mobile_tiles.parquet
2026-04-01,2026-07-01,1322012223213113,96.1496,16.7546,26812,2375,26.812,2.375,78,545.0,4598.0,2,1,False,True,mobile,,,,"POLYGON ((96.15234375 16.75194792318035, 96.15234375 16.75720789325807, 96.1468505859375 16.75720789325807, 96.1468505859375 16.75194792318035, 96.15234375 16.75194792318035))",Ookla Open Data,https://ookla-open-data.s3.amazonaws.com/parquet/performance/type=mobile/year=2026/quarter=2/2026-04-01_performance_mobile_tiles.parquet
2026-04-01,2026-07-01,1322012223300000,96.1551,16.8019,7417,12213,7.417,12.213,204,1522.0,1116.0,3,3,False,True,mobile,,,,"POLYGON ((96.1578369140625 16.799282416303978, 96.1578369140625 16.80454107638345, 96.15234375 16.80454107638345, 96.15234375 16.799282416303978, 96.1578369140625 16.799282416303978))",Ookla Open Data,https://ookla-open-data.s3.amazonaws.com/parquet/performance/type=mobile/year=2026/quarter=2/2026-04-01_performance_mobile_tiles.parquet
2026-04-01,2026-07-01,1322012223300002,96.1551,16.7967,45981,14549,45.981,14.549,87,272.0,244.0,1,1,True,True,mobile,,,,"POLYGON ((96.1578369140625 16.794023610508034, 96.1578369140625 16.799282416303978, 96.15234375 16.799282416303978, 96.15234375 16.794023610508034, 96.1578369140625 16.794023610508034))",Ookla Open Data,https://ookla-open-data.s3.amazonaws.com/parquet/performance/type=mobile/year=2026/quarter=2/2026-04-01_performance_mobile_tiles.parquet
2026-04-01,2026-07-01,1322012223300011,96.1716,16.8019,55740,21413,55.74,21.413,49,328.0,231.0,3,2,False,True,mobile,,,,"POLYGON ((96.17431640625 16.799282416303978, 96.17431640625 16.80454107638345, 96.1688232421875 16.80454107638345, 96.1688232421875 16.799282416303978, 96.17431640625 16.799282416303978))",Ookla Open Data,https://ookla-open-data.s3.amazonaws.com/parquet/performance/type=mobile/year=2026/quarter=2/2026-04-01_performance_mobile_tiles.parquet
2026-04-01,2026-07-01,1322012223300021,96.16060000000002,16.791400000000003,53811,21770,53.811,21.77,41,593.0,931.0,4,3,False,True,mobile,,,,"POLYGON ((96.163330078125 16.788764659035873, 96.163330078125 16.794023610508034, 96.1578369140625 16.794023610508034, 96.1578369140625 16.788764659035873, 96.163330078125 16.788764659035873))",Ookla Open Data,https://ookla-open-data.s3.amazonaws.com/parquet/performance/type=mobile/year=2026/quarter=2/2026-04-01_performance_mobile_tiles.parquet
2026-04-01,2026-07-01,1322012223300022,96.1551,16.786099999999998,54160,19027,54.16,19.027,70,1245.0,5115.0,2,1,False,True,mobile,,,,"POLYGON ((96.1578369140625 16.78350556192777, 96.1578369140625 16.788764659035873, 96.15234375 16.788764659035873, 96.15234375 16.78350556192777, 96.1578369140625 16.78350556192777))",Ookla Open Data,https://ookla-open-data.s3.amazonaws.com/parquet/performance/type=mobile/year=2026/quarter=2/2026-04-01_performance_mobile_tiles.parquet
2026-04-01,2026-07-01,1322012223300030,96.1661,16.791400000000003,12010,17228,12.01,17.228,60,681.0,5829.0,1,1,True,True,mobile,,,,"POLYGON ((96.1688232421875 16.788764659035873, 96.1688232421875 16.794023610508034, 96.163330078125 16.794023610508034, 96.163330078125 16.788764659035873, 96.1688232421875 16.788764659035873))",Ookla Open Data,https://ookla-open-data.s3.amazonaws.com/parquet/performance/type=mobile/year=2026/quarter=2/2026-04-01_performance_mobile_tiles.parquet
2026-04-01,2026-07-01,1322012223300032,96.1661,16.786099999999998,30754,22688,30.754,22.688,199,1457.0,449.0,2,2,False,True,mobile,,,,"POLYGON ((96.1688232421875 16.78350556192777, 96.1688232421875 16.788764659035873, 96.163330078125 16.788764659035873, 96.163330078125 16.78350556192777, 96.1688232421875 16.78350556192777))",Ookla Open Data,https://ookla-open-data.s3.amazonaws.com/parquet/performance/type=mobile/year=2026/quarter=2/2026-04-01_performance_mobile_tiles.parquet
2026-04-01,2026-07-01,1322012223300033,96.1716,16.786099999999998,2554,4463,2.554,4.463,34,,2388.0,1,1,True,True,mobile,,,,"POLYGON ((96.17431640625 16.78350556192777, 96.17431640625 16.788764659035873, 96.1688232421875 16.788764659035873, 96.1688232421875 16.78350556192777, 96.17431640625 16.78350556192777))",Ookla Open Data,https://ookla-open-data.s3.amazonaws.com/parquet/performance/type=mobile/year=2026/quarter=2/2026-04-01_performance_mobile_tiles.parquet
2026-04-01,2026-07-01,1322012223300100,96.17710000000001,16.8019,61421,24176,61.421,24.176,82,580.0,592.0,33,6,False,True,mobile,,,,"POLYGON ((96.1798095703125 16.799282416303978, 96.1798095703125 16.80454107638345, 96.17431640625 16.80454107638345, 96.17431640625 16.799282416303978, 96.1798095703125 16.799282416303978))",Ookla Open Data,https://ookla-open-data.s3.amazonaws.com/parquet/performance/type=mobile/year=2026/quarter=2/2026-04-01_performance_mobile_tiles.parquet
2026-04-01,2026-07-01,1322012223300101,96.18260000000001,16.8019,1012,5780,1.012,5.78,212,,695.0,1,1,True,True,mobile,,,,"POLYGON ((96.185302734375 16.799282416303978, 96.185302734375 16.80454107638345, 96.1798095703125 16.80454107638345, 96.1798095703125 16.799282416303978, 96.185302734375 16.799282416303978))",Ookla Open Data,https://ookla-open-data.s3.amazonaws.com/parquet/performance/type=mobile/year=2026/quarter=2/2026-04-01_performance_mobile_tiles.parquet
2026-04-01,2026-07-01,1322012223300102,96.17710000000001,16.7967,31597,22155,31.597,22.155,14,661.0,299.0,1,1,True,True,mobile,,,,"POLYGON ((96.1798095703125 16.794023610508034, 96.1798095703125 16.799282416303978, 96.17431640625 16.799282416303978, 96.17431640625 16.794023610508034, 96.1798095703125 16.794023610508034))",Ookla Open Data,https://ookla-open-data.s3.amazonaws.com/parquet/performance/type=mobile/year=2026/quarter=2/2026-04-01_performance_mobile_tiles.parquet
2026-04-01,2026-07-01,1322012223300111,96.1935,16.8019,42560,4861,42.56,4.861,129,759.0,167.0,2,2,False,True,mobile,,,,"POLYGON ((96.1962890625 16.799282416303978, 96.1962890625 16.80454107638345, 96.1907958984375 16.80454107638345, 96.1907958984375 16.799282416303978, 96.1962890625 16.799282416303978))",Ookla Open Data,https://ookla-open-data.s3.amazonaws.com/parquet/performance/type=mobile/year=2026/quarter=2/2026-04-01_performance_mobile_tiles.parquet
2026-04-01,2026-07-01,1322012223300112,96.18799999999999,16.7967,36076,31452,36.076,31.452,45,356.0,82.0,2,1,False,True,mobile,,,,"POLYGON ((96.1907958984375 16.794023610508034, 96.1907958984375 16.799282416303978, 96.185302734375 16.799282416303978, 96.185302734375 16.794023610508034, 96.1907958984375 16.794023610508034))",Ookla Open Data,https://ookla-open-data.s3.amazonaws.com/parquet/performance/type=mobile/year=2026/quarter=2/2026-04-01_performance_mobile_tiles.parquet
2026-04-01,2026-07-01,1322012223300121,96.18260000000001,16.791400000000003,22101,8384,22.101,8.384,126,438.0,158.0,2,1,False,True,mobile,,,,"POLYGON ((96.185302734375 16.788764659035873, 96.185302734375 16.794023610508034, 96.1798095703125 16.794023610508034, 96.1798095703125 16.788764659035873, 96.185302734375 16.788764659035873))",Ookla Open Data,https://ookla-open-data.s3.amazonaws.com/parquet/performance/type=mobile/year=2026/quarter=2/2026-04-01_performance_mobile_tiles.parquet
2026-04-01,2026-07-01,1322012223300123,96.18260000000001,16.786099999999998,28994,3195,28.994,3.195,40,715.0,1305.0,4,1,False,False,mobile,,,,"POLYGON ((96.185302734375 16.78350556192777, 96.185302734375 16.788764659035873, 96.1798095703125 16.788764659035873, 96.1798095703125 16.78350556192777, 96.185302734375 16.78350556192777))",Ookla Open Data,https://ookla-open-data.s3.amazonaws.com/parquet/performance/type=mobile/year=2026/quarter=2/2026-04-01_performance_mobile_tiles.parquet
2026-04-01,2026-07-01,1322012223300132,96.18799999999999,16.786099999999998,142162,48339,142.162,48.339,133,859.0,224.0,1,1,True,True,mobile,,,,"POLYGON ((96.1907958984375 16.78350556192777, 96.1907958984375 16.788764659035873, 96.185302734375 16.788764659035873, 96.185302734375 16.78350556192777, 96.1907958984375 16.78350556192777))",Ookla Open Data,https://ookla-open-data.s3.amazonaws.com/parquet/performance/type=mobile/year=2026/quarter=2/2026-04-01_performance_mobile_tiles.parquet
2026-04-01,2026-07-01,1322012223300200,96.1551,16.780900000000003,37107,17445,37.107,17.445,114,1460.0,785.0,6,5,False,True,mobile,,,,"POLYGON ((96.1578369140625 16.77824631922401, 96.1578369140625 16.78350556192777, 96.15234375 16.78350556192777, 96.15234375 16.77824631922401, 96.1578369140625 16.77824631922401))",Ookla Open Data,https://ookla-open-data.s3.amazonaws.com/parquet/performance/type=mobile/year=2026/quarter=2/2026-04-01_performance_mobile_tiles.parquet
2026-04-01,2026-07-01,1322012223300201,96.16060000000002,16.780900000000003,42818,8790,42.818,8.79,149,637.0,425.0,3,1,False,True,mobile,,,,"POLYGON ((96.163330078125 16.77824631922401, 96.163330078125 16.78350556192777, 96.1578369140625 16.78350556192777, 96.1578369140625 16.77824631922401, 96.163330078125 16.77824631922401))",Ookla Open Data,https://ookla-open-data.s3.amazonaws.com/parquet/performance/type=mobile/year=2026/quarter=2/2026-04-01_performance_mobile_tiles.parquet
2026-04-01,2026-07-01,1322012223300202,96.1551,16.7756,18331,24822,18.331,24.822,26,2720.0,968.0,6,3,False,True,mobile,,,,"POLYGON ((96.1578369140625 16.772986930964866, 96.1578369140625 16.77824631922401, 96.15234375 16.77824631922401, 96.15234375 16.772986930964866, 96.1578369140625 16.772986930964866))",Ookla Open Data,https://ookla-open-data.s3.amazonaws.com/parquet/performance/type=mobile/year=2026/quarter=2/2026-04-01_performance_mobile_tiles.parquet
2026-04-01,2026-07-01,1322012223300203,96.16060000000002,16.7756,80698,25604,80.698,25.604,76,732.0,1175.0,28,13,False,True,mobile,,,,"POLYGON ((96.163330078125 16.772986930964866, 96.163330078125 16.77824631922401, 96.1578369140625 16.77824631922401, 96.1578369140625 16.772986930964866, 96.163330078125 16.772986930964866))",Ookla Open Data,https://ookla-open-data.s3.amazonaws.com/parquet/performance/type=mobile/year=2026/quarter=2/2026-04-01_performance_mobile_tiles.parquet
2026-04-01,2026-07-01,1322012223300210,96.1661,16.780900000000003,10800,6003,10.8,6.003,65,3104.0,3319.0,2,1,False,True,mobile,,,,"POLYGON ((96.1688232421875 16.77824631922401, 96.1688232421875 16.78350556192777, 96.163330078125 16.78350556192777, 96.163330078125 16.77824631922401, 96.1688232421875 16.77824631922401))",Ookla Open Data,https://ookla-open-data.s3.amazonaws.com/parquet/performance/type=mobile/year=2026/quarter=2/2026-04-01_performance_mobile_tiles.parquet
2026-04-01,2026-07-01,1322012223300211,96.1716,16.780900000000003,7422,4612,7.422,4.612,269,2911.0,1021.0,5,3,False,True,mobile,,,,"POLYGON ((96.17431640625 16.77824631922401, 96.17431640625 16.78350556192777, 96.1688232421875 16.78350556192777, 96.1688232421875 16.77824631922401, 96.17431640625 16.77824631922401))",Ookla Open Data,https://ookla-open-data.s3.amazonaws.com/parquet/performance/type=mobile/year=2026/quarter=2/2026-04-01_performance_mobile_tiles.parquet
2026-04-01,2026-07-01,1322012223300212,96.1661,16.7756,50120,26785,50.12,26.785,87,700.0,471.0,7,7,False,True,mobile,,,,"POLYGON ((96.1688232421875 16.772986930964866, 96.1688232421875 16.77824631922401, 96.163330078125 16.77824631922401, 96.163330078125 16.772986930964866, 96.1688232421875 16.772986930964866))",Ookla Open Data,https://ookla-open-data.s3.amazonaws.com/parquet/performance/type=mobile/year=2026/quarter=2/2026-04-01_performance_mobile_tiles.parquet
2026-04-01,2026-07-01,1322012223300213,96.1716,16.7756,59916,12918,59.916,12.918,49,533.0,1894.0,8,6,False,True,mobile,,,,"POLYGON ((96.17431640625 16.772986930964866, 96.17431640625 16.77824631922401, 96.1688232421875 16.77824631922401, 96.1688232421875 16.772986930964866, 96.17431640625 16.772986930964866))",Ookla Open Data,https://ookla-open-data.s3.amazonaws.com/parquet/performance/type=mobile/year=2026/quarter=2/2026-04-01_performance_mobile_tiles.parquet
2026-04-01,2026-07-01,1322012223300220,96.1551,16.770400000000002,52774,5316,52.774,5.316,96,798.0,4360.0,1,1,True,True,mobile,,,,"POLYGON ((96.1578369140625 16.76772739719063, 96.1578369140625 16.772986930964866, 96.15234375 16.772986930964866, 96.15234375 16.76772739719063, 96.1578369140625 16.76772739719063))",Ookla Open Data,https://ookla-open-data.s3.amazonaws.com/parquet/performance/type=mobile/year=2026/quarter=2/2026-04-01_performance_mobile_tiles.parquet
2026-04-01,2026-07-01,1322012223300221,96.16060000000002,16.770400000000002,19932,11215,19.932,11.215,99,857.0,1130.0,28,5,False,True,mobile,,,,"POLYGON ((96.163330078125 16.76772739719063, 96.163330078125 16.772986930964866, 96.1578369140625 16.772986930964866, 96.1578369140625 16.76772739719063, 96.163330078125 16.76772739719063))",Ookla Open Data,https://ookla-open-data.s3.amazonaws.com/parquet/performance/type=mobile/year=2026/quarter=2/2026-04-01_performance_mobile_tiles.parquet
2026-04-01,2026-07-01,1322012223300230,96.1661,16.770400000000002,20159,19128,20.159,19.128,81,1686.0,200.0,4,1,False,True,mobile,,,,"POLYGON ((96.1688232421875 16.76772739719063, 96.1688232421875 16.772986930964866, 96.163330078125 16.772986930964866, 96.163330078125 16.76772739719063, 96.1688232421875 16.76772739719063))",Ookla Open Data,https://ookla-open-data.s3.amazonaws.com/parquet/performance/type=mobile/year=2026/quarter=2/2026-04-01_performance_mobile_tiles.parquet
2026-04-01,2026-07-01,1322012223300231,96.1716,16.770400000000002,37226,19196,37.226,19.196,90,1484.0,2298.0,8,3,False,True,mobile,,,,"POLYGON ((96.17431640625 16.76772739719063, 96.17431640625 16.772986930964866, 96.1688232421875 16.772986930964866, 96.1688232421875 16.76772739719063, 96.17431640625 16.76772739719063))",Ookla Open Data,https://ookla-open-data.s3.amazonaws.com/parquet/performance/type=mobile/year=2026/quarter=2/2026-04-01_performance_mobile_tiles.parquet
2026-04-01,2026-07-01,1322012223300301,96.18260000000001,16.780900000000003,13793,4694,13.793,4.694,129,1772.0,2893.0,65,5,False,True,mobile,,,,"POLYGON ((96.185302734375 16.77824631922401, 96.185302734375 16.78350556192777, 96.1798095703125 16.78350556192777, 96.1798095703125 16.77824631922401, 96.185302734375 16.77824631922401))",Ookla Open Data,https://ookla-open-data.s3.amazonaws.com/parquet/performance/type=mobile/year=2026/quarter=2/2026-04-01_performance_mobile_tiles.parquet
2026-04-01,2026-07-01,1322012223300302,96.17710000000001,16.7756,29625,19959,29.625,19.959,84,267.0,259.0,1,1,True,True,mobile,,,,"POLYGON ((96.1798095703125 16.772986930964866, 96.1798095703125 16.77824631922401, 96.17431640625 16.77824631922401, 96.17431640625 16.772986930964866, 96.1798095703125 16.772986930964866))",Ookla Open Data,https://ookla-open-data.s3.amazonaws.com/parquet/performance/type=mobile/year=2026/quarter=2/2026-04-01_performance_mobile_tiles.parquet
2026-04-01,2026-07-01,1322012223300303,96.18260000000001,16.7756,48524,17509,48.524,17.509,66,327.0,211.0,1,1,True,True,mobile,,,,"POLYGON ((96.185302734375 16.772986930964866, 96.185302734375 16.77824631922401, 96.1798095703125 16.77824631922401, 96.1798095703125 16.772986930964866, 96.185302734375 16.772986930964866))",Ookla Open Data,https://ookla-open-data.s3.amazonaws.com/parquet/performance/type=mobile/year=2026/quarter=2/2026-04-01_performance_mobile_tiles.parquet
2026-04-01,2026-07-01,1322012223300310,96.18799999999999,16.780900000000003,24821,29084,24.821,29.084,26,651.0,279.0,3,3,False,True,mobile,,,,"POLYGON ((96.1907958984375 16.77824631922401, 96.1907958984375 16.78350556192777, 96.185302734375 16.78350556192777, 96.185302734375 16.77824631922401, 96.1907958984375 16.77824631922401))",Ookla Open Data,https://ookla-open-data.s3.amazonaws.com/parquet/performance/type=mobile/year=2026/quarter=2/2026-04-01_performance_mobile_tiles.parquet
2026-04-01,2026-07-01,1322012223300311,96.1935,16.780900000000003,23312,31524,23.312,31.524,13,919.0,471.0,1,1,True,True,mobile,,,,"POLYGON ((96.1962890625 16.77824631922401, 96.1962890625 16.78350556192777, 96.1907958984375 16.78350556192777, 96.1907958984375 16.77824631922401, 96.1962890625 16.77824631922401))",Ookla Open Data,https://ookla-open-data.s3.amazonaws.com/parquet/performance/type=mobile/year=2026/quarter=2/2026-04-01_performance_mobile_tiles.parquet
2026-04-01,2026-07-01,1322012223300312,96.18799999999999,16.7756,181,667,0.181,0.667,47,1426.0,2246.0,1,1,True,False,mobile,,,,"POLYGON ((96.1907958984375 16.772986930964866, 96.1907958984375 16.77824631922401, 96.185302734375 16.77824631922401, 96.185302734375 16.772986930964866, 96.1907958984375 16.772986930964866))",Ookla Open Data,https://ookla-open-data.s3.amazonaws.com/parquet/performance/type=mobile/year=2026/quarter=2/2026-04-01_performance_mobile_tiles.parquet
2026-04-01,2026-07-01,1322012223300320,96.17710000000001,16.770400000000002,16312,14625,16.312,14.625,104,1442.0,1156.0,3,1,False,True,mobile,,,,"POLYGON ((96.1798095703125 16.76772739719063, 96.1798095703125 16.772986930964866, 96.17431640625 16.772986930964866, 96.17431640625 16.76772739719063, 96.1798095703125 16.76772739719063))",Ookla Open Data,https://ookla-open-data.s3.amazonaws.com/parquet/performance/type=mobile/year=2026/quarter=2/2026-04-01_performance_mobile_tiles.parquet
2026-04-01,2026-07-01,1322012223301000,96.199,16.8019,97828,10573,97.828,10.573,115,361.0,488.0,4,1,False,True,mobile,,,,"POLYGON ((96.2017822265625 16.799282416303978, 96.2017822265625 16.80454107638345, 96.1962890625 16.80454107638345, 96.1962890625 16.799282416303978, 96.2017822265625 16.799282416303978))",Ookla Open Data,https://ookla-open-data.s3.amazonaws.com/parquet/performance/type=mobile/year=2026/quarter=2/2026-04-01_performance_mobile_tiles.parquet
2026-04-01,2026-07-01,1322012223301001,96.20450000000001,16.8019,26761,14712,26.761,14.712,273,683.0,928.0,3,1,False,True,mobile,,,,"POLYGON ((96.207275390625 16.799282416303978, 96.207275390625 16.80454107638345, 96.2017822265625 16.80454107638345, 96.2017822265625 16.799282416303978, 96.207275390625 16.799282416303978))",Ookla Open Data,https://ookla-open-data.s3.amazonaws.com/parquet/performance/type=mobile/year=2026/quarter=2/2026-04-01_performance_mobile_tiles.parquet
2026-04-01,2026-07-01,1322012223301010,96.21000000000001,16.8019,66563,31842,66.563,31.842,64,273.0,624.0,2,2,False,True,mobile,,,,"POLYGON ((96.2127685546875 16.799282416303978, 96.2127685546875 16.80454107638345, 96.207275390625 16.80454107638345, 96.207275390625 16.799282416303978, 96.2127685546875 16.799282416303978))",Ookla Open Data,https://ookla-open-data.s3.amazonaws.com/parquet/performance/type=mobile/year=2026/quarter=2/2026-04-01_performance_mobile_tiles.parquet
2026-04-01,2026-07-01,1322012223301012,96.21000000000001,16.7967,97982,53602,97.982,53.602,13,874.0,742.0,1,1,True,True,mobile,,,,"POLYGON ((96.2127685546875 16.794023610508034, 96.2127685546875 16.799282416303978, 96.207275390625 16.799282416303978, 96.207275390625 16.794023610508034, 96.2127685546875 16.794023610508034))",Ookla Open Data,https://ookla-open-data.s3.amazonaws.com/parquet/performance/type=mobile/year=2026/quarter=2/2026-04-01_performance_mobile_tiles.parquet
2026-04-01,2026-07-01,1322012223301013,96.21549999999999,16.7967,17862,40091,17.862,40.091,32,675.0,381.0,1,1,True,True,mobile,,,,"POLYGON ((96.21826171875 16.794023610508034, 96.21826171875 16.799282416303978, 96.2127685546875 16.799282416303978, 96.2127685546875 16.794023610508034, 96.21826171875 16.794023610508034))",Ookla Open Data,https://ookla-open-data.s3.amazonaws.com/parquet/performance/type=mobile/year=2026/quarter=2/2026-04-01_performance_mobile_tiles.parquet
2026-04-01,2026-07-01,1322012223301020,96.199,16.791400000000003,57439,31481,57.439,31.481,77,581.0,534.0,55,2,False,True,mobile,,,,"POLYGON ((96.2017822265625 16.788764659035873, 96.2017822265625 16.794023610508034, 96.1962890625 16.794023610508034, 96.1962890625 16.788764659035873, 96.2017822265625 16.788764659035873))",Ookla Open Data,https://ookla-open-data.s3.amazonaws.com/parquet/performance/type=mobile/year=2026/quarter=2/2026-04-01_performance_mobile_tiles.parquet
2026-04-01,2026-07-01,1322012223301021,96.20450000000001,16.791400000000003,20159,8958,20.159,8.958,207,1546.0,3359.0,1,1,True,True,mobile,,,,"POLYGON ((96.207275390625 16.788764659035873, 96.207275390625 16.794023610508034, 96.2017822265625 16.794023610508034, 96.2017822265625 16.788764659035873, 96.207275390625 16.788764659035873))",Ookla Open Data,https://ookla-open-data.s3.amazonaws.com/parquet/performance/type=mobile/year=2026/quarter=2/2026-04-01_performance_mobile_tiles.parquet
2026-04-01,2026-07-01,1322012223301022,96.199,16.786099999999998,58140,219306,58.14,219.306,44,,,1,1,True,True,mobile,,,,"POLYGON ((96.2017822265625 16.78350556192777, 96.2017822265625 16.788764659035873, 96.1962890625 16.788764659035873, 96.1962890625 16.78350556192777, 96.2017822265625 16.78350556192777))",Ookla Open Data,https://ookla-open-data.s3.amazonaws.com/parquet/performance/type=mobile/year=2026/quarter=2/2026-04-01_performance_mobile_tiles.parquet
2026-04-01,2026-07-01,1322012223301030,96.21000000000001,16.791400000000003,65062,37646,65.062,37.646,19,762.0,720.0,9,1,False,True,mobile,,,,"POLYGON ((96.2127685546875 16.788764659035873, 96.2127685546875 16.794023610508034, 96.207275390625 16.794023610508034, 96.207275390625 16.788764659035873, 96.2127685546875 16.788764659035873))",Ookla Open Data,https://ookla-open-data.s3.amazonaws.com/parquet/performance/type=mobile/year=2026/quarter=2/2026-04-01_performance_mobile_tiles.parquet
2026-04-01,2026-07-01,1322012223301200,96.199,16.780900000000003,57041,7343,57.041,7.343,80,624.0,3712.0,3,2,False,True,mobile,,,,"POLYGON ((96.2017822265625 16.77824631922401, 96.2017822265625 16.78350556192777, 96.1962890625 16.78350556192777, 96.1962890625 16.77824631922401, 96.2017822265625 16.77824631922401))",Ookla Open Data,https://ookla-open-data.s3.amazonaws.com/parquet/performance/type=mobile/year=2026/quarter=2/2026-04-01_performance_mobile_tiles.parquet
2026-04-01,2026-07-01,1322012223301201,96.20450000000001,16.780900000000003,20599,8499,20.599,8.499,202,1142.0,541.0,1,1,True,True,mobile,,,,"POLYGON ((96.207275390625 16.77824631922401, 96.207275390625 16.78350556192777, 96.2017822265625 16.78350556192777, 96.2017822265625 16.77824631922401, 96.207275390625 16.77824631922401))",Ookla Open Data,https://ookla-open-data.s3.amazonaws.com/parquet/performance/type=mobile/year=2026/quarter=2/2026-04-01_performance_mobile_tiles.parquet
2026-04-01,2026-07-01,1322012223301303,96.2265,16.7756,79106,18472,79.106,18.472,20,743.0,417.0,1,1,True,True,mobile,,,,"POLYGON ((96.229248046875 16.772986930964866, 96.229248046875 16.77824631922401, 96.2237548828125 16.77824631922401, 96.2237548828125 16.772986930964866, 96.229248046875 16.772986930964866))",Ookla Open Data,https://ookla-open-data.s3.amazonaws.com/parquet/performance/type=mobile/year=2026/quarter=2/2026-04-01_performance_mobile_tiles.parquet
2026-04-01,2026-07-01,1322012223302000,96.1551,16.759800000000002,15348,26282,15.348,26.282,233,9378.0,457.0,2,1,False,True,mobile,,,,"POLYGON ((96.1578369140625 16.75720789325807, 96.1578369140625 16.762467717941604, 96.15234375 16.762467717941604, 96.15234375 16.75720789325807, 96.1578369140625 16.75720789325807))",Ookla Open Data,https://ookla-open-data.s3.amazonaws.com/parquet/performance/type=mobile/year=2026/quarter=2/2026-04-01_performance_mobile_tiles.parquet
2026-04-01,2026-07-01,1322012223303133,96.2375,16.744099999999996,9884,692,9.884,0.692,231,2285.0,640.0,7,1,False,True,mobile,,,,"POLYGON ((96.240234375 16.7414275470036, 96.240234375 16.746687807748753, 96.2347412109375 16.746687807748753, 96.2347412109375 16.7414275470036, 96.240234375 16.7414275470036))",Ookla Open Data,https://ookla-open-data.s3.amazonaws.com/parquet/performance/type=mobile/year=2026/quarter=2/2026-04-01_performance_mobile_tiles.parquet
2026-04-01,2026-07-01,1322012223310223,96.2485,16.765099999999997,18575,8939,18.575,8.939,53,2287.0,4804.0,1,1,True,True,mobile,,,,"POLYGON ((96.251220703125 16.762467717941604, 96.251220703125 16.76772739719063, 96.2457275390625 16.76772739719063, 96.2457275390625 16.762467717941604, 96.251220703125 16.762467717941604))",Ookla Open Data,https://ookla-open-data.s3.amazonaws.com/parquet/performance/type=mobile/year=2026/quarter=2/2026-04-01_performance_mobile_tiles.parquet
2026-04-01,2026-07-01,1322012223310230,96.25399999999999,16.770400000000002,16637,4640,16.637,4.64,153,729.0,1702.0,8,3,False,True,mobile,,,,"POLYGON ((96.2567138671875 16.76772739719063, 96.2567138671875 16.772986930964866, 96.251220703125 16.772986930964866, 96.251220703125 16.76772739719063, 96.2567138671875 16.76772739719063))",Ookla Open Data,https://ookla-open-data.s3.amazonaws.com/parquet/performance/type=mobile/year=2026/quarter=2/2026-04-01_performance_mobile_tiles.parquet
2026-04-01,2026-07-01,1322012223312132,96.27590000000001,16.744099999999996,34948,34035,34.948,34.035,33,7730.0,249.0,1,1,True,True,mobile,,,,"POLYGON ((96.2786865234375 16.7414275470036, 96.2786865234375 16.746687807748753, 96.273193359375 16.746687807748753, 96.273193359375 16.7414275470036, 96.2786865234375 16.7414275470036))",Ookla Open Data,https://ookla-open-data.s3.amazonaws.com/parquet/performance/type=mobile/year=2026/quarter=2/2026-04-01_performance_mobile_tiles.parquet
2026-04-01,2026-07-01,1322012223312211,96.2595,16.738799999999998,1179,444,1.179,0.444,367,576.0,561.0,1,1,True,True,mobile,,,,"POLYGON ((96.26220703125 16.736167140985216, 96.26220703125 16.7414275470036, 96.2567138671875 16.7414275470036, 96.2567138671875 16.736167140985216, 96.26220703125 16.736167140985216))",Ookla Open Data,https://ookla-open-data.s3.amazonaws.com/parquet/performance/type=mobile/year=2026/quarter=2/2026-04-01_performance_mobile_tiles.parquet
2026-04-01,2026-07-01,1322012223312330,96.27590000000001,16.728299999999997,31412,1595,31.412,1.595,14,516.0,1494.0,2,1,False,True,mobile,,,,"POLYGON ((96.2786865234375 16.725645893290068, 96.2786865234375 16.730906589733923, 96.273193359375 16.730906589733923, 96.273193359375 16.725645893290068, 96.2786865234375 16.725645893290068))",Ookla Open Data,https://ookla-open-data.s3.amazonaws.com/parquet/performance/type=mobile/year=2026/quarter=2/2026-04-01_performance_mobile_tiles.parquet
2026-04-01,2026-07-01,1322012223312333,96.28139999999999,16.723,28254,13208,28.254,13.208,73,2333.0,1100.0,1,1,True,True,mobile,,,,"POLYGON ((96.2841796875 16.72038505169399, 96.2841796875 16.725645893290068, 96.2786865234375 16.725645893290068, 96.2786865234375 16.72038505169399, 96.2841796875 16.72038505169399))",Ookla Open Data,https://ookla-open-data.s3.amazonaws.com/parquet/performance/type=mobile/year=2026/quarter=2/2026-04-01_performance_mobile_tiles.parquet
2026-04-01,2026-07-01,1322012223322123,96.18260000000001,16.6599,29472,11772,29.472,11.772,159,709.0,2898.0,1,1,True,True,mobile,,,,"POLYGON ((96.185302734375 16.65724364536077, 96.185302734375 16.662506225634576, 96.1798095703125 16.662506225634576, 96.1798095703125 16.65724364536077, 96.185302734375 16.65724364536077))",Ookla Open Data,https://ookla-open-data.s3.amazonaws.com/parquet/performance/type=mobile/year=2026/quarter=2/2026-04-01_performance_mobile_tiles.parquet
2026-04-01,2026-07-01,1322012223330120,96.265,16.7072,8302,8698,8.302,8.698,70,5771.0,1271.0,2,1,False,True,mobile,,,,"POLYGON ((96.2677001953125 16.70460165639595, 96.2677001953125 16.709862933206573, 96.26220703125 16.709862933206573, 96.26220703125 16.70460165639595, 96.2677001953125 16.70460165639595))",Ookla Open Data,https://ookla-open-data.s3.amazonaws.com/parquet/performance/type=mobile/year=2026/quarter=2/2026-04-01_performance_mobile_tiles.parquet
2026-04-01,2026-07-01,1322012223330332,96.27590000000001,16.6809,34822,30006,34.822,30.006,83,999.0,616.0,3,1,False,True,mobile,,,,"POLYGON ((96.2786865234375 16.678293098288517, 96.2786865234375 16.6835550996493, 96.273193359375 16.6835550996493, 96.273193359375 16.678293098288517, 96.2786865234375 16.678293098288517))",Ookla Open Data,https://ookla-open-data.s3.amazonaws.com/parquet/performance/type=mobile/year=2026/quarter=2/2026-04-01_performance_mobile_tiles.parquet
2026-04-01,2026-07-01,1322012223331320,96.3089,16.686200000000003,9446,10204,9.446,10.204,170,2137.0,4396.0,2,1,False,True,mobile,,,,"POLYGON ((96.3116455078125 16.6835550996493, 96.3116455078125 16.68881695618083, 96.30615234375 16.68881695618083, 96.30615234375 16.6835550996493, 96.3116455078125 16.6835550996493))",Ookla Open Data,https://ookla-open-data.s3.amazonaws.com/parquet/performance/type=mobile/year=2026/quarter=2/2026-04-01_performance_mobile_tiles.parquet
2026-04-01,2026-07-01,1322012223331323,96.31439999999999,16.6809,3131,11092,3.131,11.092,110,1709.0,3138.0,1,1,True,True,mobile,,,,"POLYGON ((96.317138671875 16.678293098288517, 96.317138671875 16.6835550996493, 96.3116455078125 16.6835550996493, 96.3116455078125 16.678293098288517, 96.317138671875 16.678293098288517))",Ookla Open Data,https://ookla-open-data.s3.amazonaws.com/parquet/performance/type=mobile/year=2026/quarter=2/2026-04-01_performance_mobile_tiles.parquet
2026-04-01,2026-07-01,1322012223332012,96.25399999999999,16.6704,2733,19036,2.733,19.036,228,1291.0,1203.0,1,1,True,True,mobile,,,,"POLYGON ((96.2567138671875 16.667768661240746, 96.2567138671875 16.673030952138863, 96.251220703125 16.673030952138863, 96.251220703125 16.667768661240746, 96.2567138671875 16.667768661240746))",Ookla Open Data,https://ookla-open-data.s3.amazonaws.com/parquet/performance/type=mobile/year=2026/quarter=2/2026-04-01_performance_mobile_tiles.parquet
